[37m[36mINFO[0m[0m 09/02 10:32:44 | Command :: train_all.py pacs_adapter_identity_only_aug0 --dataset PACS --algorithm CIPTDCCL --data_dir /home/hooasia/lgg/data/repro_dccl_data --deterministic --trial_seed 0 --seed 0 --checkpoint_freq 100 --cipt_clip_path /home/hooasia/.cache/clip/ViT-B-16.pt --cipt_beta 4 --cipt_gamma 5 --cipt_k 4 --cipt_prompt_length 16 --cipt_prompt_init a photo of a --cipt_template_mode b5c --cipt_pure false --cipt_causal_contrastive_weight 1 --cipt_contrastive_warmup_steps 500 --cipt_aug_decomp_weight 0.0 --lr 0.001 --weight_decay 0.0 --output_root train_output/PACS_adapter_identity_only_aug0
Environment:
	Python: 3.10.20
	PyTorch: 2.5.1+cu121
	Torchvision: 0.20.1+cu121
	CUDA: 12.1
	CUDNN: 90100
	NumPy: 2.2.6
	PIL: 12.0.0
Args:
	TN: False
	algorithm: CIPTDCCL
	aug: 0
	checkpoint_freq: 100
	cipt_beta: 4.0
	cipt_clip_backbone: ViT-B/16
	cipt_clip_path: /home/hooasia/.cache/clip/ViT-B-16.pt
	cipt_contrastive_weight: 1.0
	cipt_debug_shapes: False
	cipt_enabled: True
	cipt_gamma: 5.0
	cipt_k: 4
	cipt_prompt_init: a photo of a
	cipt_prompt_length: 16
	cipt_tda_heads: 1
	configs: []
	data_dir: /home/hooasia/lgg/data/repro_dccl_data
	dataset: PACS
	debug: False
	deterministic: True
	domainnet_auto_source_count: 3
	erm_baseline: weak
	evalmode: fast
	holdout_fraction: 0.2
	l: 1
	l_d: None
	l_layer: None
	label_ratio: 1.0
	lamda: 5
	log: False
	mix: 0
	model: resnet50
	model_save: None
	n_layer: 1
	name: pacs_adapter_identity_only_aug0
	out_dir: train_output/PACS_adapter_identity_only_aug0/PACS/260902_10-32-43_pacs_adapter_identity_only_aug0
	out_root: train_output/PACS_adapter_identity_only_aug0/PACS
	output_root: train_output/PACS_adapter_identity_only_aug0
	pos_mask: False
	prebuild_loader: False
	re_w: False
	sample_d: False
	seed: 0
	show: False
	source_envs: None
	start_epoch: 1000
	steps: None
	sup: True
	t: 0.1
	t_pre: 0.2
	target_env: None
	tb_freq: 10
	test_envs: None
	trial_seed: 0
	two_ce: False
	unique_name: 260902_10-32-43_pacs_adapter_identity_only_aug0
	weak_erm: False
	work_dir: .
HParams:
	data_augmentation: True
	val_augment: False
	resnet18: False
	resnet_dropout: 0.0
	class_balanced: False
	optimizer: adam
	cipt_enabled: True
	cipt_clip_backbone: ViT-B/16
	cipt_clip_path: /home/hooasia/.cache/clip/ViT-B-16.pt
	cipt_beta: 4.0
	cipt_gamma: 5.0
	cipt_k: 4
	cipt_prompt_length: 16
	cipt_prompt_init: a photo of a
	[36mcipt_template_mode: b5c
	[0mcipt_tda_heads: 1
	cipt_contrastive_weight: 1.0
	cipt_debug_shapes: False
	freeze_bn: True
	pretrained: True
	[36mlr: 0.001
	[0mbatch_size: 32
	[36mweight_decay: 0.0
	[0mt: 0.1
	t_pre: 0.2
	l: 1
	l_d: 0.01
	l_layer: 1
	n_layer: 1
	sup: True
	two_ce: False
	sample_d: False
	re_w: False
	pos_mask: False
	mix: 0
	aug: 0
	model: resnet50
	label_ratio: 1.0
	TN: False
	lamda: 5
	start_epoch: 1000
	log: False
	swad: None
	swad_kwargs: 
	  n_converge: 3
	  n_tolerance: 6
	  tolerance_ratio: 0.3
	test_batchsize: 128
	indomain_test: False
	[36mcipt_pure: False
	[0m[36mcipt_causal_contrastive_weight: 1
	[0m[36mcipt_contrastive_warmup_steps: 500
	[0m[36mcipt_aug_decomp_weight: 0.0[0m
Dataset:
	[PACS] #envs=4, #classes=7
	env0: art_painting (#2048)
	env1: cartoon (#2344)
	env2: photo (#1670)
	env3: sketch (#3929)

[37m[36mINFO[0m[0m 09/02 10:32:48 | n_steps = 5001
[37m[36mINFO[0m[0m 09/02 10:32:48 | checkpoint_freq = 100
[37m[36mINFO[0m[0m 09/02 10:32:48 | n_steps is updated to 5001 => 5001 for checkpointing
[37m[36mINFO[0m[0m 09/02 10:32:48 | Target test envs = [[0], [1], [2], [3]]
[37m[36mINFO[0m[0m 09/02 10:32:48 | 
[37m[36mINFO[0m[0m 09/02 10:32:53 | Testenv name escaping te_art_painting -> te_art_painting
[37m[36mINFO[0m[0m 09/02 10:32:53 | Test envs = [0], name = te_art_painting
[37m[36mINFO[0m[0m 09/02 10:32:53 | Batch sizes for each domain: [0, 32, 32, 32] (total=96)
[37m[36mINFO[0m[0m 09/02 10:32:53 | steps-per-epoch for each domain: 58.62, 41.75, 98.25 -> min = 41.75
[37m[36mINFO[0m[0m 09/02 10:33:15 | # of params = 151206401
[37m[36mINFO[0m[0m 09/02 10:33:44 | test_in     test_out    train_in    train_out   tr_outloss  env0_in     env0_out    env1_out    env2_out    env3_out    step        epoch       total_loss  cipt_base_  cipt_cls_l  cipt_de_lo  cipt_de_or  cipt_de_au  aug_decomp  cipt_ind_l  causal_con  dccl_contr  contrastiv  pre_cl_los  reg_loss    mean_e_nor  mean_e_aug  mean_e_aug  mean_s_nor  mean_s_aug  mean_es_co  mean_e_aug  step_time   eval_time  
[37m[36mINFO[0m[0m 09/02 10:33:44 | 0.866992    0.889976    0.000000    0.911373    1.215685    0.866992    0.889976    0.940171    0.985030    0.808917    0           0.000000    8.692480    8.683045    0.705466    1.369395    1.369395    1.372189    0.000000    0.500000    0.000000    4.717150    0.002000    0.000000    0.000000    11.034122   11.101942   0.943299    11.034122   11.101942   1.000000    1.000000    1.302087    27.345140  
[37m[36mINFO[0m[0m 09/02 10:35:19 | 0.973764    0.982885    0.000000    0.984001    0.052489    0.973764    0.982885    0.997863    1.000000    0.954140    100         2.395210    1.142441    0.754213    0.083923    0.106777    0.106777    0.123843    0.000000    0.048636    0.000000    3.860221    0.103000    0.000000    0.000000    13.550488   13.322489   0.952568    17.740550   17.198499   0.100555    0.160934    0.688253    25.664122  
[37m[36mINFO[0m[0m 09/02 10:37:17 | 0.975595    0.977995    0.000000    0.977344    0.069528    0.975595    0.977995    0.995726    1.000000    0.936306    200         4.790419    1.333474    0.234415    0.044486    0.045420    0.045420    0.062340    0.000000    0.001650    0.000000    3.633638    0.303000    0.000000    0.000000    14.161737   13.928149   0.957131    20.249698   19.449241   0.003707    0.065003    0.948352    23.985396  
[37m[36mINFO[0m[0m 09/02 10:39:15 | 0.979866    0.980440    0.000000    0.984850    0.047219    0.979866    0.980440    0.997863    1.000000    0.956688    300         7.185629    2.001981    0.210024    0.041253    0.041127    0.041127    0.056451    0.000000    0.000853    0.000000    3.564618    0.503000    0.000000    0.000000    14.764800   14.551449   0.962252    21.031076   20.171430   0.000536    0.049152    0.936273    24.311970  
[37m[36mINFO[0m[0m 09/02 10:41:15 | 0.976815    0.980440    0.000000    0.982303    0.054878    0.976815    0.980440    0.997863    1.000000    0.949045    400         9.580838    2.649502    0.175425    0.034594    0.034566    0.034566    0.053485    0.000000    0.000513    0.000000    3.519694    0.703000    0.000000    0.000000    15.661301   15.448692   0.966895    21.621622   20.687416   -0.000199   0.040893    0.934848    26.227167  
[37m[36mINFO[0m[0m 09/02 10:43:24 | 0.977425    0.982885    0.000000    0.983576    0.059494    0.977425    0.982885    0.997863    1.000000    0.952866    500         11.976048   3.324800    0.159075    0.031561    0.031431    0.031431    0.052097    0.000000    0.000358    0.000000    3.505944    0.902980    0.000000    0.000000    16.280046   16.114708   0.969998    22.003002   21.048931   -0.000223   0.035260    0.917264    37.407957  
[37m[36mINFO[0m[0m 09/02 10:45:08 | 0.977425    0.980440    0.000000    0.984850    0.048744    0.977425    0.980440    0.997863    1.000000    0.956688    600         14.371257   3.627644    0.143923    0.028871    0.028431    0.028431    0.048512    0.000000    0.000265    0.000000    3.483722    1.000000    0.000000    0.000000    17.055727   16.898001   0.972908    22.428444   21.425887   -0.000565   0.030921    0.771424    25.458866  
[37m[36mINFO[0m[0m 09/02 10:47:05 | 0.976205    0.980440    0.000000    0.984001    0.044159    0.976205    0.980440    0.997863    1.000000    0.954140    700         16.766467   3.639619    0.159481    0.031837    0.031641    0.031641    0.049733    0.000000    0.000216    0.000000    3.480138    1.000000    0.000000    0.000000    17.667150   17.493122   0.974893    22.888553   21.844790   -0.000818   0.028026    0.918025    25.069423  
[37m[36mINFO[0m[0m 09/02 10:49:01 | 0.978646    0.980440    0.000000    0.982727    0.049398    0.978646    0.980440    0.997863    1.000000    0.950318    800         19.161677   3.634854    0.153933    0.031393    0.030419    0.030419    0.050497    0.000000    0.000172    0.000000    3.480922    1.000000    0.000000    0.000000    18.143390   17.999840   0.975003    23.308017   22.223803   0.000008    0.026717    0.910060    25.645117  
[37m[36mINFO[0m[0m 09/02 10:50:58 | 0.981086    0.982885    0.000000    0.985700    0.050030    0.981086    0.982885    0.997863    1.000000    0.959236    900         21.556886   3.614855    0.146903    0.030380    0.028958    0.028958    0.045987    0.000000    0.000139    0.000000    3.467952    1.000000    0.000000    0.000000    18.979700   18.856037   0.977181    23.645520   22.545267   -0.000551   0.023777    0.913111    25.668244  
[37m[36mINFO[0m[0m 09/02 10:52:55 | 0.978646    0.975550    0.000000    0.985987    0.040400    0.978646    0.975550    1.000000    1.000000    0.957962    1000        23.952096   3.596015    0.129985    0.026078    0.025836    0.025836    0.045979    0.000000    0.000112    0.000000    3.466030    1.000000    0.000000    0.000000    19.247184   19.121059   0.977407    24.005472   22.853356   -0.000353   0.022657    0.920313    24.822242  
[37m[36mINFO[0m[0m 09/02 10:54:54 | 0.978646    0.980440    0.000000    0.981453    0.057030    0.978646    0.980440    0.997863    1.000000    0.946497    1100        26.347305   3.581188    0.114956    0.023215    0.022816    0.022816    0.040917    0.000000    0.000096    0.000000    3.466232    1.000000    0.000000    0.000000    19.501908   19.367664   0.977610    24.728911   23.541743   -0.000435   0.020473    0.916846    26.543731  
[37m[36mINFO[0m[0m 09/02 10:56:51 | 0.971324    0.977995    0.000000    0.985700    0.041366    0.971324    0.977995    0.997863    1.000000    0.959236    1200        28.742515   3.589674    0.126370    0.025865    0.025025    0.025025    0.044866    0.000000    0.000081    0.000000    3.463304    1.000000    0.000000    0.000000    19.947041   19.800390   0.978513    24.968781   23.741658   -0.000288   0.019604    0.911441    26.681731  
[37m[36mINFO[0m[0m 09/02 10:58:49 | 0.978035    0.980440    0.000000    0.986412    0.051722    0.978035    0.980440    1.000000    1.000000    0.959236    1300        31.137725   3.579093    0.121093    0.024940    0.023952    0.023952    0.046436    0.000000    0.000069    0.000000    3.457999    1.000000    0.000000    0.000000    20.314351   20.195089   0.978738    25.256383   23.992364   -0.000102   0.018619    0.913179    26.307649  
[37m[36mINFO[0m[0m 09/02 11:00:47 | 0.976815    0.977995    0.000000    0.986412    0.045721    0.976815    0.977995    1.000000    1.000000    0.959236    1400        33.532934   3.559702    0.105192    0.022208    0.020670    0.020670    0.043193    0.000000    0.000060    0.000000    3.454510    1.000000    0.000000    0.000000    20.953869   20.849385   0.979742    25.649995   24.358504   -0.000334   0.017092    0.914896    26.090823  
[37m[36mINFO[0m[0m 09/02 11:02:43 | 0.976815    0.977995    0.000000    0.985700    0.052980    0.976815    0.977995    0.997863    1.000000    0.959236    1500        35.928144   3.533091    0.087847    0.018411    0.017289    0.017289    0.038117    0.000000    0.000056    0.000000    3.445244    1.000000    0.000000    0.000000    21.112314   21.000979   0.979986    25.915672   24.608294   -0.000265   0.016333    0.916358    24.519395  
[37m[36mINFO[0m[0m 09/02 11:04:40 | 0.976205    0.977995    0.000000    0.983864    0.048956    0.976205    0.977995    1.000000    1.000000    0.951592    1600        38.323353   3.542736    0.091626    0.018486    0.018221    0.018221    0.036373    0.000000    0.000052    0.000000    3.451110    1.000000    0.000000    0.000000    21.512596   21.397041   0.980075    26.165578   24.841416   -0.000291   0.015863    0.916796    25.748208  
[37m[36mINFO[0m[0m 09/02 11:06:40 | 0.974985    0.973105    0.000000    0.982727    0.057627    0.974985    0.973105    0.997863    1.000000    0.950318    1700        40.718563   3.572206    0.119147    0.024577    0.023585    0.023585    0.047000    0.000000    0.000046    0.000000    3.453059    1.000000    0.000000    0.000000    21.815832   21.653643   0.980381    26.498378   25.123070   -0.000064   0.015542    0.929731    26.313704  
[37m[36mINFO[0m[0m 09/02 11:08:37 | 0.977425    0.977995    0.000000    0.979318    0.078218    0.977425    0.977995    0.995726    0.997006    0.945223    1800        43.113772   3.546661    0.095066    0.020059    0.018704    0.018704    0.045009    0.000000    0.000038    0.000000    3.451595    1.000000    0.000000    0.000000    22.081736   21.951184   0.980439    27.113850   25.679463   -0.000141   0.014613    0.919716    25.726982  
[37m[36mINFO[0m[0m 09/02 11:10:35 | 0.976205    0.975550    0.000000    0.985563    0.055716    0.976205    0.975550    1.000000    1.000000    0.956688    1900        45.508982   3.529627    0.088387    0.018132    0.017519    0.017519    0.044365    0.000000    0.000035    0.000000    3.441240    1.000000    0.000000    0.000000    22.527022   22.361496   0.981192    27.556791   26.074714   -0.000287   0.013091    0.920001    26.040972  
[37m[36mINFO[0m[0m 09/02 11:12:33 | 0.978646    0.977995    0.000000    0.988535    0.050980    0.978646    0.977995    1.000000    1.000000    0.965605    2000        47.904192   3.529195    0.089169    0.018925    0.017521    0.017521    0.038928    0.000000    0.000032    0.000000    3.440027    1.000000    0.000000    0.000000    22.965197   22.835339   0.981365    28.024743   26.513559   -0.000343   0.012292    0.926677    25.050152  
[37m[36mINFO[0m[0m 09/02 11:14:32 | 0.977425    0.973105    0.000000    0.983152    0.062788    0.977425    0.973105    0.997863    1.000000    0.951592    2100        50.299401   3.516081    0.076918    0.016062    0.015178    0.015178    0.041747    0.000000    0.000028    0.000000    3.439163    1.000000    0.000000    0.000000    23.327328   23.174942   0.981501    28.590323   27.008212   0.000066    0.011676    0.921477    26.531618  
[37m[36mINFO[0m[0m 09/02 11:16:29 | 0.974985    0.973105    0.000000    0.985837    0.055774    0.974985    0.973105    0.995726    1.000000    0.961783    2200        52.694611   3.501283    0.066648    0.012682    0.013460    0.013460    0.040088    0.000000    0.000025    0.000000    3.434635    1.000000    0.000000    0.000000    23.538776   23.362000   0.981369    29.520604   27.871822   -0.000384   0.010407    0.914293    25.574612  
[37m[36mINFO[0m[0m 09/02 11:18:27 | 0.972544    0.973105    0.000000    0.984850    0.052686    0.972544    0.973105    0.997863    1.000000    0.956688    2300        55.089820   3.513932    0.070749    0.014384    0.014063    0.014063    0.041440    0.000000    0.000023    0.000000    3.443182    1.000000    0.000000    0.000000    23.563142   23.409038   0.981179    30.558432   28.808207   -0.000186   0.009913    0.916460    26.045090  
[37m[36mINFO[0m[0m 09/02 11:20:23 | 0.976205    0.973105    0.000000    0.988110    0.051120    0.976205    0.973105    1.000000    1.000000    0.964331    2400        57.485030   3.510134    0.075425    0.016841    0.014620    0.014620    0.039634    0.000000    0.000021    0.000000    3.434709    1.000000    0.000000    0.000000    24.183716   24.021258   0.981897    30.990080   29.208992   -0.000161   0.009276    0.908527    25.808366  
[37m[36mINFO[0m[0m 09/02 11:22:20 | 0.975595    0.970660    0.000000    0.986124    0.049953    0.975595    0.970660    0.997863    1.000000    0.960510    2500        59.880240   3.505922    0.068794    0.014235    0.013615    0.013615    0.047854    0.000000    0.000019    0.000000    3.437129    1.000000    0.000000    0.000000    24.574352   24.370313   0.981756    31.273234   29.428071   -0.000113   0.009481    0.921875    24.339320  
[37m[36mINFO[0m[0m 09/02 11:24:17 | 0.971324    0.965770    0.000000    0.986412    0.046664    0.971324    0.965770    1.000000    1.000000    0.959236    2600        62.275449   3.486167    0.058319    0.011483    0.011686    0.011686    0.040407    0.000000    0.000019    0.000000    3.427848    1.000000    0.000000    0.000000    24.699645   24.544718   0.981778    31.974278   30.090298   -0.000236   0.008502    0.914462    25.908060  
[37m[36mINFO[0m[0m 09/02 11:26:15 | 0.973764    0.968215    0.000000    0.982440    0.068095    0.973764    0.968215    0.995726    1.000000    0.951592    2700        64.670659   3.517066    0.075979    0.015665    0.015059    0.015059    0.047773    0.000000    0.000016    0.000000    3.441087    1.000000    0.000000    0.000000    24.961775   24.774485   0.982101    33.197671   31.221782   0.000029    0.008166    0.920302    25.828434  
[37m[36mINFO[0m[0m 09/02 11:28:12 | 0.973154    0.973105    0.000000    0.984138    0.051205    0.973154    0.973105    0.995726    1.000000    0.956688    2800        67.065868   3.517939    0.073046    0.015315    0.014410    0.014410    0.047284    0.000000    0.000018    0.000000    3.444894    1.000000    0.000000    0.000000    25.348806   25.161664   0.981801    33.669734   31.674315   -0.000114   0.007884    0.913164    25.609714  
[37m[36mINFO[0m[0m 09/02 11:30:11 | 0.971934    0.973105    0.000000    0.986124    0.045833    0.971934    0.973105    0.997863    1.000000    0.960510    2900        69.461078   3.503939    0.068665    0.014398    0.013548    0.013548    0.047511    0.000000    0.000015    0.000000    3.435274    1.000000    0.000000    0.000000    25.720499   25.499572   0.982153    34.032319   31.993416   -0.000285   0.007350    0.933610    25.136078  
[37m[36mINFO[0m[0m 09/02 11:32:08 | 0.969494    0.973105    0.000000    0.985275    0.056065    0.969494    0.973105    0.997863    1.000000    0.957962    3000        71.856287   3.511190    0.073228    0.015574    0.014397    0.014397    0.047391    0.000000    0.000013    0.000000    3.437962    1.000000    0.000000    0.000000    26.079430   25.859298   0.982048    34.239271   32.159223   0.000006    0.007157    0.923474    25.095882  
[37m[36mINFO[0m[0m 09/02 11:34:06 | 0.971934    0.973105    0.000000    0.986549    0.048261    0.971934    0.973105    0.997863    1.000000    0.961783    3100        74.251497   3.515976    0.074386    0.015490    0.014708    0.014708    0.049414    0.000000    0.000012    0.000000    3.441590    1.000000    0.000000    0.000000    26.466002   26.255731   0.982468    34.725308   32.602819   -0.000161   0.006975    0.916571    26.108345  
[37m[36mINFO[0m[0m 09/02 11:36:05 | 0.971934    0.975550    0.000000    0.985987    0.072484    0.971934    0.975550    1.000000    1.000000    0.957962    3200        76.646707   3.494745    0.061091    0.013029    0.012001    0.012001    0.040163    0.000000    0.000011    0.000000    3.433654    1.000000    0.000000    0.000000    26.727833   26.489688   0.982398    35.091622   32.908723   -0.000048   0.006815    0.929494    26.465547  
[37m[36mINFO[0m[0m 09/02 11:38:02 | 0.970714    0.975550    0.000000    0.983576    0.057030    0.970714    0.975550    0.997863    1.000000    0.952866    3300        79.041916   3.517162    0.078147    0.015957    0.015533    0.015533    0.048972    0.000000    0.000012    0.000000    3.439015    1.000000    0.000000    0.000000    26.984437   26.796194   0.982433    36.229702   33.973547   -0.000083   0.006107    0.905082    25.742998  
[37m[36mINFO[0m[0m 09/02 11:39:58 | 0.971324    0.970660    0.000000    0.984275    0.066168    0.971324    0.970660    0.993590    1.000000    0.959236    3400        81.437126   3.494867    0.059976    0.012614    0.011828    0.011828    0.045449    0.000000    0.000010    0.000000    3.434891    1.000000    0.000000    0.000000    27.442438   27.201678   0.982535    37.347800   34.958158   -0.000056   0.005773    0.911975    25.522987  
[37m[36mINFO[0m[0m 09/02 11:41:56 | 0.974375    0.970660    0.000000    0.982715    0.055037    0.974375    0.970660    0.995726    0.997006    0.955414    3500        83.832335   3.488449    0.053412    0.010623    0.010685    0.010685    0.047191    0.000000    0.000010    0.000000    3.435036    1.000000    0.000000    0.000000    27.636298   27.402067   0.982712    37.827570   35.451742   -0.000334   0.005418    0.934007    24.291093  
[37m[36mINFO[0m[0m 09/02 11:43:53 | 0.971324    0.970660    0.000000    0.982291    0.073840    0.971324    0.970660    0.995726    0.997006    0.954140    3600        86.227545   3.498531    0.061425    0.012925    0.012114    0.012114    0.045769    0.000000    0.000009    0.000000    3.437107    1.000000    0.000000    0.000000    28.163196   27.888341   0.983395    38.644229   36.198811   0.000189    0.005765    0.920887    25.108079  
[37m[36mINFO[0m[0m 09/02 11:45:52 | 0.972544    0.973105    0.000000    0.984138    0.077046    0.972544    0.973105    0.995726    1.000000    0.956688    3700        88.622754   3.489541    0.053108    0.010909    0.010539    0.010539    0.043157    0.000000    0.000009    0.000000    3.436434    1.000000    0.000000    0.000000    28.318223   27.996312   0.982704    39.303658   36.783669   -0.000127   0.005107    0.937488    25.094399  
[37m[36mINFO[0m[0m 09/02 11:47:50 | 0.974985    0.973105    0.000000    0.985551    0.060845    0.974985    0.973105    0.997863    0.997006    0.961783    3800        91.017964   3.523191    0.084474    0.018446    0.016496    0.016496    0.046500    0.000000    0.000008    0.000000    3.438716    1.000000    0.000000    0.000000    28.691828   28.426644   0.983220    39.708992   37.138624   -0.000174   0.005039    0.918256    25.589971  
[37m[36mINFO[0m[0m 09/02 11:49:47 | 0.971934    0.973105    0.000000    0.983289    0.063717    0.971934    0.973105    0.995726    1.000000    0.954140    3900        93.413174   3.478342    0.041181    0.007960    0.008295    0.008295    0.054526    0.000000    0.000008    0.000000    3.437161    1.000000    0.000000    0.000000    28.664603   28.394968   0.982556    40.079804   37.476404   -0.000042   0.005029    0.923161    25.478806  
[37m[36mINFO[0m[0m 09/02 11:51:46 | 0.968273    0.970660    0.000000    0.981166    0.074073    0.968273    0.970660    0.995726    1.000000    0.947771    4000        95.808383   3.505947    0.077292    0.017416    0.014959    0.014959    0.044741    0.000000    0.000008    0.000000    3.428655    1.000000    0.000000    0.000000    29.262309   28.973975   0.983427    41.480898   38.739909   -0.000032   0.004683    0.929911    25.472797  
[37m[36mINFO[0m[0m 09/02 11:53:47 | 0.971324    0.970660    0.000000    0.984702    0.057556    0.971324    0.970660    0.997863    0.997006    0.959236    4100        98.203593   3.497121    0.063742    0.014028    0.012420    0.012420    0.048763    0.000000    0.000007    0.000000    3.433379    1.000000    0.000000    0.000000    29.623193   29.321209   0.982862    42.155697   39.345594   -0.000122   0.004386    0.955667    25.808370  
[37m[36mINFO[0m[0m 09/02 11:55:43 | 0.971324    0.973105    0.000000    0.982440    0.075327    0.971324    0.973105    0.995726    1.000000    0.951592    4200        100.598802  3.487077    0.053964    0.011190    0.010686    0.010686    0.040142    0.000000    0.000006    0.000000    3.433113    1.000000    0.000000    0.000000    29.647762   29.332344   0.983448    42.292716   39.477648   0.000037    0.004588    0.914090    24.737872  
[37m[36mINFO[0m[0m 09/02 11:57:41 | 0.971934    0.970660    0.000000    0.985700    0.071809    0.971934    0.970660    0.997863    1.000000    0.959236    4300        102.994012  3.491035    0.059574    0.013113    0.011608    0.011608    0.042820    0.000000    0.000006    0.000000    3.431461    1.000000    0.000000    0.000000    29.954132   29.665851   0.983099    42.637983   39.738026   -0.000009   0.004635    0.919032    25.686558  
[37m[36mINFO[0m[0m 09/02 11:59:40 | 0.971324    0.970660    0.000000    0.984426    0.062421    0.971324    0.970660    0.997863    1.000000    0.955414    4400        105.389222  3.483278    0.059011    0.012143    0.011709    0.011709    0.043428    0.000000    0.000006    0.000000    3.424267    1.000000    0.000000    0.000000    30.502978   30.232678   0.983504    43.056965   40.156977   -0.000090   0.004178    0.926244    25.909021  
[37m[36mINFO[0m[0m 09/02 12:01:39 | 0.968883    0.973105    0.000000    0.980741    0.070805    0.968883    0.973105    0.995726    1.000000    0.946497    4500        107.784431  3.493904    0.059891    0.013334    0.011632    0.011632    0.054004    0.000000    0.000006    0.000000    3.434013    1.000000    0.000000    0.000000    30.894675   30.563412   0.983272    43.849484   40.855548   -0.000076   0.004166    0.923080    26.837253  
[37m[36mINFO[0m[0m 09/02 12:03:38 | 0.971934    0.973105    0.000000    0.986825    0.061964    0.971934    0.973105    0.997863    0.997006    0.965605    4600        110.179641  3.489982    0.060748    0.013104    0.011904    0.011904    0.046837    0.000000    0.000005    0.000000    3.429234    1.000000    0.000000    0.000000    31.319439   31.037737   0.983391    44.789943   41.745865   0.000038    0.004056    0.925493    27.090532  
[37m[36mINFO[0m[0m 09/02 12:05:35 | 0.966443    0.968215    0.000000    0.985700    0.061233    0.966443    0.968215    0.997863    1.000000    0.959236    4700        112.574850  3.478716    0.049124    0.009633    0.009866    0.009866    0.042344    0.000000    0.000005    0.000000    3.429592    1.000000    0.000000    0.000000    31.289095   30.947898   0.983253    45.594184   42.478695   -0.000170   0.003650    0.913543    24.924326  
[37m[36mINFO[0m[0m 09/02 12:07:32 | 0.968273    0.958435    0.000000    0.979043    0.077972    0.968273    0.958435    0.995726    1.000000    0.941401    4800        114.970060  3.492491    0.063038    0.013745    0.012316    0.012316    0.052444    0.000000    0.000006    0.000000    3.429453    1.000000    0.000000    0.000000    31.595907   31.263869   0.983946    46.496265   43.263544   -0.000090   0.003668    0.907120    26.140212  
[37m[36mINFO[0m[0m 09/02 12:09:30 | 0.970104    0.973105    0.000000    0.984414    0.067356    0.970104    0.973105    0.995726    0.997006    0.960510    4900        117.365269  3.497113    0.058842    0.015217    0.010899    0.010899    0.055658    0.000000    0.000006    0.000000    3.438271    1.000000    0.000000    0.000000    32.323879   31.966771   0.983726    47.421426   44.054622   0.000113    0.003759    0.922224    25.839138  
[37m[36mINFO[0m[0m 09/02 12:11:26 | 0.968883    0.970660    0.000000    0.982715    0.070604    0.968883    0.970660    0.995726    0.997006    0.955414    5000        119.760479  3.484945    0.055463    0.011172    0.011067    0.011067    0.049428    0.000000    0.000005    0.000000    3.429482    1.000000    0.000000    0.000000    32.385043   32.037934   0.983637    47.938720   44.649399   -0.000016   0.003484    0.913802    24.527899  
[37m[36mINFO[0m[0m 09/02 12:11:26 | ---
[37m[36mINFO[0m[0m 09/02 12:11:26 | oracle = 97.376%
[37m[36mINFO[0m[0m 09/02 12:11:26 | iid = 97.865%
[37m[36mINFO[0m[0m 09/02 12:11:26 | last = 96.888%
[37m[36mINFO[0m[0m 09/02 12:11:26 | last (inD) = 98.272%
[37m[36mINFO[0m[0m 09/02 12:11:26 | iid (inD) = 98.854%
[37m[36mINFO[0m[0m 09/02 12:11:26 | 
[37m[36mINFO[0m[0m 09/02 12:11:30 | Testenv name escaping te_cartoon -> te_cartoon
[37m[36mINFO[0m[0m 09/02 12:11:30 | Test envs = [1], name = te_cartoon
[37m[36mINFO[0m[0m 09/02 12:11:30 | Batch sizes for each domain: [32, 0, 32, 32] (total=96)
[37m[36mINFO[0m[0m 09/02 12:11:30 | steps-per-epoch for each domain: 51.22, 41.75, 98.25 -> min = 41.75
[37m[36mINFO[0m[0m 09/02 12:11:53 | # of params = 151206401
[37m[36mINFO[0m[0m 09/02 12:12:20 | test_in     test_out    train_in    train_out   tr_outloss  env0_out    env1_in     env1_out    env2_out    env3_out    step        epoch       total_loss  cipt_base_  cipt_cls_l  cipt_de_lo  cipt_de_or  cipt_de_au  aug_decomp  cipt_ind_l  causal_con  dccl_contr  contrastiv  pre_cl_los  reg_loss    mean_e_nor  mean_e_aug  mean_e_aug  mean_s_nor  mean_s_aug  mean_es_co  mean_e_aug  step_time   eval_time  
[37m[36mINFO[0m[0m 09/02 12:12:20 | 0.481876    0.459402    0.000000    0.518741    1.622088    0.471883    0.481876    0.459402    0.565868    0.518471    0           0.000000    11.109233   11.099286   0.650719    1.987142    1.987142    1.963012    0.000000    0.500000    0.000000    4.973635    0.002000    0.000000    0.000000    10.938533   11.005308   0.930133    10.938533   11.005308   1.000000    1.000000    0.993696    26.076329  
[37m[36mINFO[0m[0m 09/02 12:14:22 | 0.988273    0.993590    0.000000    0.975543    0.069383    0.987775    0.988273    0.993590    1.000000    0.938854    100         2.395210    1.425559    1.019286    0.107710    0.141721    0.141721    0.159481    0.000000    0.068939    0.000000    4.060560    0.103000    0.000000    0.000000    12.908912   12.796693   0.939667    16.522918   15.857506   0.166298    0.248954    0.927960    29.406696  
[37m[36mINFO[0m[0m 09/02 12:16:09 | 0.984542    0.991453    0.000000    0.975152    0.066332    0.985330    0.984542    0.991453    1.000000    0.940127    200         4.790419    1.386155    0.259760    0.048534    0.049980    0.049980    0.071768    0.000000    0.002261    0.000000    3.728143    0.303000    0.000000    0.000000    13.108861   13.044035   0.945874    18.904040   17.905984   0.004325    0.087495    0.790989    28.142232  
[37m[36mINFO[0m[0m 09/02 12:18:10 | 0.988806    0.993590    0.000000    0.980248    0.051431    0.985330    0.988806    0.993590    1.000000    0.955414    300         7.185629    2.055532    0.239616    0.046106    0.046920    0.046920    0.065225    0.000000    0.001166    0.000000    3.613831    0.503000    0.000000    0.000000    13.499516   13.498175   0.952306    19.696205   18.582755   0.001511    0.065128    0.921053    28.413922  
[37m[36mINFO[0m[0m 09/02 12:20:10 | 0.988273    0.995726    0.000000    0.977700    0.064955    0.985330    0.988273    0.995726    1.000000    0.947771    400         9.580838    2.713780    0.213348    0.041554    0.042016    0.042016    0.061402    0.000000    0.000746    0.000000    3.558159    0.703000    0.000000    0.000000    14.149269   14.184524   0.959214    20.209064   19.067590   -0.000209   0.051082    0.916612    27.944618  
[37m[36mINFO[0m[0m 09/02 12:22:09 | 0.982409    0.991453    0.000000    0.983577    0.051142    0.990220    0.982409    0.991453    1.000000    0.960510    500         11.976048   3.353000    0.175170    0.034325    0.034597    0.034597    0.053871    0.000000    0.000491    0.000000    3.520163    0.902980    0.000000    0.000000    14.997146   15.023637   0.964500    20.680179   19.449536   -0.000312   0.044932    0.923747    26.832786  
[37m[36mINFO[0m[0m 09/02 12:24:09 | 0.986141    0.993590    0.000000    0.980604    0.060464    0.990220    0.986141    0.993590    1.000000    0.951592    600         14.371257   3.647122    0.147829    0.028909    0.029252    0.029252    0.046384    0.000000    0.000382    0.000000    3.499293    1.000000    0.000000    0.000000    15.563657   15.593659   0.967820    21.040500   19.778449   -0.000316   0.038820    0.924675    27.580848  
[37m[36mINFO[0m[0m 09/02 12:26:07 | 0.984009    0.989316    0.000000    0.980248    0.050178    0.985330    0.984009    0.989316    1.000000    0.955414    700         16.766467   3.673258    0.181574    0.035901    0.036051    0.036051    0.054667    0.000000    0.000294    0.000000    3.491684    1.000000    0.000000    0.000000    16.017779   16.046135   0.969280    21.374416   20.045872   -0.000283   0.034873    0.920768    26.066679  
[37m[36mINFO[0m[0m 09/02 12:28:06 | 0.987207    0.991453    0.000000    0.979823    0.055348    0.985330    0.987207    0.991453    1.000000    0.954140    800         19.161677   3.625502    0.140292    0.027605    0.027871    0.027871    0.052297    0.000000    0.000241    0.000000    3.485209    1.000000    0.000000    0.000000    16.383883   16.430068   0.971080    21.738102   20.347357   -0.000543   0.032282    0.924298    26.148704  
[37m[36mINFO[0m[0m 09/02 12:30:04 | 0.986141    0.993590    0.000000    0.981912    0.052994    0.987775    0.986141    0.993590    1.000000    0.957962    900         21.556886   3.599274    0.124794    0.024899    0.024723    0.024723    0.049195    0.000000    0.000201    0.000000    3.474480    1.000000    0.000000    0.000000    16.697095   16.741548   0.972518    22.005698   20.592006   0.000166    0.030983    0.920427    26.549881  
[37m[36mINFO[0m[0m 09/02 12:32:04 | 0.984009    0.987179    0.000000    0.981063    0.050598    0.987775    0.984009    0.987179    1.000000    0.955414    1000        23.952096   3.590930    0.124155    0.024754    0.024644    0.024644    0.045953    0.000000    0.000165    0.000000    3.466775    1.000000    0.000000    0.000000    17.009114   17.076516   0.973256    22.300262   20.861831   -0.000588   0.028291    0.924301    27.246191  
[37m[36mINFO[0m[0m 09/02 12:34:05 | 0.986141    0.989316    0.000000    0.981339    0.051497    0.987775    0.986141    0.989316    0.997006    0.959236    1100        26.347305   3.575769    0.110704    0.021960    0.022008    0.022008    0.046521    0.000000    0.000142    0.000000    3.465065    1.000000    0.000000    0.000000    17.247540   17.286645   0.973560    22.618270   21.150998   -0.000269   0.027227    0.932080    27.400311  
[37m[36mINFO[0m[0m 09/02 12:36:03 | 0.980277    0.985043    0.000000    0.980387    0.062601    0.995110    0.980277    0.985043    0.997006    0.949045    1200        28.742515   3.591877    0.128559    0.026126    0.025448    0.025448    0.048027    0.000000    0.000128    0.000000    3.463317    1.000000    0.000000    0.000000    17.668935   17.748989   0.974742    22.880590   21.369414   -0.000323   0.024668    0.911966    27.550623  
[37m[36mINFO[0m[0m 09/02 12:38:04 | 0.985075    0.993590    0.000000    0.981453    0.052246    0.990220    0.985075    0.993590    1.000000    0.954140    1300        31.137725   3.583484    0.122072    0.025889    0.023907    0.023907    0.046580    0.000000    0.000111    0.000000    3.461413    1.000000    0.000000    0.000000    18.080259   18.112790   0.975609    23.125430   21.570654   0.000119    0.023809    0.930815    27.102778  
[37m[36mINFO[0m[0m 09/02 12:40:02 | 0.987207    0.991453    0.000000    0.984426    0.046311    0.990220    0.987207    0.991453    1.000000    0.963057    1400        33.532934   3.581443    0.119628    0.025982    0.023294    0.023294    0.045745    0.000000    0.000094    0.000000    3.461815    1.000000    0.000000    0.000000    18.621902   18.652007   0.976248    23.388728   21.798431   -0.000414   0.022052    0.923994    25.611261  
[37m[36mINFO[0m[0m 09/02 12:42:01 | 0.983475    0.989316    0.000000    0.981373    0.056887    0.985330    0.983475    0.989316    0.997006    0.961783    1500        35.928144   3.540115    0.092593    0.018695    0.018369    0.018369    0.045446    0.000000    0.000084    0.000000    3.447522    1.000000    0.000000    0.000000    18.873698   18.889099   0.976841    23.546885   21.937183   -0.000344   0.021032    0.922937    26.817004  
[37m[36mINFO[0m[0m 09/02 12:44:00 | 0.984542    0.989316    0.000000    0.979467    0.063730    0.980440    0.984542    0.989316    1.000000    0.957962    1600        38.323353   3.545899    0.088116    0.017873    0.017469    0.017469    0.047146    0.000000    0.000074    0.000000    3.457783    1.000000    0.000000    0.000000    19.094520   19.116922   0.977037    23.870494   22.231881   -0.000087   0.019681    0.931293    25.800467  
[37m[36mINFO[0m[0m 09/02 12:45:59 | 0.985075    0.987179    0.000000    0.985700    0.050512    0.990220    0.985075    0.987179    1.000000    0.966879    1700        40.718563   3.539233    0.090237    0.018200    0.017924    0.017924    0.041744    0.000000    0.000068    0.000000    3.448996    1.000000    0.000000    0.000000    19.268581   19.300495   0.977312    24.112310   22.411293   -0.000302   0.018361    0.920268    26.828788  
[37m[36mINFO[0m[0m 09/02 12:47:58 | 0.982942    0.991453    0.000000    0.982796    0.047503    0.985330    0.982942    0.991453    1.000000    0.963057    1800        43.113772   3.573260    0.112720    0.023326    0.022265    0.022265    0.054154    0.000000    0.000067    0.000000    3.460541    1.000000    0.000000    0.000000    19.577030   19.612347   0.977219    24.525376   22.796661   -0.000214   0.017483    0.935835    25.546259  
[37m[36mINFO[0m[0m 09/02 12:49:59 | 0.982409    0.987179    0.000000    0.980282    0.056170    0.982885    0.982409    0.987179    1.000000    0.957962    1900        45.508982   3.548652    0.094312    0.019484    0.018635    0.018635    0.054698    0.000000    0.000058    0.000000    3.454340    1.000000    0.000000    0.000000    20.025563   20.038923   0.977940    25.005474   23.192592   -0.000269   0.016033    0.939989    27.057944  
[37m[36mINFO[0m[0m 09/02 12:51:57 | 0.981876    0.989316    0.000000    0.980741    0.055680    0.980440    0.981876    0.989316    1.000000    0.961783    2000        47.904192   3.549734    0.098052    0.019881    0.019481    0.019481    0.044808    0.000000    0.000050    0.000000    3.451682    1.000000    0.000000    0.000000    20.404952   20.462148   0.978399    25.285453   23.452946   -0.000086   0.015974    0.923533    26.113631  
[37m[36mINFO[0m[0m 09/02 12:53:58 | 0.977079    0.982906    0.000000    0.980673    0.063414    0.985330    0.977079    0.982906    1.000000    0.956688    2100        50.299401   3.554904    0.105043    0.021829    0.020744    0.020744    0.050548    0.000000    0.000048    0.000000    3.449860    1.000000    0.000000    0.000000    20.555394   20.617850   0.978721    25.622394   23.735658   -0.000282   0.014670    0.929158    27.588311  
[37m[36mINFO[0m[0m 09/02 12:55:55 | 0.981343    0.989316    0.000000    0.980248    0.063469    0.985330    0.981343    0.989316    1.000000    0.955414    2200        52.694611   3.542861    0.091600    0.018585    0.018201    0.018201    0.050243    0.000000    0.000042    0.000000    3.451261    1.000000    0.000000    0.000000    21.137057   21.177357   0.978636    26.057637   24.120551   -0.000170   0.014162    0.917285    25.600706  
[37m[36mINFO[0m[0m 09/02 12:57:54 | 0.981343    0.985043    0.000000    0.982796    0.057358    0.985330    0.981343    0.985043    1.000000    0.963057    2300        55.089820   3.523633    0.083895    0.016967    0.016685    0.016685    0.038705    0.000000    0.000038    0.000000    3.439739    1.000000    0.000000    0.000000    21.245118   21.282922   0.978993    26.406925   24.402951   -0.000166   0.013847    0.921405    26.927813  
[37m[36mINFO[0m[0m 09/02 12:59:53 | 0.985608    0.987179    0.000000    0.983611    0.057607    0.987775    0.985608    0.987179    1.000000    0.963057    2400        57.485030   3.541186    0.093125    0.018934    0.018506    0.018506    0.042454    0.000000    0.000034    0.000000    3.448061    1.000000    0.000000    0.000000    21.598181   21.677257   0.979527    26.774312   24.751690   -0.000213   0.013144    0.926098    25.721541  
[37m[36mINFO[0m[0m 09/02 13:01:51 | 0.984542    0.987179    0.000000    0.981522    0.062425    0.985330    0.984542    0.987179    1.000000    0.959236    2500        59.880240   3.512638    0.066154    0.013249    0.013186    0.013186    0.046580    0.000000    0.000032    0.000000    3.446484    1.000000    0.000000    0.000000    21.537813   21.592254   0.978893    27.078945   24.989783   -0.000283   0.012273    0.911985    26.803325  
[37m[36mINFO[0m[0m 09/02 13:03:51 | 0.981343    0.985043    0.000000    0.982727    0.060764    0.990220    0.981343    0.985043    1.000000    0.957962    2600        62.275449   3.539388    0.096712    0.020060    0.019123    0.019123    0.049335    0.000000    0.000032    0.000000    3.442676    1.000000    0.000000    0.000000    22.072650   22.143403   0.979806    27.712664   25.541254   -0.000245   0.012244    0.935644    26.843934  
[37m[36mINFO[0m[0m 09/02 13:05:49 | 0.984009    0.989316    0.000000    0.981912    0.052489    0.987775    0.984009    0.989316    1.000000    0.957962    2700        64.670659   3.549799    0.100681    0.020966    0.019887    0.019887    0.051984    0.000000    0.000033    0.000000    3.449119    1.000000    0.000000    0.000000    22.410191   22.480726   0.979640    28.245181   26.025805   -0.000334   0.011703    0.917575    25.800771  
[37m[36mINFO[0m[0m 09/02 13:07:46 | 0.978678    0.985043    0.000000    0.982762    0.058581    0.987775    0.978678    0.985043    1.000000    0.960510    2800        67.065868   3.540030    0.089889    0.018733    0.017755    0.017755    0.053406    0.000000    0.000027    0.000000    3.450141    1.000000    0.000000    0.000000    22.839338   22.958554   0.979998    28.708927   26.432398   -0.000076   0.010907    0.907841    26.843710  
[37m[36mINFO[0m[0m 09/02 13:09:46 | 0.972281    0.976496    0.000000    0.980031    0.074657    0.990220    0.972281    0.976496    0.997006    0.952866    2900        69.461078   3.535590    0.088379    0.018401    0.017463    0.017463    0.051884    0.000000    0.000025    0.000000    3.447211    1.000000    0.000000    0.000000    22.958003   23.022740   0.979405    29.084805   26.760721   -0.000210   0.010887    0.927431    26.748453  
[37m[36mINFO[0m[0m 09/02 13:11:46 | 0.981876    0.987179    0.000000    0.984850    0.056107    0.990220    0.981876    0.987179    1.000000    0.964331    3000        71.856287   3.510845    0.068787    0.015805    0.013215    0.013215    0.052176    0.000000    0.000024    0.000000    3.442058    1.000000    0.000000    0.000000    23.375054   23.398700   0.979842    29.493790   27.154580   -0.000122   0.009856    0.923316    27.752571  
[37m[36mINFO[0m[0m 09/02 13:13:46 | 0.979211    0.987179    0.000000    0.982154    0.064195    0.990220    0.979211    0.987179    0.997006    0.959236    3100        74.251497   3.499870    0.063234    0.012711    0.012605    0.012605    0.044354    0.000000    0.000021    0.000000    3.436636    1.000000    0.000000    0.000000    23.733659   23.799049   0.980805    30.061383   27.588489   -0.000186   0.009864    0.939113    25.819384  
[37m[36mINFO[0m[0m 09/02 13:15:46 | 0.973881    0.980769    0.000000    0.977976    0.074711    0.985330    0.973881    0.980769    0.997006    0.951592    3200        76.646707   3.495743    0.062459    0.012066    0.012573    0.012573    0.040628    0.000000    0.000020    0.000000    3.433284    1.000000    0.000000    0.000000    23.896206   23.937978   0.980727    30.866548   28.335128   -0.000381   0.009083    0.934904    26.647959  
[37m[36mINFO[0m[0m 09/02 13:17:44 | 0.979744    0.980769    0.000000    0.979043    0.059454    0.980440    0.979744    0.980769    1.000000    0.956688    3300        79.041916   3.489009    0.057863    0.011761    0.011502    0.011502    0.042709    0.000000    0.000019    0.000000    3.431146    1.000000    0.000000    0.000000    24.198353   24.238298   0.981271    31.496010   28.881534   -0.000017   0.008901    0.914366    26.097464  
[37m[36mINFO[0m[0m 09/02 13:19:43 | 0.973348    0.982906    0.000000    0.985241    0.067466    0.992665    0.973348    0.982906    1.000000    0.963057    3400        81.437126   3.500270    0.061138    0.012540    0.012128    0.012128    0.049689    0.000000    0.000017    0.000000    3.439133    1.000000    0.000000    0.000000    24.276148   24.399234   0.980592    31.941172   29.287282   -0.000199   0.008582    0.927741    26.589702  
[37m[36mINFO[0m[0m 09/02 13:21:41 | 0.978678    0.976496    0.000000    0.979399    0.063677    0.985330    0.978678    0.976496    1.000000    0.952866    3500        83.832335   3.536718    0.092781    0.018141    0.018636    0.018636    0.061284    0.000000    0.000019    0.000000    3.443937    1.000000    0.000000    0.000000    24.474062   24.529737   0.980844    33.239520   30.417194   -0.000335   0.007807    0.909286    26.886330  
[37m[36mINFO[0m[0m 09/02 13:23:42 | 0.975480    0.978632    0.000000    0.980248    0.062309    0.985330    0.975480    0.978632    1.000000    0.955414    3600        86.227545   3.502233    0.064634    0.014692    0.012467    0.012467    0.042263    0.000000    0.000015    0.000000    3.437599    1.000000    0.000000    0.000000    25.248462   25.328810   0.981855    34.054562   31.164908   -0.000272   0.007917    0.941485    26.801867  
[37m[36mINFO[0m[0m 09/02 13:25:42 | 0.974947    0.985043    0.000000    0.984426    0.050626    0.990220    0.974947    0.985043    1.000000    0.963057    3700        88.622754   3.500843    0.063027    0.010863    0.013016    0.013016    0.047890    0.000000    0.000020    0.000000    3.437816    1.000000    0.000000    0.000000    25.031431   25.101368   0.981040    34.656244   31.684182   -0.000200   0.007461    0.949461    25.072368  
[37m[36mINFO[0m[0m 09/02 13:27:41 | 0.977612    0.976496    0.000000    0.981132    0.075768    0.982885    0.977612    0.976496    1.000000    0.960510    3800        91.017964   3.483149    0.053626    0.010937    0.010653    0.010653    0.048570    0.000000    0.000016    0.000000    3.429523    1.000000    0.000000    0.000000    24.851343   24.978850   0.980535    36.896166   33.760373   -0.000305   0.006142    0.922130    26.859461  
[37m[36mINFO[0m[0m 09/02 13:29:39 | 0.979744    0.980769    0.000000    0.978974    0.089290    0.985330    0.979744    0.980769    1.000000    0.951592    3900        93.413174   3.512859    0.079020    0.017705    0.015313    0.015313    0.044295    0.000000    0.000013    0.000000    3.433839    1.000000    0.000000    0.000000    25.629102   25.693737   0.981437    37.234775   34.014003   -0.000116   0.006593    0.924235    25.492801  
[37m[36mINFO[0m[0m 09/02 13:31:39 | 0.980277    0.980769    0.000000    0.984035    0.068433    0.987775    0.980277    0.980769    1.000000    0.964331    4000        95.808383   3.490775    0.054129    0.011341    0.010682    0.010682    0.054552    0.000000    0.000012    0.000000    3.436645    1.000000    0.000000    0.000000    25.740068   25.795531   0.980936    37.464254   34.236043   -0.000256   0.005746    0.931043    27.155843  
[37m[36mINFO[0m[0m 09/02 13:33:38 | 0.978678    0.980769    0.000000    0.983186    0.071461    0.987775    0.978678    0.980769    1.000000    0.961783    4100        98.203593   3.490079    0.051922    0.010720    0.010286    0.010286    0.053896    0.000000    0.000011    0.000000    3.438157    1.000000    0.000000    0.000000    26.004563   26.089701   0.981356    37.728802   34.479027   -0.000153   0.005870    0.911300    27.336638  
[37m[36mINFO[0m[0m 09/02 13:35:37 | 0.973881    0.978632    0.000000    0.984816    0.066559    0.992665    0.973881    0.978632    1.000000    0.961783    4200        100.598802  3.478645    0.048440    0.009901    0.009619    0.009619    0.044109    0.000000    0.000012    0.000000    3.430205    1.000000    0.000000    0.000000    26.393551   26.438174   0.981493    37.976853   34.730457   0.000004    0.006508    0.918490    27.317939  
[37m[36mINFO[0m[0m 09/02 13:37:37 | 0.970682    0.978632    0.000000    0.982303    0.080640    0.990220    0.970682    0.978632    1.000000    0.956688    4300        102.994012  3.479966    0.042977    0.008706    0.008555    0.008555    0.051470    0.000000    0.000010    0.000000    3.436989    1.000000    0.000000    0.000000    26.388579   26.452641   0.981586    38.347388   34.991380   -0.000042   0.005895    0.927787    27.350490  
[37m[36mINFO[0m[0m 09/02 13:39:34 | 0.977079    0.980769    0.000000    0.984001    0.069078    0.990220    0.977079    0.980769    1.000000    0.961783    4400        105.389222  3.501870    0.064963    0.013179    0.012934    0.012934    0.051609    0.000000    0.000010    0.000000    3.436907    1.000000    0.000000    0.000000    26.784962   26.851589   0.981551    38.821436   35.397623   -0.000210   0.005943    0.910489    25.548527  
[37m[36mINFO[0m[0m 09/02 13:41:34 | 0.977079    0.976496    0.000000    0.982405    0.076730    0.982885    0.977079    0.976496    1.000000    0.964331    4500        107.784431  3.483678    0.052629    0.010911    0.010417    0.010417    0.051300    0.000000    0.000010    0.000000    3.431050    1.000000    0.000000    0.000000    26.833420   26.912940   0.981701    39.216290   35.767105   -0.000154   0.005615    0.937320    26.482831  
[37m[36mINFO[0m[0m 09/02 13:43:33 | 0.979744    0.980769    0.000000    0.982371    0.066087    0.985330    0.979744    0.980769    1.000000    0.961783    4600        110.179641  3.496852    0.066377    0.014686    0.012911    0.012911    0.049312    0.000000    0.000009    0.000000    3.430475    1.000000    0.000000    0.000000    27.438416   27.554392   0.982331    39.720055   36.203345   0.000116    0.006231    0.932997    25.763357  
[37m[36mINFO[0m[0m 09/02 13:45:33 | 0.976546    0.980769    0.000000    0.980673    0.066460    0.985330    0.976546    0.980769    1.000000    0.956688    4700        112.574850  3.482170    0.053661    0.011963    0.010414    0.010414    0.044349    0.000000    0.000008    0.000000    3.428509    1.000000    0.000000    0.000000    27.722170   27.799621   0.982066    40.107900   36.531981   -0.000186   0.005825    0.925922    26.933324  
[37m[36mINFO[0m[0m 09/02 13:47:31 | 0.971215    0.972222    0.000000    0.978906    0.077311    0.990220    0.971215    0.972222    1.000000    0.946497    4800        114.970060  3.508167    0.071065    0.016524    0.013623    0.013623    0.061966    0.000000    0.000010    0.000000    3.437102    1.000000    0.000000    0.000000    28.293694   28.335418   0.981998    40.500287   36.859442   0.000007    0.006075    0.923923    26.098604  
[37m[36mINFO[0m[0m 09/02 13:49:30 | 0.970149    0.972222    0.000000    0.978974    0.076681    0.985330    0.970149    0.972222    1.000000    0.951592    4900        117.365269  3.510782    0.075863    0.018094    0.014432    0.014432    0.051258    0.000000    0.000008    0.000000    3.434918    1.000000    0.000000    0.000000    28.534897   28.597136   0.981837    41.191872   37.470807   -0.000154   0.005214    0.915169    27.089261  
[37m[36mINFO[0m[0m 09/02 13:51:29 | 0.966418    0.970085    0.000000    0.977666    0.100810    0.987775    0.966418    0.970085    1.000000    0.945223    5000        119.760479  3.473983    0.038147    0.007394    0.007678    0.007678    0.051099    0.000000    0.000008    0.000000    3.435836    1.000000    0.000000    0.000000    28.460896   28.546299   0.981240    41.559492   37.856438   -0.000187   0.004396    0.919483    27.535116  
[37m[36mINFO[0m[0m 09/02 13:51:29 | ---
[37m[36mINFO[0m[0m 09/02 13:51:29 | oracle = 98.827%
[37m[36mINFO[0m[0m 09/02 13:51:29 | iid = 98.507%
[37m[36mINFO[0m[0m 09/02 13:51:29 | last = 96.642%
[37m[36mINFO[0m[0m 09/02 13:51:29 | last (inD) = 97.767%
[37m[36mINFO[0m[0m 09/02 13:51:29 | iid (inD) = 98.570%
[37m[36mINFO[0m[0m 09/02 13:51:30 | 
[37m[36mINFO[0m[0m 09/02 13:51:34 | Testenv name escaping te_photo -> te_photo
[37m[36mINFO[0m[0m 09/02 13:51:34 | Test envs = [2], name = te_photo
[37m[36mINFO[0m[0m 09/02 13:51:34 | Batch sizes for each domain: [32, 32, 0, 32] (total=96)
[37m[36mINFO[0m[0m 09/02 13:51:34 | steps-per-epoch for each domain: 51.22, 58.62, 98.25 -> min = 51.22
[37m[36mINFO[0m[0m 09/02 13:51:56 | # of params = 151206401
[37m[36mINFO[0m[0m 09/02 13:52:21 | test_in     test_out    train_in    train_out   tr_outloss  env0_out    env1_out    env2_in     env2_out    env3_out    step        epoch       total_loss  cipt_base_  cipt_cls_l  cipt_de_lo  cipt_de_or  cipt_de_au  aug_decomp  cipt_ind_l  causal_con  dccl_contr  contrastiv  pre_cl_los  reg_loss    mean_e_nor  mean_e_aug  mean_e_aug  mean_s_nor  mean_s_aug  mean_es_co  mean_e_aug  step_time   eval_time  
[37m[36mINFO[0m[0m 09/02 13:52:21 | 0.976048    0.964072    0.000000    0.762622    0.952649    0.667482    0.933761    0.976048    0.964072    0.686624    0           0.000000    12.254327   12.244772   0.322335    2.355609    2.355609    2.330596    0.000000    0.500000    0.000000    4.777521    0.002000    0.000000    0.000000    11.017296   11.048433   0.929280    11.017296   11.048433   1.000000    1.000000    1.031380    23.974869  
[37m[36mINFO[0m[0m 09/02 13:54:17 | 0.998503    1.000000    0.000000    0.977022    0.069949    0.992665    0.995726    0.998503    1.000000    0.942675    100         1.952410    1.289941    0.884875    0.096357    0.124938    0.124938    0.146253    0.000000    0.057753    0.000000    4.031791    0.103000    0.000000    0.000000    13.299515   13.129740   0.946035    16.844043   16.422609   0.124608    0.179724    0.924757    23.593862  
[37m[36mINFO[0m[0m 09/02 13:56:01 | 0.998503    1.000000    0.000000    0.979077    0.059756    0.987775    0.997863    0.998503    1.000000    0.951592    200         3.904820    1.362224    0.237677    0.044959    0.045978    0.045978    0.070630    0.000000    0.001762    0.000000    3.718677    0.303000    0.000000    0.000000    13.491863   13.333422   0.950434    19.060079   18.423196   0.004860    0.064096    0.787900    24.876115  
[37m[36mINFO[0m[0m 09/02 13:57:57 | 0.998503    1.000000    0.000000    0.978262    0.062043    0.985330    0.997863    0.998503    1.000000    0.951592    300         5.857230    2.039002    0.212016    0.041245    0.041549    0.041549    0.068423    0.000000    0.000915    0.000000    3.632916    0.503000    0.000000    0.000000    13.739078   13.612107   0.954249    19.740233   19.029504   0.001259    0.048316    0.921740    24.197228  
[37m[36mINFO[0m[0m 09/02 13:59:55 | 0.997754    1.000000    0.000000    0.978193    0.074751    0.990220    0.997863    0.997754    1.000000    0.946497    400         7.809640    2.728390    0.208952    0.041103    0.041189    0.041189    0.062186    0.000000    0.000619    0.000000    3.585355    0.703000    0.000000    0.000000    14.495385   14.410946   0.961178    20.141737   19.398502   0.000054    0.038721    0.926968    25.667412  
[37m[36mINFO[0m[0m 09/02 14:01:52 | 0.998503    1.000000    0.000000    0.979960    0.057949    0.985330    0.997863    0.998503    1.000000    0.956688    500         9.762050    3.381752    0.175736    0.034770    0.034715    0.034715    0.067528    0.000000    0.000421    0.000000    3.551008    0.902980    0.000000    0.000000    15.265648   15.156703   0.964682    20.482187   19.697926   -0.000259   0.033198    0.911125    25.260733  
[37m[36mINFO[0m[0m 09/02 14:03:47 | 0.995509    1.000000    0.000000    0.976700    0.072630    0.985330    0.995726    0.995509    1.000000    0.949045    600         11.714460   3.701497    0.164593    0.033565    0.032342    0.032342    0.064619    0.000000    0.000332    0.000000    3.536904    1.000000    0.000000    0.000000    15.884234   15.790101   0.967392    20.778307   19.990589   -0.000792   0.027301    0.909547    23.717291  
[37m[36mINFO[0m[0m 09/02 14:05:44 | 0.996257    1.000000    0.000000    0.982015    0.066708    0.990220    0.997863    0.996257    1.000000    0.957962    700         13.666870   3.698252    0.173997    0.037160    0.033901    0.033901    0.061681    0.000000    0.000247    0.000000    3.524255    1.000000    0.000000    0.000000    16.892344   16.772004   0.970662    21.019759   20.196240   0.000071    0.025872    0.924566    24.499861  
[37m[36mINFO[0m[0m 09/02 14:07:40 | 0.997754    1.000000    0.000000    0.975748    0.057419    0.982885    0.997863    0.997754    1.000000    0.946497    800         15.619280   3.671394    0.152818    0.030553    0.030298    0.030298    0.054897    0.000000    0.000214    0.000000    3.518577    1.000000    0.000000    0.000000    17.212155   17.073927   0.972494    21.218078   20.366244   -0.000751   0.023160    0.921585    24.434213  
[37m[36mINFO[0m[0m 09/02 14:09:35 | 0.996257    1.000000    0.000000    0.978789    0.072573    0.987775    0.995726    0.996257    1.000000    0.952866    900         17.571690   3.667276    0.154133    0.031098    0.030542    0.030542    0.059785    0.000000    0.000174    0.000000    3.513144    1.000000    0.000000    0.000000    17.709825   17.593071   0.973114    21.375085   20.519621   -0.000080   0.021805    0.923348    22.672334  
[37m[36mINFO[0m[0m 09/02 14:11:30 | 0.996257    1.000000    0.000000    0.981337    0.058775    0.987775    0.995726    0.996257    1.000000    0.960510    1000        19.524100   3.650723    0.146925    0.032320    0.028481    0.028481    0.059748    0.000000    0.000136    0.000000    3.503798    1.000000    0.000000    0.000000    18.338475   18.195825   0.974515    21.674737   20.803841   -0.000343   0.019329    0.912690    23.560685  
[37m[36mINFO[0m[0m 09/02 14:13:28 | 0.996257    1.000000    0.000000    0.977837    0.062555    0.985330    0.997863    0.996257    1.000000    0.950318    1100        21.476510   3.617494    0.122572    0.024888    0.024274    0.024274    0.049961    0.000000    0.000118    0.000000    3.494922    1.000000    0.000000    0.000000    18.773796   18.635053   0.975661    21.838964   20.962031   0.000142    0.017791    0.938613    24.224932  
[37m[36mINFO[0m[0m 09/02 14:15:26 | 0.996257    1.000000    0.000000    0.981269    0.060653    0.992665    0.995726    0.996257    1.000000    0.955414    1200        23.428920   3.608881    0.117139    0.023762    0.023213    0.023213    0.053459    0.000000    0.000105    0.000000    3.491741    1.000000    0.000000    0.000000    18.980347   18.806861   0.975377    22.070315   21.161736   -0.000626   0.016637    0.934236    24.160208  
[37m[36mINFO[0m[0m 09/02 14:17:21 | 0.995509    1.000000    0.000000    0.978262    0.066693    0.985330    0.997863    0.995509    1.000000    0.951592    1300        25.381330   3.609098    0.116044    0.023243    0.023083    0.023083    0.050957    0.000000    0.000094    0.000000    3.493054    1.000000    0.000000    0.000000    19.291638   19.128462   0.975994    22.275805   21.369543   -0.000044   0.015915    0.912970    23.842052  
[37m[36mINFO[0m[0m 09/02 14:19:19 | 0.995509    1.000000    0.000000    0.977159    0.078838    0.982885    0.995726    0.995509    1.000000    0.952866    1400        27.333740   3.625638    0.127218    0.025774    0.025261    0.025261    0.063112    0.000000    0.000080    0.000000    3.498419    1.000000    0.000000    0.000000    19.492919   19.320688   0.975743    22.567111   21.635515   -0.000111   0.014918    0.926431    25.020210  
[37m[36mINFO[0m[0m 09/02 14:21:15 | 0.992515    0.994012    0.000000    0.978399    0.065128    0.985330    0.995726    0.992515    0.994012    0.954140    1500        29.286150   3.639247    0.144781    0.029039    0.028839    0.028839    0.055041    0.000000    0.000077    0.000000    3.494466    1.000000    0.000000    0.000000    20.031242   19.879804   0.976938    22.829585   21.852965   -0.000693   0.013841    0.909981    25.066994  
[37m[36mINFO[0m[0m 09/02 14:23:12 | 0.995509    1.000000    0.000000    0.977618    0.067174    0.980440    0.995726    0.995509    1.000000    0.956688    1600        31.238560   3.594187    0.102666    0.020625    0.020428    0.020428    0.059888    0.000000    0.000065    0.000000    3.491521    1.000000    0.000000    0.000000    20.181671   20.027202   0.976134    23.468583   22.442474   -0.000253   0.012306    0.925021    25.078688  
[37m[36mINFO[0m[0m 09/02 14:25:09 | 0.994012    0.994012    0.000000    0.975461    0.071814    0.982885    0.995726    0.994012    0.994012    0.947771    1700        33.190970   3.594874    0.101603    0.020693    0.020157    0.020157    0.059096    0.000000    0.000056    0.000000    3.493272    1.000000    0.000000    0.000000    20.587784   20.459337   0.976827    23.794384   22.769812   -0.000285   0.012036    0.931927    23.503817  
[37m[36mINFO[0m[0m 09/02 14:27:05 | 0.993263    0.994012    0.000000    0.978824    0.069854    0.985330    0.995726    0.993263    0.994012    0.955414    1800        35.143380   3.582782    0.096739    0.021426    0.018765    0.018765    0.058648    0.000000    0.000051    0.000000    3.486042    1.000000    0.000000    0.000000    20.931940   20.816603   0.977376    23.972519   22.910564   0.000013    0.011986    0.919597    23.824110  
[37m[36mINFO[0m[0m 09/02 14:29:02 | 0.992515    0.994012    0.000000    0.978009    0.072069    0.982885    0.995726    0.992515    0.994012    0.955414    1900        37.095790   3.553316    0.072975    0.014690    0.014516    0.014516    0.053498    0.000000    0.000044    0.000000    3.480342    1.000000    0.000000    0.000000    21.074014   20.880422   0.977689    24.395314   23.313569   -0.000538   0.010403    0.929920    24.414640  
[37m[36mINFO[0m[0m 09/02 14:30:58 | 0.994760    0.994012    0.000000    0.979248    0.066714    0.985330    0.995726    0.994760    0.994012    0.956688    2000        39.048200   3.573582    0.094535    0.019302    0.018757    0.018757    0.057366    0.000000    0.000041    0.000000    3.479047    1.000000    0.000000    0.000000    21.435611   21.278757   0.977779    25.059693   23.915331   -0.000403   0.010170    0.929356    22.948697  
[37m[36mINFO[0m[0m 09/02 14:32:55 | 0.988024    0.988024    0.000000    0.977584    0.079694    0.982885    0.995726    0.988024    0.988024    0.954140    2100        41.000610   3.567368    0.088233    0.017958    0.017522    0.017522    0.057105    0.000000    0.000037    0.000000    3.479135    1.000000    0.000000    0.000000    21.769648   21.638563   0.978244    25.391636   24.224107   0.000131    0.010140    0.929536    23.813904  
[37m[36mINFO[0m[0m 09/02 14:34:50 | 0.989521    0.991018    0.000000    0.980488    0.064833    0.987775    0.995726    0.989521    0.991018    0.957962    2200        42.953020   3.577756    0.097572    0.020160    0.019309    0.019309    0.048854    0.000000    0.000035    0.000000    3.480184    1.000000    0.000000    0.000000    22.201353   22.042992   0.978901    25.679648   24.506641   0.000011    0.009547    0.903307    24.303981  
[37m[36mINFO[0m[0m 09/02 14:36:45 | 0.991766    0.994012    0.000000    0.972269    0.083090    0.977995    0.993590    0.991766    0.994012    0.945223    2300        44.905430   3.553107    0.077207    0.015688    0.015339    0.015339    0.059131    0.000000    0.000032    0.000000    3.475899    1.000000    0.000000    0.000000    22.362252   22.165306   0.978377    26.403343   25.143944   -0.000361   0.008471    0.914148    24.019305  
[37m[36mINFO[0m[0m 09/02 14:38:41 | 0.993263    0.988024    0.000000    0.976988    0.084538    0.985330    0.997863    0.993263    0.988024    0.947771    2400        46.857840   3.587707    0.103758    0.022721    0.020224    0.020224    0.062266    0.000000    0.000028    0.000000    3.483949    1.000000    0.000000    0.000000    22.739179   22.550863   0.978686    27.156011   25.881295   -0.000273   0.007721    0.913639    23.912754  
[37m[36mINFO[0m[0m 09/02 14:40:37 | 0.992515    0.988024    0.000000    0.973762    0.075627    0.982885    0.995726    0.992515    0.988024    0.942675    2500        48.810250   3.551867    0.077488    0.016508    0.015213    0.015213    0.054455    0.000000    0.000026    0.000000    3.474379    1.000000    0.000000    0.000000    22.902611   22.764749   0.978816    27.549646   26.223989   -0.000119   0.007176    0.917354    24.778625  
[37m[36mINFO[0m[0m 09/02 14:42:34 | 0.992515    0.991018    0.000000    0.978399    0.065506    0.985330    0.995726    0.992515    0.991018    0.954140    2600        50.762660   3.558626    0.089729    0.018963    0.017662    0.017662    0.054561    0.000000    0.000023    0.000000    3.468897    1.000000    0.000000    0.000000    23.347062   23.118830   0.979293    27.777102   26.407921   -0.000179   0.007239    0.923088    24.301149  
[37m[36mINFO[0m[0m 09/02 14:44:32 | 0.989521    0.991018    0.000000    0.977584    0.070193    0.982885    0.995726    0.989521    0.991018    0.954140    2700        52.715070   3.552345    0.072287    0.014621    0.014388    0.014388    0.061555    0.000000    0.000023    0.000000    3.480058    1.000000    0.000000    0.000000    23.394423   23.253124   0.978889    28.012797   26.669481   -0.000080   0.006845    0.945691    24.066193  
[37m[36mINFO[0m[0m 09/02 14:46:28 | 0.989521    0.994012    0.000000    0.978926    0.070630    0.977995    0.995726    0.989521    0.994012    0.963057    2800        54.667480   3.559613    0.080389    0.016179    0.016025    0.016025    0.051896    0.000000    0.000022    0.000000    3.479224    1.000000    0.000000    0.000000    23.667613   23.465074   0.979758    28.775755   27.374008   -0.000339   0.006415    0.920296    23.800612  
[37m[36mINFO[0m[0m 09/02 14:48:25 | 0.987275    0.988024    0.000000    0.978433    0.089851    0.982885    0.995726    0.987275    0.988024    0.956688    2900        56.619890   3.553501    0.084136    0.017782    0.016564    0.016564    0.062818    0.000000    0.000020    0.000000    3.469365    1.000000    0.000000    0.000000    23.860072   23.713289   0.979827    29.323670   27.853419   0.000033    0.006434    0.930295    23.447798  
[37m[36mINFO[0m[0m 09/02 14:50:21 | 0.988772    0.991018    0.000000    0.979317    0.080573    0.980440    0.995726    0.988772    0.991018    0.961783    3000        58.572300   3.544677    0.073545    0.015163    0.014572    0.014572    0.055389    0.000000    0.000019    0.000000    3.471132    1.000000    0.000000    0.000000    24.187563   24.013332   0.979822    29.605480   28.109163   -0.000212   0.005733    0.916859    24.409361  
[37m[36mINFO[0m[0m 09/02 14:52:20 | 0.988024    0.988024    0.000000    0.980166    0.073754    0.980440    0.995726    0.988024    0.988024    0.964331    3100        60.524710   3.523290    0.058365    0.011068    0.011802    0.011802    0.060646    0.000000    0.000018    0.000000    3.464925    1.000000    0.000000    0.000000    24.088895   23.936787   0.979376    30.392171   28.842234   -0.000254   0.005546    0.947919    24.313451  
[37m[36mINFO[0m[0m 09/02 14:54:16 | 0.982784    0.985030    0.000000    0.978043    0.101651    0.980440    0.995726    0.982784    0.985030    0.957962    3200        62.477120   3.526689    0.057768    0.011707    0.011495    0.011495    0.060702    0.000000    0.000016    0.000000    3.468921    1.000000    0.000000    0.000000    24.324671   24.161638   0.979119    31.422283   29.770181   -0.000347   0.005285    0.919674    23.545934  
[37m[36mINFO[0m[0m 09/02 14:56:13 | 0.987275    0.988024    0.000000    0.976413    0.082163    0.975550    0.995726    0.987275    0.988024    0.957962    3300        64.429530   3.523471    0.057169    0.011304    0.011447    0.011447    0.060173    0.000000    0.000015    0.000000    3.466301    1.000000    0.000000    0.000000    24.455120   24.268834   0.979289    32.356909   30.670511   -0.000276   0.004710    0.933883    23.787498  
[37m[36mINFO[0m[0m 09/02 14:58:09 | 0.993263    0.994012    0.000000    0.977584    0.074641    0.982885    0.995726    0.993263    0.994012    0.954140    3400        66.381940   3.575664    0.097626    0.023465    0.018521    0.018521    0.070949    0.000000    0.000016    0.000000    3.478038    1.000000    0.000000    0.000000    25.291546   25.109666   0.979397    33.146432   31.336962   0.000001    0.005134    0.928663    23.308403  
[37m[36mINFO[0m[0m 09/02 15:00:04 | 0.984281    0.985030    0.000000    0.974817    0.070354    0.977995    0.993590    0.984281    0.985030    0.952866    3500        68.334350   3.555043    0.078777    0.016812    0.015476    0.015476    0.060199    0.000000    0.000012    0.000000    3.476267    1.000000    0.000000    0.000000    25.702141   25.530458   0.979505    33.994144   32.180758   -0.000206   0.004081    0.921881    22.999817  
[37m[36mINFO[0m[0m 09/02 15:02:03 | 0.985778    0.985030    0.000000    0.975495    0.087459    0.980440    0.995726    0.985778    0.985030    0.950318    3600        70.286760   3.511451    0.052900    0.011049    0.010449    0.010449    0.055056    0.000000    0.000011    0.000000    3.458551    1.000000    0.000000    0.000000    25.661066   25.482639   0.980289    34.126341   32.307584   -0.000116   0.004139    0.942672    24.084299  
[37m[36mINFO[0m[0m 09/02 15:03:59 | 0.985778    0.988024    0.000000    0.973290    0.110077    0.975550    0.991453    0.985778    0.988024    0.952866    3700        72.239170   3.524888    0.063511    0.013157    0.012575    0.012575    0.054952    0.000000    0.000011    0.000000    3.461377    1.000000    0.000000    0.000000    26.100554   25.909462   0.980135    34.226162   32.397068   -0.000120   0.004193    0.928990    23.292247  
[37m[36mINFO[0m[0m 09/02 15:05:55 | 0.988024    0.988024    0.000000    0.975461    0.100976    0.982885    0.995726    0.988024    0.988024    0.947771    3800        74.191580   3.551371    0.083653    0.019482    0.016026    0.016026    0.059538    0.000000    0.000013    0.000000    3.467718    1.000000    0.000000    0.000000    26.397535   26.148495   0.980583    34.310730   32.478672   0.000153    0.004872    0.925279    23.912720  
[37m[36mINFO[0m[0m 09/02 15:07:51 | 0.982784    0.985030    0.000000    0.976632    0.096133    0.980440    0.997863    0.982784    0.985030    0.951592    3900        76.143990   3.559990    0.087222    0.023568    0.015898    0.015898    0.059159    0.000000    0.000012    0.000000    3.472767    1.000000    0.000000    0.000000    27.102232   26.909771   0.980426    34.673779   32.797307   -0.000150   0.004214    0.924660    23.509873  
[37m[36mINFO[0m[0m 09/02 15:09:48 | 0.976796    0.982036    0.000000    0.976974    0.086711    0.975550    0.993590    0.976796    0.982036    0.961783    4000        78.096400   3.540256    0.069400    0.014432    0.013727    0.013727    0.060665    0.000000    0.000012    0.000000    3.470856    1.000000    0.000000    0.000000    27.169988   26.915393   0.980245    35.137466   33.217001   -0.000229   0.003798    0.931171    23.518269  
[37m[36mINFO[0m[0m 09/02 15:11:43 | 0.979042    0.982036    0.000000    0.973338    0.111369    0.982885    0.995726    0.979042    0.982036    0.941401    4100        80.048810   3.535782    0.067546    0.013489    0.013501    0.013501    0.067565    0.000000    0.000010    0.000000    3.468237    1.000000    0.000000    0.000000    27.097991   26.881147   0.980590    35.815009   33.833070   -0.000200   0.003637    0.924916    22.384285  
[37m[36mINFO[0m[0m 09/02 15:13:41 | 0.979790    0.982036    0.000000    0.975666    0.083642    0.977995    0.993590    0.979790    0.982036    0.955414    4200        82.001220   3.526429    0.061498    0.013005    0.012112    0.012112    0.061800    0.000000    0.000009    0.000000    3.464931    1.000000    0.000000    0.000000    27.351924   27.114266   0.980762    36.867755   34.779990   -0.000076   0.003714    0.935977    24.226703  
[37m[36mINFO[0m[0m 09/02 15:15:38 | 0.980539    0.982036    0.000000    0.974646    0.101554    0.980440    0.995726    0.980539    0.982036    0.947771    4300        83.953630   3.514658    0.044815    0.008632    0.009035    0.009035    0.060717    0.000000    0.000008    0.000000    3.469844    1.000000    0.000000    0.000000    27.449976   27.222311   0.980081    37.413109   35.322693   -0.000196   0.003376    0.930225    24.266228  
[37m[36mINFO[0m[0m 09/02 15:17:35 | 0.975299    0.982036    0.000000    0.978502    0.081278    0.977995    0.995726    0.975299    0.982036    0.961783    4400        85.906040   3.501468    0.042002    0.008139    0.008456    0.008456    0.056982    0.000000    0.000008    0.000000    3.459466    1.000000    0.000000    0.000000    27.546772   27.270578   0.980316    38.568957   36.339674   -0.000140   0.003344    0.927942    24.059068  
[37m[36mINFO[0m[0m 09/02 15:19:34 | 0.978293    0.985030    0.000000    0.977584    0.078295    0.982885    0.995726    0.978293    0.985030    0.954140    4500        87.858450   3.542906    0.072565    0.014954    0.014393    0.014393    0.071310    0.000000    0.000008    0.000000    3.470341    1.000000    0.000000    0.000000    28.064126   27.838124   0.980697    39.200987   36.964030   0.000001    0.003420    0.952525    23.505461  
[37m[36mINFO[0m[0m 09/02 15:21:30 | 0.976796    0.982036    0.000000    0.970708    0.112046    0.977995    0.991453    0.976796    0.982036    0.942675    4600        89.810860   3.511067    0.047715    0.009707    0.009492    0.009492    0.065085    0.000000    0.000008    0.000000    3.463351    1.000000    0.000000    0.000000    28.283521   28.017480   0.980484    39.423316   37.197484   -0.000226   0.003052    0.923789    24.171367  
[37m[36mINFO[0m[0m 09/02 15:23:27 | 0.976796    0.982036    0.000000    0.971454    0.117402    0.975550    0.993590    0.976796    0.982036    0.945223    4700        91.763270   3.518948    0.050150    0.009546    0.010140    0.010140    0.068150    0.000000    0.000008    0.000000    3.468798    1.000000    0.000000    0.000000    28.102340   27.849703   0.979826    40.257687   37.982044   0.000023    0.003017    0.927283    23.704241  
[37m[36mINFO[0m[0m 09/02 15:25:23 | 0.982036    0.985030    0.000000    0.974427    0.098738    0.975550    0.993590    0.982036    0.985030    0.954140    4800        93.715680   3.513504    0.052225    0.010821    0.010342    0.010342    0.057176    0.000000    0.000007    0.000000    3.461278    1.000000    0.000000    0.000000    28.574403   28.294719   0.980830    41.485209   39.077853   -0.000168   0.002714    0.936834    22.911873  
[37m[36mINFO[0m[0m 09/02 15:27:21 | 0.980539    0.985030    0.000000    0.978502    0.090951    0.977995    0.995726    0.980539    0.985030    0.961783    4900        95.668090   3.528222    0.060332    0.012336    0.011991    0.011991    0.069984    0.000000    0.000006    0.000000    3.467890    1.000000    0.000000    0.000000    29.014779   28.739801   0.981030    41.898622   39.469894   -0.000100   0.002757    0.929216    24.328234  
[37m[36mINFO[0m[0m 09/02 15:29:17 | 0.973802    0.982036    0.000000    0.976769    0.092262    0.980440    0.995726    0.973802    0.982036    0.954140    5000        97.620500   3.527083    0.065299    0.013919    0.012837    0.012837    0.072035    0.000000    0.000007    0.000000    3.461784    1.000000    0.000000    0.000000    29.515597   29.198919   0.981122    42.013942   39.523375   0.000049    0.003330    0.921256    24.345390  
[37m[36mINFO[0m[0m 09/02 15:29:17 | ---
[37m[36mINFO[0m[0m 09/02 15:29:17 | oracle = 99.850%
[37m[36mINFO[0m[0m 09/02 15:29:17 | iid = 99.626%
[37m[36mINFO[0m[0m 09/02 15:29:17 | last = 97.380%
[37m[36mINFO[0m[0m 09/02 15:29:17 | last (inD) = 97.677%
[37m[36mINFO[0m[0m 09/02 15:29:17 | iid (inD) = 98.202%
[37m[36mINFO[0m[0m 09/02 15:29:18 | 
[37m[36mINFO[0m[0m 09/02 15:29:22 | Testenv name escaping te_sketch -> te_sketch
[37m[36mINFO[0m[0m 09/02 15:29:22 | Test envs = [3], name = te_sketch
[37m[36mINFO[0m[0m 09/02 15:29:22 | Batch sizes for each domain: [32, 32, 32, 0] (total=96)
[37m[36mINFO[0m[0m 09/02 15:29:22 | steps-per-epoch for each domain: 51.22, 58.62, 41.75 -> min = 41.75
[37m[36mINFO[0m[0m 09/02 15:29:45 | # of params = 151206401
[37m[36mINFO[0m[0m 09/02 15:30:20 | test_in     test_out    train_in    train_out   tr_outloss  env0_out    env1_out    env2_out    env3_in     env3_out    step        epoch       total_loss  cipt_base_  cipt_cls_l  cipt_de_lo  cipt_de_or  cipt_de_au  aug_decomp  cipt_ind_l  causal_con  dccl_contr  contrastiv  pre_cl_los  reg_loss    mean_e_nor  mean_e_aug  mean_e_aug  mean_s_nor  mean_s_aug  mean_es_co  mean_e_aug  step_time   eval_time  
[37m[36mINFO[0m[0m 09/02 15:30:20 | 0.845102    0.859873    0.000000    0.945519    0.811674    0.889976    0.946581    1.000000    0.845102    0.859873    0           0.000000    11.407494   11.398065   0.488105    2.102490    2.102490    2.062513    0.000000    0.500000    0.000000    4.714695    0.002000    0.000000    0.000000    10.903120   10.865011   0.907462    10.903120   10.865011   1.000000    1.000000    1.057841    33.537676  
[37m[36mINFO[0m[0m 09/02 15:32:25 | 0.877545    0.892994    0.000000    0.993583    0.016357    0.982885    0.997863    1.000000    0.877545    0.892994    100         2.395210    0.933843    0.550956    0.036144    0.060732    0.060732    0.078624    0.000000    0.054376    0.000000    3.817984    0.103000    0.000000    0.000000    13.694771   13.352314   0.934732    16.569015   15.430814   0.120858    0.220377    0.911545    34.378272  
[37m[36mINFO[0m[0m 09/02 15:34:20 | 0.880407    0.889172    0.000000    0.994501    0.014894    0.987775    0.995726    1.000000    0.880407    0.889172    200         4.790419    1.119818    0.035266    0.004588    0.005522    0.005522    0.024947    0.000000    0.001718    0.000000    3.585448    0.303000    0.000000    0.000000    14.101387   13.845434   0.943066    18.848550   17.316975   0.004246    0.088665    0.815064    32.950795  
[37m[36mINFO[0m[0m 09/02 15:36:25 | 0.896310    0.901911    0.000000    0.995213    0.012615    0.987775    0.997863    1.000000    0.896310    0.901911    300         7.185629    1.769560    0.009653    0.000627    0.001160    0.001160    0.022368    0.000000    0.000877    0.000000    3.501015    0.503000    0.000000    0.000000    14.748154   14.598348   0.952569    19.501666   17.871250   0.000644    0.066291    0.927432    32.461574  
[37m[36mINFO[0m[0m 09/02 15:38:32 | 0.890267    0.889172    0.000000    0.995925    0.012372    0.987775    1.000000    1.000000    0.890267    0.889172    400         9.580838    2.445077    0.007804    0.000567    0.001146    0.001146    0.020073    0.000000    0.000531    0.000000    3.467158    0.703000    0.000000    0.000000    15.548462   15.408378   0.959913    19.891119   18.201187   -0.000220   0.054747    0.942498    32.273769  
[37m[36mINFO[0m[0m 09/02 15:40:38 | 0.895674    0.894268    0.000000    0.995925    0.014358    0.987775    1.000000    1.000000    0.895674    0.894268    500         11.976048   3.112543    0.003859    0.000107    0.000508    0.000508    0.017200    0.000000    0.000344    0.000000    3.442923    0.902980    0.000000    0.000000    16.380394   16.190269   0.966083    20.171066   18.468591   -0.000285   0.047467    0.935623    32.784622  
[37m[36mINFO[0m[0m 09/02 15:42:46 | 0.887723    0.894268    0.000000    0.995213    0.016778    0.987775    0.997863    1.000000    0.887723    0.894268    600         14.371257   3.429663    0.004305    0.000176    0.000718    0.000718    0.016501    0.000000    0.000252    0.000000    3.425358    1.000000    0.000000    0.000000    17.017393   16.793303   0.969721    20.501729   18.720353   -0.000480   0.041540    0.931913    34.700501  
[37m[36mINFO[0m[0m 09/02 15:44:53 | 0.900127    0.908280    0.000000    0.995925    0.013634    0.987775    1.000000    1.000000    0.900127    0.908280    700         16.766467   3.410693    0.002811    0.000084    0.000451    0.000451    0.012792    0.000000    0.000185    0.000000    3.407882    1.000000    0.000000    0.000000    17.517652   17.236703   0.971976    20.783443   18.960900   -0.000069   0.037315    0.924048    34.507759  
[37m[36mINFO[0m[0m 09/02 15:46:59 | 0.887087    0.886624    0.000000    0.995213    0.017809    0.987775    0.997863    1.000000    0.887087    0.886624    800         19.161677   3.410824    0.002172    0.000079    0.000328    0.000328    0.011128    0.000000    0.000156    0.000000    3.408652    1.000000    0.000000    0.000000    17.940170   17.631206   0.974288    20.993070   19.166893   0.000027    0.033499    0.936101    32.867273  
[37m[36mINFO[0m[0m 09/02 15:49:05 | 0.886768    0.889172    0.000000    0.995213    0.018902    0.987775    0.997863    1.000000    0.886768    0.889172    900         21.556886   3.405536    0.002321    0.000068    0.000413    0.000413    0.015374    0.000000    0.000120    0.000000    3.403215    1.000000    0.000000    0.000000    18.278512   17.947564   0.975258    21.190034   19.335218   -0.000339   0.030333    0.929433    32.194902  
[37m[36mINFO[0m[0m 09/02 15:51:10 | 0.899491    0.904459    0.000000    0.995110    0.009872    0.985330    1.000000    1.000000    0.899491    0.904459    1000        23.952096   3.403316    0.002185    0.000075    0.000397    0.000397    0.017120    0.000000    0.000105    0.000000    3.401131    1.000000    0.000000    0.000000    18.587585   18.277773   0.976324    21.447295   19.548052   -0.000038   0.027825    0.932894    32.366107  
[37m[36mINFO[0m[0m 09/02 15:53:16 | 0.904262    0.915924    0.000000    0.993686    0.012825    0.985330    0.995726    1.000000    0.904262    0.915924    1100        26.347305   3.399301    0.001862    0.000049    0.000346    0.000346    0.013832    0.000000    0.000086    0.000000    3.397438    1.000000    0.000000    0.000000    18.749659   18.434187   0.977155    21.662720   19.718343   -0.000071   0.024931    0.926018    32.891336  
[37m[36mINFO[0m[0m 09/02 15:55:20 | 0.894720    0.907006    0.000000    0.994398    0.010182    0.985330    0.997863    1.000000    0.894720    0.907006    1200        28.742515   3.401908    0.003980    0.000397    0.000806    0.000806    0.019961    0.000000    0.000071    0.000000    3.397928    1.000000    0.000000    0.000000    19.011326   18.717118   0.977932    21.945985   19.991077   -0.000218   0.022046    0.916003    32.287589  
[37m[36mINFO[0m[0m 09/02 15:57:25 | 0.897583    0.907006    0.000000    0.994398    0.010588    0.985330    0.997863    1.000000    0.897583    0.907006    1300        31.137725   3.389809    0.001967    0.000115    0.000388    0.000388    0.009188    0.000000    0.000060    0.000000    3.387842    1.000000    0.000000    0.000000    19.175210   18.875092   0.978644    22.316471   20.259982   -0.000067   0.020746    0.930303    32.092563  
[37m[36mINFO[0m[0m 09/02 15:59:32 | 0.890267    0.894268    0.000000    0.994398    0.016243    0.985330    0.997863    1.000000    0.890267    0.894268    1400        33.532934   3.387222    0.000788    0.000042    0.000118    0.000118    0.011203    0.000000    0.000055    0.000000    3.386434    1.000000    0.000000    0.000000    19.543626   19.200575   0.979314    22.452146   20.418629   -0.000122   0.019043    0.929695    34.394695  
[37m[36mINFO[0m[0m 09/02 16:01:38 | 0.884224    0.887898    0.000000    0.994398    0.015640    0.985330    0.997863    1.000000    0.884224    0.887898    1500        35.928144   3.394420    0.001019    0.000030    0.000187    0.000187    0.015526    0.000000    0.000048    0.000000    3.393401    1.000000    0.000000    0.000000    19.712331   19.396518   0.979544    22.560736   20.452566   -0.000047   0.018709    0.923035    33.478973  
[37m[36mINFO[0m[0m 09/02 16:04:29 | 0.900127    0.903185    0.000000    0.994398    0.014368    0.985330    0.997863    1.000000    0.900127    0.903185    1600        38.323353   3.389272    0.001763    0.000047    0.000377    0.000377    0.009482    0.000000    0.000042    0.000000    3.387509    1.000000    0.000000    0.000000    19.779646   19.466584   0.980323    22.822571   20.718631   -0.000075   0.016415    0.920888    78.433505  
[37m[36mINFO[0m[0m 09/02 16:06:33 | 0.882952    0.884076    0.000000    0.995110    0.014292    0.985330    1.000000    1.000000    0.882952    0.884076    1700        40.718563   3.391965    0.003082    0.000484    0.000602    0.000602    0.013742    0.000000    0.000038    0.000000    3.388884    1.000000    0.000000    0.000000    19.852746   19.548882   0.980260    23.051028   20.893119   -0.000135   0.015964    0.923972    32.378763  
[37m[36mINFO[0m[0m 09/02 16:08:38 | 0.900127    0.901911    0.000000    0.994398    0.014508    0.985330    0.997863    1.000000    0.900127    0.901911    1800        43.113772   3.391912    0.004774    0.000780    0.000957    0.000957    0.014488    0.000000    0.000033    0.000000    3.387138    1.000000    0.000000    0.000000    20.554697   20.224638   0.980897    23.450450   21.263584   -0.000163   0.014401    0.928057    31.480329  
[37m[36mINFO[0m[0m 09/02 16:10:43 | 0.904898    0.913376    0.000000    0.994398    0.014344    0.985330    0.997863    1.000000    0.904898    0.913376    1900        45.508982   3.389641    0.001334    0.000192    0.000249    0.000249    0.015027    0.000000    0.000029    0.000000    3.388307    1.000000    0.000000    0.000000    20.704766   20.361576   0.980645    23.723132   21.444591   -0.000083   0.013794    0.926615    32.515715  
[37m[36mINFO[0m[0m 09/02 16:12:50 | 0.901081    0.910828    0.000000    0.994398    0.013254    0.985330    0.997863    1.000000    0.901081    0.910828    2000        47.904192   3.386928    0.002221    0.000057    0.000508    0.000508    0.011541    0.000000    0.000026    0.000000    3.384707    1.000000    0.000000    0.000000    20.779830   20.477424   0.981521    24.031701   21.719550   -0.000053   0.012921    0.936226    33.595402  
[37m[36mINFO[0m[0m 09/02 16:14:57 | 0.901399    0.909554    0.000000    0.994398    0.014645    0.985330    0.997863    1.000000    0.901399    0.909554    2100        50.299401   3.376481    0.000596    0.000023    0.000115    0.000115    0.009592    0.000000    0.000022    0.000000    3.375885    1.000000    0.000000    0.000000    20.935552   20.658878   0.982463    24.360111   21.987566   -0.000003   0.012284    0.926442    33.904750  
[37m[36mINFO[0m[0m 09/02 16:17:02 | 0.885496    0.899363    0.000000    0.994398    0.021116    0.985330    0.997863    1.000000    0.885496    0.899363    2200        52.694611   3.373345    0.000835    0.000017    0.000178    0.000178    0.008593    0.000000    0.000021    0.000000    3.372510    1.000000    0.000000    0.000000    21.076519   20.744640   0.982362    24.535784   22.139828   -0.000079   0.012210    0.920013    32.913182  
[37m[36mINFO[0m[0m 09/02 16:19:08 | 0.882634    0.892994    0.000000    0.995213    0.020820    0.987775    0.997863    1.000000    0.882634    0.892994    2300        55.089820   3.388069    0.000687    0.000018    0.000143    0.000143    0.014568    0.000000    0.000020    0.000000    3.387382    1.000000    0.000000    0.000000    21.173443   20.868410   0.982243    24.599426   22.220530   -0.000080   0.010959    0.931978    33.013401  
[37m[36mINFO[0m[0m 09/02 16:21:14 | 0.898855    0.914650    0.000000    0.995213    0.014799    0.987775    0.997863    1.000000    0.898855    0.914650    2400        57.485030   3.380522    0.001766    0.000034    0.000410    0.000410    0.011932    0.000000    0.000019    0.000000    3.378756    1.000000    0.000000    0.000000    21.242162   20.989948   0.982381    24.955363   22.491821   -0.000035   0.011405    0.924377    33.696190  
[37m[36mINFO[0m[0m 09/02 16:23:20 | 0.898855    0.909554    0.000000    0.995213    0.013946    0.987775    0.997863    1.000000    0.898855    0.909554    2500        59.880240   3.380315    0.000770    0.000021    0.000168    0.000168    0.009061    0.000000    0.000016    0.000000    3.379545    1.000000    0.000000    0.000000    21.218562   20.937560   0.982705    25.188221   22.723592   -0.000160   0.011039    0.926529    33.422561  
[37m[36mINFO[0m[0m 09/02 16:25:24 | 0.892812    0.903185    0.000000    0.994398    0.014730    0.985330    0.997863    1.000000    0.892812    0.903185    2600        62.275449   3.379411    0.003736    0.001254    0.000601    0.000601    0.008145    0.000000    0.000015    0.000000    3.375675    1.000000    0.000000    0.000000    21.435536   21.050312   0.982853    25.403800   22.879518   -0.000083   0.010695    0.917007    32.477180  
[37m[36mINFO[0m[0m 09/02 16:27:32 | 0.892176    0.903185    0.000000    0.996028    0.013975    0.990220    0.997863    1.000000    0.892176    0.903185    2700        64.670659   3.393801    0.001995    0.000287    0.000409    0.000409    0.011901    0.000000    0.000014    0.000000    3.391806    1.000000    0.000000    0.000000    22.102883   21.680418   0.982582    25.800433   23.204515   -0.000013   0.009238    0.949626    32.186676  
[37m[36mINFO[0m[0m 09/02 16:29:37 | 0.896310    0.904459    0.000000    0.995213    0.017885    0.987775    0.997863    1.000000    0.896310    0.904459    2800        67.065868   3.385504    0.001053    0.000042    0.000237    0.000237    0.007480    0.000000    0.000012    0.000000    3.384452    1.000000    0.000000    0.000000    22.093251   21.699649   0.983189    26.076463   23.465753   -0.000048   0.009455    0.926323    32.607108  
[37m[36mINFO[0m[0m 09/02 16:31:41 | 0.895992    0.899363    0.000000    0.995213    0.017668    0.987775    0.997863    1.000000    0.895992    0.899363    2900        69.461078   3.391867    0.002163    0.000207    0.000474    0.000474    0.013055    0.000000    0.000012    0.000000    3.389705    1.000000    0.000000    0.000000    22.389318   22.018589   0.983458    26.417308   23.729522   -0.000114   0.008569    0.920262    31.638075  
[37m[36mINFO[0m[0m 09/02 16:33:44 | 0.911578    0.927389    0.000000    0.996028    0.012897    0.990220    0.997863    1.000000    0.911578    0.927389    3000        71.856287   3.380837    0.000954    0.000043    0.000215    0.000215    0.009678    0.000000    0.000010    0.000000    3.379883    1.000000    0.000000    0.000000    22.455703   22.099721   0.983975    26.950070   24.202157   -0.000049   0.007769    0.923320    31.278239  
[37m[36mINFO[0m[0m 09/02 16:35:49 | 0.888677    0.895541    0.000000    0.995213    0.021550    0.987775    0.997863    1.000000    0.888677    0.895541    3100        74.251497   3.380685    0.000598    0.000055    0.000124    0.000124    0.009183    0.000000    0.000009    0.000000    3.380087    1.000000    0.000000    0.000000    22.613842   22.295374   0.984263    27.103277   24.305329   -0.000039   0.007937    0.921488    32.950183  
[37m[36mINFO[0m[0m 09/02 16:37:54 | 0.899491    0.908280    0.000000    0.995213    0.020252    0.987775    0.997863    1.000000    0.899491    0.908280    3200        76.646707   3.379748    0.000821    0.000022    0.000189    0.000189    0.010841    0.000000    0.000009    0.000000    3.378927    1.000000    0.000000    0.000000    22.683995   22.393951   0.984168    27.355746   24.552472   -0.000019   0.007635    0.920853    32.418962  
[37m[36mINFO[0m[0m 09/02 16:39:59 | 0.901718    0.913376    0.000000    0.995316    0.020372    0.990220    0.995726    1.000000    0.901718    0.913376    3300        79.041916   3.375701    0.000680    0.000024    0.000154    0.000154    0.010689    0.000000    0.000008    0.000000    3.375021    1.000000    0.000000    0.000000    22.823992   22.537689   0.983999    27.632940   24.752492   -0.000079   0.007575    0.931872    31.907754  
[37m[36mINFO[0m[0m 09/02 16:42:03 | 0.904898    0.917197    0.000000    0.996028    0.015394    0.990220    0.997863    1.000000    0.904898    0.917197    3400        81.437126   3.379555    0.001037    0.000025    0.000243    0.000243    0.012012    0.000000    0.000008    0.000000    3.378518    1.000000    0.000000    0.000000    22.980061   22.627456   0.984226    27.831554   24.933767   -0.000083   0.007586    0.921121    31.615404  
[37m[36mINFO[0m[0m 09/02 16:44:07 | 0.905216    0.915924    0.000000    0.994398    0.019039    0.985330    0.997863    1.000000    0.905216    0.915924    3500        83.832335   3.379485    0.001095    0.000031    0.000257    0.000257    0.010506    0.000000    0.000007    0.000000    3.378390    1.000000    0.000000    0.000000    23.131762   22.780563   0.984687    28.135803   25.201584   -0.000009   0.006961    0.920457    32.592595  
[37m[36mINFO[0m[0m 09/02 16:46:12 | 0.902672    0.914650    0.000000    0.996843    0.016350    0.992665    0.997863    1.000000    0.902672    0.914650    3600        86.227545   3.380556    0.000716    0.000024    0.000165    0.000165    0.010079    0.000000    0.000007    0.000000    3.379840    1.000000    0.000000    0.000000    23.146636   22.800376   0.984312    28.561116   25.538500   -0.000084   0.006546    0.919505    32.298020  
[37m[36mINFO[0m[0m 09/02 16:48:14 | 0.905534    0.917197    0.000000    0.994501    0.015136    0.987775    0.995726    1.000000    0.905534    0.917197    3700        88.622754   3.383222    0.000959    0.000022    0.000226    0.000226    0.010225    0.000000    0.000006    0.000000    3.382263    1.000000    0.000000    0.000000    23.296630   22.933635   0.984898    28.804222   25.765374   -0.000059   0.006438    0.907988    31.604897  
[37m[36mINFO[0m[0m 09/02 16:50:19 | 0.903308    0.919745    0.000000    0.995213    0.017415    0.987775    0.997863    1.000000    0.903308    0.919745    3800        91.017964   3.376177    0.000785    0.000025    0.000183    0.000183    0.011457    0.000000    0.000006    0.000000    3.375391    1.000000    0.000000    0.000000    23.256725   22.953155   0.984130    29.227083   26.095219   -0.000010   0.005707    0.923236    32.861914  
[37m[36mINFO[0m[0m 09/02 16:52:26 | 0.910623    0.922293    0.000000    0.995213    0.015554    0.987775    0.997863    1.000000    0.910623    0.922293    3900        93.413174   3.377820    0.000986    0.000024    0.000233    0.000233    0.009972    0.000000    0.000006    0.000000    3.376835    1.000000    0.000000    0.000000    23.554830   23.250028   0.985044    29.541281   26.367351   -0.000095   0.005613    0.938858    33.116311  
[37m[36mINFO[0m[0m 09/02 16:54:32 | 0.909033    0.921019    0.000000    0.995316    0.016542    0.990220    0.995726    1.000000    0.909033    0.921019    4000        95.808383   3.385212    0.001435    0.000066    0.000336    0.000336    0.009727    0.000000    0.000005    0.000000    3.383777    1.000000    0.000000    0.000000    23.702891   23.362833   0.984813    29.933055   26.709870   -0.000056   0.005960    0.924330    32.804384  
[37m[36mINFO[0m[0m 09/02 16:56:37 | 0.902990    0.919745    0.000000    0.996028    0.013598    0.990220    0.997863    1.000000    0.902990    0.919745    4100        98.203593   3.378073    0.001287    0.000030    0.000308    0.000308    0.006404    0.000000    0.000005    0.000000    3.376786    1.000000    0.000000    0.000000    23.787451   23.485700   0.985222    30.571952   27.230305   -0.000141   0.005211    0.926225    32.360024  
[37m[36mINFO[0m[0m 09/02 16:58:40 | 0.883588    0.892994    0.000000    0.995213    0.026812    0.987775    0.997863    1.000000    0.883588    0.892994    4200        100.598802  3.380931    0.001600    0.000088    0.000371    0.000371    0.012663    0.000000    0.000005    0.000000    3.379331    1.000000    0.000000    0.000000    24.027123   23.804059   0.984981    30.933723   27.577334   0.000034    0.004887    0.917376    31.627083  
[37m[36mINFO[0m[0m 09/02 17:00:45 | 0.901081    0.915924    0.000000    0.995213    0.016824    0.987775    0.997863    1.000000    0.901081    0.915924    4300        102.994012  3.374954    0.000828    0.000025    0.000196    0.000196    0.009268    0.000000    0.000004    0.000000    3.374126    1.000000    0.000000    0.000000    24.294722   23.903017   0.985393    31.544553   28.035974   -0.000101   0.005201    0.922998    33.056124  
[37m[36mINFO[0m[0m 09/02 17:02:50 | 0.898537    0.915924    0.000000    0.996028    0.014949    0.990220    0.997863    1.000000    0.898537    0.915924    4400        105.389222  3.377394    0.000586    0.000011    0.000139    0.000139    0.012030    0.000000    0.000004    0.000000    3.376808    1.000000    0.000000    0.000000    24.521383   24.262316   0.985590    31.776418   28.256028   -0.000008   0.004763    0.922754    32.431573  
[37m[36mINFO[0m[0m 09/02 17:04:57 | 0.887405    0.901911    0.000000    0.993480    0.019741    0.980440    1.000000    1.000000    0.887405    0.901911    4500        107.784431  3.381769    0.002385    0.000743    0.000405    0.000405    0.013269    0.000000    0.000004    0.000000    3.379384    1.000000    0.000000    0.000000    24.735067   24.406828   0.984954    32.200213   28.618437   -0.000095   0.004958    0.941615    32.458351  
[37m[36mINFO[0m[0m 09/02 17:07:02 | 0.888359    0.895541    0.000000    0.996028    0.024286    0.990220    0.997863    1.000000    0.888359    0.895541    4600        110.179641  3.383828    0.001996    0.000863    0.000279    0.000279    0.010707    0.000000    0.000004    0.000000    3.381832    1.000000    0.000000    0.000000    25.306139   25.018742   0.985623    32.844070   29.181828   -0.000089   0.004033    0.928262    32.008640  
[37m[36mINFO[0m[0m 09/02 17:09:06 | 0.902036    0.913376    0.000000    0.996028    0.018667    0.990220    0.997863    1.000000    0.902036    0.913376    4700        112.574850  3.381211    0.000919    0.000031    0.000218    0.000218    0.006154    0.000000    0.000003    0.000000    3.380293    1.000000    0.000000    0.000000    25.435535   25.156859   0.985693    33.304007   29.534922   -0.000016   0.004409    0.914592    32.614224  
[37m[36mINFO[0m[0m 09/02 17:11:10 | 0.903308    0.914650    0.000000    0.997555    0.014001    0.992665    1.000000    1.000000    0.903308    0.914650    4800        114.970060  3.380201    0.000503    0.000027    0.000115    0.000115    0.007205    0.000000    0.000003    0.000000    3.379698    1.000000    0.000000    0.000000    25.507702   25.153120   0.985496    33.551688   29.784956   -0.000031   0.004333    0.918063    32.461889  
[37m[36mINFO[0m[0m 09/02 17:13:13 | 0.905852    0.919745    0.000000    0.997658    0.010007    0.995110    0.997863    1.000000    0.905852    0.919745    4900        117.365269  3.386889    0.008801    0.002117    0.001662    0.001662    0.012120    0.000000    0.000007    0.000000    3.378088    1.000000    0.000000    0.000000    26.164343   25.842520   0.985271    35.020686   30.956444   -0.000166   0.003164    0.913572    31.941460  
[37m[36mINFO[0m[0m 09/02 17:15:18 | 0.888995    0.901911    0.000000    0.996028    0.015470    0.990220    0.997863    1.000000    0.888995    0.901911    5000        119.760479  3.374643    0.000970    0.000064    0.000223    0.000223    0.010529    0.000000    0.000003    0.000000    3.373674    1.000000    0.000000    0.000000    26.761524   26.367656   0.985670    36.599361   32.375580   -0.000070   0.003381    0.925604    32.346216  
[37m[36mINFO[0m[0m 09/02 17:15:18 | ---
[37m[36mINFO[0m[0m 09/02 17:15:18 | oracle = 91.158%
[37m[36mINFO[0m[0m 09/02 17:15:18 | iid = 90.585%
[37m[36mINFO[0m[0m 09/02 17:15:18 | last = 88.899%
[37m[36mINFO[0m[0m 09/02 17:15:18 | last (inD) = 99.603%
[37m[36mINFO[0m[0m 09/02 17:15:18 | iid (inD) = 99.766%
[37m[36mINFO[0m[0m 09/02 17:15:19 | === Summary ===
[37m[36mINFO[0m[0m 09/02 17:15:19 | Command: train_all.py pacs_adapter_identity_only_aug0 --dataset PACS --algorithm CIPTDCCL --data_dir /home/hooasia/lgg/data/repro_dccl_data --deterministic --trial_seed 0 --seed 0 --checkpoint_freq 100 --cipt_clip_path /home/hooasia/.cache/clip/ViT-B-16.pt --cipt_beta 4 --cipt_gamma 5 --cipt_k 4 --cipt_prompt_length 16 --cipt_prompt_init a photo of a --cipt_template_mode b5c --cipt_pure false --cipt_causal_contrastive_weight 1 --cipt_contrastive_warmup_steps 500 --cipt_aug_decomp_weight 0.0 --lr 0.001 --weight_decay 0.0 --output_root train_output/PACS_adapter_identity_only_aug0
[37m[36mINFO[0m[0m 09/02 17:15:19 | Unique name: 260902_10-32-43_pacs_adapter_identity_only_aug0
[37m[36mINFO[0m[0m 09/02 17:15:19 | Out path: train_output/PACS_adapter_identity_only_aug0/PACS/260902_10-32-43_pacs_adapter_identity_only_aug0
[37m[36mINFO[0m[0m 09/02 17:15:19 | Algorithm: CIPTDCCL
[37m[36mINFO[0m[0m 09/02 17:15:19 | Dataset: PACS
+------------+---------+---------+---------+---------+---------+
| Selection  |   env0  |   env1  |   env2  |   env3  |   Avg.  |
+------------+---------+---------+---------+---------+---------+
|   oracle   | 97.376% | 98.827% | 99.850% | 91.158% | 96.803% |
|    iid     | 97.865% | 98.507% | 99.626% | 90.585% | 96.646% |
|    last    | 96.888% | 96.642% | 97.380% | 88.899% | 94.952% |
| last (inD) | 98.272% | 97.767% | 97.677% | 99.603% | 98.329% |
| iid (inD)  | 98.854% | 98.570% | 98.202% | 99.766% | 98.848% |
+------------+---------+---------+---------+---------+---------+
