[37m[36mINFO[0m[0m 07/17 14:19:02 | Command :: train_all.py 2_2full_pacs_piccl_residual_gate --dataset PACS --algorithm PICCL --model resnet50 --deterministic --trial_seed 0 --seed 0 --checkpoint_freq 100 --steps 5000 --data_dir /home/hooasia/lgg/data/repro_dccl_data --use_piccl true --piccl_strict_bypass false --output_root train_output/PACS1 --l 1 --l_d 0.05 --l_layer 1 --t 0.1 --t_pre 0.2 --use_piccl true --piccl_fusion_mode residual_gate --piccl_gt_mode keep --piccl_rank 16 --piccl_isr_weight 0.05 --piccl_orth_weight 0.0001 --piccl_residual_scale 0.25 --piccl_gate_bias -2.5 --piccl_gt_mode keep --piccl_basis_receive_task_grad false
Environment:
	Python: 3.10.20
	PyTorch: 2.5.1+cu121
	Torchvision: 0.20.1+cu121
	CUDA: 12.1
	CUDNN: 90100
	NumPy: 2.2.6
	PIL: 12.0.0
Args:
	TN: False
	algorithm: PICCL
	aug: 0
	checkpoint_freq: 100
	configs: []
	data_dir: /home/hooasia/lgg/data/repro_dccl_data
	dataset: PACS
	debug: False
	deterministic: True
	domainnet_auto_source_count: 3
	erm_baseline: weak
	evalmode: fast
	holdout_fraction: 0.2
	l: 1.0
	l_d: 0.05
	l_layer: 1.0
	label_ratio: 1.0
	lamda: 5
	log: False
	mix: 0
	model: resnet50
	model_save: None
	n_layer: 1
	name: 2_2full_pacs_piccl_residual_gate
	out_dir: train_output/PACS1/260717_14-19-02_2_2full_pacs_piccl_residual_gate
	out_root: train_output/PACS1
	output_root: train_output/PACS1
	pos_mask: False
	prebuild_loader: False
	re_w: False
	sample_d: False
	seed: 0
	show: False
	source_envs: None
	start_epoch: 1000
	steps: 5000
	sup: True
	t: 0.1
	t_pre: 0.2
	target_env: None
	tb_freq: 10
	test_envs: None
	trial_seed: 0
	two_ce: False
	unique_name: 260717_14-19-02_2_2full_pacs_piccl_residual_gate
	weak_erm: False
	work_dir: .
HParams:
	data_augmentation: True
	val_augment: False
	resnet18: False
	resnet_dropout: 0.0
	class_balanced: False
	optimizer: adam
	freeze_bn: True
	pretrained: True
	lr: 5e-05
	batch_size: 32
	weight_decay: 0.0
	[36mpiccl_rank: 16
	[0mpiccl_alpha_max: 0.5
	piccl_warmup_ratio: 0.1
	piccl_ramp_ratio: 0.2
	piccl_proto_momentum: 0.99
	piccl_num_interventions: 1
	piccl_ccc_weight: 1.0
	piccl_int_weight: 0.1
	piccl_ref_weight: 1.0
	[36mpiccl_isr_weight: 0.05
	[0m[36mpiccl_orth_weight: 0.0001
	[0mpiccl_eps: 1e-08
	[36mpiccl_gt_mode: keep
	[0m[36mpiccl_basis_receive_task_grad: False
	[0mpiccl_min_valid_domains: 2
	piccl_total_steps: 1
	[36muse_piccl: True
	[0m[36mpiccl_fusion_mode: residual_gate
	[0mpiccl_lr_multiplier: 1.0
	piccl_loss_warmup_ratio: 0.0
	piccl_feature_warmup_ratio: 0.0
	piccl_delayed_start_ratio: 0.0
	[36mpiccl_residual_scale: 0.25
	[0m[36mpiccl_gate_bias: -2.5
	[0mpiccl_connectivity_weight: 1.0
	piccl_diagnostic_interval: 0
	[36mpiccl_strict_bypass: False
	[0mt: 0.1
	t_pre: 0.2
	l: 1
	l_d: 0.01
	l_layer: 1
	n_layer: 1
	sup: True
	two_ce: False
	sample_d: False
	re_w: False
	pos_mask: False
	mix: 0
	aug: 0
	model: resnet50
	label_ratio: 1.0
	TN: False
	lamda: 5
	start_epoch: 1000
	log: False
	swad: LossValley
	swad_kwargs: 
	  n_converge: 3
	  n_tolerance: 6
	  tolerance_ratio: 0.3
	test_batchsize: 128
	indomain_test: False
Dataset:
	[PACS] #envs=4, #classes=7
	env0: art_painting (#2048)
	env1: cartoon (#2344)
	env2: photo (#1670)
	env3: sketch (#3929)

[37m[36mINFO[0m[0m 07/17 14:19:06 | n_steps = 5000
[37m[36mINFO[0m[0m 07/17 14:19:06 | checkpoint_freq = 100
[37m[36mINFO[0m[0m 07/17 14:19:06 | n_steps is updated to 5000 => 5001 for checkpointing
[37m[36mINFO[0m[0m 07/17 14:19:06 | Target test envs = [[0], [1], [2], [3]]
[37m[36mINFO[0m[0m 07/17 14:19:06 | 
[37m[36mINFO[0m[0m 07/17 14:19:10 | Testenv name escaping te_art_painting -> te_art_painting
[37m[36mINFO[0m[0m 07/17 14:19:10 | Test envs = [0], name = te_art_painting
[37m[36mINFO[0m[0m 07/17 14:19:10 | Batch sizes for each domain: [0, 32, 32, 32] (total=96)
[37m[36mINFO[0m[0m 07/17 14:19:10 | steps-per-epoch for each domain: 58.62, 41.75, 98.25 -> min = 41.75
[37m[36mINFO[0m[0m 07/17 14:19:11 | # of params = 53365703
[37m[36mINFO[0m[0m 07/17 14:19:23 | test_in     test_out    train_in    train_out   tr_outloss  env0_in     env0_out    env1_out    env2_out    env3_out    step        epoch       loss        loss_cls    loss_isr    loss_orth   loss_gt     piccl_alph  paired_res  domain_res  valid_doma  basis_orth  response_c  raw_interv  mediator_i  ce_loss     sup_cl_los  pre_cl_los  dccl_total  weighted_l  weighted_l  piccl_feat  residual_s  residual_d  fused_orig  piccl_exec  original_f  piccl_feat  feature_de  feature_de  original_f  gate_mean   gate_std    gate_min    gate_max    backbone_g  piccl_grad  classifier  has_nan_or  param_grou  param_grou  param_grou  param_grou  param_grou  param_grou  param_grou  param_grou  param_grou  step_time   eval_time  
[37m[36mINFO[0m[0m 07/17 14:19:23 | 0.131178    0.178484    0.000000    0.236210    1.887570    0.131178    0.178484    0.226496    0.260479    0.221656    0           0.000000    12.300499   1.940914    0.000000    0.126582    -5.756462   0.000000    0.000000    0.000000    21.000000   0.115786    0.000000    0.918931    0.918931    1.940914    5.304292    5.112845    12.300487   0.000000    0.000013    0.000000    0.250000    0.000000    1.000000    1.000000    24.181402   45.253296   0.000000    0.000000    1.000000    0.075858    0.000000    0.075858    0.075858    10.497466   0.000156    3.423702    0.000000    0.000050    0.000500    0.000005    0.000500    0.000500    0.000005    0.000050    0.000050    0.000050    1.105465    10.344845  
[37m[36mINFO[0m[0m 07/17 14:20:20 | 0.780964    0.775061    0.000000    0.941756    0.180384    0.780964    0.775061    0.920940    0.982036    0.922293    100         2.395210    8.801997    0.321335    0.979868    0.073598    0.147150    0.000000    11.934324   2.855311    21.000000   0.073004    0.020546    0.969016    0.968099    0.321335    3.832889    4.597300    8.752996    0.048993    0.000007    1.000000    0.250000    0.749307    0.999817    1.000000    40.585459   45.268344   0.749307    0.018884    0.999817    0.089063    0.035046    0.019688    0.454505    14.403806   0.027740    2.271365    0.000000    0.000050    0.000500    0.000005    0.000500    0.000500    0.000005    0.000050    0.000050    0.000050    0.443614    10.761988  
[37m[36mINFO[0m[0m 07/17 14:21:17 | 0.789506    0.760391    0.000000    0.945318    0.164458    0.789506    0.760391    0.931624    0.982036    0.922293    200         4.790419    7.989938    0.095029    0.910688    0.078632    -1.569197   0.000000    10.969397   5.666441    21.000000   0.079477    0.090213    0.977551    0.976740    0.095029    3.526699    4.338360    7.944396    0.045534    0.000008    1.000000    0.250000    1.092116    0.999475    1.000000    34.210781   45.287967   1.092116    0.032188    0.999475    0.109737    0.079235    0.006629    0.883490    12.169924   0.021167    0.765463    0.000000    0.000050    0.000500    0.000005    0.000500    0.000500    0.000005    0.000050    0.000050    0.000050    0.445140    10.875784  
[37m[36mINFO[0m[0m 07/17 14:22:15 | 0.815131    0.821516    0.000000    0.956238    0.136087    0.815131    0.821516    0.948718    0.976048    0.943949    300         7.185629    7.770180    0.057878    0.835753    0.266690    -2.367842   0.000000    10.632149   6.761411    21.000000   0.269189    0.164889    0.979313    0.978401    0.057878    3.464628    4.229537    7.728365    0.041788    0.000027    1.000000    0.250000    1.512760    0.998824    1.000000    30.321174   45.309440   1.512760    0.050040    0.998824    0.131436    0.110902    0.004083    0.968918    10.269482   0.018861    0.441178    0.000000    0.000050    0.000500    0.000005    0.000500    0.000500    0.000005    0.000050    0.000050    0.000050    0.444483    11.429374  
[37m[36mINFO[0m[0m 07/17 14:23:12 | 0.863941    0.875306    0.000000    0.963099    0.113519    0.863941    0.875306    0.976496    0.979042    0.933758    400         9.580838    7.650113    0.044667    0.786758    0.474149    -2.752081   0.000000    10.575279   7.393861    21.000000   0.475669    0.213718    0.980438    0.979490    0.044667    3.429249    4.164332    7.610727    0.039338    0.000047    1.000000    0.250000    1.873221    0.998055    1.000000    28.239558   45.329738   1.873221    0.066411    0.998055    0.150664    0.135187    0.002837    0.987627    10.901125   0.019251    0.390839    0.000000    0.000050    0.000500    0.000005    0.000500    0.000500    0.000005    0.000050    0.000050    0.000050    0.445036    11.146916  
[37m[36mINFO[0m[0m 07/17 14:24:10 | 0.865162    0.855746    0.000000    0.972286    0.100134    0.865162    0.855746    0.963675    0.985030    0.968153    500         11.976048   7.563599    0.037477    0.750185    0.590319    -3.107432   0.000000    10.389634   7.721636    21.000000   0.591222    0.250177    0.981631    0.980717    0.037477    3.402353    4.117274    7.526030    0.037509    0.000059    1.000000    0.250000    2.138560    0.997259    1.000000    26.476457   45.346415   2.138560    0.080900    0.997259    0.164199    0.150339    0.002028    0.991272    9.280325    0.017392    0.296738    0.000000    0.000050    0.000500    0.000005    0.000500    0.000500    0.000005    0.000050    0.000050    0.000050    0.445777    11.493216  
[37m[36mINFO[0m[0m 07/17 14:25:08 | 0.864552    0.870416    0.000000    0.966094    0.115693    0.864552    0.870416    0.980769    0.985030    0.932484    600         14.371257   7.489393    0.028588    0.727179    0.658479    -3.420393   0.025250    10.291553   7.835710    21.000000   0.658873    0.273098    0.981803    0.980814    0.028588    3.390693    4.067891    7.452968    0.036359    0.000066    1.000000    0.250000    2.349148    0.996430    1.000000    24.859182   45.361014   2.349148    0.094694    0.996430    0.174539    0.159585    0.001996    0.993092    8.442791    0.015838    0.230188    0.000000    0.000050    0.000500    0.000005    0.000500    0.000500    0.000005    0.000050    0.000050    0.000050    0.446162    11.724858  
[37m[36mINFO[0m[0m 07/17 14:26:06 | 0.855400    0.841076    0.000000    0.964196    0.128805    0.855400    0.841076    0.963675    0.976048    0.952866    700         16.766467   7.465665    0.028538    0.708933    0.665729    -3.556998   0.075250    10.321152   7.941534    21.000000   0.665570    0.291318    0.982405    0.981333    0.028538    3.387255    4.049928    7.430152    0.035447    0.000067    1.000000    0.250000    2.551713    0.995802    1.000000    24.892805   45.373446   2.551713    0.102630    0.995802    0.189506    0.176769    0.001483    0.995313    8.572700    0.016317    0.240696    0.000000    0.000050    0.000500    0.000005    0.000500    0.000500    0.000005    0.000050    0.000050    0.000050    0.444864    11.131583  
[37m[36mINFO[0m[0m 07/17 14:27:04 | 0.841367    0.853301    0.000000    0.970329    0.099860    0.841367    0.853301    0.978632    0.982036    0.950318    800         19.161677   7.403452    0.020110    0.694187    0.643664    -3.837943   0.125250    10.209100   7.995687    21.000000   0.643314    0.306039    0.983172    0.982090    0.020110    3.368005    4.018943    7.368678    0.034709    0.000064    1.000000    0.250000    2.698977    0.994874    1.000000    23.213506   45.385586   2.698977    0.116463    0.994874    0.193979    0.178127    0.001633    0.994176    6.458390    0.013335    0.155775    0.000000    0.000050    0.000500    0.000005    0.000500    0.000500    0.000005    0.000050    0.000050    0.000050    0.445545    11.078354  
[37m[36mINFO[0m[0m 07/17 14:28:01 | 0.857840    0.867971    0.000000    0.975008    0.089608    0.857840    0.867971    0.972222    0.991018    0.961783    900         21.556886   7.372916    0.013953    0.679841    0.592009    -3.949289   0.175250    10.239566   8.034125    21.000000   0.591340    0.320365    0.983089    0.981879    0.013953    3.362316    4.002089    7.338865    0.033992    0.000059    1.000000    0.250000    2.838011    0.994281    1.000000    23.087295   45.396901   2.838011    0.123214    0.994281    0.207216    0.190730    0.001200    0.997061    6.323066    0.012671    0.125160    0.000000    0.000050    0.000500    0.000005    0.000500    0.000500    0.000005    0.000050    0.000050    0.000050    0.446520    11.156998  
[37m[36mINFO[0m[0m 07/17 14:29:00 | 0.807810    0.816626    0.000000    0.955093    0.147810    0.807810    0.816626    0.952991    0.967066    0.945223    1000        23.952096   7.361344    0.016600    0.669386    0.515923    -4.156478   0.225250    10.179985   8.026458    21.000000   0.515161    0.330800    0.983447    0.982057    0.016600    3.363357    3.989430    7.327823    0.033469    0.000052    1.000000    0.250000    2.918529    0.993613    1.000000    22.252006   45.405612   2.918529    0.131247    0.993613    0.213044    0.195669    0.001081    0.997149    7.302677    0.013760    0.131904    0.000000    0.000050    0.000500    0.000005    0.000500    0.000500    0.000005    0.000050    0.000050    0.000050    0.446382    11.796579  
[37m[36mINFO[0m[0m 07/17 14:29:58 | 0.807200    0.828851    0.000000    0.952579    0.153251    0.807200    0.828851    0.955128    0.979042    0.923567    1100        26.347305   7.383844    0.023101    0.659033    0.438961    -4.250770   0.275250    10.253413   8.033188    21.000000   0.438201    0.341148    0.982380    0.980656    0.023101    3.381974    3.988281    7.350849    0.032952    0.000044    1.000000    0.250000    2.976024    0.993201    1.000000    21.968611   45.408739   2.976024    0.135540    0.993201    0.216656    0.201701    0.000809    0.997755    8.800563    0.015009    0.157579    0.000000    0.000050    0.000500    0.000005    0.000500    0.000500    0.000005    0.000050    0.000050    0.000050    0.446404    11.601923  
[37m[36mINFO[0m[0m 07/17 14:30:56 | 0.835265    0.850856    0.000000    0.974286    0.099670    0.835265    0.850856    0.972222    0.985030    0.965605    1200        28.742515   7.329996    0.019188    0.650280    0.372073    -4.391117   0.325250    10.221172   8.025419    21.000000   0.371467    0.349889    0.983875    0.982265    0.019188    3.368292    3.953877    7.297445    0.032514    0.000037    1.000000    0.250000    3.011906    0.992887    1.000000    21.574785   45.411583   3.011906    0.139830    0.992887    0.217643    0.202751    0.000646    0.997688    6.960205    0.013397    0.139521    0.000000    0.000050    0.000500    0.000005    0.000500    0.000500    0.000005    0.000050    0.000050    0.000050    0.446012    11.937946  
[37m[36mINFO[0m[0m 07/17 14:31:54 | 0.848078    0.855746    0.000000    0.971303    0.101571    0.848078    0.855746    0.974359    0.979042    0.960510    1300        31.137725   7.291662    0.011242    0.644496    0.307655    -4.581762   0.375250    10.133714   8.053097    21.000000   0.306961    0.355663    0.984660    0.983090    0.011242    3.349315    3.944667    7.259406    0.032225    0.000031    1.000000    0.250000    3.071283    0.992417    1.000000    21.091445   45.419152   3.071283    0.145858    0.992417    0.220207    0.204612    0.000609    0.997704    5.023780    0.010867    0.083608    0.000000    0.000050    0.000500    0.000005    0.000500    0.000500    0.000005    0.000050    0.000050    0.000050    0.445803    11.613230  
[37m[36mINFO[0m[0m 07/17 14:32:53 | 0.856620    0.855746    0.000000    0.971865    0.104409    0.856620    0.855746    0.972222    0.979042    0.964331    1400        33.532934   7.266009    0.005664    0.639895    0.247067    -4.767227   0.425250    10.112040   8.093981    21.000000   0.246592    0.360255    0.984569    0.982714    0.005664    3.342343    3.933654    7.233989    0.031995    0.000025    1.000000    0.250000    3.127106    0.991517    1.000000    20.116158   45.425032   3.127106    0.155510    0.991517    0.223748    0.203645    0.000716    0.997367    3.897877    0.009789    0.051616    0.000000    0.000050    0.000500    0.000005    0.000500    0.000500    0.000005    0.000050    0.000050    0.000050    0.446673    12.244048  
[37m[36mINFO[0m[0m 07/17 14:33:51 | 0.813301    0.819071    0.000000    0.965588    0.118610    0.813301    0.819071    0.965812    0.964072    0.966879    1500        35.928144   7.258703    0.008805    0.635670    0.205135    -4.934600   0.475250    10.085857   8.109268    21.000000   0.204740    0.364472    0.984145    0.981956    0.008805    3.346207    3.921233    7.226899    0.031784    0.000021    1.000000    0.250000    3.146763    0.990757    1.000000    19.311809   45.430341   3.146763    0.162999    0.990757    0.226571    0.202817    0.000719    0.997263    4.395041    0.010668    0.066657    0.000000    0.000050    0.000500    0.000005    0.000500    0.000500    0.000005    0.000050    0.000050    0.000050    0.447113    12.027954  
[37m[36mINFO[0m[0m 07/17 14:34:54 | 0.840146    0.836186    0.000000    0.971601    0.100403    0.840146    0.836186    0.974359    0.985030    0.955414    1600        38.323353   7.245512    0.005167    0.629088    0.169495    -5.014133   0.500000    10.108051   8.084814    21.000000   0.169209    0.371048    0.984277    0.981888    0.005167    3.344923    3.914093    7.214041    0.031454    0.000017    1.000000    0.250000    3.257526    0.990578    1.000000    20.160610   45.437819   3.257526    0.161669    0.990578    0.241149    0.217996    0.000460    0.998905    4.567536    0.010651    0.050974    0.000000    0.000050    0.000500    0.000005    0.000500    0.000500    0.000005    0.000050    0.000050    0.000050    0.464888    13.709297  
[37m[36mINFO[0m[0m 07/17 14:36:28 | 0.818182    0.833741    0.000000    0.957949    0.177887    0.818182    0.833741    0.950855    0.979042    0.943949    1700        40.718563   7.253031    0.011175    0.622690    0.149297    -5.117302   0.500000    10.194788   8.055746    21.000000   0.149146    0.377443    0.983561    0.980900    0.011175    3.351095    3.910784    7.221881    0.031134    0.000015    1.000000    0.250000    3.293295    0.989960    1.000000    19.777568   45.439780   3.293295    0.166680    0.989960    0.244116    0.220306    0.000382    0.998939    6.252218    0.012374    0.080836    0.000000    0.000050    0.000500    0.000005    0.000500    0.000500    0.000005    0.000050    0.000050    0.000050    0.782507    13.600566  
[37m[36mINFO[0m[0m 07/17 14:38:05 | 0.859671    0.855746    0.000000    0.973853    0.102661    0.859671    0.855746    0.978632    0.976048    0.966879    1800        43.113772   7.289112    0.027135    0.622654    0.134248    -5.193603   0.500000    10.163047   8.023438    21.000000   0.134119    0.377473    0.983113    0.980334    0.027135    3.376362    3.906405    7.257966    0.031133    0.000013    1.000000    0.250000    3.247715    0.990203    1.000000    19.889091   45.432113   3.247715    0.163555    0.990203    0.242589    0.223346    0.000296    0.999219    8.472590    0.015586    0.159966    0.000000    0.000050    0.000500    0.000005    0.000500    0.000500    0.000005    0.000050    0.000050    0.000050    0.813518    12.646040  
[37m[36mINFO[0m[0m 07/17 14:39:42 | 0.829774    0.841076    0.000000    0.968904    0.126169    0.829774    0.841076    0.974359    0.982036    0.950318    1900        45.508982   7.236813    0.012822    0.618582    0.126810    -5.335272   0.500000    10.080915   8.021554    21.000000   0.126745    0.381540    0.984534    0.982191    0.012822    3.354006    3.892396    7.205872    0.030929    0.000013    1.000000    0.250000    3.287062    0.989893    1.000000    19.416715   45.440058   3.287062    0.169759    0.989893    0.238086    0.219024    0.000311    0.998925    5.651845    0.012043    0.089242    0.000000    0.000050    0.000500    0.000005    0.000500    0.000500    0.000005    0.000050    0.000050    0.000050    0.809794    12.981536  
[37m[36mINFO[0m[0m 07/17 14:41:11 | 0.824893    0.845966    0.000000    0.973141    0.107913    0.824893    0.845966    0.976496    0.976048    0.966879    2000        47.904192   7.252252    0.017450    0.614645    0.115776    -5.375848   0.500000    10.211005   8.057733    21.000000   0.115647    0.385476    0.983712    0.981202    0.017450    3.361089    3.896728    7.221509    0.030732    0.000012    1.000000    0.250000    3.349690    0.989857    1.000000    19.952088   45.443734   3.349690    0.168060    0.989857    0.245177    0.230055    0.000180    0.999336    7.353846    0.013686    0.110420    0.000000    0.000050    0.000500    0.000005    0.000500    0.000500    0.000005    0.000050    0.000050    0.000050    0.701369    12.967669  
[37m[36mINFO[0m[0m 07/17 14:42:42 | 0.802318    0.814181    0.000000    0.969583    0.108439    0.802318    0.814181    0.974359    0.970060    0.964331    2100        50.299401   7.203779    0.007455    0.612362    0.107601    -5.535274   0.500000    10.145868   8.108989    21.000000   0.107573    0.387754    0.985350    0.983300    0.007455    3.345113    3.875935    7.173150    0.030618    0.000011    1.000000    0.250000    3.374322    0.989271    1.000000    18.846490   45.455356   3.374322    0.179288    0.989271    0.235409    0.220257    0.000202    0.999101    4.316546    0.010452    0.052106    0.000000    0.000050    0.000500    0.000005    0.000500    0.000500    0.000005    0.000050    0.000050    0.000050    0.698811    12.944389  
[37m[36mINFO[0m[0m 07/17 14:44:15 | 0.743136    0.762836    0.000000    0.965323    0.131849    0.743136    0.762836    0.967949    0.970060    0.957962    2200        52.694611   7.204752    0.010827    0.610453    0.104461    -5.651149   0.500000    10.154561   8.121209    21.000000   0.104403    0.389659    0.984352    0.981935    0.010827    3.348629    3.871274    7.174219    0.030523    0.000010    1.000000    0.250000    3.391198    0.988573    1.000000    18.431565   45.454670   3.391198    0.184163    0.988573    0.239106    0.221941    0.000181    0.999238    5.799738    0.012250    0.080301    0.000000    0.000050    0.000500    0.000005    0.000500    0.000500    0.000005    0.000050    0.000050    0.000050    0.777431    13.032352  
[37m[36mINFO[0m[0m 07/17 14:45:45 | 0.868212    0.870416    0.000000    0.977407    0.096089    0.868212    0.870416    0.972222    0.988024    0.971975    2300        55.089820   7.212593    0.009322    0.610881    0.099329    -5.779021   0.500000    10.089462   8.134218    21.000000   0.099289    0.389229    0.984799    0.982565    0.009322    3.347575    3.882932    7.182039    0.030544    0.000010    1.000000    0.250000    3.445375    0.988232    1.000000    18.166897   45.460145   3.445375    0.189761    0.988232    0.239017    0.221978    0.000192    0.999163    3.948280    0.010995    0.053766    0.000000    0.000050    0.000500    0.000005    0.000500    0.000500    0.000005    0.000050    0.000050    0.000050    0.704141    13.128513  
[37m[36mINFO[0m[0m 07/17 14:47:23 | 0.855400    0.870416    0.000000    0.976000    0.097486    0.855400    0.870416    0.982906    0.982036    0.963057    2400        57.485030   7.196460    0.010801    0.610843    0.094252    -5.886710   0.500000    10.073028   8.115725    21.000000   0.094193    0.389263    0.984851    0.982535    0.010801    3.349569    3.864405    7.165908    0.030542    0.000009    1.000000    0.250000    3.478838    0.987897    1.000000    18.191990   45.459536   3.478838    0.191333    0.987897    0.244658    0.226610    0.000222    0.999306    5.039875    0.011632    0.065892    0.000000    0.000050    0.000500    0.000005    0.000500    0.000500    0.000005    0.000050    0.000050    0.000050    0.812083    13.732870  
[37m[36mINFO[0m[0m 07/17 14:48:57 | 0.884076    0.887531    0.000000    0.969194    0.128404    0.884076    0.887531    0.980769    0.979042    0.947771    2500        59.880240   7.169035    0.005892    0.609384    0.086982    -6.011125   0.500000    10.086270   8.088637    21.000000   0.086920    0.390720    0.985110    0.982897    0.005892    3.335749    3.857027    7.138557    0.030469    0.000009    1.000000    0.250000    3.527415    0.987384    1.000000    17.959740   45.464272   3.527415    0.196644    0.987384    0.245462    0.226613    0.000243    0.999187    3.287292    0.010459    0.034270    0.000000    0.000050    0.000500    0.000005    0.000500    0.000500    0.000005    0.000050    0.000050    0.000050    0.778127    13.501905  
[37m[36mINFO[0m[0m 07/17 14:50:27 | 0.857230    0.872861    0.000000    0.970182    0.128570    0.857230    0.872861    0.982906    0.976048    0.951592    2600        62.275449   7.189584    0.009145    0.606025    0.081926    -6.109290   0.500000    10.126090   8.093921    21.000000   0.081865    0.394078    0.983845    0.981268    0.009145    3.347988    3.863235    7.159275    0.030301    0.000008    1.000000    0.250000    3.583734    0.987006    1.000000    17.910416   45.474403   3.583734    0.200238    0.987006    0.248853    0.229786    0.000217    0.999264    5.170199    0.011799    0.062608    0.000000    0.000050    0.000500    0.000005    0.000500    0.000500    0.000005    0.000050    0.000050    0.000050    0.697166    13.671908  
[37m[36mINFO[0m[0m 07/17 14:52:02 | 0.827334    0.836186    0.000000    0.969607    0.124150    0.827334    0.836186    0.978632    0.976048    0.954140    2700        64.670659   7.162464    0.008169    0.606920    0.076708    -6.190119   0.500000    10.060939   8.135778    21.000000   0.076655    0.393183    0.984765    0.982380    0.008169    3.340520    3.845323    7.132110    0.030346    0.000008    1.000000    0.250000    3.594577    0.986706    1.000000    17.608806   45.477784   3.594577    0.204297    0.986706    0.247333    0.228232    0.000172    0.999320    4.643029    0.011504    0.054864    0.000000    0.000050    0.000500    0.000005    0.000500    0.000500    0.000005    0.000050    0.000050    0.000050    0.777555    14.379133  
[37m[36mINFO[0m[0m 07/17 14:53:38 | 0.781574    0.806846    0.000000    0.956680    0.161254    0.781574    0.806846    0.963675    0.970060    0.936306    2800        67.065868   7.183106    0.014509    0.607688    0.068431    -6.280843   0.500000    10.051500   8.122676    21.000000   0.068349    0.392414    0.983981    0.981473    0.014509    3.349604    3.851410    7.152715    0.030384    0.000007    1.000000    0.250000    3.536990    0.986303    1.000000    17.010817   45.468789   3.536990    0.208074    0.986303    0.242066    0.222680    0.000195    0.999178    5.646611    0.013007    0.079363    0.000000    0.000050    0.000500    0.000005    0.000500    0.000500    0.000005    0.000050    0.000050    0.000050    0.787903    14.164653  
[37m[36mINFO[0m[0m 07/17 14:55:11 | 0.870653    0.858191    0.000000    0.964775    0.121684    0.870653    0.858191    0.976496    0.970060    0.947771    2900        69.461078   7.169903    0.007206    0.603179    0.063611    -6.340379   0.500000    10.117005   8.081353    21.000000   0.063580    0.396924    0.984695    0.982438    0.007206    3.343176    3.852759    7.139737    0.030159    0.000006    1.000000    0.250000    3.675341    0.986608    1.000000    17.971957   45.481860   3.675341    0.204737    0.986608    0.253087    0.236646    0.000123    0.999531    4.554702    0.011802    0.055752    0.000000    0.000050    0.000500    0.000005    0.000500    0.000500    0.000005    0.000050    0.000050    0.000050    0.757478    14.039716  
[37m[36mINFO[0m[0m 07/17 14:56:46 | 0.881635    0.882641    0.000000    0.971178    0.105930    0.881635    0.882641    0.978632    0.982036    0.952866    3000        71.856287   7.146208    0.003167    0.603251    0.060029    -6.456323   0.500000    10.107132   8.069377    21.000000   0.059982    0.396849    0.985212    0.983082    0.003167    3.335897    3.841539    7.116040    0.030163    0.000006    1.000000    0.250000    3.774016    0.985815    1.000000    17.674578   45.492885   3.774016    0.213675    0.985815    0.255328    0.237482    0.000119    0.999543    3.074747    0.010189    0.025686    0.000000    0.000050    0.000500    0.000005    0.000500    0.000500    0.000005    0.000050    0.000050    0.000050    0.787891    12.681984  
[37m[36mINFO[0m[0m 07/17 14:58:17 | 0.823063    0.843521    0.000000    0.975413    0.101202    0.823063    0.843521    0.976496    0.979042    0.970701    3100        74.251497   7.153032    0.011102    0.606102    0.053334    -6.544134   0.500000    10.085215   8.046302    21.000000   0.053263    0.393998    0.983903    0.981452    0.011102    3.345937    3.831123    7.122721    0.030305    0.000005    1.000000    0.250000    3.725432    0.985448    1.000000    17.309738   45.484174   3.725432    0.215418    0.985448    0.254645    0.237452    0.000119    0.999639    5.050853    0.012272    0.058835    0.000000    0.000050    0.000500    0.000005    0.000500    0.000500    0.000005    0.000050    0.000050    0.000050    0.756515    12.183626  
[37m[36mINFO[0m[0m 07/17 14:59:46 | 0.849908    0.858191    0.000000    0.970881    0.141379    0.849908    0.858191    0.978632    0.976048    0.957962    3200        76.646707   7.218780    0.028443    0.604056    0.047330    -6.517183   0.500000    10.199697   8.036678    21.000000   0.047268    0.396048    0.982130    0.979258    0.028443    3.378846    3.846456    7.188573    0.030203    0.000005    1.000000    0.250000    3.597602    0.986512    1.000000    17.818669   45.466207   3.597602    0.202210    0.986512    0.252572    0.240746    0.000051    0.999778    9.988300    0.017748    0.140967    0.000000    0.000050    0.000500    0.000005    0.000500    0.000500    0.000005    0.000050    0.000050    0.000050    0.692738    13.093610  
[37m[36mINFO[0m[0m 07/17 15:01:18 | 0.791336    0.809291    0.000000    0.964601    0.153752    0.791336    0.809291    0.967949    0.964072    0.961783    3300        79.041916   7.135957    0.003239    0.604516    0.040724    -6.615118   0.500000    10.144389   8.015884    21.000000   0.040649    0.395586    0.985792    0.983891    0.003239    3.337035    3.831605    7.105727    0.030226    0.000004    1.000000    0.250000    3.772236    0.986578    1.000000    18.548292   45.483717   3.772236    0.203677    0.986578    0.257404    0.248792    0.000026    0.999889    2.654793    0.009892    0.022554    0.000000    0.000050    0.000500    0.000005    0.000500    0.000500    0.000005    0.000050    0.000050    0.000050    0.761159    13.410070  
[37m[36mINFO[0m[0m 07/17 15:02:54 | 0.810860    0.833741    0.000000    0.973135    0.110985    0.810860    0.833741    0.963675    0.985030    0.970701    3400        81.437126   7.149048    0.010978    0.604370    0.032628    -6.753166   0.500000    10.125200   8.066962    21.000000   0.032559    0.395731    0.984050    0.981818    0.010978    3.344563    3.830818    7.118827    0.030218    0.000003    1.000000    0.250000    3.700708    0.985253    1.000000    16.824483   45.484820   3.700708    0.220161    0.985253    0.242677    0.232409    0.000060    0.999700    4.946677    0.011643    0.054493    0.000000    0.000050    0.000500    0.000005    0.000500    0.000500    0.000005    0.000050    0.000050    0.000050    0.806745    13.209334  
[37m[36mINFO[0m[0m 07/17 15:04:27 | 0.848688    0.870416    0.000000    0.974149    0.114683    0.848688    0.870416    0.974359    0.985030    0.963057    3500        83.832335   7.136706    0.004301    0.603372    0.028289    -6.813382   0.500000    10.151551   8.086612    21.000000   0.028250    0.396728    0.984933    0.982839    0.004301    3.337136    3.833232    7.106535    0.030169    0.000003    1.000000    0.250000    3.821410    0.985015    1.000000    17.388066   45.491070   3.821410    0.219887    0.985015    0.252603    0.242549    0.000047    0.999744    2.844046    0.010332    0.028524    0.000000    0.000050    0.000500    0.000005    0.000500    0.000500    0.000005    0.000050    0.000050    0.000050    0.774946    13.213192  
[37m[36mINFO[0m[0m 07/17 15:06:04 | 0.845638    0.872861    0.000000    0.974990    0.097561    0.845638    0.872861    0.980769    0.976048    0.968153    3600        86.227545   7.127403    0.005068    0.603506    0.023494    -6.946565   0.500000    10.056380   8.086305    21.000000   0.023451    0.396592    0.984846    0.982756    0.005068    3.335123    3.826500    7.097225    0.030175    0.000002    1.000000    0.250000    3.860429    0.984510    1.000000    17.019835   45.502380   3.860429    0.227109    0.984510    0.251310    0.239706    0.000051    0.999713    3.487344    0.010443    0.029550    0.000000    0.000050    0.000500    0.000005    0.000500    0.000500    0.000005    0.000050    0.000050    0.000050    0.809964    13.268114  
[37m[36mINFO[0m[0m 07/17 15:07:39 | 0.858450    0.870416    0.000000    0.967319    0.130601    0.858450    0.870416    0.967949    0.976048    0.957962    3700        88.622754   7.109544    0.004970    0.605035    0.019535    -7.054448   0.500000    10.074164   8.106199    21.000000   0.019495    0.395062    0.984833    0.982781    0.004970    3.330931    3.813934    7.079290    0.030252    0.000002    1.000000    0.250000    3.841439    0.983807    1.000000    16.428572   45.500654   3.841439    0.233951    0.983807    0.247425    0.234520    0.000052    0.999726    3.121602    0.010493    0.030870    0.000000    0.000050    0.000500    0.000005    0.000500    0.000500    0.000005    0.000050    0.000050    0.000050    0.780287    14.132437  
[37m[36mINFO[0m[0m 07/17 15:09:14 | 0.791946    0.797066    0.000000    0.962747    0.174147    0.791946    0.797066    0.950855    0.973054    0.964331    3800        91.017964   7.137241    0.011812    0.602451    0.015530    -7.070862   0.500000    10.168548   8.101549    21.000000   0.015489    0.397645    0.983320    0.980831    0.011812    3.346388    3.819625    7.107116    0.030123    0.000002    1.000000    0.250000    3.859797    0.983871    1.000000    16.668276   45.499938   3.859797    0.231735    0.983871    0.251461    0.239362    0.000050    0.999758    6.629604    0.013285    0.066625    0.000000    0.000050    0.000500    0.000005    0.000500    0.000500    0.000005    0.000050    0.000050    0.000050    0.783102    13.840621  
[37m[36mINFO[0m[0m 07/17 15:10:46 | 0.729103    0.782396    0.000000    0.956349    0.179229    0.729103    0.782396    0.961538    0.952096    0.955414    3900        93.413174   7.134852    0.011780    0.601317    0.011772    -7.131769   0.500000    10.120197   8.105770    21.000000   0.011745    0.398781    0.983375    0.981032    0.011780    3.346207    3.818116    7.104785    0.030066    0.000001    1.000000    0.250000    3.747393    0.983576    1.000000    15.959293   45.486898   3.747393    0.235057    0.983576    0.240857    0.230883    0.000069    0.999558    5.564650    0.012639    0.056858    0.000000    0.000050    0.000500    0.000005    0.000500    0.000500    0.000005    0.000050    0.000050    0.000050    0.756839    12.343835  
[37m[36mINFO[0m[0m 07/17 15:12:16 | 0.855400    0.889976    0.000000    0.975002    0.118621    0.855400    0.889976    0.982906    0.979042    0.963057    4000        95.808383   7.141800    0.012909    0.600888    0.009847    -7.177465   0.500000    10.071221   8.128247    21.000000   0.009833    0.399212    0.984114    0.981686    0.012909    3.350108    3.820512    7.111754    0.030044    0.000001    1.000000    0.250000    3.842207    0.983762    1.000000    16.622657   45.490538   3.842207    0.231294    0.983762    0.247590    0.240363    0.000049    0.999732    5.735492    0.013236    0.071159    0.000000    0.000050    0.000500    0.000005    0.000500    0.000500    0.000005    0.000050    0.000050    0.000050    0.703511    12.806538  
[37m[36mINFO[0m[0m 07/17 15:13:46 | 0.846248    0.845966    0.000000    0.966061    0.116759    0.846248    0.845966    0.978632    0.973054    0.946497    4100        98.203593   7.101882    0.003529    0.601423    0.008679    -7.274462   0.500000    10.168656   8.155716    21.000000   0.008668    0.398675    0.986016    0.984229    0.003529    3.331975    3.809051    7.071810    0.030071    0.000001    1.000000    0.250000    3.960478    0.983903    1.000000    17.015047   45.504613   3.960478    0.233015    0.983903    0.253307    0.245935    0.000046    0.999765    2.637625    0.010413    0.025518    0.000000    0.000050    0.000500    0.000005    0.000500    0.000500    0.000005    0.000050    0.000050    0.000050    0.700323    12.380412  
[37m[36mINFO[0m[0m 07/17 15:15:21 | 0.849298    0.872861    0.000000    0.979256    0.096533    0.849298    0.872861    0.976496    0.988024    0.973248    4200        100.598802  7.116966    0.007183    0.600828    0.007474    -7.367096   0.500000    10.072907   8.155396    21.000000   0.007461    0.399269    0.984958    0.982973    0.007183    3.340957    3.812454    7.086924    0.030041    0.000001    1.000000    0.250000    3.914513    0.983255    1.000000    16.338393   45.500636   3.914513    0.239771    0.983255    0.247947    0.240056    0.000049    0.999703    3.754547    0.011159    0.037320    0.000000    0.000050    0.000500    0.000005    0.000500    0.000500    0.000005    0.000050    0.000050    0.000050    0.788382    13.409054  
[37m[36mINFO[0m[0m 07/17 15:16:52 | 0.846858    0.855746    0.000000    0.978546    0.100109    0.846858    0.855746    0.978632    0.985030    0.971975    4300        102.994012  7.086129    0.001929    0.601249    0.006329    -7.468388   0.500000    10.133067   8.164630    21.000000   0.006318    0.398845    0.985932    0.984161    0.001929    3.325795    3.803026    7.056066    0.030062    0.000001    1.000000    0.250000    4.018613    0.982939    1.000000    16.483371   45.516576   4.018613    0.244046    0.982939    0.251483    0.243170    0.000035    0.999774    1.735248    0.009618    0.015565    0.000000    0.000050    0.000500    0.000005    0.000500    0.000500    0.000005    0.000050    0.000050    0.000050    0.702680    13.082408  
[37m[36mINFO[0m[0m 07/17 15:18:24 | 0.781574    0.814181    0.000000    0.958363    0.165269    0.781574    0.814181    0.952991    0.973054    0.949045    4400        105.389222  7.100195    0.004424    0.603886    0.005036    -7.581419   0.500000    10.077141   8.145894    21.000000   0.005020    0.396209    0.984848    0.982847    0.004424    3.333537    3.807853    7.070000    0.030194    0.000001    1.000000    0.250000    3.951160    0.981920    1.000000    15.550557   45.512191   3.951160    0.254270    0.981920    0.244745    0.234428    0.000048    0.999580    3.116250    0.010730    0.026979    0.000000    0.000050    0.000500    0.000005    0.000500    0.000500    0.000005    0.000050    0.000050    0.000050    0.716803    12.614518  
[37m[36mINFO[0m[0m 07/17 15:20:00 | 0.803539    0.821516    0.000000    0.968597    0.109903    0.803539    0.821516    0.976496    0.970060    0.959236    4500        107.784431  7.102099    0.005878    0.603189    0.003892    -7.596486   0.500000    10.064599   8.122592    21.000000   0.003885    0.396906    0.984524    0.982448    0.005878    3.336701    3.805324    7.071939    0.030159    0.000000    1.000000    0.250000    3.985993    0.982112    1.000000    15.873916   45.511023   3.985993    0.251166    0.982112    0.250461    0.240704    0.000040    0.999729    3.757192    0.011220    0.033122    0.000000    0.000050    0.000500    0.000005    0.000500    0.000500    0.000005    0.000050    0.000050    0.000050    0.808047    12.555844  
[37m[36mINFO[0m[0m 07/17 15:21:34 | 0.827334    0.838631    0.000000    0.966732    0.125923    0.827334    0.838631    0.961538    0.973054    0.965605    4600        110.179641  7.102273    0.006558    0.602875    0.002892    -7.617875   0.500000    10.114827   8.096941    21.000000   0.002881    0.397222    0.984239    0.982144    0.006558    3.339258    3.802491    7.072128    0.030144    0.000000    1.000000    0.250000    3.995254    0.982318    1.000000    16.064466   45.513282   3.995254    0.248831    0.982318    0.252238    0.244499    0.000026    0.999857    4.135385    0.011498    0.036654    0.000000    0.000050    0.000500    0.000005    0.000500    0.000500    0.000005    0.000050    0.000050    0.000050    0.764077    12.757756  
[37m[36mINFO[0m[0m 07/17 15:23:07 | 0.829164    0.838631    0.000000    0.972730    0.119220    0.829164    0.838631    0.982906    0.976048    0.959236    4700        112.574850  7.109065    0.009856    0.602776    0.002052    -7.642285   0.500000    10.034934   8.112378    21.000000   0.002046    0.397320    0.983712    0.981538    0.009856    3.342272    3.803221    7.078926    0.030139    0.000000    1.000000    0.250000    3.965932    0.982255    1.000000    15.900168   45.512798   3.965932    0.249614    0.982255    0.249459    0.242904    0.000028    0.999855    5.069353    0.012345    0.048518    0.000000    0.000050    0.000500    0.000005    0.000500    0.000500    0.000005    0.000050    0.000050    0.000050    0.719999    12.760267  
[37m[36mINFO[0m[0m 07/17 15:24:45 | 0.790116    0.792176    0.000000    0.958352    0.173714    0.790116    0.792176    0.950855    0.970060    0.954140    4800        114.970060  7.107539    0.008757    0.602247    0.001792    -7.746090   0.500000    10.114219   8.063857    21.000000   0.001791    0.397849    0.984707    0.982705    0.008757    3.342889    3.803242    7.077426    0.030112    0.000000    1.000000    0.250000    4.052899    0.982366    1.000000    16.476404   45.517574   4.052899    0.246131    0.982366    0.257364    0.251789    0.000022    0.999872    4.263117    0.011991    0.045462    0.000000    0.000050    0.000500    0.000005    0.000500    0.000500    0.000005    0.000050    0.000050    0.000050    0.812838    13.576045  
[37m[36mINFO[0m[0m 07/17 15:26:25 | 0.834655    0.836186    0.000000    0.968758    0.140709    0.834655    0.836186    0.978632    0.976048    0.951592    4900        117.365269  7.084574    0.006611    0.602231    0.001450    -7.806789   0.500000    10.118577   8.063274    21.000000   0.001447    0.397865    0.984608    0.982570    0.006611    3.337939    3.787980    7.054462    0.030112    0.000000    1.000000    0.250000    4.078830    0.981854    1.000000    16.079382   45.525960   4.078830    0.253749    0.981854    0.254309    0.248425    0.000023    0.999855    3.961692    0.011552    0.042186    0.000000    0.000050    0.000500    0.000005    0.000500    0.000500    0.000005    0.000050    0.000050    0.000050    0.842669    13.167465  
[37m[36mINFO[0m[0m 07/17 15:28:02 | 0.858450    0.875306    0.000000    0.978974    0.093178    0.858450    0.875306    0.987179    0.979042    0.970701    5000        119.760479  7.079244    0.003634    0.600240    0.001274    -7.856112   0.500000    10.100269   8.116747    21.000000   0.001273    0.399857    0.985572    0.983722    0.003634    3.330804    3.793355    7.049232    0.030012    0.000000    1.000000    0.250000    4.090995    0.981565    1.000000    15.933607   45.523972   4.090995    0.257133    0.981565    0.253565    0.246998    0.000023    0.999834    2.564076    0.010724    0.024663    0.000000    0.000050    0.000500    0.000005    0.000500    0.000500    0.000005    0.000050    0.000050    0.000050    0.806027    13.921198  
[37m[36mINFO[0m[0m 07/17 15:28:02 | ---
[37m[33mWARNING[0m[0m 07/17 15:28:03 | Evaluate SWAD ...
[37m[36mINFO[0m[0m 07/17 15:28:16 | 0.912142    0.897311    0.000000    0.983950    0.257547    0.912142    0.897311    0.980769    0.994012    0.977070    [301-5000]  (N=48)
[37m[36mINFO[0m[0m 07/17 15:28:16 | oracle = 85.540%
[37m[36mINFO[0m[0m 07/17 15:28:16 | iid = 84.930%
[37m[36mINFO[0m[0m 07/17 15:28:16 | last = 85.845%
[37m[36mINFO[0m[0m 07/17 15:28:16 | last (inD) = 97.897%
[37m[36mINFO[0m[0m 07/17 15:28:16 | iid (inD) = 97.926%
[37m[36mINFO[0m[0m 07/17 15:28:16 | SWAD = 91.214%
[37m[36mINFO[0m[0m 07/17 15:28:16 | SWAD (inD) = 98.395%
[37m[36mINFO[0m[0m 07/17 15:28:17 | 
[37m[36mINFO[0m[0m 07/17 15:28:21 | Testenv name escaping te_cartoon -> te_cartoon
[37m[36mINFO[0m[0m 07/17 15:28:21 | Test envs = [1], name = te_cartoon
[37m[36mINFO[0m[0m 07/17 15:28:21 | Batch sizes for each domain: [32, 0, 32, 32] (total=96)
[37m[36mINFO[0m[0m 07/17 15:28:21 | steps-per-epoch for each domain: 51.22, 41.75, 98.25 -> min = 41.75
[37m[36mINFO[0m[0m 07/17 15:28:24 | # of params = 53365703
[37m[36mINFO[0m[0m 07/17 15:28:40 | test_in     test_out    train_in    train_out   tr_outloss  env0_out    env1_in     env1_out    env2_out    env3_out    step        epoch       loss        loss_cls    loss_isr    loss_orth   loss_gt     piccl_alph  paired_res  domain_res  valid_doma  basis_orth  response_c  raw_interv  mediator_i  ce_loss     sup_cl_los  pre_cl_los  dccl_total  weighted_l  weighted_l  piccl_feat  residual_s  residual_d  fused_orig  piccl_exec  original_f  piccl_feat  feature_de  feature_de  original_f  gate_mean   gate_std    gate_min    gate_max    backbone_g  piccl_grad  classifier  has_nan_or  param_grou  param_grou  param_grou  param_grou  param_grou  param_grou  param_grou  param_grou  param_grou  step_time   eval_time  
[37m[36mINFO[0m[0m 07/17 15:28:40 | 0.203625    0.190171    0.000000    0.302488    1.855003    0.293399    0.203625    0.190171    0.419162    0.194904    0           0.000000    12.244287   1.996451    0.000000    0.149580    -5.756462   0.000000    0.000000    0.000000    20.000000   0.137917    0.000000    0.913917    0.913917    1.996451    5.277705    5.027680    12.244272   0.000000    0.000015    0.000000    0.250000    0.000000    1.000000    1.000000    25.206272   45.253387   0.000000    0.000000    1.000000    0.075858    0.000000    0.075858    0.075858    14.754700   0.000171    3.896585    0.000000    0.000050    0.000500    0.000005    0.000500    0.000500    0.000005    0.000050    0.000050    0.000050    0.882302    15.058772  
[37m[36mINFO[0m[0m 07/17 15:30:10 | 0.791045    0.809829    0.000000    0.954816    0.126460    0.948655    0.791045    0.809829    0.982036    0.933758    100         2.395210    8.716379    0.279770    0.974992    0.091455    0.401273    0.000000    12.616272   4.062932    20.970000   0.090794    0.025551    0.969000    0.968130    0.279770    3.806412    4.577426    8.667621    0.048750    0.000009    1.000000    0.250000    0.744156    0.999825    1.000000    41.506512   45.269523   0.744156    0.018350    0.999825    0.087494    0.035572    0.017893    0.563280    15.995978   0.025384    1.887676    0.000000    0.000050    0.000500    0.000005    0.000500    0.000500    0.000005    0.000050    0.000050    0.000050    0.706120    13.156205  
[37m[36mINFO[0m[0m 07/17 15:31:41 | 0.753198    0.762821    0.000000    0.961747    0.125288    0.951100    0.753198    0.762821    0.994012    0.940127    200         4.790419    7.951930    0.090542    0.900294    0.109186    -1.544611   0.000000    11.572983   6.096585    21.000000   0.110369    0.100420    0.977520    0.976736    0.090542    3.519794    4.312015    7.906904    0.045015    0.000011    1.000000    0.250000    1.101059    0.999442    1.000000    33.296281   45.290561   1.101059    0.033363    0.999442    0.107098    0.076940    0.004711    0.952721    14.244047   0.021257    0.702236    0.000000    0.000050    0.000500    0.000005    0.000500    0.000500    0.000005    0.000050    0.000050    0.000050    0.708587    13.142665  
[37m[36mINFO[0m[0m 07/17 15:33:11 | 0.815032    0.816239    0.000000    0.963182    0.112348    0.948655    0.815032    0.816239    0.988024    0.952866    300         7.185629    7.802677    0.075544    0.848630    0.269865    -2.259560   0.000000    11.316359   6.965142    21.000000   0.271266    0.151835    0.979151    0.978237    0.075544    3.485697    4.221573    7.760218    0.042431    0.000027    1.000000    0.250000    1.513288    0.998794    1.000000    29.885653   45.310079   1.513288    0.050774    0.998794    0.127245    0.109922    0.003090    0.980119    13.034519   0.021647    0.543821    0.000000    0.000050    0.000500    0.000005    0.000500    0.000500    0.000005    0.000050    0.000050    0.000050    0.710072    13.435790  
[37m[36mINFO[0m[0m 07/17 15:34:45 | 0.791578    0.822650    0.000000    0.967543    0.113692    0.951100    0.791578    0.822650    0.991018    0.960510    400         9.580838    7.653652    0.051190    0.805266    0.363008    -2.640155   0.000000    11.224021   7.366117    21.000000   0.363622    0.195219    0.980205    0.979255    0.051190    3.440627    4.147936    7.613352    0.040263    0.000036    1.000000    0.250000    1.862120    0.998057    1.000000    28.376653   45.329240   1.862120    0.065798    0.998057    0.146135    0.134831    0.002171    0.991428    12.796964   0.020666    0.440802    0.000000    0.000050    0.000500    0.000005    0.000500    0.000500    0.000005    0.000050    0.000050    0.000050    0.760068    13.662032  
[37m[36mINFO[0m[0m 07/17 15:36:22 | 0.776119    0.799145    0.000000    0.952750    0.151744    0.933985    0.776119    0.799145    0.979042    0.945223    500         11.976048   7.479106    0.023175    0.767734    0.423622    -3.113773   0.000000    11.034996   7.591466    21.000000   0.424281    0.232665    0.982266    0.981471    0.023175    3.378145    4.070495    7.440677    0.038387    0.000042    1.000000    0.250000    2.140712    0.997147    1.000000    25.913890   45.346619   2.140712    0.082741    0.997147    0.158540    0.144989    0.002306    0.990786    7.945445    0.014378    0.182168    0.000000    0.000050    0.000500    0.000005    0.000500    0.000500    0.000005    0.000050    0.000050    0.000050    0.802815    13.899146  
[37m[36mINFO[0m[0m 07/17 15:37:53 | 0.818763    0.833333    0.000000    0.963689    0.113760    0.960880    0.818763    0.833333    0.976048    0.954140    600         14.371257   7.466084    0.026602    0.738442    0.480514    -3.365640   0.025250    11.011873   7.752260    21.000000   0.480932    0.261871    0.982363    0.981371    0.026602    3.390352    4.045816    7.429114    0.036922    0.000048    1.000000    0.250000    2.371976    0.996304    1.000000    24.891021   45.360560   2.371976    0.095418    0.996304    0.173406    0.159701    0.001965    0.992714    8.929183    0.016196    0.219831    0.000000    0.000050    0.000500    0.000005    0.000500    0.000500    0.000005    0.000050    0.000050    0.000050    0.707448    12.901166  
[37m[36mINFO[0m[0m 07/17 15:39:29 | 0.790512    0.794872    0.000000    0.954277    0.151545    0.946210    0.790512    0.794872    0.979042    0.937580    700         16.766467   7.414521    0.020867    0.716644    0.507949    -3.548582   0.075250    10.965872   7.810176    21.000000   0.508093    0.283620    0.983038    0.982069    0.020867    3.376108    4.017149    7.378638    0.035832    0.000051    1.000000    0.250000    2.558788    0.995595    1.000000    24.156836   45.375741   2.558788    0.106042    0.995595    0.183727    0.170751    0.001515    0.995880    8.219468    0.014716    0.174619    0.000000    0.000050    0.000500    0.000005    0.000500    0.000500    0.000005    0.000050    0.000050    0.000050    0.804665    13.016439  
[37m[36mINFO[0m[0m 07/17 15:41:02 | 0.816631    0.835470    0.000000    0.967520    0.094349    0.963325    0.816631    0.835470    0.994012    0.945223    800         19.161677   7.375516    0.018510    0.701312    0.511504    -3.812278   0.125250    10.863570   7.767601    21.000000   0.511380    0.298928    0.983256    0.982144    0.018510    3.370822    3.989191    7.340400    0.035066    0.000051    1.000000    0.250000    2.699904    0.994738    1.000000    23.008151   45.386269   2.699904    0.117440    0.994738    0.191967    0.176886    0.001540    0.995855    8.015635    0.013936    0.142919    0.000000    0.000050    0.000500    0.000005    0.000500    0.000500    0.000005    0.000050    0.000050    0.000050    0.775343    13.296895  
[37m[36mINFO[0m[0m 07/17 15:42:35 | 0.775053    0.788462    0.000000    0.962091    0.113417    0.946210    0.775053    0.788462    0.991018    0.949045    900         21.556886   7.343683    0.018972    0.682455    0.485984    -3.894109   0.175250    10.973579   7.743731    21.000000   0.485670    0.317771    0.982946    0.981669    0.018972    3.368056    3.961425    7.309512    0.034123    0.000049    1.000000    0.250000    2.841750    0.994273    1.000000    23.332443   45.396597   2.841750    0.122000    0.994273    0.207003    0.191942    0.001072    0.997040    8.175635    0.013691    0.143430    0.000000    0.000050    0.000500    0.000005    0.000500    0.000500    0.000005    0.000050    0.000050    0.000050    0.761481    13.911295  
[37m[36mINFO[0m[0m 07/17 15:44:06 | 0.773987    0.794872    0.000000    0.962599    0.119570    0.958435    0.773987    0.794872    0.979042    0.950318    1000        23.952096   7.340675    0.016840    0.671043    0.456446    -4.073680   0.225250    10.944023   7.776454    21.000000   0.456185    0.329166    0.983844    0.982504    0.016840    3.372550    3.958424    7.307077    0.033552    0.000046    1.000000    0.250000    2.958218    0.993560    1.000000    22.577701   45.407029   2.958218    0.131122    0.993560    0.211220    0.196886    0.000930    0.997408    8.413679    0.014629    0.150123    0.000000    0.000050    0.000500    0.000005    0.000500    0.000500    0.000005    0.000050    0.000050    0.000050    0.714534    13.493263  
[37m[36mINFO[0m[0m 07/17 15:45:42 | 0.773987    0.784188    0.000000    0.968062    0.113281    0.973105    0.773987    0.784188    0.982036    0.949045    1100        26.347305   7.328010    0.019899    0.659995    0.430188    -4.157462   0.275250    10.946203   7.823092    21.000000   0.429912    0.340200    0.983047    0.981508    0.019899    3.374592    3.942050    7.294967    0.033000    0.000043    1.000000    0.250000    2.995090    0.993239    1.000000    22.305970   45.415111   2.995090    0.134724    0.993239    0.215727    0.201579    0.000897    0.997584    9.112079    0.014898    0.148090    0.000000    0.000050    0.000500    0.000005    0.000500    0.000500    0.000005    0.000050    0.000050    0.000050    0.786469    13.408492  
[37m[36mINFO[0m[0m 07/17 15:47:18 | 0.791045    0.803419    0.000000    0.963299    0.136197    0.958435    0.791045    0.803419    0.976048    0.955414    1200        28.742515   7.303359    0.022519    0.649961    0.408242    -4.366340   0.325250    10.933196   7.825925    21.000000   0.408186    0.350223    0.983024    0.981361    0.022519    3.366495    3.925470    7.270820    0.032498    0.000041    1.000000    0.250000    3.017177    0.992755    1.000000    21.431395   45.418302   3.017177    0.140922    0.992755    0.214747    0.201181    0.000698    0.998334    8.625312    0.014698    0.154016    0.000000    0.000050    0.000500    0.000005    0.000500    0.000500    0.000005    0.000050    0.000050    0.000050    0.800008    13.688442  
[37m[36mINFO[0m[0m 07/17 15:48:51 | 0.809168    0.814103    0.000000    0.968462    0.121754    0.965770    0.809168    0.814103    0.988024    0.951592    1300        31.137725   7.306509    0.026396    0.639406    0.413799    -4.464137   0.375250    10.989188   7.818065    21.000000   0.413899    0.360767    0.982942    0.981044    0.026396    3.375848    3.916894    7.274498    0.031970    0.000041    1.000000    0.250000    3.018069    0.992392    1.000000    20.895096   45.418300   3.018069    0.144679    0.992392    0.217190    0.203419    0.000568    0.998635    9.318439    0.015635    0.177254    0.000000    0.000050    0.000500    0.000005    0.000500    0.000500    0.000005    0.000050    0.000050    0.000050    0.765999    14.071041  
[37m[36mINFO[0m[0m 07/17 15:50:28 | 0.792111    0.814103    0.000000    0.958558    0.136967    0.943765    0.792111    0.814103    0.979042    0.952866    1400        33.532934   7.255667    0.012259    0.634067    0.425922    -4.565215   0.425250    10.983456   7.882947    21.000000   0.426008    0.366093    0.984241    0.982407    0.012259    3.354524    3.902790    7.223921    0.031703    0.000043    1.000000    0.250000    3.161931    0.992108    1.000000    21.720346   45.428219   3.161931    0.145740    0.992108    0.230513    0.217260    0.000391    0.999012    7.264615    0.012006    0.095316    0.000000    0.000050    0.000500    0.000005    0.000500    0.000500    0.000005    0.000050    0.000050    0.000050    0.799915    14.012223  
[37m[36mINFO[0m[0m 07/17 15:51:58 | 0.774520    0.803419    0.000000    0.961196    0.148415    0.938875    0.774520    0.803419    0.988024    0.956688    1500        35.928144   7.277927    0.021776    0.628133    0.429068    -4.704641   0.475250    10.966547   7.871404    21.000000   0.429055    0.372021    0.983059    0.980774    0.021776    3.371866    3.899883    7.246478    0.031407    0.000043    1.000000    0.250000    3.110080    0.991801    1.000000    21.097899   45.425323   3.110080    0.147584    0.991801    0.228282    0.216731    0.000348    0.999228    9.936644    0.014804    0.151998    0.000000    0.000050    0.000500    0.000005    0.000500    0.000500    0.000005    0.000050    0.000050    0.000050    0.707382    13.645716  
[37m[36mINFO[0m[0m 07/17 15:53:09 | 0.793710    0.824786    0.000000    0.962494    0.131896    0.946210    0.793710    0.824786    0.982036    0.959236    1600        38.323353   7.206688    0.008142    0.624898    0.423007    -4.885039   0.500000    10.924149   7.853781    21.000000   0.422935    0.375245    0.984758    0.982731    0.008142    3.346176    3.869933    7.175400    0.031245    0.000042    1.000000    0.250000    3.168578    0.991253    1.000000    20.517342   45.429598   3.168578    0.154725    0.991253    0.228765    0.214795    0.000355    0.998821    5.110285    0.010626    0.070278    0.000000    0.000050    0.000500    0.000005    0.000500    0.000500    0.000005    0.000050    0.000050    0.000050    0.548177    13.810457  
[37m[36mINFO[0m[0m 07/17 15:54:43 | 0.803838    0.833333    0.000000    0.971044    0.097546    0.963325    0.803838    0.833333    0.988024    0.961783    1700        40.718563   7.177046    0.002086    0.620621    0.417167    -5.056211   0.500000    10.903812   7.867187    21.000000   0.417092    0.379513    0.985850    0.984051    0.002086    3.331317    3.863132    7.145973    0.031031    0.000042    1.000000    0.250000    3.277418    0.990486    1.000000    19.900051   45.443357   3.277418    0.164951    0.990486    0.232957    0.214432    0.000420    0.998626    2.538313    0.008539    0.019215    0.000000    0.000050    0.000500    0.000005    0.000500    0.000500    0.000005    0.000050    0.000050    0.000050    0.703473    15.240151  
[37m[36mINFO[0m[0m 07/17 15:56:19 | 0.738806    0.760684    0.000000    0.951948    0.165688    0.929095    0.738806    0.760684    0.970060    0.956688    1800        43.113772   7.192851    0.007875    0.619688    0.404896    -5.196705   0.500000    10.847286   7.886651    21.000000   0.404679    0.380439    0.984515    0.982331    0.007875    3.341958    3.863960    7.161826    0.030984    0.000040    1.000000    0.250000    3.248922    0.989797    1.000000    18.881877   45.442312   3.248922    0.172179    0.989797    0.231950    0.209677    0.000535    0.998026    4.860307    0.010734    0.058524    0.000000    0.000050    0.000500    0.000005    0.000500    0.000500    0.000005    0.000050    0.000050    0.000050    0.805903    12.782129  
[37m[36mINFO[0m[0m 07/17 15:57:56 | 0.806503    0.820513    0.000000    0.966683    0.140463    0.960880    0.806503    0.820513    0.985030    0.954140    1900        45.508982   7.168216    0.008208    0.617067    0.374564    -5.294903   0.500000    10.910896   7.903610    21.000000   0.374251    0.383051    0.984455    0.982332    0.008208    3.337543    3.844523    7.137325    0.030853    0.000037    1.000000    0.250000    3.329190    0.989301    1.000000    18.736178   45.452762   3.329190    0.177761    0.989301    0.235356    0.212267    0.000507    0.998144    5.097234    0.010823    0.060807    0.000000    0.000050    0.000500    0.000005    0.000500    0.000500    0.000005    0.000050    0.000050    0.000050    0.806944    13.804858  
[37m[36mINFO[0m[0m 07/17 15:59:32 | 0.815565    0.829060    0.000000    0.950730    0.200641    0.926650    0.815565    0.829060    0.979042    0.946497    2000        47.904192   7.239961    0.025308    0.612289    0.344656    -5.254302   0.500000    11.040898   7.898447    21.000000   0.344329    0.387834    0.983397    0.980814    0.025308    3.374577    3.861971    7.209312    0.030614    0.000034    1.000000    0.250000    3.391339    0.989899    1.000000    20.816122   45.457886   3.391339    0.164624    0.989899    0.256750    0.238415    0.000234    0.999461    9.240706    0.015076    0.128416    0.000000    0.000050    0.000500    0.000005    0.000500    0.000500    0.000005    0.000050    0.000050    0.000050    0.805808    13.154015  
[37m[36mINFO[0m[0m 07/17 16:01:06 | 0.786247    0.807692    0.000000    0.952728    0.183084    0.933985    0.786247    0.807692    0.970060    0.954140    2100        50.299401   7.230937    0.020069    0.612701    0.308820    -5.408162   0.500000    11.027779   7.861464    21.000000   0.308456    0.387417    0.984028    0.981643    0.020069    3.373382    3.860901    7.200271    0.030635    0.000031    1.000000    0.250000    3.328826    0.989913    1.000000    19.958898   45.454603   3.328826    0.166950    0.989913    0.241323    0.230414    0.000160    0.999618    9.423332    0.014733    0.120197    0.000000    0.000050    0.000500    0.000005    0.000500    0.000500    0.000005    0.000050    0.000050    0.000050    0.779431    13.330347  
[37m[36mINFO[0m[0m 07/17 16:02:37 | 0.824094    0.850427    0.000000    0.958890    0.173710    0.941320    0.824094    0.850427    0.985030    0.950318    2200        52.694611   7.194275    0.018583    0.610916    0.276283    -5.504824   0.500000    11.041752   7.864864    21.000000   0.275977    0.389196    0.983915    0.981594    0.018583    3.360086    3.840080    7.163701    0.030546    0.000028    1.000000    0.250000    3.364521    0.989504    1.000000    19.617974   45.452947   3.364521    0.171746    0.989504    0.238843    0.228814    0.000129    0.999582    8.758947    0.013525    0.113735    0.000000    0.000050    0.000500    0.000005    0.000500    0.000500    0.000005    0.000050    0.000050    0.000050    0.695961    13.475757  
[37m[36mINFO[0m[0m 07/17 16:04:08 | 0.821429    0.835470    0.000000    0.961037    0.137964    0.948655    0.821429    0.835470    0.979042    0.955414    2300        55.089820   7.130385    0.005478    0.612482    0.244516    -5.629229   0.500000    10.916726   7.930081    21.000000   0.244218    0.387624    0.985601    0.983836    0.005478    3.331462    3.819089    7.099737    0.030624    0.000024    1.000000    0.250000    3.429974    0.989137    1.000000    19.113663   45.463847   3.429974    0.179688    0.989137    0.235816    0.225720    0.000141    0.999517    3.984009    0.009681    0.037512    0.000000    0.000050    0.000500    0.000005    0.000500    0.000500    0.000005    0.000050    0.000050    0.000050    0.698613    13.476726  
[37m[36mINFO[0m[0m 07/17 16:05:42 | 0.761194    0.754274    0.000000    0.962713    0.136908    0.960880    0.761194    0.754274    0.982036    0.945223    2400        57.485030   7.134096    0.005294    0.610058    0.220077    -5.803983   0.500000    10.902198   7.974664    21.000000   0.219870    0.390045    0.985276    0.983452    0.005294    3.335947    3.820369    7.103571    0.030503    0.000022    1.000000    0.250000    3.457809    0.988143    1.000000    18.030366   45.467012   3.457809    0.191966    0.988143    0.233338    0.218619    0.000253    0.998913    3.702416    0.009325    0.034906    0.000000    0.000050    0.000500    0.000005    0.000500    0.000500    0.000005    0.000050    0.000050    0.000050    0.786684    13.360270  
[37m[36mINFO[0m[0m 07/17 16:07:14 | 0.799041    0.820513    0.000000    0.960612    0.144155    0.948655    0.799041    0.820513    0.979042    0.954140    2500        59.880240   7.147949    0.009334    0.610217    0.198927    -5.914834   0.500000    10.892090   7.945372    21.000000   0.198710    0.389883    0.984973    0.982971    0.009334    3.342760    3.824473    7.117419    0.030511    0.000020    1.000000    0.250000    3.460616    0.987765    1.000000    17.847179   45.469587   3.460616    0.193992    0.987765    0.236008    0.220904    0.000210    0.999363    5.344850    0.011058    0.060207    0.000000    0.000050    0.000500    0.000005    0.000500    0.000500    0.000005    0.000050    0.000050    0.000050    0.712157    13.730738  
[37m[36mINFO[0m[0m 07/17 16:08:49 | 0.792644    0.822650    0.000000    0.962919    0.160224    0.946210    0.792644    0.822650    0.982036    0.960510    2600        62.275449   7.152601    0.011262    0.609133    0.176451    -5.973287   0.500000    10.937918   7.916026    21.000000   0.176208    0.390966    0.984241    0.981977    0.011262    3.350629    3.819968    7.122127    0.030457    0.000018    1.000000    0.250000    3.488729    0.987582    1.000000    17.981651   45.472544   3.488729    0.194162    0.987582    0.239513    0.225455    0.000198    0.999329    6.115733    0.011944    0.072765    0.000000    0.000050    0.000500    0.000005    0.000500    0.000500    0.000005    0.000050    0.000050    0.000050    0.791518    13.522758  
[37m[36mINFO[0m[0m 07/17 16:10:24 | 0.829424    0.856838    0.000000    0.953958    0.162371    0.946210    0.829424    0.856838    0.964072    0.951592    2700        64.670659   7.161313    0.016188    0.606651    0.155617    -6.064841   0.500000    10.978967   7.915386    21.000000   0.155436    0.393449    0.983926    0.981751    0.016188    3.351869    3.823556    7.130965    0.030333    0.000016    1.000000    0.250000    3.470227    0.987392    1.000000    17.484088   45.478711   3.470227    0.198660    0.987392    0.233624    0.221352    0.000153    0.999443    8.037732    0.013127    0.088919    0.000000    0.000050    0.000500    0.000005    0.000500    0.000500    0.000005    0.000050    0.000050    0.000050    0.783319    13.853634  
[37m[36mINFO[0m[0m 07/17 16:11:37 | 0.800107    0.818376    0.000000    0.953039    0.199442    0.931540    0.800107    0.818376    0.967066    0.960510    2800        67.065868   7.155546    0.015346    0.608019    0.135161    -6.145070   0.500000    10.972906   7.920642    21.000000   0.134913    0.392081    0.984654    0.982577    0.015346    3.357875    3.813361    7.125132    0.030401    0.000014    1.000000    0.250000    3.497536    0.987912    1.000000    18.399405   45.472957   3.497536    0.190453    0.987912    0.240394    0.231378    0.000103    0.999617    7.176876    0.012873    0.080066    0.000000    0.000050    0.000500    0.000005    0.000500    0.000500    0.000005    0.000050    0.000050    0.000050    0.554139    12.850965  
[37m[36mINFO[0m[0m 07/17 16:12:36 | 0.826759    0.837607    0.000000    0.956928    0.187606    0.938875    0.826759    0.837607    0.979042    0.952866    2900        69.461078   7.142285    0.014443    0.609923    0.112251    -6.220802   0.500000    10.964850   7.928143    21.000000   0.112090    0.390177    0.983661    0.981542    0.014443    3.352332    3.807210    7.111777    0.030496    0.000011    1.000000    0.250000    3.507176    0.987596    1.000000    17.966212   45.478779   3.507176    0.195533    0.987596    0.236996    0.227822    0.000086    0.999558    7.354370    0.012506    0.079773    0.000000    0.000050    0.000500    0.000005    0.000500    0.000500    0.000005    0.000050    0.000050    0.000050    0.447367    12.359539  
[37m[36mINFO[0m[0m 07/17 16:13:35 | 0.794243    0.811966    0.000000    0.947424    0.232885    0.909535    0.794243    0.811966    0.976048    0.956688    3000        71.856287   7.108891    0.006657    0.608199    0.100019    -6.327089   0.500000    10.967797   7.919466    21.000000   0.099911    0.391898    0.985100    0.983321    0.006657    3.337867    3.797219    7.078471    0.030410    0.000010    1.000000    0.250000    3.616924    0.987285    1.000000    18.145342   45.488200   3.616924    0.199470    0.987285    0.241373    0.232565    0.000087    0.999735    5.030284    0.010654    0.044902    0.000000    0.000050    0.000500    0.000005    0.000500    0.000500    0.000005    0.000050    0.000050    0.000050    0.449277    12.230890  
[37m[36mINFO[0m[0m 07/17 16:14:33 | 0.819829    0.831197    0.000000    0.969770    0.137098    0.963325    0.819829    0.831197    0.988024    0.957962    3100        74.251497   7.100346    0.006190    0.608160    0.087990    -6.458128   0.500000    10.915568   7.909652    21.000000   0.087859    0.391937    0.985173    0.983416    0.006190    3.334165    3.794156    7.069929    0.030408    0.000009    1.000000    0.250000    3.619600    0.986553    1.000000    17.383251   45.489229   3.619600    0.208336    0.986553    0.238243    0.227572    0.000114    0.999544    4.431698    0.010345    0.046388    0.000000    0.000050    0.000500    0.000005    0.000500    0.000500    0.000005    0.000050    0.000050    0.000050    0.447353    11.313766  
[37m[36mINFO[0m[0m 07/17 16:15:31 | 0.738273    0.767094    0.000000    0.959946    0.175296    0.946210    0.738273    0.767094    0.982036    0.951592    3200        76.646707   7.097206    0.004841    0.608845    0.075801    -6.559954   0.500000    10.947828   7.891447    21.000000   0.075692    0.391250    0.985934    0.984285    0.004841    3.331911    3.795604    7.066756    0.030442    0.000008    1.000000    0.250000    3.764315    0.986235    1.000000    17.822074   45.500596   3.764315    0.211320    0.986235    0.247810    0.236077    0.000108    0.999556    3.762967    0.009891    0.031872    0.000000    0.000050    0.000500    0.000005    0.000500    0.000500    0.000005    0.000050    0.000050    0.000050    0.448323    11.515601  
[37m[36mINFO[0m[0m 07/17 16:16:29 | 0.794243    0.807692    0.000000    0.960464    0.130621    0.948655    0.794243    0.807692    0.976048    0.956688    3300        79.041916   7.115822    0.009411    0.607483    0.064562    -6.645739   0.500000    10.926694   7.914545    21.000000   0.064448    0.392612    0.984419    0.982451    0.009411    3.345631    3.796857    7.085442    0.030374    0.000006    1.000000    0.250000    3.629392    0.985778    1.000000    16.722019   45.495922   3.629392    0.217217    0.985778    0.236190    0.224105    0.000132    0.999440    4.904204    0.011000    0.046246    0.000000    0.000050    0.000500    0.000005    0.000500    0.000500    0.000005    0.000050    0.000050    0.000050    0.448605    11.480374  
[37m[36mINFO[0m[0m 07/17 16:17:27 | 0.828358    0.844017    0.000000    0.967018    0.130569    0.965770    0.828358    0.844017    0.976048    0.959236    3400        81.437126   7.083225    0.001517    0.606286    0.055154    -6.719984   0.500000    10.906271   7.966611    21.000000   0.055073    0.393810    0.985842    0.984277    0.001517    3.325548    3.793040    7.052905    0.030314    0.000006    1.000000    0.250000    3.754706    0.985297    1.000000    16.860687   45.507779   3.754706    0.222848    0.985297    0.242435    0.229756    0.000127    0.999530    2.262256    0.008922    0.013886    0.000000    0.000050    0.000500    0.000005    0.000500    0.000500    0.000005    0.000050    0.000050    0.000050    0.447511    11.443894  
[37m[36mINFO[0m[0m 07/17 16:18:26 | 0.787313    0.839744    0.000000    0.950836    0.192679    0.958435    0.787313    0.839744    0.973054    0.921019    3500        83.832335   7.096440    0.011385    0.608975    0.046666    -6.822735   0.500000    10.874447   7.994852    21.000000   0.046577    0.391119    0.983937    0.981987    0.011385    3.341100    3.781729    7.065986    0.030449    0.000005    1.000000    0.250000    3.705133    0.984727    1.000000    16.190510   45.504899   3.705133    0.229062    0.984727    0.237970    0.223722    0.000169    0.999322    6.892337    0.012411    0.052641    0.000000    0.000050    0.000500    0.000005    0.000500    0.000500    0.000005    0.000050    0.000050    0.000050    0.448335    11.391053  
[37m[36mINFO[0m[0m 07/17 16:19:25 | 0.837953    0.854701    0.000000    0.952809    0.181300    0.938875    0.837953    0.854701    0.973054    0.946497    3600        86.227545   7.140900    0.018419    0.607485    0.037755    -6.814373   0.500000    11.018671   7.952064    21.000000   0.037675    0.392613    0.983279    0.980944    0.018419    3.360905    3.799342    7.110522    0.030374    0.000004    1.000000    0.250000    3.680417    0.986049    1.000000    17.692631   45.493536   3.680417    0.208377    0.986049    0.247892    0.240737    0.000065    0.999773    8.552556    0.014512    0.096205    0.000000    0.000050    0.000500    0.000005    0.000500    0.000500    0.000005    0.000050    0.000050    0.000050    0.447330    12.274229  
[37m[36mINFO[0m[0m 07/17 16:20:23 | 0.763859    0.762821    0.000000    0.958341    0.164208    0.948655    0.763859    0.762821    0.976048    0.950318    3700        88.622754   7.103466    0.014233    0.608253    0.030535    -6.890670   0.500000    10.924798   7.891471    21.000000   0.030462    0.391843    0.984623    0.982808    0.014233    3.346755    3.780969    7.073051    0.030413    0.000003    1.000000    0.250000    3.704059    0.985771    1.000000    17.173084   45.500558   3.704059    0.215915    0.985771    0.239110    0.233901    0.000070    0.999763    6.987491    0.012662    0.076922    0.000000    0.000050    0.000500    0.000005    0.000500    0.000500    0.000005    0.000050    0.000050    0.000050    0.449481    11.559961  
[37m[36mINFO[0m[0m 07/17 16:21:22 | 0.801706    0.829060    0.000000    0.961852    0.153604    0.951100    0.801706    0.829060    0.979042    0.955414    3800        91.017964   7.101940    0.009903    0.607275    0.024103    -6.955636   0.500000    10.966892   7.887022    21.000000   0.024058    0.392820    0.984708    0.982891    0.009903    3.345476    3.785752    7.071574    0.030364    0.000002    1.000000    0.250000    3.737472    0.985379    1.000000    17.020010   45.500836   3.737472    0.219766    0.985379    0.239656    0.234201    0.000058    0.999731    5.044731    0.011097    0.053517    0.000000    0.000050    0.000500    0.000005    0.000500    0.000500    0.000005    0.000050    0.000050    0.000050    0.447989    12.201867  
[37m[36mINFO[0m[0m 07/17 16:22:21 | 0.824094    0.835470    0.000000    0.967315    0.133848    0.965770    0.824094    0.835470    0.982036    0.954140    3900        93.413174   7.065474    0.005335    0.607630    0.020168    -7.101150   0.500000    10.849095   7.929313    21.000000   0.020128    0.392464    0.985809    0.984345    0.005335    3.333214    3.767552    7.035090    0.030382    0.000002    1.000000    0.250000    3.748157    0.984807    1.000000    16.345075   45.507995   3.748157    0.229451    0.984807    0.233435    0.227054    0.000085    0.999506    2.997784    0.009471    0.031288    0.000000    0.000050    0.000500    0.000005    0.000500    0.000500    0.000005    0.000050    0.000050    0.000050    0.445342    12.335479  
[37m[36mINFO[0m[0m 07/17 16:23:19 | 0.840085    0.856838    0.000000    0.969256    0.120005    0.968215    0.840085    0.856838    0.979042    0.960510    4000        95.808383   7.049767    0.002676    0.608076    0.016909    -7.205309   0.500000    10.925790   7.938550    21.000000   0.016880    0.392018    0.986839    0.985570    0.002676    3.322473    3.766264    7.019361    0.030404    0.000002    1.000000    0.250000    3.869063    0.984452    1.000000    16.625067   45.517297   3.869063    0.232868    0.984452    0.243021    0.234571    0.000091    0.999521    1.932398    0.008924    0.017448    0.000000    0.000050    0.000500    0.000005    0.000500    0.000500    0.000005    0.000050    0.000050    0.000050    0.449091    11.055614  
[37m[36mINFO[0m[0m 07/17 16:24:17 | 0.830490    0.848291    0.000000    0.959742    0.139031    0.948655    0.830490    0.848291    0.970060    0.960510    4100        98.203593   7.051171    0.002979    0.607862    0.013921    -7.304582   0.500000    10.881690   7.939625    21.000000   0.013892    0.392231    0.986174    0.984771    0.002979    3.327492    3.763352    7.020776    0.030393    0.000001    1.000000    0.250000    3.851179    0.983775    1.000000    16.064856   45.515184   3.851179    0.239853    0.983775    0.240594    0.229779    0.000095    0.999501    2.603885    0.009558    0.020042    0.000000    0.000050    0.000500    0.000005    0.000500    0.000500    0.000005    0.000050    0.000050    0.000050    0.448595    11.374325  
[37m[36mINFO[0m[0m 07/17 16:25:15 | 0.791045    0.803419    0.000000    0.960439    0.168963    0.941320    0.791045    0.803419    0.982036    0.957962    4200        100.598802  7.083983    0.011451    0.607181    0.011475    -7.281426   0.500000    10.914678   7.903999    21.000000   0.011451    0.392913    0.983412    0.981374    0.011451    3.346284    3.768702    7.053622    0.030359    0.000001    1.000000    0.250000    3.862468    0.984031    1.000000    16.655569   45.517673   3.862468    0.232175    0.984031    0.247653    0.238806    0.000055    0.999775    7.007194    0.012892    0.062029    0.000000    0.000050    0.000500    0.000005    0.000500    0.000500    0.000005    0.000050    0.000050    0.000050    0.447926    11.445873  
[37m[36mINFO[0m[0m 07/17 16:26:13 | 0.803305    0.829060    0.000000    0.960913    0.165147    0.955990    0.803305    0.829060    0.970060    0.956688    4300        102.994012  7.108410    0.014464    0.607392    0.008932    -7.244903   0.500000    10.985187   7.924436    21.000000   0.008909    0.392704    0.983294    0.981214    0.014464    3.360555    3.775470    7.078039    0.030370    0.000001    1.000000    0.250000    3.776341    0.984654    1.000000    16.777047   45.510016   3.776341    0.225581    0.984654    0.242761    0.238474    0.000055    0.999775    7.598972    0.013445    0.068650    0.000000    0.000050    0.000500    0.000005    0.000500    0.000500    0.000005    0.000050    0.000050    0.000050    0.446564    11.685405  
[37m[36mINFO[0m[0m 07/17 16:27:11 | 0.830490    0.831197    0.000000    0.963665    0.161533    0.953545    0.830490    0.831197    0.982036    0.955414    4400        105.389222  7.108767    0.020497    0.605544    0.006881    -7.295162   0.500000    11.040676   7.964921    21.000000   0.006864    0.394551    0.982893    0.980826    0.020497    3.359603    3.771341    7.078490    0.030277    0.000001    1.000000    0.250000    3.772421    0.984892    1.000000    16.843432   45.510272   3.772421    0.224469    0.984892    0.239675    0.238660    0.000040    0.999803    8.901015    0.014780    0.094811    0.000000    0.000050    0.000500    0.000005    0.000500    0.000500    0.000005    0.000050    0.000050    0.000050    0.446668    11.348697  
[37m[36mINFO[0m[0m 07/17 16:28:09 | 0.843284    0.844017    0.000000    0.960888    0.163379    0.948655    0.843284    0.844017    0.976048    0.957962    4500        107.784431  7.073641    0.006406    0.605941    0.005457    -7.402786   0.500000    10.982103   7.982193    21.000000   0.005446    0.394156    0.985031    0.983358    0.006406    3.342708    3.768257    7.043343    0.030297    0.000001    1.000000    0.250000    3.846722    0.984938    1.000000    17.351366   45.513967   3.846722    0.221853    0.984938    0.244738    0.245812    0.000012    0.999922    5.099587    0.011197    0.044986    0.000000    0.000050    0.000500    0.000005    0.000500    0.000500    0.000005    0.000050    0.000050    0.000050    0.447279    11.606687  
[37m[36mINFO[0m[0m 07/17 16:29:08 | 0.834222    0.865385    0.000000    0.952111    0.162661    0.946210    0.834222    0.865385    0.961078    0.949045    4600        110.179641  7.082882    0.008641    0.605621    0.004435    -7.514942   0.500000    11.001571   7.976751    21.000000   0.004425    0.394475    0.985416    0.983886    0.008641    3.346140    3.772968    7.052600    0.030281    0.000000    1.000000    0.250000    3.868484    0.984677    1.000000    16.884555   45.522010   3.868484    0.229284    0.984677    0.241207    0.241748    0.000015    0.999883    5.214700    0.011563    0.047995    0.000000    0.000050    0.000500    0.000005    0.000500    0.000500    0.000005    0.000050    0.000050    0.000050    0.447296    11.738870  
[37m[36mINFO[0m[0m 07/17 16:30:06 | 0.797441    0.818376    0.000000    0.945557    0.215602    0.929095    0.797441    0.818376    0.961078    0.946497    4700        112.574850  7.085985    0.013988    0.604562    0.003741    -7.490401   0.500000    11.005672   7.953370    21.000000   0.003736    0.395533    0.983849    0.981938    0.013988    3.350436    3.766236    7.055756    0.030228    0.000000    1.000000    0.250000    3.799522    0.984403    1.000000    16.456895   45.517515   3.799522    0.231138    0.984403    0.236532    0.238008    0.000017    0.999878    7.828813    0.012805    0.066961    0.000000    0.000050    0.000500    0.000005    0.000500    0.000500    0.000005    0.000050    0.000050    0.000050    0.446619    11.868687  
[37m[36mINFO[0m[0m 07/17 16:31:04 | 0.767591    0.779915    0.000000    0.965688    0.141002    0.968215    0.767591    0.779915    0.967066    0.961783    4800        114.970060  7.046672    0.006485    0.603964    0.003048    -7.530079   0.500000    11.006827   7.929237    21.000000   0.003039    0.396131    0.985763    0.984238    0.006485    3.332654    3.752634    7.016473    0.030198    0.000000    1.000000    0.250000    3.902024    0.984501    1.000000    17.166745   45.527454   3.902024    0.227518    0.984501    0.245257    0.248289    0.000009    0.999948    3.759900    0.010151    0.033598    0.000000    0.000050    0.000500    0.000005    0.000500    0.000500    0.000005    0.000050    0.000050    0.000050    0.446922    11.677107  
[37m[36mINFO[0m[0m 07/17 16:32:03 | 0.839019    0.867521    0.000000    0.962714    0.147684    0.948655    0.839019    0.867521    0.970060    0.969427    4900        117.365269  7.024248    0.003845    0.606045    0.002319    -7.712021   0.500000    10.973718   7.944708    21.000000   0.002313    0.394049    0.986358    0.985073    0.003845    3.324027    3.743194    6.993946    0.030302    0.000000    1.000000    0.250000    3.944178    0.983554    1.000000    16.292122   45.533148   3.944178    0.242262    0.983554    0.238970    0.239214    0.000019    0.999834    2.743159    0.009580    0.021752    0.000000    0.000050    0.000500    0.000005    0.000500    0.000500    0.000005    0.000050    0.000050    0.000050    0.447392    12.132015  
[37m[36mINFO[0m[0m 07/17 16:33:02 | 0.807569    0.858974    0.000000    0.951904    0.185245    0.941320    0.807569    0.858974    0.964072    0.950318    5000        119.760479  7.039877    0.008369    0.606064    0.001673    -7.706899   0.500000    10.947997   7.991456    21.000000   0.001668    0.394029    0.985089    0.983581    0.008369    3.335829    3.742445    7.009574    0.030303    0.000000    1.000000    0.250000    3.851389    0.983487    1.000000    15.767204   45.530202   3.851389    0.244386    0.983487    0.232830    0.234095    0.000011    0.999886    5.319413    0.011443    0.041652    0.000000    0.000050    0.000500    0.000005    0.000500    0.000500    0.000005    0.000050    0.000050    0.000050    0.446880    12.404069  
[37m[36mINFO[0m[0m 07/17 16:33:02 | ---
[37m[33mWARNING[0m[0m 07/17 16:33:03 | Evaluate SWAD ...
[37m[36mINFO[0m[0m 07/17 16:33:15 | 0.847015    0.867521    0.000000    0.975302    0.346982    0.973105    0.847015    0.867521    0.991018    0.961783    [101-4900]  (N=49)
[37m[36mINFO[0m[0m 07/17 16:33:15 | oracle = 83.902%
[37m[36mINFO[0m[0m 07/17 16:33:15 | iid = 80.384%
[37m[36mINFO[0m[0m 07/17 16:33:15 | last = 80.757%
[37m[36mINFO[0m[0m 07/17 16:33:15 | last (inD) = 95.190%
[37m[36mINFO[0m[0m 07/17 16:33:15 | iid (inD) = 97.104%
[37m[36mINFO[0m[0m 07/17 16:33:15 | SWAD = 84.701%
[37m[36mINFO[0m[0m 07/17 16:33:15 | SWAD (inD) = 97.530%
[37m[36mINFO[0m[0m 07/17 16:33:16 | 
[37m[36mINFO[0m[0m 07/17 16:33:20 | Testenv name escaping te_photo -> te_photo
[37m[36mINFO[0m[0m 07/17 16:33:20 | Test envs = [2], name = te_photo
[37m[36mINFO[0m[0m 07/17 16:33:20 | Batch sizes for each domain: [32, 32, 0, 32] (total=96)
[37m[36mINFO[0m[0m 07/17 16:33:20 | steps-per-epoch for each domain: 51.22, 58.62, 98.25 -> min = 51.22
[37m[36mINFO[0m[0m 07/17 16:33:23 | # of params = 53365703
[37m[36mINFO[0m[0m 07/17 16:33:35 | test_in     test_out    train_in    train_out   tr_outloss  env0_out    env1_out    env2_in     env2_out    env3_out    step        epoch       loss        loss_cls    loss_isr    loss_orth   loss_gt     piccl_alph  paired_res  domain_res  valid_doma  basis_orth  response_c  raw_interv  mediator_i  ce_loss     sup_cl_los  pre_cl_los  dccl_total  weighted_l  weighted_l  piccl_feat  residual_s  residual_d  fused_orig  piccl_exec  original_f  piccl_feat  feature_de  feature_de  original_f  gate_mean   gate_std    gate_min    gate_max    backbone_g  piccl_grad  classifier  has_nan_or  param_grou  param_grou  param_grou  param_grou  param_grou  param_grou  param_grou  param_grou  param_grou  step_time   eval_time  
[37m[36mINFO[0m[0m 07/17 16:33:35 | 0.340569    0.329341    0.000000    0.233855    1.915492    0.259169    0.256410    0.340569    0.329341    0.185987    0           0.000000    12.302186   1.999541    0.000000    0.113297    -5.756462   0.000000    0.000000    0.000000    19.000000   0.102994    0.000000    0.898758    0.898758    1.999541    5.246944    5.113254    12.302175   0.000000    0.000011    0.000000    0.250000    0.000000    1.000000    1.000000    24.871250   45.253338   0.000000    0.000000    1.000000    0.075858    0.000000    0.075858    0.075858    8.549348    0.000150    2.751087    0.000000    0.000050    0.000500    0.000005    0.000500    0.000500    0.000005    0.000050    0.000050    0.000050    0.424987    12.063780  
[37m[36mINFO[0m[0m 07/17 16:34:34 | 0.975299    0.973054    0.000000    0.935807    0.180498    0.938875    0.961538    0.975299    0.973054    0.907006    100         1.952410    9.142778    0.378368    0.976685    0.067244    0.739706    0.000000    13.343252   3.348785    21.000000   0.066746    0.023814    0.963149    0.962014    0.378368    3.954941    4.753231    9.093937    0.048834    0.000007    1.000000    0.250000    0.784710    0.999808    1.000000    41.628658   45.268565   0.784710    0.019273    0.999808    0.089716    0.037873    0.020217    0.492562    15.621971   0.027940    2.269408    0.000000    0.000050    0.000500    0.000005    0.000500    0.000500    0.000005    0.000050    0.000050    0.000050    0.448359    12.182447  
[37m[36mINFO[0m[0m 07/17 16:35:32 | 0.960329    0.949102    0.000000    0.946299    0.149714    0.938875    0.970085    0.960329    0.949102    0.929936    200         3.904820    8.259238    0.121800    0.901508    0.078954    -1.168179   0.000000    12.218831   5.326240    21.000000   0.079810    0.099375    0.973050    0.971922    0.121800    3.602754    4.501283    8.214155    0.045075    0.000008    1.000000    0.250000    1.195681    0.999345    1.000000    33.685109   45.291338   1.195681    0.035762    0.999345    0.114030    0.086504    0.004598    0.927042    15.369951   0.023786    0.872156    0.000000    0.000050    0.000500    0.000005    0.000500    0.000500    0.000005    0.000050    0.000050    0.000050    0.447488    10.829690  
[37m[36mINFO[0m[0m 07/17 16:36:29 | 0.976796    0.955090    0.000000    0.952668    0.141933    0.948655    0.967949    0.976796    0.955090    0.941401    300         5.857230    8.004282    0.077202    0.834416    0.217602    -1.933701   0.000000    11.856722   6.234902    21.000000   0.219060    0.166129    0.975613    0.974406    0.077202    3.514023    4.390652    7.962540    0.041721    0.000022    1.000000    0.250000    1.633016    0.998643    1.000000    30.681336   45.312217   1.633016    0.053338    0.998643    0.137952    0.122724    0.002741    0.980450    13.643959   0.022215    0.572542    0.000000    0.000050    0.000500    0.000005    0.000500    0.000500    0.000005    0.000050    0.000050    0.000050    0.447356    10.822530  
[37m[36mINFO[0m[0m 07/17 16:37:27 | 0.978293    0.964072    0.000000    0.955093    0.144186    0.948655    0.976496    0.978293    0.964072    0.940127    400         7.809640    7.836826    0.053686    0.788557    0.330968    -2.372315   0.000000    11.678299   6.675236    21.000000   0.331881    0.211927    0.977744    0.976507    0.053686    3.454823    4.312580    7.797365    0.039428    0.000033    1.000000    0.250000    2.001001    0.997821    1.000000    28.822021   45.332502   2.001001    0.069536    0.997821    0.159421    0.149284    0.001826    0.990840    12.124530   0.020263    0.399437    0.000000    0.000050    0.000500    0.000005    0.000500    0.000500    0.000005    0.000050    0.000050    0.000050    0.446450    11.165164  
[37m[36mINFO[0m[0m 07/17 16:38:25 | 0.963323    0.952096    0.000000    0.945710    0.178080    0.938875    0.959402    0.963323    0.952096    0.938854    500         9.762050    7.755810    0.041539    0.748058    0.417595    -2.851068   0.000000    11.507184   6.857521    21.000000   0.418407    0.252344    0.979008    0.977788    0.041539    3.437194    4.268142    7.718365    0.037403    0.000042    1.000000    0.250000    2.254020    0.996905    1.000000    26.393182   45.349682   2.254020    0.085525    0.996905    0.170865    0.158984    0.001785    0.991247    11.746465   0.019211    0.313669    0.000000    0.000050    0.000500    0.000005    0.000500    0.000500    0.000005    0.000050    0.000050    0.000050    0.446835    11.181944  
[37m[36mINFO[0m[0m 07/17 16:39:23 | 0.971557    0.940120    0.000000    0.949511    0.166967    0.941320    0.965812    0.971557    0.940120    0.941401    600         11.714460   7.704425    0.037468    0.720737    0.487854    -3.150456   0.025250    11.466655   6.941687    21.000000   0.488436    0.279568    0.978950    0.977576    0.037468    3.424927    4.237449    7.668340    0.036037    0.000049    1.000000    0.250000    2.471627    0.996099    1.000000    25.360232   45.364873   2.471627    0.097630    0.996099    0.184082    0.172538    0.001499    0.993253    11.181897   0.018341    0.280629    0.000000    0.000050    0.000500    0.000005    0.000500    0.000500    0.000005    0.000050    0.000050    0.000050    0.446659    11.392541  
[37m[36mINFO[0m[0m 07/17 16:40:21 | 0.970808    0.952096    0.000000    0.951395    0.138593    0.938875    0.970085    0.970808    0.952096    0.945223    700         13.666870   7.652214    0.035686    0.699526    0.530492    -3.313247   0.075250    11.481797   7.003897    21.000000   0.530695    0.300739    0.979510    0.978032    0.035686    3.417978    4.196653    7.617185    0.034976    0.000053    1.000000    0.250000    2.644770    0.995436    1.000000    24.813995   45.376625   2.644770    0.106732    0.995436    0.196335    0.185860    0.001200    0.996975    11.590603   0.018310    0.261875    0.000000    0.000050    0.000500    0.000005    0.000500    0.000500    0.000005    0.000050    0.000050    0.000050    0.447629    11.536546  
[37m[36mINFO[0m[0m 07/17 16:41:39 | 0.957335    0.964072    0.000000    0.953196    0.131987    0.951100    0.965812    0.957335    0.964072    0.942675    800         15.619280   7.614609    0.028710    0.684237    0.524429    -3.571499   0.125250    11.377353   7.002064    21.000000   0.524148    0.315996    0.979462    0.977842    0.028710    3.407264    4.180087    7.580345    0.034212    0.000052    1.000000    0.250000    2.775209    0.994697    1.000000    23.769151   45.387479   2.775209    0.116837    0.994697    0.202797    0.191257    0.001003    0.996401    10.498879   0.016749    0.211295    0.000000    0.000050    0.000500    0.000005    0.000500    0.000500    0.000005    0.000050    0.000050    0.000050    0.624549    13.271199  
[37m[36mINFO[0m[0m 07/17 16:43:10 | 0.972305    0.949102    0.000000    0.958360    0.127965    0.955990    0.963675    0.972305    0.949102    0.955414    900         17.571690   7.527325    0.012830    0.674007    0.479039    -3.793126   0.175250    11.272101   7.056708    21.000000   0.478441    0.326201    0.981206    0.979762    0.012830    3.373925    4.144753    7.493576    0.033700    0.000048    1.000000    0.250000    2.936347    0.993901    1.000000    23.092423   45.399224   2.936347    0.127273    0.993901    0.213849    0.198625    0.000873    0.997241    6.573413    0.012306    0.114245    0.000000    0.000050    0.000500    0.000005    0.000500    0.000500    0.000005    0.000050    0.000050    0.000050    0.741004    11.838414  
[37m[36mINFO[0m[0m 07/17 16:44:08 | 0.967066    0.949102    0.000000    0.959106    0.134143    0.953545    0.965812    0.967066    0.949102    0.957962    1000        19.524100   7.538162    0.022925    0.659794    0.416929    -4.012145   0.225250    11.238188   7.045441    21.000000   0.416306    0.340407    0.980719    0.978819    0.022925    3.388248    4.134080    7.505131    0.032990    0.000042    1.000000    0.250000    2.996565    0.993056    1.000000    21.818628   45.406423   2.996565    0.137421    0.993056    0.218603    0.199204    0.001023    0.996612    9.487254    0.015156    0.156271    0.000000    0.000050    0.000500    0.000005    0.000500    0.000500    0.000005    0.000050    0.000050    0.000050    0.447720    11.747902  
[37m[36mINFO[0m[0m 07/17 16:45:06 | 0.973054    0.961078    0.000000    0.966133    0.114766    0.958435    0.974359    0.973054    0.961078    0.965605    1100        21.476510   7.507262    0.017259    0.646336    0.355643    -4.100545   0.275250    11.315219   7.034577    21.000000   0.355061    0.353856    0.980673    0.978687    0.017259    3.380989    4.117667    7.474910    0.032317    0.000036    1.000000    0.250000    3.115930    0.992479    1.000000    21.650392   45.417814   3.115930    0.144111    0.992479    0.227565    0.208468    0.000858    0.997249    8.324334    0.014235    0.126672    0.000000    0.000050    0.000500    0.000005    0.000500    0.000500    0.000005    0.000050    0.000050    0.000050    0.447219    10.758052  
[37m[36mINFO[0m[0m 07/17 16:46:03 | 0.985030    0.967066    0.000000    0.970119    0.108858    0.968215    0.982906    0.985030    0.967066    0.959236    1200        23.428920   7.479737    0.015384    0.639563    0.297951    -4.299349   0.325250    11.223925   7.040910    21.000000   0.297348    0.360618    0.981264    0.979089    0.015384    3.375850    4.099489    7.447729    0.031978    0.000030    1.000000    0.250000    3.129147    0.991957    1.000000    20.910229   45.420023   3.129147    0.149809    0.991957    0.230639    0.209591    0.000868    0.997504    7.897048    0.013579    0.114482    0.000000    0.000050    0.000500    0.000005    0.000500    0.000500    0.000005    0.000050    0.000050    0.000050    0.446653    10.844175  
[37m[36mINFO[0m[0m 07/17 16:47:01 | 0.967066    0.946108    0.000000    0.960154    0.150692    0.951100    0.976496    0.967066    0.946108    0.952866    1300        25.381330   7.458682    0.013241    0.630514    0.239187    -4.434664   0.375250    11.227312   7.057922    21.000000   0.238644    0.369655    0.981668    0.979337    0.013241    3.370860    4.087377    7.427132    0.031526    0.000024    1.000000    0.250000    3.202460    0.991484    1.000000    20.809379   45.426398   3.202460    0.153990    0.991484    0.239247    0.216968    0.000760    0.997901    6.850413    0.012807    0.094239    0.000000    0.000050    0.000500    0.000005    0.000500    0.000500    0.000005    0.000050    0.000050    0.000050    0.447133    10.962080  
[37m[36mINFO[0m[0m 07/17 16:47:58 | 0.964820    0.943114    0.000000    0.955237    0.161607    0.946210    0.961538    0.964820    0.943114    0.957962    1400        27.333740   7.453267    0.013385    0.624358    0.190817    -4.596084   0.425250    11.197089   7.057129    21.000000   0.190405    0.375802    0.982015    0.979512    0.013385    3.374950    4.079655    7.422030    0.031218    0.000019    1.000000    0.250000    3.236410    0.991175    1.000000    20.714135   45.433592   3.236410    0.156488    0.991175    0.243935    0.220987    0.000682    0.998365    7.594485    0.013728    0.103491    0.000000    0.000050    0.000500    0.000005    0.000500    0.000500    0.000005    0.000050    0.000050    0.000050    0.447165    10.955094  
[37m[36mINFO[0m[0m 07/17 16:48:56 | 0.976048    0.964072    0.000000    0.958339    0.148806    0.948655    0.972222    0.976048    0.964072    0.954140    1500        29.286150   7.449774    0.014171    0.615417    0.156277    -4.723715   0.475250    11.212011   7.059453    21.000000   0.156005    0.384732    0.981984    0.979182    0.014171    3.377668    4.074386    7.418987    0.030771    0.000016    1.000000    0.250000    3.280732    0.990489    1.000000    20.257873   45.436341   3.280732    0.162141    0.990489    0.247627    0.223798    0.000544    0.998650    7.852201    0.014124    0.104473    0.000000    0.000050    0.000500    0.000005    0.000500    0.000500    0.000005    0.000050    0.000050    0.000050    0.447185    11.142957  
[37m[36mINFO[0m[0m 07/17 16:49:54 | 0.966317    0.946108    0.000000    0.962894    0.129865    0.965770    0.963675    0.966317    0.946108    0.959236    1600        31.238560   7.447423    0.018339    0.611277    0.132873    -4.780879   0.500000    11.306150   7.095413    21.000000   0.132659    0.388862    0.981275    0.978266    0.018339    3.376051    4.070265    7.416846    0.030564    0.000013    1.000000    0.250000    3.302193    0.990391    1.000000    20.356810   45.438777   3.302193    0.162422    0.990391    0.251972    0.228823    0.000563    0.999001    8.293837    0.014793    0.136077    0.000000    0.000050    0.000500    0.000005    0.000500    0.000500    0.000005    0.000050    0.000050    0.000050    0.446355    11.495309  
[37m[36mINFO[0m[0m 07/17 16:50:58 | 0.971557    0.955090    0.000000    0.962209    0.124453    0.955990    0.976496    0.971557    0.955090    0.954140    1700        33.190970   7.412027    0.013706    0.607382    0.111461    -4.956547   0.500000    11.227786   7.098541    21.000000   0.111243    0.392749    0.981038    0.977985    0.013706    3.375299    4.042207    7.381647    0.030369    0.000011    1.000000    0.250000    3.343808    0.989942    1.000000    19.962617   45.444899   3.343808    0.167662    0.989942    0.251883    0.228777    0.000481    0.998805    7.249936    0.013600    0.092400    0.000000    0.000050    0.000500    0.000005    0.000500    0.000500    0.000005    0.000050    0.000050    0.000050    0.487386    13.090772  
[37m[36mINFO[0m[0m 07/17 16:52:30 | 0.949850    0.940120    0.000000    0.953518    0.161285    0.938875    0.970085    0.949850    0.940120    0.951592    1800        35.143380   7.397863    0.016775    0.604748    0.092006    -5.087563   0.500000    11.194000   7.053426    21.000000   0.091845    0.395376    0.981987    0.979099    0.016775    3.368961    4.032757    7.367617    0.030237    0.000009    1.000000    0.250000    3.360781    0.989505    1.000000    19.362615   45.446404   3.360781    0.173752    0.989505    0.249556    0.226070    0.000509    0.998090    7.604334    0.014115    0.111189    0.000000    0.000050    0.000500    0.000005    0.000500    0.000500    0.000005    0.000050    0.000050    0.000050    0.759562    13.320842  
[37m[36mINFO[0m[0m 07/17 16:53:59 | 0.962575    0.943114    0.000000    0.960086    0.156290    0.955990    0.976496    0.962575    0.943114    0.947771    1900        37.095790   7.414302    0.018807    0.600590    0.079719    -5.181329   0.500000    11.250017   7.072090    21.000000   0.079613    0.399529    0.981792    0.978835    0.018807    3.377987    4.039284    7.384265    0.030030    0.000008    1.000000    0.250000    3.397878    0.989216    1.000000    19.345818   45.453241   3.397878    0.175821    0.989216    0.252026    0.230172    0.000321    0.998843    8.905172    0.015073    0.118810    0.000000    0.000050    0.000500    0.000005    0.000500    0.000500    0.000005    0.000050    0.000050    0.000050    0.709739    12.273701  
[37m[36mINFO[0m[0m 07/17 16:55:30 | 0.960329    0.937126    0.000000    0.955422    0.173959    0.943765    0.965812    0.960329    0.937126    0.956688    2000        39.048200   7.419035    0.016319    0.600974    0.066381    -5.310662   0.500000    11.151442   7.102606    21.000000   0.066231    0.399139    0.981868    0.979004    0.016319    3.377468    4.048300    7.388980    0.030049    0.000007    1.000000    0.250000    3.405722    0.988761    1.000000    18.703376   45.455263   3.405722    0.182486    0.988761    0.247340    0.226087    0.000344    0.998409    7.132226    0.013872    0.095223    0.000000    0.000050    0.000500    0.000005    0.000500    0.000500    0.000005    0.000050    0.000050    0.000050    0.758373    12.362448  
[37m[36mINFO[0m[0m 07/17 16:56:58 | 0.959581    0.946108    0.000000    0.957524    0.144643    0.946210    0.972222    0.959581    0.946108    0.954140    2100        41.000610   7.361292    0.011150    0.600455    0.054324    -5.445553   0.500000    11.149456   7.101814    21.000000   0.054228    0.399654    0.982942    0.980391    0.011150    3.358213    4.016356    7.331263    0.030023    0.000005    1.000000    0.250000    3.497946    0.988309    1.000000    18.657401   45.465268   3.497946    0.187864    0.988309    0.252809    0.230012    0.000325    0.998774    5.212525    0.012626    0.072676    0.000000    0.000050    0.000500    0.000005    0.000500    0.000500    0.000005    0.000050    0.000050    0.000050    0.710547    12.597859  
[37m[36mINFO[0m[0m 07/17 16:58:28 | 0.944611    0.910180    0.000000    0.950854    0.205387    0.936430    0.965812    0.944611    0.910180    0.950318    2200        42.953020   7.366974    0.013831    0.599500    0.047445    -5.556566   0.500000    11.154161   7.124585    21.000000   0.047406    0.400605    0.981707    0.978768    0.013831    3.369156    4.009574    7.336995    0.029975    0.000005    1.000000    0.250000    3.508723    0.987805    1.000000    18.326105   45.466190   3.508723    0.191602    0.987805    0.253151    0.230209    0.000242    0.999094    7.722175    0.013925    0.088265    0.000000    0.000050    0.000500    0.000005    0.000500    0.000500    0.000005    0.000050    0.000050    0.000050    0.741643    12.274738  
[37m[36mINFO[0m[0m 07/17 16:59:57 | 0.954341    0.934132    0.000000    0.948361    0.207199    0.931540    0.959402    0.954341    0.934132    0.954140    2300        44.905430   7.347292    0.010138    0.596487    0.041977    -5.627028   0.500000    11.162211   7.109606    21.000000   0.041915    0.403617    0.982653    0.979898    0.010138    3.361145    4.002451    7.317463    0.029824    0.000004    1.000000    0.250000    3.572704    0.987446    1.000000    18.295688   45.470025   3.572704    0.195478    0.987446    0.256298    0.233890    0.000194    0.999139    6.808227    0.013591    0.070710    0.000000    0.000050    0.000500    0.000005    0.000500    0.000500    0.000005    0.000050    0.000050    0.000050    0.738910    12.555115  
[37m[36mINFO[0m[0m 07/17 17:01:28 | 0.955090    0.952096    0.000000    0.964400    0.137969    0.951100    0.976496    0.955090    0.952096    0.965605    2400        46.857840   7.317051    0.007296    0.594554    0.037298    -5.762200   0.500000    11.147046   7.118235    21.000000   0.037251    0.405548    0.982927    0.980218    0.007296    3.349287    3.988358    7.287320    0.029728    0.000004    1.000000    0.250000    3.662668    0.986873    1.000000    18.318188   45.477456   3.662668    0.200061    0.986873    0.261491    0.238520    0.000171    0.999237    5.395563    0.013047    0.058297    0.000000    0.000050    0.000500    0.000005    0.000500    0.000500    0.000005    0.000050    0.000050    0.000050    0.740699    12.942389  
[37m[36mINFO[0m[0m 07/17 17:02:56 | 0.964072    0.943114    0.000000    0.965469    0.141027    0.965770    0.976496    0.964072    0.943114    0.954140    2500        48.810250   7.309583    0.004605    0.596899    0.031711    -5.900260   0.500000    11.056169   7.147427    21.000000   0.031658    0.403201    0.983520    0.981069    0.004605    3.350694    3.983439    7.279735    0.029845    0.000003    1.000000    0.250000    3.678210    0.986172    1.000000    17.538777   45.482949   3.678210    0.209849    0.986172    0.257010    0.232700    0.000240    0.998978    3.801134    0.011527    0.031774    0.000000    0.000050    0.000500    0.000005    0.000500    0.000500    0.000005    0.000050    0.000050    0.000050    0.708272    13.066105  
[37m[36mINFO[0m[0m 07/17 17:04:26 | 0.961826    0.955090    0.000000    0.961668    0.135193    0.963325    0.970085    0.961826    0.955090    0.951592    2600        50.762660   7.310388    0.007969    0.594980    0.027617    -6.022936   0.500000    11.144092   7.150945    21.000000   0.027582    0.405119    0.982161    0.979488    0.007969    3.351539    3.981357    7.280636    0.029749    0.000003    1.000000    0.250000    3.712417    0.985632    1.000000    17.265663   45.488626   3.712417    0.215178    0.985632    0.259021    0.233498    0.000252    0.999001    4.946174    0.013105    0.054865    0.000000    0.000050    0.000500    0.000005    0.000500    0.000500    0.000005    0.000050    0.000050    0.000050    0.709050    13.174965  
[37m[36mINFO[0m[0m 07/17 17:05:58 | 0.954341    0.916168    0.000000    0.950854    0.206321    0.926650    0.967949    0.954341    0.916168    0.957962    2700        52.715070   7.336645    0.014327    0.594820    0.024260    -6.086515   0.500000    11.154374   7.126404    21.000000   0.024223    0.405279    0.981007    0.977911    0.014327    3.361760    3.991679    7.306901    0.029741    0.000002    1.000000    0.250000    3.711740    0.985232    1.000000    17.256950   45.488065   3.711740    0.215350    0.985232    0.261021    0.236000    0.000163    0.999452    7.491270    0.014791    0.080550    0.000000    0.000050    0.000500    0.000005    0.000500    0.000500    0.000005    0.000050    0.000050    0.000050    0.759661    13.120567  
[37m[36mINFO[0m[0m 07/17 17:07:30 | 0.958832    0.937126    0.000000    0.946422    0.188201    0.929095    0.963675    0.958832    0.937126    0.946497    2800        54.667480   7.337352    0.012009    0.595294    0.020719    -6.133617   0.500000    11.172393   7.111856    21.000000   0.020689    0.404806    0.981533    0.978645    0.012009    3.365353    3.991559    7.307585    0.029765    0.000002    1.000000    0.250000    3.753414    0.985546    1.000000    17.685760   45.487154   3.753414    0.212401    0.985546    0.264765    0.241984    0.000131    0.999519    6.910160    0.014632    0.076630    0.000000    0.000050    0.000500    0.000005    0.000500    0.000500    0.000005    0.000050    0.000050    0.000050    0.761357    13.228036  
[37m[36mINFO[0m[0m 07/17 17:08:59 | 0.945359    0.931138    0.000000    0.955559    0.161393    0.943765    0.963675    0.945359    0.931138    0.959236    2900        56.619890   7.326401    0.016385    0.593715    0.018394    -6.233374   0.500000    11.120206   7.163062    21.000000   0.018372    0.406383    0.982176    0.979390    0.016385    3.371650    3.971012    7.296714    0.029686    0.000002    1.000000    0.250000    3.753755    0.985364    1.000000    17.409793   45.491785   3.753755    0.215724    0.985364    0.260971    0.241116    0.000106    0.999614    7.583343    0.015020    0.087125    0.000000    0.000050    0.000500    0.000005    0.000500    0.000500    0.000005    0.000050    0.000050    0.000050    0.702425    13.469404  
[37m[36mINFO[0m[0m 07/17 17:10:29 | 0.941617    0.916168    0.000000    0.954744    0.183555    0.941320    0.963675    0.941617    0.916168    0.959236    3000        58.572300   7.344516    0.019383    0.594957    0.015628    -6.284092   0.500000    11.160625   7.149638    21.000000   0.015599    0.405142    0.981265    0.978338    0.019383    3.378129    3.980096    7.314767    0.029748    0.000002    1.000000    0.250000    3.692527    0.985435    1.000000    17.323969   45.482838   3.692527    0.213616    0.985435    0.256220    0.240066    0.000084    0.999615    8.449343    0.016043    0.097853    0.000000    0.000050    0.000500    0.000005    0.000500    0.000500    0.000005    0.000050    0.000050    0.000050    0.715326    13.978539  
[37m[36mINFO[0m[0m 07/17 17:12:00 | 0.961826    0.940120    0.000000    0.960462    0.164356    0.948655    0.972222    0.961826    0.940120    0.960510    3100        60.524710   7.290492    0.004746    0.594526    0.013037    -6.339752   0.500000    11.221708   7.127327    21.000000   0.013012    0.405571    0.984121    0.982030    0.004746    3.350180    3.969236    7.260764    0.029726    0.000001    1.000000    0.250000    3.905396    0.985790    1.000000    18.406766   45.502055   3.905396    0.212406    0.985790    0.268742    0.254069    0.000059    0.999818    4.622287    0.011861    0.039581    0.000000    0.000050    0.000500    0.000005    0.000500    0.000500    0.000005    0.000050    0.000050    0.000050    0.747721    13.692391  
[37m[36mINFO[0m[0m 07/17 17:13:31 | 0.960329    0.928144    0.000000    0.950196    0.164790    0.941320    0.955128    0.960329    0.928144    0.954140    3200        62.477120   7.287518    0.006185    0.593541    0.010541    -6.498520   0.500000    11.097565   7.109130    21.000000   0.010519    0.406557    0.983772    0.981758    0.006185    3.350645    3.965996    7.257840    0.029677    0.000001    1.000000    0.250000    3.844392    0.984679    1.000000    16.879320   45.498270   3.844392    0.228042    0.984679    0.254847    0.238804    0.000115    0.999401    3.518297    0.011922    0.034451    0.000000    0.000050    0.000500    0.000005    0.000500    0.000500    0.000005    0.000050    0.000050    0.000050    0.747355    12.376251  
[37m[36mINFO[0m[0m 07/17 17:15:01 | 0.960329    0.928144    0.000000    0.953169    0.189845    0.941320    0.955128    0.960329    0.928144    0.963057    3300        64.429530   7.298004    0.010373    0.593629    0.008628    -6.612050   0.500000    11.154179   7.110014    21.000000   0.008609    0.406467    0.982046    0.979575    0.010373    3.361977    3.962092    7.268321    0.029681    0.000001    1.000000    0.250000    3.848406    0.984051    1.000000    16.453548   45.504911   3.848406    0.234040    0.984051    0.253405    0.236798    0.000105    0.999562    6.474155    0.013872    0.058350    0.000000    0.000050    0.000500    0.000005    0.000500    0.000500    0.000005    0.000050    0.000050    0.000050    0.746676    12.413412  
[37m[36mINFO[0m[0m 07/17 17:16:30 | 0.960329    0.931138    0.000000    0.956442    0.141256    0.941320    0.963675    0.960329    0.931138    0.964331    3400        66.381940   7.300988    0.013672    0.593909    0.006798    -6.647331   0.500000    11.175424   7.116462    21.000000   0.006786    0.406188    0.981107    0.978314    0.013672    3.367213    3.956880    7.271292    0.029695    0.000001    1.000000    0.250000    3.832666    0.983597    1.000000    16.161936   45.506386   3.832666    0.237278    0.983597    0.250585    0.234898    0.000082    0.999482    7.600999    0.014945    0.074197    0.000000    0.000050    0.000500    0.000005    0.000500    0.000500    0.000005    0.000050    0.000050    0.000050    0.726898    12.862776  
[37m[36mINFO[0m[0m 07/17 17:18:03 | 0.956587    0.937126    0.000000    0.952278    0.219038    0.946210    0.967949    0.956587    0.937126    0.942675    3500        68.334350   7.277979    0.007081    0.592867    0.006085    -6.740131   0.500000    11.144513   7.104371    21.000000   0.006077    0.407229    0.982678    0.980380    0.007081    3.353154    3.955502    7.248335    0.029643    0.000001    1.000000    0.250000    3.915210    0.983506    1.000000    16.420393   45.508677   3.915210    0.238541    0.983506    0.256315    0.240349    0.000068    0.999581    4.718930    0.013048    0.040585    0.000000    0.000050    0.000500    0.000005    0.000500    0.000500    0.000005    0.000050    0.000050    0.000050    0.777909    12.637771  
[37m[36mINFO[0m[0m 07/17 17:19:31 | 0.956587    0.955090    0.000000    0.960161    0.157639    0.948655    0.963675    0.956587    0.955090    0.968153    3600        70.286760   7.291371    0.012217    0.593730    0.005052    -6.791596   0.500000    11.168655   7.127514    21.000000   0.005044    0.406366    0.981667    0.979273    0.012217    3.362536    3.954847    7.261684    0.029687    0.000001    1.000000    0.250000    3.881815    0.983171    1.000000    16.162872   45.508659   3.881815    0.240697    0.983171    0.252956    0.238509    0.000043    0.999625    6.304182    0.014737    0.063065    0.000000    0.000050    0.000500    0.000005    0.000500    0.000500    0.000005    0.000050    0.000050    0.000050    0.727404    12.564069  
[37m[36mINFO[0m[0m 07/17 17:20:59 | 0.956587    0.970060    0.000000    0.969174    0.117503    0.973105    0.970085    0.956587    0.970060    0.964331    3700        72.239170   7.310786    0.013083    0.593905    0.004360    -6.844285   0.500000    11.128002   7.147466    21.000000   0.004352    0.406192    0.981539    0.979118    0.013083    3.368688    3.967761    7.281090    0.029695    0.000000    1.000000    0.250000    3.893673    0.983707    1.000000    16.479343   45.509309   3.893673    0.236494    0.983707    0.254868    0.243645    0.000029    0.999780    7.541016    0.015207    0.070039    0.000000    0.000050    0.000500    0.000005    0.000500    0.000500    0.000005    0.000050    0.000050    0.000050    0.701567    12.778821  
[37m[36mINFO[0m[0m 07/17 17:22:33 | 0.964072    0.955090    0.000000    0.963058    0.129645    0.955990    0.976496    0.964072    0.955090    0.956688    3800        74.191580   7.292560    0.013817    0.592452    0.003687    -6.870194   0.500000    11.171276   7.147716    21.000000   0.003681    0.407644    0.982165    0.979910    0.013817    3.365256    3.952566    7.262937    0.029623    0.000000    1.000000    0.250000    3.925693    0.983370    1.000000    16.405569   45.513535   3.925693    0.239567    0.983370    0.254685    0.243576    0.000028    0.999719    6.935858    0.014206    0.064310    0.000000    0.000050    0.000500    0.000005    0.000500    0.000500    0.000005    0.000050    0.000050    0.000050    0.775771    13.080341  
[37m[36mINFO[0m[0m 07/17 17:24:02 | 0.952844    0.943114    0.000000    0.954435    0.164974    0.933985    0.970085    0.952844    0.943114    0.959236    3900        76.143990   7.281141    0.012401    0.593231    0.003210    -6.974909   0.500000    11.149823   7.153311    21.000000   0.003206    0.406864    0.981132    0.978606    0.012401    3.366458    3.942369    7.251479    0.029662    0.000000    1.000000    0.250000    3.956401    0.983161    1.000000    16.545249   45.514157   3.956401    0.239363    0.983161    0.257684    0.247192    0.000017    0.999742    7.201598    0.014550    0.065145    0.000000    0.000050    0.000500    0.000005    0.000500    0.000500    0.000005    0.000050    0.000050    0.000050    0.712674    13.030149  
[37m[36mINFO[0m[0m 07/17 17:25:30 | 0.967066    0.955090    0.000000    0.959510    0.160223    0.946210    0.974359    0.967066    0.955090    0.957962    4000        78.096400   7.271284    0.007867    0.590802    0.002732    -7.096075   0.500000    11.162224   7.176877    21.000000   0.002727    0.409293    0.982827    0.980746    0.007867    3.357729    3.947108    7.241744    0.029540    0.000000    1.000000    0.250000    4.030528    0.982769    1.000000    16.400961   45.524268   4.030528    0.246160    0.982769    0.255698    0.246263    0.000014    0.999781    5.571134    0.013899    0.046637    0.000000    0.000050    0.000500    0.000005    0.000500    0.000500    0.000005    0.000050    0.000050    0.000050    0.707810    12.625869  
[37m[36mINFO[0m[0m 07/17 17:27:02 | 0.961826    0.949102    0.000000    0.965537    0.150013    0.960880    0.976496    0.961826    0.949102    0.959236    4100        80.048810   7.246191    0.007740    0.592801    0.002411    -7.160158   0.500000    11.154414   7.171707    21.000000   0.002408    0.407294    0.982580    0.980433    0.007740    3.348729    3.931682    7.216551    0.029640    0.000000    1.000000    0.250000    4.006882    0.982347    1.000000    15.996362   45.522685   4.006882    0.250628    0.982347    0.252996    0.243305    0.000011    0.999725    4.629436    0.013149    0.040544    0.000000    0.000050    0.000500    0.000005    0.000500    0.000500    0.000005    0.000050    0.000050    0.000050    0.758128    12.089225  
[37m[36mINFO[0m[0m 07/17 17:28:33 | 0.967814    0.937126    0.000000    0.956689    0.150232    0.936430    0.980769    0.967814    0.937126    0.952866    4200        82.001220   7.266309    0.009646    0.591799    0.002087    -7.199491   0.500000    11.178103   7.173340    21.000000   0.002084    0.408296    0.981723    0.979527    0.009646    3.355794    3.943274    7.236719    0.029590    0.000000    1.000000    0.250000    4.038638    0.982220    1.000000    16.060647   45.526177   4.038638    0.251621    0.982220    0.254627    0.245389    0.000011    0.999756    6.035015    0.013756    0.051226    0.000000    0.000050    0.000500    0.000005    0.000500    0.000500    0.000005    0.000050    0.000050    0.000050    0.759135    12.627157  
[37m[36mINFO[0m[0m 07/17 17:30:02 | 0.966317    0.934132    0.000000    0.959230    0.159978    0.953545    0.957265    0.966317    0.934132    0.966879    4300        83.953630   7.271809    0.012311    0.589753    0.001829    -7.254364   0.500000    11.166059   7.169739    21.000000   0.001827    0.410344    0.982067    0.979787    0.012311    3.360252    3.942302    7.242321    0.029488    0.000000    1.000000    0.250000    4.028998    0.982312    1.000000    16.121123   45.524524   4.028998    0.250089    0.982312    0.253966    0.246269    0.000010    0.999821    5.963400    0.014774    0.063664    0.000000    0.000050    0.000500    0.000005    0.000500    0.000500    0.000005    0.000050    0.000050    0.000050    0.715983    12.603114  
[37m[36mINFO[0m[0m 07/17 17:31:30 | 0.955090    0.955090    0.000000    0.963667    0.136534    0.953545    0.980769    0.955090    0.955090    0.956688    4400        85.906040   7.234994    0.010920    0.592959    0.001723    -7.365491   0.500000    11.089665   7.130823    21.000000   0.001721    0.407135    0.982840    0.980807    0.010920    3.345772    3.922309    7.205346    0.029648    0.000000    1.000000    0.250000    4.007599    0.981886    1.000000    15.649697   45.521792   4.007599    0.256317    0.981886    0.249072    0.241180    0.000016    0.999774    5.154953    0.013957    0.054760    0.000000    0.000050    0.000500    0.000005    0.000500    0.000500    0.000005    0.000050    0.000050    0.000050    0.729566    12.441345  
[37m[36mINFO[0m[0m 07/17 17:32:59 | 0.949102    0.937126    0.000000    0.955764    0.169830    0.938875    0.961538    0.949102    0.937126    0.966879    4500        87.858450   7.243335    0.006331    0.590332    0.001580    -7.435358   0.500000    11.119240   7.132733    21.000000   0.001579    0.409762    0.984335    0.982386    0.006331    3.350663    3.931178    7.213819    0.029517    0.000000    1.000000    0.250000    4.126349    0.981816    1.000000    16.141989   45.532464   4.126349    0.255847    0.981816    0.257799    0.249700    0.000015    0.999800    4.135922    0.013197    0.038446    0.000000    0.000050    0.000500    0.000005    0.000500    0.000500    0.000005    0.000050    0.000050    0.000050    0.730811    12.424782  
[37m[36mINFO[0m[0m 07/17 17:34:29 | 0.965569    0.943114    0.000000    0.968071    0.122535    0.970660    0.967949    0.965569    0.943114    0.965605    4600        89.810860   7.246541    0.008698    0.589468    0.001416    -7.486415   0.500000    11.169105   7.145189    21.000000   0.001414    0.410628    0.981871    0.979676    0.008698    3.357778    3.925455    7.217068    0.029473    0.000000    1.000000    0.250000    4.050502    0.981434    1.000000    15.566671   45.529529   4.050502    0.260503    0.981434    0.248960    0.241894    0.000014    0.999815    5.601970    0.013718    0.048074    0.000000    0.000050    0.000500    0.000005    0.000500    0.000500    0.000005    0.000050    0.000050    0.000050    0.743794    12.650365  
[37m[36mINFO[0m[0m 07/17 17:36:00 | 0.956587    0.943114    0.000000    0.956545    0.150141    0.943765    0.961538    0.956587    0.943114    0.964331    4700        91.763270   7.241266    0.005909    0.589850    0.001324    -7.568153   0.500000    11.154133   7.155601    21.000000   0.001323    0.410246    0.983316    0.981526    0.005909    3.351355    3.930190    7.211773    0.029492    0.000000    1.000000    0.250000    4.117924    0.981186    1.000000    15.602059   45.537894   4.117924    0.264073    0.981186    0.251974    0.245370    0.000012    0.999825    3.738286    0.012626    0.030254    0.000000    0.000050    0.000500    0.000005    0.000500    0.000500    0.000005    0.000050    0.000050    0.000050    0.748094    12.602871  
[37m[36mINFO[0m[0m 07/17 17:37:31 | 0.944611    0.913174    0.000000    0.948902    0.204998    0.933985    0.963675    0.944611    0.913174    0.949045    4800        93.715680   7.289148    0.020904    0.589277    0.001143    -7.555080   0.500000    11.150266   7.165933    21.000000   0.001140    0.410818    0.980495    0.977982    0.020904    3.378468    3.935862    7.259684    0.029464    0.000000    1.000000    0.250000    3.977120    0.980919    1.000000    15.075328   45.523619   3.977120    0.264079    0.980919    0.244762    0.239388    0.000008    0.999817    8.949694    0.017392    0.087155    0.000000    0.000050    0.000500    0.000005    0.000500    0.000500    0.000005    0.000050    0.000050    0.000050    0.754829    13.276109  
[37m[36mINFO[0m[0m 07/17 17:39:03 | 0.956587    0.946108    0.000000    0.957730    0.178491    0.941320    0.970085    0.956587    0.946108    0.961783    4900        95.668090   7.218263    0.008982    0.592323    0.000923    -7.576163   0.500000    11.181650   7.174419    21.000000   0.000922    0.407772    0.982876    0.980827    0.008982    3.347327    3.908099    7.188647    0.029616    0.000000    1.000000    0.250000    4.119681    0.981632    1.000000    16.030377   45.533317   4.119681    0.257336    0.981632    0.254154    0.250757    0.000006    0.999829    4.798223    0.013291    0.045341    0.000000    0.000050    0.000500    0.000005    0.000500    0.000500    0.000005    0.000050    0.000050    0.000050    0.756078    13.267554  
[37m[36mINFO[0m[0m 07/17 17:40:34 | 0.934880    0.898204    0.000000    0.962140    0.157574    0.951100    0.978632    0.934880    0.898204    0.956688    5000        97.620500   7.241146    0.010703    0.590487    0.000874    -7.675018   0.500000    11.179158   7.202547    21.000000   0.000873    0.409606    0.982841    0.980836    0.010703    3.355805    3.921865    7.211622    0.029524    0.000000    1.000000    0.250000    4.130064    0.981605    1.000000    16.020087   45.538253   4.130064    0.258228    0.981605    0.255045    0.252253    0.000005    0.999881    5.688300    0.014078    0.050180    0.000000    0.000050    0.000500    0.000005    0.000500    0.000500    0.000005    0.000050    0.000050    0.000050    0.759689    13.155988  
[37m[36mINFO[0m[0m 07/17 17:40:34 | ---
[37m[33mWARNING[0m[0m 07/17 17:40:35 | Evaluate SWAD ...
[37m[36mINFO[0m[0m 07/17 17:40:48 | 0.980539    0.973054    0.000000    0.973975    0.336806    0.975550    0.980769    0.980539    0.973054    0.965605    [101-5000]  (N=50)
[37m[36mINFO[0m[0m 07/17 17:40:48 | oracle = 97.530%
[37m[36mINFO[0m[0m 07/17 17:40:48 | iid = 98.503%
[37m[36mINFO[0m[0m 07/17 17:40:48 | last = 93.488%
[37m[36mINFO[0m[0m 07/17 17:40:48 | last (inD) = 96.214%
[37m[36mINFO[0m[0m 07/17 17:40:48 | iid (inD) = 97.012%
[37m[36mINFO[0m[0m 07/17 17:40:48 | SWAD = 98.054%
[37m[36mINFO[0m[0m 07/17 17:40:48 | SWAD (inD) = 97.397%
[37m[36mINFO[0m[0m 07/17 17:40:49 | 
[37m[36mINFO[0m[0m 07/17 17:40:53 | Testenv name escaping te_sketch -> te_sketch
[37m[36mINFO[0m[0m 07/17 17:40:53 | Test envs = [3], name = te_sketch
[37m[36mINFO[0m[0m 07/17 17:40:53 | Batch sizes for each domain: [32, 32, 32, 0] (total=96)
[37m[36mINFO[0m[0m 07/17 17:40:53 | steps-per-epoch for each domain: 51.22, 58.62, 41.75 -> min = 41.75
[37m[36mINFO[0m[0m 07/17 17:40:56 | # of params = 53365703
[37m[36mINFO[0m[0m 07/17 17:41:11 | test_in     test_out    train_in    train_out   tr_outloss  env0_out    env1_out    env2_out    env3_in     env3_out    step        epoch       loss        loss_cls    loss_isr    loss_orth   loss_gt     piccl_alph  paired_res  domain_res  valid_doma  basis_orth  response_c  raw_interv  mediator_i  ce_loss     sup_cl_los  pre_cl_los  dccl_total  weighted_l  weighted_l  piccl_feat  residual_s  residual_d  fused_orig  piccl_exec  original_f  piccl_feat  feature_de  feature_de  original_f  gate_mean   gate_std    gate_min    gate_max    backbone_g  piccl_grad  classifier  has_nan_or  param_grou  param_grou  param_grou  param_grou  param_grou  param_grou  param_grou  param_grou  param_grou  step_time   eval_time  
[37m[36mINFO[0m[0m 07/17 17:41:11 | 0.153308    0.145223    0.000000    0.297265    1.952846    0.271394    0.252137    0.368263    0.153308    0.145223    0           0.000000    12.055917   2.007428    0.000000    0.113467    -5.756462   0.000000    0.000000    0.000000    21.000000   0.103214    0.000000    0.902468    0.902468    2.007428    5.098177    5.007865    12.055905   0.000000    0.000011    0.000000    0.250000    0.000000    1.000000    1.000000    26.046446   45.253448   0.000000    0.000000    1.000000    0.075858    0.000000    0.075858    0.075858    8.315198    0.000150    5.372877    0.000000    0.000050    0.000500    0.000005    0.000500    0.000500    0.000005    0.000050    0.000050    0.000050    0.857240    14.610530  
[37m[36mINFO[0m[0m 07/17 17:42:51 | 0.610369    0.603822    0.000000    0.950389    0.161319    0.914425    0.948718    0.988024    0.610369    0.603822    100         2.395210    8.655985    0.281185    0.976419    0.066905    0.036756    0.000000    13.209377   2.301231    21.000000   0.066389    0.024039    0.965231    0.964233    0.281185    3.799854    4.525751    8.607157    0.048821    0.000007    1.000000    0.250000    0.756247    0.999820    1.000000    41.462897   45.268861   0.756247    0.018657    0.999820    0.089333    0.039761    0.017372    0.468186    15.837982   0.024869    1.791314    0.000000    0.000050    0.000500    0.000005    0.000500    0.000500    0.000005    0.000050    0.000050    0.000050    0.822550    14.919018  
[37m[36mINFO[0m[0m 07/17 17:44:27 | 0.729644    0.724841    0.000000    0.959106    0.110651    0.938875    0.959402    0.979042    0.729644    0.724841    200         4.790419    7.911333    0.077501    0.910243    0.068594    -1.601025   0.000000    12.394584   4.420980    21.000000   0.069272    0.090550    0.974385    0.973442    0.077501    3.526386    4.277938    7.865814    0.045512    0.000007    1.000000    0.250000    1.172560    0.999420    1.000000    34.780382   45.289352   1.172560    0.033903    0.999420    0.115201    0.090700    0.004365    0.921848    13.123512   0.021236    0.652655    0.000000    0.000050    0.000500    0.000005    0.000500    0.000500    0.000005    0.000050    0.000050    0.000050    0.744911    14.461700  
[37m[36mINFO[0m[0m 07/17 17:46:07 | 0.772901    0.782166    0.000000    0.970369    0.093373    0.955990    0.970085    0.985030    0.772901    0.782166    300         7.185629    7.666198    0.036406    0.850922    0.208091    -2.359811   0.000000    12.171538   5.283567    21.000000   0.209796    0.149588    0.976468    0.975500    0.036406    3.441174    4.169649    7.623631    0.042546    0.000021    1.000000    0.250000    1.639897    0.998711    1.000000    31.344988   45.311235   1.639897    0.052560    0.998711    0.142623    0.127471    0.003568    0.974176    10.065801   0.017138    0.331216    0.000000    0.000050    0.000500    0.000005    0.000500    0.000500    0.000005    0.000050    0.000050    0.000050    0.839819    12.977208  
[37m[36mINFO[0m[0m 07/17 17:47:43 | 0.770992    0.784713    0.000000    0.975214    0.082947    0.955990    0.978632    0.991018    0.770992    0.784713    400         9.580838    7.555518    0.029293    0.817056    0.342522    -2.863009   0.000000    11.869803   5.730776    21.000000   0.343488    0.183339    0.977549    0.976432    0.029293    3.421995    4.091972    7.514631    0.040853    0.000034    1.000000    0.250000    1.987025    0.997857    1.000000    28.493541   45.331128   1.987025    0.069848    0.997857    0.161540    0.148245    0.003083    0.987769    10.128899   0.016472    0.271601    0.000000    0.000050    0.000500    0.000005    0.000500    0.000500    0.000005    0.000050    0.000050    0.000050    0.801261    13.342588  
[37m[36mINFO[0m[0m 07/17 17:49:22 | 0.792303    0.792357    0.000000    0.974745    0.089647    0.958435    0.980769    0.985030    0.792303    0.792357    500         11.976048   7.480876    0.018690    0.786520    0.417990    -3.176159   0.000000    11.880873   5.961797    21.000000   0.418590    0.213818    0.978740    0.977646    0.018690    3.400996    4.053584    7.441508    0.039326    0.000042    1.000000    0.250000    2.296354    0.996974    1.000000    27.181692   45.349819   2.296354    0.084616    0.996974    0.180937    0.168050    0.002014    0.991304    7.678615    0.013681    0.169416    0.000000    0.000050    0.000500    0.000005    0.000500    0.000500    0.000005    0.000050    0.000050    0.000050    0.826199    13.963794  
[37m[36mINFO[0m[0m 07/17 17:51:02 | 0.741412    0.727389    0.000000    0.966396    0.121028    0.946210    0.967949    0.985030    0.741412    0.727389    600         14.371257   7.414917    0.012243    0.763164    0.464971    -3.414862   0.025250    11.847051   6.068971    21.000000   0.465270    0.237128    0.979596    0.978487    0.012243    3.384195    4.014422    7.376712    0.038158    0.000046    1.000000    0.250000    2.571564    0.995950    1.000000    25.808589   45.369789   2.571564    0.099727    0.995950    0.198996    0.182949    0.001819    0.993587    7.166674    0.012227    0.126050    0.000000    0.000050    0.000500    0.000005    0.000500    0.000500    0.000005    0.000050    0.000050    0.000050    0.825785    14.126900  
[37m[36mINFO[0m[0m 07/17 17:52:36 | 0.730916    0.749045    0.000000    0.968739    0.112508    0.951100    0.970085    0.985030    0.730916    0.749045    700         16.766467   7.391006    0.015654    0.744779    0.477489    -3.703865   0.075250    11.757204   6.080161    21.000000   0.477463    0.255485    0.978943    0.977538    0.015654    3.391163    3.983941    7.353719    0.037239    0.000048    1.000000    0.250000    2.776620    0.994910    1.000000    24.361124   45.385197   2.776620    0.114023    0.994910    0.211241    0.192051    0.001594    0.993616    8.001543    0.013290    0.138579    0.000000    0.000050    0.000500    0.000005    0.000500    0.000500    0.000005    0.000050    0.000050    0.000050    0.777022    14.413400  
[37m[36mINFO[0m[0m 07/17 17:54:10 | 0.785941    0.782166    0.000000    0.963525    0.124444    0.938875    0.963675    0.988024    0.785941    0.782166    800         19.161677   7.332937    0.010898    0.728610    0.472164    -3.848164   0.125250    11.792099   6.097761    21.000000   0.472106    0.271640    0.979705    0.978219    0.010898    3.372866    3.951177    7.296459    0.036431    0.000047    1.000000    0.250000    2.983874    0.994002    1.000000    23.996979   45.401458   2.983874    0.124548    0.994002    0.227269    0.206106    0.001154    0.996227    6.562203    0.011882    0.102755    0.000000    0.000050    0.000500    0.000005    0.000500    0.000500    0.000005    0.000050    0.000050    0.000050    0.761747    15.155126  
[37m[36mINFO[0m[0m 07/17 17:55:44 | 0.751908    0.750318    0.000000    0.962851    0.122588    0.936430    0.970085    0.982036    0.751908    0.750318    900         21.556886   7.340835    0.016373    0.712083    0.463627    -3.971015   0.175250    11.862611   6.120710    21.000000   0.463516    0.288159    0.978689    0.976703    0.016373    3.392826    3.935696    7.305184    0.035604    0.000046    1.000000    0.250000    3.166837    0.993210    1.000000    24.052451   45.416705   3.166837    0.131819    0.993210    0.245646    0.221695    0.000807    0.997930    9.082618    0.014251    0.147944    0.000000    0.000050    0.000500    0.000005    0.000500    0.000500    0.000005    0.000050    0.000050    0.000050    0.753649    15.594388  
[37m[36mINFO[0m[0m 07/17 17:57:17 | 0.773855    0.780892    0.000000    0.971081    0.100678    0.955990    0.972222    0.985030    0.773855    0.780892    1000        23.952096   7.325590    0.015241    0.696830    0.453746    -4.015638   0.225250    11.902991   6.130891    21.000000   0.453677    0.303394    0.979497    0.977463    0.015241    3.388128    3.927491    7.290703    0.034842    0.000045    1.000000    0.250000    3.193600    0.992999    1.000000    23.740300   45.424020   3.193600    0.134723    0.992999    0.247382    0.226779    0.000544    0.998795    8.499019    0.013550    0.114338    0.000000    0.000050    0.000500    0.000005    0.000500    0.000500    0.000005    0.000050    0.000050    0.000050    0.740383    15.687626  
[37m[36mINFO[0m[0m 07/17 17:58:47 | 0.712468    0.707006    0.000000    0.949409    0.172707    0.921760    0.959402    0.967066    0.712468    0.707006    1100        26.347305   7.326438    0.021455    0.684756    0.455502    -4.263635   0.275250    11.804686   6.196848    21.000000   0.455722    0.315452    0.979065    0.976711    0.021455    3.397717    3.915618    7.292154    0.034238    0.000046    1.000000    0.250000    3.255944    0.991997    1.000000    22.194423   45.432895   3.255944    0.146878    0.991997    0.246385    0.223074    0.000447    0.998560    9.886677    0.014546    0.142757    0.000000    0.000050    0.000500    0.000005    0.000500    0.000500    0.000005    0.000050    0.000050    0.000050    0.691196    15.291348  
[37m[36mINFO[0m[0m 07/17 18:00:17 | 0.767176    0.763057    0.000000    0.964298    0.124533    0.943765    0.970085    0.979042    0.767176    0.763057    1200        28.742515   7.296955    0.021497    0.674763    0.491454    -4.334361   0.325250    11.877312   6.188247    21.000000   0.491869    0.325430    0.979993    0.977566    0.021497    3.393906    3.891107    7.263167    0.033738    0.000049    1.000000    0.250000    3.321073    0.991868    1.000000    22.694350   45.439526   3.321073    0.146657    0.991868    0.253855    0.233036    0.000259    0.998850    8.539483    0.014523    0.137074    0.000000    0.000050    0.000500    0.000005    0.000500    0.000500    0.000005    0.000050    0.000050    0.000050    0.702540    14.864559  
[37m[36mINFO[0m[0m 07/17 18:01:50 | 0.810433    0.826752    0.000000    0.972608    0.086903    0.958435    0.974359    0.985030    0.810433    0.826752    1300        31.137725   7.232470    0.006159    0.669623    0.523960    -4.600381   0.375250    11.794389   6.147264    21.000000   0.524157    0.330549    0.982087    0.979995    0.006159    3.363066    3.875715    7.198936    0.033481    0.000052    1.000000    0.250000    3.419814    0.990846    1.000000    21.297018   45.450333   3.419814    0.160661    0.990846    0.252167    0.227852    0.000425    0.997786    4.131262    0.010315    0.053990    0.000000    0.000050    0.000500    0.000005    0.000500    0.000500    0.000005    0.000050    0.000050    0.000050    0.756884    14.874071  
[37m[36mINFO[0m[0m 07/17 18:02:53 | 0.778944    0.798726    0.000000    0.971793    0.103413    0.955990    0.974359    0.985030    0.778944    0.798726    1400        33.532934   7.210470    0.004216    0.664051    0.533140    -4.764053   0.425250    11.730032   6.137330    21.000000   0.533108    0.336104    0.982284    0.979924    0.004216    3.358436    3.862203    7.177215    0.033203    0.000053    1.000000    0.250000    3.489008    0.989859    1.000000    20.470120   45.462177   3.489008    0.170516    0.989859    0.257030    0.228495    0.000497    0.997398    3.481764    0.009567    0.034348    0.000000    0.000050    0.000500    0.000005    0.000500    0.000500    0.000005    0.000050    0.000050    0.000050    0.484195    13.110790  
[37m[36mINFO[0m[0m 07/17 18:03:53 | 0.798664    0.810191    0.000000    0.975354    0.084961    0.955990    0.985043    0.985030    0.798664    0.810191    1500        35.928144   7.188486    0.002614    0.661002    0.522419    -4.904648   0.475250    11.686718   6.176112    21.000000   0.522228    0.339143    0.982224    0.979587    0.002614    3.351775    3.850041    7.155384    0.033050    0.000052    1.000000    0.250000    3.616575    0.988840    1.000000    20.253102   45.472649   3.616575    0.178644    0.988840    0.268262    0.235044    0.000493    0.997518    2.768121    0.009188    0.022809    0.000000    0.000050    0.000500    0.000005    0.000500    0.000500    0.000005    0.000050    0.000050    0.000050    0.448857    13.028490  
[37m[36mINFO[0m[0m 07/17 18:04:53 | 0.806934    0.803822    0.000000    0.977453    0.076709    0.958435    0.982906    0.991018    0.806934    0.803822    1600        38.323353   7.179642    0.000995    0.657221    0.488981    -5.096475   0.500000    11.580529   6.158942    21.000000   0.488542    0.342913    0.982903    0.980241    0.000995    3.353158    3.843544    7.146732    0.032861    0.000049    1.000000    0.250000    3.728853    0.987922    1.000000    19.953236   45.483292   3.728853    0.186988    0.987922    0.276398    0.239043    0.000535    0.997555    1.349788    0.008617    0.009509    0.000000    0.000050    0.000500    0.000005    0.000500    0.000500    0.000005    0.000050    0.000050    0.000050    0.447223    13.542557  
[37m[36mINFO[0m[0m 07/17 18:05:53 | 0.781489    0.766879    0.000000    0.966396    0.126038    0.946210    0.967949    0.985030    0.781489    0.766879    1700        40.718563   7.178064    0.006510    0.653565    0.450219    -5.176416   0.500000    11.664899   6.142350    21.000000   0.449889    0.346564    0.981735    0.978630    0.006510    3.360322    3.830273    7.145341    0.032678    0.000045    1.000000    0.250000    3.767292    0.987353    1.000000    19.860297   45.489231   3.767292    0.190051    0.987353    0.283086    0.244087    0.000417    0.998261    5.042334    0.011556    0.054258    0.000000    0.000050    0.000500    0.000005    0.000500    0.000500    0.000005    0.000050    0.000050    0.000050    0.447486    13.186115  
[37m[36mINFO[0m[0m 07/17 18:06:54 | 0.749364    0.755414    0.000000    0.950251    0.183764    0.931540    0.940171    0.979042    0.749364    0.755414    1800        43.113772   7.205239    0.011984    0.649584    0.416813    -5.208827   0.500000    11.753753   6.137784    21.000000   0.416446    0.350541    0.980509    0.977021    0.011984    3.377092    3.835730    7.172719    0.032479    0.000042    1.000000    0.250000    3.765560    0.987554    1.000000    20.344303   45.491159   3.765560    0.185407    0.987554    0.286183    0.251634    0.000300    0.998892    7.128114    0.012987    0.078373    0.000000    0.000050    0.000500    0.000005    0.000500    0.000500    0.000005    0.000050    0.000050    0.000050    0.449675    13.831602  
[37m[36mINFO[0m[0m 07/17 18:07:54 | 0.766539    0.769427    0.000000    0.969290    0.107059    0.960880    0.967949    0.979042    0.766539    0.769427    1900        45.508982   7.227064    0.023683    0.649559    0.382879    -5.290339   0.500000    11.839642   6.097922    21.000000   0.382594    0.350563    0.979246    0.975548    0.023683    3.394536    3.829232    7.194548    0.032478    0.000038    1.000000    0.250000    3.759372    0.987878    1.000000    20.660922   45.493947   3.759372    0.182316    0.987878    0.286521    0.256569    0.000217    0.999332    10.036162   0.015918    0.155405    0.000000    0.000050    0.000500    0.000005    0.000500    0.000500    0.000005    0.000050    0.000050    0.000050    0.449745    13.726850  
[37m[36mINFO[0m[0m 07/17 18:08:54 | 0.807252    0.803822    0.000000    0.968841    0.116250    0.953545    0.967949    0.985030    0.807252    0.803822    2000        47.904192   7.232699    0.021492    0.645368    0.353221    -5.303479   0.500000    11.864352   6.130118    21.000000   0.352884    0.354750    0.980551    0.977257    0.021492    3.392923    3.839014    7.200395    0.032268    0.000035    1.000000    0.250000    3.738402    0.988301    1.000000    20.945754   45.497585   3.738402    0.178599    0.988301    0.284133    0.260282    0.000113    0.999767    9.505517    0.015037    0.125492    0.000000    0.000050    0.000500    0.000005    0.000500    0.000500    0.000005    0.000050    0.000050    0.000050    0.448906    12.619856  
[37m[36mINFO[0m[0m 07/17 18:09:53 | 0.777036    0.760510    0.000000    0.967558    0.107907    0.953545    0.970085    0.979042    0.777036    0.760510    2100        50.299401   7.180716    0.013614    0.646743    0.315961    -5.428903   0.500000    11.853727   6.165387    21.000000   0.315619    0.353372    0.980846    0.977868    0.013614    3.378819    3.810203    7.148347    0.032337    0.000032    1.000000    0.250000    3.751277    0.987608    1.000000    19.783112   45.500543   3.751277    0.190028    0.987608    0.272217    0.249700    0.000161    0.999398    7.193843    0.012810    0.086232    0.000000    0.000050    0.000500    0.000005    0.000500    0.000500    0.000005    0.000050    0.000050    0.000050    0.448274    12.829849  
[37m[36mINFO[0m[0m 07/17 18:10:53 | 0.708333    0.703185    0.000000    0.951611    0.164370    0.926650    0.955128    0.973054    0.708333    0.703185    2200        52.694611   7.202824    0.020127    0.642882    0.287766    -5.550007   0.500000    11.849317   6.237833    21.000000   0.287441    0.357230    0.980420    0.977219    0.020127    3.389664    3.816361    7.170651    0.032144    0.000029    1.000000    0.250000    3.804209    0.987165    1.000000    19.762004   45.506119   3.804209    0.192720    0.987165    0.275443    0.254204    0.000129    0.999631    10.078524   0.015068    0.120973    0.000000    0.000050    0.000500    0.000005    0.000500    0.000500    0.000005    0.000050    0.000050    0.000050    0.447178    12.650145  
[37m[36mINFO[0m[0m 07/17 18:11:52 | 0.793257    0.782166    0.000000    0.970795    0.102635    0.955990    0.974359    0.982036    0.793257    0.782166    2300        55.089820   7.172903    0.015486    0.640449    0.254647    -5.657586   0.500000    11.894014   6.254719    21.000000   0.254397    0.359662    0.981742    0.978864    0.015486    3.379187    3.802758    7.140855    0.032022    0.000025    1.000000    0.250000    3.766453    0.987589    1.000000    19.878293   45.504632   3.766453    0.189689    0.987589    0.270919    0.253575    0.000105    0.999692    6.438390    0.012748    0.084103    0.000000    0.000050    0.000500    0.000005    0.000500    0.000500    0.000005    0.000050    0.000050    0.000050    0.447838    12.658229  
[37m[36mINFO[0m[0m 07/17 18:12:51 | 0.793257    0.785987    0.000000    0.972322    0.092756    0.958435    0.976496    0.982036    0.793257    0.785987    2400        57.485030   7.107334    0.001482    0.643643    0.231408    -5.818086   0.500000    11.767224   6.268773    21.000000   0.231166    0.356464    0.984367    0.982059    0.001482    3.348009    3.783819    7.075128    0.032182    0.000023    1.000000    0.250000    3.949910    0.986577    1.000000    19.504185   45.520755   3.949910    0.202777    0.986577    0.276356    0.254644    0.000147    0.999498    1.803109    0.008472    0.013883    0.000000    0.000050    0.000500    0.000005    0.000500    0.000500    0.000005    0.000050    0.000050    0.000050    0.447507    12.719247  
[37m[36mINFO[0m[0m 07/17 18:13:51 | 0.805344    0.794904    0.000000    0.969371    0.102230    0.955990    0.970085    0.982036    0.805344    0.794904    2500        59.880240   7.103018    0.001379    0.644422    0.207916    -5.991183   0.500000    11.684960   6.252848    21.000000   0.207673    0.355680    0.983987    0.981645    0.001379    3.347908    3.781401    7.070777    0.032221    0.000021    1.000000    0.250000    4.011670    0.985302    1.000000    18.520942   45.527078   4.011670    0.216705    0.985302    0.276075    0.249874    0.000220    0.999138    1.473579    0.008823    0.009173    0.000000    0.000050    0.000500    0.000005    0.000500    0.000500    0.000005    0.000050    0.000050    0.000050    0.446215    12.956247  
[37m[36mINFO[0m[0m 07/17 18:15:15 | 0.829517    0.825478    0.000000    0.964483    0.132409    0.958435    0.967949    0.967066    0.829517    0.825478    2600        62.275449   7.095478    0.002611    0.642715    0.181273    -6.119422   0.500000    11.722319   6.219092    21.000000   0.180995    0.357388    0.983251    0.980817    0.002611    3.346340    3.775568    7.063324    0.032136    0.000018    1.000000    0.250000    4.042541    0.984601    1.000000    18.149443   45.532982   4.042541    0.222816    0.984601    0.277102    0.248962    0.000204    0.999116    2.199481    0.009459    0.016768    0.000000    0.000050    0.000500    0.000005    0.000500    0.000500    0.000005    0.000050    0.000050    0.000050    0.639923    15.437901  
[37m[36mINFO[0m[0m 07/17 18:16:50 | 0.724237    0.715924    0.000000    0.963242    0.124397    0.955990    0.963675    0.970060    0.724237    0.715924    2700        64.670659   7.100110    0.003357    0.643200    0.152922    -6.191179   0.500000    11.760320   6.206143    21.000000   0.152674    0.356901    0.982634    0.980044    0.003357    3.352925    3.773564    7.067935    0.032160    0.000015    1.000000    0.250000    4.102738    0.984439    1.000000    18.356545   45.538012   4.102738    0.223615    0.984439    0.283422    0.254692    0.000158    0.999332    3.395467    0.010052    0.024583    0.000000    0.000050    0.000500    0.000005    0.000500    0.000500    0.000005    0.000050    0.000050    0.000050    0.768810    15.237567  
[37m[36mINFO[0m[0m 07/17 18:18:27 | 0.784351    0.783439    0.000000    0.976603    0.083704    0.975550    0.972222    0.982036    0.784351    0.783439    2800        67.065868   7.072936    0.001447    0.643723    0.134886    -6.294106   0.500000    11.663688   6.202910    21.000000   0.134731    0.356375    0.982912    0.980480    0.001447    3.342478    3.759753    7.040737    0.032186    0.000013    1.000000    0.250000    4.140775    0.984269    1.000000    18.381679   45.545153   4.140775    0.225348    0.984269    0.284593    0.256738    0.000112    0.999513    1.748862    0.008958    0.010868    0.000000    0.000050    0.000500    0.000005    0.000500    0.000500    0.000005    0.000050    0.000050    0.000050    0.780930    15.521261  
[37m[36mINFO[0m[0m 07/17 18:20:03 | 0.832061    0.830573    0.000000    0.966888    0.105051    0.951100    0.961538    0.988024    0.832061    0.830573    2900        69.461078   7.074238    0.000528    0.643788    0.118517    -6.446767   0.500000    11.644902   6.168443    21.000000   0.118340    0.356310    0.982603    0.980211    0.000528    3.343802    3.762173    7.042036    0.032189    0.000012    1.000000    0.250000    4.147063    0.983138    1.000000    17.403505   45.549064   4.147063    0.238397    0.983138    0.278403    0.248694    0.000197    0.998988    1.299599    0.009004    0.005313    0.000000    0.000050    0.000500    0.000005    0.000500    0.000500    0.000005    0.000050    0.000050    0.000050    0.778303    15.359590  
[37m[36mINFO[0m[0m 07/17 18:21:40 | 0.813613    0.805096    0.000000    0.977476    0.076632    0.965770    0.978632    0.988024    0.813613    0.805096    3000        71.856287   7.077765    0.000322    0.643322    0.097032    -6.562426   0.500000    11.610826   6.172241    21.000000   0.096799    0.356776    0.983241    0.980950    0.000322    3.344553    3.766338    7.045589    0.032166    0.000010    1.000000    0.250000    4.199260    0.982508    1.000000    17.175841   45.553453   4.199260    0.244577    0.982508    0.281649    0.250156    0.000207    0.998997    0.715908    0.008813    0.003008    0.000000    0.000050    0.000500    0.000005    0.000500    0.000500    0.000005    0.000050    0.000050    0.000050    0.795200    15.862714  
[37m[36mINFO[0m[0m 07/17 18:23:16 | 0.812341    0.806369    0.000000    0.966316    0.120531    0.951100    0.965812    0.982036    0.812341    0.806369    3100        74.251497   7.081493    0.001205    0.643697    0.078431    -6.686883   0.500000    11.586796   6.155804    21.000000   0.078297    0.356399    0.982284    0.979919    0.001205    3.351596    3.763369    7.049301    0.032185    0.000008    1.000000    0.250000    4.202908    0.981694    1.000000    16.643673   45.556263   4.202908    0.252638    0.981694    0.279414    0.246312    0.000254    0.998639    1.772160    0.009727    0.010464    0.000000    0.000050    0.000500    0.000005    0.000500    0.000500    0.000005    0.000050    0.000050    0.000050    0.778015    15.465475  
[37m[36mINFO[0m[0m 07/17 18:24:53 | 0.795165    0.774522    0.000000    0.965075    0.127114    0.948655    0.961538    0.985030    0.795165    0.774522    3200        76.646707   7.062103    0.001784    0.640608    0.069213    -6.721653   0.500000    11.634210   6.140615    21.000000   0.069125    0.359489    0.982168    0.979736    0.001784    3.344431    3.751067    7.030065    0.032030    0.000007    1.000000    0.250000    4.281256    0.981609    1.000000    17.098202   45.561650   4.281256    0.250487    0.981609    0.288062    0.254903    0.000158    0.999256    2.123629    0.009586    0.011314    0.000000    0.000050    0.000500    0.000005    0.000500    0.000500    0.000005    0.000050    0.000050    0.000050    0.790122    14.902936  
[37m[36mINFO[0m[0m 07/17 18:26:30 | 0.748092    0.726115    0.000000    0.940976    0.224728    0.914425    0.959402    0.949102    0.748092    0.726115    3300        79.041916   7.114426    0.012721    0.638669    0.057968    -6.809754   0.500000    11.682092   6.122197    21.000000   0.057877    0.361428    0.980598    0.977690    0.012721    3.365457    3.772406    7.082487    0.031933    0.000006    1.000000    0.250000    4.198410    0.981399    1.000000    16.682768   45.556225   4.198410    0.251733    0.981399    0.282553    0.251525    0.000159    0.999336    5.283068    0.013184    0.053325    0.000000    0.000050    0.000500    0.000005    0.000500    0.000500    0.000005    0.000050    0.000050    0.000050    0.785607    14.295521  
[37m[36mINFO[0m[0m 07/17 18:28:12 | 0.764631    0.773248    0.000000    0.932898    0.247314    0.911980    0.931624    0.955090    0.764631    0.773248    3400        81.437126   7.169709    0.027797    0.637364    0.051434    -6.664087   0.500000    11.903495   6.117315    21.000000   0.051361    0.362744    0.980466    0.977224    0.027797    3.399443    3.777237    7.137836    0.031868    0.000005    1.000000    0.250000    4.116650    0.984314    1.000000    19.182618   45.547550   4.116650    0.215163    0.984314    0.294666    0.274152    0.000021    0.999915    10.463528   0.017126    0.129818    0.000000    0.000050    0.000500    0.000005    0.000500    0.000500    0.000005    0.000050    0.000050    0.000050    0.845465    14.214240  
[37m[36mINFO[0m[0m 07/17 18:29:46 | 0.762087    0.754140    0.000000    0.958515    0.155656    0.948655    0.965812    0.961078    0.762087    0.754140    3500        83.832335   7.168534    0.031704    0.636366    0.042660    -6.694883   0.500000    11.920254   6.090658    21.000000   0.042570    0.363745    0.979729    0.976489    0.031704    3.401485    3.770471    7.136711    0.031818    0.000004    1.000000    0.250000    3.969873    0.984884    1.000000    18.772764   45.531370   3.969873    0.211805    0.984884    0.276527    0.265565    0.000017    0.999927    11.309035   0.017736    0.145055    0.000000    0.000050    0.000500    0.000005    0.000500    0.000500    0.000005    0.000050    0.000050    0.000050    0.745416    13.633991  
[37m[36mINFO[0m[0m 07/17 18:31:25 | 0.820293    0.826752    0.000000    0.968292    0.126765    0.960880    0.967949    0.976048    0.820293    0.826752    3600        86.227545   7.111264    0.010114    0.636403    0.033744    -6.736598   0.500000    11.922178   6.123954    21.000000   0.033668    0.363702    0.982246    0.979659    0.010114    3.376004    3.760688    7.079440    0.031820    0.000003    1.000000    0.250000    4.115993    0.984445    1.000000    18.616838   45.548454   4.115993    0.221336    0.984445    0.276871    0.265917    0.000018    0.999886    5.927496    0.012145    0.066161    0.000000    0.000050    0.000500    0.000005    0.000500    0.000500    0.000005    0.000050    0.000050    0.000050    0.820861    14.325511  
[37m[36mINFO[0m[0m 07/17 18:33:04 | 0.793257    0.800000    0.000000    0.965562    0.118242    0.953545    0.970085    0.973054    0.793257    0.800000    3700        88.622754   7.080589    0.001348    0.637246    0.028285    -6.906653   0.500000    11.873131   6.159627    21.000000   0.028236    0.362852    0.984625    0.982692    0.001348    3.353480    3.762963    7.048724    0.031862    0.000003    1.000000    0.250000    4.247274    0.983778    1.000000    18.246206   45.564743   4.247274    0.233008    0.983778    0.279063    0.265111    0.000029    0.999786    2.559266    0.009187    0.011802    0.000000    0.000050    0.000500    0.000005    0.000500    0.000500    0.000005    0.000050    0.000050    0.000050    0.805588    14.666311  
[37m[36mINFO[0m[0m 07/17 18:34:44 | 0.754453    0.765605    0.000000    0.971367    0.109256    0.955990    0.970085    0.988024    0.754453    0.765605    3800        91.017964   7.066811    0.004720    0.637837    0.023543    -7.020757   0.500000    11.849369   6.161478    21.000000   0.023500    0.362260    0.982235    0.979768    0.004720    3.354509    3.745896    7.034917    0.031892    0.000002    1.000000    0.250000    4.234922    0.983178    1.000000    17.866807   45.562270   4.234922    0.237218    0.983178    0.280397    0.264511    0.000027    0.999839    3.406455    0.010162    0.027747    0.000000    0.000050    0.000500    0.000005    0.000500    0.000500    0.000005    0.000050    0.000050    0.000050    0.839279    13.557941  
[37m[36mINFO[0m[0m 07/17 18:36:24 | 0.754135    0.743949    0.000000    0.955561    0.177999    0.929095    0.961538    0.976048    0.754135    0.743949    3900        93.413174   7.081712    0.008880    0.637756    0.019075    -7.112864   0.500000    11.808095   6.197675    21.000000   0.019040    0.362342    0.982210    0.979695    0.008880    3.363322    3.748748    7.049822    0.031888    0.000002    1.000000    0.250000    4.233485    0.983006    1.000000    17.746944   45.562629   4.233485    0.238879    0.983006    0.279320    0.263953    0.000020    0.999815    5.218689    0.011700    0.045069    0.000000    0.000050    0.000500    0.000005    0.000500    0.000500    0.000005    0.000050    0.000050    0.000050    0.831846    14.699757  
[37m[36mINFO[0m[0m 07/17 18:37:57 | 0.777672    0.764331    0.000000    0.956253    0.151795    0.938875    0.965812    0.964072    0.777672    0.764331    4000        95.808383   7.104709    0.011715    0.635933    0.015948    -7.093950   0.500000    11.872027   6.196231    21.000000   0.015905    0.364168    0.981327    0.978605    0.011715    3.373521    3.758614    7.072911    0.031797    0.000002    1.000000    0.250000    4.212741    0.983081    1.000000    17.957987   45.566268   4.212741    0.234872    0.983081    0.280007    0.266982    0.000010    0.999915    6.791900    0.013062    0.068162    0.000000    0.000050    0.000500    0.000005    0.000500    0.000500    0.000005    0.000050    0.000050    0.000050    0.721204    14.880059  
[37m[36mINFO[0m[0m 07/17 18:39:30 | 0.804707    0.820382    0.000000    0.967089    0.119401    0.955990    0.972222    0.973054    0.804707    0.820382    4100        98.203593   7.069353    0.005195    0.637312    0.012527    -7.179415   0.500000    11.865893   6.199795    21.000000   0.012505    0.362787    0.982582    0.980131    0.005195    3.358149    3.745936    7.037486    0.031866    0.000001    1.000000    0.250000    4.287731    0.983200    1.000000    18.272124   45.573154   4.287731    0.235031    0.983200    0.284747    0.271060    0.000012    0.999899    4.008777    0.010690    0.039381    0.000000    0.000050    0.000500    0.000005    0.000500    0.000500    0.000005    0.000050    0.000050    0.000050    0.710599    15.886823  
[37m[36mINFO[0m[0m 07/17 18:41:00 | 0.804389    0.817834    0.000000    0.968879    0.110035    0.951100    0.976496    0.979042    0.804389    0.817834    4200        100.598802  7.048283    0.002361    0.637194    0.009761    -7.310483   0.500000    11.792756   6.199142    21.000000   0.009730    0.362903    0.983861    0.981879    0.002361    3.349592    3.737574    7.016422    0.031860    0.000001    1.000000    0.250000    4.277400    0.982229    1.000000    17.011063   45.575475   4.277400    0.251645    0.982229    0.271785    0.257967    0.000023    0.999738    1.765168    0.009087    0.010490    0.000000    0.000050    0.000500    0.000005    0.000500    0.000500    0.000005    0.000050    0.000050    0.000050    0.700716    14.417877  
[37m[36mINFO[0m[0m 07/17 18:42:32 | 0.794211    0.789809    0.000000    0.965501    0.121503    0.948655    0.965812    0.982036    0.794211    0.789809    4300        102.994012  7.039167    0.001542    0.638296    0.007470    -7.436543   0.500000    11.714929   6.204203    21.000000   0.007452    0.361800    0.984154    0.982274    0.001542    3.342699    3.737375    7.007251    0.031915    0.000001    1.000000    0.250000    4.345957    0.981632    1.000000    16.908207   45.580474   4.345957    0.257170    0.981632    0.275840    0.259891    0.000027    0.999665    1.384938    0.008961    0.010646    0.000000    0.000050    0.000500    0.000005    0.000500    0.000500    0.000005    0.000050    0.000050    0.000050    0.747752    14.663304  
[37m[36mINFO[0m[0m 07/17 18:44:01 | 0.816158    0.810191    0.000000    0.970898    0.097169    0.958435    0.972222    0.982036    0.816158    0.810191    4400        105.389222  7.044988    0.002363    0.639036    0.005650    -7.538328   0.500000    11.724111   6.208321    21.000000   0.005633    0.361058    0.983307    0.981274    0.002363    3.349813    3.736244    7.013036    0.031952    0.000001    1.000000    0.250000    4.334141    0.980808    1.000000    16.306522   45.582582   4.334141    0.265961    0.980808    0.270880    0.254595    0.000028    0.999634    1.953745    0.009405    0.012334    0.000000    0.000050    0.000500    0.000005    0.000500    0.000500    0.000005    0.000050    0.000050    0.000050    0.686396    14.880403  
[37m[36mINFO[0m[0m 07/17 18:45:33 | 0.801209    0.822930    0.000000    0.970715    0.105934    0.960880    0.972222    0.979042    0.801209    0.822930    4500        107.784431  7.038700    0.004879    0.637515    0.004582    -7.630590   0.500000    11.696421   6.236412    21.000000   0.004575    0.362579    0.982150    0.979827    0.004879    3.349725    3.728527    7.006824    0.031876    0.000000    1.000000    0.250000    4.331138    0.980433    1.000000    16.222211   45.582104   4.331138    0.267172    0.980433    0.272691    0.255846    0.000024    0.999651    2.807499    0.010106    0.024057    0.000000    0.000050    0.000500    0.000005    0.000500    0.000500    0.000005    0.000050    0.000050    0.000050    0.744785    14.752443  
[37m[36mINFO[0m[0m 07/17 18:47:05 | 0.724237    0.742675    0.000000    0.932483    0.336057    0.902200    0.955128    0.940120    0.724237    0.742675    4600        110.179641  7.050206    0.008097    0.636494    0.003992    -7.583175   0.500000    11.848438   6.240084    21.000000   0.003989    0.363603    0.981533    0.978948    0.008097    3.359666    3.726450    7.018381    0.031825    0.000000    1.000000    0.250000    4.361331    0.981092    1.000000    16.996833   45.584431   4.361331    0.256994    0.981092    0.281792    0.266763    0.000012    0.999853    5.440704    0.011893    0.049083    0.000000    0.000050    0.000500    0.000005    0.000500    0.000500    0.000005    0.000050    0.000050    0.000050    0.745039    15.034847  
[37m[36mINFO[0m[0m 07/17 18:48:35 | 0.765585    0.769427    0.000000    0.962259    0.158238    0.946210    0.976496    0.964072    0.765585    0.769427    4700        112.574850  7.083743    0.015920    0.636259    0.003799    -7.578082   0.500000    11.909171   6.232645    21.000000   0.003796    0.363841    0.980412    0.977545    0.015920    3.370773    3.741017    7.051929    0.031813    0.000000    1.000000    0.250000    4.286930    0.981507    1.000000    17.137276   45.579176   4.286930    0.250464    0.981507    0.279207    0.267858    0.000007    0.999919    7.485912    0.014236    0.077778    0.000000    0.000050    0.000500    0.000005    0.000500    0.000500    0.000005    0.000050    0.000050    0.000050    0.700659    15.060732  
[37m[36mINFO[0m[0m 07/17 18:50:06 | 0.761450    0.760510    0.000000    0.955423    0.176741    0.946210    0.952991    0.967066    0.761450    0.760510    4800        114.970060  7.077933    0.014537    0.635884    0.003420    -7.624664   0.500000    11.879095   6.250267    21.000000   0.003416    0.364217    0.980459    0.977567    0.014537    3.375813    3.732036    7.046139    0.031794    0.000000    1.000000    0.250000    4.208650    0.981987    1.000000    17.203447   45.566436   4.208650    0.244810    0.981987    0.273471    0.266458    0.000004    0.999924    7.588831    0.013743    0.077992    0.000000    0.000050    0.000500    0.000005    0.000500    0.000500    0.000005    0.000050    0.000050    0.000050    0.703535    15.122409  
[37m[36mINFO[0m[0m 07/17 18:51:41 | 0.794529    0.797452    0.000000    0.961795    0.108287    0.948655    0.963675    0.973054    0.794529    0.797452    4900        117.365269  7.046392    0.005135    0.636233    0.002812    -7.746398   0.500000    11.889186   6.240707    21.000000   0.002805    0.363866    0.982520    0.980365    0.005135    3.357251    3.729658    7.014580    0.031812    0.000000    1.000000    0.250000    4.357511    0.981740    1.000000    17.223600   45.587213   4.357511    0.253411    0.981740    0.274101    0.267013    0.000007    0.999852    3.750976    0.010397    0.032609    0.000000    0.000050    0.000500    0.000005    0.000500    0.000500    0.000005    0.000050    0.000050    0.000050    0.770034    15.341311  
[37m[36mINFO[0m[0m 07/17 18:53:15 | 0.777354    0.783439    0.000000    0.963036    0.158095    0.951100    0.967949    0.970060    0.777354    0.783439    5000        119.760479  7.054425    0.008934    0.636326    0.002210    -7.719892   0.500000    11.885758   6.202396    21.000000   0.002205    0.363771    0.980793    0.978299    0.008934    3.363095    3.727779    7.022609    0.031816    0.000000    1.000000    0.250000    4.353545    0.981191    1.000000    16.780568   45.589714   4.353545    0.260052    0.981191    0.271260    0.263827    0.000007    0.999825    5.783403    0.012191    0.047576    0.000000    0.000050    0.000500    0.000005    0.000500    0.000500    0.000005    0.000050    0.000050    0.000050    0.764702    15.269917  
[37m[36mINFO[0m[0m 07/17 18:53:15 | ---
[37m[33mWARNING[0m[0m 07/17 18:53:15 | Evaluate SWAD ...
[37m[36mINFO[0m[0m 07/17 18:53:31 | 0.824427    0.822930    0.000000    0.983444    0.244565    0.975550    0.980769    0.994012    0.824427    0.822930    [201-4900]  (N=48)
[37m[36mINFO[0m[0m 07/17 18:53:31 | oracle = 83.206%
[37m[36mINFO[0m[0m 07/17 18:53:31 | iid = 81.361%
[37m[36mINFO[0m[0m 07/17 18:53:31 | last = 77.735%
[37m[36mINFO[0m[0m 07/17 18:53:31 | last (inD) = 96.304%
[37m[36mINFO[0m[0m 07/17 18:53:31 | iid (inD) = 97.748%
[37m[36mINFO[0m[0m 07/17 18:53:31 | SWAD = 82.443%
[37m[36mINFO[0m[0m 07/17 18:53:31 | SWAD (inD) = 98.344%
[37m[36mINFO[0m[0m 07/17 18:53:32 | === Summary ===
[37m[36mINFO[0m[0m 07/17 18:53:32 | Command: train_all.py 2_2full_pacs_piccl_residual_gate --dataset PACS --algorithm PICCL --model resnet50 --deterministic --trial_seed 0 --seed 0 --checkpoint_freq 100 --steps 5000 --data_dir /home/hooasia/lgg/data/repro_dccl_data --use_piccl true --piccl_strict_bypass false --output_root train_output/PACS1 --l 1 --l_d 0.05 --l_layer 1 --t 0.1 --t_pre 0.2 --use_piccl true --piccl_fusion_mode residual_gate --piccl_gt_mode keep --piccl_rank 16 --piccl_isr_weight 0.05 --piccl_orth_weight 0.0001 --piccl_residual_scale 0.25 --piccl_gate_bias -2.5 --piccl_gt_mode keep --piccl_basis_receive_task_grad false
[37m[36mINFO[0m[0m 07/17 18:53:32 | Unique name: 260717_14-19-02_2_2full_pacs_piccl_residual_gate
[37m[36mINFO[0m[0m 07/17 18:53:32 | Out path: train_output/PACS1/260717_14-19-02_2_2full_pacs_piccl_residual_gate
[37m[36mINFO[0m[0m 07/17 18:53:32 | Algorithm: PICCL
[37m[36mINFO[0m[0m 07/17 18:53:32 | Dataset: PACS
+------------+---------+---------+---------+---------+---------+
| Selection  |   env0  |   env1  |   env2  |   env3  |   Avg.  |
+------------+---------+---------+---------+---------+---------+
|   oracle   | 85.540% | 83.902% | 97.530% | 83.206% | 87.544% |
|    iid     | 84.930% | 80.384% | 98.503% | 81.361% | 86.294% |
|    last    | 85.845% | 80.757% | 93.488% | 77.735% | 84.456% |
| last (inD) | 97.897% | 95.190% | 96.214% | 96.304% | 96.401% |
| iid (inD)  | 97.926% | 97.104% | 97.012% | 97.748% | 97.447% |
|    SWAD    | 91.214% | 84.701% | 98.054% | 82.443% | 89.103% |
| SWAD (inD) | 98.395% | 97.530% | 97.397% | 98.344% | 97.917% |
+------------+---------+---------+---------+---------+---------+
