[37m[36mINFO[0m[0m 08/28 09:44:09 | Command :: train_all.py pacs_b5c1_lr1e3_aug075_decomp --dataset PACS --algorithm CIPTDCCL --data_dir /home/hooasia/lgg/data/repro_dccl_data --deterministic --trial_seed 0 --seed 0 --checkpoint_freq 100 --cipt_clip_path /home/hooasia/.cache/clip/ViT-B-16.pt --cipt_beta 4 --cipt_gamma 5 --cipt_k 4 --cipt_prompt_length 16 --cipt_prompt_init a photo of a --cipt_template_mode b5c --cipt_causal_contrastive_weight 1 --cipt_contrastive_warmup_steps 500 --cipt_aug_decomp_weight 0.75 --output_root train_output/PACS_aug_decomp --lr 0.001 --weight_decay 0.0
Environment:
	Python: 3.10.20
	PyTorch: 2.5.1+cu121
	Torchvision: 0.20.1+cu121
	CUDA: 12.1
	CUDNN: 90100
	NumPy: 2.2.6
	PIL: 12.0.0
Args:
	TN: False
	algorithm: CIPTDCCL
	aug: 0
	checkpoint_freq: 100
	cipt_beta: 4.0
	cipt_clip_backbone: ViT-B/16
	cipt_clip_path: /home/hooasia/.cache/clip/ViT-B-16.pt
	cipt_contrastive_weight: 1.0
	cipt_debug_shapes: False
	cipt_enabled: True
	cipt_gamma: 5.0
	cipt_k: 4
	cipt_prompt_init: a photo of a
	cipt_prompt_length: 16
	cipt_tda_heads: 1
	configs: []
	data_dir: /home/hooasia/lgg/data/repro_dccl_data
	dataset: PACS
	debug: False
	deterministic: True
	domainnet_auto_source_count: 3
	erm_baseline: weak
	evalmode: fast
	holdout_fraction: 0.2
	l: 1
	l_d: None
	l_layer: None
	label_ratio: 1.0
	lamda: 5
	log: False
	mix: 0
	model: resnet50
	model_save: None
	n_layer: 1
	name: pacs_b5c1_lr1e3_aug075_decomp
	out_dir: train_output/PACS_aug_decomp/PACS/260828_09-44-08_pacs_b5c1_lr1e3_aug075_decomp
	out_root: train_output/PACS_aug_decomp/PACS
	output_root: train_output/PACS_aug_decomp
	pos_mask: False
	prebuild_loader: False
	re_w: False
	sample_d: False
	seed: 0
	show: False
	source_envs: None
	start_epoch: 1000
	steps: None
	sup: True
	t: 0.1
	t_pre: 0.2
	target_env: None
	tb_freq: 10
	test_envs: None
	trial_seed: 0
	two_ce: False
	unique_name: 260828_09-44-08_pacs_b5c1_lr1e3_aug075_decomp
	weak_erm: False
	work_dir: .
HParams:
	data_augmentation: True
	val_augment: False
	resnet18: False
	resnet_dropout: 0.0
	class_balanced: False
	optimizer: adam
	cipt_enabled: True
	cipt_clip_backbone: ViT-B/16
	cipt_clip_path: /home/hooasia/.cache/clip/ViT-B-16.pt
	cipt_beta: 4.0
	cipt_gamma: 5.0
	cipt_k: 4
	cipt_prompt_length: 16
	cipt_prompt_init: a photo of a
	[36mcipt_template_mode: b5c
	[0mcipt_tda_heads: 1
	cipt_contrastive_weight: 1.0
	cipt_debug_shapes: False
	freeze_bn: True
	pretrained: True
	[36mlr: 0.001
	[0mbatch_size: 32
	[36mweight_decay: 0.0
	[0mt: 0.1
	t_pre: 0.2
	l: 1
	l_d: 0.01
	l_layer: 1
	n_layer: 1
	sup: True
	two_ce: False
	sample_d: False
	re_w: False
	pos_mask: False
	mix: 0
	aug: 0
	model: resnet50
	label_ratio: 1.0
	TN: False
	lamda: 5
	start_epoch: 1000
	log: False
	swad: None
	swad_kwargs: 
	  n_converge: 3
	  n_tolerance: 6
	  tolerance_ratio: 0.3
	test_batchsize: 128
	indomain_test: False
	cipt_pure: False
	[36mcipt_causal_contrastive_weight: 1
	[0m[36mcipt_contrastive_warmup_steps: 500
	[0m[36mcipt_aug_decomp_weight: 0.75[0m
Dataset:
	[PACS] #envs=4, #classes=7
	env0: art_painting (#2048)
	env1: cartoon (#2344)
	env2: photo (#1670)
	env3: sketch (#3929)

[37m[36mINFO[0m[0m 08/28 09:44:15 | n_steps = 5001
[37m[36mINFO[0m[0m 08/28 09:44:15 | checkpoint_freq = 100
[37m[36mINFO[0m[0m 08/28 09:44:15 | n_steps is updated to 5001 => 5001 for checkpointing
[37m[36mINFO[0m[0m 08/28 09:44:15 | Target test envs = [[0], [1], [2], [3]]
[37m[36mINFO[0m[0m 08/28 09:44:15 | 
[37m[36mINFO[0m[0m 08/28 09:44:20 | Testenv name escaping te_art_painting -> te_art_painting
[37m[36mINFO[0m[0m 08/28 09:44:20 | Test envs = [0], name = te_art_painting
[37m[36mINFO[0m[0m 08/28 09:44:20 | Batch sizes for each domain: [0, 32, 32, 32] (total=96)
[37m[36mINFO[0m[0m 08/28 09:44:20 | steps-per-epoch for each domain: 58.62, 41.75, 98.25 -> min = 41.75
[37m[36mINFO[0m[0m 08/28 09:44:47 | # of params = 151206401
[37m[36mINFO[0m[0m 08/28 09:45:06 | test_in     test_out    train_in    train_out   tr_outloss  env0_in     env0_out    env1_out    env2_out    env3_out    step        epoch       total_loss  cipt_base_  cipt_cls_l  cipt_de_lo  cipt_de_or  cipt_de_au  aug_decomp  cipt_ind_l  causal_con  dccl_contr  contrastiv  pre_cl_los  reg_loss    mean_e_nor  mean_e_aug  mean_e_aug  mean_s_nor  mean_s_aug  mean_es_co  mean_e_aug  step_time   eval_time  
[37m[36mINFO[0m[0m 08/28 09:45:06 | 0.370958    0.334963    0.000000    0.371238    1.638604    0.370958    0.334963    0.435897    0.368263    0.309554    0           0.000000    17.399801   10.851477   2.082317    2.191416    2.191416    2.179617    3.000000    0.000700    0.000000    4.737075    0.002000    0.000000    0.000000    6.475749    6.491936    0.944625    6.610312    6.605876    -0.023554   -0.020749   1.080560    18.624474  
[37m[36mINFO[0m[0m 08/28 09:46:26 | 0.972544    0.977995    0.000000    0.983576    0.052992    0.972544    0.977995    0.997863    1.000000    0.952866    100         2.395210    1.402709    0.604453    0.108807    0.123470    0.123470    0.135242    3.000000    0.000354    0.000000    3.893208    0.103000    0.000000    0.000000    7.857074    7.778513    0.951712    10.621201   10.569882   -0.004179   -0.001742   0.605781    19.189031  
[37m[36mINFO[0m[0m 08/28 09:47:46 | 0.975595    0.977995    0.000000    0.974933    0.078523    0.975595    0.977995    0.993590    1.000000    0.931210    200         4.790419    1.495666    0.222667    0.043843    0.044587    0.044587    0.056121    3.000000    0.000095    0.000000    3.653137    0.303000    0.000000    0.000000    8.458505    8.391736    0.957994    11.782552   11.693537   0.000275    0.004339    0.611558    18.333232  
[37m[36mINFO[0m[0m 08/28 09:49:05 | 0.979866    0.977995    0.000000    0.984850    0.047618    0.979866    0.977995    0.997863    1.000000    0.956688    300         7.185629    2.154798    0.205503    0.040983    0.041050    0.041050    0.051379    3.000000    0.000064    0.000000    3.571228    0.503000    0.000000    0.000000    9.017570    8.949823    0.964073    12.095925   12.005270   0.000189    0.004608    0.610340    18.400847  
[37m[36mINFO[0m[0m 08/28 09:50:25 | 0.973764    0.975550    0.000000    0.982727    0.049757    0.973764    0.975550    0.997863    1.000000    0.950318    400         9.580838    2.808289    0.182166    0.036335    0.036400    0.036400    0.048948    3.000000    0.000046    0.000000    3.527042    0.703000    0.000000    0.000000    9.634886    9.563459    0.968224    12.385483   12.280444   0.000356    0.004958    0.608661    18.756937  
[37m[36mINFO[0m[0m 08/28 09:51:45 | 0.976815    0.975550    0.000000    0.982864    0.056760    0.976815    0.975550    0.995726    1.000000    0.952866    500         11.976048   3.474781    0.164696    0.032633    0.032970    0.032970    0.046437    3.000000    0.000037    0.000000    3.511564    0.902980    0.000000    0.000000    10.050311   9.993167    0.971049    12.638276   12.534512   0.000109    0.004201    0.611975    19.570035  
[37m[36mINFO[0m[0m 08/28 09:53:06 | 0.974985    0.977995    0.000000    0.984426    0.044675    0.974985    0.977995    0.997863    1.000000    0.955414    600         14.371257   3.775715    0.156940    0.031145    0.031411    0.031411    0.043319    3.000000    0.000030    0.000000    3.488817    1.000000    0.000000    0.000000    10.684139   10.620141   0.974456    13.056943   12.933915   0.000361    0.004070    0.605120    19.600481  
[37m[36mINFO[0m[0m 08/28 09:54:25 | 0.977425    0.975550    0.000000    0.984850    0.046935    0.977425    0.975550    0.997863    1.000000    0.956688    700         16.766467   3.771560    0.156488    0.031027    0.031336    0.031336    0.043698    3.000000    0.000024    0.000000    3.483979    1.000000    0.000000    0.000000    11.081537   10.998431   0.976225    13.663423   13.522477   0.000109    0.003555    0.607277    18.374684  
[37m[36mINFO[0m[0m 08/28 09:55:45 | 0.974375    0.973105    0.000000    0.983576    0.048808    0.974375    0.973105    0.997863    1.000000    0.952866    800         19.161677   3.784054    0.166915    0.033701    0.033277    0.033277    0.043874    3.000000    0.000021    0.000000    3.485519    1.000000    0.000000    0.000000    11.509229   11.439791   0.976775    14.051935   13.896106   0.000024    0.003225    0.605973    19.529690  
[37m[36mINFO[0m[0m 08/28 09:57:04 | 0.976815    0.980440    0.000000    0.982303    0.049887    0.976815    0.980440    0.997863    1.000000    0.949045    900         21.556886   3.757248    0.161196    0.032897    0.032051    0.032051    0.040906    3.000000    0.000019    0.000000    3.473335    1.000000    0.000000    0.000000    12.246965   12.191194   0.978834    14.604325   14.442976   0.000417    0.003432    0.602250    19.024199  
[37m[36mINFO[0m[0m 08/28 09:58:23 | 0.976205    0.973105    0.000000    0.985138    0.040515    0.976205    0.973105    1.000000    1.000000    0.955414    1000        23.952096   3.752661    0.150708    0.030275    0.030088    0.030088    0.043350    3.000000    0.000016    0.000000    3.471902    1.000000    0.000000    0.000000    12.584484   12.529827   0.979389    14.904336   14.728553   0.000113    0.003073    0.601123    18.950805  
[37m[36mINFO[0m[0m 08/28 09:59:43 | 0.977425    0.977995    0.000000    0.983152    0.054126    0.977425    0.977995    0.997863    1.000000    0.951592    1100        26.347305   3.714299    0.132717    0.026627    0.026503    0.026503    0.036898    3.000000    0.000016    0.000000    3.470886    1.000000    0.000000    0.000000    12.888134   12.812080   0.979781    15.499183   15.315481   0.000166    0.002993    0.600677    19.351821  
[37m[36mINFO[0m[0m 08/28 10:01:02 | 0.971934    0.973105    0.000000    0.986837    0.041124    0.971934    0.973105    1.000000    1.000000    0.960510    1200        28.742515   3.725428    0.139042    0.027890    0.027771    0.027771    0.039410    3.000000    0.000014    0.000000    3.468157    1.000000    0.000000    0.000000    13.184936   13.106125   0.980527    15.924701   15.720662   0.000088    0.002812    0.606907    18.697160  
[37m[36mINFO[0m[0m 08/28 10:02:23 | 0.975595    0.975550    0.000000    0.986837    0.047380    0.975595    0.975550    1.000000    1.000000    0.960510    1300        31.137725   3.700571    0.126551    0.025477    0.025254    0.025254    0.037440    3.000000    0.000011    0.000000    3.461700    1.000000    0.000000    0.000000    13.444061   13.374237   0.980756    16.345502   16.119930   0.000024    0.002548    0.607799    19.721283  
[37m[36mINFO[0m[0m 08/28 10:03:42 | 0.975595    0.975550    0.000000    0.986837    0.044058    0.975595    0.975550    1.000000    1.000000    0.960510    1400        33.532934   3.674578    0.111361    0.022135    0.022292    0.022292    0.035095    3.000000    0.000011    0.000000    3.457932    1.000000    0.000000    0.000000    13.842659   13.806086   0.981534    16.801419   16.568818   0.000046    0.002481    0.602556    19.072628  
[37m[36mINFO[0m[0m 08/28 10:05:01 | 0.976815    0.977995    0.000000    0.987261    0.048279    0.976815    0.977995    1.000000    1.000000    0.961783    1500        35.928144   3.628549    0.088829    0.017881    0.017725    0.017725    0.029867    3.000000    0.000009    0.000000    3.450120    1.000000    0.000000    0.000000    13.886976   13.847090   0.981496    17.364134   17.117956   0.000088    0.002495    0.603347    18.615440  
[37m[36mINFO[0m[0m 08/28 10:06:20 | 0.973764    0.973105    0.000000    0.984713    0.040565    0.973764    0.973105    1.000000    1.000000    0.954140    1600        38.323353   3.641579    0.098760    0.019604    0.019777    0.019777    0.029242    3.000000    0.000009    0.000000    3.455093    1.000000    0.000000    0.000000    14.127126   14.086499   0.981457    17.721577   17.472592   0.000042    0.002264    0.602004    18.456259  
[37m[36mINFO[0m[0m 08/28 10:07:39 | 0.974985    0.973105    0.000000    0.985563    0.043754    0.974985    0.973105    1.000000    1.000000    0.956688    1700        40.718563   3.693303    0.123404    0.024835    0.024631    0.024631    0.037606    3.000000    0.000009    0.000000    3.457083    1.000000    0.000000    0.000000    14.385211   14.317501   0.981849    18.240549   17.967613   0.000138    0.002261    0.602316    18.789536  
[37m[36mINFO[0m[0m 08/28 10:08:57 | 0.973764    0.975550    0.000000    0.978894    0.071076    0.973764    0.975550    0.995726    0.997006    0.943949    1800        43.113772   3.654859    0.100028    0.020034    0.019989    0.019989    0.033117    3.000000    0.000008    0.000000    3.455480    1.000000    0.000000    0.000000    14.636553   14.603143   0.981760    18.630442   18.347247   0.000072    0.002198    0.600148    18.059405  
[37m[36mINFO[0m[0m 08/28 10:10:16 | 0.973154    0.973105    0.000000    0.984565    0.053051    0.973154    0.973105    1.000000    0.997006    0.956688    1900        45.508982   3.651086    0.102291    0.020730    0.020381    0.020381    0.034009    3.000000    0.000008    0.000000    3.446768    1.000000    0.000000    0.000000    15.135782   15.074180   0.982828    19.181374   18.873147   0.000069    0.002040    0.605544    18.756314  
[37m[36mINFO[0m[0m 08/28 10:11:36 | 0.974985    0.977995    0.000000    0.982866    0.057256    0.974985    0.977995    1.000000    0.997006    0.951592    2000        47.904192   3.633010    0.098222    0.020365    0.019456    0.019456    0.030320    3.000000    0.000007    0.000000    3.443829    1.000000    0.000000    0.000000    15.504167   15.471691   0.983064    19.499178   19.203738   0.000019    0.001911    0.610623    18.999660  
[37m[36mINFO[0m[0m 08/28 10:12:55 | 0.974985    0.973105    0.000000    0.984989    0.043337    0.974985    0.973105    1.000000    0.997006    0.957962    2100        50.299401   3.633870    0.097742    0.019993    0.019429    0.019429    0.030925    3.000000    0.000007    0.000000    3.443353    1.000000    0.000000    0.000000    15.902079   15.831506   0.983373    19.990617   19.663967   0.000047    0.001975    0.602146    18.340464  
[37m[36mINFO[0m[0m 08/28 10:14:14 | 0.974985    0.973105    0.000000    0.982715    0.047899    0.974985    0.973105    0.995726    0.997006    0.955414    2200        52.694611   3.593329    0.074415    0.014881    0.014876    0.014876    0.026832    3.000000    0.000006    0.000000    3.438417    1.000000    0.000000    0.000000    15.971716   15.901939   0.982858    20.580885   20.256922   0.000092    0.002185    0.601265    18.822511  
[37m[36mINFO[0m[0m 08/28 10:15:33 | 0.974985    0.973105    0.000000    0.983289    0.054462    0.974985    0.973105    0.995726    1.000000    0.954140    2300        55.089820   3.650888    0.102197    0.021781    0.020096    0.020096    0.032868    3.000000    0.000007    0.000000    3.450089    1.000000    0.000000    0.000000    16.284894   16.227569   0.983096    21.154620   20.798032   -0.000006   0.001700    0.603534    18.554226  
[37m[36mINFO[0m[0m 08/28 10:16:52 | 0.974375    0.973105    0.000000    0.986688    0.044914    0.974375    0.973105    1.000000    0.997006    0.963057    2400        57.485030   3.610094    0.083647    0.017360    0.016564    0.016564    0.028650    3.000000    0.000006    0.000000    3.440496    1.000000    0.000000    0.000000    16.698315   16.656043   0.983452    21.652315   21.306913   0.000038    0.001794    0.600388    18.716402  
[37m[36mINFO[0m[0m 08/28 10:18:10 | 0.969494    0.973105    0.000000    0.985414    0.050104    0.969494    0.973105    1.000000    0.997006    0.959236    2500        59.880240   3.625188    0.086535    0.017951    0.017140    0.017140    0.032277    3.000000    0.000005    0.000000    3.441821    1.000000    0.000000    0.000000    16.991540   16.922434   0.983044    22.071576   21.680703   0.000026    0.001577    0.599298    18.825825  
[37m[36mINFO[0m[0m 08/28 10:19:29 | 0.972544    0.970660    0.000000    0.985837    0.042241    0.972544    0.970660    0.995726    1.000000    0.961783    2600        62.275449   3.607333    0.085781    0.015458    0.017567    0.017567    0.029731    3.000000    0.000011    0.000000    3.432359    1.000000    0.000000    0.000000    17.116304   17.089121   0.983031    23.318732   22.947765   0.000210    0.002124    0.601066    19.017301  
[37m[36mINFO[0m[0m 08/28 10:20:48 | 0.975595    0.968215    0.000000    0.982152    0.053779    0.975595    0.968215    0.993590    1.000000    0.952866    2700        64.670659   3.640876    0.092535    0.018929    0.018395    0.018395    0.034251    3.000000    0.000006    0.000000    3.445587    1.000000    0.000000    0.000000    17.525623   17.495960   0.983539    25.391207   25.007818   0.000072    0.002422    0.601297    18.421682  
[37m[36mINFO[0m[0m 08/28 10:22:08 | 0.974375    0.973105    0.000000    0.985987    0.040541    0.974375    0.973105    1.000000    1.000000    0.957962    2800        67.065868   3.649827    0.095354    0.019598    0.018933    0.018933    0.035046    3.000000    0.000005    0.000000    3.449336    1.000000    0.000000    0.000000    17.829276   17.810826   0.983318    25.498668   25.126568   0.000097    0.002333    0.600986    19.600703  
[37m[36mINFO[0m[0m 08/28 10:23:27 | 0.973154    0.965770    0.000000    0.985700    0.042026    0.973154    0.965770    0.997863    1.000000    0.959236    2900        69.461078   3.602530    0.077505    0.016077    0.015351    0.015351    0.028874    3.000000    0.000004    0.000000    3.438402    1.000000    0.000000    0.000000    18.150703   18.113135   0.983775    25.617937   25.244874   -0.000101   0.001911    0.596883    19.596228  
[37m[36mINFO[0m[0m 08/28 10:24:46 | 0.965833    0.963325    0.000000    0.987398    0.044599    0.965833    0.963325    0.997863    1.000000    0.964331    3000        71.856287   3.634511    0.096644    0.019932    0.019173    0.019173    0.032161    3.000000    0.000004    0.000000    3.441382    1.000000    0.000000    0.000000    18.370664   18.334884   0.983500    25.634059   25.245127   0.000122    0.001955    0.597401    18.985362  
[37m[36mINFO[0m[0m 08/28 10:26:05 | 0.971324    0.968215    0.000000    0.985414    0.044519    0.971324    0.968215    1.000000    0.997006    0.959236    3100        74.251497   3.629506    0.085469    0.018068    0.016845    0.016845    0.032540    3.000000    0.000004    0.000000    3.446418    1.000000    0.000000    0.000000    18.684518   18.658116   0.983992    25.759032   25.351597   0.000004    0.001534    0.601090    18.943291  
[37m[36mINFO[0m[0m 08/28 10:27:23 | 0.972544    0.970660    0.000000    0.985563    0.060379    0.972544    0.970660    1.000000    1.000000    0.956688    3200        76.646707   3.602356    0.080436    0.016601    0.015954    0.015954    0.028024    3.000000    0.000004    0.000000    3.437849    1.000000    0.000000    0.000000    19.014416   18.954267   0.983979    25.996760   25.569278   0.000094    0.001416    0.592392    19.065644  
[37m[36mINFO[0m[0m 08/28 10:28:43 | 0.968883    0.963325    0.000000    0.978469    0.057847    0.968883    0.963325    0.995726    0.997006    0.942675    3300        79.041916   3.631208    0.091878    0.020047    0.017952    0.017952    0.032465    3.000000    0.000004    0.000000    3.441934    1.000000    0.000000    0.000000    19.388216   19.332523   0.984158    26.581713   26.169783   -0.000188   0.001429    0.603122    19.025164  
[37m[36mINFO[0m[0m 08/28 10:30:01 | 0.968883    0.968215    0.000000    0.983003    0.061862    0.968883    0.968215    0.997863    0.997006    0.954140    3400        81.437126   3.617069    0.083034    0.017739    0.016315    0.016315    0.031544    3.000000    0.000007    0.000000    3.439402    1.000000    0.000000    0.000000    20.019897   19.933997   0.984632    27.206207   26.757972   0.000195    0.001723    0.590483    19.163255  
[37m[36mINFO[0m[0m 08/28 10:31:19 | 0.971934    0.963325    0.000000    0.982291    0.053410    0.971934    0.963325    0.995726    0.997006    0.954140    3500        83.832335   3.586814    0.068245    0.013757    0.013617    0.013617    0.026453    3.000000    0.000004    0.000000    3.439211    1.000000    0.000000    0.000000    20.228755   20.152465   0.984697    27.615624   27.190779   -0.000091   0.001333    0.590453    18.984641  
[37m[36mINFO[0m[0m 08/28 10:32:38 | 0.974985    0.968215    0.000000    0.984850    0.057421    0.974985    0.968215    0.997863    1.000000    0.956688    3600        86.227545   3.624035    0.086765    0.017914    0.017208    0.017208    0.031946    3.000000    0.000004    0.000000    3.441431    1.000000    0.000000    0.000000    20.809345   20.714136   0.985165    27.868944   27.446889   0.000101    0.001344    0.591879    19.676960  
[37m[36mINFO[0m[0m 08/28 10:33:56 | 0.973764    0.968215    0.000000    0.984713    0.047930    0.973764    0.968215    1.000000    1.000000    0.954140    3700        88.622754   3.613862    0.079706    0.016830    0.015713    0.015713    0.030529    3.000000    0.000005    0.000000    3.442570    1.000000    0.000000    0.000000    21.074211   20.957749   0.984868    28.268219   27.821226   0.000048    0.001067    0.590409    19.249199  
[37m[36mINFO[0m[0m 08/28 10:35:14 | 0.971934    0.970660    0.000000    0.982440    0.058867    0.971934    0.970660    0.995726    1.000000    0.951592    3800        91.017964   3.624300    0.088679    0.018145    0.017629    0.017629    0.031125    3.000000    0.000004    0.000000    3.442246    1.000000    0.000000    0.000000    21.200423   21.133134   0.984961    29.005297   28.542588   -0.000108   0.000974    0.587190    19.199729  
[37m[36mINFO[0m[0m 08/28 10:36:32 | 0.972544    0.973105    0.000000    0.985275    0.046408    0.972544    0.973105    0.997863    1.000000    0.957962    3900        93.413174   3.614327    0.072242    0.014820    0.014352    0.014352    0.032980    3.000000    0.000003    0.000000    3.443145    1.000000    0.000000    0.000000    21.349891   21.284856   0.984578    29.633238   29.147803   0.000022    0.000904    0.589022    19.355282  
[37m[36mINFO[0m[0m 08/28 10:37:50 | 0.965223    0.968215    0.000000    0.983714    0.059121    0.965223    0.968215    0.995726    1.000000    0.955414    4000        95.808383   3.574894    0.067832    0.013858    0.013490    0.013490    0.025130    3.000000    0.000003    0.000000    3.431672    1.000000    0.000000    0.000000    21.741045   21.659288   0.985109    29.925231   29.431326   0.000153    0.001241    0.590790    18.935773  
[37m[36mINFO[0m[0m 08/28 10:39:09 | 0.966443    0.968215    0.000000    0.986974    0.041961    0.966443    0.968215    0.997863    1.000000    0.963057    4100        98.203593   3.611714    0.082160    0.017009    0.016283    0.016283    0.030594    3.000000    0.000004    0.000000    3.437773    1.000000    0.000000    0.000000    21.982980   21.872032   0.984541    30.346920   29.828473   -0.000103   0.000855    0.590161    19.614391  
[37m[36mINFO[0m[0m 08/28 10:40:27 | 0.966443    0.970660    0.000000    0.982715    0.057953    0.966443    0.970660    0.995726    0.997006    0.955414    4200        100.598802  3.592868    0.075735    0.015462    0.015065    0.015065    0.026209    3.000000    0.000003    0.000000    3.438506    1.000000    0.000000    0.000000    22.232631   22.101530   0.985173    30.778471   30.258846   0.000211    0.001209    0.591422    19.203652  
[37m[36mINFO[0m[0m 08/28 10:41:47 | 0.966443    0.965770    0.000000    0.984702    0.056649    0.966443    0.965770    0.997863    0.997006    0.959236    4300        102.994012  3.609200    0.086175    0.018329    0.016958    0.016958    0.029258    3.000000    0.000003    0.000000    3.435252    1.000000    0.000000    0.000000    22.640146   22.510197   0.984980    31.569897   30.980883   -0.000074   0.001027    0.596898    19.871030  
[37m[36mINFO[0m[0m 08/28 10:43:06 | 0.968273    0.965770    0.000000    0.984989    0.050384    0.968273    0.965770    1.000000    0.997006    0.957962    4400        105.389222  3.577751    0.072646    0.014935    0.014424    0.014424    0.025807    3.000000    0.000003    0.000000    3.427683    1.000000    0.000000    0.000000    22.959903   22.842307   0.985146    32.055136   31.493552   0.000002    0.001072    0.590759    19.552202  
[37m[36mINFO[0m[0m 08/28 10:44:25 | 0.968273    0.968215    0.000000    0.983003    0.057727    0.968273    0.968215    0.997863    0.997006    0.954140    4500        107.784431  3.612517    0.073266    0.014989    0.014564    0.014564    0.033510    3.000000    0.000005    0.000000    3.438720    1.000000    0.000000    0.000000    23.487794   23.339805   0.985261    32.639902   32.037151   0.000135    0.001101    0.598885    19.680407  
[37m[36mINFO[0m[0m 08/28 10:45:44 | 0.968883    0.965770    0.000000    0.987112    0.044667    0.968883    0.965770    1.000000    0.997006    0.964331    4600        110.179641  3.601508    0.078784    0.016185    0.015644    0.015644    0.029727    3.000000    0.000004    0.000000    3.433543    1.000000    0.000000    0.000000    23.884254   23.801308   0.985248    33.796600   33.185113   -0.000058   0.001140    0.590070    19.690550  
[37m[36mINFO[0m[0m 08/28 10:47:03 | 0.968273    0.970660    0.000000    0.984702    0.048250    0.968273    0.970660    0.997863    0.997006    0.959236    4700        112.574850  3.586036    0.074497    0.014869    0.014904    0.014904    0.025654    3.000000    0.000003    0.000000    3.434578    1.000000    0.000000    0.000000    23.813446   23.696950   0.984929    34.673869   34.044964   0.000103    0.001344    0.589764    19.775677  
[37m[36mINFO[0m[0m 08/28 10:48:22 | 0.969494    0.968215    0.000000    0.980168    0.070132    0.969494    0.968215    0.995726    0.997006    0.947771    4800        114.970060  3.590811    0.072554    0.014874    0.014417    0.014417    0.028456    3.000000    0.000003    0.000000    3.432888    1.000000    0.000000    0.000000    24.121828   24.017856   0.985592    35.076826   34.414580   -0.000001   0.001165    0.589212    20.632296  
[37m[36mINFO[0m[0m 08/28 10:49:51 | 0.965833    0.968215    0.000000    0.981305    0.066855    0.965833    0.968215    0.997863    0.997006    0.949045    4900        117.365269  3.613186    0.074404    0.015492    0.014725    0.014725    0.032294    3.000000    0.000002    0.000000    3.441899    1.000000    0.000000    0.000000    24.515732   24.373245   0.985170    35.554086   34.856487   0.000090    0.001060    0.617353    26.690674  
[37m[36mINFO[0m[0m 08/28 10:51:04 | 0.968883    0.965770    0.000000    0.984277    0.051637    0.968883    0.965770    0.997863    0.997006    0.957962    5000        119.760479  3.591398    0.074468    0.015298    0.014790    0.014790    0.027835    3.000000    0.000002    0.000000    3.433426    1.000000    0.000000    0.000000    24.844120   24.709514   0.985355    35.828314   35.213696   -0.000110   0.000625    0.533409    19.772629  
[37m[36mINFO[0m[0m 08/28 10:51:04 | ---
[37m[36mINFO[0m[0m 08/28 10:51:04 | oracle = 97.682%
[37m[36mINFO[0m[0m 08/28 10:51:04 | iid = 96.583%
[37m[36mINFO[0m[0m 08/28 10:51:04 | last = 96.888%
[37m[36mINFO[0m[0m 08/28 10:51:04 | last (inD) = 98.428%
[37m[36mINFO[0m[0m 08/28 10:51:04 | iid (inD) = 98.740%
[37m[36mINFO[0m[0m 08/28 10:51:04 | 
[37m[36mINFO[0m[0m 08/28 10:51:09 | Testenv name escaping te_cartoon -> te_cartoon
[37m[36mINFO[0m[0m 08/28 10:51:09 | Test envs = [1], name = te_cartoon
[37m[36mINFO[0m[0m 08/28 10:51:09 | Batch sizes for each domain: [32, 0, 32, 32] (total=96)
[37m[36mINFO[0m[0m 08/28 10:51:09 | steps-per-epoch for each domain: 51.22, 41.75, 98.25 -> min = 41.75
[37m[36mINFO[0m[0m 08/28 10:51:32 | # of params = 151206401
[37m[36mINFO[0m[0m 08/28 10:51:52 | test_in     test_out    train_in    train_out   tr_outloss  env0_out    env1_in     env1_out    env2_out    env3_out    step        epoch       total_loss  cipt_base_  cipt_cls_l  cipt_de_lo  cipt_de_or  cipt_de_au  aug_decomp  cipt_ind_l  causal_con  dccl_contr  contrastiv  pre_cl_los  reg_loss    mean_e_nor  mean_e_aug  mean_e_aug  mean_s_nor  mean_s_aug  mean_es_co  mean_e_aug  step_time   eval_time  
[37m[36mINFO[0m[0m 08/28 10:51:52 | 0.233475    0.222222    0.000000    0.259232    1.855375    0.254279    0.233475    0.222222    0.332335    0.191083    0           0.000000    18.831932   11.868007   2.238969    2.405240    2.405240    2.317973    3.000000    0.001615    0.000000    5.002679    0.002000    0.000000    0.000000    6.163232    6.196944    0.926979    6.399341    6.444818    -0.047598   -0.060707   0.691485    19.776558  
[37m[36mINFO[0m[0m 08/28 10:53:12 | 0.990405    0.991453    0.000000    0.979330    0.061443    0.990220    0.990405    0.991453    1.000000    0.947771    100         2.395210    1.784771    0.840674    0.146061    0.172740    0.172740    0.182260    3.000000    0.000731    0.000000    3.964996    0.103000    0.000000    0.000000    7.416164    7.394929    0.937766    11.456895   11.419022   -0.008332   -0.022068   0.600066    20.285293  
[37m[36mINFO[0m[0m 08/28 10:54:33 | 0.985075    0.989316    0.000000    0.974303    0.064538    0.985330    0.985075    0.989316    1.000000    0.937580    200         4.790419    1.543529    0.245859    0.048698    0.049149    0.049149    0.062439    3.000000    0.000113    0.000000    3.673486    0.303000    0.000000    0.000000    8.214379    8.209414    0.949774    12.817925   12.764768   -0.000205   -0.013132   0.595538    20.691959  
[37m[36mINFO[0m[0m 08/28 10:55:53 | 0.987207    0.989316    0.000000    0.980638    0.048796    0.987775    0.987207    0.989316    1.000000    0.954140    300         7.185629    2.220279    0.236914    0.047229    0.047332    0.047332    0.060119    3.000000    0.000072    0.000000    3.587632    0.503000    0.000000    0.000000    8.963442    8.970209    0.958828    13.131888   13.056224   0.000312    -0.010333   0.593605    21.212174  
[37m[36mINFO[0m[0m 08/28 10:57:13 | 0.983475    0.989316    0.000000    0.981453    0.053550    0.990220    0.983475    0.989316    1.000000    0.954140    400         9.580838    2.872807    0.212468    0.042805    0.042349    0.042349    0.056509    3.000000    0.000053    0.000000    3.544012    0.703000    0.000000    0.000000    9.516751    9.522005    0.965157    13.271407   13.206376   0.000356    -0.007895   0.588100    20.937032  
[37m[36mINFO[0m[0m 08/28 10:58:32 | 0.980810    0.987179    0.000000    0.983083    0.048951    0.995110    0.980810    0.987179    1.000000    0.954140    500         11.976048   3.455337    0.158632    0.031639    0.031695    0.031695    0.042555    3.000000    0.000042    0.000000    3.510440    0.902980    0.000000    0.000000    10.106658   10.085511   0.969344    13.479237   13.390520   0.000176    -0.006346   0.591266    20.375176  
[37m[36mINFO[0m[0m 08/28 10:59:53 | 0.986141    0.989316    0.000000    0.981912    0.055141    0.987775    0.986141    0.989316    1.000000    0.957962    600         14.371257   3.771463    0.150423    0.030072    0.030043    0.030043    0.042369    3.000000    0.000036    0.000000    3.493933    1.000000    0.000000    0.000000    10.426251   10.411431   0.971373    13.653300   13.568326   0.000101    -0.005986   0.596957    20.554848  
[37m[36mINFO[0m[0m 08/28 11:01:13 | 0.981343    0.987179    0.000000    0.980111    0.060556    0.995110    0.981343    0.987179    1.000000    0.945223    700         16.766467   3.824419    0.182544    0.036609    0.036446    0.036446    0.050463    3.000000    0.000031    0.000000    3.490485    1.000000    0.000000    0.000000    10.767464   10.758981   0.972785    13.815874   13.704166   0.000166    -0.004847   0.597349    20.513968  
[37m[36mINFO[0m[0m 08/28 11:02:31 | 0.985608    0.989316    0.000000    0.980604    0.050595    0.990220    0.985608    0.989316    1.000000    0.951592    800         19.161677   3.765766    0.148930    0.029662    0.029782    0.029782    0.044073    3.000000    0.000028    0.000000    3.484617    1.000000    0.000000    0.000000    11.202225   11.226720   0.974751    14.029330   13.909961   -0.000044   -0.004822   0.582072    20.155706  
[37m[36mINFO[0m[0m 08/28 11:03:50 | 0.987207    0.995726    0.000000    0.983577    0.046558    0.990220    0.987207    0.995726    1.000000    0.960510    900         21.556886   3.738644    0.131628    0.026306    0.026301    0.026301    0.043746    3.000000    0.000023    0.000000    3.475778    1.000000    0.000000    0.000000    11.430664   11.479968   0.975580    14.336030   14.213327   0.000306    -0.003662   0.584539    20.172405  
[37m[36mINFO[0m[0m 08/28 11:05:09 | 0.981876    0.980769    0.000000    0.983784    0.046668    0.995110    0.981876    0.980769    0.997006    0.959236    1000        23.952096   3.709716    0.130108    0.026058    0.025986    0.025986    0.037573    3.000000    0.000021    0.000000    3.466891    1.000000    0.000000    0.000000    11.681613   11.761118   0.976406    14.589269   14.464059   -0.000109   -0.003362   0.583660    20.067242  
[37m[36mINFO[0m[0m 08/28 11:06:27 | 0.981343    0.987179    0.000000    0.983818    0.047509    0.992665    0.981343    0.987179    0.997006    0.961783    1100        26.347305   3.696429    0.120627    0.023774    0.024189    0.024189    0.037048    3.000000    0.000019    0.000000    3.464657    1.000000    0.000000    0.000000    11.849343   11.911337   0.976457    14.942645   14.814082   0.000022    -0.003358   0.586040    20.190801  
[37m[36mINFO[0m[0m 08/28 11:07:46 | 0.977612    0.985043    0.000000    0.980777    0.056921    0.997555    0.977612    0.985043    0.997006    0.947771    1200        28.742515   3.718778    0.134456    0.027011    0.026839    0.026839    0.040269    3.000000    0.000017    0.000000    3.463514    1.000000    0.000000    0.000000    12.220567   12.278847   0.977546    15.368774   15.217698   0.000047    -0.002757   0.585534    20.045607  
[37m[36mINFO[0m[0m 08/28 11:09:04 | 0.981343    0.987179    0.000000    0.982727    0.051149    0.990220    0.981343    0.987179    1.000000    0.957962    1300        31.137725   3.725643    0.140056    0.028954    0.027754    0.027754    0.040497    3.000000    0.000017    0.000000    3.464096    1.000000    0.000000    0.000000    12.660230   12.710873   0.978693    15.636547   15.469890   0.000126    -0.002786   0.580753    20.247672  
[37m[36mINFO[0m[0m 08/28 11:10:23 | 0.985075    0.991453    0.000000    0.985092    0.041303    0.992665    0.985075    0.991453    0.997006    0.965605    1400        33.532934   3.706763    0.129158    0.026379    0.025674    0.025674    0.037732    3.000000    0.000016    0.000000    3.464408    1.000000    0.000000    0.000000    13.206702   13.260655   0.979167    15.943503   15.762959   0.000115    -0.002410   0.582584    20.192951  
[37m[36mINFO[0m[0m 08/28 11:11:42 | 0.984009    0.987179    0.000000    0.983852    0.047662    0.990220    0.984009    0.987179    0.997006    0.964331    1500        35.928144   3.674211    0.110630    0.022282    0.022069    0.022069    0.038114    3.000000    0.000014    0.000000    3.449238    1.000000    0.000000    0.000000    13.450941   13.472505   0.979679    16.171526   15.992105   0.000059    -0.002368   0.594067    19.804155  
[37m[36mINFO[0m[0m 08/28 11:13:00 | 0.980810    0.985043    0.000000    0.980282    0.057714    0.982885    0.980810    0.985043    1.000000    0.957962    1600        38.323353   3.663847    0.097242    0.019535    0.019409    0.019409    0.035301    3.000000    0.000014    0.000000    3.460700    1.000000    0.000000    0.000000    13.598884   13.668532   0.979524    16.605680   16.415782   -0.000227   -0.003119   0.579777    19.886714  
[37m[36mINFO[0m[0m 08/28 11:14:19 | 0.983475    0.991453    0.000000    0.985941    0.045066    0.992665    0.983475    0.991453    0.997006    0.968153    1700        40.718563   3.651973    0.103091    0.020766    0.020564    0.020564    0.032473    3.000000    0.000013    0.000000    3.451463    1.000000    0.000000    0.000000    13.772822   13.831607   0.980009    16.911999   16.691166   0.000096    -0.002351   0.586981    20.320379  
[37m[36mINFO[0m[0m 08/28 11:15:38 | 0.982409    0.989316    0.000000    0.984816    0.041944    0.992665    0.982409    0.989316    1.000000    0.961783    1800        43.113772   3.696831    0.118033    0.023930    0.023509    0.023509    0.038977    3.000000    0.000014    0.000000    3.461869    1.000000    0.000000    0.000000    13.942831   14.021912   0.979804    17.360358   17.161103   -0.000102   -0.001978   0.593182    19.625156  
[37m[36mINFO[0m[0m 08/28 11:16:57 | 0.979211    0.985043    0.000000    0.982337    0.048531    0.987775    0.979211    0.985043    1.000000    0.959236    1900        45.508982   3.673899    0.102662    0.020627    0.020496    0.020496    0.038577    3.000000    0.000010    0.000000    3.455507    1.000000    0.000000    0.000000    14.339747   14.378002   0.980296    17.851673   17.618232   0.000104    -0.001852   0.589146    19.794370  
[37m[36mINFO[0m[0m 08/28 11:18:16 | 0.982409    0.991453    0.000000    0.982579    0.053191    0.990220    0.982409    0.991453    0.997006    0.960510    2000        47.904192   3.676286    0.114214    0.022763    0.022850    0.022850    0.036009    3.000000    0.000010    0.000000    3.454045    1.000000    0.000000    0.000000    14.677037   14.755158   0.980705    18.386400   18.153590   0.000044    -0.002392   0.587874    20.254994  
[37m[36mINFO[0m[0m 08/28 11:19:35 | 0.976546    0.978632    0.000000    0.981453    0.061333    0.990220    0.976546    0.978632    1.000000    0.954140    2100        50.299401   3.662457    0.104744    0.021501    0.020798    0.020798    0.034977    3.000000    0.000010    0.000000    3.452783    1.000000    0.000000    0.000000    14.856495   14.920240   0.980888    18.922646   18.675848   0.000041    -0.002195   0.585919    20.196176  
[37m[36mINFO[0m[0m 08/28 11:20:53 | 0.981343    0.989316    0.000000    0.981305    0.054594    0.990220    0.981343    0.989316    0.997006    0.956688    2200        52.694611   3.686217    0.113411    0.023038    0.022579    0.022579    0.039059    3.000000    0.000012    0.000000    3.455628    1.000000    0.000000    0.000000    15.461145   15.510950   0.980787    19.429404   19.177425   -0.000076   -0.001995   0.585613    19.815525  
[37m[36mINFO[0m[0m 08/28 11:22:12 | 0.980277    0.982906    0.000000    0.983818    0.048843    0.992665    0.980277    0.982906    0.997006    0.961783    2300        55.089820   3.629878    0.097030    0.019626    0.019339    0.019339    0.029764    3.000000    0.000010    0.000000    3.443558    1.000000    0.000000    0.000000    15.543815   15.613310   0.981011    19.890814   19.619282   -0.000040   -0.001974   0.587444    19.885239  
[37m[36mINFO[0m[0m 08/28 11:23:31 | 0.980810    0.985043    0.000000    0.982544    0.050528    0.992665    0.980810    0.985043    0.997006    0.957962    2400        57.485030   3.641719    0.101421    0.020724    0.020163    0.020163    0.029576    3.000000    0.000009    0.000000    3.451570    1.000000    0.000000    0.000000    15.732816   15.838695   0.981207    20.249610   19.993564   -0.000150   -0.001799   0.589420    20.098978  
[37m[36mINFO[0m[0m 08/28 11:24:49 | 0.984009    0.993590    0.000000    0.980880    0.054806    0.990220    0.984009    0.993590    0.997006    0.955414    2500        59.880240   3.636467    0.090323    0.018576    0.017926    0.017926    0.032219    3.000000    0.000009    0.000000    3.449488    1.000000    0.000000    0.000000    15.796800   15.875459   0.980977    20.814082   20.526678   0.000067    -0.001609   0.578594    19.971318  
[37m[36mINFO[0m[0m 08/28 11:26:07 | 0.978145    0.976496    0.000000    0.982969    0.051035    0.992665    0.978145    0.976496    0.997006    0.959236    2600        62.275449   3.658177    0.107319    0.022117    0.021287    0.021287    0.035347    3.000000    0.000011    0.000000    3.444816    1.000000    0.000000    0.000000    16.340504   16.454959   0.981883    21.362029   21.066256   0.000094    -0.000997   0.579680    20.258974  
[37m[36mINFO[0m[0m 08/28 11:27:25 | 0.980277    0.987179    0.000000    0.983003    0.047397    0.990220    0.980277    0.987179    0.997006    0.961783    2700        64.670659   3.666454    0.107432    0.022220    0.021293    0.021293    0.036152    3.000000    0.000008    0.000000    3.450565    1.000000    0.000000    0.000000    16.565598   16.655058   0.981567    21.618632   21.326846   -0.000011   -0.001346   0.578948    20.472591  
[37m[36mINFO[0m[0m 08/28 11:28:44 | 0.978145    0.985043    0.000000    0.981695    0.050468    0.992665    0.978145    0.985043    0.997006    0.955414    2800        67.065868   3.693277    0.116553    0.024216    0.023072    0.023072    0.040860    3.000000    0.000009    0.000000    3.454145    1.000000    0.000000    0.000000    17.035021   17.155722   0.981867    22.001811   21.701891   0.000214    -0.001324   0.581336    20.563915  
[37m[36mINFO[0m[0m 08/28 11:30:03 | 0.975480    0.976496    0.000000    0.982579    0.052293    0.990220    0.975480    0.976496    0.997006    0.960510    2900        69.461078   3.655679    0.098789    0.020199    0.019639    0.019639    0.035500    3.000000    0.000007    0.000000    3.450391    1.000000    0.000000    0.000000    17.362431   17.500349   0.981559    22.230129   21.937196   -0.000245   -0.001471   0.586583    20.602250  
[37m[36mINFO[0m[0m 08/28 11:31:22 | 0.976013    0.980769    0.000000    0.983462    0.047511    0.987775    0.976013    0.980769    0.997006    0.965605    3000        71.856287   3.618916    0.071602    0.014832    0.014185    0.014185    0.033708    3.000000    0.000006    0.000000    3.446191    1.000000    0.000000    0.000000    17.478482   17.591847   0.981696    22.495052   22.210633   0.000027    -0.001156   0.576406    20.636360  
[37m[36mINFO[0m[0m 08/28 11:32:39 | 0.977079    0.980769    0.000000    0.983394    0.055530    0.992665    0.977079    0.980769    0.997006    0.960510    3100        74.251497   3.604716    0.077174    0.014877    0.015563    0.015563    0.029271    3.000000    0.000009    0.000000    3.439730    1.000000    0.000000    0.000000    17.692499   17.874427   0.982302    23.029424   22.686991   -0.000015   -0.001248   0.577468    20.200800  
[37m[36mINFO[0m[0m 08/28 11:33:57 | 0.970149    0.976496    0.000000    0.977161    0.065312    0.982885    0.970149    0.976496    0.997006    0.951592    3200        76.646707   3.597953    0.078704    0.016003    0.015667    0.015667    0.027213    3.000000    0.000007    0.000000    3.437609    1.000000    0.000000    0.000000    17.849997   18.036024   0.981976    24.063927   23.731591   -0.000071   -0.001065   0.575298    20.424572  
[37m[36mINFO[0m[0m 08/28 11:35:15 | 0.972281    0.974359    0.000000    0.983852    0.050396    0.990220    0.972281    0.974359    0.997006    0.964331    3300        79.041916   3.599102    0.073274    0.014873    0.014590    0.014590    0.029787    3.000000    0.000008    0.000000    3.436467    1.000000    0.000000    0.000000    18.317338   18.525836   0.982720    24.646605   24.304198   0.000078    -0.000921   0.574472    20.292368  
[37m[36mINFO[0m[0m 08/28 11:36:34 | 0.973881    0.974359    0.000000    0.986090    0.049974    0.992665    0.973881    0.974359    1.000000    0.965605    3400        81.437126   3.623419    0.080556    0.016309    0.016054    0.016054    0.033321    3.000000    0.000006    0.000000    3.442900    1.000000    0.000000    0.000000    18.479008   18.743261   0.982361    25.088160   24.751559   0.000000    -0.001141   0.583186    20.489680  
[37m[36mINFO[0m[0m 08/28 11:37:52 | 0.974414    0.976496    0.000000    0.982969    0.049668    0.992665    0.974414    0.976496    0.997006    0.959236    3500        83.832335   3.645726    0.090800    0.018308    0.018108    0.018108    0.036339    3.000000    0.000012    0.000000    3.445908    1.000000    0.000000    0.000000    18.707998   18.901697   0.982728    25.520081   25.125188   -0.000201   -0.001698   0.578377    20.457067  
[37m[36mINFO[0m[0m 08/28 11:39:12 | 0.977079    0.978632    0.000000    0.983428    0.047697    0.990220    0.977079    0.978632    0.997006    0.963057    3600        86.227545   3.601414    0.075818    0.015214    0.015144    0.015144    0.028684    3.000000    0.000006    0.000000    3.439545    1.000000    0.000000    0.000000    19.136847   19.334539   0.983273    25.940069   25.570252   -0.000077   -0.001771   0.588338    20.760754  
[37m[36mINFO[0m[0m 08/28 11:40:31 | 0.973881    0.976496    0.000000    0.982820    0.051442    0.992665    0.973881    0.976496    0.994012    0.961783    3700        88.622754   3.611026    0.072884    0.014348    0.014625    0.014625    0.032171    3.000000    0.000008    0.000000    3.441628    1.000000    0.000000    0.000000    19.204099   19.383849   0.982641    26.571072   26.179954   -0.000059   -0.001710   0.586055    20.691306  
[37m[36mINFO[0m[0m 08/28 11:41:50 | 0.976546    0.978632    0.000000    0.981798    0.053120    0.985330    0.976546    0.978632    0.997006    0.963057    3800        91.017964   3.601930    0.078733    0.016167    0.015631    0.015631    0.030124    3.000000    0.000008    0.000000    3.432823    1.000000    0.000000    0.000000    19.334665   19.528174   0.982504    27.361877   26.983096   0.000162    -0.001179   0.576977    20.521980  
[37m[36mINFO[0m[0m 08/28 11:43:08 | 0.978145    0.985043    0.000000    0.980455    0.058939    0.990220    0.978145    0.985043    0.997006    0.954140    3900        93.413174   3.630009    0.094500    0.019922    0.018637    0.018637    0.032427    3.000000    0.000005    0.000000    3.438229    1.000000    0.000000    0.000000    19.973065   20.155174   0.983147    27.813153   27.404650   -0.000015   -0.001238   0.579438    20.544056  
[37m[36mINFO[0m[0m 08/28 11:44:26 | 0.977612    0.982906    0.000000    0.982579    0.050376    0.990220    0.977612    0.982906    0.997006    0.960510    4000        95.808383   3.616118    0.074504    0.015211    0.014814    0.014814    0.033615    3.000000    0.000007    0.000000    3.440770    1.000000    0.000000    0.000000    20.218225   20.369647   0.982932    28.097281   27.706938   -0.000049   -0.001292   0.574254    20.555746  
[37m[36mINFO[0m[0m 08/28 11:45:44 | 0.978145    0.978632    0.000000    0.980180    0.064855    0.990220    0.978145    0.978632    1.000000    0.950318    4100        98.203593   3.631542    0.085366    0.017403    0.016984    0.016984    0.034470    3.000000    0.000006    0.000000    3.442766    1.000000    0.000000    0.000000    20.580451   20.762459   0.983332    28.673152   28.273261   -0.000076   -0.001304   0.576550    20.296427  
[37m[36mINFO[0m[0m 08/28 11:47:02 | 0.969083    0.974359    0.000000    0.983784    0.059900    0.995110    0.969083    0.974359    0.997006    0.959236    4200        100.598802  3.577220    0.068026    0.013812    0.013547    0.013547    0.024959    3.000000    0.000005    0.000000    3.434316    1.000000    0.000000    0.000000    20.782931   20.915329   0.982786    29.177333   28.786910   0.000044    -0.000952   0.578490    20.451882  
[37m[36mINFO[0m[0m 08/28 11:48:21 | 0.969083    0.978632    0.000000    0.983394    0.059822    0.992665    0.969083    0.978632    0.997006    0.960510    4300        102.994012  3.613771    0.077333    0.015979    0.015329    0.015329    0.031251    3.000000    0.000007    0.000000    3.442684    1.000000    0.000000    0.000000    20.932613   21.042336   0.983146    29.700774   29.276001   -0.000165   -0.001317   0.583813    20.458667  
[37m[36mINFO[0m[0m 08/28 11:49:40 | 0.970149    0.978632    0.000000    0.981236    0.071305    0.995110    0.970149    0.978632    0.997006    0.951592    4400        105.389222  3.605344    0.075487    0.014845    0.015154    0.015154    0.029998    3.000000    0.000005    0.000000    3.439862    1.000000    0.000000    0.000000    21.187144   21.287290   0.982893    30.231687   29.799438   0.000037    -0.001063   0.580181    20.452541  
[37m[36mINFO[0m[0m 08/28 11:50:58 | 0.976013    0.978632    0.000000    0.983428    0.056281    0.990220    0.976013    0.978632    0.997006    0.963057    4500        107.784431  3.604843    0.077399    0.015958    0.015352    0.015352    0.030863    3.000000    0.000006    0.000000    3.434856    1.000000    0.000000    0.000000    21.273449   21.436925   0.982854    30.983547   30.569843   0.000020    -0.000917   0.579976    20.495237  
[37m[36mINFO[0m[0m 08/28 11:52:17 | 0.978678    0.980769    0.000000    0.983037    0.047601    0.987775    0.978678    0.980769    0.997006    0.964331    4600        110.179641  3.609512    0.084326    0.017827    0.016619    0.016619    0.030467    3.000000    0.000005    0.000000    3.433784    1.000000    0.000000    0.000000    21.910991   22.080911   0.983925    31.744422   31.295946   0.000037    -0.000468   0.580261    20.559828  
[37m[36mINFO[0m[0m 08/28 11:53:36 | 0.978145    0.978632    0.000000    0.981912    0.051966    0.987775    0.978145    0.978632    1.000000    0.957962    4700        112.574850  3.578581    0.066145    0.013312    0.013200    0.013200    0.026583    3.000000    0.000006    0.000000    3.432688    1.000000    0.000000    0.000000    22.092219   22.201835   0.983684    32.042114   31.564093   -0.000014   -0.000571   0.577443    20.832193  
[37m[36mINFO[0m[0m 08/28 11:54:56 | 0.974947    0.976496    0.000000    0.981305    0.064000    0.990220    0.974947    0.976496    0.997006    0.956688    4800        114.970060  3.621037    0.077599    0.015651    0.015479    0.015479    0.034535    3.000000    0.000006    0.000000    3.439832    1.000000    0.000000    0.000000    22.522274   22.664424   0.983511    32.597748   32.119623   0.000100    -0.000800   0.579270    22.594407  
[37m[36mINFO[0m[0m 08/28 11:56:17 | 0.970149    0.976496    0.000000    0.977908    0.071425    0.990220    0.970149    0.976496    0.997006    0.946497    4900        117.365269  3.636424    0.100236    0.021930    0.019569    0.019569    0.032350    3.000000    0.000006    0.000000    3.439139    1.000000    0.000000    0.000000    22.653109   22.867416   0.983216    33.270600   32.793829   -0.000117   -0.000815   0.564484    24.093001  
[37m[36mINFO[0m[0m 08/28 11:57:34 | 0.971215    0.974359    0.000000    0.980846    0.058663    0.992665    0.971215    0.974359    0.997006    0.952866    5000        119.760479  3.594752    0.068109    0.013586    0.013623    0.013623    0.028861    3.000000    0.000006    0.000000    3.440060    1.000000    0.000000    0.000000    22.824890   22.997176   0.982959    33.804615   33.355892   0.000088    -0.000358   0.567729    20.450679  
[37m[36mINFO[0m[0m 08/28 11:57:34 | ---
[37m[36mINFO[0m[0m 08/28 11:57:34 | oracle = 98.721%
[37m[36mINFO[0m[0m 08/28 11:57:34 | iid = 97.388%
[37m[36mINFO[0m[0m 08/28 11:57:34 | last = 97.122%
[37m[36mINFO[0m[0m 08/28 11:57:34 | last (inD) = 98.085%
[37m[36mINFO[0m[0m 08/28 11:57:34 | iid (inD) = 98.609%
[37m[36mINFO[0m[0m 08/28 11:57:34 | 
[37m[36mINFO[0m[0m 08/28 11:57:39 | Testenv name escaping te_photo -> te_photo
[37m[36mINFO[0m[0m 08/28 11:57:39 | Test envs = [2], name = te_photo
[37m[36mINFO[0m[0m 08/28 11:57:39 | Batch sizes for each domain: [32, 32, 0, 32] (total=96)
[37m[36mINFO[0m[0m 08/28 11:57:39 | steps-per-epoch for each domain: 51.22, 58.62, 98.25 -> min = 51.22
[37m[36mINFO[0m[0m 08/28 11:58:01 | # of params = 151206401
[37m[36mINFO[0m[0m 08/28 11:58:22 | test_in     test_out    train_in    train_out   tr_outloss  env0_out    env1_out    env2_in     env2_out    env3_out    step        epoch       total_loss  cipt_base_  cipt_cls_l  cipt_de_lo  cipt_de_or  cipt_de_au  aug_decomp  cipt_ind_l  causal_con  dccl_contr  contrastiv  pre_cl_los  reg_loss    mean_e_nor  mean_e_aug  mean_e_aug  mean_s_nor  mean_s_aug  mean_es_co  mean_e_aug  step_time   eval_time  
[37m[36mINFO[0m[0m 08/28 11:58:22 | 0.418413    0.422156    0.000000    0.363761    1.816318    0.366748    0.418803    0.418413    0.422156    0.305732    0           0.000000    22.454334   13.831740   2.583836    2.811283    2.811283    2.871003    3.000000    0.000554    0.000000    4.792937    0.002000    0.000000    0.000000    6.382214    6.403497    0.928478    6.496861    6.578819    -0.006126   -0.008009   0.685208    20.303837  
[37m[36mINFO[0m[0m 08/28 11:59:38 | 0.997754    1.000000    0.000000    0.974050    0.075959    0.992665    0.995726    0.997754    1.000000    0.933758    100         1.952410    1.778034    0.826797    0.153337    0.167178    0.167178    0.183891    3.000000    0.000950    0.000000    3.971319    0.103000    0.000000    0.000000    8.093547    8.045839    0.948685    11.461130   11.536396   0.012764    0.019355    0.562662    19.868315  
[37m[36mINFO[0m[0m 08/28 12:00:55 | 0.997754    1.000000    0.000000    0.977378    0.061118    0.987775    0.997863    0.997754    1.000000    0.946497    200         3.904820    1.563770    0.240952    0.047773    0.048138    0.048138    0.064866    3.000000    0.000125    0.000000    3.728989    0.303000    0.000000    0.000000    8.332559    8.294890    0.952401    12.798854   12.842745   -0.000867   0.001775    0.576074    19.463080  
[37m[36mINFO[0m[0m 08/28 12:02:12 | 0.998503    1.000000    0.000000    0.978330    0.059200    0.990220    0.995726    0.998503    1.000000    0.949045    300         5.857230    2.229682    0.217730    0.043363    0.043478    0.043478    0.058551    3.000000    0.000091    0.000000    3.651575    0.503000    0.000000    0.000000    8.518879    8.465017    0.956078    13.104139   13.130244   -0.000720   0.000588    0.568941    20.033772  
[37m[36mINFO[0m[0m 08/28 12:03:29 | 0.997006    1.000000    0.000000    0.980029    0.061818    0.990220    0.995726    0.997006    1.000000    0.954140    400         7.809640    2.919916    0.216807    0.043236    0.043308    0.043308    0.057205    3.000000    0.000068    0.000000    3.602532    0.703000    0.000000    0.000000    8.896735    8.851198    0.961519    13.287466   13.311741   -0.000385   0.000065    0.575970    19.585103  
[37m[36mINFO[0m[0m 08/28 12:04:46 | 0.998503    1.000000    0.000000    0.978009    0.054575    0.982885    0.995726    0.998503    1.000000    0.955414    500         9.762050    3.589392    0.193006    0.038500    0.038555    0.038555    0.059196    3.000000    0.000057    0.000000    3.565205    0.902980    0.000000    0.000000    9.352174    9.295801    0.964744    13.582730   13.595886   -0.000456   -0.000894   0.573711    18.790457  
[37m[36mINFO[0m[0m 08/28 12:06:02 | 0.994012    0.997006    0.000000    0.978687    0.058233    0.985330    0.997863    0.994012    0.997006    0.952866    600         11.714460   3.889989    0.176582    0.035293    0.035260    0.035260    0.055473    3.000000    0.000050    0.000000    3.546987    1.000000    0.000000    0.000000    9.784806    9.745647    0.967595    13.858256   13.872551   -0.000324   -0.001169   0.579501    18.629949  
[37m[36mINFO[0m[0m 08/28 12:07:18 | 0.997754    1.000000    0.000000    0.979248    0.056876    0.985330    0.995726    0.997754    1.000000    0.956688    700         13.666870   3.882103    0.186824    0.037472    0.037286    0.037286    0.053096    3.000000    0.000042    0.000000    3.535991    1.000000    0.000000    0.000000    10.355075   10.306837   0.970667    14.189930   14.193975   -0.000405   -0.001800   0.575808    18.541995  
[37m[36mINFO[0m[0m 08/28 12:08:35 | 0.996257    1.000000    0.000000    0.976139    0.052242    0.985330    0.997863    0.996257    1.000000    0.945223    800         15.619280   3.839989    0.168037    0.033175    0.033677    0.033677    0.047797    3.000000    0.000031    0.000000    3.528562    1.000000    0.000000    0.000000    10.559648   10.509241   0.972396    14.511298   14.499623   -0.000183   -0.001700   0.578717    18.848205  
[37m[36mINFO[0m[0m 08/28 12:09:51 | 0.991766    0.994012    0.000000    0.981269    0.064205    0.992665    0.995726    0.991766    0.994012    0.955414    900         17.571690   3.843322    0.167128    0.033233    0.033435    0.033435    0.051398    3.000000    0.000031    0.000000    3.522000    1.000000    0.000000    0.000000    10.881959   10.852673   0.973269    15.034508   15.012650   -0.000220   -0.001570   0.573944    18.535785  
[37m[36mINFO[0m[0m 08/28 12:11:07 | 0.997006    0.997006    0.000000    0.983714    0.051986    0.990220    0.997863    0.997006    0.997006    0.963057    1000        19.524100   3.823199    0.157508    0.031505    0.031466    0.031466    0.051159    3.000000    0.000028    0.000000    3.512214    1.000000    0.000000    0.000000    11.266198   11.231261   0.974632    15.588862   15.555102   -0.000307   -0.001517   0.574859    18.345917  
[37m[36mINFO[0m[0m 08/28 12:12:24 | 0.995509    0.994012    0.000000    0.975817    0.068111    0.987775    0.995726    0.995509    0.994012    0.943949    1100        21.476510   3.765896    0.138088    0.027565    0.027604    0.027604    0.041332    3.000000    0.000022    0.000000    3.503812    1.000000    0.000000    0.000000    11.591648   11.570235   0.975801    15.894223   15.855166   -0.000209   -0.001961   0.583558    18.577759  
[37m[36mINFO[0m[0m 08/28 12:13:40 | 0.994760    0.994012    0.000000    0.981097    0.060008    0.995110    0.997863    0.994760    0.994012    0.950318    1200        23.428920   3.778145    0.136535    0.027024    0.027351    0.027351    0.046540    3.000000    0.000021    0.000000    3.501990    1.000000    0.000000    0.000000    11.810857   11.794082   0.975796    16.361803   16.304463   -0.000101   -0.001598   0.578831    18.391946  
[37m[36mINFO[0m[0m 08/28 12:14:57 | 0.986527    0.991018    0.000000    0.978974    0.063283    0.995110    0.997863    0.986527    0.991018    0.943949    1300        25.381330   3.762155    0.134581    0.026899    0.026900    0.026900    0.041967    3.000000    0.000017    0.000000    3.501673    1.000000    0.000000    0.000000    12.108822   12.088949   0.976680    16.823548   16.760116   -0.000190   -0.001736   0.577601    18.640827  
[37m[36mINFO[0m[0m 08/28 12:16:13 | 0.983533    0.988024    0.000000    0.977940    0.063272    0.987775    0.995726    0.983533    0.988024    0.950318    1400        27.333740   3.798168    0.145411    0.029051    0.029067    0.029067    0.048558    3.000000    0.000019    0.000000    3.507085    1.000000    0.000000    0.000000    12.315196   12.279902   0.976693    17.132463   17.062691   -0.000042   -0.001930   0.573330    18.589625  
[37m[36mINFO[0m[0m 08/28 12:17:29 | 0.983533    0.988024    0.000000    0.979214    0.056062    0.987775    0.995726    0.983533    0.988024    0.954140    1500        29.286150   3.806376    0.165383    0.033070    0.033058    0.033058    0.046022    3.000000    0.000017    0.000000    3.502928    1.000000    0.000000    0.000000    12.597054   12.586510   0.977406    17.699360   17.597790   -0.000272   -0.002160   0.574753    18.536608  
[37m[36mINFO[0m[0m 08/28 12:18:44 | 0.990269    0.991018    0.000000    0.977837    0.066842    0.985330    0.997863    0.990269    0.991018    0.950318    1600        31.238560   3.748473    0.118038    0.023312    0.023663    0.023663    0.043721    3.000000    0.000014    0.000000    3.499273    1.000000    0.000000    0.000000    12.865392   12.843721   0.977056    18.151936   18.029708   -0.000065   -0.001903   0.568511    18.502800  
[37m[36mINFO[0m[0m 08/28 12:20:00 | 0.988772    0.991018    0.000000    0.980180    0.055431    0.990220    1.000000    0.988772    0.991018    0.950318    1700        33.190970   3.762874    0.128008    0.025152    0.025698    0.025698    0.044306    3.000000    0.000013    0.000000    3.501949    1.000000    0.000000    0.000000    13.149911   13.133679   0.977573    19.220122   19.100797   -0.000194   -0.002446   0.573456    18.950163  
[37m[36mINFO[0m[0m 08/28 12:21:17 | 0.985030    0.991018    0.000000    0.976988    0.059539    0.985330    0.997863    0.985030    0.991018    0.947771    1800        35.143380   3.730303    0.110409    0.022373    0.021995    0.021995    0.042282    3.000000    0.000012    0.000000    3.493047    1.000000    0.000000    0.000000    13.356037   13.358421   0.978169    19.616643   19.466791   0.000055    -0.002270   0.579023    18.746392  
[37m[36mINFO[0m[0m 08/28 12:22:33 | 0.983533    0.994012    0.000000    0.980166    0.055635    0.990220    0.993590    0.983533    0.994012    0.956688    1900        37.095790   3.701792    0.094086    0.018814    0.018802    0.018802    0.039876    3.000000    0.000013    0.000000    3.488079    1.000000    0.000000    0.000000    13.603624   13.606731   0.978745    20.011935   19.867405   -0.000229   -0.002582   0.572276    18.654990  
[37m[36mINFO[0m[0m 08/28 12:23:50 | 0.994012    0.994012    0.000000    0.975920    0.057938    0.980440    0.995726    0.994012    0.994012    0.951592    2000        39.048200   3.715697    0.111820    0.022358    0.022352    0.022352    0.039222    3.000000    0.000011    0.000000    3.486210    1.000000    0.000000    0.000000    13.924299   13.908409   0.978773    20.490429   20.314582   -0.000247   -0.002219   0.581654    18.489487  
[37m[36mINFO[0m[0m 08/28 12:25:05 | 0.975299    0.979042    0.000000    0.980912    0.051860    0.987775    0.995726    0.975299    0.979042    0.959236    2100        41.000610   3.744254    0.123158    0.024777    0.024581    0.024581    0.044428    3.000000    0.000011    0.000000    3.487813    1.000000    0.000000    0.000000    14.318325   14.307517   0.979379    21.302894   21.106733   0.000009    -0.001864   0.567022    18.481562  
[37m[36mINFO[0m[0m 08/28 12:26:20 | 0.972305    0.970060    0.000000    0.981659    0.057880    0.995110    0.995726    0.972305    0.970060    0.954140    2200        42.953020   3.716955    0.115104    0.023462    0.022899    0.022899    0.037922    3.000000    0.000009    0.000000    3.488084    1.000000    0.000000    0.000000    14.595120   14.583184   0.979872    21.585926   21.400986   -0.000286   -0.002075   0.568064    18.627644  
[37m[36mINFO[0m[0m 08/28 12:27:36 | 0.976796    0.982036    0.000000    0.980810    0.065499    0.995110    0.995726    0.976796    0.982036    0.951592    2300        44.905430   3.687055    0.090933    0.018683    0.018050    0.018050    0.038355    3.000000    0.000010    0.000000    3.481058    1.000000    0.000000    0.000000    14.802584   14.757985   0.979538    21.922645   21.703431   -0.000023   -0.001558   0.570237    18.528052  
[37m[36mINFO[0m[0m 08/28 12:28:52 | 0.977545    0.979042    0.000000    0.980385    0.065166    0.995110    0.995726    0.977545    0.979042    0.950318    2400        46.857840   3.746192    0.123085    0.026064    0.024242    0.024242    0.044284    3.000000    0.000010    0.000000    3.490255    1.000000    0.000000    0.000000    15.102597   15.082419   0.979915    22.285039   22.100339   -0.000152   -0.001892   0.574195    18.599396  
[37m[36mINFO[0m[0m 08/28 12:30:08 | 0.968563    0.961078    0.000000    0.982084    0.056773    0.995110    0.995726    0.968563    0.961078    0.955414    2500        48.810250   3.712481    0.111522    0.023141    0.022086    0.022086    0.039452    3.000000    0.000007    0.000000    3.482603    1.000000    0.000000    0.000000    15.334676   15.351746   0.979998    22.553991   22.346142   -0.000084   -0.001559   0.574229    18.676902  
[37m[36mINFO[0m[0m 08/28 12:31:25 | 0.970060    0.970060    0.000000    0.981693    0.055380    0.992665    0.995726    0.970060    0.970060    0.956688    2600        50.762660   3.691880    0.106652    0.021770    0.021209    0.021209    0.036257    3.000000    0.000009    0.000000    3.476457    1.000000    0.000000    0.000000    15.671423   15.617674   0.980593    22.939429   22.699769   0.000046    -0.001448   0.580857    18.616736  
[37m[36mINFO[0m[0m 08/28 12:32:41 | 0.964072    0.967066    0.000000    0.980063    0.057560    0.987775    0.995726    0.964072    0.967066    0.956688    2700        52.715070   3.712292    0.101521    0.020188    0.020324    0.020324    0.041453    3.000000    0.000008    0.000000    3.486413    1.000000    0.000000    0.000000    15.816033   15.825729   0.980148    23.643605   23.422316   -0.000096   -0.001596   0.575818    18.403215  
[37m[36mINFO[0m[0m 08/28 12:33:57 | 0.968563    0.964072    0.000000    0.980488    0.056011    0.987775    0.995726    0.968563    0.964072    0.957962    2800        54.667480   3.710118    0.108515    0.021618    0.021712    0.021712    0.038256    3.000000    0.000010    0.000000    3.486836    1.000000    0.000000    0.000000    16.097245   16.054182   0.980988    24.298057   24.069037   -0.000140   -0.001794   0.578563    18.374639  
[37m[36mINFO[0m[0m 08/28 12:35:12 | 0.969311    0.973054    0.000000    0.979639    0.064696    0.987775    0.995726    0.969311    0.973054    0.955414    2900        56.619890   3.699617    0.098038    0.019385    0.019653    0.019653    0.041747    3.000000    0.000009    0.000000    3.476336    1.000000    0.000000    0.000000    16.215244   16.254126   0.980662    25.298692   25.037157   -0.000314   -0.002025   0.571220    18.359188  
[37m[36mINFO[0m[0m 08/28 12:36:29 | 0.973802    0.979042    0.000000    0.980912    0.063214    0.987775    0.995726    0.973802    0.979042    0.959236    3000        58.572300   3.686442    0.101436    0.020634    0.020193    0.020193    0.035895    3.000000    0.000006    0.000000    3.477322    1.000000    0.000000    0.000000    16.460401   16.502675   0.980649    25.845979   25.557920   0.000027    -0.001731   0.575657    18.538952  
[37m[36mINFO[0m[0m 08/28 12:37:45 | 0.988024    0.991018    0.000000    0.977974    0.060478    0.985330    0.995726    0.988024    0.991018    0.952866    3100        60.524710   3.666693    0.085674    0.016650    0.017247    0.017247    0.036449    3.000000    0.000007    0.000000    3.471671    1.000000    0.000000    0.000000    16.559682   16.583633   0.980629    26.661818   26.375679   -0.000014   -0.001629   0.585981    18.113655  
[37m[36mINFO[0m[0m 08/28 12:39:02 | 0.976048    0.979042    0.000000    0.979960    0.073788    0.985330    0.997863    0.976048    0.979042    0.956688    3200        62.477120   3.668707    0.083629    0.016986    0.016654    0.016654    0.036426    3.000000    0.000006    0.000000    3.475799    1.000000    0.000000    0.000000    16.687547   16.710602   0.980302    27.409479   27.091135   -0.000111   -0.001722   0.583867    17.748007  
[37m[36mINFO[0m[0m 08/28 12:40:18 | 0.968563    0.973054    0.000000    0.978502    0.059073    0.977995    0.995726    0.968563    0.973054    0.961783    3300        64.429530   3.663311    0.081908    0.017274    0.016150    0.016150    0.035941    3.000000    0.000007    0.000000    3.473579    1.000000    0.000000    0.000000    17.042251   17.017640   0.980748    27.654601   27.363096   -0.000138   -0.001620   0.586779    17.804112  
[37m[36mINFO[0m[0m 08/28 12:41:35 | 0.974551    0.982036    0.000000    0.981200    0.054267    0.987775    0.997863    0.974551    0.982036    0.957962    3400        66.381940   3.691777    0.098993    0.020716    0.019562    0.019562    0.037393    3.000000    0.000006    0.000000    3.480606    1.000000    0.000000    0.000000    17.495622   17.488164   0.980900    27.987647   27.641669   -0.000331   -0.002113   0.586423    18.147231  
[37m[36mINFO[0m[0m 08/28 12:42:52 | 0.962575    0.955090    0.000000    0.973509    0.063018    0.980440    0.993590    0.962575    0.955090    0.946497    3500        68.334350   3.701231    0.104325    0.021658    0.020660    0.020660    0.038123    3.000000    0.000006    0.000000    3.482537    1.000000    0.000000    0.000000    17.766582   17.751941   0.980935    28.535534   28.221418   -0.000053   -0.001869   0.594375    17.707296  
[37m[36mINFO[0m[0m 08/28 12:44:08 | 0.974551    0.979042    0.000000    0.975851    0.080720    0.985330    0.995726    0.974551    0.979042    0.946497    3600        70.286760   3.642042    0.077643    0.016168    0.015362    0.015362    0.033021    3.000000    0.000005    0.000000    3.465336    1.000000    0.000000    0.000000    17.912979   17.882940   0.981635    28.978665   28.672498   -0.000164   -0.001744   0.587907    17.037661  
[37m[36mINFO[0m[0m 08/28 12:45:25 | 0.974551    0.976048    0.000000    0.978399    0.068761    0.985330    0.995726    0.974551    0.976048    0.954140    3700        72.239170   3.669475    0.097299    0.020328    0.019237    0.019237    0.034506    3.000000    0.000005    0.000000    3.468659    1.000000    0.000000    0.000000    18.406178   18.379614   0.981144    29.328317   29.007493   -0.000051   -0.001264   0.596370    17.356934  
[37m[36mINFO[0m[0m 08/28 12:46:42 | 0.973802    0.982036    0.000000    0.982405    0.063846    0.992665    0.997863    0.973802    0.982036    0.956688    3800        74.191580   3.690579    0.101483    0.020986    0.020118    0.020118    0.038444    3.000000    0.000005    0.000000    3.473764    1.000000    0.000000    0.000000    18.668833   18.613072   0.981492    29.950483   29.622033   -0.000138   -0.001635   0.599794    17.360888  
[37m[36mINFO[0m[0m 08/28 12:47:59 | 0.969311    0.970060    0.000000    0.980063    0.066496    0.987775    0.995726    0.969311    0.970060    0.956688    3900        76.143990   3.712377    0.117322    0.026445    0.022708    0.022708    0.038960    3.000000    0.000009    0.000000    3.478173    1.000000    0.000000    0.000000    19.228479   19.195420   0.981670    30.571395   30.224515   -0.000186   -0.001985   0.600616    17.099918  
[37m[36mINFO[0m[0m 08/28 12:49:17 | 0.974551    0.979042    0.000000    0.977550    0.059696    0.985330    0.995726    0.974551    0.979042    0.951592    4000        78.096400   3.699201    0.106353    0.022220    0.021021    0.021021    0.038068    3.000000    0.000010    0.000000    3.478644    1.000000    0.000000    0.000000    19.421237   19.376627   0.981695    31.250843   30.865176   0.000045    -0.001635   0.600377    17.436554  
[37m[36mINFO[0m[0m 08/28 12:50:33 | 0.961078    0.961078    0.000000    0.979776    0.061744    0.987775    0.993590    0.961078    0.961078    0.957962    4100        80.048810   3.687937    0.094462    0.019239    0.018796    0.018796    0.039699    3.000000    0.000007    0.000000    3.474378    1.000000    0.000000    0.000000    19.542790   19.477187   0.982032    32.473306   32.074534   -0.000229   -0.002098   0.595043    16.906466  
[37m[36mINFO[0m[0m 08/28 12:51:50 | 0.961826    0.964072    0.000000    0.978399    0.060266    0.985330    0.995726    0.961826    0.964072    0.954140    4200        82.001220   3.652709    0.077968    0.015545    0.015600    0.015600    0.034677    3.000000    0.000005    0.000000    3.470711    1.000000    0.000000    0.000000    19.672654   19.602538   0.981805    33.045687   32.598537   -0.000190   -0.001856   0.590400    17.543273  
[37m[36mINFO[0m[0m 08/28 12:53:07 | 0.960329    0.961078    0.000000    0.975885    0.071156    0.982885    0.995726    0.960329    0.961078    0.949045    4300        83.953630   3.652507    0.075290    0.015328    0.014985    0.014985    0.033635    3.000000    0.000004    0.000000    3.476312    1.000000    0.000000    0.000000    19.887710   19.864629   0.981341    33.302288   32.908530   0.000033    -0.001630   0.592953    17.414665  
[37m[36mINFO[0m[0m 08/28 12:54:25 | 0.961078    0.961078    0.000000    0.979214    0.053089    0.987775    0.995726    0.961078    0.961078    0.954140    4400        85.906040   3.632630    0.068082    0.013456    0.013648    0.013648    0.032511    3.000000    0.000007    0.000000    3.467015    1.000000    0.000000    0.000000    20.096574   20.034003   0.981798    33.798157   33.337535   0.000056    -0.001307   0.605751    17.273506  
[37m[36mINFO[0m[0m 08/28 12:55:43 | 0.979042    0.982036    0.000000    0.979248    0.058283    0.985330    0.995726    0.979042    0.982036    0.956688    4500        87.858450   3.685518    0.098931    0.020356    0.019636    0.019636    0.036697    3.000000    0.000006    0.000000    3.476496    1.000000    0.000000    0.000000    20.441990   20.436895   0.981908    34.817612   34.365309   -0.000113   -0.001617   0.603949    17.722649  
[37m[36mINFO[0m[0m 08/28 12:57:00 | 0.976048    0.979042    0.000000    0.975324    0.078089    0.982885    0.997863    0.976048    0.979042    0.945223    4600        89.810860   3.659447    0.081822    0.016376    0.016355    0.016355    0.036040    3.000000    0.000006    0.000000    3.469506    1.000000    0.000000    0.000000    20.682278   20.668326   0.981921    35.557467   35.131780   -0.000089   -0.001656   0.598313    17.141036  
[37m[36mINFO[0m[0m 08/28 12:58:17 | 0.964820    0.961078    0.000000    0.976413    0.082382    0.985330    0.993590    0.964820    0.961078    0.950318    4700        91.763270   3.660812    0.085662    0.017078    0.017138    0.017138    0.033207    3.000000    0.000007    0.000000    3.475530    1.000000    0.000000    0.000000    20.593325   20.580822   0.981342    35.975547   35.555699   -0.000169   -0.001640   0.599016    17.389529  
[37m[36mINFO[0m[0m 08/28 12:59:40 | 0.975299    0.973054    0.000000    0.979282    0.064912    0.982885    0.995726    0.975299    0.973054    0.959236    4800        93.715680   3.644240    0.077427    0.016116    0.015319    0.015319    0.032568    3.000000    0.000007    0.000000    3.469111    1.000000    0.000000    0.000000    20.929072   20.893815   0.982052    37.198756   36.710866   -0.000140   -0.001638   0.605930    22.805078  
[37m[36mINFO[0m[0m 08/28 13:01:04 | 0.972305    0.973054    0.000000    0.978467    0.062837    0.980440    0.995726    0.972305    0.973054    0.959236    4900        95.668090   3.666724    0.084560    0.017021    0.016876    0.016876    0.036355    3.000000    0.000007    0.000000    3.473098    1.000000    0.000000    0.000000    21.332419   21.335941   0.982125    37.975994   37.491810   -0.000127   -0.001724   0.654849    17.819014  
[37m[36mINFO[0m[0m 08/28 13:02:11 | 0.971557    0.970060    0.000000    0.981337    0.059944    0.987775    0.995726    0.971557    0.970060    0.960510    5000        97.620500   3.684639    0.091350    0.018917    0.018099    0.018099    0.041659    3.000000    0.000007    0.000000    3.468314    1.000000    0.000000    0.000000    21.810177   21.828375   0.982345    38.235523   37.686039   -0.000043   -0.001377   0.483989    18.319276  
[37m[36mINFO[0m[0m 08/28 13:02:11 | ---
[37m[36mINFO[0m[0m 08/28 13:02:11 | oracle = 99.775%
[37m[36mINFO[0m[0m 08/28 13:02:11 | iid = 99.701%
[37m[36mINFO[0m[0m 08/28 13:02:11 | last = 97.156%
[37m[36mINFO[0m[0m 08/28 13:02:11 | last (inD) = 98.134%
[37m[36mINFO[0m[0m 08/28 13:02:11 | iid (inD) = 98.371%
[37m[36mINFO[0m[0m 08/28 13:02:11 | 
[37m[36mINFO[0m[0m 08/28 13:02:15 | Testenv name escaping te_sketch -> te_sketch
[37m[36mINFO[0m[0m 08/28 13:02:15 | Test envs = [3], name = te_sketch
[37m[36mINFO[0m[0m 08/28 13:02:15 | Batch sizes for each domain: [32, 32, 32, 0] (total=96)
[37m[36mINFO[0m[0m 08/28 13:02:15 | steps-per-epoch for each domain: 51.22, 58.62, 41.75 -> min = 41.75
[37m[36mINFO[0m[0m 08/28 13:02:37 | # of params = 151206401
[37m[36mINFO[0m[0m 08/28 13:03:03 | test_in     test_out    train_in    train_out   tr_outloss  env0_out    env1_out    env2_out    env3_in     env3_out    step        epoch       total_loss  cipt_base_  cipt_cls_l  cipt_de_lo  cipt_de_or  cipt_de_au  aug_decomp  cipt_ind_l  causal_con  dccl_contr  contrastiv  pre_cl_los  reg_loss    mean_e_nor  mean_e_aug  mean_e_aug  mean_s_nor  mean_s_aug  mean_es_co  mean_e_aug  step_time   eval_time  
[37m[36mINFO[0m[0m 08/28 13:03:03 | 0.075700    0.066242    0.000000    0.318024    1.714152    0.256724    0.299145    0.398204    0.075700    0.066242    0           0.000000    21.036484   13.157260   2.514568    2.658793    2.658793    2.623246    3.000000    0.001504    0.000000    4.742995    0.002000    0.000000    0.000000    6.396160    6.357523    0.910235    6.288793    6.246721    -0.044292   -0.023124   0.609687    24.832147  
[37m[36mINFO[0m[0m 08/28 13:04:29 | 0.890585    0.905732    0.000000    0.994398    0.016337    0.985330    0.997863    1.000000    0.890585    0.905732    100         2.395210    1.082247    0.405333    0.070418    0.082937    0.082937    0.097953    3.000000    0.000633    0.000000    3.804034    0.103000    0.000000    0.000000    7.908593    7.785283    0.933048    10.320451   10.293186   0.006750    0.030116    0.612457    24.681494  
[37m[36mINFO[0m[0m 08/28 13:05:55 | 0.911578    0.924841    0.000000    0.995213    0.012613    0.987775    0.997863    1.000000    0.911578    0.924841    200         4.790419    1.180823    0.030954    0.005348    0.006221    0.006221    0.019324    3.000000    0.000144    0.000000    3.609378    0.303000    0.000000    0.000000    8.235308    8.151838    0.940169    11.435904   11.393194   0.000041    0.016853    0.617972    24.394846  
[37m[36mINFO[0m[0m 08/28 13:07:23 | 0.894720    0.903185    0.000000    0.996843    0.011632    0.992665    0.997863    1.000000    0.894720    0.903185    300         7.185629    1.840272    0.017153    0.002705    0.003505    0.003505    0.017077    3.000000    0.000086    0.000000    3.524942    0.503000    0.000000    0.000000    8.633735    8.590036    0.949380    11.794844   11.733891   -0.000304   0.009659    0.617209    25.820201  
[37m[36mINFO[0m[0m 08/28 13:08:47 | 0.878181    0.884076    0.000000    0.996028    0.013313    0.990220    0.997863    1.000000    0.878181    0.884076    400         9.580838    2.496257    0.010726    0.001442    0.002244    0.002244    0.011492    3.000000    0.000062    0.000000    3.486878    0.703000    0.000000    0.000000    9.014402    8.965029    0.956057    12.180964   12.114090   -0.000313   0.004663    0.610092    23.620404  
[37m[36mINFO[0m[0m 08/28 13:10:14 | 0.900445    0.910828    0.000000    0.995213    0.010389    0.987775    0.997863    1.000000    0.900445    0.910828    500         11.976048   3.158594    0.005613    0.000483    0.001226    0.001226    0.009804    3.000000    0.000045    0.000000    3.459505    0.902980    0.000000    0.000000    9.459227    9.380492    0.962457    12.555311   12.489264   -0.000007   0.003016    0.611444    25.801074  
[37m[36mINFO[0m[0m 08/28 13:11:41 | 0.880725    0.889172    0.000000    0.995213    0.011956    0.987775    0.997863    1.000000    0.880725    0.889172    600         14.371257   3.480869    0.006258    0.000543    0.001385    0.001385    0.011336    3.000000    0.000035    0.000000    3.440604    1.000000    0.000000    0.000000    9.843156    9.755414    0.966286    12.948470   12.842783   -0.000231   0.001291    0.619411    24.546558  
[37m[36mINFO[0m[0m 08/28 13:13:08 | 0.890585    0.898089    0.000000    0.995110    0.012525    0.985330    1.000000    1.000000    0.890585    0.898089    700         16.766467   3.448558    0.005009    0.000402    0.001116    0.001116    0.007885    3.000000    0.000029    0.000000    3.419894    1.000000    0.000000    0.000000    10.154598   10.030864   0.969056    13.335060   13.212055   -0.000158   0.000242    0.615643    25.358977  
[37m[36mINFO[0m[0m 08/28 13:14:36 | 0.895038    0.905732    0.000000    0.995925    0.010508    0.987775    1.000000    1.000000    0.895038    0.905732    800         19.161677   3.456942    0.005075    0.000640    0.001077    0.001077    0.010041    3.000000    0.000025    0.000000    3.421745    1.000000    0.000000    0.000000    10.509615   10.368599   0.971988    13.659198   13.533930   -0.000178   0.000054    0.630988    25.033123  
[37m[36mINFO[0m[0m 08/28 13:16:01 | 0.881361    0.887898    0.000000    0.994398    0.024688    0.985330    0.997863    1.000000    0.881361    0.887898    900         21.556886   3.451370    0.008302    0.001334    0.001715    0.001715    0.009742    3.000000    0.000021    0.000000    3.413841    1.000000    0.000000    0.000000    10.829676   10.713004   0.973386    13.953305   13.827036   -0.000081   -0.000153   0.613594    23.376231  
[37m[36mINFO[0m[0m 08/28 13:17:25 | 0.893448    0.908280    0.000000    0.996843    0.011683    0.992665    0.997863    1.000000    0.893448    0.908280    1000        23.952096   3.450969    0.005187    0.000708    0.001096    0.001096    0.010771    3.000000    0.000019    0.000000    3.413470    1.000000    0.000000    0.000000    11.127917   10.994158   0.973900    14.221826   14.080169   -0.000070   0.000171    0.610746    22.964922  
[37m[36mINFO[0m[0m 08/28 13:18:49 | 0.906807    0.923567    0.000000    0.996843    0.010185    0.992665    0.997863    1.000000    0.906807    0.923567    1100        26.347305   3.436779    0.004187    0.000318    0.000946    0.000946    0.007601    3.000000    0.000017    0.000000    3.409790    1.000000    0.000000    0.000000    11.333742   11.217633   0.974833    14.563805   14.407986   0.000043    0.000062    0.610943    22.537145  
[37m[36mINFO[0m[0m 08/28 13:20:14 | 0.901399    0.915924    0.000000    0.996028    0.007700    0.990220    0.997863    1.000000    0.901399    0.915924    1200        28.742515   3.441101    0.004510    0.000251    0.001046    0.001046    0.009881    3.000000    0.000015    0.000000    3.406949    1.000000    0.000000    0.000000    11.580306   11.473403   0.976057    15.152456   14.993493   0.000010    -0.000128   0.610575    24.232078  
[37m[36mINFO[0m[0m 08/28 13:21:38 | 0.907761    0.919745    0.000000    0.996843    0.006876    0.992665    0.997863    1.000000    0.907761    0.919745    1300        31.137725   3.419666    0.003713    0.000653    0.000748    0.000748    0.005896    3.000000    0.000014    0.000000    3.398265    1.000000    0.000000    0.000000    11.757894   11.633360   0.976675    15.515993   15.321770   -0.000061   0.000242    0.610965    22.933738  
[37m[36mINFO[0m[0m 08/28 13:23:04 | 0.898855    0.912102    0.000000    0.994398    0.011682    0.985330    0.997863    1.000000    0.898855    0.912102    1400        33.532934   3.426895    0.003830    0.000327    0.000861    0.000861    0.008571    3.000000    0.000012    0.000000    3.397351    1.000000    0.000000    0.000000    12.080053   11.932989   0.977486    15.780665   15.605726   -0.000154   -0.000523   0.612908    24.577076  
[37m[36mINFO[0m[0m 08/28 13:24:31 | 0.888359    0.896815    0.000000    0.995925    0.010879    0.987775    1.000000    1.000000    0.888359    0.896815    1500        35.928144   3.433369    0.004142    0.000310    0.000944    0.000944    0.008562    3.000000    0.000011    0.000000    3.403542    1.000000    0.000000    0.000000    12.266381   12.145930   0.977812    16.274674   16.047097   -0.000018   -0.000467   0.613793    25.991970  
[37m[36mINFO[0m[0m 08/28 13:25:58 | 0.893766    0.900637    0.000000    0.995213    0.015749    0.987775    0.997863    1.000000    0.893766    0.900637    1600        38.323353   3.422421    0.002448    0.000170    0.000556    0.000556    0.007119    3.000000    0.000011    0.000000    3.398617    1.000000    0.000000    0.000000    12.469640   12.397910   0.978707    16.677791   16.474807   -0.000087   -0.000504   0.613927    25.396278  
[37m[36mINFO[0m[0m 08/28 13:27:24 | 0.893448    0.905732    0.000000    0.994398    0.013040    0.985330    0.997863    1.000000    0.893448    0.905732    1700        40.718563   3.419432    0.003811    0.000224    0.000884    0.000884    0.005828    3.000000    0.000010    0.000000    3.398138    1.000000    0.000000    0.000000    12.592565   12.453207   0.978885    17.063111   16.826977   -0.000119   -0.001298   0.613673    24.475891  
[37m[36mINFO[0m[0m 08/28 13:28:48 | 0.886768    0.901911    0.000000    0.995110    0.017585    0.985330    1.000000    1.000000    0.886768    0.901911    1800        43.113772   3.423989    0.002428    0.000166    0.000554    0.000554    0.009094    3.000000    0.000009    0.000000    3.394279    1.000000    0.000000    0.000000    12.855201   12.717178   0.979564    17.514078   17.292124   -0.000012   -0.000460   0.610876    23.097797  
[37m[36mINFO[0m[0m 08/28 13:30:14 | 0.915712    0.924841    0.000000    0.998473    0.008692    0.997555    0.997863    1.000000    0.915712    0.924841    1900        45.508982   3.433686    0.006359    0.001290    0.001256    0.001256    0.009533    3.000000    0.000009    0.000000    3.398727    1.000000    0.000000    0.000000    13.107435   12.948726   0.978946    17.799880   17.531294   -0.000146   -0.000952   0.612900    24.476047  
[37m[36mINFO[0m[0m 08/28 13:31:40 | 0.902672    0.914650    0.000000    0.996740    0.011281    0.990220    1.000000    1.000000    0.902672    0.914650    2000        47.904192   3.426998    0.004710    0.000251    0.001102    0.001102    0.008691    3.000000    0.000010    0.000000    3.396214    1.000000    0.000000    0.000000    13.449288   13.343142   0.979914    18.394966   18.103859   -0.000074   -0.000802   0.612672    24.417074  
[37m[36mINFO[0m[0m 08/28 13:33:06 | 0.917939    0.931210    0.000000    0.996740    0.013425    0.990220    1.000000    1.000000    0.917939    0.931210    2100        50.299401   3.409660    0.002532    0.000204    0.000573    0.000573    0.006893    3.000000    0.000007    0.000000    3.386450    1.000000    0.000000    0.000000    13.721101   13.621721   0.980793    19.009817   18.697341   0.000057    -0.000965   0.610113    24.970633  
[37m[36mINFO[0m[0m 08/28 13:34:35 | 0.882634    0.891720    0.000000    0.995213    0.016784    0.987775    0.997863    1.000000    0.882634    0.891720    2200        52.694611   3.406832    0.002350    0.000369    0.000487    0.000487    0.006732    3.000000    0.000007    0.000000    3.384286    1.000000    0.000000    0.000000    14.004017   13.860066   0.980595    19.265575   18.945870   -0.000122   -0.001296   0.617394    27.960150  
[37m[36mINFO[0m[0m 08/28 13:36:06 | 0.869593    0.877707    0.000000    0.995213    0.022527    0.987775    0.997863    1.000000    0.869593    0.877707    2300        55.089820   3.436438    0.003350    0.000546    0.000694    0.000694    0.010858    3.000000    0.000006    0.000000    3.400515    1.000000    0.000000    0.000000    14.334917   14.245299   0.980815    19.413912   19.120139   -0.000065   -0.001081   0.617809    29.021161  
[37m[36mINFO[0m[0m 08/28 13:37:35 | 0.893766    0.904459    0.000000    0.996131    0.012615    0.992665    0.995726    1.000000    0.893766    0.904459    2400        57.485030   3.424018    0.003257    0.000316    0.000727    0.000727    0.009805    3.000000    0.000006    0.000000    3.391346    1.000000    0.000000    0.000000    14.674738   14.682810   0.980997    19.686120   19.357999   -0.000053   -0.000912   0.620580    26.246537  
[37m[36mINFO[0m[0m 08/28 13:39:03 | 0.893448    0.913376    0.000000    0.995316    0.009886    0.990220    0.995726    1.000000    0.893448    0.913376    2500        59.880240   3.415364    0.003255    0.000447    0.000695    0.000695    0.006914    3.000000    0.000006    0.000000    3.391369    1.000000    0.000000    0.000000    14.836388   14.773387   0.981309    19.998451   19.697237   -0.000102   -0.001108   0.615204    26.692516  
[37m[36mINFO[0m[0m 08/28 13:40:31 | 0.878181    0.894268    0.000000    0.996028    0.016870    0.990220    0.997863    1.000000    0.878181    0.894268    2600        62.275449   3.408592    0.003995    0.000456    0.000878    0.000878    0.006025    3.000000    0.000006    0.000000    3.386522    1.000000    0.000000    0.000000    15.051620   14.874602   0.981353    20.496050   20.158262   -0.000154   -0.001191   0.617787    26.415542  
[37m[36mINFO[0m[0m 08/28 13:41:58 | 0.909987    0.915924    0.000000    0.996233    0.014590    0.995110    0.993590    1.000000    0.909987    0.915924    2700        64.670659   3.429068    0.004641    0.000504    0.001027    0.001027    0.008275    3.000000    0.000006    0.000000    3.399603    1.000000    0.000000    0.000000    15.453871   15.304277   0.981959    21.229282   20.855022   0.000028    -0.000658   0.624119    24.497844  
[37m[36mINFO[0m[0m 08/28 13:43:24 | 0.896628    0.917197    0.000000    0.996028    0.020345    0.990220    0.997863    1.000000    0.896628    0.917197    2800        67.065868   3.414238    0.002198    0.000168    0.000501    0.000501    0.005752    3.000000    0.000005    0.000000    3.394784    1.000000    0.000000    0.000000    15.564788   15.401332   0.982164    21.727252   21.378780   -0.000078   -0.000847   0.618178    24.359750  
[37m[36mINFO[0m[0m 08/28 13:44:52 | 0.900763    0.919745    0.000000    0.995213    0.022569    0.987775    0.997863    1.000000    0.900763    0.919745    2900        69.461078   3.429840    0.003662    0.000322    0.000830    0.000830    0.008274    3.000000    0.000004    0.000000    3.401355    1.000000    0.000000    0.000000    15.925183   15.800187   0.982251    22.188415   21.798259   0.000091    -0.000581   0.617779    25.647582  
[37m[36mINFO[0m[0m 08/28 13:46:18 | 0.910941    0.923567    0.000000    0.995213    0.014382    0.987775    0.997863    1.000000    0.910941    0.923567    3000        71.856287   3.411751    0.001738    0.000169    0.000387    0.000387    0.006579    3.000000    0.000004    0.000000    3.390276    1.000000    0.000000    0.000000    16.201868   16.039062   0.982990    22.590262   22.208619   -0.000097   -0.000850   0.620084    23.962099  
[37m[36mINFO[0m[0m 08/28 13:47:44 | 0.898537    0.907006    0.000000    0.996843    0.013909    0.992665    0.997863    1.000000    0.898537    0.907006    3100        74.251497   3.413480    0.002905    0.000427    0.000614    0.000614    0.006725    3.000000    0.000004    0.000000    3.390401    1.000000    0.000000    0.000000    16.507098   16.344292   0.983002    22.834049   22.425469   0.000011    -0.000974   0.621160    24.221148  
[37m[36mINFO[0m[0m 08/28 13:49:10 | 0.906807    0.919745    0.000000    0.994501    0.021777    0.987775    0.995726    1.000000    0.906807    0.919745    3200        76.646707   3.408096    0.001690    0.000099    0.000393    0.000393    0.005662    3.000000    0.000004    0.000000    3.389420    1.000000    0.000000    0.000000    16.699545   16.585200   0.983123    23.180583   22.797728   -0.000043   -0.000789   0.623228    23.642321  
[37m[36mINFO[0m[0m 08/28 13:50:36 | 0.878817    0.886624    0.000000    0.993686    0.024089    0.985330    0.995726    1.000000    0.878817    0.886624    3300        79.041916   3.408583    0.002977    0.000415    0.000636    0.000636    0.006832    3.000000    0.000004    0.000000    3.385110    1.000000    0.000000    0.000000    16.975290   16.842667   0.983087    23.580201   23.142765   -0.000051   -0.000717   0.618403    23.842660  
[37m[36mINFO[0m[0m 08/28 13:52:01 | 0.899809    0.914650    0.000000    0.995845    0.019091    0.992665    0.997863    0.997006    0.899809    0.914650    3400        81.437126   3.414348    0.003586    0.000573    0.000748    0.000748    0.007101    3.000000    0.000004    0.000000    3.389458    1.000000    0.000000    0.000000    17.341364   17.208324   0.983081    23.900710   23.478664   -0.000005   -0.000986   0.614644    23.595666  
[37m[36mINFO[0m[0m 08/28 13:53:26 | 0.913804    0.922293    0.000000    0.996028    0.017911    0.990220    0.997863    1.000000    0.913804    0.922293    3500        83.832335   3.417310    0.002476    0.000256    0.000550    0.000550    0.008487    3.000000    0.000004    0.000000    3.389373    1.000000    0.000000    0.000000    17.686191   17.577410   0.983764    24.194481   23.766969   -0.000069   -0.000659   0.619275    23.576454  
[37m[36mINFO[0m[0m 08/28 13:54:52 | 0.898537    0.914650    0.000000    0.995559    0.018777    0.992665    1.000000    0.994012    0.898537    0.914650    3600        86.227545   3.413971    0.001999    0.000227    0.000438    0.000438    0.007425    3.000000    0.000004    0.000000    3.389697    1.000000    0.000000    0.000000    17.752640   17.609465   0.983260    24.569089   24.115338   0.000000    -0.001116   0.620739    24.075442  
[37m[36mINFO[0m[0m 08/28 13:56:17 | 0.907761    0.917197    0.000000    0.994215    0.022423    0.987775    0.997863    0.997006    0.907761    0.917197    3700        88.622754   3.421468    0.004317    0.000658    0.000907    0.000907    0.007862    3.000000    0.000006    0.000000    3.393567    1.000000    0.000000    0.000000    18.084324   17.901728   0.983728    25.051423   24.610161   0.000015    -0.000840   0.608981    24.061366  
[37m[36mINFO[0m[0m 08/28 13:57:42 | 0.895356    0.908280    0.000000    0.996740    0.018962    0.990220    1.000000    1.000000    0.895356    0.908280    3800        91.017964   3.411681    0.002596    0.000215    0.000590    0.000590    0.007719    3.000000    0.000004    0.000000    3.385929    1.000000    0.000000    0.000000    18.259149   18.148846   0.983205    26.005661   25.522098   -0.000031   -0.001060   0.611346    23.407208  
[37m[36mINFO[0m[0m 08/28 13:59:07 | 0.902672    0.917197    0.000000    0.994215    0.017889    0.987775    0.997863    0.997006    0.902672    0.917197    3900        93.413174   3.408527    0.001933    0.000124    0.000449    0.000449    0.006588    3.000000    0.000003    0.000000    3.386831    1.000000    0.000000    0.000000    18.640668   18.547164   0.983782    26.469440   25.954187   -0.000074   -0.000900   0.604283    24.068864  
[37m[36mINFO[0m[0m 08/28 14:00:31 | 0.882952    0.899363    0.000000    0.996740    0.013479    0.990220    1.000000    1.000000    0.882952    0.899363    4000        95.808383   3.409932    0.001688    0.000077    0.000399    0.000399    0.005445    3.000000    0.000003    0.000000    3.391907    1.000000    0.000000    0.000000    18.825221   18.677160   0.983903    26.830916   26.318320   -0.000095   -0.001014   0.609988    23.549623  
[37m[36mINFO[0m[0m 08/28 14:01:56 | 0.891221    0.908280    0.000000    0.996028    0.010339    0.990220    0.997863    1.000000    0.891221    0.908280    4100        98.203593   3.405666    0.001224    0.000042    0.000292    0.000292    0.005967    3.000000    0.000003    0.000000    3.386542    1.000000    0.000000    0.000000    19.039354   18.893101   0.984381    27.176153   26.646481   0.000070    -0.000798   0.604428    23.920290  
[37m[36mINFO[0m[0m 08/28 14:03:21 | 0.916349    0.919745    0.000000    0.995030    0.015351    0.990220    0.997863    0.997006    0.916349    0.919745    4200        100.598802  3.416313    0.002762    0.000163    0.000644    0.000644    0.007973    3.000000    0.000004    0.000000    3.389632    1.000000    0.000000    0.000000    19.383300   19.352481   0.984024    27.595776   27.095066   -0.000066   -0.000677   0.608217    24.579177  
[37m[36mINFO[0m[0m 08/28 14:04:45 | 0.863232    0.876433    0.000000    0.996028    0.020320    0.990220    0.997863    1.000000    0.863232    0.876433    4300        102.994012  3.406101    0.001716    0.000094    0.000402    0.000402    0.007255    3.000000    0.000003    0.000000    3.382619    1.000000    0.000000    0.000000    19.641882   19.530685   0.984560    28.166441   27.604569   -0.000097   -0.001245   0.599106    24.230616  
[37m[36mINFO[0m[0m 08/28 14:06:10 | 0.895674    0.905732    0.000000    0.995213    0.015302    0.987775    0.997863    1.000000    0.895674    0.905732    4400        105.389222  3.411545    0.002384    0.000360    0.000503    0.000503    0.007751    3.000000    0.000003    0.000000    3.385909    1.000000    0.000000    0.000000    19.953120   19.909209   0.984508    28.423074   27.869670   -0.000061   -0.000944   0.606302    23.959268  
[37m[36mINFO[0m[0m 08/28 14:07:36 | 0.885496    0.903185    0.000000    0.996028    0.010656    0.990220    0.997863    1.000000    0.885496    0.903185    4500        107.784431  3.434931    0.008813    0.001353    0.001855    0.001855    0.012351    3.000000    0.000008    0.000000    3.389066    1.000000    0.000000    0.000000    20.282498   20.200516   0.983971    29.175632   28.618273   -0.000145   -0.001180   0.611003    24.597084  
[37m[36mINFO[0m[0m 08/28 14:09:00 | 0.870547    0.876433    0.000000    0.994398    0.023527    0.985330    0.997863    1.000000    0.870547    0.876433    4600        110.179641  3.415453    0.003014    0.000407    0.000647    0.000647    0.007067    3.000000    0.000004    0.000000    3.391238    1.000000    0.000000    0.000000    20.635461   20.579586   0.984572    30.943997   30.363724   -0.000074   -0.001765   0.598080    24.467707  
[37m[36mINFO[0m[0m 08/28 14:10:25 | 0.892494    0.899363    0.000000    0.994501    0.028159    0.987775    0.995726    1.000000    0.892494    0.899363    4700        112.574850  3.400000    0.001028    0.000081    0.000234    0.000234    0.003041    3.000000    0.000002    0.000000    3.389850    1.000000    0.000000    0.000000    20.837466   20.717619   0.984933    31.230836   30.601896   0.000016    -0.001180   0.595959    25.354971  
[37m[36mINFO[0m[0m 08/28 14:11:50 | 0.914122    0.918471    0.000000    0.994032    0.022190    0.990220    0.997863    0.994012    0.914122    0.918471    4800        114.970060  3.407301    0.002626    0.000219    0.000598    0.000598    0.005053    3.000000    0.000003    0.000000    3.389516    1.000000    0.000000    0.000000    21.076093   20.863125   0.984636    31.641338   31.055355   0.000031    -0.001396   0.609203    24.409847  
[37m[36mINFO[0m[0m 08/28 14:13:09 | 0.878181    0.887898    0.000000    0.995213    0.017846    0.987775    0.997863    1.000000    0.878181    0.887898    4900        117.365269  3.405686    0.002824    0.000774    0.000510    0.000510    0.006026    3.000000    0.000002    0.000000    3.384783    1.000000    0.000000    0.000000    21.628268   21.401565   0.984614    32.271402   31.580250   -0.000121   -0.001209   0.589596    19.827487  
[37m[36mINFO[0m[0m 08/28 14:14:06 | 0.868957    0.878981    0.000000    0.994398    0.023306    0.985330    0.997863    1.000000    0.868957    0.878981    5000        119.760479  3.399989    0.001316    0.000138    0.000292    0.000292    0.005607    3.000000    0.000002    0.000000    3.381852    1.000000    0.000000    0.000000    21.944567   21.692439   0.984977    32.518168   31.897544   0.000027    -0.001117   0.379035    19.077921  
[37m[36mINFO[0m[0m 08/28 14:14:06 | ---
[37m[36mINFO[0m[0m 08/28 14:14:06 | oracle = 91.794%
[37m[36mINFO[0m[0m 08/28 14:14:06 | iid = 91.571%
[37m[36mINFO[0m[0m 08/28 14:14:06 | last = 86.896%
[37m[36mINFO[0m[0m 08/28 14:14:06 | last (inD) = 99.440%
[37m[36mINFO[0m[0m 08/28 14:14:06 | iid (inD) = 99.847%
[37m[36mINFO[0m[0m 08/28 14:14:06 | === Summary ===
[37m[36mINFO[0m[0m 08/28 14:14:06 | Command: train_all.py pacs_b5c1_lr1e3_aug075_decomp --dataset PACS --algorithm CIPTDCCL --data_dir /home/hooasia/lgg/data/repro_dccl_data --deterministic --trial_seed 0 --seed 0 --checkpoint_freq 100 --cipt_clip_path /home/hooasia/.cache/clip/ViT-B-16.pt --cipt_beta 4 --cipt_gamma 5 --cipt_k 4 --cipt_prompt_length 16 --cipt_prompt_init a photo of a --cipt_template_mode b5c --cipt_causal_contrastive_weight 1 --cipt_contrastive_warmup_steps 500 --cipt_aug_decomp_weight 0.75 --output_root train_output/PACS_aug_decomp --lr 0.001 --weight_decay 0.0
[37m[36mINFO[0m[0m 08/28 14:14:06 | Unique name: 260828_09-44-08_pacs_b5c1_lr1e3_aug075_decomp
[37m[36mINFO[0m[0m 08/28 14:14:06 | Out path: train_output/PACS_aug_decomp/PACS/260828_09-44-08_pacs_b5c1_lr1e3_aug075_decomp
[37m[36mINFO[0m[0m 08/28 14:14:06 | Algorithm: CIPTDCCL
[37m[36mINFO[0m[0m 08/28 14:14:06 | Dataset: PACS
+------------+---------+---------+---------+---------+---------+
| Selection  |   env0  |   env1  |   env2  |   env3  |   Avg.  |
+------------+---------+---------+---------+---------+---------+
|   oracle   | 97.682% | 98.721% | 99.775% | 91.794% | 96.993% |
|    iid     | 96.583% | 97.388% | 99.701% | 91.571% | 96.311% |
|    last    | 96.888% | 97.122% | 97.156% | 86.896% | 94.515% |
| last (inD) | 98.428% | 98.085% | 98.134% | 99.440% | 98.521% |
| iid (inD)  | 98.740% | 98.609% | 98.371% | 99.847% | 98.892% |
+------------+---------+---------+---------+---------+---------+
