[37m[36mINFO[0m[0m 08/06 20:53:46 | Command :: train_all.py pacs_piccl_isr_02 --algorithm PICCL --data_dir /home/hooasia/lgg/data/repro_dccl_data --output_root train_output/PACS_piccl_loss --steps 5000 --checkpoint_freq 100 --deterministic --piccl_isr_weight 0.2
Environment:
	Python: 3.10.20
	PyTorch: 2.5.1+cu121
	Torchvision: 0.20.1+cu121
	CUDA: 12.1
	CUDNN: 90100
	NumPy: 2.2.6
	PIL: 12.0.0
Args:
	TN: False
	algorithm: PICCL
	aug: 0
	checkpoint_freq: 100
	configs: []
	data_dir: /home/hooasia/lgg/data/repro_dccl_data
	dataset: PACS
	debug: False
	deterministic: True
	domainnet_auto_source_count: 3
	erm_baseline: weak
	evalmode: fast
	holdout_fraction: 0.2
	l: 1
	l_d: 0.05
	l_layer: 1
	label_ratio: 1.0
	lamda: 5
	log: False
	mix: 0
	model: resnet50
	model_save: None
	n_layer: 1
	name: pacs_piccl_isr_02
	out_dir: train_output/PACS_piccl_loss/260806_20-53-46_pacs_piccl_isr_02
	out_root: train_output/PACS_piccl_loss
	output_root: train_output/PACS_piccl_loss
	pos_mask: False
	prebuild_loader: False
	re_w: False
	sample_d: False
	seed: 0
	show: False
	source_envs: None
	start_epoch: 1000
	steps: 5000
	sup: True
	t: 0.1
	t_pre: 0.2
	target_env: None
	tb_freq: 10
	test_envs: None
	trial_seed: 0
	two_ce: False
	unique_name: 260806_20-53-46_pacs_piccl_isr_02
	weak_erm: False
	work_dir: .
HParams:
	data_augmentation: True
	val_augment: False
	resnet18: False
	resnet_dropout: 0.0
	class_balanced: False
	optimizer: adam
	freeze_bn: True
	pretrained: True
	lr: 5e-05
	batch_size: 32
	weight_decay: 0.0
	piccl_rank: 16
	piccl_alpha_max: 0.5
	piccl_warmup_ratio: 0.1
	piccl_ramp_ratio: 0.2
	piccl_proto_momentum: 0.99
	[36mpiccl_isr_weight: 0.2
	[0mpiccl_orth_weight: 0.001
	piccl_eps: 1e-08
	piccl_gt_mode: replace
	piccl_basis_receive_task_grad: False
	piccl_min_valid_domains: 2
	piccl_total_steps: 1
	use_piccl: True
	piccl_lr_multiplier: 1.0
	piccl_delayed_start_ratio: 0.0
	piccl_residual_scale: 0.1
	piccl_strict_bypass: False
	t: 0.1
	t_pre: 0.2
	l: 1
	l_d: 0.01
	l_layer: 1
	n_layer: 1
	sup: True
	two_ce: False
	sample_d: False
	re_w: False
	pos_mask: False
	mix: 0
	aug: 0
	model: resnet50
	label_ratio: 1.0
	TN: False
	lamda: 5
	start_epoch: 1000
	log: False
	swad: LossValley
	swad_kwargs: 
	  n_converge: 3
	  n_tolerance: 6
	  tolerance_ratio: 0.3
	test_batchsize: 128
	indomain_test: False
Dataset:
	[PACS] #envs=4, #classes=7
	env0: art_painting (#2048)
	env1: cartoon (#2344)
	env2: photo (#1670)
	env3: sketch (#3929)

[37m[36mINFO[0m[0m 08/06 20:53:50 | n_steps = 5000
[37m[36mINFO[0m[0m 08/06 20:53:50 | checkpoint_freq = 100
[37m[36mINFO[0m[0m 08/06 20:53:50 | n_steps is updated to 5000 => 5001 for checkpointing
[37m[36mINFO[0m[0m 08/06 20:53:50 | Target test envs = [[0], [1], [2], [3]]
[37m[36mINFO[0m[0m 08/06 20:53:50 | 
[37m[36mINFO[0m[0m 08/06 20:53:55 | Testenv name escaping te_art_painting -> te_art_painting
[37m[36mINFO[0m[0m 08/06 20:53:55 | Test envs = [0], name = te_art_painting
[37m[36mINFO[0m[0m 08/06 20:53:55 | Batch sizes for each domain: [0, 32, 32, 32] (total=96)
[37m[36mINFO[0m[0m 08/06 20:53:55 | steps-per-epoch for each domain: 58.62, 41.75, 98.25 -> min = 41.75
[37m[36mINFO[0m[0m 08/06 20:53:56 | # of params = 49169351
[37m[36mINFO[0m[0m 08/06 20:54:08 | test_in     test_out    train_in    train_out   tr_outloss  env0_in     env0_out    env1_out    env2_out    env3_out    step        epoch       loss        loss_cls    loss_isr    loss_orth   loss_gt     piccl_alph  paired_res  domain_res  valid_doma  basis_orth  response_c  raw_interv  mediator_i  ce_loss     sup_cl_los  pre_cl_los  dccl_total  weighted_l  weighted_l  residual_d  fused_orig  piccl_exec  original_f  piccl_feat  feature_de  feature_de  original_f  backbone_g  piccl_grad  classifier  has_nan_or  param_grou  param_grou  param_grou  param_grou  param_grou  param_grou  param_grou  param_grou  step_time   eval_time  
[37m[36mINFO[0m[0m 08/06 20:54:08 | 0.140940    0.207824    0.000000    0.265389    1.845603    0.140940    0.207824    0.230769    0.383234    0.182166    0           0.000000    13.838471   1.977375    0.000000    0.126582    0.000000    0.000000    0.000000    0.000000    21.000000   0.115652    0.000000    0.918931    0.845456    1.977375    6.460320    5.400650    13.838345   0.000000    0.000127    32.331383   0.732690    1.000000    24.181402   45.253296   32.331383   1.337035    0.732690    21.482584   0.231327    7.317249    0.000000    0.000050    0.000500    0.000005    0.000500    0.000500    0.000005    0.000050    0.000050    1.138775    10.213248  
[37m[36mINFO[0m[0m 08/06 20:55:02 | 0.857230    0.860636    0.000000    0.948182    0.168752    0.857230    0.860636    0.950855    0.979042    0.914650    100         2.395210    9.079381    0.327206    0.979216    0.041890    0.000000    0.000000    13.562397   3.264927    21.000000   0.040949    0.021221    0.974136    0.956264    0.327206    3.882059    4.674231    8.883496    0.195843    0.000042    37.680690   0.783849    1.000000    57.377408   45.268746   37.680690   0.668883    0.783849    16.475694   0.066893    2.730936    0.000000    0.000050    0.000500    0.000005    0.000500    0.000500    0.000005    0.000050    0.000050    0.424266    10.585662  
[37m[36mINFO[0m[0m 08/06 20:56:26 | 0.859060    0.853301    0.000000    0.956266    0.126758    0.859060    0.853301    0.961538    0.976048    0.931210    200         4.790419    8.235023    0.102874    0.901931    0.034300    0.000000    0.000000    14.337699   7.257472    21.000000   0.034757    0.099133    0.982850    0.972857    0.102874    3.547568    4.404160    8.054603    0.180386    0.000034    42.870308   0.805715    1.000000    67.263886   45.274295   42.870308   0.636931    0.805715    13.717329   0.045340    1.416780    0.000000    0.000050    0.000500    0.000005    0.000500    0.000500    0.000005    0.000050    0.000050    0.685873    12.216964  
[37m[36mINFO[0m[0m 08/06 20:57:54 | 0.857840    0.870416    0.000000    0.957522    0.131052    0.857840    0.870416    0.946581    0.982036    0.943949    300         7.185629    7.961426    0.059121    0.801774    0.130312    0.000000    0.000000    14.461894   8.994092    21.000000   0.131576    0.199090    0.984796    0.976166    0.059121    3.466532    4.275287    7.800941    0.160355    0.000130    43.695788   0.810107    1.000000    67.788962   45.277804   43.695788   0.644317    0.810107    12.087582   0.038571    0.932739    0.000000    0.000050    0.000500    0.000005    0.000500    0.000500    0.000005    0.000050    0.000050    0.717973    12.899694  
[37m[36mINFO[0m[0m 08/06 20:59:20 | 0.813301    0.823961    0.000000    0.969314    0.127020    0.813301    0.823961    0.963675    0.985030    0.959236    400         9.580838    7.821813    0.040640    0.730756    0.229481    0.000000    0.000000    14.386087   9.519511    21.000000   0.230051    0.269891    0.986756    0.979620    0.040640    3.425968    4.208824    7.675433    0.146151    0.000229    43.046596   0.815267    1.000000    66.606321   45.279644   43.046596   0.645975    0.815267    10.690977   0.033470    0.675012    0.000000    0.000050    0.000500    0.000005    0.000500    0.000500    0.000005    0.000050    0.000050    0.676805    12.556165  
[37m[36mINFO[0m[0m 08/06 21:00:47 | 0.834045    0.848411    0.000000    0.968480    0.116408    0.834045    0.848411    0.974359    0.982036    0.949045    500         11.976048   7.743207    0.041617    0.664246    0.251939    0.000000    0.000000    15.211603   10.379181   21.000000   0.251878    0.336366    0.987477    0.980768    0.041617    3.409844    4.158645    7.610106    0.132849    0.000252    48.715423   0.816682    1.000000    73.901845   45.281738   48.715423   0.658814    0.816682    10.409962   0.034238    0.720802    0.000000    0.000050    0.000500    0.000005    0.000500    0.000500    0.000005    0.000050    0.000050    0.683749    13.064998  
[37m[36mINFO[0m[0m 08/06 21:02:16 | 0.860891    0.841076    0.000000    0.970178    0.116340    0.860891    0.841076    0.974359    0.982036    0.954140    600         14.371257   7.678252    0.037844    0.623124    0.229660    0.000000    0.025250    14.861194   10.982062   21.000000   0.229316    0.377364    0.988564    0.982431    0.037844    3.400710    4.114843    7.553397    0.124625    0.000230    47.351025   0.822430    1.000000    72.462779   45.282453   47.351025   0.652878    0.822430    9.656975    0.032395    0.683969    0.000000    0.000050    0.000500    0.000005    0.000500    0.000500    0.000005    0.000050    0.000050    0.728862    13.260476  
[37m[36mINFO[0m[0m 08/06 21:03:43 | 0.837096    0.853301    0.000000    0.969030    0.129699    0.837096    0.853301    0.970085    0.979042    0.957962    700         16.766467   7.640205    0.040207    0.574294    0.186618    0.000000    0.075250    15.324347   11.059517   21.000000   0.186141    0.426086    0.988617    0.981785    0.040207    3.400376    4.084577    7.525160    0.114859    0.000187    48.577176   0.822178    1.000000    73.840510   45.282253   48.577176   0.656991    0.822178    10.807054   0.031781    0.657751    0.000000    0.000050    0.000500    0.000005    0.000500    0.000500    0.000005    0.000050    0.000050    0.713857    13.267404  
[37m[36mINFO[0m[0m 08/06 21:05:09 | 0.830995    0.836186    0.000000    0.970151    0.126215    0.830995    0.836186    0.961538    0.982036    0.966879    800         19.161677   7.557226    0.020315    0.542442    0.138963    0.000000    0.125250    15.886087   11.411270   21.000000   0.138493    0.457854    0.990362    0.983850    0.020315    3.375509    4.052775    7.448599    0.108488    0.000139    52.299637   0.824468    1.000000    78.565373   45.282403   52.299637   0.665133    0.824468    7.292019    0.026709    0.395980    0.000000    0.000050    0.000500    0.000005    0.000500    0.000500    0.000005    0.000050    0.000050    0.666176    13.260466  
[37m[36mINFO[0m[0m 08/06 21:06:36 | 0.774863    0.787286    0.000000    0.934956    0.268456    0.774863    0.787286    0.931624    0.970060    0.903185    900         21.556886   7.538346    0.023898    0.529683    0.094604    0.000000    0.175250    15.330126   11.690455   21.000000   0.094212    0.470562    0.990365    0.982906    0.023898    3.372987    4.035430    7.432315    0.105937    0.000095    51.680456   0.824871    1.000000    77.594527   45.283673   51.680456   0.665260    0.824871    8.582407    0.027589    0.484569    0.000000    0.000050    0.000500    0.000005    0.000500    0.000500    0.000005    0.000050    0.000050    0.709469    13.202455  
[37m[36mINFO[0m[0m 08/06 21:08:04 | 0.831605    0.819071    0.000000    0.970304    0.121010    0.831605    0.819071    0.970085    0.979042    0.961783    1000        23.952096   7.516517    0.021823    0.496067    0.063291    0.000000    0.225250    16.016204   11.969945   21.000000   0.063045    0.504148    0.990834    0.982803    0.021823    3.375525    4.019892    7.417240    0.099213    0.000063    53.901030   0.826849    1.000000    80.633224   45.282625   53.901030   0.667502    0.826849    6.984584    0.026398    0.397017    0.000000    0.000050    0.000500    0.000005    0.000500    0.000500    0.000005    0.000050    0.000050    0.717711    13.457528  
[37m[36mINFO[0m[0m 08/06 21:09:29 | 0.879805    0.863081    0.000000    0.974583    0.106854    0.879805    0.863081    0.972222    0.991018    0.960510    1100        26.347305   7.465351    0.018279    0.481674    0.043048    0.000000    0.275250    16.280990   12.611032   21.000000   0.042887    0.518502    0.991683    0.983127    0.018279    3.360360    3.990334    7.368973    0.096335    0.000043    56.218159   0.826651    1.000000    83.584920   45.282511   56.218159   0.672155    0.826651    7.667883    0.025531    0.412805    0.000000    0.000050    0.000500    0.000005    0.000500    0.000500    0.000005    0.000050    0.000050    0.659645    13.288364  
[37m[36mINFO[0m[0m 08/06 21:10:54 | 0.835265    0.828851    0.000000    0.967329    0.129733    0.835265    0.828851    0.965812    0.982036    0.954140    1200        28.742515   7.477884    0.021004    0.478052    0.031386    0.000000    0.325250    16.202505   12.585805   21.000000   0.031307    0.522110    0.991944    0.982434    0.021004    3.371434    3.989804    7.382242    0.095610    0.000031    57.108478   0.825025    1.000000    84.581027   45.282440   57.108478   0.673962    0.825025    7.222744    0.024963    0.367479    0.000000    0.000050    0.000500    0.000005    0.000500    0.000500    0.000005    0.000050    0.000050    0.660205    13.406588  
[37m[36mINFO[0m[0m 08/06 21:12:19 | 0.820012    0.845966    0.000000    0.968466    0.143403    0.820012    0.845966    0.967949    0.982036    0.955414    1300        31.137725   7.474212    0.025554    0.466814    0.024946    0.000000    0.375250    16.054369   12.230179   21.000000   0.024892    0.533339    0.992531    0.982358    0.025554    3.372045    3.983225    7.380824    0.093363    0.000025    55.034747   0.825596    1.000000    82.366074   45.281056   55.034747   0.667592    0.825596    7.144308    0.026446    0.465561    0.000000    0.000050    0.000500    0.000005    0.000500    0.000500    0.000005    0.000050    0.000050    0.660852    13.229890  
[37m[36mINFO[0m[0m 08/06 21:13:45 | 0.808420    0.826406    0.000000    0.970875    0.124483    0.808420    0.826406    0.965812    0.985030    0.961783    1400        33.532934   7.429432    0.013468    0.446293    0.020064    0.000000    0.425250    16.851262   12.451806   21.000000   0.020022    0.553845    0.993021    0.981864    0.013468    3.361036    3.965650    7.340153    0.089259    0.000020    58.573625   0.824198    1.000000    86.886396   45.280657   58.573625   0.673552    0.824198    6.668419    0.023613    0.294144    0.000000    0.000050    0.000500    0.000005    0.000500    0.000500    0.000005    0.000050    0.000050    0.659743    14.051619  
[37m[36mINFO[0m[0m 08/06 21:15:13 | 0.826724    0.833741    0.000000    0.973701    0.115835    0.826724    0.833741    0.970085    0.979042    0.971975    1500        35.928144   7.411795    0.013307    0.432013    0.016593    0.000000    0.475250    17.615831   12.660896   21.000000   0.016564    0.568126    0.993061    0.980254    0.013307    3.358993    3.953076    7.325375    0.086403    0.000017    64.480480   0.820039    1.000000    93.415184   45.280975   64.480480   0.689479    0.820039    6.193619    0.023754    0.259328    0.000000    0.000050    0.000500    0.000005    0.000500    0.000500    0.000005    0.000050    0.000050    0.713567    14.032515  
[37m[36mINFO[0m[0m 08/06 21:16:40 | 0.826113    0.858191    0.000000    0.960975    0.207004    0.826113    0.858191    0.976496    0.979042    0.927389    1600        38.323353   7.355580    0.006830    0.435091    0.013671    0.000000    0.500000    17.352790   12.777122   21.000000   0.013643    0.565039    0.994061    0.981486    0.006830    3.339587    3.922132    7.268549    0.087018    0.000014    65.106142   0.818795    1.000000    94.045339   45.281528   65.106142   0.691650    0.818795    4.702339    0.022171    0.163462    0.000000    0.000050    0.000500    0.000005    0.000500    0.000500    0.000005    0.000050    0.000050    0.715399    13.195801  
[37m[36mINFO[0m[0m 08/06 21:18:06 | 0.875534    0.882641    0.000000    0.967069    0.123146    0.875534    0.882641    0.976496    0.982036    0.942675    1700        40.718563   7.408390    0.023393    0.411900    0.011106    0.000000    0.500000    18.783320   13.387555   21.000000   0.011077    0.588241    0.993119    0.980622    0.023393    3.368433    3.934174    7.325999    0.082380    0.000011    72.245500   0.819282    1.000000    101.494769  45.282522   72.245500   0.710584    0.819282    8.214324    0.025290    0.412125    0.000000    0.000050    0.000500    0.000005    0.000500    0.000500    0.000005    0.000050    0.000050    0.656468    14.585975  
[37m[36mINFO[0m[0m 08/06 21:19:37 | 0.838316    0.836186    0.000000    0.960778    0.156390    0.838316    0.836186    0.963675    0.967066    0.951592    1800        43.113772   7.398008    0.025230    0.405925    0.008236    0.000000    0.500000    18.633887   14.176450   21.000000   0.008213    0.594209    0.993692    0.982031    0.025230    3.365037    3.926549    7.316815    0.081185    0.000008    71.756026   0.823123    1.000000    101.185540  45.280355   71.756026   0.708363    0.823123    7.846941    0.025919    0.472527    0.000000    0.000050    0.000500    0.000005    0.000500    0.000500    0.000005    0.000050    0.000050    0.744459    13.929236  
[37m[36mINFO[0m[0m 08/06 21:21:02 | 0.846248    0.850856    0.000000    0.969161    0.133474    0.846248    0.850856    0.978632    0.967066    0.961783    1900        45.508982   7.358363    0.011207    0.400874    0.006721    0.000000    0.500000    18.542649   14.647791   21.000000   0.006712    0.599252    0.994386    0.983087    0.011207    3.350122    3.916852    7.278181    0.080175    0.000007    73.911491   0.825378    1.000000    103.372414  45.276191   73.911491   0.713682    0.825378    5.515586    0.022780    0.260325    0.000000    0.000050    0.000500    0.000005    0.000500    0.000500    0.000005    0.000050    0.000050    0.652169    13.842729  
[37m[36mINFO[0m[0m 08/06 21:22:31 | 0.845027    0.850856    0.000000    0.974139    0.127744    0.845027    0.850856    0.976496    0.979042    0.966879    2000        47.904192   7.323475    0.005108    0.392889    0.005602    0.000000    0.500000    18.357005   15.269640   21.000000   0.005592    0.607235    0.994527    0.983500    0.005108    3.340772    3.899013    7.244892    0.078578    0.000006    69.952854   0.826075    1.000000    99.430605   45.275016   69.952854   0.702455    0.826075    3.748082    0.021598    0.125846    0.000000    0.000050    0.000500    0.000005    0.000500    0.000500    0.000005    0.000050    0.000050    0.734011    12.556371  
[37m[36mINFO[0m[0m 08/06 21:23:57 | 0.859060    0.850856    0.000000    0.964065    0.194029    0.859060    0.850856    0.978632    0.967066    0.946497    2100        50.299401   7.334065    0.009372    0.397921    0.004975    0.000000    0.500000    18.505893   15.269347   21.000000   0.004971    0.602204    0.994615    0.983510    0.009372    3.345627    3.899477    7.254476    0.079584    0.000005    71.921165   0.825649    1.000000    101.452439  45.276879   71.921165   0.708085    0.825649    5.451852    0.022677    0.219083    0.000000    0.000050    0.000500    0.000005    0.000500    0.000500    0.000005    0.000050    0.000050    0.705288    12.764565  
[37m[36mINFO[0m[0m 08/06 21:25:24 | 0.743746    0.735941    0.000000    0.952530    0.232469    0.743746    0.735941    0.965812    0.949102    0.942675    2200        52.694611   7.358803    0.025491    0.377093    0.004482    0.000000    0.500000    19.762715   15.522767   21.000000   0.004476    0.623037    0.993034    0.981013    0.025491    3.360853    3.897036    7.283380    0.075419    0.000004    72.644922   0.824951    1.000000    101.624266  45.274967   72.644922   0.713912    0.824951    8.477920    0.025589    0.401547    0.000000    0.000050    0.000500    0.000005    0.000500    0.000500    0.000005    0.000050    0.000050    0.715816    13.105012  
[37m[36mINFO[0m[0m 08/06 21:26:51 | 0.851739    0.828851    0.000000    0.967036    0.134013    0.851739    0.828851    0.974359    0.970060    0.956688    2300        55.089820   7.365052    0.026934    0.395222    0.004148    0.000000    0.500000    17.946737   15.481982   21.000000   0.004149    0.604921    0.993441    0.982082    0.026934    3.367709    3.891359    7.286003    0.079044    0.000004    64.859283   0.827088    1.000000    93.554144   45.269025   64.859283   0.691978    0.827088    8.877059    0.025921    0.429233    0.000000    0.000050    0.000500    0.000005    0.000500    0.000500    0.000005    0.000050    0.000050    0.713261    13.031821  
[37m[36mINFO[0m[0m 08/06 21:28:23 | 0.796827    0.794621    0.000000    0.969003    0.139690    0.796827    0.794621    0.957265    0.979042    0.970701    2400        57.485030   7.303515    0.005321    0.384176    0.004168    0.000000    0.500000    18.576995   15.110871   21.000000   0.004166    0.615944    0.995334    0.985717    0.005321    3.338449    3.882906    7.226675    0.076835    0.000004    71.793480   0.832158    1.000000    102.301757  45.266593   71.793480   0.701220    0.832158    3.064814    0.021554    0.108779    0.000000    0.000050    0.000500    0.000005    0.000500    0.000500    0.000005    0.000050    0.000050    0.750868    13.172558  
[37m[36mINFO[0m[0m 08/06 21:29:53 | 0.846248    0.850856    0.000000    0.967621    0.158357    0.846248    0.850856    0.976496    0.976048    0.950318    2500        59.880240   7.272996    0.002790    0.386992    0.004286    0.000000    0.500000    18.669479   15.465342   21.000000   0.004290    0.613120    0.995805    0.986449    0.002790    3.329761    3.863042    7.195594    0.077398    0.000004    74.577075   0.832354    1.000000    105.507554  45.265930   74.577075   0.706357    0.832354    2.480924    0.020974    0.060734    0.000000    0.000050    0.000500    0.000005    0.000500    0.000500    0.000005    0.000050    0.000050    0.749810    12.905146  
[37m[36mINFO[0m[0m 08/06 21:31:18 | 0.751678    0.775061    0.000000    0.957381    0.181516    0.751678    0.775061    0.963675    0.967066    0.941401    2600        62.275449   7.322937    0.015608    0.391833    0.004303    0.000000    0.500000    18.737323   15.349832   21.000000   0.004296    0.608289    0.994224    0.983573    0.015608    3.352638    3.876320    7.244566    0.078367    0.000004    71.283235   0.828569    1.000000    101.341025  45.263972   71.283235   0.702792    0.828569    7.934587    0.024101    0.314590    0.000000    0.000050    0.000500    0.000005    0.000500    0.000500    0.000005    0.000050    0.000050    0.653823    13.093585  
[37m[36mINFO[0m[0m 08/06 21:32:45 | 0.830384    0.863081    0.000000    0.965059    0.148241    0.830384    0.863081    0.970085    0.976048    0.949045    2700        64.670659   7.348405    0.029078    0.377147    0.003585    0.000000    0.500000    19.075291   15.314112   21.000000   0.003581    0.622993    0.993614    0.983210    0.029078    3.368523    3.875370    7.272972    0.075429    0.000004    73.762448   0.830729    1.000000    104.235746  45.258394   73.762448   0.706307    0.830729    9.073153    0.026568    0.448648    0.000000    0.000050    0.000500    0.000005    0.000500    0.000500    0.000005    0.000050    0.000050    0.714298    13.454754  
[37m[36mINFO[0m[0m 08/06 21:34:13 | 0.846858    0.845966    0.000000    0.961483    0.185898    0.846858    0.845966    0.948718    0.979042    0.956688    2800        67.065868   7.317630    0.016664    0.387452    0.003599    0.000000    0.500000    18.544588   14.678663   21.000000   0.003604    0.612671    0.994395    0.984512    0.016664    3.353770    3.869702    7.240136    0.077490    0.000004    71.320156   0.833121    1.000000    101.483642  45.252756   71.320156   0.701495    0.833121    6.702072    0.023807    0.299529    0.000000    0.000050    0.000500    0.000005    0.000500    0.000500    0.000005    0.000050    0.000050    0.708908    14.036143  
[37m[36mINFO[0m[0m 08/06 21:35:41 | 0.840146    0.845966    0.000000    0.964879    0.152877    0.840146    0.845966    0.972222    0.958084    0.964331    2900        69.461078   7.268401    0.012189    0.381878    0.004070    0.000000    0.500000    18.737735   15.526659   21.000000   0.004074    0.618236    0.995433    0.986333    0.012189    3.336082    3.843750    7.192021    0.076376    0.000004    75.446381   0.835145    1.000000    105.698862  45.249385   75.446381   0.713115    0.835145    4.221296    0.022546    0.206770    0.000000    0.000050    0.000500    0.000005    0.000500    0.000500    0.000005    0.000050    0.000050    0.715080    13.907266  
[37m[36mINFO[0m[0m 08/06 21:37:05 | 0.840146    0.826406    0.000000    0.963459    0.135942    0.840146    0.826406    0.952991    0.973054    0.964331    3000        71.856287   7.287288    0.006141    0.376111    0.004397    0.000000    0.500000    19.465642   16.537285   21.000000   0.004399    0.623997    0.995536    0.986381    0.006141    3.343001    3.862919    7.212062    0.075222    0.000004    76.909094   0.836512    1.000000    107.579978  45.248551   76.909094   0.714170    0.836512    3.495155    0.021786    0.134621    0.000000    0.000050    0.000500    0.000005    0.000500    0.000500    0.000005    0.000050    0.000050    0.661864    12.552294  
[37m[36mINFO[0m[0m 08/06 21:38:34 | 0.851739    0.855746    0.000000    0.959069    0.158915    0.851739    0.855746    0.965812    0.961078    0.950318    3100        74.251497   7.278966    0.006955    0.381790    0.004455    0.000000    0.500000    19.069847   16.956448   21.000000   0.004456    0.618318    0.995261    0.985968    0.006955    3.338641    3.857008    7.202604    0.076358    0.000004    75.845621   0.835191    1.000000    106.109114  45.247306   75.845621   0.713941    0.835191    3.961210    0.022033    0.165317    0.000000    0.000050    0.000500    0.000005    0.000500    0.000500    0.000005    0.000050    0.000050    0.740005    12.252467  
[37m[36mINFO[0m[0m 08/06 21:40:02 | 0.810860    0.831296    0.000000    0.956504    0.205014    0.810860    0.831296    0.974359    0.946108    0.949045    3200        76.646707   7.262394    0.007384    0.383952    0.004894    0.000000    0.500000    19.320737   16.750232   21.000000   0.004896    0.616158    0.995331    0.985868    0.007384    3.336973    3.841243    7.185599    0.076790    0.000005    79.204243   0.833437    1.000000    109.561952  45.247719   79.204243   0.722123    0.833437    4.742557    0.022554    0.176037    0.000000    0.000050    0.000500    0.000005    0.000500    0.000500    0.000005    0.000050    0.000050    0.723150    12.975812  
[37m[36mINFO[0m[0m 08/06 21:41:27 | 0.845638    0.843521    0.000000    0.962764    0.200147    0.845638    0.843521    0.965812    0.967066    0.955414    3300        79.041916   7.267900    0.010120    0.386624    0.004954    0.000000    0.500000    19.308357   15.423815   21.000000   0.004952    0.613500    0.995010    0.985404    0.010120    3.341095    3.839355    7.190570    0.077325    0.000005    74.246039   0.833775    1.000000    104.132609  45.246108   74.246039   0.711765    0.833775    4.863029    0.023051    0.218987    0.000000    0.000050    0.000500    0.000005    0.000500    0.000500    0.000005    0.000050    0.000050    0.658451    12.912375  
[37m[36mINFO[0m[0m 08/06 21:42:52 | 0.821843    0.843521    0.000000    0.965335    0.159559    0.821843    0.843521    0.970085    0.973054    0.952866    3400        81.437126   7.278830    0.013104    0.392275    0.004719    0.000000    0.500000    18.658270   15.625264   21.000000   0.004718    0.607840    0.994883    0.985142    0.013104    3.345340    3.841927    7.200370    0.078455    0.000005    70.470299   0.834504    1.000000    100.018816  45.241425   70.470299   0.702952    0.834504    5.170588    0.023255    0.245165    0.000000    0.000050    0.000500    0.000005    0.000500    0.000500    0.000005    0.000050    0.000050    0.664467    13.042402  
[37m[36mINFO[0m[0m 08/06 21:44:19 | 0.816351    0.848411    0.000000    0.969443    0.132462    0.816351    0.848411    0.967949    0.976048    0.964331    3500        83.832335   7.259753    0.007738    0.393371    0.004949    0.000000    0.500000    18.478209   15.212365   21.000000   0.004953    0.606746    0.995156    0.985366    0.007738    3.340406    3.832930    7.181074    0.078674    0.000005    66.483005   0.834317    1.000000    95.592870   45.238491   66.483005   0.694679    0.834317    4.041921    0.022435    0.163633    0.000000    0.000050    0.000500    0.000005    0.000500    0.000500    0.000005    0.000050    0.000050    0.714059    12.958644  
[37m[36mINFO[0m[0m 08/06 21:45:46 | 0.839536    0.863081    0.000000    0.973579    0.128117    0.839536    0.863081    0.982906    0.976048    0.961783    3600        86.227545   7.245608    0.004878    0.394996    0.005023    0.000000    0.500000    18.536482   15.071971   21.000000   0.005021    0.605110    0.995552    0.985753    0.004878    3.329397    3.832328    7.166603    0.078999    0.000005    69.933691   0.835272    1.000000    99.328866   45.237625   69.933691   0.703230    0.835272    2.594716    0.021628    0.098813    0.000000    0.000050    0.000500    0.000005    0.000500    0.000500    0.000005    0.000050    0.000050    0.707311    13.175209  
[37m[36mINFO[0m[0m 08/06 21:47:14 | 0.814521    0.821516    0.000000    0.965310    0.171975    0.814521    0.821516    0.961538    0.970060    0.964331    3700        88.622754   7.233151    0.001575    0.395377    0.004889    0.000000    0.500000    18.432748   14.953196   21.000000   0.004887    0.604730    0.996020    0.986891    0.001575    3.326861    3.825635    7.154071    0.079075    0.000005    72.185786   0.835188    1.000000    101.768347  45.238107   72.185786   0.708672    0.835188    1.832723    0.021123    0.041217    0.000000    0.000050    0.000500    0.000005    0.000500    0.000500    0.000005    0.000050    0.000050    0.715225    13.818277  
[37m[36mINFO[0m[0m 08/06 21:48:42 | 0.813301    0.823961    0.000000    0.954653    0.181411    0.813301    0.823961    0.965812    0.949102    0.949045    3800        91.017964   7.294122    0.016304    0.393869    0.004613    0.000000    0.500000    18.767050   14.899604   21.000000   0.004606    0.606252    0.994347    0.983972    0.016304    3.352281    3.846758    7.215343    0.078774    0.000005    68.833663   0.833688    1.000000    98.014873   45.235565   68.833663   0.700864    0.833688    6.410715    0.025048    0.284629    0.000000    0.000050    0.000500    0.000005    0.000500    0.000500    0.000005    0.000050    0.000050    0.711959    13.657280  
[37m[36mINFO[0m[0m 08/06 21:50:10 | 0.821843    0.828851    0.000000    0.964897    0.175494    0.821843    0.828851    0.963675    0.973054    0.957962    3900        93.413174   7.303986    0.030116    0.372959    0.003766    0.000000    0.500000    19.511304   15.126352   21.000000   0.003764    0.627185    0.993363    0.983092    0.030116    3.364745    3.834529    7.229390    0.074592    0.000004    70.432227   0.835281    1.000000    99.137936   45.216304   70.432227   0.708460    0.835281    7.425468    0.027653    0.447933    0.000000    0.000050    0.000500    0.000005    0.000500    0.000500    0.000005    0.000050    0.000050    0.714225    13.652014  
[37m[36mINFO[0m[0m 08/06 21:51:36 | 0.822453    0.850856    0.000000    0.954097    0.221061    0.822453    0.850856    0.957265    0.961078    0.943949    4000        95.808383   7.287969    0.019293    0.379503    0.003699    0.000000    0.500000    19.318270   15.611250   21.000000   0.003695    0.620619    0.994010    0.983752    0.019293    3.353139    3.839633    7.212064    0.075901    0.000004    70.008644   0.837037    1.000000    99.555544   45.211313   70.008644   0.701924    0.837037    7.379880    0.025021    0.305828    0.000000    0.000050    0.000500    0.000005    0.000500    0.000500    0.000005    0.000050    0.000050    0.705913    12.553511  
[37m[36mINFO[0m[0m 08/06 21:53:00 | 0.778523    0.789731    0.000000    0.954958    0.228571    0.778523    0.789731    0.959402    0.964072    0.941401    4100        98.203593   7.292032    0.023090    0.368419    0.003401    0.000000    0.500000    20.680443   15.284009   21.000000   0.003399    0.631718    0.993396    0.983378    0.023090    3.367860    3.827395    7.218345    0.073684    0.000003    71.952052   0.840396    1.000000    101.822818  45.202399   71.952052   0.704399    0.840396    9.581975    0.025735    0.416264    0.000000    0.000050    0.000500    0.000005    0.000500    0.000500    0.000005    0.000050    0.000050    0.655666    12.665983  
[37m[36mINFO[0m[0m 08/06 21:54:25 | 0.811470    0.809291    0.000000    0.969593    0.148281    0.811470    0.809291    0.972222    0.976048    0.960510    4200        100.598802  7.250768    0.009943    0.358117    0.002979    0.000000    0.500000    21.218216   16.166336   21.000000   0.002971    0.642007    0.995299    0.987227    0.009943    3.343920    3.825278    7.179142    0.071623    0.000003    83.870309   0.843773    1.000000    115.660079  45.202693   83.870309   0.723291    0.843773    5.056389    0.023061    0.232766    0.000000    0.000050    0.000500    0.000005    0.000500    0.000500    0.000005    0.000050    0.000050    0.672268    12.684360  
[37m[36mINFO[0m[0m 08/06 21:55:50 | 0.796827    0.772616    0.000000    0.961220    0.218014    0.796827    0.772616    0.978632    0.961078    0.943949    4300        102.994012  7.236420    0.009441    0.357061    0.002339    0.000000    0.500000    20.977617   17.990488   21.000000   0.002336    0.643055    0.995488    0.987323    0.009441    3.337024    3.818540    7.165006    0.071412    0.000002    81.657741   0.844503    1.000000    113.453099  45.199338   81.657741   0.718778    0.844503    4.561037    0.022680    0.196912    0.000000    0.000050    0.000500    0.000005    0.000500    0.000500    0.000005    0.000050    0.000050    0.663735    13.051948  
[37m[36mINFO[0m[0m 08/06 21:57:17 | 0.845027    0.821516    0.000000    0.968333    0.169743    0.845027    0.821516    0.978632    0.976048    0.950318    4400        105.389222  7.235117    0.005520    0.361016    0.002112    0.000000    0.500000    20.534202   18.830331   21.000000   0.002108    0.639093    0.995633    0.987227    0.005520    3.340556    3.816835    7.162911    0.072203    0.000002    80.527470   0.844470    1.000000    112.290682  45.198791   80.527470   0.715939    0.844470    3.778301    0.022217    0.138230    0.000000    0.000050    0.000500    0.000005    0.000500    0.000500    0.000005    0.000050    0.000050    0.709854    13.066045  
[37m[36mINFO[0m[0m 08/06 21:58:44 | 0.801098    0.811736    0.000000    0.968607    0.180591    0.801098    0.811736    0.974359    0.976048    0.955414    4500        107.784431  7.235027    0.005133    0.365210    0.002089    0.000000    0.500000    20.303301   18.621318   21.000000   0.002092    0.634895    0.996057    0.987803    0.005133    3.336510    3.820340    7.161983    0.073042    0.000002    75.968242   0.843868    1.000000    107.032722  45.194138   75.968242   0.709078    0.843868    2.448693    0.021825    0.107088    0.000000    0.000050    0.000500    0.000005    0.000500    0.000500    0.000005    0.000050    0.000050    0.708810    12.811896  
[37m[36mINFO[0m[0m 08/06 22:00:11 | 0.830995    0.831296    0.000000    0.961643    0.227319    0.830995    0.831296    0.974359    0.964072    0.946497    4600        110.179641  7.228660    0.004313    0.375881    0.002208    0.000000    0.500000    20.026666   17.694679   21.000000   0.002207    0.624225    0.995766    0.987092    0.004313    3.333383    3.815785    7.153481    0.075176    0.000002    73.047760   0.843212    1.000000    103.750776  45.191433   73.047760   0.702970    0.843212    3.149953    0.021585    0.108787    0.000000    0.000050    0.000500    0.000005    0.000500    0.000500    0.000005    0.000050    0.000050    0.709687    13.144546  
[37m[36mINFO[0m[0m 08/06 22:01:38 | 0.811470    0.809291    0.000000    0.961778    0.176590    0.811470    0.809291    0.967949    0.967066    0.950318    4700        112.574850  7.223101    0.009513    0.368088    0.002106    0.000000    0.500000    20.359135   17.037067   21.000000   0.002103    0.632025    0.994887    0.985523    0.009513    3.340499    3.799469    7.149481    0.073618    0.000002    75.872229   0.842345    1.000000    106.807876  45.191928   75.872229   0.709312    0.842345    5.094034    0.022739    0.184115    0.000000    0.000050    0.000500    0.000005    0.000500    0.000500    0.000005    0.000050    0.000050    0.715586    13.225928  
[37m[36mINFO[0m[0m 08/06 22:03:06 | 0.832825    0.843521    0.000000    0.969877    0.145119    0.832825    0.843521    0.965812    0.982036    0.961783    4800        114.970060  7.246853    0.013620    0.366231    0.001560    0.000000    0.500000    20.802793   16.479763   21.000000   0.001553    0.633907    0.994626    0.985106    0.013620    3.350031    3.809954    7.173605    0.073246    0.000002    77.789895   0.841774    1.000000    108.692857  45.181948   77.789895   0.713416    0.841774    6.317161    0.024053    0.223834    0.000000    0.000050    0.000500    0.000005    0.000500    0.000500    0.000005    0.000050    0.000050    0.715331    13.686620  
[37m[36mINFO[0m[0m 08/06 22:04:32 | 0.814521    0.801956    0.000000    0.955923    0.246028    0.814521    0.801956    0.957265    0.955090    0.955414    4900        117.365269  7.219428    0.005100    0.365597    0.000808    0.000000    0.500000    21.030428   15.718906   21.000000   0.000801    0.634528    0.995553    0.986660    0.005100    3.335177    3.806031    7.146307    0.073119    0.000001    83.767369   0.845384    1.000000    115.424838  45.183244   83.767369   0.724816    0.845384    2.880712    0.021713    0.106037    0.000000    0.000050    0.000500    0.000005    0.000500    0.000500    0.000005    0.000050    0.000050    0.667352    13.653757  
[37m[36mINFO[0m[0m 08/06 22:05:58 | 0.871263    0.867971    0.000000    0.970742    0.160003    0.871263    0.867971    0.976496    0.979042    0.956688    5000        119.760479  7.215282    0.005986    0.359585    0.000586    0.000000    0.500000    21.039603   15.837180   21.000000   0.000587    0.640529    0.995711    0.987165    0.005986    3.332765    3.804613    7.143365    0.071917    0.000001    82.974717   0.846460    1.000000    115.144820  45.183279   82.974717   0.719892    0.846460    2.703621    0.021549    0.099441    0.000000    0.000050    0.000500    0.000005    0.000500    0.000500    0.000005    0.000050    0.000050    0.665196    13.755798  
[37m[36mINFO[0m[0m 08/06 22:05:58 | ---
[37m[33mWARNING[0m[0m 08/06 22:05:58 | Evaluate SWAD ...
[37m[36mINFO[0m[0m 08/06 22:06:12 | 0.895058    0.892421    0.000000    0.982252    0.082488    0.895058    0.892421    0.980769    0.994012    0.971975    [201-5000]  (N=50)
[37m[36mINFO[0m[0m 08/06 22:06:12 | oracle = 87.553%
[37m[36mINFO[0m[0m 08/06 22:06:12 | iid = 87.980%
[37m[36mINFO[0m[0m 08/06 22:06:12 | last = 87.126%
[37m[36mINFO[0m[0m 08/06 22:06:12 | last (inD) = 97.074%
[37m[36mINFO[0m[0m 08/06 22:06:12 | iid (inD) = 97.458%
[37m[36mINFO[0m[0m 08/06 22:06:12 | SWAD = 89.506%
[37m[36mINFO[0m[0m 08/06 22:06:12 | SWAD (inD) = 98.225%
[37m[36mINFO[0m[0m 08/06 22:06:12 | 
[37m[36mINFO[0m[0m 08/06 22:06:16 | Testenv name escaping te_cartoon -> te_cartoon
[37m[36mINFO[0m[0m 08/06 22:06:16 | Test envs = [1], name = te_cartoon
[37m[36mINFO[0m[0m 08/06 22:06:16 | Batch sizes for each domain: [32, 0, 32, 32] (total=96)
[37m[36mINFO[0m[0m 08/06 22:06:16 | steps-per-epoch for each domain: 51.22, 41.75, 98.25 -> min = 41.75
[37m[36mINFO[0m[0m 08/06 22:06:19 | # of params = 49169351
[37m[36mINFO[0m[0m 08/06 22:06:34 | test_in     test_out    train_in    train_out   tr_outloss  env0_out    env1_in     env1_out    env2_out    env3_out    step        epoch       loss        loss_cls    loss_isr    loss_orth   loss_gt     piccl_alph  paired_res  domain_res  valid_doma  basis_orth  response_c  raw_interv  mediator_i  ce_loss     sup_cl_los  pre_cl_los  dccl_total  weighted_l  weighted_l  residual_d  fused_orig  piccl_exec  original_f  piccl_feat  feature_de  feature_de  original_f  backbone_g  piccl_grad  classifier  has_nan_or  param_grou  param_grou  param_grou  param_grou  param_grou  param_grou  param_grou  param_grou  step_time   eval_time  
[37m[36mINFO[0m[0m 08/06 22:06:34 | 0.262260    0.271368    0.000000    0.268480    1.819409    0.161369    0.262260    0.271368    0.458084    0.185987    0           0.000000    13.891099   2.177200    0.000000    0.134642    0.000000    0.000000    0.000000    0.000000    19.000000   0.123304    0.000000    0.902926    0.811417    2.177200    6.387595    5.326169    13.890965   0.000000    0.000135    32.356125   0.725596    1.000000    25.580971   45.253410   32.356125   1.264851    0.725596    24.347061   0.218982    7.524653    0.000000    0.000050    0.000500    0.000005    0.000500    0.000500    0.000005    0.000050    0.000050    0.764838    14.167901  
[37m[36mINFO[0m[0m 08/06 22:07:57 | 0.714286    0.724359    0.000000    0.955380    0.136003    0.958435    0.714286    0.724359    0.979042    0.928662    100         2.395210    8.985827    0.291807    0.972146    0.057726    0.000000    0.000000    14.080660   4.096025    21.000000   0.056826    0.028429    0.973807    0.955792    0.291807    3.852031    4.647503    8.791341    0.194429    0.000058    37.233908   0.785314    1.000000    56.897324   45.270297   37.233908   0.663549    0.785314    16.841249   0.058730    2.204127    0.000000    0.000050    0.000500    0.000005    0.000500    0.000500    0.000005    0.000050    0.000050    0.662984    13.218318  
[37m[36mINFO[0m[0m 08/06 22:09:25 | 0.779318    0.824786    0.000000    0.953369    0.151321    0.941320    0.779318    0.824786    0.985030    0.933758    200         4.790419    8.188488    0.104841    0.896313    0.033991    0.000000    0.000000    14.914300   7.509012    21.000000   0.034150    0.104570    0.983495    0.974156    0.104841    3.538705    4.365646    8.009192    0.179263    0.000034    42.757695   0.808966    1.000000    66.960399   45.277062   42.757695   0.638305    0.808966    14.924203   0.043918    1.334500    0.000000    0.000050    0.000500    0.000005    0.000500    0.000500    0.000005    0.000050    0.000050    0.671393    14.539178  
[37m[36mINFO[0m[0m 08/06 22:10:52 | 0.778785    0.809829    0.000000    0.970620    0.124165    0.963325    0.778785    0.809829    0.988024    0.960510    300         7.185629    7.928816    0.062245    0.805312    0.083395    0.000000    0.000000    15.656749   9.155360    21.000000   0.084149    0.195545    0.985405    0.977374    0.062245    3.462487    4.242939    7.767670    0.161062    0.000083    47.900974   0.813647    1.000000    73.271833   45.278971   47.900974   0.652987    0.813647    13.745320   0.039116    0.943225    0.000000    0.000050    0.000500    0.000005    0.000500    0.000500    0.000005    0.000050    0.000050    0.673667    14.087302  
[37m[36mINFO[0m[0m 08/06 22:12:24 | 0.810235    0.820513    0.000000    0.961967    0.121855    0.953545    0.810235    0.820513    0.982036    0.950318    400         9.580838    7.824008    0.055854    0.729284    0.157117    0.000000    0.000000    15.534736   10.065343   21.000000   0.157640    0.271387    0.986380    0.979009    0.055854    3.440993    4.181147    7.677994    0.145857    0.000157    46.779194   0.815377    1.000000    71.461698   45.280030   46.779194   0.654252    0.815377    13.218913   0.036724    0.832612    0.000000    0.000050    0.000500    0.000005    0.000500    0.000500    0.000005    0.000050    0.000050    0.745023    14.177742  
[37m[36mINFO[0m[0m 08/06 22:13:56 | 0.805437    0.854701    0.000000    0.950766    0.174376    0.943765    0.805437    0.854701    0.976048    0.932484    500         11.976048   7.752124    0.059242    0.672014    0.178079    0.000000    0.000000    15.763361   10.626689   21.000000   0.178070    0.328580    0.987661    0.981171    0.059242    3.434118    4.124183    7.617543    0.134403    0.000178    48.818260   0.818193    1.000000    74.118421   45.280205   48.818260   0.658281    0.818193    13.471645   0.036065    0.845881    0.000000    0.000050    0.000500    0.000005    0.000500    0.000500    0.000005    0.000050    0.000050    0.758941    12.979155  
[37m[36mINFO[0m[0m 08/06 22:15:32 | 0.852345    0.895299    0.000000    0.965685    0.111835    0.960880    0.852345    0.895299    0.982036    0.954140    600         14.371257   7.643308    0.033669    0.621185    0.168810    0.000000    0.025250    15.771124   10.997661   21.000000   0.168623    0.379299    0.988478    0.982224    0.033669    3.406876    4.078357    7.518902    0.124237    0.000169    48.658637   0.820713    1.000000    74.030996   45.279163   48.658637   0.656868    0.820713    10.529837   0.031136    0.573212    0.000000    0.000050    0.000500    0.000005    0.000500    0.000500    0.000005    0.000050    0.000050    0.804863    13.291031  
[37m[36mINFO[0m[0m 08/06 22:17:02 | 0.851279    0.878205    0.000000    0.958204    0.165552    0.958435    0.851279    0.878205    0.976048    0.940127    700         16.766467   7.566182    0.026842    0.582374    0.143271    0.000000    0.075250    16.047513   11.571241   21.000000   0.142975    0.417981    0.990496    0.984813    0.026842    3.378342    4.044380    7.449564    0.116475    0.000143    52.929531   0.823867    1.000000    79.914814   45.280116   52.929531   0.661806    0.823867    8.494380    0.028617    0.494223    0.000000    0.000050    0.000500    0.000005    0.000500    0.000500    0.000005    0.000050    0.000050    0.698322    12.918195  
[37m[36mINFO[0m[0m 08/06 22:18:38 | 0.829957    0.848291    0.000000    0.956928    0.179690    0.938875    0.829957    0.848291    0.979042    0.952866    800         19.161677   7.535734    0.020630    0.552800    0.110680    0.000000    0.125250    16.465320   11.486042   21.000000   0.110333    0.447481    0.990077    0.983274    0.020630    3.378047    4.026386    7.425063    0.110560    0.000111    52.652855   0.823567    1.000000    79.288934   45.281064   52.652855   0.663556    0.823567    8.414627    0.026337    0.371828    0.000000    0.000050    0.000500    0.000005    0.000500    0.000500    0.000005    0.000050    0.000050    0.805505    13.672350  
[37m[36mINFO[0m[0m 08/06 22:20:09 | 0.757463    0.790598    0.000000    0.963286    0.160771    0.960880    0.757463    0.790598    0.985030    0.943949    900         21.556886   7.531314    0.033417    0.521355    0.077190    0.000000    0.175250    16.936261   11.512053   21.000000   0.076880    0.478877    0.990354    0.982809    0.033417    3.384945    4.008604    7.426966    0.104271    0.000077    55.131098   0.823781    1.000000    81.937606   45.281211   55.131098   0.672600    0.823781    10.735950   0.028440    0.567820    0.000000    0.000050    0.000500    0.000005    0.000500    0.000500    0.000005    0.000050    0.000050    0.698726    13.412999  
[37m[36mINFO[0m[0m 08/06 22:21:45 | 0.811834    0.822650    0.000000    0.964204    0.129790    0.955990    0.811834    0.822650    0.985030    0.951592    1000        23.952096   7.506379    0.032812    0.507053    0.050583    0.000000    0.225250    16.862873   11.534331   21.000000   0.050357    0.493156    0.990708    0.982686    0.032812    3.387926    3.984180    7.404918    0.101411    0.000051    55.354596   0.824919    1.000000    82.495631   45.278265   55.354596   0.669850    0.824919    10.249595   0.027712    0.543925    0.000000    0.000050    0.000500    0.000005    0.000500    0.000500    0.000005    0.000050    0.000050    0.803062    12.907162  
[37m[36mINFO[0m[0m 08/06 22:23:20 | 0.778252    0.807692    0.000000    0.959121    0.168531    0.953545    0.778252    0.807692    0.976048    0.947771    1100        26.347305   7.435779    0.014820    0.482466    0.031131    0.000000    0.275250    17.855592   12.275942   21.000000   0.030976    0.517718    0.992037    0.983818    0.014820    3.364038    3.960397    7.339255    0.096493    0.000031    63.192805   0.824172    1.000000    92.018829   45.278228   63.192805   0.685895    0.824172    6.893561    0.024434    0.315131    0.000000    0.000050    0.000500    0.000005    0.000500    0.000500    0.000005    0.000050    0.000050    0.795707    12.796182  
[37m[36mINFO[0m[0m 08/06 22:24:49 | 0.795309    0.837607    0.000000    0.962999    0.152166    0.951100    0.795309    0.837607    0.985030    0.952866    1200        28.742515   7.399512    0.011163    0.492077    0.019930    0.000000    0.325250    16.832998   12.302970   21.000000   0.019855    0.508096    0.992683    0.983801    0.011163    3.351704    3.938209    7.301077    0.098415    0.000020    58.386770   0.823863    1.000000    86.464471   45.278898   58.386770   0.674515    0.823863    6.285813    0.023470    0.262068    0.000000    0.000050    0.000500    0.000005    0.000500    0.000500    0.000005    0.000050    0.000050    0.691697    13.433982  
[37m[36mINFO[0m[0m 08/06 22:26:26 | 0.776652    0.811966    0.000000    0.952074    0.216633    0.941320    0.776652    0.811966    0.976048    0.938854    1300        31.137725   7.399419    0.016462    0.479135    0.014645    0.000000    0.375250    16.970499   12.066766   21.000000   0.014613    0.521028    0.992794    0.982861    0.016462    3.358431    3.928685    7.303577    0.095827    0.000015    58.842628   0.821902    1.000000    86.747281   45.278561   58.842628   0.678050    0.821902    7.509641    0.024275    0.309801    0.000000    0.000050    0.000500    0.000005    0.000500    0.000500    0.000005    0.000050    0.000050    0.805472    13.200934  
[37m[36mINFO[0m[0m 08/06 22:27:58 | 0.747868    0.786325    0.000000    0.956766    0.155970    0.941320    0.747868    0.786325    0.985030    0.943949    1400        33.532934   7.418897    0.025963    0.463720    0.012221    0.000000    0.425250    17.432852   12.773284   21.000000   0.012203    0.536438    0.992171    0.980398    0.025963    3.373284    3.926894    7.326140    0.092744    0.000012    62.373867   0.816079    1.000000    90.302713   45.278693   62.373867   0.689806    0.816079    8.991603    0.026037    0.418898    0.000000    0.000050    0.000500    0.000005    0.000500    0.000500    0.000005    0.000050    0.000050    0.765268    12.782380  
[37m[36mINFO[0m[0m 08/06 22:29:30 | 0.779318    0.824786    0.000000    0.957261    0.180437    0.955990    0.779318    0.824786    0.982036    0.933758    1500        35.928144   7.382937    0.016003    0.438814    0.011245    0.000000    0.475250    18.635231   12.835356   21.000000   0.011240    0.561334    0.992813    0.979779    0.016003    3.360100    3.919059    7.295163    0.087763    0.000011    66.037361   0.816414    1.000000    94.141408   45.276709   66.037361   0.700438    0.816414    7.497320    0.024092    0.313742    0.000000    0.000050    0.000500    0.000005    0.000500    0.000500    0.000005    0.000050    0.000050    0.765544    12.632916  
[37m[36mINFO[0m[0m 08/06 22:31:02 | 0.792111    0.822650    0.000000    0.956263    0.172969    0.955990    0.792111    0.822650    0.979042    0.933758    1600        38.323353   7.360274    0.022127    0.432377    0.010797    0.000000    0.500000    18.434738   13.070141   21.000000   0.010792    0.567768    0.993532    0.980868    0.022127    3.355727    3.895933    7.273788    0.086475    0.000011    68.375296   0.815402    1.000000    96.989595   45.275849   68.375296   0.704268    0.815402    7.374352    0.025431    0.427170    0.000000    0.000050    0.000500    0.000005    0.000500    0.000500    0.000005    0.000050    0.000050    0.765255    13.446282  
[37m[36mINFO[0m[0m 08/06 22:32:36 | 0.799574    0.814103    0.000000    0.962667    0.138347    0.953545    0.799574    0.814103    0.979042    0.955414    1700        40.718563   7.338750    0.018544    0.432408    0.010735    0.000000    0.500000    18.192608   13.595153   21.000000   0.010745    0.567733    0.993360    0.980669    0.018544    3.354423    3.879291    7.252258    0.086482    0.000011    67.085549   0.816971    1.000000    95.854056   45.274439   67.085549   0.699109    0.816971    7.498494    0.024289    0.342926    0.000000    0.000050    0.000500    0.000005    0.000500    0.000500    0.000005    0.000050    0.000050    0.767667    13.969016  
[37m[36mINFO[0m[0m 08/06 22:34:10 | 0.785714    0.822650    0.000000    0.964114    0.157144    0.960880    0.785714    0.822650    0.976048    0.955414    1800        43.113772   7.314734    0.011089    0.434066    0.012320    0.000000    0.500000    17.904326   13.271736   21.000000   0.012339    0.566069    0.994258    0.982642    0.011089    3.343595    3.873225    7.227909    0.086813    0.000012    66.652142   0.819044    1.000000    95.601478   45.273453   66.652142   0.696729    0.819044    5.431932    0.023161    0.248389    0.000000    0.000050    0.000500    0.000005    0.000500    0.000500    0.000005    0.000050    0.000050    0.771550    13.852229  
[37m[36mINFO[0m[0m 08/06 22:35:48 | 0.706823    0.743590    0.000000    0.939444    0.291972    0.885086    0.706823    0.743590    0.988024    0.945223    1900        45.508982   7.296124    0.009717    0.429609    0.015313    0.000000    0.500000    18.177438   12.582223   21.000000   0.015349    0.570525    0.994173    0.982124    0.009717    3.340667    3.859803    7.210186    0.085922    0.000015    67.544948   0.818051    1.000000    96.490751   45.273101   67.544948   0.699414    0.818051    5.669652    0.022953    0.198862    0.000000    0.000050    0.000500    0.000005    0.000500    0.000500    0.000005    0.000050    0.000050    0.816536    13.560902  
[37m[36mINFO[0m[0m 08/06 22:37:19 | 0.793710    0.816239    0.000000    0.951249    0.204331    0.948655    0.793710    0.816239    0.970060    0.935032    2000        47.904192   7.344713    0.024153    0.417521    0.018466    0.000000    0.500000    18.560009   12.528444   21.000000   0.018500    0.582621    0.993422    0.981280    0.024153    3.363602    3.873436    7.261191    0.083504    0.000018    66.385212   0.817933    1.000000    94.806206   45.270032   66.385212   0.698609    0.817933    8.131794    0.025760    0.407830    0.000000    0.000050    0.000500    0.000005    0.000500    0.000500    0.000005    0.000050    0.000050    0.719642    12.388090  
[37m[36mINFO[0m[0m 08/06 22:38:50 | 0.772921    0.799145    0.000000    0.965053    0.157388    0.955990    0.772921    0.799145    0.985030    0.954140    2100        50.299401   7.332710    0.021231    0.409748    0.021793    0.000000    0.500000    18.908335   13.466363   21.000000   0.021820    0.590389    0.993061    0.980755    0.021231    3.364059    3.865448    7.250738    0.081950    0.000022    68.806260   0.819730    1.000000    97.662320   45.267867   68.806260   0.703515    0.819730    8.461700    0.025251    0.361051    0.000000    0.000050    0.000500    0.000005    0.000500    0.000500    0.000005    0.000050    0.000050    0.751345    13.114421  
[37m[36mINFO[0m[0m 08/06 22:40:22 | 0.764392    0.811966    0.000000    0.944673    0.275140    0.931540    0.764392    0.811966    0.961078    0.941401    2200        52.694611   7.333907    0.019713    0.408738    0.024670    0.000000    0.500000    18.656131   13.838900   21.000000   0.024709    0.591397    0.993509    0.981867    0.019713    3.362256    3.870165    7.252134    0.081748    0.000025    68.137475   0.821867    1.000000    97.189518   45.265431   68.137475   0.700050    0.821867    9.215029    0.025715    0.407363    0.000000    0.000050    0.000500    0.000005    0.000500    0.000500    0.000005    0.000050    0.000050    0.762202    13.116316  
[37m[36mINFO[0m[0m 08/06 22:41:51 | 0.800107    0.824786    0.000000    0.953772    0.196462    0.941320    0.800107    0.824786    0.976048    0.943949    2300        55.089820   7.326355    0.028856    0.391756    0.028937    0.000000    0.500000    19.838085   13.767836   21.000000   0.028964    0.608393    0.993115    0.981656    0.028856    3.366571    3.852548    7.247975    0.078351    0.000029    72.075329   0.823560    1.000000    101.088422  45.260793   72.075329   0.711473    0.823560    9.605038    0.026506    0.452949    0.000000    0.000050    0.000500    0.000005    0.000500    0.000500    0.000005    0.000050    0.000050    0.696287    12.541699  
[37m[36mINFO[0m[0m 08/06 22:43:20 | 0.795842    0.811966    0.000000    0.958982    0.186249    0.943765    0.795842    0.811966    0.979042    0.954140    2400        57.485030   7.315029    0.021326    0.399960    0.030232    0.000000    0.500000    19.310529   14.230540   21.000000   0.030240    0.600178    0.994038    0.983417    0.021326    3.356913    3.856768    7.235006    0.079992    0.000030    70.727279   0.827618    1.000000    100.277498  45.254911   70.727279   0.703819    0.827618    7.871838    0.025644    0.358927    0.000000    0.000050    0.000500    0.000005    0.000500    0.000500    0.000005    0.000050    0.000050    0.693973    13.255407  
[37m[36mINFO[0m[0m 08/06 22:44:55 | 0.804371    0.805556    0.000000    0.961186    0.179622    0.948655    0.804371    0.805556    0.982036    0.952866    2500        59.880240   7.271057    0.011740    0.390663    0.030771    0.000000    0.500000    19.801102   14.071931   21.000000   0.030778    0.609467    0.994488    0.984221    0.011740    3.346022    3.835131    7.192893    0.078133    0.000031    74.511092   0.828378    1.000000    105.089923  45.252620   74.511092   0.708478    0.828378    6.252313    0.023431    0.227407    0.000000    0.000050    0.000500    0.000005    0.000500    0.000500    0.000005    0.000050    0.000050    0.769689    14.467817  
[37m[36mINFO[0m[0m 08/06 22:46:28 | 0.750533    0.758547    0.000000    0.954073    0.216155    0.948655    0.750533    0.758547    0.967066    0.946497    2600        62.275449   7.268977    0.012421    0.389136    0.030946    0.000000    0.500000    20.188776   14.165118   21.000000   0.030947    0.610992    0.994720    0.984565    0.012421    3.345856    3.832841    7.191119    0.077827    0.000031    76.602736   0.828237    1.000000    107.450208  45.250616   76.602736   0.711696    0.828237    6.013334    0.023527    0.214003    0.000000    0.000050    0.000500    0.000005    0.000500    0.000500    0.000005    0.000050    0.000050    0.771431    13.901661  
[37m[36mINFO[0m[0m 08/06 22:47:39 | 0.803305    0.818376    0.000000    0.967557    0.144970    0.968215    0.803305    0.818376    0.979042    0.955414    2700        64.670659   7.244673    0.010219    0.386026    0.031198    0.000000    0.500000    20.247639   14.741179   21.000000   0.031192    0.614106    0.994591    0.984295    0.010219    3.340081    3.817136    7.167436    0.077205    0.000031    79.649179   0.828823    1.000000    110.684813  45.247716   79.649179   0.719036    0.828823    5.291213    0.023308    0.212603    0.000000    0.000050    0.000500    0.000005    0.000500    0.000500    0.000005    0.000050    0.000050    0.534999    13.988693  
[37m[36mINFO[0m[0m 08/06 22:49:10 | 0.813433    0.846154    0.000000    0.953934    0.235136    0.938875    0.813433    0.846154    0.970060    0.952866    2800        67.065868   7.284960    0.020445    0.391937    0.029438    0.000000    0.500000    19.779103   14.559321   21.000000   0.029416    0.608197    0.993843    0.983288    0.020445    3.358208    3.827890    7.206543    0.078387    0.000029    73.399987   0.828000    1.000000    103.541843  45.243088   73.399987   0.707149    0.828000    9.207137    0.025860    0.360597    0.000000    0.000050    0.000500    0.000005    0.000500    0.000500    0.000005    0.000050    0.000050    0.741383    14.386943  
[37m[36mINFO[0m[0m 08/06 22:50:40 | 0.772921    0.801282    0.000000    0.956986    0.235010    0.943765    0.772921    0.801282    0.973054    0.954140    2900        69.461078   7.258316    0.013125    0.386620    0.027070    0.000000    0.500000    20.490188   14.189312   21.000000   0.027042    0.613514    0.994242    0.984238    0.013125    3.349874    3.817966    7.180965    0.077324    0.000027    77.524499   0.830363    1.000000    108.409297  45.242201   77.524499   0.714263    0.830363    6.267229    0.023943    0.258911    0.000000    0.000050    0.000500    0.000005    0.000500    0.000500    0.000005    0.000050    0.000050    0.726100    14.453283  
[37m[36mINFO[0m[0m 08/06 22:52:01 | 0.782516    0.801282    0.000000    0.957445    0.222495    0.941320    0.782516    0.801282    0.973054    0.957962    3000        71.856287   7.247960    0.016390    0.395343    0.023584    0.000000    0.500000    19.539481   14.943290   21.000000   0.023536    0.604784    0.994250    0.984206    0.016390    3.345360    3.807119    7.168868    0.079069    0.000024    73.585927   0.830181    1.000000    103.828220  45.236555   73.585927   0.707580    0.830181    7.492795    0.024844    0.298973    0.000000    0.000050    0.000500    0.000005    0.000500    0.000500    0.000005    0.000050    0.000050    0.641548    11.819862  
[37m[36mINFO[0m[0m 08/06 22:53:21 | 0.796908    0.820513    0.000000    0.963975    0.187422    0.951100    0.796908    0.820513    0.979042    0.961783    3100        74.251497   7.235164    0.009699    0.383895    0.019134    0.000000    0.500000    20.392952   14.995596   21.000000   0.019108    0.616226    0.995270    0.985632    0.009699    3.336924    3.811742    7.158366    0.076779    0.000019    77.482819   0.831709    1.000000    108.445489  45.235144   77.482819   0.713897    0.831709    5.418537    0.023283    0.192362    0.000000    0.000050    0.000500    0.000005    0.000500    0.000500    0.000005    0.000050    0.000050    0.643621    13.118861  
[37m[36mINFO[0m[0m 08/06 22:54:50 | 0.823028    0.846154    0.000000    0.950731    0.190449    0.946210    0.823028    0.846154    0.976048    0.929936    3200        76.646707   7.245773    0.018745    0.384939    0.017549    0.000000    0.500000    20.102589   15.371991   21.000000   0.017532    0.615186    0.994612    0.985057    0.018745    3.351087    3.798936    7.168768    0.076988    0.000018    77.958615   0.832691    1.000000    109.110922  45.231444   77.958615   0.713509    0.832691    7.495725    0.024962    0.325235    0.000000    0.000050    0.000500    0.000005    0.000500    0.000500    0.000005    0.000050    0.000050    0.694490    13.365055  
[37m[36mINFO[0m[0m 08/06 22:56:20 | 0.805970    0.835470    0.000000    0.961921    0.183886    0.946210    0.805970    0.835470    0.979042    0.960510    3300        79.041916   7.220367    0.008009    0.396727    0.015125    0.000000    0.500000    19.381944   14.213334   21.000000   0.015099    0.603394    0.995221    0.986067    0.008009    3.336818    3.796179    7.141006    0.079345    0.000015    72.185182   0.833227    1.000000    103.098135  45.227782   72.185182   0.699706    0.833227    4.256083    0.023357    0.199354    0.000000    0.000050    0.000500    0.000005    0.000500    0.000500    0.000005    0.000050    0.000050    0.738846    13.398512  
[37m[36mINFO[0m[0m 08/06 22:57:49 | 0.770256    0.805556    0.000000    0.960566    0.172813    0.941320    0.770256    0.805556    0.976048    0.964331    3400        81.437126   7.235561    0.016117    0.413286    0.013094    0.000000    0.500000    18.756528   13.630446   21.000000   0.013081    0.586834    0.994847    0.985260    0.016117    3.343525    3.793248    7.152891    0.082657    0.000013    68.411149   0.832169    1.000000    98.297092   45.224600   68.411149   0.695181    0.832169    6.894033    0.025407    0.300311    0.000000    0.000050    0.000500    0.000005    0.000500    0.000500    0.000005    0.000050    0.000050    0.709426    13.731922  
[37m[36mINFO[0m[0m 08/06 22:59:23 | 0.825693    0.837607    0.000000    0.956276    0.222719    0.953545    0.825693    0.837607    0.970060    0.945223    3500        83.832335   7.263889    0.023829    0.377744    0.011785    0.000000    0.500000    21.137378   13.295533   21.000000   0.011766    0.622401    0.993732    0.983749    0.023829    3.359806    3.804693    7.188328    0.075549    0.000012    78.446745   0.833354    1.000000    108.973256  45.215237   78.446745   0.717888    0.833354    9.549916    0.026751    0.403749    0.000000    0.000050    0.000500    0.000005    0.000500    0.000500    0.000005    0.000050    0.000050    0.766319    13.827313  
[37m[36mINFO[0m[0m 08/06 23:00:53 | 0.731876    0.737179    0.000000    0.944624    0.270472    0.916870    0.731876    0.737179    0.973054    0.943949    3600        86.227545   7.291223    0.032642    0.364549    0.009227    0.000000    0.500000    22.690609   14.875645   21.000000   0.009203    0.635598    0.992827    0.982224    0.032642    3.375777    3.809886    7.218304    0.072910    0.000009    82.883307   0.836195    1.000000    113.376216  45.205002   82.883307   0.730139    0.836195    11.663858   0.028312    0.519779    0.000000    0.000050    0.000500    0.000005    0.000500    0.000500    0.000005    0.000050    0.000050    0.713266    13.620999  
[37m[36mINFO[0m[0m 08/06 23:02:21 | 0.779851    0.788462    0.000000    0.949905    0.255301    0.933985    0.779851    0.788462    0.973054    0.942675    3700        88.622754   7.216486    0.009741    0.362459    0.007062    0.000000    0.500000    22.197444   15.606871   21.000000   0.007044    0.637666    0.995004    0.985979    0.009741    3.341798    3.792448    7.143987    0.072492    0.000007    85.768039   0.839041    1.000000    117.486657  45.198092   85.768039   0.728922    0.839041    5.542762    0.023366    0.202428    0.000000    0.000050    0.000500    0.000005    0.000500    0.000500    0.000005    0.000050    0.000050    0.689451    13.807091  
[37m[36mINFO[0m[0m 08/06 23:03:51 | 0.802239    0.809829    0.000000    0.966547    0.171677    0.958435    0.802239    0.809829    0.973054    0.968153    3800        91.017964   7.198347    0.007503    0.349338    0.005583    0.000000    0.500000    23.084640   15.671275   21.000000   0.005569    0.650783    0.995398    0.986881    0.007503    3.336447    3.784524    7.128474    0.069868    0.000006    92.447548   0.840631    1.000000    125.178435  45.198621   92.447548   0.737948    0.840631    3.984154    0.022606    0.137269    0.000000    0.000050    0.000500    0.000005    0.000500    0.000500    0.000005    0.000050    0.000050    0.710374    14.143139  
[37m[36mINFO[0m[0m 08/06 23:05:25 | 0.838486    0.841880    0.000000    0.955129    0.261739    0.953545    0.838486    0.841880    0.964072    0.947771    3900        93.413174   7.190828    0.002801    0.368034    0.004635    0.000000    0.500000    21.757626   15.459119   21.000000   0.004630    0.632075    0.995987    0.987557    0.002801    3.324653    3.789762    7.117217    0.073607    0.000005    84.153532   0.840210    1.000000    116.269160  45.197863   84.153532   0.723116    0.840210    3.500888    0.021811    0.078609    0.000000    0.000050    0.000500    0.000005    0.000500    0.000500    0.000005    0.000050    0.000050    0.765229    14.231184  
[37m[36mINFO[0m[0m 08/06 23:06:52 | 0.789979    0.799145    0.000000    0.960786    0.193069    0.955990    0.789979    0.799145    0.976048    0.950318    4000        95.808383   7.210738    0.013854    0.371080    0.003954    0.000000    0.500000    21.732616   15.272360   21.000000   0.003946    0.629040    0.994746    0.985615    0.013854    3.342492    3.780173    7.136519    0.074216    0.000004    84.819507   0.838167    1.000000    116.503315  45.192688   84.819507   0.727127    0.838167    5.961418    0.024121    0.236918    0.000000    0.000050    0.000500    0.000005    0.000500    0.000500    0.000005    0.000050    0.000050    0.658356    14.513107  
[37m[36mINFO[0m[0m 08/06 23:08:24 | 0.807036    0.837607    0.000000    0.955002    0.232813    0.953545    0.807036    0.837607    0.970060    0.941401    4100        98.203593   7.211395    0.013522    0.371303    0.003175    0.000000    0.500000    21.355181   16.004051   21.000000   0.003170    0.628815    0.994263    0.984742    0.013522    3.342982    3.780627    7.137131    0.074261    0.000003    79.233163   0.838611    1.000000    110.374329  45.183371   79.233163   0.716750    0.838611    6.596065    0.024245    0.258554    0.000000    0.000050    0.000500    0.000005    0.000500    0.000500    0.000005    0.000050    0.000050    0.717130    14.650443  
[37m[36mINFO[0m[0m 08/06 23:09:54 | 0.828358    0.841880    0.000000    0.954739    0.207665    0.951100    0.828358    0.841880    0.964072    0.949045    4200        100.598802  7.216709    0.012748    0.377838    0.002594    0.000000    0.500000    20.757009   14.946946   21.000000   0.002587    0.622282    0.994454    0.985074    0.012748    3.345250    3.783140    7.141139    0.075568    0.000003    74.764259   0.840005    1.000000    105.844311  45.178098   74.764259   0.705644    0.840005    6.580912    0.024317    0.261614    0.000000    0.000050    0.000500    0.000005    0.000500    0.000500    0.000005    0.000050    0.000050    0.700225    14.838506  
[37m[36mINFO[0m[0m 08/06 23:11:28 | 0.836887    0.841880    0.000000    0.956345    0.262976    0.948655    0.836887    0.841880    0.970060    0.950318    4300        102.994012  7.197194    0.012204    0.355946    0.002044    0.000000    0.500000    22.429442   16.395846   21.000000   0.002040    0.644178    0.995010    0.986395    0.012204    3.340968    3.772831    7.126003    0.071189    0.000002    90.287683   0.840632    1.000000    122.721510  45.179666   90.287683   0.734036    0.840632    5.532797    0.023854    0.205981    0.000000    0.000050    0.000500    0.000005    0.000500    0.000500    0.000005    0.000050    0.000050    0.761861    14.746195  
[37m[36mINFO[0m[0m 08/06 23:12:57 | 0.753198    0.764957    0.000000    0.932680    0.416817    0.907090    0.753198    0.764957    0.952096    0.938854    4400        105.389222  7.195668    0.011436    0.366810    0.001822    0.000000    0.500000    21.792603   16.232105   21.000000   0.001821    0.633306    0.994960    0.986089    0.011436    3.338274    3.772594    7.122304    0.073362    0.000002    81.863340   0.840833    1.000000    113.493074  45.171949   81.863340   0.720234    0.840833    6.212798    0.023769    0.229858    0.000000    0.000050    0.000500    0.000005    0.000500    0.000500    0.000005    0.000050    0.000050    0.695599    14.745373  
[37m[36mINFO[0m[0m 08/06 23:14:26 | 0.813433    0.818376    0.000000    0.957628    0.240721    0.938875    0.813433    0.818376    0.976048    0.957962    4500        107.784431  7.191557    0.010759    0.368900    0.001511    0.000000    0.500000    21.491625   16.231103   21.000000   0.001507    0.631219    0.995357    0.986765    0.010759    3.336571    3.770446    7.117775    0.073780    0.000002    80.508535   0.841815    1.000000    112.309565  45.166486   80.508535   0.715834    0.841815    4.723252    0.023906    0.206173    0.000000    0.000050    0.000500    0.000005    0.000500    0.000500    0.000005    0.000050    0.000050    0.725015    13.514146  
[37m[36mINFO[0m[0m 08/06 23:16:00 | 0.822495    0.831197    0.000000    0.950308    0.225657    0.933985    0.822495    0.831197    0.964072    0.952866    4600        110.179641  7.207266    0.017508    0.380262    0.001163    0.000000    0.500000    20.778793   15.499155   21.000000   0.001160    0.619857    0.995125    0.986362    0.017508    3.342416    3.771288    7.131213    0.076052    0.000001    75.527905   0.842602    1.000000    107.013861  45.161632   75.527905   0.705167    0.842602    6.446828    0.025058    0.277542    0.000000    0.000050    0.000500    0.000005    0.000500    0.000500    0.000005    0.000050    0.000050    0.767847    14.058056  
[37m[36mINFO[0m[0m 08/06 23:16:00 | SWAD valley is dead -> early stop !
[37m[36mINFO[0m[0m 08/06 23:16:00 | ---
[37m[33mWARNING[0m[0m 08/06 23:16:00 | Evaluate SWAD ...
[37m[36mINFO[0m[0m 08/06 23:16:14 | 0.834222    0.865385    0.000000    0.976818    0.098449    0.975550    0.834222    0.865385    0.988024    0.966879    [301-4000]  (N=38)
[37m[36mINFO[0m[0m 08/06 23:16:14 | oracle = 85.235%
[37m[36mINFO[0m[0m 08/06 23:16:14 | iid = 77.878%
[37m[36mINFO[0m[0m 08/06 23:16:14 | last = 82.249%
[37m[36mINFO[0m[0m 08/06 23:16:14 | last (inD) = 95.031%
[37m[36mINFO[0m[0m 08/06 23:16:14 | iid (inD) = 97.062%
[37m[36mINFO[0m[0m 08/06 23:16:14 | SWAD = 83.422%
[37m[36mINFO[0m[0m 08/06 23:16:14 | SWAD (inD) = 97.682%
[37m[36mINFO[0m[0m 08/06 23:16:15 | 
[37m[36mINFO[0m[0m 08/06 23:16:20 | Testenv name escaping te_photo -> te_photo
[37m[36mINFO[0m[0m 08/06 23:16:20 | Test envs = [2], name = te_photo
[37m[36mINFO[0m[0m 08/06 23:16:20 | Batch sizes for each domain: [32, 32, 0, 32] (total=96)
[37m[36mINFO[0m[0m 08/06 23:16:20 | steps-per-epoch for each domain: 51.22, 58.62, 98.25 -> min = 51.22
[37m[36mINFO[0m[0m 08/06 23:16:22 | # of params = 49169351
[37m[36mINFO[0m[0m 08/06 23:16:36 | test_in     test_out    train_in    train_out   tr_outloss  env0_out    env1_out    env2_in     env2_out    env3_out    step        epoch       loss        loss_cls    loss_isr    loss_orth   loss_gt     piccl_alph  paired_res  domain_res  valid_doma  basis_orth  response_c  raw_interv  mediator_i  ce_loss     sup_cl_los  pre_cl_los  dccl_total  weighted_l  weighted_l  residual_d  fused_orig  piccl_exec  original_f  piccl_feat  feature_de  feature_de  original_f  backbone_g  piccl_grad  classifier  has_nan_or  param_grou  param_grou  param_grou  param_grou  param_grou  param_grou  param_grou  param_grou  step_time   eval_time  
[37m[36mINFO[0m[0m 08/06 23:16:36 | 0.095808    0.089820    0.000000    0.240239    1.897799    0.249389    0.198718    0.095808    0.089820    0.272611    0           0.000000    13.496578   2.027969    0.000000    0.101452    0.000000    0.000000    0.000000    0.000000    20.000000   0.091684    0.000000    0.899323    0.807137    2.027969    6.093945    5.374565    13.496477   0.000000    0.000101    32.284317   0.732463    1.000000    24.778408   45.253357   32.284317   1.302921    0.732463    20.694607   0.201556    6.134498    0.000000    0.000050    0.000500    0.000005    0.000500    0.000500    0.000005    0.000050    0.000050    0.844051    12.457293  
[37m[36mINFO[0m[0m 08/06 23:18:12 | 0.952096    0.925150    0.000000    0.896495    0.302947    0.899756    0.920940    0.952096    0.925150    0.868790    100         1.952410    9.534515    0.430668    0.976694    0.036120    0.000000    0.000000    13.965876   3.309405    21.000000   0.035428    0.023819    0.970097    0.949096    0.430668    4.059080    4.849393    9.339140    0.195339    0.000036    34.931077   0.774740    1.000000    51.159339   45.266932   34.931077   0.695053    0.774740    17.816068   0.072946    3.066873    0.000000    0.000050    0.000500    0.000005    0.000500    0.000500    0.000005    0.000050    0.000050    0.798626    13.201437  
[37m[36mINFO[0m[0m 08/06 23:19:47 | 0.962575    0.937126    0.000000    0.936512    0.184374    0.936430    0.944444    0.962575    0.937126    0.928662    200         3.904820    8.535084    0.149468    0.887071    0.031752    0.000000    0.000000    15.438019   6.719331    21.000000   0.032106    0.114027    0.979203    0.966142    0.149468    3.636814    4.571356    8.357638    0.177414    0.000032    41.070196   0.794682    1.000000    63.089475   45.273766   41.070196   0.650788    0.794682    17.351235   0.052002    1.736301    0.000000    0.000050    0.000500    0.000005    0.000500    0.000500    0.000005    0.000050    0.000050    0.797540    12.827714  
[37m[36mINFO[0m[0m 08/06 23:21:26 | 0.966317    0.970060    0.000000    0.946285    0.177110    0.948655    0.961538    0.966317    0.970060    0.928662    300         5.857230    8.213514    0.090477    0.792758    0.101598    0.000000    0.000000    15.307712   8.449626    21.000000   0.102433    0.208023    0.982197    0.971653    0.090477    3.522762    4.441623    8.054861    0.158552    0.000102    41.655719   0.804139    1.000000    63.830747   45.276279   41.655719   0.652546    0.804139    14.797287   0.043682    1.280135    0.000000    0.000050    0.000500    0.000005    0.000500    0.000500    0.000005    0.000050    0.000050    0.827347    13.138226  
[37m[36mINFO[0m[0m 08/06 23:22:56 | 0.976796    0.961078    0.000000    0.945251    0.187024    0.931540    0.961538    0.976796    0.961078    0.942675    400         7.809640    8.064118    0.062182    0.726443    0.162710    0.000000    0.000000    15.981102   9.087023    21.000000   0.163044    0.274212    0.983599    0.974211    0.062182    3.479824    4.376662    7.918667    0.145289    0.000163    44.448864   0.808959    1.000000    68.335839   45.279682   44.448864   0.650248    0.808959    13.292617   0.036483    0.853986    0.000000    0.000050    0.000500    0.000005    0.000500    0.000500    0.000005    0.000050    0.000050    0.689103    11.862118  
[37m[36mINFO[0m[0m 08/06 23:24:29 | 0.958832    0.958084    0.000000    0.944149    0.197133    0.929095    0.959402    0.958832    0.958084    0.943949    500         9.762050    7.938924    0.050431    0.667942    0.172333    0.000000    0.000000    16.039698   9.758476    21.000000   0.172244    0.332634    0.985169    0.976981    0.050431    3.442413    4.312319    7.805163    0.133588    0.000172    45.998522   0.812727    1.000000    70.060870   45.281710   45.998522   0.656214    0.812727    12.716934   0.035521    0.837058    0.000000    0.000050    0.000500    0.000005    0.000500    0.000500    0.000005    0.000050    0.000050    0.779064    12.333183  
[37m[36mINFO[0m[0m 08/06 23:26:06 | 0.966317    0.943114    0.000000    0.943690    0.209152    0.931540    0.959402    0.966317    0.943114    0.940127    600         11.714460   7.917437    0.060926    0.618946    0.156446    0.000000    0.025250    16.230317   10.225791   21.000000   0.156234    0.381559    0.985466    0.977087    0.060926    3.452699    4.279867    7.793491    0.123789    0.000156    47.309530   0.815256    1.000000    71.390463   45.282340   47.309530   0.662053    0.815256    14.074285   0.036835    0.969595    0.000000    0.000050    0.000500    0.000005    0.000500    0.000500    0.000005    0.000050    0.000050    0.812599    12.792851  
[37m[36mINFO[0m[0m 08/06 23:27:43 | 0.973054    0.967066    0.000000    0.953655    0.197499    0.948655    0.965812    0.973054    0.967066    0.946497    700         13.666870   7.803988    0.034419    0.571607    0.130387    0.000000    0.075250    16.430593   11.146682   21.000000   0.130100    0.428794    0.987605    0.979870    0.034419    3.416005    4.239112    7.689537    0.114321    0.000130    49.946617   0.819093    1.000000    74.581474   45.283147   49.946617   0.668847    0.819093    10.645194   0.031219    0.610553    0.000000    0.000050    0.000500    0.000005    0.000500    0.000500    0.000005    0.000050    0.000050    0.814881    12.451137  
[37m[36mINFO[0m[0m 08/06 23:29:12 | 0.959581    0.940120    0.000000    0.939916    0.239143    0.909535    0.970085    0.959581    0.940120    0.940127    800         15.619280   7.746221    0.027325    0.536688    0.100515    0.000000    0.125250    16.816223   11.934836   21.000000   0.100212    0.463636    0.987773    0.979132    0.027325    3.402955    4.208503    7.638783    0.107338    0.000101    51.119559   0.819807    1.000000    76.368154   45.284632   51.119559   0.668490    0.819807    11.268145   0.028908    0.494532    0.000000    0.000050    0.000500    0.000005    0.000500    0.000500    0.000005    0.000050    0.000050    0.682868    12.805192  
[37m[36mINFO[0m[0m 08/06 23:30:45 | 0.967814    0.943114    0.000000    0.951771    0.181488    0.941320    0.963675    0.967814    0.943114    0.950318    900         17.571690   7.710021    0.030339    0.506041    0.073649    0.000000    0.175250    17.313708   11.712834   21.000000   0.073417    0.494226    0.988848    0.979989    0.030339    3.394412    4.183988    7.608739    0.101208    0.000074    54.938883   0.822933    1.000000    81.298632   45.285276   54.938883   0.674827    0.822933    10.277918   0.028811    0.552160    0.000000    0.000050    0.000500    0.000005    0.000500    0.000500    0.000005    0.000050    0.000050    0.765223    13.592889  
[37m[36mINFO[0m[0m 08/06 23:32:20 | 0.968563    0.952096    0.000000    0.957490    0.184508    0.958435    0.970085    0.968563    0.952096    0.943949    1000        19.524100   7.680790    0.023293    0.492399    0.053849    0.000000    0.225250    17.391485   12.349978   21.000000   0.053685    0.507815    0.989328    0.979612    0.023293    3.389504    4.169460    7.582257    0.098480    0.000054    56.401970   0.823290    1.000000    82.829724   45.285876   56.401970   0.680343    0.823290    9.686041    0.027012    0.455777    0.000000    0.000050    0.000500    0.000005    0.000500    0.000500    0.000005    0.000050    0.000050    0.792094    13.067521  
[37m[36mINFO[0m[0m 08/06 23:33:48 | 0.956587    0.946108    0.000000    0.932116    0.270704    0.907090    0.946581    0.956587    0.946108    0.942675    1100        21.476510   7.659251    0.024631    0.470092    0.040371    0.000000    0.275250    17.884213   12.346842   21.000000   0.040266    0.530094    0.990098    0.979764    0.024631    3.385382    4.155180    7.565192    0.094018    0.000040    57.064670   0.824584    1.000000    84.020298   45.286606   57.064670   0.678616    0.824584    8.953894    0.026692    0.472041    0.000000    0.000050    0.000500    0.000005    0.000500    0.000500    0.000005    0.000050    0.000050    0.669925    12.716761  
[37m[36mINFO[0m[0m 08/06 23:35:16 | 0.964072    0.940120    0.000000    0.954922    0.172154    0.941320    0.980769    0.964072    0.940120    0.942675    1200        23.428920   7.672239    0.033510    0.464373    0.032299    0.000000    0.325250    17.584877   13.172791   21.000000   0.032234    0.535796    0.989876    0.978115    0.033510    3.400412    4.145410    7.579332    0.092875    0.000032    57.006897   0.823152    1.000000    83.376566   45.285087   57.006897   0.683075    0.823152    10.537434   0.027735    0.555339    0.000000    0.000050    0.000500    0.000005    0.000500    0.000500    0.000005    0.000050    0.000050    0.672875    13.702543  
[37m[36mINFO[0m[0m 08/06 23:36:45 | 0.955090    0.931138    0.000000    0.949888    0.226279    0.953545    0.957265    0.955090    0.931138    0.938854    1300        25.381330   7.604918    0.023217    0.446216    0.025694    0.000000    0.375250    18.595281   13.070530   21.000000   0.025628    0.553937    0.990785    0.978414    0.023217    3.382230    4.110202    7.515649    0.089243    0.000026    63.235656   0.823351    1.000000    91.248363   45.284045   63.235656   0.692438    0.823351    8.291058    0.025366    0.417119    0.000000    0.000050    0.000500    0.000005    0.000500    0.000500    0.000005    0.000050    0.000050    0.729762    13.422453  
[37m[36mINFO[0m[0m 08/06 23:38:12 | 0.970808    0.949102    0.000000    0.953196    0.201998    0.941320    0.967949    0.970808    0.949102    0.950318    1400        27.333740   7.616430    0.022931    0.446716    0.020282    0.000000    0.425250    17.873266   12.784944   21.000000   0.020241    0.553432    0.991048    0.977355    0.022931    3.381658    4.122477    7.527066    0.089343    0.000020    59.928267   0.819990    1.000000    87.135187   45.282876   59.928267   0.686845    0.819990    9.827555    0.025950    0.426430    0.000000    0.000050    0.000500    0.000005    0.000500    0.000500    0.000005    0.000050    0.000050    0.656352    14.105079  
[37m[36mINFO[0m[0m 08/06 23:39:43 | 0.949102    0.940120    0.000000    0.940163    0.274968    0.938875    0.946581    0.949102    0.940120    0.935032    1500        29.286150   7.583931    0.018614    0.433142    0.017377    0.000000    0.475250    18.726635   12.325418   21.000000   0.017355    0.567005    0.991332    0.976154    0.018614    3.381623    4.097048    7.497285    0.086628    0.000017    64.483878   0.817945    1.000000    92.063036   45.284445   64.483878   0.699492    0.817945    9.068625    0.025329    0.377478    0.000000    0.000050    0.000500    0.000005    0.000500    0.000500    0.000005    0.000050    0.000050    0.746511    13.703376  
[37m[36mINFO[0m[0m 08/06 23:41:11 | 0.961078    0.937126    0.000000    0.959373    0.198296    0.955990    0.974359    0.961078    0.937126    0.947771    1600        31.238560   7.532199    0.010020    0.422759    0.014599    0.000000    0.500000    19.294999   12.629765   21.000000   0.014566    0.577383    0.992958    0.978343    0.010020    3.363690    4.073922    7.447633    0.084552    0.000015    69.305421   0.817149    1.000000    98.023140   45.285010   69.305421   0.706311    0.817149    5.777721    0.023106    0.223153    0.000000    0.000050    0.000500    0.000005    0.000500    0.000500    0.000005    0.000050    0.000050    0.665767    14.091179  
[37m[36mINFO[0m[0m 08/06 23:42:45 | 0.946108    0.931138    0.000000    0.954744    0.210376    0.960880    0.959402    0.946108    0.931138    0.943949    1700        33.190970   7.524358    0.014532    0.409915    0.011457    0.000000    0.500000    19.405834   13.454329   21.000000   0.011428    0.590225    0.992464    0.977606    0.014532    3.362187    4.065644    7.442363    0.081983    0.000011    70.323685   0.817090    1.000000    98.835387   45.285482   70.323685   0.710670    0.817090    7.030749    0.023996    0.268447    0.000000    0.000050    0.000500    0.000005    0.000500    0.000500    0.000005    0.000050    0.000050    0.766462    13.869626  
[37m[36mINFO[0m[0m 08/06 23:44:11 | 0.968563    0.946108    0.000000    0.956538    0.190462    0.946210    0.974359    0.968563    0.946108    0.949045    1800        35.143380   7.527322    0.018254    0.406156    0.008818    0.000000    0.500000    19.675212   13.650902   21.000000   0.008797    0.593983    0.992627    0.978174    0.018254    3.370663    4.057164    7.446082    0.081231    0.000009    70.140768   0.818339    1.000000    98.792549   45.285259   70.140768   0.709291    0.818339    7.597903    0.024959    0.342418    0.000000    0.000050    0.000500    0.000005    0.000500    0.000500    0.000005    0.000050    0.000050    0.655347    13.348830  
[37m[36mINFO[0m[0m 08/06 23:45:39 | 0.961078    0.946108    0.000000    0.951634    0.164374    0.941320    0.965812    0.961078    0.946108    0.947771    1900        37.095790   7.539544    0.021699    0.409926    0.007022    0.000000    0.500000    19.046393   13.690451   21.000000   0.007004    0.590212    0.991953    0.977471    0.021699    3.379248    4.056604    7.457551    0.081985    0.000007    66.566753   0.819502    1.000000    94.801996   45.284104   66.566753   0.701372    0.819502    8.570432    0.025829    0.399748    0.000000    0.000050    0.000500    0.000005    0.000500    0.000500    0.000005    0.000050    0.000050    0.686916    12.738224  
[37m[36mINFO[0m[0m 08/06 23:47:09 | 0.973054    0.958084    0.000000    0.963654    0.161790    0.963325    0.972222    0.973054    0.958084    0.955414    2000        39.048200   7.494637    0.009631    0.394648    0.005427    0.000000    0.500000    19.777090   13.453195   21.000000   0.005415    0.605485    0.993154    0.979624    0.009631    3.361112    4.044959    7.415703    0.078930    0.000005    71.622933   0.821973    1.000000    100.830484  45.283355   71.622933   0.709666    0.821973    6.311424    0.023542    0.228896    0.000000    0.000050    0.000500    0.000005    0.000500    0.000500    0.000005    0.000050    0.000050    0.735786    13.177419  
[37m[36mINFO[0m[0m 08/06 23:48:39 | 0.966317    0.946108    0.000000    0.960599    0.193928    0.958435    0.967949    0.966317    0.946108    0.955414    2100        41.000610   7.478928    0.009709    0.398518    0.004674    0.000000    0.500000    19.499179   14.111808   21.000000   0.004669    0.601608    0.993464    0.980055    0.009709    3.354770    4.034741    7.399220    0.079704    0.000005    71.079628   0.822702    1.000000    99.969402   45.283212   71.079628   0.710485    0.822702    5.662585    0.022946    0.180682    0.000000    0.000050    0.000500    0.000005    0.000500    0.000500    0.000005    0.000050    0.000050    0.739610    13.349673  
[37m[36mINFO[0m[0m 08/06 23:49:46 | 0.961078    0.940120    0.000000    0.962092    0.160218    0.963325    0.970085    0.961078    0.940120    0.952866    2200        42.953020   7.468751    0.009540    0.404272    0.004049    0.000000    0.500000    18.893026   13.950292   21.000000   0.004042    0.595852    0.993919    0.980729    0.009540    3.350257    4.028095    7.387892    0.080854    0.000004    66.407131   0.822386    1.000000    94.981379   45.282406   66.407131   0.698667    0.822386    4.900323    0.023233    0.181011    0.000000    0.000050    0.000500    0.000005    0.000500    0.000500    0.000005    0.000050    0.000050    0.523624    12.512003  
[37m[36mINFO[0m[0m 08/06 23:51:19 | 0.967066    0.955090    0.000000    0.958017    0.207787    0.951100    0.970085    0.967066    0.955090    0.952866    2300        44.905430   7.502173    0.026032    0.410906    0.003528    0.000000    0.500000    18.105210   13.349260   21.000000   0.003522    0.589223    0.993091    0.979706    0.026032    3.373159    4.020797    7.419988    0.082181    0.000004    61.610050   0.821739    1.000000    89.447906   45.280934   61.610050   0.688235    0.821739    7.829756    0.026565    0.397818    0.000000    0.000050    0.000500    0.000005    0.000500    0.000500    0.000005    0.000050    0.000050    0.781819    12.247675  
[37m[36mINFO[0m[0m 08/06 23:52:58 | 0.963323    0.943114    0.000000    0.963243    0.205976    0.963325    0.978632    0.963323    0.943114    0.947771    2400        46.857840   7.490506    0.016216    0.396499    0.002847    0.000000    0.500000    19.208037   12.912797   21.000000   0.002841    0.603637    0.992856    0.979297    0.016216    3.366563    4.028424    7.411203    0.079300    0.000003    64.585084   0.823380    1.000000    93.019256   45.276500   64.585084   0.693634    0.823380    7.390234    0.024740    0.254005    0.000000    0.000050    0.000500    0.000005    0.000500    0.000500    0.000005    0.000050    0.000050    0.840906    12.348333  
[37m[36mINFO[0m[0m 08/06 23:54:36 | 0.964072    0.934132    0.000000    0.938752    0.280151    0.929095    0.950855    0.964072    0.934132    0.936306    2500        48.810250   7.444294    0.010117    0.391046    0.002357    0.000000    0.500000    19.533877   13.509179   21.000000   0.002353    0.609073    0.993626    0.980966    0.010117    3.351473    4.004493    7.366082    0.078209    0.000002    69.260377   0.827335    1.000000    98.615650   45.275441   69.260377   0.701728    0.827335    5.444323    0.023101    0.192093    0.000000    0.000050    0.000500    0.000005    0.000500    0.000500    0.000005    0.000050    0.000050    0.813406    13.181074  
[37m[36mINFO[0m[0m 08/06 23:56:09 | 0.958084    0.940120    0.000000    0.954908    0.239113    0.951100    0.972222    0.958084    0.940120    0.941401    2600        50.762660   7.488495    0.028858    0.397519    0.001902    0.000000    0.500000    19.171854   14.100833   21.000000   0.001897    0.602604    0.991980    0.977853    0.028858    3.377525    4.002607    7.408990    0.079504    0.000002    64.645491   0.825222    1.000000    92.154404   45.270942   64.645491   0.700406    0.825222    10.227580   0.027268    0.467832    0.000000    0.000050    0.000500    0.000005    0.000500    0.000500    0.000005    0.000050    0.000050    0.711539    13.083308  
[37m[36mINFO[0m[0m 08/06 23:57:41 | 0.957335    0.934132    0.000000    0.956168    0.211627    0.941320    0.967949    0.957335    0.934132    0.959236    2700        52.715070   7.443964    0.016645    0.381524    0.001659    0.000000    0.500000    20.169384   14.161573   21.000000   0.001660    0.618594    0.993456    0.981458    0.016645    3.357579    3.993434    7.367658    0.076305    0.000002    72.188018   0.827628    1.000000    101.189788  45.270195   72.188018   0.711894    0.827628    6.870548    0.024454    0.281303    0.000000    0.000050    0.000500    0.000005    0.000500    0.000500    0.000005    0.000050    0.000050    0.706982    13.416756  
[37m[36mINFO[0m[0m 08/06 23:59:21 | 0.951347    0.934132    0.000000    0.937752    0.285792    0.938875    0.944444    0.951347    0.934132    0.929936    2800        54.667480   7.517176    0.037501    0.382355    0.001656    0.000000    0.500000    19.837677   14.324851   21.000000   0.001654    0.617781    0.991268    0.977610    0.037501    3.396411    4.006791    7.440703    0.076471    0.000002    65.560227   0.825993    1.000000    93.330005   45.262996   65.560227   0.700935    0.825993    11.939033   0.028768    0.546153    0.000000    0.000050    0.000500    0.000005    0.000500    0.000500    0.000005    0.000050    0.000050    0.836129    13.115823  
[37m[36mINFO[0m[0m 08/07 00:00:53 | 0.961078    0.949102    0.000000    0.947409    0.239145    0.929095    0.961538    0.961078    0.949102    0.951592    2900        56.619890   7.440042    0.015885    0.373375    0.001449    0.000000    0.500000    20.578010   14.987357   21.000000   0.001447    0.626747    0.993197    0.980895    0.015885    3.362064    3.987417    7.365365    0.074675    0.000001    73.742199   0.830722    1.000000    103.291179  45.259082   73.742199   0.712687    0.830722    7.086583    0.024427    0.303122    0.000000    0.000050    0.000500    0.000005    0.000500    0.000500    0.000005    0.000050    0.000050    0.717065    12.894260  
[37m[36mINFO[0m[0m 08/07 00:02:29 | 0.958832    0.943114    0.000000    0.955538    0.217781    0.946210    0.970085    0.958832    0.943114    0.950318    3000        58.572300   7.444886    0.013492    0.383433    0.001218    0.000000    0.500000    19.488209   14.723039   21.000000   0.001216    0.616683    0.993097    0.980421    0.013492    3.366831    3.987875    7.368198    0.076687    0.000001    65.861948   0.830260    1.000000    94.738159   45.256514   65.861948   0.694721    0.830260    7.376630    0.024349    0.275152    0.000000    0.000050    0.000500    0.000005    0.000500    0.000500    0.000005    0.000050    0.000050    0.797681    12.806119  
[37m[36mINFO[0m[0m 08/07 00:04:04 | 0.952096    0.952096    0.000000    0.949627    0.228683    0.953545    0.967949    0.952096    0.952096    0.927389    3100        60.524710   7.435065    0.011065    0.385584    0.001108    0.000000    0.500000    20.082820   14.522435   21.000000   0.001107    0.614532    0.994097    0.982315    0.011065    3.358018    3.988865    7.357947    0.077117    0.000001    73.849812   0.831224    1.000000    104.094980  45.256307   73.849812   0.708575    0.831224    5.588905    0.023613    0.194923    0.000000    0.000050    0.000500    0.000005    0.000500    0.000500    0.000005    0.000050    0.000050    0.797521    12.427278  
[37m[36mINFO[0m[0m 08/07 00:05:39 | 0.965569    0.958084    0.000000    0.961140    0.170139    0.951100    0.974359    0.965569    0.958084    0.957962    3200        62.477120   7.430425    0.014168    0.389781    0.000947    0.000000    0.500000    19.626575   14.855388   21.000000   0.000945    0.610332    0.994028    0.982292    0.014168    3.356793    3.981507    7.352468    0.077956    0.000001    68.954545   0.832195    1.000000    98.684692   45.251749   68.954545   0.697987    0.832195    5.091940    0.023799    0.258888    0.000000    0.000050    0.000500    0.000005    0.000500    0.000500    0.000005    0.000050    0.000050    0.803635    12.134708  
[37m[36mINFO[0m[0m 08/07 00:07:19 | 0.933383    0.913174    0.000000    0.940786    0.300049    0.916870    0.961538    0.933383    0.913174    0.943949    3300        64.429530   7.418826    0.006377    0.400110    0.000983    0.000000    0.500000    19.028858   14.103291   21.000000   0.000985    0.600002    0.994265    0.982175    0.006377    3.348659    3.983767    7.338803    0.080022    0.000001    65.627047   0.831091    1.000000    94.780833   45.250559   65.627047   0.691943    0.831091    4.839171    0.022952    0.155086    0.000000    0.000050    0.000500    0.000005    0.000500    0.000500    0.000005    0.000050    0.000050    0.847888    12.610317  
[37m[36mINFO[0m[0m 08/07 00:08:59 | 0.960329    0.925150    0.000000    0.948936    0.235039    0.931540    0.963675    0.960329    0.925150    0.951592    3400        66.381940   7.503216    0.037087    0.399538    0.000906    0.000000    0.500000    18.918462   13.376868   21.000000   0.000904    0.600590    0.991165    0.977429    0.037087    3.391905    3.994315    7.423308    0.079908    0.000001    59.356021   0.828716    1.000000    87.210949   45.242716   59.356021   0.679892    0.828716    11.743909   0.028841    0.544654    0.000000    0.000050    0.000500    0.000005    0.000500    0.000500    0.000005    0.000050    0.000050    0.844973    12.278403  
[37m[36mINFO[0m[0m 08/07 00:10:34 | 0.948353    0.916168    0.000000    0.953607    0.274075    0.951100    0.959402    0.948353    0.916168    0.950318    3500        68.334350   7.418867    0.012348    0.367882    0.000807    0.000000    0.500000    21.137127   14.458670   21.000000   0.000807    0.632236    0.993629    0.981773    0.012348    3.361334    3.971608    7.345289    0.073576    0.000001    75.676760   0.833100    1.000000    105.770702  45.241204   75.676760   0.713518    0.833100    6.587698    0.023812    0.244409    0.000000    0.000050    0.000500    0.000005    0.000500    0.000500    0.000005    0.000050    0.000050    0.727462    13.121840  
[37m[36mINFO[0m[0m 08/07 00:12:11 | 0.952096    0.952096    0.000000    0.954264    0.214195    0.946210    0.970085    0.952096    0.952096    0.946497    3600        70.286760   7.437195    0.017732    0.368765    0.000635    0.000000    0.500000    20.889576   15.699631   21.000000   0.000634    0.631352    0.993779    0.982416    0.017732    3.367996    3.977713    7.363441    0.073753    0.000001    73.638458   0.834293    1.000000    103.839350  45.237686   73.638458   0.708483    0.834293    7.284345    0.024938    0.310395    0.000000    0.000050    0.000500    0.000005    0.000500    0.000500    0.000005    0.000050    0.000050    0.809680    13.998976  
[37m[36mINFO[0m[0m 08/07 00:13:48 | 0.957335    0.946108    0.000000    0.954559    0.190443    0.943765    0.959402    0.957335    0.946108    0.960510    3700        72.239170   7.422958    0.016502    0.372282    0.000680    0.000000    0.500000    20.858824   15.323244   21.000000   0.000681    0.627829    0.993958    0.982943    0.016502    3.361949    3.970050    7.348502    0.074456    0.000001    71.365474   0.836836    1.000000    101.667426  45.232125   71.365474   0.700967    0.836836    6.327529    0.024328    0.278792    0.000000    0.000050    0.000500    0.000005    0.000500    0.000500    0.000005    0.000050    0.000050    0.807887    13.181839  
[37m[36mINFO[0m[0m 08/07 00:15:29 | 0.970060    0.958084    0.000000    0.968119    0.160486    0.968215    0.974359    0.970060    0.958084    0.961783    3800        74.191580   7.385994    0.006020    0.372398    0.000637    0.000000    0.500000    20.800853   16.206983   21.000000   0.000636    0.627710    0.994971    0.984744    0.006020    3.346461    3.959033    7.311514    0.074480    0.000001    77.977944   0.837746    1.000000    109.158878  45.230865   77.977944   0.713515    0.837746    3.313297    0.022528    0.112378    0.000000    0.000050    0.000500    0.000005    0.000500    0.000500    0.000005    0.000050    0.000050    0.846292    12.870276  
[37m[36mINFO[0m[0m 08/07 00:17:07 | 0.964072    0.925150    0.000000    0.954963    0.261209    0.946210    0.965812    0.964072    0.925150    0.952866    3900        76.143990   7.377574    0.005180    0.379641    0.000515    0.000000    0.500000    20.508010   16.829037   21.000000   0.000514    0.620462    0.995113    0.984645    0.005180    3.343756    3.952710    7.301645    0.075928    0.000001    75.582317   0.837057    1.000000    106.089843  45.228291   75.582317   0.711628    0.837057    3.236113    0.022223    0.114521    0.000000    0.000050    0.000500    0.000005    0.000500    0.000500    0.000005    0.000050    0.000050    0.826346    11.835562  
[37m[36mINFO[0m[0m 08/07 00:18:46 | 0.969311    0.958084    0.000000    0.964078    0.170093    0.963325    0.972222    0.969311    0.958084    0.956688    4000        78.096400   7.388984    0.010791    0.394401    0.000413    0.000000    0.500000    19.102489   16.091856   21.000000   0.000412    0.605707    0.994417    0.983059    0.010791    3.346157    3.953156    7.310104    0.078880    0.000000    64.638438   0.835259    1.000000    94.181204   45.224701   64.638438   0.685530    0.835259    4.197758    0.023341    0.162578    0.000000    0.000050    0.000500    0.000005    0.000500    0.000500    0.000005    0.000050    0.000050    0.845290    11.602257  
[37m[36mINFO[0m[0m 08/07 00:20:28 | 0.962575    0.934132    0.000000    0.955771    0.227770    0.951100    0.978632    0.962575    0.934132    0.937580    4100        80.048810   7.387404    0.007293    0.387731    0.000348    0.000000    0.500000    19.750860   14.451613   21.000000   0.000349    0.612382    0.994243    0.983107    0.007293    3.354240    3.948325    7.309858    0.077546    0.000000    69.968880   0.835547    1.000000    99.865356   45.224010   69.968880   0.698665    0.835547    4.995787    0.023731    0.175001    0.000000    0.000050    0.000500    0.000005    0.000500    0.000500    0.000005    0.000050    0.000050    0.857124    12.919658  
[37m[36mINFO[0m[0m 08/07 00:22:10 | 0.957335    0.916168    0.000000    0.960647    0.191716    0.955990    0.974359    0.957335    0.916168    0.951592    4200        82.001220   7.423458    0.019280    0.377827    0.000341    0.000000    0.500000    20.510990   15.725066   21.000000   0.000340    0.622292    0.993641    0.982073    0.019280    3.365204    3.963408    7.347892    0.075565    0.000000    71.693467   0.835702    1.000000    101.366476  45.220387   71.693467   0.706566    0.835702    6.885364    0.025298    0.318349    0.000000    0.000050    0.000500    0.000005    0.000500    0.000500    0.000005    0.000050    0.000050    0.867429    12.898697  
[37m[36mINFO[0m[0m 08/07 00:23:44 | 0.945359    0.922156    0.000000    0.942060    0.269840    0.916870    0.961538    0.945359    0.922156    0.947771    4300        83.953630   7.438439    0.028211    0.383641    0.000318    0.000000    0.500000    20.063739   16.477129   21.000000   0.000319    0.616483    0.992491    0.980230    0.028211    3.375256    3.958244    7.361711    0.076728    0.000000    67.771864   0.836046    1.000000    96.387527   45.209990   67.771864   0.701432    0.836046    10.028914   0.028182    0.490677    0.000000    0.000050    0.000500    0.000005    0.000500    0.000500    0.000005    0.000050    0.000050    0.718544    12.256943  
[37m[36mINFO[0m[0m 08/07 00:25:20 | 0.946108    0.925150    0.000000    0.958086    0.216382    0.946210    0.970085    0.946108    0.925150    0.957962    4400        85.906040   7.410156    0.021269    0.381464    0.000462    0.000000    0.500000    20.301119   15.792667   21.000000   0.000463    0.618658    0.993120    0.981583    0.021269    3.370326    3.942267    7.333862    0.076293    0.000000    68.855256   0.838964    1.000000    98.570165   45.200510   68.855256   0.697588    0.838964    8.084225    0.025987    0.383574    0.000000    0.000050    0.000500    0.000005    0.000500    0.000500    0.000005    0.000050    0.000050    0.811698    12.554685  
[37m[36mINFO[0m[0m 08/07 00:26:55 | 0.948353    0.916168    0.000000    0.940704    0.299618    0.921760    0.955128    0.948353    0.916168    0.945223    4500        87.858450   7.404605    0.019641    0.378123    0.000536    0.000000    0.500000    20.639079   16.072995   21.000000   0.000537    0.621996    0.993217    0.982062    0.019641    3.366013    3.943326    7.328980    0.075625    0.000001    72.985083   0.840955    1.000000    103.169703  45.193464   72.985083   0.706198    0.840955    7.580409    0.025694    0.360830    0.000000    0.000050    0.000500    0.000005    0.000500    0.000500    0.000005    0.000050    0.000050    0.794586    12.756917  
[37m[36mINFO[0m[0m 08/07 00:28:36 | 0.955838    0.940120    0.000000    0.950497    0.223344    0.931540    0.965812    0.955838    0.940120    0.954140    4600        89.810860   7.355361    0.009938    0.378400    0.000539    0.000000    0.500000    20.364012   16.419857   21.000000   0.000539    0.621705    0.994225    0.983225    0.009938    3.344460    3.925283    7.279681    0.075680    0.000001    69.241036   0.841289    1.000000    99.155129   45.187565   69.241036   0.697712    0.841289    4.693771    0.023115    0.182346    0.000000    0.000050    0.000500    0.000005    0.000500    0.000500    0.000005    0.000050    0.000050    0.840865    13.098182  
[37m[36mINFO[0m[0m 08/07 00:30:17 | 0.958832    0.931138    0.000000    0.963058    0.220963    0.946210    0.978632    0.958832    0.931138    0.964331    4700        91.763270   7.331944    0.002493    0.380437    0.000537    0.000000    0.500000    20.390022   16.128149   21.000000   0.000537    0.619665    0.995313    0.985010    0.002493    3.333722    3.919641    7.255856    0.076087    0.000001    71.111447   0.841105    1.000000    102.119975  45.192273   71.111447   0.695774    0.841105    2.414766    0.021967    0.078177    0.000000    0.000050    0.000500    0.000005    0.000500    0.000500    0.000005    0.000050    0.000050    0.846131    13.877830  
[37m[36mINFO[0m[0m 08/07 00:31:51 | 0.952844    0.919162    0.000000    0.949347    0.233786    0.931540    0.957265    0.952844    0.919162    0.959236    4800        93.715680   7.353559    0.010295    0.387739    0.000455    0.000000    0.500000    19.828228   15.932596   21.000000   0.000453    0.612366    0.994385    0.983231    0.010295    3.344570    3.921146    7.276011    0.077548    0.000000    65.221510   0.839413    1.000000    95.000647   45.186732   65.221510   0.686030    0.839413    4.879034    0.023371    0.168997    0.000000    0.000050    0.000500    0.000005    0.000500    0.000500    0.000005    0.000050    0.000050    0.706381    13.334286  
[37m[36mINFO[0m[0m 08/07 00:33:25 | 0.955838    0.934132    0.000000    0.963859    0.177085    0.958435    0.970085    0.955838    0.934132    0.963057    4900        95.668090   7.406254    0.022417    0.380236    0.000337    0.000000    0.500000    20.583781   15.887135   21.000000   0.000336    0.619883    0.992932    0.981404    0.022417    3.370000    3.937790    7.330207    0.076047    0.000000    68.973366   0.840790    1.000000    98.997700   45.180461   68.973366   0.695875    0.840790    7.228493    0.025705    0.329535    0.000000    0.000050    0.000500    0.000005    0.000500    0.000500    0.000005    0.000050    0.000050    0.740817    12.145137  
[37m[36mINFO[0m[0m 08/07 00:35:06 | 0.954341    0.919162    0.000000    0.952045    0.259378    0.951100    0.957265    0.954341    0.919162    0.947771    5000        97.620500   7.351299    0.005490    0.383047    0.000272    0.000000    0.500000    20.496479   16.545215   21.000000   0.000271    0.617059    0.994793    0.984249    0.005490    3.343469    3.925731    7.274690    0.076609    0.000000    73.675848   0.842019    1.000000    104.155277  45.175530   73.675848   0.706696    0.842019    3.460114    0.022623    0.104407    0.000000    0.000050    0.000500    0.000005    0.000500    0.000500    0.000005    0.000050    0.000050    0.855986    12.415174  
[37m[36mINFO[0m[0m 08/07 00:35:06 | ---
[37m[33mWARNING[0m[0m 08/07 00:35:06 | Evaluate SWAD ...
[37m[36mINFO[0m[0m 08/07 00:35:19 | 0.979042    0.970060    0.000000    0.975317    0.121508    0.980440    0.978632    0.979042    0.970060    0.966879    [201-4900]  (N=48)
[37m[36mINFO[0m[0m 08/07 00:35:19 | oracle = 96.632%
[37m[36mINFO[0m[0m 08/07 00:35:19 | iid = 97.006%
[37m[36mINFO[0m[0m 08/07 00:35:19 | last = 95.434%
[37m[36mINFO[0m[0m 08/07 00:35:19 | last (inD) = 95.205%
[37m[36mINFO[0m[0m 08/07 00:35:19 | iid (inD) = 96.812%
[37m[36mINFO[0m[0m 08/07 00:35:19 | SWAD = 97.904%
[37m[36mINFO[0m[0m 08/07 00:35:19 | SWAD (inD) = 97.532%
[37m[36mINFO[0m[0m 08/07 00:35:20 | 
[37m[36mINFO[0m[0m 08/07 00:35:25 | Testenv name escaping te_sketch -> te_sketch
[37m[36mINFO[0m[0m 08/07 00:35:25 | Test envs = [3], name = te_sketch
[37m[36mINFO[0m[0m 08/07 00:35:25 | Batch sizes for each domain: [32, 32, 32, 0] (total=96)
[37m[36mINFO[0m[0m 08/07 00:35:25 | steps-per-epoch for each domain: 51.22, 58.62, 41.75 -> min = 41.75
[37m[36mINFO[0m[0m 08/07 00:35:27 | # of params = 49169351
[37m[36mINFO[0m[0m 08/07 00:35:44 | test_in     test_out    train_in    train_out   tr_outloss  env0_out    env1_out    env2_out    env3_in     env3_out    step        epoch       loss        loss_cls    loss_isr    loss_orth   loss_gt     piccl_alph  paired_res  domain_res  valid_doma  basis_orth  response_c  raw_interv  mediator_i  ce_loss     sup_cl_los  pre_cl_los  dccl_total  weighted_l  weighted_l  residual_d  fused_orig  piccl_exec  original_f  piccl_feat  feature_de  feature_de  original_f  backbone_g  piccl_grad  classifier  has_nan_or  param_grou  param_grou  param_grou  param_grou  param_grou  param_grou  param_grou  param_grou  step_time   eval_time  
[37m[36mINFO[0m[0m 08/07 00:35:44 | 0.041349    0.039490    0.000000    0.309600    1.755240    0.276284    0.209402    0.443114    0.041349    0.039490    0           0.000000    13.537174   2.016159    0.000000    0.114665    0.000000    0.000000    0.000000    0.000000    20.000000   0.104357    0.000000    0.892540    0.784666    2.016159    6.148578    5.372323    13.537060   0.000000    0.000115    32.812775   0.709466    1.000000    25.499695   45.253353   32.812775   1.286791    0.709466    22.157698   0.238843    7.689077    0.000000    0.000050    0.000500    0.000005    0.000500    0.000500    0.000005    0.000050    0.000050    0.685743    15.719167  
[37m[36mINFO[0m[0m 08/07 00:37:13 | 0.746183    0.723567    0.000000    0.950046    0.145165    0.926650    0.944444    0.979042    0.746183    0.723567    100         2.395210    8.872985    0.262054    0.976551    0.036807    0.000000    0.000000    14.663294   2.760243    21.000000   0.035934    0.023973    0.971336    0.951272    0.262054    3.833743    4.581841    8.677638    0.195310    0.000037    38.131544   0.784185    1.000000    58.401923   45.269916   38.131544   0.660639    0.784185    16.749904   0.057292    2.072907    0.000000    0.000050    0.000500    0.000005    0.000500    0.000500    0.000005    0.000050    0.000050    0.658387    15.862163  
[37m[36mINFO[0m[0m 08/07 00:38:46 | 0.698155    0.707006    0.000000    0.958966    0.125343    0.938875    0.952991    0.985030    0.698155    0.707006    200         4.790419    8.119360    0.086061    0.886183    0.022200    0.000000    0.000000    15.261597   5.943414    21.000000   0.022477    0.114844    0.980000    0.968283    0.086061    3.536688    4.319352    7.942102    0.177237    0.000022    40.369692   0.807180    1.000000    62.947952   45.276079   40.369692   0.641270    0.807180    14.714652   0.043221    1.175725    0.000000    0.000050    0.000500    0.000005    0.000500    0.000500    0.000005    0.000050    0.000050    0.748591    16.021040  
[37m[36mINFO[0m[0m 08/07 00:40:17 | 0.632316    0.616561    0.000000    0.957030    0.151195    0.943765    0.957265    0.970060    0.632316    0.616561    300         7.185629    7.926069    0.064787    0.801126    0.087627    0.000000    0.000000    15.406318   7.472613    21.000000   0.088445    0.199567    0.982061    0.971836    0.064787    3.479315    4.221653    7.765756    0.160225    0.000088    41.319319   0.810416    1.000000    63.373710   45.278495   41.319319   0.651833    0.810416    14.524449   0.037974    0.956414    0.000000    0.000050    0.000500    0.000005    0.000500    0.000500    0.000005    0.000050    0.000050    0.685703    15.893944  
[37m[36mINFO[0m[0m 08/07 00:41:51 | 0.705789    0.717197    0.000000    0.935808    0.259556    0.916870    0.944444    0.946108    0.705789    0.717197    400         9.580838    7.737021    0.023743    0.744446    0.146973    0.000000    0.000000    15.362883   8.254266    21.000000   0.147289    0.256140    0.984768    0.976347    0.023743    3.425061    4.139181    7.587985    0.148889    0.000147    41.573161   0.813078    1.000000    64.538450   45.280858   41.573161   0.643916    0.813078    9.442096    0.029204    0.446820    0.000000    0.000050    0.000500    0.000005    0.000500    0.000500    0.000005    0.000050    0.000050    0.759385    16.001081  
[37m[36mINFO[0m[0m 08/07 00:43:23 | 0.756679    0.769427    0.000000    0.960390    0.157351    0.938875    0.957265    0.985030    0.756679    0.769427    500         11.976048   7.679948    0.028486    0.686836    0.157979    0.000000    0.000000    15.577954   8.811557    21.000000   0.157915    0.313736    0.985052    0.976864    0.028486    3.418854    4.095082    7.542423    0.137367    0.000158    41.536911   0.814812    1.000000    64.303746   45.283147   41.536911   0.645867    0.814812    11.488992   0.030461    0.521894    0.000000    0.000050    0.000500    0.000005    0.000500    0.000500    0.000005    0.000050    0.000050    0.700055    16.017281  
[37m[36mINFO[0m[0m 08/07 00:44:53 | 0.770038    0.768153    0.000000    0.970590    0.109312    0.951100    0.978632    0.982036    0.770038    0.768153    600         14.371257   7.606132    0.025349    0.636347    0.142439    0.000000    0.025250    15.943369   9.365403    21.000000   0.142220    0.364113    0.985653    0.977537    0.025349    3.406484    4.046887    7.478720    0.127269    0.000142    43.141576   0.816929    1.000000    65.534192   45.284244   43.141576   0.658159    0.816929    9.877332    0.029616    0.482313    0.000000    0.000050    0.000500    0.000005    0.000500    0.000500    0.000005    0.000050    0.000050    0.678766    16.046239  
[37m[36mINFO[0m[0m 08/07 00:46:24 | 0.775763    0.769427    0.000000    0.973526    0.132946    0.963325    0.972222    0.985030    0.775763    0.769427    700         16.766467   7.515669    0.006556    0.592270    0.114686    0.000000    0.075250    16.694290   9.833711    21.000000   0.114375    0.408085    0.988036    0.980525    0.006556    3.376783    4.013762    7.397101    0.118454    0.000115    48.677606   0.819457    1.000000    73.632402   45.285523   48.677606   0.660646    0.819457    5.407686    0.024732    0.161407    0.000000    0.000050    0.000500    0.000005    0.000500    0.000500    0.000005    0.000050    0.000050    0.688123    16.327841  
[37m[36mINFO[0m[0m 08/07 00:47:54 | 0.758588    0.741401    0.000000    0.965950    0.165486    0.955990    0.965812    0.976048    0.758588    0.741401    800         19.161677   7.509400    0.018425    0.569995    0.082223    0.000000    0.125250    16.677731   10.216546   21.000000   0.081899    0.430252    0.988142    0.979569    0.018425    3.391256    3.985637    7.395319    0.113999    0.000082    48.619189   0.819589    1.000000    73.168543   45.287163   48.619189   0.663987    0.819589    9.405494    0.026162    0.383087    0.000000    0.000050    0.000500    0.000005    0.000500    0.000500    0.000005    0.000050    0.000050    0.672297    16.666001  
[37m[36mINFO[0m[0m 08/07 00:49:26 | 0.770674    0.778344    0.000000    0.956581    0.196306    0.936430    0.957265    0.976048    0.770674    0.778344    900         21.556886   7.551448    0.041381    0.561132    0.055408    0.000000    0.175250    16.489363   10.100834   21.000000   0.055205    0.439083    0.987052    0.976820    0.041381    3.421673    3.976111    7.439166    0.112226    0.000055    45.955929   0.819531    1.000000    69.330980   45.287414   45.955929   0.662561    0.819531    13.154245   0.029886    0.621708    0.000000    0.000050    0.000500    0.000005    0.000500    0.000500    0.000005    0.000050    0.000050    0.724849    15.589765  
[37m[36mINFO[0m[0m 08/07 00:50:55 | 0.738550    0.710828    0.000000    0.957514    0.222483    0.931540    0.967949    0.973054    0.738550    0.710828    1000        23.952096   7.454266    0.019111    0.534652    0.037058    0.000000    0.225250    17.058178   10.216891   21.000000   0.036881    0.465545    0.989361    0.979740    0.019111    3.386646    3.941541    7.347299    0.106930    0.000037    49.050925   0.825194    1.000000    74.809715   45.286237   49.050925   0.655394    0.825194    8.991725    0.024745    0.347517    0.000000    0.000050    0.000500    0.000005    0.000500    0.000500    0.000005    0.000050    0.000050    0.677425    15.603292  
[37m[36mINFO[0m[0m 08/07 00:52:26 | 0.779898    0.788535    0.000000    0.950430    0.229653    0.929095    0.955128    0.967066    0.779898    0.788535    1100        26.347305   7.439677    0.018623    0.516110    0.022190    0.000000    0.275250    17.713024   10.532633   21.000000   0.022078    0.484069    0.989684    0.979020    0.018623    3.386253    3.931557    7.336433    0.103222    0.000022    55.075661   0.822991    1.000000    81.649958   45.285905   55.075661   0.673897    0.822991    9.560144    0.024876    0.362288    0.000000    0.000050    0.000500    0.000005    0.000500    0.000500    0.000005    0.000050    0.000050    0.686063    15.831470  
[37m[36mINFO[0m[0m 08/07 00:54:00 | 0.819975    0.807643    0.000000    0.969737    0.152075    0.951100    0.970085    0.988024    0.819975    0.807643    1200        28.742515   7.399844    0.012342    0.504708    0.014350    0.000000    0.325250    17.959838   11.268408   21.000000   0.014297    0.495465    0.990895    0.979787    0.012342    3.378670    3.907876    7.298888    0.100942    0.000014    58.356520   0.823657    1.000000    85.287309   45.286776   58.356520   0.683629    0.823657    6.751717    0.023331    0.248543    0.000000    0.000050    0.000500    0.000005    0.000500    0.000500    0.000005    0.000050    0.000050    0.747580    16.002608  
[37m[36mINFO[0m[0m 08/07 00:55:34 | 0.771310    0.770701    0.000000    0.969694    0.125125    0.953545    0.976496    0.979042    0.771310    0.770701    1300        31.137725   7.394918    0.016797    0.502178    0.010980    0.000000    0.375250    18.000050   11.257811   21.000000   0.010965    0.497983    0.991374    0.978830    0.016797    3.379458    3.898216    7.294471    0.100436    0.000011    57.062594   0.822079    1.000000    83.907258   45.286309   57.062594   0.679284    0.822079    7.400582    0.024176    0.302061    0.000000    0.000050    0.000500    0.000005    0.000500    0.000500    0.000005    0.000050    0.000050    0.753102    16.056120  
[37m[36mINFO[0m[0m 08/07 00:57:04 | 0.769084    0.778344    0.000000    0.966457    0.146548    0.951100    0.972222    0.976048    0.769084    0.778344    1400        33.532934   7.356344    0.010544    0.495012    0.010896    0.000000    0.425250    17.953812   11.299065   21.000000   0.010907    0.505145    0.991693    0.977837    0.010544    3.367932    3.878854    7.257330    0.099002    0.000011    56.859674   0.819326    1.000000    83.781588   45.285800   56.859674   0.678365    0.819326    6.626321    0.023267    0.244325    0.000000    0.000050    0.000500    0.000005    0.000500    0.000500    0.000005    0.000050    0.000050    0.681704    16.302478  
[37m[36mINFO[0m[0m 08/07 00:58:38 | 0.762723    0.761783    0.000000    0.959270    0.183477    0.946210    0.961538    0.970060    0.762723    0.761783    1500        35.928144   7.378431    0.019364    0.473341    0.012258    0.000000    0.475250    18.716228   11.240992   21.000000   0.012268    0.526825    0.991548    0.976082    0.019364    3.382660    3.881727    7.283750    0.094668    0.000012    63.060888   0.814934    1.000000    90.585402   45.286706   63.060888   0.695540    0.814934    8.385979    0.025469    0.328997    0.000000    0.000050    0.000500    0.000005    0.000500    0.000500    0.000005    0.000050    0.000050    0.735916    16.728941  
[37m[36mINFO[0m[0m 08/07 01:00:08 | 0.681934    0.678981    0.000000    0.952609    0.176509    0.926650    0.955128    0.976048    0.681934    0.678981    1600        38.323353   7.352405    0.022396    0.452295    0.013125    0.000000    0.500000    19.451206   11.226338   21.000000   0.013141    0.547864    0.991845    0.976562    0.022396    3.380908    3.858630    7.261933    0.090459    0.000013    64.705875   0.817535    1.000000    93.055583   45.285898   64.705875   0.694417    0.817535    9.704301    0.025510    0.390498    0.000000    0.000050    0.000500    0.000005    0.000500    0.000500    0.000005    0.000050    0.000050    0.673299    16.559362  
[37m[36mINFO[0m[0m 08/07 01:01:39 | 0.782125    0.791083    0.000000    0.966903    0.137140    0.941320    0.974359    0.985030    0.782125    0.791083    1700        40.718563   7.340188    0.019333    0.434088    0.014555    0.000000    0.500000    20.553221   12.102050   21.000000   0.014556    0.566063    0.992127    0.977167    0.019333    3.380084    3.853939    7.253356    0.086818    0.000015    71.560829   0.819801    1.000000    100.997009  45.284839   71.560829   0.707892    0.819801    7.862367    0.024590    0.303403    0.000000    0.000050    0.000500    0.000005    0.000500    0.000500    0.000005    0.000050    0.000050    0.670288    16.605473  
[37m[36mINFO[0m[0m 08/07 01:03:11 | 0.817748    0.800000    0.000000    0.964340    0.171681    0.941320    0.963675    0.988024    0.817748    0.800000    1800        43.113772   7.297923    0.007838    0.437825    0.014770    0.000000    0.500000    20.105945   12.387402   21.000000   0.014783    0.562320    0.993459    0.979728    0.007838    3.362108    3.840398    7.210344    0.087565    0.000015    71.423263   0.822083    1.000000    100.948022  45.282076   71.423263   0.706825    0.822083    5.430853    0.022450    0.171593    0.000000    0.000050    0.000500    0.000005    0.000500    0.000500    0.000005    0.000050    0.000050    0.727132    16.648939  
[37m[36mINFO[0m[0m 08/07 01:04:44 | 0.745547    0.756688    0.000000    0.955237    0.227452    0.931540    0.955128    0.979042    0.745547    0.756688    1900        45.508982   7.327586    0.017628    0.446683    0.016810    0.000000    0.500000    19.333613   12.801832   21.000000   0.016833    0.553460    0.992447    0.978095    0.017628    3.378248    3.842356    7.238233    0.089337    0.000017    65.490281   0.819996    1.000000    93.577105   45.280958   65.490281   0.698998    0.819996    8.308500    0.025177    0.312763    0.000000    0.000050    0.000500    0.000005    0.000500    0.000500    0.000005    0.000050    0.000050    0.747881    15.508348  
[37m[36mINFO[0m[0m 08/07 01:06:16 | 0.809478    0.822930    0.000000    0.965032    0.137623    0.951100    0.967949    0.976048    0.809478    0.822930    2000        47.904192   7.311919    0.016591    0.429193    0.018278    0.000000    0.500000    20.238887   13.060476   21.000000   0.018288    0.570947    0.992497    0.978252    0.016591    3.377190    3.832281    7.226062    0.085839    0.000018    67.700398   0.822086    1.000000    96.391758   45.279214   67.700398   0.701308    0.822086    8.566021    0.024583    0.329967    0.000000    0.000050    0.000500    0.000005    0.000500    0.000500    0.000005    0.000050    0.000050    0.734576    15.640409  
[37m[36mINFO[0m[0m 08/07 01:07:46 | 0.776399    0.759236    0.000000    0.963152    0.138659    0.926650    0.980769    0.982036    0.776399    0.759236    2100        50.299401   7.301892    0.014264    0.425746    0.019437    0.000000    0.500000    20.500164   13.499983   21.000000   0.019445    0.574387    0.993184    0.979971    0.014264    3.374378    3.828081    7.216723    0.085149    0.000019    71.543025   0.824665    1.000000    100.563959  45.277633   71.543025   0.710785    0.824665    7.287378    0.023777    0.262023    0.000000    0.000050    0.000500    0.000005    0.000500    0.000500    0.000005    0.000050    0.000050    0.667546    15.971499  
[37m[36mINFO[0m[0m 08/07 01:08:53 | 0.729962    0.742675    0.000000    0.964255    0.155469    0.946210    0.976496    0.970060    0.729962    0.742675    2200        52.694611   7.297923    0.016244    0.425289    0.018673    0.000000    0.500000    20.451443   13.946667   21.000000   0.018659    0.574844    0.993060    0.979903    0.016244    3.370212    3.826391    7.212847    0.085058    0.000019    71.161409   0.826266    1.000000    100.430842  45.276562   71.161409   0.708238    0.826266    7.499751    0.023841    0.277693    0.000000    0.000050    0.000500    0.000005    0.000500    0.000500    0.000005    0.000050    0.000050    0.495400    15.396060  
[37m[36mINFO[0m[0m 08/07 01:10:25 | 0.781807    0.785987    0.000000    0.952647    0.194625    0.924205    0.963675    0.970060    0.781807    0.785987    2300        55.089820   7.364312    0.047905    0.414600    0.019053    0.000000    0.500000    20.892850   14.378720   21.000000   0.019070    0.585554    0.991313    0.977796    0.047905    3.403305    3.830164    7.281373    0.082920    0.000019    69.766255   0.827918    1.000000    98.461680   45.268368   69.766255   0.707763    0.827918    12.811182   0.031394    0.722055    0.000000    0.000050    0.000500    0.000005    0.000500    0.000500    0.000005    0.000050    0.000050    0.735927    15.666451  
[37m[36mINFO[0m[0m 08/07 01:12:00 | 0.791667    0.779618    0.000000    0.968228    0.137790    0.955990    0.978632    0.970060    0.791667    0.779618    2400        57.485030   7.247795    0.005561    0.415483    0.021639    0.000000    0.500000    20.790578   14.606679   21.000000   0.021672    0.584652    0.994573    0.982828    0.005561    3.357843    3.801273    7.164677    0.083097    0.000022    75.182106   0.832160    1.000000    105.235422  45.259051   75.182106   0.713744    0.832160    3.335374    0.021982    0.108371    0.000000    0.000050    0.000500    0.000005    0.000500    0.000500    0.000005    0.000050    0.000050    0.761160    15.485844  
[37m[36mINFO[0m[0m 08/07 01:13:34 | 0.788804    0.792357    0.000000    0.970063    0.141963    0.965770    0.974359    0.970060    0.788804    0.792357    2500        59.880240   7.257224    0.010085    0.422568    0.024543    0.000000    0.500000    20.463834   14.895950   21.000000   0.024562    0.577553    0.994093    0.981694    0.010085    3.362788    3.799813    7.172686    0.084514    0.000025    70.553723   0.830221    1.000000    99.717162   45.255535   70.553723   0.706903    0.830221    5.322232    0.022922    0.186797    0.000000    0.000050    0.000500    0.000005    0.000500    0.000500    0.000005    0.000050    0.000050    0.754894    16.131035  
[37m[36mINFO[0m[0m 08/07 01:15:06 | 0.741412    0.741401    0.000000    0.955400    0.239939    0.938875    0.957265    0.970060    0.741412    0.741401    2600        62.275449   7.256735    0.008238    0.431890    0.024999    0.000000    0.500000    19.882901   14.658060   21.000000   0.024994    0.568235    0.993761    0.981326    0.008238    3.363620    3.798475    7.170332    0.086378    0.000025    68.173877   0.829512    1.000000    97.044245   45.253448   68.173877   0.701407    0.829512    5.211375    0.023120    0.195512    0.000000    0.000050    0.000500    0.000005    0.000500    0.000500    0.000005    0.000050    0.000050    0.725379    16.566979  
[37m[36mINFO[0m[0m 08/07 01:16:36 | 0.804707    0.801274    0.000000    0.964586    0.185423    0.960880    0.965812    0.967066    0.804707    0.801274    2700        64.670659   7.239927    0.004188    0.427068    0.024794    0.000000    0.500000    20.174813   14.891800   21.000000   0.024810    0.573050    0.994103    0.981484    0.004188    3.360813    3.789487    7.154488    0.085414    0.000025    70.305685   0.829573    1.000000    99.171612   45.252676   70.305685   0.708177    0.829573    3.561974    0.022069    0.101050    0.000000    0.000050    0.000500    0.000005    0.000500    0.000500    0.000005    0.000050    0.000050    0.689226    16.349153  
[37m[36mINFO[0m[0m 08/07 01:18:08 | 0.781807    0.780892    0.000000    0.965379    0.167477    0.955990    0.970085    0.970060    0.781807    0.780892    2800        67.065868   7.223333    0.004800    0.425802    0.024548    0.000000    0.500000    20.428199   14.324457   21.000000   0.024517    0.574316    0.994514    0.982503    0.004800    3.354716    3.778633    7.138148    0.085160    0.000025    72.982502   0.829973    1.000000    102.720504  45.253861   72.982502   0.709673    0.829973    3.807341    0.022229    0.113491    0.000000    0.000050    0.000500    0.000005    0.000500    0.000500    0.000005    0.000050    0.000050    0.714497    16.781160  
[37m[36mINFO[0m[0m 08/07 01:19:37 | 0.757316    0.779618    0.000000    0.962690    0.188396    0.946210    0.965812    0.976048    0.757316    0.779618    2900        69.461078   7.256953    0.018408    0.427505    0.021119    0.000000    0.500000    20.156073   14.723739   21.000000   0.021076    0.572619    0.993163    0.980214    0.018408    3.368179    3.784844    7.171431    0.085501    0.000021    70.782140   0.828716    1.000000    100.151179  45.251262   70.782140   0.705701    0.828716    7.090365    0.024529    0.280415    0.000000    0.000050    0.000500    0.000005    0.000500    0.000500    0.000005    0.000050    0.000050    0.669853    15.374816  
[37m[36mINFO[0m[0m 08/07 01:21:09 | 0.822519    0.840764    0.000000    0.963139    0.178957    0.953545    0.965812    0.970060    0.822519    0.840764    3000        71.856287   7.239143    0.009144    0.425173    0.017317    0.000000    0.500000    20.148571   14.067765   21.000000   0.017295    0.574951    0.993630    0.980977    0.009144    3.364365    3.780581    7.154091    0.085035    0.000017    68.553201   0.831916    1.000000    97.792116   45.245812   68.553201   0.699834    0.831916    5.281534    0.023410    0.191894    0.000000    0.000050    0.000500    0.000005    0.000500    0.000500    0.000005    0.000050    0.000050    0.742983    15.489743  
[37m[36mINFO[0m[0m 08/07 01:22:43 | 0.798664    0.803822    0.000000    0.962259    0.170401    0.946210    0.976496    0.964072    0.798664    0.803822    3100        74.251497   7.219270    0.003863    0.413805    0.014802    0.000000    0.500000    20.974366   14.233469   21.000000   0.014764    0.586313    0.994443    0.982026    0.003863    3.355376    3.777255    7.136494    0.082761    0.000015    72.763067   0.832085    1.000000    102.669586  45.245793   72.763067   0.708154    0.832085    3.424482    0.022076    0.098667    0.000000    0.000050    0.000500    0.000005    0.000500    0.000500    0.000005    0.000050    0.000050    0.736955    15.534740  
[37m[36mINFO[0m[0m 08/07 01:24:15 | 0.745229    0.746497    0.000000    0.948349    0.200613    0.933985    0.967949    0.943114    0.745229    0.746497    3200        76.646707   7.285171    0.029225    0.429369    0.011330    0.000000    0.500000    20.619570   14.501734   21.000000   0.011303    0.570763    0.991991    0.978095    0.029225    3.383249    3.786811    7.199286    0.085874    0.000011    65.560620   0.830281    1.000000    93.412489   45.237568   65.560620   0.700286    0.830281    10.846589   0.027218    0.421083    0.000000    0.000050    0.000500    0.000005    0.000500    0.000500    0.000005    0.000050    0.000050    0.734583    15.727583  
[37m[36mINFO[0m[0m 08/07 01:25:45 | 0.764949    0.752866    0.000000    0.955072    0.230766    0.941320    0.965812    0.958084    0.764949    0.752866    3300        79.041916   7.269676    0.024023    0.412694    0.010310    0.000000    0.500000    21.159486   13.521939   21.000000   0.010314    0.587450    0.991812    0.978399    0.024023    3.385106    3.777998    7.187127    0.082539    0.000010    66.837322   0.835516    1.000000    95.678377   45.227992   66.837322   0.697259    0.835516    9.464031    0.026497    0.382909    0.000000    0.000050    0.000500    0.000005    0.000500    0.000500    0.000005    0.000050    0.000050    0.685557    15.626624  
[37m[36mINFO[0m[0m 08/07 01:27:16 | 0.815204    0.822930    0.000000    0.964115    0.184468    0.946210    0.970085    0.976048    0.815204    0.822930    3400        81.437126   7.234832    0.019649    0.407927    0.010288    0.000000    0.500000    20.822733   13.477415   21.000000   0.010280    0.592210    0.992714    0.980110    0.019649    3.373152    3.760436    7.153237    0.081585    0.000010    69.039052   0.837038    1.000000    98.497649   45.222443   69.039052   0.700071    0.837038    8.737974    0.026049    0.327170    0.000000    0.000050    0.000500    0.000005    0.000500    0.000500    0.000005    0.000050    0.000050    0.693425    15.833569  
[37m[36mINFO[0m[0m 08/07 01:28:46 | 0.828562    0.826752    0.000000    0.962389    0.173004    0.955990    0.955128    0.976048    0.828562    0.826752    3500        83.832335   7.214134    0.007386    0.407921    0.008221    0.000000    0.500000    21.098079   13.954798   21.000000   0.008194    0.592201    0.994304    0.983063    0.007386    3.363557    3.761599    7.132541    0.081584    0.000008    77.399693   0.839326    1.000000    108.606881  45.223035   77.399693   0.712082    0.839326    4.750018    0.023030    0.158873    0.000000    0.000050    0.000500    0.000005    0.000500    0.000500    0.000005    0.000050    0.000050    0.702288    15.532572  
[37m[36mINFO[0m[0m 08/07 01:30:19 | 0.687023    0.670064    0.000000    0.954360    0.213139    0.941320    0.963675    0.958084    0.687023    0.670064    3600        86.227545   7.242391    0.016213    0.418427    0.006197    0.000000    0.500000    20.438328   13.744313   21.000000   0.006182    0.581692    0.993400    0.981429    0.016213    3.368700    3.773786    7.158699    0.083685    0.000006    70.704262   0.838049    1.000000    100.513983  45.216509   70.704262   0.703002    0.838049    6.513362    0.024449    0.283052    0.000000    0.000050    0.000500    0.000005    0.000500    0.000500    0.000005    0.000050    0.000050    0.741893    16.045708  
[37m[36mINFO[0m[0m 08/07 01:31:51 | 0.691158    0.686624    0.000000    0.962831    0.202985    0.946210    0.972222    0.970060    0.691158    0.686624    3700        88.622754   7.207395    0.004891    0.419542    0.004617    0.000000    0.500000    20.436285   13.713675   21.000000   0.004602    0.580576    0.994209    0.982625    0.004891    3.357459    3.761132    7.123482    0.083908    0.000005    71.120904   0.838113    1.000000    101.412233  45.218064   71.120904   0.700316    0.838113    4.030087    0.022578    0.111979    0.000000    0.000050    0.000500    0.000005    0.000500    0.000500    0.000005    0.000050    0.000050    0.697627    16.165192  
[37m[36mINFO[0m[0m 08/07 01:33:23 | 0.754771    0.750318    0.000000    0.968247    0.179800    0.946210    0.976496    0.982036    0.754771    0.750318    3800        91.017964   7.175001    0.001500    0.416003    0.003528    0.000000    0.500000    20.845475   13.190455   21.000000   0.003522    0.584104    0.995395    0.984490    0.001500    3.347716    3.742581    7.091796    0.083201    0.000004    74.450241   0.838772    1.000000    105.459101  45.217289   74.450241   0.705337    0.838772    1.645067    0.021425    0.035757    0.000000    0.000050    0.000500    0.000005    0.000500    0.000500    0.000005    0.000050    0.000050    0.708660    16.399943  
[37m[36mINFO[0m[0m 08/07 01:34:53 | 0.786896    0.771975    0.000000    0.974033    0.163864    0.958435    0.978632    0.985030    0.786896    0.771975    3900        93.413174   7.173711    0.001382    0.423463    0.002949    0.000000    0.500000    20.450244   13.374579   21.000000   0.002944    0.576643    0.995323    0.984185    0.001382    3.345241    3.742393    7.089016    0.084693    0.000003    70.602509   0.837725    1.000000    101.129226  45.216663   70.602509   0.697775    0.837725    1.754737    0.021657    0.034220    0.000000    0.000050    0.000500    0.000005    0.000500    0.000500    0.000005    0.000050    0.000050    0.698981    14.868302  
[37m[36mINFO[0m[0m 08/07 01:36:25 | 0.775445    0.778344    0.000000    0.957193    0.239630    0.951100    0.959402    0.961078    0.775445    0.778344    4000        95.808383   7.211120    0.008991    0.431862    0.002509    0.000000    0.500000    20.177552   13.207096   21.000000   0.002503    0.568248    0.994421    0.982465    0.008991    3.361397    3.754357    7.124745    0.086372    0.000003    68.336920   0.835041    1.000000    98.647465   45.215301   68.336920   0.692164    0.835041    4.747716    0.023367    0.160554    0.000000    0.000050    0.000500    0.000005    0.000500    0.000500    0.000005    0.000050    0.000050    0.742640    15.154793  
[37m[36mINFO[0m[0m 08/07 01:37:59 | 0.780216    0.766879    0.000000    0.950186    0.283052    0.926650    0.950855    0.973054    0.780216    0.766879    4100        98.203593   7.206004    0.007989    0.423674    0.002371    0.000000    0.500000    20.984969   12.893649   21.000000   0.002372    0.576453    0.994068    0.982660    0.007989    3.361281    3.751996    7.121266    0.084735    0.000002    70.467362   0.837195    1.000000    100.354803  45.208552   70.467362   0.701464    0.837195    5.279824    0.023813    0.182179    0.000000    0.000050    0.000500    0.000005    0.000500    0.000500    0.000005    0.000050    0.000050    0.757644    15.281512  
[37m[36mINFO[0m[0m 08/07 01:39:27 | 0.756361    0.749045    0.000000    0.975743    0.140199    0.958435    0.980769    0.988024    0.756361    0.749045    4200        100.598802  7.209490    0.015990    0.426142    0.002099    0.000000    0.500000    20.512861   12.532933   21.000000   0.002092    0.573989    0.993657    0.982287    0.015990    3.367398    3.740872    7.124260    0.085228    0.000002    66.310908   0.840065    1.000000    95.359576   45.200263   66.310908   0.693687    0.840065    6.598609    0.024829    0.250196    0.000000    0.000050    0.000500    0.000005    0.000500    0.000500    0.000005    0.000050    0.000050    0.662109    15.010939  
[37m[36mINFO[0m[0m 08/07 01:40:59 | 0.795165    0.802548    0.000000    0.959350    0.164927    0.941320    0.963675    0.973054    0.795165    0.802548    4300        102.994012  7.215837    0.013137    0.389500    0.001273    0.000000    0.500000    22.366623   13.815873   21.000000   0.001268    0.610640    0.993958    0.983139    0.013137    3.371275    3.753524    7.137936    0.077900    0.000001    76.200991   0.842906    1.000000    107.168011  45.198221   76.200991   0.710281    0.842906    6.785930    0.024952    0.229195    0.000000    0.000050    0.000500    0.000005    0.000500    0.000500    0.000005    0.000050    0.000050    0.732872    15.551525  
[37m[36mINFO[0m[0m 08/07 01:42:29 | 0.786896    0.793631    0.000000    0.969592    0.173589    0.951100    0.978632    0.979042    0.786896    0.793631    4400        105.389222  7.198999    0.015046    0.379347    0.000983    0.000000    0.500000    23.012286   14.321791   21.000000   0.000982    0.620790    0.993830    0.982701    0.015046    3.367184    3.740899    7.123129    0.075869    0.000001    82.396627   0.844457    1.000000    114.182846  45.190905   82.396627   0.719862    0.844457    6.972479    0.025026    0.296523    0.000000    0.000050    0.000500    0.000005    0.000500    0.000500    0.000005    0.000050    0.000050    0.702783    15.327495  
[37m[36mINFO[0m[0m 08/07 01:43:58 | 0.792303    0.801274    0.000000    0.972390    0.144607    0.980440    0.963675    0.973054    0.792303    0.801274    4500        107.784431  7.205663    0.011732    0.391014    0.001025    0.000000    0.500000    22.291311   14.729780   21.000000   0.001026    0.609118    0.994417    0.983948    0.011732    3.365125    3.750603    7.127459    0.078203    0.000001    79.188367   0.845019    1.000000    110.731482  45.183723   79.188367   0.714255    0.845019    5.375694    0.024057    0.190711    0.000000    0.000050    0.000500    0.000005    0.000500    0.000500    0.000005    0.000050    0.000050    0.681569    15.698320  
[37m[36mINFO[0m[0m 08/07 01:45:27 | 0.788486    0.791083    0.000000    0.962934    0.215080    0.948655    0.970085    0.970060    0.788486    0.791083    4600        110.179641  7.191570    0.011527    0.395467    0.000884    0.000000    0.500000    21.975568   15.307889   21.000000   0.000882    0.604647    0.993997    0.982893    0.011527    3.357719    3.743230    7.112476    0.079093    0.000001    76.111522   0.845141    1.000000    107.402983  45.181613   76.111522   0.707864    0.845141    5.704614    0.023694    0.196454    0.000000    0.000050    0.000500    0.000005    0.000500    0.000500    0.000005    0.000050    0.000050    0.678768    15.493343  
[37m[36mINFO[0m[0m 08/07 01:47:01 | 0.774173    0.774522    0.000000    0.941555    0.340116    0.931540    0.938034    0.955090    0.774173    0.774522    4700        112.574850  7.182270    0.007477    0.408311    0.000588    0.000000    0.500000    20.883554   14.536635   21.000000   0.000585    0.591801    0.994510    0.983504    0.007477    3.354898    3.738232    7.100607    0.081662    0.000001    67.212805   0.846327    1.000000    97.893548   45.169237   67.212805   0.686259    0.846327    4.082058    0.023239    0.156726    0.000000    0.000050    0.000500    0.000005    0.000500    0.000500    0.000005    0.000050    0.000050    0.754792    15.666604  
[37m[36mINFO[0m[0m 08/07 01:48:32 | 0.762087    0.770701    0.000000    0.960469    0.201280    0.951100    0.972222    0.958084    0.762087    0.770701    4800        114.970060  7.173739    0.008765    0.401871    0.000430    0.000000    0.500000    21.919710   13.662922   21.000000   0.000431    0.598245    0.993908    0.982044    0.008765    3.359188    3.725411    7.093364    0.080374    0.000000    75.186539   0.845752    1.000000    106.265202  45.173241   75.186539   0.706747    0.845752    4.729221    0.023478    0.171392    0.000000    0.000050    0.000500    0.000005    0.000500    0.000500    0.000005    0.000050    0.000050    0.678700    16.535947  
[37m[36mINFO[0m[0m 08/07 01:50:02 | 0.797074    0.814013    0.000000    0.958984    0.238422    0.946210    0.963675    0.967066    0.797074    0.814013    4900        117.365269  7.184188    0.010432    0.400273    0.000464    0.000000    0.500000    22.016261   13.821793   21.000000   0.000463    0.599849    0.993824    0.982096    0.010432    3.358493    3.735208    7.104133    0.080055    0.000000    74.032489   0.846449    1.000000    104.878785  45.162951   74.032489   0.704832    0.846449    5.558364    0.023706    0.171754    0.000000    0.000050    0.000500    0.000005    0.000500    0.000500    0.000005    0.000050    0.000050    0.695711    15.282646  
[37m[36mINFO[0m[0m 08/07 01:51:36 | 0.745547    0.756688    0.000000    0.960142    0.218093    0.936430    0.967949    0.976048    0.745547    0.756688    5000        119.760479  7.188713    0.013451    0.395098    0.000429    0.000000    0.500000    22.478389   13.090334   21.000000   0.000429    0.605027    0.993716    0.982579    0.013451    3.362728    3.733514    7.109693    0.079020    0.000000    75.363292   0.848887    1.000000    106.680763  45.158928   75.363292   0.705648    0.848887    7.284181    0.024602    0.249794    0.000000    0.000050    0.000500    0.000005    0.000500    0.000500    0.000005    0.000050    0.000050    0.745966    16.060023  
[37m[36mINFO[0m[0m 08/07 01:51:36 | ---
[37m[33mWARNING[0m[0m 08/07 01:51:37 | Evaluate SWAD ...
[37m[36mINFO[0m[0m 08/07 01:51:52 | 0.824109    0.836943    0.000000    0.981551    0.091380    0.977995    0.978632    0.988024    0.824109    0.836943    [101-5000]  (N=51)
[37m[36mINFO[0m[0m 08/07 01:51:52 | oracle = 82.252%
[37m[36mINFO[0m[0m 08/07 01:51:52 | iid = 75.636%
[37m[36mINFO[0m[0m 08/07 01:51:52 | last = 74.555%
[37m[36mINFO[0m[0m 08/07 01:51:52 | last (inD) = 96.014%
[37m[36mINFO[0m[0m 08/07 01:51:52 | iid (inD) = 97.574%
[37m[36mINFO[0m[0m 08/07 01:51:52 | SWAD = 82.411%
[37m[36mINFO[0m[0m 08/07 01:51:52 | SWAD (inD) = 98.155%
[37m[36mINFO[0m[0m 08/07 01:51:53 | === Summary ===
[37m[36mINFO[0m[0m 08/07 01:51:53 | Command: train_all.py pacs_piccl_isr_02 --algorithm PICCL --data_dir /home/hooasia/lgg/data/repro_dccl_data --output_root train_output/PACS_piccl_loss --steps 5000 --checkpoint_freq 100 --deterministic --piccl_isr_weight 0.2
[37m[36mINFO[0m[0m 08/07 01:51:53 | Unique name: 260806_20-53-46_pacs_piccl_isr_02
[37m[36mINFO[0m[0m 08/07 01:51:53 | Out path: train_output/PACS_piccl_loss/260806_20-53-46_pacs_piccl_isr_02
[37m[36mINFO[0m[0m 08/07 01:51:53 | Algorithm: PICCL
[37m[36mINFO[0m[0m 08/07 01:51:53 | Dataset: PACS
+------------+---------+---------+---------+---------+---------+
| Selection  |   env0  |   env1  |   env2  |   env3  |   Avg.  |
+------------+---------+---------+---------+---------+---------+
|   oracle   | 87.553% | 85.235% | 96.632% | 82.252% | 87.918% |
|    iid     | 87.980% | 77.878% | 97.006% | 75.636% | 84.625% |
|    last    | 87.126% | 82.249% | 95.434% | 74.555% | 84.841% |
| last (inD) | 97.074% | 95.031% | 95.205% | 96.014% | 95.831% |
| iid (inD)  | 97.458% | 97.062% | 96.812% | 97.574% | 97.227% |
|    SWAD    | 89.506% | 83.422% | 97.904% | 82.411% | 88.311% |
| SWAD (inD) | 98.225% | 97.682% | 97.532% | 98.155% | 97.898% |
+------------+---------+---------+---------+---------+---------+
