[37m[36mINFO[0m[0m 07/24 21:17:53 | Command :: train_all.py pacs2 --dataset PACS --algorithm PICCL --model resnet50 --data_dir /home/hooasia/lgg/data/repro_dccl_data --output_root train_output/PACS5 --steps 5000 --checkpoint_freq 100 --seed 0 --trial_seed 0 --deterministic --weight_decay 0.0 --t 0.1 --use_piccl true --piccl_rank 16 --piccl_beta_max 0.20 --piccl_residual_scale 0.20 --piccl_isr_weight 0.03 --piccl_orth_weight 0.001 --piccl_warmup_ratio 0.05 --piccl_ramp_ratio 0.10 --piccl_min_domain_samples 8 --piccl_use_reliable_contrast false
Environment:
	Python: 3.10.20
	PyTorch: 2.5.1+cu121
	Torchvision: 0.20.1+cu121
	CUDA: 12.1
	CUDNN: 90100
	NumPy: 2.2.6
	PIL: 12.0.0
Args:
	TN: False
	algorithm: PICCL
	aug: 0
	checkpoint_freq: 100
	configs: []
	data_dir: /home/hooasia/lgg/data/repro_dccl_data
	dataset: PACS
	debug: False
	deterministic: True
	domainnet_auto_source_count: 3
	erm_baseline: weak
	evalmode: fast
	holdout_fraction: 0.2
	l: 1
	l_d: 0.05
	l_layer: 1
	label_ratio: 1.0
	lamda: 5
	log: False
	mix: 0
	model: resnet50
	model_save: None
	n_layer: 1
	name: pacs2
	out_dir: train_output/PACS5/260724_21-17-53_pacs2
	out_root: train_output/PACS5
	output_root: train_output/PACS5
	pos_mask: False
	prebuild_loader: False
	re_w: False
	sample_d: False
	seed: 0
	selection_key: SWAD
	show: False
	source_envs: None
	start_epoch: 1000
	steps: 5000
	sup: True
	t: 0.1
	t_pre: 0.2
	target_env: None
	tb_freq: 10
	test_envs: None
	trial_seed: 0
	two_ce: False
	unique_name: 260724_21-17-53_pacs2
	weak_erm: False
	work_dir: .
HParams:
	data_augmentation: True
	val_augment: False
	resnet18: False
	resnet_dropout: 0.0
	class_balanced: False
	optimizer: adam
	freeze_bn: True
	pretrained: True
	lr: 5e-05
	batch_size: 32
	[36mweight_decay: 0.0
	[0m[36mpiccl_rank: 16
	[0m[36mpiccl_beta_max: 0.2
	[0m[36mpiccl_isr_weight: 0.03
	[0m[36mpiccl_orth_weight: 0.001
	[0mpiccl_isr_aug_weight: 1.0
	piccl_isr_dom_weight: 0.25
	piccl_warmup_steps: 0
	piccl_ramp_steps: 0
	[36mpiccl_warmup_ratio: 0.05
	[0m[36mpiccl_ramp_ratio: 0.1
	[0mpiccl_min_delta_norm: 0.0001
	[36mpiccl_min_domain_samples: 8
	[0mpiccl_semantic_threshold: 0.2
	piccl_semantic_min_weight: 0.2
	[36mpiccl_residual_scale: 0.2
	[0mpiccl_strict_bypass: True
	[36muse_piccl: True
	[0m[36mpiccl_use_reliable_contrast: False
	[0mpiccl_reliable_contrast_min_weight: 0.5
	piccl_reliable_contrast_gamma_max: 0.3
	piccl_reliable_contrast_warmup_steps: 0
	piccl_reliable_contrast_ramp_steps: 0
	piccl_reliable_contrast_min_delta_norm: 1e-06
	t: 0.1
	t_pre: 0.2
	l: 1
	l_d: 0.01
	l_layer: 1
	n_layer: 1
	sup: True
	two_ce: False
	sample_d: False
	re_w: False
	pos_mask: False
	mix: 0
	aug: 0
	model: resnet50
	label_ratio: 1.0
	TN: False
	lamda: 5
	start_epoch: 1000
	log: False
	swad: LossValley
	swad_kwargs: 
	  n_converge: 3
	  n_tolerance: 6
	  tolerance_ratio: 0.3
	test_batchsize: 128
	indomain_test: False
Dataset:
	[PACS] #envs=4, #classes=7
	env0: art_painting (#2048)
	env1: cartoon (#2344)
	env2: photo (#1670)
	env3: sketch (#3929)

[37m[36mINFO[0m[0m 07/24 21:17:57 | n_steps = 5000
[37m[36mINFO[0m[0m 07/24 21:17:57 | checkpoint_freq = 100
[37m[36mINFO[0m[0m 07/24 21:17:57 | n_steps is updated to 5000 => 5001 for checkpointing
[37m[36mINFO[0m[0m 07/24 21:17:57 | Target test envs = [[0], [1], [2], [3]]
[37m[36mINFO[0m[0m 07/24 21:17:57 | 
[37m[36mINFO[0m[0m 07/24 21:18:01 | Testenv name escaping te_art_painting -> te_art_painting
[37m[36mINFO[0m[0m 07/24 21:18:01 | Test envs = [0], name = te_art_painting
[37m[36mINFO[0m[0m 07/24 21:18:01 | Batch sizes for each domain: [0, 32, 32, 32] (total=96)
[37m[36mINFO[0m[0m 07/24 21:18:01 | steps-per-epoch for each domain: 58.62, 41.75, 98.25 -> min = 41.75
[37m[36mINFO[0m[0m 07/24 21:18:03 | # of params = 49165255
[37m[36mINFO[0m[0m 07/24 21:18:15 | test_in     test_out    train_in    train_out   tr_outloss  env0_in     env0_out    env1_out    env2_out    env3_out    step        epoch       loss        loss_cls    sup_cl_los  pre_cl_los  reg_loss    loss_isr    loss_isr_a  loss_isr_d  loss_orth   piccl_lamb  piccl_beta  valid_augm  valid_clas  delta_aug_  delta_aug_  delta_dom_  delta_dom_  projection  basis_orth  basis_rank  basis_norm  residual_b  residual_b  piccl_has_  reliable_c  reliable_c  cross_doma  valid_reli  step_time   eval_time  
[37m[36mINFO[0m[0m 07/24 21:18:15 | 0.131178    0.178484    0.000000    0.236210    1.887570    0.131178    0.178484    0.226496    0.260479    0.221656    0           0.000000    12.300487   1.940914    5.304292    5.112845    -5.756462   0.000000    0.000000    0.000000    0.002203    0.000000    0.000000    0.000000    0.000000    0.000000    0.000000    0.000000    0.000000    0.000000    0.002203    16.000000   3.639568    0.000000    0.000000    0.000000    0.000000    0.000000    0.000000    0.000000    1.078360    10.543868  
[37m[36mINFO[0m[0m 07/24 21:19:11 | 0.881025    0.894866    0.000000    0.950197    0.145186    0.881025    0.894866    0.970085    0.976048    0.904459    100         2.395210    8.770340    0.326741    3.839952    4.600411    0.323610    0.992516    0.992516    0.000000    0.002203    0.000000    0.000000    96.000000   0.000000    12.034618   23.645016   0.000000    0.000000    0.007484    0.002203    16.000000   3.639568    0.000000    0.000000    0.000000    0.000000    0.000000    0.000000    0.000000    0.438326    10.834085  
[37m[36mINFO[0m[0m 07/24 21:20:08 | 0.850519    0.860636    0.000000    0.967351    0.103842    0.850519    0.860636    0.965812    0.991018    0.945223    200         4.790419    7.977029    0.101356    3.542189    4.348330    -1.484555   0.992425    0.992425    0.000000    0.002203    0.000000    0.000000    96.000000   0.000000    11.126704   21.808230   0.000000    0.000000    0.007566    0.002203    16.000000   3.639568    0.000000    0.000000    0.000000    0.000000    0.000000    0.000000    0.000000    0.435847    11.397948  
[37m[36mINFO[0m[0m 07/24 21:21:34 | 0.872483    0.880196    0.000000    0.951164    0.142541    0.872483    0.880196    0.948718    0.985030    0.919745    300         7.185629    7.724957    0.057591    3.462138    4.225670    -2.138815   1.115303    0.991786    0.494068    0.002207    0.025500    0.005100    96.000000   10.040000   10.870351   21.860303   4.718238    6.024246    0.008263    0.002208    16.000000   3.638997    3.470000    10.090000   0.000000    0.000000    0.000000    0.000000    0.000000    0.692246    12.837853  
[37m[36mINFO[0m[0m 07/24 21:23:08 | 0.856620    0.855746    0.000000    0.971589    0.097568    0.856620    0.855746    0.972222    0.982036    0.960510    400         9.580838    7.602306    0.037115    3.420908    4.162997    -2.602859   1.216580    0.983171    0.933639    0.002270    0.201000    0.040200    96.000000   21.000000   10.639840   20.372914   8.474092    11.350578   0.017073    0.002271    16.000000   3.633189    7.000000    21.000000   0.000000    0.000000    0.000000    0.000000    0.000000    0.776218    13.337575  
[37m[36mINFO[0m[0m 07/24 21:24:44 | 0.890787    0.889976    0.000000    0.974000    0.090370    0.890787    0.889976    0.974359    0.982036    0.965605    500         11.976048   7.534989    0.032301    3.402605    4.115844    -2.974667   1.164927    0.967623    0.789218    0.002421    0.401000    0.080200    96.000000   21.000000   10.495561   20.110913   8.053531    10.940559   0.032686    0.002423    16.000000   3.624454    7.000000    21.000000   0.000000    0.000000    0.000000    0.000000    0.000000    0.795185    13.510748  
[37m[36mINFO[0m[0m 07/24 21:26:15 | 0.855400    0.860636    0.000000    0.971153    0.100734    0.855400    0.860636    0.970085    0.979042    0.964331    600         14.371257   7.492501    0.030205    3.397827    4.077292    -3.277988   1.108251    0.951351    0.627600    0.002780    0.601000    0.120200    96.000000   21.000000   10.367116   20.074867   7.983765    10.838389   0.049031    0.002784    16.000000   3.606458    7.000000    21.000000   0.000000    0.000000    0.000000    0.000000    0.000000    0.678032    13.917689  
[37m[36mINFO[0m[0m 07/24 21:27:51 | 0.840757    0.850856    0.000000    0.973450    0.089943    0.840757    0.850856    0.978632    0.985030    0.956688    700         16.766467   7.458025    0.030775    3.388889    4.047855    -3.494806   1.059994    0.934658    0.501343    0.003325    0.801000    0.160200    96.000000   21.000000   10.396948   19.795095   7.995868    10.922120   0.065839    0.003331    16.000000   3.582472    7.000000    21.000000   0.000000    0.000000    0.000000    0.000000    0.000000    0.741447    14.553731  
[37m[36mINFO[0m[0m 07/24 21:29:24 | 0.858450    0.850856    0.000000    0.965335    0.120652    0.858450    0.850856    0.970085    0.973054    0.952866    800         19.161677   7.395944    0.016724    3.367023    4.019324    -3.705321   1.022747    0.918924    0.415293    0.003941    0.975500    0.195100    96.000000   21.000000   10.365547   19.613728   8.046323    11.040830   0.081524    0.003947    16.000000   3.557605    7.000000    21.000000   0.000000    0.000000    0.000000    0.000000    0.000000    0.716235    13.597767  
[37m[36mINFO[0m[0m 07/24 21:30:55 | 0.829164    0.843521    0.000000    0.967629    0.126034    0.829164    0.843521    0.970085    0.985030    0.947771    900         21.556886   7.365878    0.013047    3.360230    4.001506    -3.883323   0.997485    0.905381    0.368418    0.004505    1.000000    0.200000    96.000000   21.000000   10.303827   19.876109   8.058874    11.026277   0.095022    0.004510    16.000000   3.535640    7.000000    21.000000   0.000000    0.000000    0.000000    0.000000    0.000000    0.705789    13.833483  
[37m[36mINFO[0m[0m 07/24 21:32:30 | 0.843807    0.850856    0.000000    0.967316    0.111571    0.843807    0.850856    0.959402    0.982036    0.960510    1000        23.952096   7.374152    0.017947    3.373660    3.993786    -4.059540   0.978302    0.892388    0.343656    0.004975    1.000000    0.200000    96.000000   21.000000   10.264090   20.016849   8.090419    11.018596   0.108193    0.004980    16.000000   3.517194    7.000000    21.000000   0.000000    0.000000    0.000000    0.000000    0.000000    0.737806    13.379680  
[37m[36mINFO[0m[0m 07/24 21:34:05 | 0.883466    0.887531    0.000000    0.973164    0.093910    0.883466    0.887531    0.980769    0.982036    0.956688    1100        26.347305   7.320703    0.013262    3.355675    3.964785    -4.184184   0.960556    0.879871    0.322740    0.005394    1.000000    0.200000    96.000000   21.000000   10.345429   19.662095   8.094763    11.045688   0.120431    0.005398    16.000000   3.500797    7.000000    21.000000   0.000000    0.000000    0.000000    0.000000    0.000000    0.746419    13.168857  
[37m[36mINFO[0m[0m 07/24 21:35:42 | 0.829774    0.838631    0.000000    0.967323    0.117277    0.829774    0.838631    0.976496    0.970060    0.955414    1200        28.742515   7.308008    0.010601    3.351707    3.961525    -4.420367   0.945785    0.868323    0.309846    0.005780    1.000000    0.200000    96.000000   21.000000   10.219226   19.264271   8.088946    11.008765   0.132074    0.005783    16.000000   3.485666    7.000000    21.000000   0.000000    0.000000    0.000000    0.000000    0.000000    0.745003    14.453097  
[37m[36mINFO[0m[0m 07/24 21:37:16 | 0.851129    0.860636    0.000000    0.970030    0.104241    0.851129    0.860636    0.974359    0.979042    0.956688    1300        31.137725   7.311538    0.013308    3.359468    3.956183    -4.553496   0.936949    0.862112    0.299345    0.006125    1.000000    0.200000    96.000000   21.000000   10.181498   19.107357   8.037237    10.931645   0.138403    0.006129    16.000000   3.472132    7.000000    21.000000   0.000000    0.000000    0.000000    0.000000    0.000000    0.723298    14.530002  
[37m[36mINFO[0m[0m 07/24 21:38:50 | 0.846248    0.858191    0.000000    0.954863    0.163143    0.846248    0.858191    0.957265    0.985030    0.922293    1400        33.532934   7.320797    0.019464    3.369768    3.949706    -4.604931   0.930060    0.857342    0.290872    0.006435    1.000000    0.200000    96.000000   21.000000   10.301950   19.452463   8.034720    10.915440   0.143360    0.006437    16.000000   3.460066    7.000000    21.000000   0.000000    0.000000    0.000000    0.000000    0.000000    0.719291    14.623255  
[37m[36mINFO[0m[0m 07/24 21:40:24 | 0.838316    0.853301    0.000000    0.965175    0.125828    0.838316    0.853301    0.967949    0.967066    0.960510    1500        35.928144   7.388560    0.044835    3.406556    3.955614    -4.601952   0.918920    0.848421    0.281995    0.006717    1.000000    0.200000    96.000000   21.000000   10.420132   19.942264   8.037524    10.927622   0.151878    0.006720    16.000000   3.449089    7.000000    21.000000   0.000000    0.000000    0.000000    0.000000    0.000000    0.721479    14.450146  
[37m[36mINFO[0m[0m 07/24 21:42:00 | 0.861501    0.867971    0.000000    0.969603    0.102692    0.861501    0.867971    0.970085    0.982036    0.956688    1600        38.323353   7.261747    0.015885    3.356039    3.910251    -4.780269   0.912258    0.843300    0.275831    0.006971    1.000000    0.200000    96.000000   21.000000   10.283182   19.778217   8.065650    10.891364   0.157140    0.006974    16.000000   3.439108    7.000000    21.000000   0.000000    0.000000    0.000000    0.000000    0.000000    0.740791    14.507801  
[37m[36mINFO[0m[0m 07/24 21:43:33 | 0.836486    0.863081    0.000000    0.977133    0.093723    0.836486    0.863081    0.976496    0.988024    0.966879    1700        40.718563   7.233427    0.006413    3.342301    3.907717    -5.018790   0.905917    0.838165    0.271008    0.007208    1.000000    0.200000    96.000000   21.000000   10.239474   19.654993   8.057032    10.949657   0.162229    0.007210    16.000000   3.429693    7.000000    21.000000   0.000000    0.000000    0.000000    0.000000    0.000000    0.710774    14.621542  
[37m[36mINFO[0m[0m 07/24 21:45:08 | 0.878585    0.885086    0.000000    0.970468    0.111628    0.878585    0.885086    0.980769    0.979042    0.951592    1800        43.113772   7.208304    0.002579    3.333484    3.897042    -5.193409   0.904171    0.836919    0.269006    0.007412    1.000000    0.200000    96.000000   21.000000   10.172804   19.317460   8.080828    11.080787   0.163315    0.007413    16.000000   3.421256    7.000000    21.000000   0.000000    0.000000    0.000000    0.000000    0.000000    0.734640    14.748020  
[37m[36mINFO[0m[0m 07/24 21:46:41 | 0.851739    0.858191    0.000000    0.975998    0.086929    0.851739    0.858191    0.978632    0.985030    0.964331    1900        45.508982   7.218606    0.006208    3.342308    3.896368    -5.327421   0.899587    0.833701    0.263543    0.007593    1.000000    0.200000    96.000000   21.000000   10.121948   19.004270   8.094852    11.090514   0.166706    0.007595    16.000000   3.413464    7.000000    21.000000   0.000000    0.000000    0.000000    0.000000    0.000000    0.708242    14.789908  
[37m[36mINFO[0m[0m 07/24 21:48:14 | 0.883466    0.889976    0.000000    0.977421    0.086587    0.883466    0.889976    0.978632    0.988024    0.965605    2000        47.904192   7.195605    0.005348    3.337488    3.880589    -5.467081   0.894765    0.830478    0.257148    0.007755    1.000000    0.200000    96.000000   21.000000   10.102451   19.173537   8.087488    11.104047   0.169845    0.007756    16.000000   3.406196    7.000000    21.000000   0.000000    0.000000    0.000000    0.000000    0.000000    0.708036    15.007837  
[37m[36mINFO[0m[0m 07/24 21:49:46 | 0.874314    0.889976    0.000000    0.977832    0.080989    0.874314    0.889976    0.972222    0.988024    0.973248    2100        50.299401   7.196211    0.005615    3.339175    3.880292    -5.555964   0.889311    0.826725    0.250341    0.007905    1.000000    0.200000    96.000000   21.000000   10.106140   19.116476   8.054138    11.028990   0.173658    0.007906    16.000000   3.399249    7.000000    21.000000   0.000000    0.000000    0.000000    0.000000    0.000000    0.710578    13.586322  
[37m[36mINFO[0m[0m 07/24 21:51:15 | 0.868822    0.885086    0.000000    0.977695    0.077845    0.868822    0.885086    0.974359    0.988024    0.970701    2200        52.694611   7.161466    0.001125    3.325120    3.865805    -5.717107   0.885973    0.824046    0.247709    0.008040    1.000000    0.200000    96.000000   21.000000   10.107516   19.272886   8.030746    10.965812   0.176097    0.008041    16.000000   3.392579    7.000000    21.000000   0.000000    0.000000    0.000000    0.000000    0.000000    0.666807    13.697806  
[37m[36mINFO[0m[0m 07/24 21:52:48 | 0.895668    0.894866    0.000000    0.980980    0.084208    0.895668    0.894866    0.985043    0.991018    0.966879    2300        55.089820   7.157467    0.002721    3.326072    3.860792    -5.864649   0.884028    0.823235    0.243170    0.008154    1.000000    0.200000    96.000000   21.000000   10.037062   18.773221   8.020809    11.003257   0.176954    0.008155    16.000000   3.386334    7.000000    21.000000   0.000000    0.000000    0.000000    0.000000    0.000000    0.719443    13.812866  
[37m[36mINFO[0m[0m 07/24 21:54:22 | 0.883466    0.885086    0.000000    0.971302    0.120120    0.883466    0.885086    0.970085    0.982036    0.961783    2400        57.485030   7.184270    0.006893    3.341575    3.868774    -5.937158   0.879697    0.820528    0.236676    0.008256    1.000000    0.200000    96.000000   21.000000   10.081532   19.005245   8.017065    11.071762   0.179862    0.008257    16.000000   3.380467    7.000000    21.000000   0.000000    0.000000    0.000000    0.000000    0.000000    0.719209    14.366760  
[37m[36mINFO[0m[0m 07/24 21:55:57 | 0.848078    0.838631    0.000000    0.951244    0.178015    0.848078    0.838631    0.963675    0.946108    0.943949    2500        59.880240   7.192731    0.014579    3.354476    3.856750    -5.937011   0.876261    0.818107    0.232614    0.008357    1.000000    0.200000    96.000000   21.000000   10.178856   19.710412   8.011159    11.117766   0.182439    0.008358    16.000000   3.374652    7.000000    21.000000   0.000000    0.000000    0.000000    0.000000    0.000000    0.741756    13.337015  
[37m[36mINFO[0m[0m 07/24 21:57:32 | 0.845638    0.809291    0.000000    0.955499    0.197358    0.845638    0.809291    0.933761    0.976048    0.956688    2600        62.275449   7.226272    0.021044    3.369192    3.869635    -5.964807   0.868017    0.811273    0.226976    0.008463    1.000000    0.200000    96.000000   21.000000   10.295633   19.717745   8.013721    11.136562   0.189585    0.008464    16.000000   3.368714    7.000000    21.000000   0.000000    0.000000    0.000000    0.000000    0.000000    0.744421    13.289600  
[37m[36mINFO[0m[0m 07/24 21:59:08 | 0.800488    0.787286    0.000000    0.965308    0.157346    0.800488    0.787286    0.957265    0.973054    0.965605    2700        64.670659   7.197204    0.014771    3.358879    3.857768    -6.012888   0.863560    0.807894    0.222662    0.008566    1.000000    0.200000    96.000000   21.000000   10.281478   19.632400   8.049318    11.130347   0.192705    0.008567    16.000000   3.362750    7.000000    21.000000   0.000000    0.000000    0.000000    0.000000    0.000000    0.738735    14.718672  
[37m[36mINFO[0m[0m 07/24 22:00:38 | 0.851739    0.838631    0.000000    0.957508    0.168385    0.851739    0.838631    0.963675    0.961078    0.947771    2800        67.065868   7.214792    0.020774    3.366760    3.863264    -6.183116   0.860552    0.805871    0.218726    0.008663    1.000000    0.200000    96.000000   21.000000   10.214940   19.443513   8.086446    11.064461   0.195014    0.008664    16.000000   3.356847    7.000000    21.000000   0.000000    0.000000    0.000000    0.000000    0.000000    0.661828    14.872104  
[37m[36mINFO[0m[0m 07/24 22:02:09 | 0.846248    0.841076    0.000000    0.969451    0.135966    0.846248    0.841076    0.961538    0.985030    0.961783    2900        69.461078   7.143609    0.009373    3.338372    3.832301    -6.214606   0.856675    0.802387    0.217151    0.008759    1.000000    0.200000    96.000000   21.000000   10.227824   19.599302   8.094141    11.090860   0.197965    0.008760    16.000000   3.350907    7.000000    21.000000   0.000000    0.000000    0.000000    0.000000    0.000000    0.671376    14.738574  
[37m[36mINFO[0m[0m 07/24 22:03:44 | 0.827944    0.821516    0.000000    0.971861    0.105868    0.827944    0.821516    0.963675    0.985030    0.966879    3000        71.856287   7.157358    0.004876    3.341305    3.849749    -6.421381   0.854450    0.801312    0.212551    0.008851    1.000000    0.200000    96.000000   21.000000   10.155811   19.195550   8.085667    10.968920   0.198983    0.008852    16.000000   3.344972    7.000000    21.000000   0.000000    0.000000    0.000000    0.000000    0.000000    0.732392    14.678580  
[37m[36mINFO[0m[0m 07/24 22:05:20 | 0.868212    0.858191    0.000000    0.978119    0.096968    0.868212    0.858191    0.974359    0.988024    0.971975    3100        74.251497   7.126947    0.001382    3.325815    3.839773    -6.553119   0.849996    0.798891    0.204418    0.008939    1.000000    0.200000    96.000000   21.000000   10.109525   19.085481   8.087565    10.950979   0.201270    0.008940    16.000000   3.339150    7.000000    21.000000   0.000000    0.000000    0.000000    0.000000    0.000000    0.741851    14.756212  
[37m[36mINFO[0m[0m 07/24 22:06:55 | 0.877974    0.853301    0.000000    0.975284    0.098466    0.877974    0.853301    0.972222    0.988024    0.965605    3200        76.646707   7.105183    0.000967    3.322412    3.823125    -6.675949   0.847651    0.797673    0.199915    0.009020    1.000000    0.200000    96.000000   21.000000   10.110299   19.332954   8.081509    10.943214   0.202465    0.009021    16.000000   3.333481    7.000000    21.000000   0.000000    0.000000    0.000000    0.000000    0.000000    0.721717    14.867529  
[37m[36mINFO[0m[0m 07/24 22:08:28 | 0.845027    0.843521    0.000000    0.970742    0.127337    0.845027    0.843521    0.976496    0.979042    0.956688    3300        79.041916   7.124366    0.006470    3.334584    3.825338    -6.741111   0.845900    0.796877    0.196092    0.009096    1.000000    0.200000    96.000000   21.000000   10.072851   18.804260   8.084529    10.992439   0.203539    0.009097    16.000000   3.327943    7.000000    21.000000   0.000000    0.000000    0.000000    0.000000    0.000000    0.718374    14.908234  
[37m[36mINFO[0m[0m 07/24 22:10:02 | 0.830384    0.843521    0.000000    0.971726    0.126171    0.830384    0.843521    0.970085    0.982036    0.963057    3400        81.437126   7.126225    0.004980    3.336686    3.827130    -6.777406   0.839799    0.792470    0.189316    0.009174    1.000000    0.200000    96.000000   21.000000   10.095232   19.116372   8.062404    10.957920   0.207977    0.009174    16.000000   3.322392    7.000000    21.000000   0.000000    0.000000    0.000000    0.000000    0.000000    0.715579    14.889793  
[37m[36mINFO[0m[0m 07/24 22:11:34 | 0.851739    0.865526    0.000000    0.965897    0.126472    0.851739    0.865526    0.967949    0.973054    0.956688    3500        83.832335   7.113500    0.004193    3.333863    3.819110    -6.873168   0.835209    0.788765    0.185779    0.009264    1.000000    0.200000    96.000000   21.000000   10.090020   19.351496   8.069574    10.916653   0.211488    0.009264    16.000000   3.316476    7.000000    21.000000   0.000000    0.000000    0.000000    0.000000    0.000000    0.716306    13.616488  
[37m[36mINFO[0m[0m 07/24 22:13:10 | 0.853569    0.875306    0.000000    0.974139    0.099929    0.853569    0.875306    0.976496    0.979042    0.966879    3600        86.227545   7.137621    0.010175    3.344471    3.827097    -6.909447   0.832116    0.786838    0.181112    0.009356    1.000000    0.200000    96.000000   21.000000   10.132920   19.062802   8.095715    11.196574   0.213669    0.009357    16.000000   3.310543    7.000000    21.000000   0.000000    0.000000    0.000000    0.000000    0.000000    0.740161    14.199894  
[37m[36mINFO[0m[0m 07/24 22:14:40 | 0.836486    0.860636    0.000000    0.975135    0.099587    0.836486    0.860636    0.972222    0.985030    0.968153    3700        88.622754   7.130055    0.009386    3.343491    3.821451    -6.922612   0.831452    0.787624    0.175308    0.009437    1.000000    0.200000    96.000000   21.000000   10.200088   19.325601   8.092575    11.292066   0.212733    0.009437    16.000000   3.304988    7.000000    21.000000   0.000000    0.000000    0.000000    0.000000    0.000000    0.664321    14.007902  
[37m[36mINFO[0m[0m 07/24 22:16:15 | 0.864552    0.867971    0.000000    0.964897    0.119420    0.864552    0.867971    0.963675    0.973054    0.957962    3800        91.017964   7.173170    0.015761    3.362171    3.840353    -6.990302   0.825940    0.783434    0.170027    0.009511    1.000000    0.200000    96.000000   21.000000   10.208597   19.414223   8.120775    11.457360   0.217001    0.009512    16.000000   3.299483    7.000000    21.000000   0.000000    0.000000    0.000000    0.000000    0.000000    0.735006    14.129081  
[37m[36mINFO[0m[0m 07/24 22:17:50 | 0.821843    0.838631    0.000000    0.971432    0.125681    0.821843    0.838631    0.978632    0.970060    0.965605    3900        93.413174   7.141991    0.012979    3.352385    3.821994    -7.003943   0.822085    0.780346    0.166956    0.009587    1.000000    0.200000    96.000000   21.000000   10.205304   19.200866   8.070551    11.290881   0.220111    0.009588    16.000000   3.293929    7.000000    21.000000   0.000000    0.000000    0.000000    0.000000    0.000000    0.740358    14.051577  
[37m[36mINFO[0m[0m 07/24 22:19:20 | 0.860281    0.882641    0.000000    0.963762    0.153425    0.860281    0.882641    0.965812    0.970060    0.955414    4000        95.808383   7.157203    0.016882    3.355971    3.830364    -7.064549   0.820710    0.779083    0.166506    0.009662    1.000000    0.200000    96.000000   21.000000   10.252873   19.285216   8.117013    11.371806   0.221485    0.009663    16.000000   3.288436    7.000000    21.000000   0.000000    0.000000    0.000000    0.000000    0.000000    0.666666    14.298989  
[37m[36mINFO[0m[0m 07/24 22:20:55 | 0.848078    0.858191    0.000000    0.976274    0.097594    0.848078    0.858191    0.978632    0.982036    0.968153    4100        98.203593   7.103008    0.004258    3.339060    3.807433    -7.229363   0.818065    0.776625    0.165761    0.009740    1.000000    0.200000    96.000000   21.000000   10.258391   19.546637   8.138111    11.324859   0.223713    0.009741    16.000000   3.282977    7.000000    21.000000   0.000000    0.000000    0.000000    0.000000    0.000000    0.731817    14.326521  
[37m[36mINFO[0m[0m 07/24 22:22:27 | 0.846858    0.867971    0.000000    0.973450    0.107572    0.846858    0.867971    0.978632    0.985030    0.956688    4200        100.598802  7.105434    0.004842    3.337636    3.811563    -7.312535   0.816980    0.775816    0.164656    0.009820    1.000000    0.200000    96.000000   21.000000   10.204140   19.065155   8.174167    11.445501   0.224504    0.009821    16.000000   3.277471    7.000000    21.000000   0.000000    0.000000    0.000000    0.000000    0.000000    0.709224    13.855977  
[37m[36mINFO[0m[0m 07/24 22:23:57 | 0.871263    0.867971    0.000000    0.974988    0.097003    0.871263    0.867971    0.976496    0.979042    0.969427    4300        102.994012  7.083716    0.001611    3.328187    3.803740    -7.425230   0.814004    0.773559    0.161783    0.009902    1.000000    0.200000    96.000000   21.000000   10.190283   19.424831   8.193450    11.443513   0.226695    0.009902    16.000000   3.271935    7.000000    21.000000   0.000000    0.000000    0.000000    0.000000    0.000000    0.664202    13.321289  
[37m[36mINFO[0m[0m 07/24 22:25:27 | 0.846248    0.860636    0.000000    0.973012    0.114802    0.846248    0.860636    0.972222    0.985030    0.961783    4400        105.389222  7.082921    0.001444    3.329944    3.802878    -7.571126   0.811916    0.772445    0.157885    0.009976    1.000000    0.200000    96.000000   21.000000   10.137325   19.321018   8.147072    11.390163   0.227705    0.009977    16.000000   3.266588    7.000000    21.000000   0.000000    0.000000    0.000000    0.000000    0.000000    0.672529    13.523946  
[37m[36mINFO[0m[0m 07/24 22:27:01 | 0.840757    0.848411    0.000000    0.971865    0.119897    0.840757    0.848411    0.972222    0.979042    0.964331    4500        107.784431  7.103530    0.005351    3.337149    3.812646    -7.594653   0.810669    0.772318    0.153406    0.010053    1.000000    0.200000    96.000000   21.000000   10.137292   19.294917   8.129677    11.501597   0.228109    0.010054    16.000000   3.261199    7.000000    21.000000   0.000000    0.000000    0.000000    0.000000    0.000000    0.739839    13.284534  
[37m[36mINFO[0m[0m 07/24 22:28:35 | 0.830995    0.860636    0.000000    0.964478    0.151225    0.830995    0.860636    0.976496    0.964072    0.952866    4600        110.179641  7.144357    0.016719    3.361314    3.817419    -7.524389   0.804586    0.767280    0.149223    0.010139    1.000000    0.200000    96.000000   21.000000   10.214987   20.008341   8.142906    11.444799   0.233364    0.010140    16.000000   3.255653    7.000000    21.000000   0.000000    0.000000    0.000000    0.000000    0.000000    0.733584    13.362561  
[37m[36mINFO[0m[0m 07/24 22:30:09 | 0.818792    0.826406    0.000000    0.964059    0.140268    0.818792    0.826406    0.965812    0.976048    0.950318    4700        112.574850  7.080563    0.006220    3.336484    3.790058    -7.630864   0.803311    0.766453    0.147430    0.010224    1.000000    0.200000    96.000000   21.000000   10.192125   19.594852   8.118583    11.455846   0.233923    0.010224    16.000000   3.250201    7.000000    21.000000   0.000000    0.000000    0.000000    0.000000    0.000000    0.727996    13.521429  
[37m[36mINFO[0m[0m 07/24 22:31:44 | 0.834655    0.858191    0.000000    0.978135    0.088625    0.834655    0.858191    0.985043    0.985030    0.964331    4800        114.970060  7.072419    0.002502    3.330157    3.793539    -7.782348   0.801129    0.764573    0.146224    0.010303    1.000000    0.200000    96.000000   21.000000   10.165166   19.435155   8.105320    11.460509   0.235704    0.010303    16.000000   3.244904    7.000000    21.000000   0.000000    0.000000    0.000000    0.000000    0.000000    0.737636    13.592964  
[37m[36mINFO[0m[0m 07/24 22:33:17 | 0.863331    0.865526    0.000000    0.976000    0.100450    0.863331    0.865526    0.982906    0.982036    0.963057    4900        117.365269  7.067917    0.001376    3.327558    3.793940    -7.894909   0.799353    0.762916    0.145750    0.010383    1.000000    0.200000    96.000000   21.000000   10.084204   19.118903   8.085697    11.406265   0.237227    0.010384    16.000000   3.239572    7.000000    21.000000   0.000000    0.000000    0.000000    0.000000    0.000000    0.726557    13.501331  
[37m[36mINFO[0m[0m 07/24 22:34:52 | 0.804149    0.809291    0.000000    0.969732    0.122446    0.804149    0.809291    0.974359    0.973054    0.961783    5000        119.760479  7.071882    0.002647    3.331251    3.793593    -7.947862   0.795318    0.759899    0.141675    0.010463    1.000000    0.200000    96.000000   21.000000   10.131012   19.067793   8.056857    11.266997   0.240451    0.010464    16.000000   3.234279    7.000000    21.000000   0.000000    0.000000    0.000000    0.000000    0.000000    0.731937    13.748480  
[37m[36mINFO[0m[0m 07/24 22:34:52 | ---
[37m[33mWARNING[0m[0m 07/24 22:34:52 | Evaluate SWAD ...
[37m[36mINFO[0m[0m 07/24 22:35:06 | 0.900549    0.902200    0.000000    0.978968    0.072161    0.900549    0.902200    0.974359    0.988024    0.974522    [401-5000]  (N=47)
[37m[36mINFO[0m[0m 07/24 22:35:06 | oracle = 88.103%
[37m[36mINFO[0m[0m 07/24 22:35:06 | iid = 89.567%
[37m[36mINFO[0m[0m 07/24 22:35:06 | last = 80.415%
[37m[36mINFO[0m[0m 07/24 22:35:06 | last (inD) = 96.973%
[37m[36mINFO[0m[0m 07/24 22:35:06 | iid (inD) = 98.098%
[37m[36mINFO[0m[0m 07/24 22:35:06 | SWAD = 90.055%
[37m[36mINFO[0m[0m 07/24 22:35:06 | SWAD (inD) = 97.897%
[37m[36mINFO[0m[0m 07/24 22:35:07 | 
[37m[36mINFO[0m[0m 07/24 22:35:11 | Testenv name escaping te_cartoon -> te_cartoon
[37m[36mINFO[0m[0m 07/24 22:35:11 | Test envs = [1], name = te_cartoon
[37m[36mINFO[0m[0m 07/24 22:35:11 | Batch sizes for each domain: [32, 0, 32, 32] (total=96)
[37m[36mINFO[0m[0m 07/24 22:35:11 | steps-per-epoch for each domain: 51.22, 41.75, 98.25 -> min = 41.75
[37m[36mINFO[0m[0m 07/24 22:35:14 | # of params = 49165255
[37m[36mINFO[0m[0m 07/24 22:35:30 | test_in     test_out    train_in    train_out   tr_outloss  env0_out    env1_in     env1_out    env2_out    env3_out    step        epoch       loss        loss_cls    sup_cl_los  pre_cl_los  reg_loss    loss_isr    loss_isr_a  loss_isr_d  loss_orth   piccl_lamb  piccl_beta  valid_augm  valid_clas  delta_aug_  delta_aug_  delta_dom_  delta_dom_  projection  basis_orth  basis_rank  basis_norm  residual_b  residual_b  piccl_has_  reliable_c  reliable_c  cross_doma  valid_reli  step_time   eval_time  
[37m[36mINFO[0m[0m 07/24 22:35:30 | 0.242537    0.273504    0.000000    0.203026    1.879956    0.119804    0.242537    0.273504    0.308383    0.180892    0           0.000000    12.183765   2.007856    5.189256    5.044218    -5.756462   0.000000    0.000000    0.000000    0.002561    0.000000    0.000000    0.000000    0.000000    0.000000    0.000000    0.000000    0.000000    0.000000    0.002561    16.000000   3.607995    0.000000    0.000000    0.000000    0.000000    0.000000    0.000000    0.000000    0.414113    14.670738  
[37m[36mINFO[0m[0m 07/24 22:37:04 | 0.661514    0.681624    0.000000    0.948837    0.146526    0.951100    0.661514    0.681624    0.982036    0.913376    100         2.395210    8.677270    0.288282    3.810379    4.572938    0.567104    0.992025    0.992025    0.000000    0.002561    0.000000    0.000000    96.000000   0.000000    12.711988   25.722220   0.000000    0.000000    0.007982    0.002561    16.000000   3.607995    0.000000    0.000000    0.000000    0.000000    0.000000    0.000000    0.000000    0.617477    14.583940  
[37m[36mINFO[0m[0m 07/24 22:38:42 | 0.770256    0.803419    0.000000    0.954541    0.129222    0.948655    0.770256    0.803419    0.985030    0.929936    200         4.790419    7.942531    0.104760    3.537990    4.314899    -1.511794   0.991948    0.991948    0.000000    0.002561    0.000000    0.000000    96.000000   0.000000    11.603002   22.841657   0.000000    0.000000    0.008050    0.002561    16.000000   3.607995    0.000000    0.000000    0.000000    0.000000    0.000000    0.000000    0.000000    0.623532    17.237743  
[37m[36mINFO[0m[0m 07/24 22:40:08 | 0.767591    0.792735    0.000000    0.952028    0.152081    0.933985    0.767591    0.792735    0.973054    0.949045    300         7.185629    7.669215    0.053262    3.446945    4.189372    -2.130787   1.111582    0.991231    0.481405    0.002560    0.025500    0.005100    96.000000   10.060000   11.431515   22.593675   4.728525    7.435214    0.008828    0.002560    16.000000   3.608081    3.460000    10.100000   0.000000    0.000000    0.000000    0.000000    0.000000    0.683039    14.627167  
[37m[36mINFO[0m[0m 07/24 22:41:42 | 0.810235    0.844017    0.000000    0.966718    0.093689    0.958435    0.810235    0.844017    0.985030    0.956688    400         9.580838    7.592445    0.047523    3.429109    4.134178    -2.561144   1.206129    0.981638    0.897966    0.002533    0.201000    0.040200    96.000000   21.000000   11.285626   22.366072   8.521651    14.577523   0.018561    0.002533    16.000000   3.611723    7.000000    21.000000   0.000000    0.000000    0.000000    0.000000    0.000000    0.762321    14.305036  
[37m[36mINFO[0m[0m 07/24 22:43:16 | 0.817164    0.861111    0.000000    0.970585    0.104774    0.965770    0.817164    0.861111    0.988024    0.957962    500         11.976048   7.490465    0.031955    3.400878    4.073113    -2.927166   1.148747    0.968757    0.719958    0.002669    0.401000    0.080200    96.000000   21.000000   11.174470   22.226369   7.987206    13.403817   0.031520    0.002672    16.000000   3.603777    7.000000    21.000000   0.000000    0.000000    0.000000    0.000000    0.000000    0.768782    14.286191  
[37m[36mINFO[0m[0m 07/24 22:44:50 | 0.808635    0.833333    0.000000    0.947289    0.153328    0.938875    0.808635    0.833333    0.973054    0.929936    600         14.371257   7.457063    0.031063    3.398167    4.040357    -3.228778   1.097253    0.955659    0.566374    0.003118    0.601000    0.120200    96.000000   21.000000   11.120176   21.881750   7.862382    12.800101   0.044635    0.003123    16.000000   3.582175    7.000000    21.000000   0.000000    0.000000    0.000000    0.000000    0.000000    0.734253    13.164986  
[37m[36mINFO[0m[0m 07/24 22:46:25 | 0.781983    0.809829    0.000000    0.958945    0.129361    0.938875    0.781983    0.809829    0.994012    0.943949    700         16.766467   7.405407    0.023745    3.379765    4.010804    -3.440342   1.061541    0.943468    0.472291    0.003695    0.801000    0.160200    96.000000   21.000000   11.087260   21.835410   7.839250    12.439473   0.056860    0.003700    16.000000   3.560810    7.000000    21.000000   0.000000    0.000000    0.000000    0.000000    0.000000    0.739384    13.372999  
[37m[36mINFO[0m[0m 07/24 22:47:55 | 0.803838    0.820513    0.000000    0.967706    0.106097    0.968215    0.803838    0.820513    0.982036    0.952866    800         19.161677   7.378700    0.019740    3.370556    3.994759    -3.668487   1.036417    0.930859    0.422234    0.004144    0.975500    0.195100    96.000000   21.000000   11.016220   21.736559   7.831956    12.339834   0.069525    0.004147    16.000000   3.544561    7.000000    21.000000   0.000000    0.000000    0.000000    0.000000    0.000000    0.680113    13.277451  
[37m[36mINFO[0m[0m 07/24 22:49:28 | 0.785181    0.824786    0.000000    0.964284    0.113342    0.960880    0.785181    0.824786    0.988024    0.943949    900         21.556886   7.335407    0.012319    3.360344    3.970852    -3.859844   1.016232    0.918631    0.390405    0.004439    1.000000    0.200000    96.000000   21.000000   11.024325   21.610047   7.811411    12.235664   0.081648    0.004442    16.000000   3.531192    7.000000    21.000000   0.000000    0.000000    0.000000    0.000000    0.000000    0.721908    14.090043  
[37m[36mINFO[0m[0m 07/24 22:50:58 | 0.788380    0.794872    0.000000    0.961818    0.136515    0.953545    0.788380    0.794872    0.979042    0.952866    1000        23.952096   7.305590    0.011394    3.357958    3.946309    -4.008269   1.000241    0.908744    0.365985    0.004680    1.000000    0.200000    96.000000   21.000000   11.013722   21.661297   7.855110    12.161418   0.091578    0.004683    16.000000   3.518375    7.000000    21.000000   0.000000    0.000000    0.000000    0.000000    0.000000    0.677452    13.428264  
[37m[36mINFO[0m[0m 07/24 22:52:32 | 0.832623    0.837607    0.000000    0.959546    0.145699    0.953545    0.832623    0.837607    0.976048    0.949045    1100        26.347305   7.305102    0.016865    3.363811    3.936584    -4.166988   0.983545    0.897801    0.342975    0.004914    1.000000    0.200000    96.000000   21.000000   11.064793   21.710932   7.839172    11.862259   0.102669    0.004917    16.000000   3.505438    7.000000    21.000000   0.000000    0.000000    0.000000    0.000000    0.000000    0.731372    13.839903  
[37m[36mINFO[0m[0m 07/24 22:54:02 | 0.820362    0.865385    0.000000    0.958904    0.137670    0.958435    0.820362    0.865385    0.973054    0.945223    1200        28.742515   7.300518    0.020840    3.371219    3.922507    -4.314715   0.969766    0.889639    0.320507    0.005169    1.000000    0.200000    96.000000   21.000000   11.009769   21.738582   7.796944    11.757619   0.110901    0.005172    16.000000   3.491862    7.000000    21.000000   0.000000    0.000000    0.000000    0.000000    0.000000    0.683918    13.652547  
[37m[36mINFO[0m[0m 07/24 22:55:33 | 0.831557    0.852564    0.000000    0.964802    0.114303    0.963325    0.831557    0.852564    0.982036    0.949045    1300        31.137725   7.310146    0.025781    3.383358    3.916693    -4.430688   0.953826    0.879159    0.298667    0.005447    1.000000    0.200000    96.000000   21.000000   11.010139   21.946283   7.789241    11.738306   0.121125    0.005450    16.000000   3.477713    7.000000    21.000000   0.000000    0.000000    0.000000    0.000000    0.000000    0.678006    13.646636  
[37m[36mINFO[0m[0m 07/24 22:57:08 | 0.809701    0.811966    0.000000    0.953236    0.155780    0.946210    0.809701    0.811966    0.958084    0.955414    1400        33.532934   7.241087    0.010669    3.348503    3.899117    -4.552170   0.943774    0.873529    0.280979    0.005731    1.000000    0.200000    96.000000   21.000000   10.918775   21.715076   7.825407    11.923089   0.126822    0.005734    16.000000   3.463677    7.000000    21.000000   0.000000    0.000000    0.000000    0.000000    0.000000    0.739506    13.532193  
[37m[36mINFO[0m[0m 07/24 22:58:41 | 0.805970    0.826923    0.000000    0.967899    0.127739    0.955990    0.805970    0.826923    0.991018    0.956688    1500        35.928144   7.246831    0.013029    3.354637    3.898251    -4.710774   0.933878    0.867338    0.266160    0.006022    1.000000    0.200000    96.000000   21.000000   10.948196   21.601398   7.855159    12.049943   0.133030    0.006025    16.000000   3.449859    7.000000    21.000000   0.000000    0.000000    0.000000    0.000000    0.000000    0.718422    14.018622  
[37m[36mINFO[0m[0m 07/24 23:00:14 | 0.793710    0.803419    0.000000    0.958992    0.145789    0.933985    0.793710    0.803419    0.985030    0.957962    1600        38.323353   7.201775    0.008280    3.342649    3.871931    -4.879827   0.923537    0.860032    0.254020    0.006307    1.000000    0.200000    96.000000   21.000000   10.937694   21.262416   7.847466    11.903589   0.140305    0.006310    16.000000   3.436573    7.000000    21.000000   0.000000    0.000000    0.000000    0.000000    0.000000    0.723446    14.070471  
[37m[36mINFO[0m[0m 07/24 23:01:50 | 0.809701    0.824786    0.000000    0.957572    0.131312    0.953545    0.809701    0.824786    0.979042    0.940127    1700        40.718563   7.180708    0.008163    3.339349    3.856130    -5.042092   0.916041    0.854112    0.247713    0.006582    1.000000    0.200000    96.000000   21.000000   10.930155   21.300022   7.865859    11.741222   0.146208    0.006585    16.000000   3.423842    7.000000    21.000000   0.000000    0.000000    0.000000    0.000000    0.000000    0.745154    14.127598  
[37m[36mINFO[0m[0m 07/24 23:03:23 | 0.762793    0.801282    0.000000    0.954083    0.168278    0.938875    0.762793    0.801282    0.973054    0.950318    1800        43.113772   7.205651    0.014731    3.353505    3.861250    -5.105128   0.906994    0.847096    0.239592    0.006850    1.000000    0.200000    96.000000   21.000000   10.951636   21.845230   7.854158    11.806645   0.153250    0.006853    16.000000   3.411660    7.000000    21.000000   0.000000    0.000000    0.000000    0.000000    0.000000    0.703149    14.216089  
[37m[36mINFO[0m[0m 07/24 23:04:58 | 0.805437    0.835470    0.000000    0.956181    0.172830    0.931540    0.805437    0.835470    0.979042    0.957962    1900        45.508982   7.203864    0.017603    3.360304    3.850835    -5.186540   0.899356    0.842221    0.228541    0.007118    1.000000    0.200000    96.000000   21.000000   10.994611   22.038754   7.826837    11.702368   0.158492    0.007121    16.000000   3.399812    7.000000    21.000000   0.000000    0.000000    0.000000    0.000000    0.000000    0.727123    14.465191  
[37m[36mINFO[0m[0m 07/24 23:06:32 | 0.821429    0.839744    0.000000    0.963655    0.157848    0.963325    0.821429    0.839744    0.976048    0.951592    2000        47.904192   7.176016    0.007041    3.343978    3.851159    -5.300105   0.894391    0.839447    0.219775    0.007380    1.000000    0.200000    96.000000   21.000000   10.923451   21.582438   7.837876    11.700257   0.160946    0.007383    16.000000   3.388361    7.000000    21.000000   0.000000    0.000000    0.000000    0.000000    0.000000    0.726093    14.644095  
[37m[36mINFO[0m[0m 07/24 23:08:07 | 0.721748    0.764957    0.000000    0.959590    0.160260    0.941320    0.721748    0.764957    0.982036    0.955414    2100        50.299401   7.210064    0.019026    3.365219    3.853445    -5.417483   0.884688    0.831711    0.211908    0.007628    1.000000    0.200000    96.000000   21.000000   11.017044   22.035520   7.813873    11.628050   0.168771    0.007630    16.000000   3.377505    7.000000    21.000000   0.000000    0.000000    0.000000    0.000000    0.000000    0.733771    14.531681  
[37m[36mINFO[0m[0m 07/24 23:13:18 | 0.772388    0.801282    0.000000    0.962826    0.147148    0.943765    0.772388    0.801282    0.988024    0.956688    2200        52.694611   7.197068    0.013940    3.355961    3.855458    -5.469325   0.879788    0.828463    0.205300    0.007868    1.000000    0.200000    96.000000   21.000000   11.003468   21.535690   7.805406    11.673685   0.172007    0.007870    16.000000   3.366956    7.000000    21.000000   0.000000    0.000000    0.000000    0.000000    0.000000    1.100797    195.163412 
[37m[36mINFO[0m[0m 07/24 23:16:17 | 0.800107    0.818376    0.000000    0.960898    0.181992    0.938875    0.800107    0.818376    0.982036    0.961783    2300        55.089820   7.167849    0.011986    3.352730    3.833033    -5.611307   0.873479    0.822884    0.202379    0.008092    1.000000    0.200000    96.000000   21.000000   11.071454   21.897670   7.813755    11.690359   0.177450    0.008094    16.000000   3.356911    7.000000    21.000000   0.000000    0.000000    0.000000    0.000000    0.000000    1.173059    53.702546  
[37m[36mINFO[0m[0m 07/24 23:18:00 | 0.743070    0.739316    0.000000    0.957021    0.181576    0.941320    0.743070    0.739316    0.973054    0.956688    2400        57.485030   7.181953    0.014197    3.355565    3.843214    -5.710489   0.869116    0.820518    0.194390    0.008309    1.000000    0.200000    96.000000   21.000000   10.949418   21.514302   7.790310    11.638188   0.179840    0.008311    16.000000   3.347110    7.000000    21.000000   0.000000    0.000000    0.000000    0.000000    0.000000    0.781565    15.817075  
[37m[36mINFO[0m[0m 07/24 23:19:46 | 0.792644    0.790598    0.000000    0.966662    0.135021    0.960880    0.792644    0.790598    0.976048    0.963057    2500        59.880240   7.147902    0.010996    3.345457    3.823857    -5.828917   0.862427    0.815302    0.188497    0.008516    1.000000    0.200000    96.000000   21.000000   11.003405   22.081482   7.802071    11.794113   0.185114    0.008518    16.000000   3.337684    7.000000    21.000000   0.000000    0.000000    0.000000    0.000000    0.000000    0.812308    15.889815  
[37m[36mINFO[0m[0m 07/24 23:21:30 | 0.821962    0.829060    0.000000    0.962335    0.153495    0.955990    0.821962    0.829060    0.973054    0.957962    2600        62.275449   7.128952    0.006566    3.338418    3.817854    -5.969198   0.859890    0.813364    0.186105    0.008720    1.000000    0.200000    96.000000   21.000000   10.949961   21.719246   7.820148    11.873200   0.186872    0.008722    16.000000   3.328349    7.000000    21.000000   0.000000    0.000000    0.000000    0.000000    0.000000    0.809271    14.251161  
[37m[36mINFO[0m[0m 07/24 23:23:12 | 0.795309    0.809829    0.000000    0.953326    0.172810    0.941320    0.795309    0.809829    0.967066    0.951592    2700        64.670659   7.138069    0.014840    3.351823    3.806578    -6.081898   0.854570    0.808673    0.183592    0.008919    1.000000    0.200000    96.000000   21.000000   10.956084   21.496764   7.815498    11.836434   0.191690    0.008921    16.000000   3.319185    7.000000    21.000000   0.000000    0.000000    0.000000    0.000000    0.000000    0.781149    15.246773  
[37m[36mINFO[0m[0m 07/24 23:25:00 | 0.807569    0.816239    0.000000    0.969141    0.123185    0.965770    0.807569    0.816239    0.976048    0.965605    2800        67.065868   7.118627    0.006447    3.339046    3.808854    -6.124517   0.850563    0.805127    0.181743    0.009108    1.000000    0.200000    96.000000   21.000000   10.952229   21.794529   7.812873    11.713483   0.195273    0.009110    16.000000   3.310424    7.000000    21.000000   0.000000    0.000000    0.000000    0.000000    0.000000    0.818439    16.673738  
[37m[36mINFO[0m[0m 07/24 23:26:47 | 0.824627    0.841880    0.000000    0.965822    0.151923    0.951100    0.824627    0.841880    0.982036    0.964331    2900        69.461078   7.098222    0.003901    3.330311    3.801374    -6.275002   0.845863    0.801190    0.178690    0.009293    1.000000    0.200000    96.000000   21.000000   10.979760   21.878651   7.867263    11.902442   0.199131    0.009294    16.000000   3.301731    7.000000    21.000000   0.000000    0.000000    0.000000    0.000000    0.000000    0.814505    15.593204  
[37m[36mINFO[0m[0m 07/24 23:28:29 | 0.812900    0.826923    0.000000    0.961852    0.153375    0.951100    0.812900    0.826923    0.979042    0.955414    3000        71.856287   7.079601    0.003586    3.326195    3.788097    -6.365600   0.845636    0.802020    0.174465    0.009471    1.000000    0.200000    96.000000   21.000000   10.914808   21.297956   7.875678    11.933130   0.198154    0.009473    16.000000   3.293275    7.000000    21.000000   0.000000    0.000000    0.000000    0.000000    0.000000    0.780813    15.169574  
[37m[36mINFO[0m[0m 07/24 23:30:15 | 0.788380    0.784188    0.000000    0.947104    0.194395    0.921760    0.788380    0.784188    0.973054    0.946497    3100        74.251497   7.109157    0.009122    3.337856    3.801476    -6.450272   0.839859    0.796970    0.171553    0.009645    1.000000    0.200000    96.000000   21.000000   10.952663   21.518841   7.853478    11.709105   0.203189    0.009646    16.000000   3.285083    7.000000    21.000000   0.000000    0.000000    0.000000    0.000000    0.000000    0.816591    15.420547  
[37m[36mINFO[0m[0m 07/24 23:32:00 | 0.819829    0.835470    0.000000    0.942663    0.210872    0.914425    0.819829    0.835470    0.967066    0.946497    3200        76.646707   7.135501    0.019814    3.359939    3.795120    -6.445059   0.835607    0.793752    0.167422    0.009811    1.000000    0.200000    96.000000   21.000000   11.034399   21.643118   7.833241    11.596527   0.206724    0.009812    16.000000   3.277097    7.000000    21.000000   0.000000    0.000000    0.000000    0.000000    0.000000    0.807356    14.901761  
[37m[36mINFO[0m[0m 07/24 23:33:42 | 0.687100    0.698718    0.000000    0.946576    0.192959    0.929095    0.687100    0.698718    0.973054    0.937580    3300        79.041916   7.108451    0.011927    3.347035    3.789857    -6.533783   0.832023    0.791008    0.164058    0.009977    1.000000    0.200000    96.000000   21.000000   10.988879   21.877304   7.879230    11.645755   0.209424    0.009978    16.000000   3.269262    7.000000    21.000000   0.000000    0.000000    0.000000    0.000000    0.000000    0.807939    12.390547  
[37m[36mINFO[0m[0m 07/24 23:35:22 | 0.802772    0.807692    0.000000    0.957145    0.177900    0.933985    0.802772    0.807692    0.982036    0.955414    3400        81.437126   7.075016    0.004954    3.332717    3.779255    -6.679655   0.829199    0.788999    0.160801    0.010147    1.000000    0.200000    96.000000   21.000000   10.957631   21.493891   7.888858    11.955783   0.211204    0.010149    16.000000   3.261370    7.000000    21.000000   0.000000    0.000000    0.000000    0.000000    0.000000    0.783347    13.026307  
[37m[36mINFO[0m[0m 07/24 23:37:08 | 0.771855    0.784188    0.000000    0.945796    0.261543    0.924205    0.771855    0.784188    0.973054    0.940127    3500        83.832335   7.108728    0.012715    3.348714    3.790088    -6.759342   0.826495    0.786281    0.160853    0.010307    1.000000    0.200000    96.000000   21.000000   11.033950   21.557102   7.861646    12.120702   0.214254    0.010309    16.000000   3.253846    7.000000    21.000000   0.000000    0.000000    0.000000    0.000000    0.000000    0.818026    14.232358  
[37m[36mINFO[0m[0m 07/24 23:37:08 | SWAD valley is dead -> early stop !
[37m[36mINFO[0m[0m 07/24 23:37:08 | ---
[37m[33mWARNING[0m[0m 07/24 23:37:08 | Evaluate SWAD ...
[37m[36mINFO[0m[0m 07/24 23:37:21 | 0.842217    0.858974    0.000000    0.977701    0.073216    0.973105    0.842217    0.858974    0.988024    0.971975    [101-2900]  (N=29)
[37m[36mINFO[0m[0m 07/24 23:37:21 | oracle = 82.036%
[37m[36mINFO[0m[0m 07/24 23:37:21 | iid = 81.716%
[37m[36mINFO[0m[0m 07/24 23:37:21 | last = 77.186%
[37m[36mINFO[0m[0m 07/24 23:37:21 | last (inD) = 94.580%
[37m[36mINFO[0m[0m 07/24 23:37:21 | iid (inD) = 97.059%
[37m[36mINFO[0m[0m 07/24 23:37:21 | SWAD = 84.222%
[37m[36mINFO[0m[0m 07/24 23:37:21 | SWAD (inD) = 97.770%
[37m[36mINFO[0m[0m 07/24 23:37:23 | 
[37m[36mINFO[0m[0m 07/24 23:37:27 | Testenv name escaping te_photo -> te_photo
[37m[36mINFO[0m[0m 07/24 23:37:27 | Test envs = [2], name = te_photo
[37m[36mINFO[0m[0m 07/24 23:37:27 | Batch sizes for each domain: [32, 32, 0, 32] (total=96)
[37m[36mINFO[0m[0m 07/24 23:37:27 | steps-per-epoch for each domain: 51.22, 58.62, 98.25 -> min = 51.22
[37m[36mINFO[0m[0m 07/24 23:37:32 | # of params = 49165255
[37m[36mINFO[0m[0m 07/24 23:37:47 | test_in     test_out    train_in    train_out   tr_outloss  env0_out    env1_out    env2_in     env2_out    env3_out    step        epoch       loss        loss_cls    sup_cl_los  pre_cl_los  reg_loss    loss_isr    loss_isr_a  loss_isr_d  loss_orth   piccl_lamb  piccl_beta  valid_augm  valid_clas  delta_aug_  delta_aug_  delta_dom_  delta_dom_  projection  basis_orth  basis_rank  basis_norm  residual_b  residual_b  piccl_has_  reliable_c  reliable_c  cross_doma  valid_reli  step_time   eval_time  
[37m[36mINFO[0m[0m 07/24 23:37:47 | 0.270210    0.239521    0.000000    0.171252    1.934960    0.198044    0.166667    0.270210    0.239521    0.149045    0           0.000000    12.561355   2.045460    5.374444    5.199015    -5.756462   0.000000    0.000000    0.000000    0.002492    0.000000    0.000000    0.000000    0.000000    0.000000    0.000000    0.000000    0.000000    0.000000    0.002492    16.000000   3.615933    0.000000    0.000000    0.000000    0.000000    0.000000    0.000000    0.000000    0.849350    14.406950  
[37m[36mINFO[0m[0m 07/24 23:39:18 | 0.963323    0.958084    0.000000    0.941224    0.190695    0.955990    0.959402    0.963323    0.958084    0.908280    100         1.952410    9.178404    0.405124    3.985966    4.780215    0.709950    0.992189    0.992189    0.000000    0.002492    0.000000    0.000000    96.000000   0.000000    13.462134   25.366524   0.000000    0.000000    0.007831    0.002492    16.000000   3.615933    0.000000    0.000000    0.000000    0.000000    0.000000    0.000000    0.000000    0.613184    13.148356  
[37m[36mINFO[0m[0m 07/24 23:40:49 | 0.973054    0.964072    0.000000    0.948881    0.148985    0.955990    0.965812    0.973054    0.964072    0.924841    200         3.904820    8.230871    0.125635    3.609661    4.505475    -0.990070   0.992070    0.992070    0.000000    0.002492    0.000000    0.000000    96.000000   0.000000    12.377646   24.111724   0.000000    0.000000    0.007930    0.002492    16.000000   3.615933    0.000000    0.000000    0.000000    0.000000    0.000000    0.000000    0.000000    0.610372    12.986558  
[37m[36mINFO[0m[0m 07/24 23:42:18 | 0.969311    0.964072    0.000000    0.953381    0.136965    0.948655    0.970085    0.969311    0.964072    0.941401    300         5.857230    7.996147    0.089919    3.521354    4.402647    -1.871793   1.112189    0.991370    0.483274    0.002494    0.025500    0.005100    96.000000   10.070000   11.917479   22.952134   4.178334    6.227665    0.008687    0.002494    16.000000   3.615744    3.440000    10.110000   0.000000    0.000000    0.000000    0.000000    0.000000    0.636651    13.283612  
[37m[36mINFO[0m[0m 07/24 23:43:49 | 0.980539    0.967066    0.000000    0.954388    0.141105    0.955990    0.959402    0.980539    0.967066    0.947771    400         7.809640    7.840816    0.053368    3.468718    4.333471    -2.199316   1.207336    0.982209    0.900508    0.002507    0.201000    0.040200    96.000000   21.000000   11.827091   22.855198   7.534385    11.847607   0.017976    0.002507    16.000000   3.616115    7.000000    21.000000   0.000000    0.000000    0.000000    0.000000    0.000000    0.692294    13.684738  
[37m[36mINFO[0m[0m 07/24 23:45:23 | 0.973054    0.949102    0.000000    0.951908    0.152737    0.951100    0.959402    0.973054    0.949102    0.945223    500         9.762050    7.720506    0.035516    3.424681    4.273511    -2.696837   1.146697    0.968169    0.714112    0.002647    0.401000    0.080200    96.000000   21.000000   11.658258   22.249752   7.157916    10.954824   0.032029    0.002650    16.000000   3.610318    7.000000    21.000000   0.000000    0.000000    0.000000    0.000000    0.000000    0.721736    15.108604  
[37m[36mINFO[0m[0m 07/24 23:46:56 | 0.973802    0.970060    0.000000    0.956435    0.130047    0.953545    0.974359    0.973802    0.970060    0.941401    600         11.714460   7.650265    0.027694    3.405327    4.226973    -2.941462   1.093006    0.952604    0.561607    0.003019    0.601000    0.120200    96.000000   21.000000   11.621499   22.547010   7.063626    10.684351   0.047663    0.003024    16.000000   3.593777    7.000000    21.000000   0.000000    0.000000    0.000000    0.000000    0.000000    0.696048    14.300825  
[37m[36mINFO[0m[0m 07/24 23:48:29 | 0.972305    0.964072    0.000000    0.957688    0.144320    0.946210    0.982906    0.972305    0.964072    0.943949    700         13.666870   7.649298    0.031203    3.416668    4.208497    -3.240394   1.054852    0.938631    0.464882    0.003482    0.801000    0.160200    96.000000   21.000000   11.593176   22.349060   7.046950    10.635025   0.061709    0.003487    16.000000   3.574945    7.000000    21.000000   0.000000    0.000000    0.000000    0.000000    0.000000    0.699782    13.998605  
[37m[36mINFO[0m[0m 07/24 23:50:02 | 0.981287    0.967066    0.000000    0.961483    0.122264    0.965770    0.965812    0.981287    0.967066    0.952866    800         15.619280   7.611005    0.028973    3.407310    4.179288    -3.452124   1.023712    0.923457    0.401020    0.003926    0.975500    0.195100    96.000000   21.000000   11.494847   22.131207   7.066832    10.638079   0.076909    0.003930    16.000000   3.555904    7.000000    21.000000   0.000000    0.000000    0.000000    0.000000    0.000000    0.720255    14.078030  
[37m[36mINFO[0m[0m 07/24 23:51:33 | 0.972305    0.961078    0.000000    0.963174    0.111549    0.958435    0.980769    0.972305    0.961078    0.950318    900         17.571690   7.564840    0.023238    3.393711    4.154200    -3.613914   0.994170    0.906972    0.348791    0.004336    1.000000    0.200000    96.000000   21.000000   11.496539   22.030325   7.072263    10.574744   0.093357    0.004340    16.000000   3.537098    7.000000    21.000000   0.000000    0.000000    0.000000    0.000000    0.000000    0.672973    14.148633  
[37m[36mINFO[0m[0m 07/24 23:53:04 | 0.972305    0.955090    0.000000    0.965517    0.121774    0.963325    0.982906    0.972305    0.955090    0.950318    1000        19.524100   7.512576    0.015698    3.373834    4.132422    -3.857532   0.973102    0.892454    0.322594    0.004736    1.000000    0.200000    96.000000   21.000000   11.397066   21.720349   7.101338    10.531151   0.107848    0.004740    16.000000   3.518736    7.000000    21.000000   0.000000    0.000000    0.000000    0.000000    0.000000    0.686696    14.067868  
[37m[36mINFO[0m[0m 07/24 23:54:36 | 0.964072    0.943114    0.000000    0.947641    0.199108    0.933985    0.970085    0.964072    0.943114    0.938854    1100        21.476510   7.488927    0.018954    3.377618    4.104018    -4.045079   0.959416    0.883529    0.303550    0.005138    1.000000    0.200000    96.000000   21.000000   11.380798   22.403360   7.099116    10.569208   0.116595    0.005142    16.000000   3.501062    7.000000    21.000000   0.000000    0.000000    0.000000    0.000000    0.000000    0.682821    14.190403  
[37m[36mINFO[0m[0m 07/24 23:56:07 | 0.967066    0.961078    0.000000    0.966804    0.119369    0.963325    0.989316    0.967066    0.961078    0.947771    1200        23.428920   7.498716    0.017376    3.385680    4.109144    -4.177460   0.942806    0.871696    0.284441    0.005537    1.000000    0.200000    96.000000   21.000000   11.397461   21.978839   7.111379    10.735609   0.128549    0.005541    16.000000   3.484296    7.000000    21.000000   0.000000    0.000000    0.000000    0.000000    0.000000    0.681411    13.787487  
[37m[36mINFO[0m[0m 07/24 23:57:38 | 0.961826    0.937126    0.000000    0.950991    0.187893    0.936430    0.963675    0.961826    0.937126    0.952866    1300        25.381330   7.454280    0.015569    3.372963    4.081512    -4.368895   0.930612    0.863194    0.269670    0.005928    1.000000    0.200000    96.000000   21.000000   11.291034   21.949106   7.097357    10.491418   0.137091    0.005932    16.000000   3.468568    7.000000    21.000000   0.000000    0.000000    0.000000    0.000000    0.000000    0.712368    13.275523  
[37m[36mINFO[0m[0m 07/24 23:59:12 | 0.970060    0.961078    0.000000    0.964537    0.145569    0.970660    0.970085    0.970060    0.961078    0.952866    1400        27.333740   7.475440    0.016247    3.381066    4.095410    -4.486562   0.919179    0.854888    0.257164    0.006305    1.000000    0.200000    96.000000   21.000000   11.395750   21.928436   7.099002    10.330259   0.145370    0.006308    16.000000   3.453895    7.000000    21.000000   0.000000    0.000000    0.000000    0.000000    0.000000    0.723268    13.479800  
[37m[36mINFO[0m[0m 07/25 00:00:44 | 0.969311    0.964072    0.000000    0.968831    0.114376    0.968215    0.976496    0.969311    0.964072    0.961783    1500        29.286150   7.432398    0.012378    3.370454    4.068864    -4.657935   0.909148    0.846795    0.249412    0.006653    1.000000    0.200000    96.000000   21.000000   11.318293   21.658802   7.113886    10.355924   0.153537    0.006657    16.000000   3.440557    7.000000    21.000000   0.000000    0.000000    0.000000    0.000000    0.000000    0.718225    13.509038  
[37m[36mINFO[0m[0m 07/25 00:02:18 | 0.974551    0.961078    0.000000    0.962702    0.150453    0.960880    0.974359    0.974551    0.961078    0.952866    1600        31.238560   7.402444    0.006109    3.356361    4.060834    -4.796072   0.903143    0.842377    0.243065    0.006964    1.000000    0.200000    96.000000   21.000000   11.217738   21.672218   7.075339    10.356150   0.157824    0.006967    16.000000   3.428559    7.000000    21.000000   0.000000    0.000000    0.000000    0.000000    0.000000    0.729264    14.126357  
[37m[36mINFO[0m[0m 07/25 00:03:35 | 0.967814    0.946108    0.000000    0.967167    0.138790    0.975550    0.974359    0.967814    0.946108    0.951592    1700        33.190970   7.371210    0.006037    3.352484    4.035348    -4.957878   0.897037    0.837728    0.237239    0.007242    1.000000    0.200000    96.000000   21.000000   11.182022   21.698306   7.068421    10.356621   0.162582    0.007245    16.000000   3.417484    7.000000    21.000000   0.000000    0.000000    0.000000    0.000000    0.000000    0.596467    12.831751  
[37m[36mINFO[0m[0m 07/25 00:05:12 | 0.955838    0.934132    0.000000    0.941163    0.220453    0.919315    0.955128    0.955838    0.934132    0.949045    1800        35.143380   7.377413    0.013145    3.361657    4.026685    -5.079839   0.890538    0.832491    0.232187    0.007488    1.000000    0.200000    96.000000   21.000000   11.258273   21.402703   7.094001    10.454875   0.167882    0.007490    16.000000   3.407383    7.000000    21.000000   0.000000    0.000000    0.000000    0.000000    0.000000    0.808220    12.804220  
[37m[36mINFO[0m[0m 07/25 00:06:48 | 0.967066    0.955090    0.000000    0.959462    0.152253    0.958435    0.965812    0.967066    0.955090    0.954140    1900        37.095790   7.433167    0.027336    3.392286    4.038490    -5.147385   0.884054    0.827308    0.226985    0.007709    1.000000    0.200000    96.000000   21.000000   11.320170   21.773758   7.110580    10.467594   0.173113    0.007711    16.000000   3.398084    7.000000    21.000000   0.000000    0.000000    0.000000    0.000000    0.000000    0.810060    12.283344  
[37m[36mINFO[0m[0m 07/25 00:08:25 | 0.964820    0.955090    0.000000    0.948463    0.205433    0.953545    0.952991    0.964820    0.955090    0.938854    2000        39.048200   7.362864    0.008517    3.358935    4.021169    -5.217649   0.880373    0.823996    0.225512    0.007909    1.000000    0.200000    96.000000   21.000000   11.256063   21.860907   7.110504    10.494166   0.176337    0.007911    16.000000   3.389408    7.000000    21.000000   0.000000    0.000000    0.000000    0.000000    0.000000    0.786937    13.225528  
[37m[36mINFO[0m[0m 07/25 00:09:59 | 0.972305    0.955090    0.000000    0.955134    0.182662    0.953545    0.961538    0.972305    0.955090    0.950318    2100        41.000610   7.398407    0.022906    3.374625    4.028305    -5.365012   0.873741    0.818487    0.221019    0.008094    1.000000    0.200000    96.000000   21.000000   11.273734   21.901094   7.116295    10.425668   0.181804    0.008096    16.000000   3.381086    7.000000    21.000000   0.000000    0.000000    0.000000    0.000000    0.000000    0.701060    13.574545  
[37m[36mINFO[0m[0m 07/25 00:11:37 | 0.965569    0.946108    0.000000    0.937814    0.275256    0.907090    0.963675    0.965569    0.946108    0.942675    2200        42.953020   7.366099    0.014916    3.371416    4.008243    -5.457709   0.869780    0.816397    0.213534    0.008274    1.000000    0.200000    96.000000   21.000000   11.304450   21.800780   7.087051    10.366888   0.183974    0.008276    16.000000   3.372933    7.000000    21.000000   0.000000    0.000000    0.000000    0.000000    0.000000    0.758734    13.547140  
[37m[36mINFO[0m[0m 07/25 00:13:19 | 0.957335    0.931138    0.000000    0.945053    0.214721    0.943765    0.948718    0.957335    0.931138    0.942675    2300        44.905430   7.367596    0.016025    3.375395    4.005782    -5.548309   0.862311    0.810278    0.208133    0.008431    1.000000    0.200000    96.000000   21.000000   11.289586   21.518877   7.115786    10.341239   0.189953    0.008433    16.000000   3.365362    7.000000    21.000000   0.000000    0.000000    0.000000    0.000000    0.000000    0.800814    12.926267  
[37m[36mINFO[0m[0m 07/25 00:14:54 | 0.950599    0.937126    0.000000    0.948313    0.196908    0.943765    0.950855    0.950599    0.937126    0.950318    2400        46.857840   7.364330    0.018240    3.373301    4.003155    -5.605766   0.856118    0.804596    0.206087    0.008574    1.000000    0.200000    96.000000   21.000000   11.330358   22.041849   7.117771    10.382356   0.195711    0.008575    16.000000   3.358247    7.000000    21.000000   0.000000    0.000000    0.000000    0.000000    0.000000    0.702489    13.607827  
[37m[36mINFO[0m[0m 07/25 00:16:29 | 0.961078    0.946108    0.000000    0.954127    0.155899    0.936430    0.974359    0.961078    0.946108    0.951592    2500        48.810250   7.367019    0.018093    3.374126    4.006430    -5.718533   0.851558    0.800843    0.202862    0.008715    1.000000    0.200000    96.000000   21.000000   11.366374   21.812115   7.149205    10.378141   0.199795    0.008716    16.000000   3.351172    7.000000    21.000000   0.000000    0.000000    0.000000    0.000000    0.000000    0.705236    12.638950  
[37m[36mINFO[0m[0m 07/25 00:18:16 | 0.972305    0.943114    0.000000    0.954127    0.159759    0.946210    0.972222    0.972305    0.943114    0.943949    2600        50.762660   7.343597    0.014346    3.363164    3.998871    -5.828203   0.849639    0.799456    0.200729    0.008858    1.000000    0.200000    96.000000   21.000000   11.272771   21.433232   7.163853    10.329263   0.200629    0.008859    16.000000   3.343978    7.000000    21.000000   0.000000    0.000000    0.000000    0.000000    0.000000    0.811333    16.030512  
[37m[36mINFO[0m[0m 07/25 00:19:56 | 0.960329    0.949102    0.000000    0.961907    0.148202    0.955990    0.967949    0.960329    0.949102    0.961783    2700        52.715070   7.306830    0.007362    3.353899    3.980000    -5.983374   0.846499    0.796750    0.198997    0.008990    1.000000    0.200000    96.000000   21.000000   11.227305   22.045590   7.197274    10.358126   0.203723    0.008991    16.000000   3.337052    7.000000    21.000000   0.000000    0.000000    0.000000    0.000000    0.000000    0.779195    13.750281  
[37m[36mINFO[0m[0m 07/25 00:21:41 | 0.977545    0.967066    0.000000    0.961955    0.136204    0.943765    0.976496    0.977545    0.967066    0.965605    2800        54.667480   7.300945    0.006183    3.352108    3.978298    -6.095735   0.843436    0.795809    0.190510    0.009104    1.000000    0.200000    96.000000   21.000000   11.227591   22.081513   7.193123    10.498700   0.204468    0.009105    16.000000   3.330564    7.000000    21.000000   0.000000    0.000000    0.000000    0.000000    0.000000    0.810010    14.591751  
[37m[36mINFO[0m[0m 07/25 00:23:24 | 0.969311    0.949102    0.000000    0.950634    0.188142    0.931540    0.963675    0.969311    0.949102    0.956688    2900        56.619890   7.295114    0.004513    3.350516    3.976955    -6.200552   0.837509    0.791024    0.185941    0.009218    1.000000    0.200000    96.000000   21.000000   11.249800   21.516113   7.179020    10.404570   0.209367    0.009220    16.000000   3.324022    7.000000    21.000000   0.000000    0.000000    0.000000    0.000000    0.000000    0.801398    13.949884  
[37m[36mINFO[0m[0m 07/25 00:25:08 | 0.965569    0.940120    0.000000    0.962072    0.148648    0.955990    0.978632    0.965569    0.940120    0.951592    3000        58.572300   7.291746    0.003401    3.350995    3.975632    -6.330079   0.833656    0.788590    0.180264    0.009329    1.000000    0.200000    96.000000   21.000000   11.199806   21.608173   7.192843    10.474642   0.211563    0.009331    16.000000   3.317592    7.000000    21.000000   0.000000    0.000000    0.000000    0.000000    0.000000    0.807028    14.221407  
[37m[36mINFO[0m[0m 07/25 00:26:48 | 0.966317    0.949102    0.000000    0.963551    0.165780    0.960880    0.974359    0.966317    0.949102    0.955414    3100        60.524710   7.281305    0.005895    3.344614    3.970301    -6.443300   0.830636    0.786614    0.176087    0.009435    1.000000    0.200000    96.000000   21.000000   11.209164   21.627811   7.216734    10.542352   0.213628    0.009436    16.000000   3.311305    7.000000    21.000000   0.000000    0.000000    0.000000    0.000000    0.000000    0.774609    13.750232  
[37m[36mINFO[0m[0m 07/25 00:28:30 | 0.967066    0.955090    0.000000    0.963791    0.141791    0.953545    0.972222    0.967066    0.955090    0.965605    3200        62.477120   7.292459    0.006415    3.353634    3.972509    -6.491426   0.826854    0.783541    0.173251    0.009545    1.000000    0.200000    96.000000   21.000000   11.195836   21.915168   7.210932    10.494320   0.216802    0.009546    16.000000   3.304967    7.000000    21.000000   0.000000    0.000000    0.000000    0.000000    0.000000    0.798523    13.776171  
[37m[36mINFO[0m[0m 07/25 00:30:10 | 0.953593    0.946108    0.000000    0.961955    0.139798    0.953545    0.974359    0.953593    0.946108    0.957962    3300        64.429530   7.292501    0.008259    3.354416    3.970905    -6.581347   0.824159    0.781541    0.170475    0.009647    1.000000    0.200000    96.000000   21.000000   11.201919   21.563498   7.162625    10.490896   0.218730    0.009648    16.000000   3.298816    7.000000    21.000000   0.000000    0.000000    0.000000    0.000000    0.000000    0.790785    12.503607  
[37m[36mINFO[0m[0m 07/25 00:31:46 | 0.964820    0.928144    0.000000    0.946121    0.210108    0.938875    0.952991    0.964820    0.928144    0.946497    3400        66.381940   7.314169    0.020317    3.375091    3.960029    -6.601341   0.824516    0.782678    0.167351    0.009731    1.000000    0.200000    96.000000   21.000000   11.252960   21.852864   7.131609    10.454747   0.217899    0.009732    16.000000   3.293220    7.000000    21.000000   0.000000    0.000000    0.000000    0.000000    0.000000    0.709964    13.459124  
[37m[36mINFO[0m[0m 07/25 00:33:29 | 0.951347    0.931138    0.000000    0.938903    0.257124    0.929095    0.955128    0.951347    0.931138    0.932484    3500        68.334350   7.316873    0.019449    3.374784    3.963953    -6.597700   0.821765    0.780297    0.165872    0.009819    1.000000    0.200000    96.000000   21.000000   11.294397   21.953425   7.116190    10.354032   0.220214    0.009820    16.000000   3.287627    7.000000    21.000000   0.000000    0.000000    0.000000    0.000000    0.000000    0.804117    13.759057  
[37m[36mINFO[0m[0m 07/25 00:35:12 | 0.966317    0.955090    0.000000    0.955826    0.145024    0.946210    0.972222    0.966317    0.955090    0.949045    3600        70.286760   7.300381    0.015478    3.367936    3.959962    -6.748108   0.815887    0.774985    0.163608    0.009920    1.000000    0.200000    96.000000   21.000000   11.238385   21.479877   7.131056    10.357023   0.225291    0.009921    16.000000   3.281731    7.000000    21.000000   0.000000    0.000000    0.000000    0.000000    0.000000    0.808040    12.778209  
[37m[36mINFO[0m[0m 07/25 00:36:48 | 0.970060    0.946108    0.000000    0.966592    0.129898    0.965770    0.972222    0.970060    0.946108    0.961783    3700        72.239170   7.278663    0.011136    3.360652    3.951285    -6.878071   0.812033    0.772570    0.157853    0.010015    1.000000    0.200000    96.000000   21.000000   11.188492   21.395156   7.152471    10.419572   0.227713    0.010016    16.000000   3.276005    7.000000    21.000000   0.000000    0.000000    0.000000    0.000000    0.000000    0.707988    13.386157  
[37m[36mINFO[0m[0m 07/25 00:38:33 | 0.953593    0.937126    0.000000    0.956202    0.148094    0.948655    0.965812    0.953593    0.937126    0.954140    3800        74.191580   7.246258    0.005439    3.342542    3.943522    -6.949756   0.808100    0.767991    0.160438    0.010112    1.000000    0.200000    96.000000   21.000000   11.227459   21.489224   7.178586    10.364164   0.232200    0.010113    16.000000   3.270156    7.000000    21.000000   0.000000    0.000000    0.000000    0.000000    0.000000    0.811271    14.101761  
[37m[36mINFO[0m[0m 07/25 00:40:15 | 0.946856    0.910180    0.000000    0.952840    0.208348    0.946210    0.965812    0.946856    0.910180    0.946497    3900        76.143990   7.272228    0.008732    3.359168    3.949825    -6.975875   0.808349    0.768352    0.159986    0.010203    1.000000    0.200000    96.000000   21.000000   11.212107   21.434509   7.176784    10.282289   0.231868    0.010204    16.000000   3.264606    7.000000    21.000000   0.000000    0.000000    0.000000    0.000000    0.000000    0.805596    13.329262  
[37m[36mINFO[0m[0m 07/25 00:41:55 | 0.960329    0.928144    0.000000    0.961332    0.163414    0.955990    0.963675    0.960329    0.928144    0.964331    4000        78.096400   7.297624    0.016429    3.373652    3.953179    -6.981793   0.805747    0.766856    0.155565    0.010286    1.000000    0.200000    96.000000   21.000000   11.256849   22.132967   7.153831    10.309379   0.233486    0.010287    16.000000   3.259456    7.000000    21.000000   0.000000    0.000000    0.000000    0.000000    0.000000    0.780295    12.852515  
[37m[36mINFO[0m[0m 07/25 00:43:35 | 0.950599    0.928144    0.000000    0.961332    0.141363    0.955990    0.963675    0.950599    0.928144    0.964331    4100        80.048810   7.236377    0.005759    3.344748    3.932923    -7.110808   0.801491    0.762179    0.157249    0.010371    1.000000    0.200000    96.000000   21.000000   11.214239   21.596706   7.186142    10.359847   0.237966    0.010372    16.000000   3.254250    7.000000    21.000000   0.000000    0.000000    0.000000    0.000000    0.000000    0.777927    13.014484  
[37m[36mINFO[0m[0m 07/25 00:45:18 | 0.956587    0.931138    0.000000    0.958305    0.158481    0.941320    0.974359    0.956587    0.931138    0.959236    4200        82.001220   7.231305    0.004788    3.345449    3.929040    -7.204684   0.802144    0.763350    0.155175    0.010453    1.000000    0.200000    96.000000   21.000000   11.147097   21.589781   7.174385    10.376662   0.236885    0.010454    16.000000   3.249061    7.000000    21.000000   0.000000    0.000000    0.000000    0.000000    0.000000    0.809922    13.405733  
[37m[36mINFO[0m[0m 07/25 00:46:54 | 0.963323    0.955090    0.000000    0.965284    0.132850    0.958435    0.974359    0.963323    0.955090    0.963057    4300        83.953630   7.218393    0.003536    3.339627    3.924104    -7.289628   0.800405    0.761696    0.154837    0.010534    1.000000    0.200000    96.000000   21.000000   11.186055   21.748601   7.156372    10.219190   0.238505    0.010535    16.000000   3.243917    7.000000    21.000000   0.000000    0.000000    0.000000    0.000000    0.000000    0.700530    13.928805  
[37m[36mINFO[0m[0m 07/25 00:48:37 | 0.925898    0.895210    0.000000    0.940416    0.254898    0.911980    0.955128    0.925898    0.895210    0.954140    4400        85.906040   7.280178    0.022133    3.370335    3.937120    -7.337334   0.798452    0.760797    0.150620    0.010615    1.000000    0.200000    96.000000   21.000000   11.213509   22.094597   7.168094    10.145456   0.239017    0.010616    16.000000   3.238768    7.000000    21.000000   0.000000    0.000000    0.000000    0.000000    0.000000    0.804654    13.697356  
[37m[36mINFO[0m[0m 07/25 00:50:17 | 0.961078    0.934132    0.000000    0.963757    0.152868    0.955990    0.972222    0.961078    0.934132    0.963057    4500        87.858450   7.236966    0.009128    3.353838    3.923612    -7.347678   0.795158    0.758066    0.148368    0.010690    1.000000    0.200000    96.000000   21.000000   11.260830   21.749555   7.158544    10.120368   0.242112    0.010690    16.000000   3.233920    7.000000    21.000000   0.000000    0.000000    0.000000    0.000000    0.000000    0.780569    13.283871  
[37m[36mINFO[0m[0m 07/25 00:52:01 | 0.916916    0.877246    0.000000    0.936964    0.265747    0.897311    0.965812    0.916916    0.877246    0.947771    4600        89.810860   7.265949    0.015940    3.368833    3.931562    -7.429659   0.796671    0.759067    0.150415    0.010753    1.000000    0.200000    96.000000   21.000000   11.228568   21.426572   7.175497    10.062344   0.241246    0.010753    16.000000   3.229519    7.000000    21.000000   0.000000    0.000000    0.000000    0.000000    0.000000    0.809422    12.998345  
[37m[36mINFO[0m[0m 07/25 00:53:44 | 0.952096    0.916168    0.000000    0.950867    0.183458    0.926650    0.974359    0.952096    0.916168    0.951592    4700        91.763270   7.249909    0.014219    3.360600    3.926471    -7.516132   0.792326    0.756129    0.144789    0.010817    1.000000    0.200000    96.000000   21.000000   11.199538   21.716935   7.173818    10.211633   0.244213    0.010818    16.000000   3.225068    7.000000    21.000000   0.000000    0.000000    0.000000    0.000000    0.000000    0.812920    12.598011  
[37m[36mINFO[0m[0m 07/25 00:55:27 | 0.955838    0.928144    0.000000    0.963161    0.126925    0.948655    0.976496    0.955838    0.928144    0.964331    4800        93.715680   7.226205    0.003086    3.349570    3.925742    -7.588179   0.789285    0.752883    0.145608    0.010890    1.000000    0.200000    96.000000   21.000000   11.211050   21.572979   7.190120    10.223845   0.247271    0.010891    16.000000   3.220384    7.000000    21.000000   0.000000    0.000000    0.000000    0.000000    0.000000    0.810735    12.754285  
[37m[36mINFO[0m[0m 07/25 00:57:08 | 0.951347    0.943114    0.000000    0.960154    0.153750    0.951100    0.976496    0.951347    0.943114    0.952866    4900        95.668090   7.211397    0.003988    3.342743    3.918036    -7.699622   0.787192    0.751830    0.141449    0.010958    1.000000    0.200000    96.000000   21.000000   11.159174   21.760700   7.177542    10.159364   0.248361    0.010959    16.000000   3.215888    7.000000    21.000000   0.000000    0.000000    0.000000    0.000000    0.000000    0.779125    13.518020  
[37m[36mINFO[0m[0m 07/25 00:58:52 | 0.958084    0.946108    0.000000    0.963572    0.130661    0.958435    0.967949    0.958084    0.946108    0.964331    5000        97.620500   7.197527    0.001591    3.336609    3.913639    -7.783341   0.783700    0.748245    0.141820    0.011030    1.000000    0.200000    96.000000   21.000000   11.190969   21.893230   7.171542    10.131260   0.251828    0.011031    16.000000   3.211373    7.000000    21.000000   0.000000    0.000000    0.000000    0.000000    0.000000    0.821954    12.857993  
[37m[36mINFO[0m[0m 07/25 00:58:53 | ---
[37m[33mWARNING[0m[0m 07/25 00:58:53 | Evaluate SWAD ...
[37m[36mINFO[0m[0m 07/25 00:59:07 | 0.979790    0.967066    0.000000    0.972263    0.093498    0.975550    0.974359    0.979790    0.967066    0.966879    [201-5000]  (N=49)
[37m[36mINFO[0m[0m 07/25 00:59:07 | oracle = 97.380%
[37m[36mINFO[0m[0m 07/25 00:59:07 | iid = 96.931%
[37m[36mINFO[0m[0m 07/25 00:59:07 | last = 95.808%
[37m[36mINFO[0m[0m 07/25 00:59:07 | last (inD) = 96.357%
[37m[36mINFO[0m[0m 07/25 00:59:07 | iid (inD) = 96.883%
[37m[36mINFO[0m[0m 07/25 00:59:07 | SWAD = 97.979%
[37m[36mINFO[0m[0m 07/25 00:59:07 | SWAD (inD) = 97.226%
[37m[36mINFO[0m[0m 07/25 00:59:08 | 
[37m[36mINFO[0m[0m 07/25 00:59:12 | Testenv name escaping te_sketch -> te_sketch
[37m[36mINFO[0m[0m 07/25 00:59:12 | Test envs = [3], name = te_sketch
[37m[36mINFO[0m[0m 07/25 00:59:12 | Batch sizes for each domain: [32, 32, 32, 0] (total=96)
[37m[36mINFO[0m[0m 07/25 00:59:12 | steps-per-epoch for each domain: 51.22, 58.62, 41.75 -> min = 41.75
[37m[36mINFO[0m[0m 07/25 00:59:15 | # of params = 49165255
[37m[36mINFO[0m[0m 07/25 00:59:32 | test_in     test_out    train_in    train_out   tr_outloss  env0_out    env1_out    env2_out    env3_in     env3_out    step        epoch       loss        loss_cls    sup_cl_los  pre_cl_los  reg_loss    loss_isr    loss_isr_a  loss_isr_d  loss_orth   piccl_lamb  piccl_beta  valid_augm  valid_clas  delta_aug_  delta_aug_  delta_dom_  delta_dom_  projection  basis_orth  basis_rank  basis_norm  residual_b  residual_b  piccl_has_  reliable_c  reliable_c  cross_doma  valid_reli  step_time   eval_time  
[37m[36mINFO[0m[0m 07/25 00:59:32 | 0.228690    0.219108    0.000000    0.234913    1.829092    0.180929    0.164530    0.359281    0.228690    0.219108    0           0.000000    11.994740   2.014526    5.020319    5.017461    -5.756462   0.000000    0.000000    0.000000    0.002357    0.000000    0.000000    0.000000    0.000000    0.000000    0.000000    0.000000    0.000000    0.000000    0.002357    16.000000   3.623290    0.000000    0.000000    0.000000    0.000000    0.000000    0.000000    0.000000    0.633547    16.461357  
[37m[36mINFO[0m[0m 07/25 01:01:08 | 0.750000    0.774522    0.000000    0.952834    0.140308    0.921760    0.948718    0.988024    0.750000    0.774522    100         2.395210    8.609077    0.264725    3.803920    4.538418    0.201404    0.992355    0.992355    0.000000    0.002357    0.000000    0.000000    96.000000   0.000000    13.320912   26.531717   0.000000    0.000000    0.007655    0.002357    16.000000   3.623290    0.000000    0.000000    0.000000    0.000000    0.000000    0.000000    0.000000    0.615731    16.225246  
[37m[36mINFO[0m[0m 07/25 01:02:43 | 0.719466    0.713376    0.000000    0.960002    0.105751    0.936430    0.961538    0.982036    0.719466    0.713376    200         4.790419    7.866823    0.077896    3.520607    4.284428    -1.610936   0.992330    0.992330    0.000000    0.002357    0.000000    0.000000    96.000000   0.000000    12.415550   23.645478   0.000000    0.000000    0.007659    0.002357    16.000000   3.623290    0.000000    0.000000    0.000000    0.000000    0.000000    0.000000    0.000000    0.616799    16.271451  
[37m[36mINFO[0m[0m 07/25 01:04:17 | 0.739822    0.737580    0.000000    0.941735    0.193084    0.911980    0.940171    0.973054    0.739822    0.737580    300         7.185629    7.695678    0.059848    3.475563    4.182315    -2.299423   1.115187    0.991705    0.493928    0.002360    0.025500    0.005100    96.000000   10.210000   12.233502   23.409795   3.797243    5.108172    0.008334    0.002361    16.000000   3.622844    3.430000    10.220000   0.000000    0.000000    0.000000    0.000000    0.000000    0.680863    15.434848  
[37m[36mINFO[0m[0m 07/25 01:05:51 | 0.738232    0.732484    0.000000    0.959167    0.135240    0.943765    0.963675    0.970060    0.738232    0.732484    400         9.580838    7.587837    0.046714    3.443376    4.117214    -2.679488   1.218244    0.983469    0.939103    0.002404    0.201000    0.040200    96.000000   21.000000   12.075559   23.056048   6.464104    9.188279    0.016724    0.002404    16.000000   3.619025    7.000000    21.000000   0.000000    0.000000    0.000000    0.000000    0.000000    0.720601    15.418496  
[37m[36mINFO[0m[0m 07/25 01:07:27 | 0.764949    0.760510    0.000000    0.961589    0.124689    0.943765    0.967949    0.973054    0.764949    0.760510    500         11.976048   7.464368    0.023381    3.405990    4.051864    -3.091163   1.169506    0.969283    0.800895    0.002559    0.401000    0.080200    96.000000   21.000000   11.866054   22.113691   6.087028    8.801882    0.030943    0.002562    16.000000   3.610645    7.000000    21.000000   0.000000    0.000000    0.000000    0.000000    0.000000    0.733513    15.879408  
[37m[36mINFO[0m[0m 07/25 01:09:00 | 0.759860    0.747771    0.000000    0.970632    0.093157    0.948655    0.972222    0.991018    0.759860    0.747771    600         14.371257   7.405955    0.013581    3.389319    4.016144    -3.329891   1.121937    0.956718    0.660876    0.002938    0.601000    0.120200    96.000000   21.000000   11.853282   21.906917   6.104830    8.903251    0.043502    0.002943    16.000000   3.593152    7.000000    21.000000   0.000000    0.000000    0.000000    0.000000    0.000000    0.669999    16.260200  
[37m[36mINFO[0m[0m 07/25 01:10:36 | 0.687341    0.694268    0.000000    0.968026    0.114699    0.951100    0.967949    0.985030    0.687341    0.694268    700         16.766467   7.372372    0.017274    3.393427    3.971350    -3.574973   1.085526    0.946249    0.557106    0.003427    0.801000    0.160200    96.000000   21.000000   11.826074   21.983885   6.180624    9.010963    0.053965    0.003432    16.000000   3.573389    7.000000    21.000000   0.000000    0.000000    0.000000    0.000000    0.000000    0.722712    16.311432  
[37m[36mINFO[0m[0m 07/25 01:12:11 | 0.766221    0.775796    0.000000    0.975522    0.084236    0.963325    0.972222    0.991018    0.766221    0.775796    800         19.161677   7.321335    0.007543    3.371299    3.949066    -3.750843   1.057171    0.937218    0.479812    0.003900    0.975500    0.195100    96.000000   21.000000   11.827411   22.037145   6.178259    8.880484    0.062954    0.003904    16.000000   3.554641    7.000000    21.000000   0.000000    0.000000    0.000000    0.000000    0.000000    0.717084    16.959856  
[37m[36mINFO[0m[0m 07/25 01:13:49 | 0.660305    0.673885    0.000000    0.971793    0.104367    0.955990    0.974359    0.985030    0.660305    0.673885    900         21.556886   7.301694    0.011057    3.369356    3.929771    -3.957102   1.035863    0.928803    0.428239    0.004296    1.000000    0.200000    96.000000   21.000000   11.695632   21.406499   6.186261    8.796191    0.071307    0.004299    16.000000   3.538252    7.000000    21.000000   0.000000    0.000000    0.000000    0.000000    0.000000    0.738942    16.434774  
[37m[36mINFO[0m[0m 07/25 01:15:25 | 0.759542    0.760510    0.000000    0.974258    0.078391    0.953545    0.972222    0.997006    0.759542    0.760510    1000        23.952096   7.283940    0.010278    3.376679    3.907187    -4.083014   1.020729    0.921111    0.398473    0.004610    1.000000    0.200000    96.000000   21.000000   11.794183   21.846056   6.164891    8.898883    0.079054    0.004612    16.000000   3.524500    7.000000    21.000000   0.000000    0.000000    0.000000    0.000000    0.000000    0.722843    15.325040  
[37m[36mINFO[0m[0m 07/25 01:17:01 | 0.735369    0.755414    0.000000    0.959533    0.143351    0.938875    0.963675    0.976048    0.735369    0.755414    1100        26.347305   7.250182    0.009734    3.366433    3.886500    -4.273359   1.008122    0.914409    0.374852    0.004876    1.000000    0.200000    96.000000   21.000000   11.819781   21.486865   6.173540    8.937402    0.085734    0.004879    16.000000   3.512160    7.000000    21.000000   0.000000    0.000000    0.000000    0.000000    0.000000    0.733571    15.441754  
[37m[36mINFO[0m[0m 07/25 01:18:35 | 0.762723    0.773248    0.000000    0.962896    0.131280    0.951100    0.961538    0.976048    0.762723    0.773248    1200        28.742515   7.271932    0.015116    3.381833    3.888707    -4.367089   0.998090    0.908738    0.357409    0.005113    1.000000    0.200000    96.000000   21.000000   11.835293   21.899393   6.162324    8.823511    0.091450    0.005115    16.000000   3.500791    7.000000    21.000000   0.000000    0.000000    0.000000    0.000000    0.000000    0.682761    15.401835  
[37m[36mINFO[0m[0m 07/25 01:20:10 | 0.693702    0.689172    0.000000    0.966457    0.120328    0.951100    0.972222    0.976048    0.693702    0.689172    1300        31.137725   7.262388    0.013777    3.382600    3.881226    -4.488562   0.988847    0.903508    0.341357    0.005332    1.000000    0.200000    96.000000   21.000000   11.814789   21.691426   6.183619    8.776174    0.096676    0.005334    16.000000   3.489861    7.000000    21.000000   0.000000    0.000000    0.000000    0.000000    0.000000    0.692735    14.843780  
[37m[36mINFO[0m[0m 07/25 01:21:47 | 0.747455    0.752866    0.000000    0.971286    0.104146    0.960880    0.967949    0.985030    0.747455    0.752866    1400        33.532934   7.252231    0.014362    3.380547    3.873826    -4.590896   0.980000    0.898362    0.326551    0.005541    1.000000    0.200000    96.000000   21.000000   11.834695   21.931328   6.210729    8.887980    0.101801    0.005543    16.000000   3.479165    7.000000    21.000000   0.000000    0.000000    0.000000    0.000000    0.000000    0.704661    15.577786  
[37m[36mINFO[0m[0m 07/25 01:23:29 | 0.729008    0.713376    0.000000    0.962248    0.141439    0.955990    0.948718    0.982036    0.729008    0.713376    1500        35.928144   7.223092    0.011714    3.374347    3.855228    -4.736792   0.972202    0.893267    0.315742    0.005743    1.000000    0.200000    96.000000   21.000000   11.830604   22.332596   6.198609    8.939079    0.106936    0.005745    16.000000   3.468691    7.000000    21.000000   0.000000    0.000000    0.000000    0.000000    0.000000    0.778146    15.763754  
[37m[36mINFO[0m[0m 07/25 01:25:15 | 0.800573    0.816561    0.000000    0.971229    0.097660    0.973105    0.961538    0.979042    0.800573    0.816561    1600        38.323353   7.214878    0.012547    3.376663    3.845406    -4.869897   0.965188    0.888416    0.307091    0.005933    1.000000    0.200000    96.000000   21.000000   11.832029   21.545830   6.214793    8.827737    0.111770    0.005935    16.000000   3.458499    7.000000    21.000000   0.000000    0.000000    0.000000    0.000000    0.000000    0.814581    15.420282  
[37m[36mINFO[0m[0m 07/25 01:26:35 | 0.796438    0.814013    0.000000    0.967558    0.134638    0.953545    0.970085    0.979042    0.796438    0.814013    1700        40.718563   7.170635    0.005151    3.353730    3.833240    -5.027355   0.959394    0.884004    0.301560    0.006125    1.000000    0.200000    96.000000   21.000000   11.780163   21.560425   6.257622    9.010042    0.116148    0.006127    16.000000   3.448222    7.000000    21.000000   0.000000    0.000000    0.000000    0.000000    0.000000    0.598972    17.641301  
[37m[36mINFO[0m[0m 07/25 01:28:10 | 0.724873    0.745223    0.000000    0.949043    0.191048    0.926650    0.959402    0.961078    0.724873    0.745223    1800        43.113772   7.194310    0.011768    3.373877    3.831075    -5.096186   0.951528    0.877665    0.295449    0.006322    1.000000    0.200000    96.000000   21.000000   11.891740   21.737219   6.228904    8.759296    0.122485    0.006325    16.000000   3.437701    7.000000    21.000000   0.000000    0.000000    0.000000    0.000000    0.000000    0.736416    17.244339  
[37m[36mINFO[0m[0m 07/25 01:29:47 | 0.733461    0.733758    0.000000    0.941285    0.248562    0.921760    0.952991    0.949102    0.733461    0.733758    1900        45.508982   7.176082    0.011024    3.371049    3.817712    -5.203869   0.944349    0.873114    0.284940    0.006526    1.000000    0.200000    96.000000   21.000000   11.873260   22.067043   6.204799    8.847717    0.127065    0.006528    16.000000   3.427028    7.000000    21.000000   0.000000    0.000000    0.000000    0.000000    0.000000    0.771919    17.058701  
[37m[36mINFO[0m[0m 07/25 01:31:24 | 0.755089    0.763057    0.000000    0.962851    0.158151    0.936430    0.970085    0.982036    0.755089    0.763057    2000        47.904192   7.174650    0.013775    3.372914    3.813252    -5.346348   0.938854    0.869092    0.279048    0.006721    1.000000    0.200000    96.000000   21.000000   11.790813   21.251464   6.191745    8.811525    0.131047    0.006723    16.000000   3.416621    7.000000    21.000000   0.000000    0.000000    0.000000    0.000000    0.000000    0.733813    16.394136  
[37m[36mINFO[0m[0m 07/25 01:33:01 | 0.804389    0.808917    0.000000    0.964465    0.124952    0.951100    0.957265    0.985030    0.804389    0.808917    2100        50.299401   7.193388    0.017048    3.383707    3.818981    -5.427504   0.930647    0.863676    0.267883    0.006910    1.000000    0.200000    96.000000   21.000000   11.879728   21.801836   6.154378    8.813055    0.136569    0.006912    16.000000   3.406509    7.000000    21.000000   0.000000    0.000000    0.000000    0.000000    0.000000    0.728295    16.834381  
[37m[36mINFO[0m[0m 07/25 01:34:38 | 0.758270    0.751592    0.000000    0.969980    0.159309    0.953545    0.974359    0.982036    0.758270    0.751592    2200        52.694611   7.141643    0.005163    3.359034    3.805165    -5.541769   0.923035    0.858407    0.258515    0.007106    1.000000    0.200000    96.000000   21.000000   11.888139   21.676142   6.150255    8.678705    0.141715    0.007108    16.000000   3.396168    7.000000    21.000000   0.000000    0.000000    0.000000    0.000000    0.000000    0.718361    17.308723  
[37m[36mINFO[0m[0m 07/25 01:36:13 | 0.769720    0.751592    0.000000    0.970612    0.117688    0.958435    0.974359    0.979042    0.769720    0.751592    2300        55.089820   7.131212    0.007866    3.359301    3.793479    -5.700298   0.918743    0.855182    0.254244    0.007304    1.000000    0.200000    96.000000   21.000000   11.735780   21.609774   6.112813    8.599107    0.145050    0.007306    16.000000   3.385838    7.000000    21.000000   0.000000    0.000000    0.000000    0.000000    0.000000    0.715022    16.957371  
[37m[36mINFO[0m[0m 07/25 01:37:44 | 0.753499    0.754140    0.000000    0.971369    0.110891    0.973105    0.967949    0.973054    0.753499    0.754140    2400        57.485030   7.125933    0.006620    3.358086    3.791794    -5.799787   0.914114    0.851899    0.248861    0.007497    1.000000    0.200000    96.000000   21.000000   11.770441   21.562582   6.099920    8.611342    0.148256    0.007499    16.000000   3.375802    7.000000    21.000000   0.000000    0.000000    0.000000    0.000000    0.000000    0.666681    15.603674  
[37m[36mINFO[0m[0m 07/25 01:39:22 | 0.794847    0.779618    0.000000    0.968232    0.106019    0.955990    0.963675    0.985030    0.794847    0.779618    2500        59.880240   7.103691    0.002762    3.348831    3.784383    -5.954198   0.908348    0.847396    0.243806    0.007689    1.000000    0.200000    96.000000   21.000000   11.691449   21.509730   6.163789    8.743257    0.152705    0.007691    16.000000   3.365828    7.000000    21.000000   0.000000    0.000000    0.000000    0.000000    0.000000    0.738052    16.117131  
[37m[36mINFO[0m[0m 07/25 01:40:58 | 0.771947    0.774522    0.000000    0.959205    0.163597    0.941320    0.972222    0.964072    0.771947    0.774522    2600        62.275449   7.105393    0.006079    3.353432    3.779188    -6.042386   0.903659    0.844026    0.238536    0.007884    1.000000    0.200000    96.000000   21.000000   11.737700   21.411027   6.162652    8.797334    0.156140    0.007886    16.000000   3.355889    7.000000    21.000000   0.000000    0.000000    0.000000    0.000000    0.000000    0.729649    16.272427  
[37m[36mINFO[0m[0m 07/25 01:42:35 | 0.786578    0.802548    0.000000    0.968799    0.123198    0.955990    0.974359    0.976048    0.786578    0.802548    2700        64.670659   7.146097    0.011734    3.377943    3.789543    -6.000564   0.895816    0.837599    0.232867    0.008071    1.000000    0.200000    96.000000   21.000000   11.944530   21.873264   6.145507    8.793598    0.162656    0.008073    16.000000   3.346364    7.000000    21.000000   0.000000    0.000000    0.000000    0.000000    0.000000    0.730561    16.443230  
[37m[36mINFO[0m[0m 07/25 01:44:11 | 0.779580    0.785987    0.000000    0.963380    0.138616    0.938875    0.972222    0.979042    0.779580    0.785987    2800        67.065868   7.134231    0.013278    3.374084    3.781366    -6.130765   0.893416    0.836788    0.226510    0.008253    1.000000    0.200000    96.000000   21.000000   11.852808   21.715873   6.193185    8.772546    0.163462    0.008255    16.000000   3.337103    7.000000    21.000000   0.000000    0.000000    0.000000    0.000000    0.000000    0.729730    16.567814  
[37m[36mINFO[0m[0m 07/25 01:45:47 | 0.757952    0.773248    0.000000    0.968350    0.121301    0.948655    0.974359    0.982036    0.757952    0.773248    2900        69.461078   7.108439    0.009358    3.360539    3.773872    -6.198166   0.888091    0.832135    0.223826    0.008437    1.000000    0.200000    96.000000   21.000000   11.880268   21.649775   6.234760    8.786082    0.168101    0.008438    16.000000   3.327968    7.000000    21.000000   0.000000    0.000000    0.000000    0.000000    0.000000    0.715368    16.932735  
[37m[36mINFO[0m[0m 07/25 01:47:19 | 0.759224    0.798726    0.000000    0.965215    0.125087    0.948655    0.967949    0.979042    0.759224    0.798726    3000        71.856287   7.082469    0.004855    3.351442    3.763251    -6.364720   0.885293    0.830446    0.219388    0.008624    1.000000    0.200000    96.000000   21.000000   11.748814   21.430534   6.242795    8.645470    0.169713    0.008626    16.000000   3.318839    7.000000    21.000000   0.000000    0.000000    0.000000    0.000000    0.000000    0.660035    17.085065  
[37m[36mINFO[0m[0m 07/25 01:48:53 | 0.743957    0.766879    0.000000    0.961612    0.145752    0.951100    0.963675    0.970060    0.743957    0.766879    3100        74.251497   7.076067    0.004251    3.351489    3.758643    -6.473491   0.880363    0.827061    0.213206    0.008806    1.000000    0.200000    96.000000   21.000000   11.795824   21.857613   6.226753    8.663614    0.173102    0.008808    16.000000   3.310009    7.000000    21.000000   0.000000    0.000000    0.000000    0.000000    0.000000    0.718140    15.449929  
[37m[36mINFO[0m[0m 07/25 01:50:29 | 0.770356    0.759236    0.000000    0.971244    0.112095    0.963325    0.974359    0.976048    0.770356    0.759236    3200        76.646707   7.098735    0.012234    3.366843    3.758619    -6.520981   0.874657    0.823102    0.206219    0.008981    1.000000    0.200000    96.000000   21.000000   11.848642   21.708500   6.171484    8.663978    0.177082    0.008983    16.000000   3.301439    7.000000    21.000000   0.000000    0.000000    0.000000    0.000000    0.000000    0.730474    15.437616  
[37m[36mINFO[0m[0m 07/25 01:52:00 | 0.816476    0.822930    0.000000    0.964747    0.123021    0.951100    0.970085    0.973054    0.816476    0.822930    3300        79.041916   7.088653    0.005957    3.355883    3.766497    -6.583053   0.871248    0.820706    0.202170    0.009168    1.000000    0.200000    96.000000   21.000000   11.865067   21.764359   6.179002    8.738649    0.179401    0.009170    16.000000   3.292731    7.000000    21.000000   0.000000    0.000000    0.000000    0.000000    0.000000    0.673870    15.456095  
[37m[36mINFO[0m[0m 07/25 01:53:35 | 0.797392    0.808917    0.000000    0.972916    0.102509    0.965770    0.967949    0.985030    0.797392    0.808917    3400        81.437126   7.048750    0.001053    3.344895    3.744090    -6.734967   0.868388    0.818346    0.200170    0.009360    1.000000    0.200000    96.000000   21.000000   11.794236   21.648683   6.215000    9.043729    0.181749    0.009362    16.000000   3.284012    7.000000    21.000000   0.000000    0.000000    0.000000    0.000000    0.000000    0.716764    15.367694  
[37m[36mINFO[0m[0m 07/25 01:55:07 | 0.801845    0.807643    0.000000    0.974444    0.092080    0.968215    0.970085    0.985030    0.801845    0.807643    3500        83.832335   7.045462    0.000371    3.340722    3.747480    -6.903898   0.863957    0.814786    0.196684    0.009547    1.000000    0.200000    96.000000   21.000000   11.694860   21.354942   6.197395    8.885862    0.185282    0.009549    16.000000   3.275619    7.000000    21.000000   0.000000    0.000000    0.000000    0.000000    0.000000    0.678246    15.824008  
[37m[36mINFO[0m[0m 07/25 01:56:42 | 0.794211    0.802548    0.000000    0.971507    0.107087    0.955990    0.976496    0.982036    0.794211    0.802548    3600        86.227545   7.045480    0.000472    3.343933    3.745549    -7.030401   0.860664    0.812811    0.191410    0.009738    1.000000    0.200000    96.000000   21.000000   11.634888   21.117592   6.159041    8.790508    0.187249    0.009740    16.000000   3.267236    7.000000    21.000000   0.000000    0.000000    0.000000    0.000000    0.000000    0.714303    16.436376  
[37m[36mINFO[0m[0m 07/25 01:58:19 | 0.802481    0.798726    0.000000    0.974055    0.098955    0.965770    0.974359    0.982036    0.802481    0.798726    3700        88.622754   7.038968    0.000385    3.338931    3.745423    -7.147140   0.856318    0.810054    0.185056    0.009929    1.000000    0.200000    96.000000   21.000000   11.638012   21.163809   6.129177    8.690366    0.190007    0.009931    16.000000   3.258995    7.000000    21.000000   0.000000    0.000000    0.000000    0.000000    0.000000    0.734180    15.877793  
[37m[36mINFO[0m[0m 07/25 01:59:54 | 0.797074    0.810191    0.000000    0.970552    0.086324    0.953545    0.970085    0.988024    0.797074    0.810191    3800        91.017964   7.036956    0.000646    3.341930    3.741319    -7.260180   0.855088    0.810232    0.179423    0.010100    1.000000    0.200000    96.000000   21.000000   11.586787   21.171930   6.134345    8.667569    0.189822    0.010101    16.000000   3.251485    7.000000    21.000000   0.000000    0.000000    0.000000    0.000000    0.000000    0.725284    15.718280  
[37m[36mINFO[0m[0m 07/25 02:01:30 | 0.792303    0.801274    0.000000    0.971141    0.099829    0.960880    0.976496    0.976048    0.792303    0.801274    3900        93.413174   7.029314    0.000768    3.341045    3.735507    -7.356580   0.851653    0.807590    0.176252    0.010259    1.000000    0.200000    96.000000   21.000000   11.597167   21.245272   6.123393    8.752576    0.192485    0.010260    16.000000   3.244470    7.000000    21.000000   0.000000    0.000000    0.000000    0.000000    0.000000    0.722526    16.279974  
[37m[36mINFO[0m[0m 07/25 02:03:06 | 0.799300    0.800000    0.000000    0.971999    0.122973    0.960880    0.970085    0.985030    0.799300    0.800000    4000        95.808383   7.017959    0.000858    3.335750    3.730287    -7.446483   0.850620    0.807062    0.174232    0.010404    1.000000    0.200000    96.000000   21.000000   11.508030   21.022206   6.123568    8.825292    0.193013    0.010406    16.000000   3.237979    7.000000    21.000000   0.000000    0.000000    0.000000    0.000000    0.000000    0.715229    16.967138  
[37m[36mINFO[0m[0m 07/25 02:04:44 | 0.790394    0.774522    0.000000    0.969942    0.135051    0.955990    0.965812    0.988024    0.790394    0.774522    4100        98.203593   7.040731    0.003285    3.352063    3.734316    -7.435113   0.846937    0.803739    0.172791    0.010545    1.000000    0.200000    96.000000   21.000000   11.594851   21.012474   6.090395    8.717459    0.196428    0.010546    16.000000   3.231717    7.000000    21.000000   0.000000    0.000000    0.000000    0.000000    0.000000    0.737838    16.911475  
[37m[36mINFO[0m[0m 07/25 02:06:15 | 0.766858    0.761783    0.000000    0.952015    0.177468    0.919315    0.963675    0.973054    0.766858    0.761783    4200        100.598802  7.085485    0.013545    3.371487    3.748317    -7.316427   0.842985    0.800662    0.169293    0.010675    1.000000    0.200000    96.000000   21.000000   11.864585   21.807280   6.099515    8.672355    0.199518    0.010677    16.000000   3.225794    7.000000    21.000000   0.000000    0.000000    0.000000    0.000000    0.000000    0.662764    16.670517  
[37m[36mINFO[0m[0m 07/25 02:07:53 | 0.707379    0.715924    0.000000    0.940123    0.237610    0.914425    0.950855    0.955090    0.707379    0.715924    4300        102.994012  7.209234    0.049793    3.433204    3.772789    -7.168887   0.837520    0.795279    0.168965    0.010802    1.000000    0.200000    96.000000   21.000000   12.088160   22.346939   6.205854    8.918127    0.205075    0.010804    16.000000   3.220074    7.000000    21.000000   0.000000    0.000000    0.000000    0.000000    0.000000    0.740909    16.691380  
[37m[36mINFO[0m[0m 07/25 02:09:26 | 0.750954    0.745223    0.000000    0.961715    0.146632    0.953545    0.961538    0.970060    0.750954    0.745223    4400        105.389222  7.100546    0.021756    3.383807    3.741788    -7.186174   0.834858    0.790630    0.176915    0.010924    1.000000    0.200000    96.000000   21.000000   12.098509   22.548902   6.247521    8.829886    0.209866    0.010925    16.000000   3.214632    7.000000    21.000000   0.000000    0.000000    0.000000    0.000000    0.000000    0.664919    16.703731  
[37m[36mINFO[0m[0m 07/25 02:11:01 | 0.776081    0.803822    0.000000    0.961753    0.139406    0.951100    0.970085    0.964072    0.776081    0.803822    4500        107.784431  7.103906    0.024817    3.387817    3.739111    -7.290246   0.835101    0.790653    0.177792    0.011030    1.000000    0.200000    96.000000   21.000000   11.985236   21.978335   6.252521    8.517853    0.209549    0.011031    16.000000   3.209653    7.000000    21.000000   0.000000    0.000000    0.000000    0.000000    0.000000    0.723881    15.858049  
[37m[36mINFO[0m[0m 07/25 02:12:34 | 0.810433    0.802548    0.000000    0.964930    0.137624    0.948655    0.970085    0.976048    0.810433    0.802548    4600        110.179641  7.052632    0.007634    3.364329    3.730011    -7.433813   0.832871    0.788985    0.175547    0.011136    1.000000    0.200000    96.000000   21.000000   11.856261   21.620338   6.256397    8.500391    0.211243    0.011137    16.000000   3.204677    7.000000    21.000000   0.000000    0.000000    0.000000    0.000000    0.000000    0.703699    15.941429  
[37m[36mINFO[0m[0m 07/25 02:14:11 | 0.773537    0.769427    0.000000    0.954906    0.167011    0.916870    0.965812    0.982036    0.773537    0.769427    4700        112.574850  7.064057    0.011805    3.365440    3.737090    -7.527650   0.832919    0.790050    0.171478    0.011228    1.000000    0.200000    96.000000   21.000000   11.815215   21.612355   6.247044    8.827526    0.210210    0.011229    16.000000   3.200147    7.000000    21.000000   0.000000    0.000000    0.000000    0.000000    0.000000    0.730694    16.099207  
[37m[36mINFO[0m[0m 07/25 02:15:45 | 0.794847    0.793631    0.000000    0.954643    0.181201    0.924205    0.963675    0.976048    0.794847    0.793631    4800        114.970060  7.048286    0.009121    3.363220    3.726376    -7.538567   0.831465    0.788913    0.170208    0.011301    1.000000    0.200000    96.000000   21.000000   11.853943   21.660030   6.247080    8.884789    0.211224    0.011302    16.000000   3.196156    7.000000    21.000000   0.000000    0.000000    0.000000    0.000000    0.000000    0.706231    16.613966  
[37m[36mINFO[0m[0m 07/25 02:17:20 | 0.736005    0.750318    0.000000    0.968841    0.124874    0.953545    0.967949    0.985030    0.736005    0.750318    4900        117.365269  7.033184    0.006056    3.355832    3.722599    -7.622919   0.830513    0.788010    0.170012    0.011364    1.000000    0.200000    96.000000   21.000000   11.837222   21.732718   6.260980    8.983698    0.212120    0.011365    16.000000   3.192519    7.000000    21.000000   0.000000    0.000000    0.000000    0.000000    0.000000    0.722833    16.275957  
[37m[36mINFO[0m[0m 07/25 02:18:54 | 0.758906    0.757962    0.000000    0.964664    0.144792    0.938875    0.970085    0.985030    0.758906    0.757962    5000        119.760479  7.006084    0.002286    3.343873    3.712774    -7.774735   0.829575    0.787402    0.168691    0.011422    1.000000    0.200000    96.000000   21.000000   11.817791   21.990672   6.297090    8.993293    0.212713    0.011423    16.000000   3.189042    7.000000    21.000000   0.000000    0.000000    0.000000    0.000000    0.000000    0.699373    16.820294  
[37m[36mINFO[0m[0m 07/25 02:18:54 | ---
[37m[33mWARNING[0m[0m 07/25 02:18:55 | Evaluate SWAD ...
[37m[36mINFO[0m[0m 07/25 02:19:11 | 0.826018    0.834395    0.000000    0.980919    0.070434    0.973105    0.978632    0.991018    0.826018    0.834395    [101-5000]  (N=49)
[37m[36mINFO[0m[0m 07/25 02:19:11 | oracle = 81.648%
[37m[36mINFO[0m[0m 07/25 02:19:11 | iid = 76.622%
[37m[36mINFO[0m[0m 07/25 02:19:11 | last = 75.891%
[37m[36mINFO[0m[0m 07/25 02:19:11 | last (inD) = 96.466%
[37m[36mINFO[0m[0m 07/25 02:19:11 | iid (inD) = 97.552%
[37m[36mINFO[0m[0m 07/25 02:19:11 | SWAD = 82.602%
[37m[36mINFO[0m[0m 07/25 02:19:11 | SWAD (inD) = 98.092%
[37m[36mINFO[0m[0m 07/25 02:19:12 | === Summary ===
[37m[36mINFO[0m[0m 07/25 02:19:12 | Command: train_all.py pacs2 --dataset PACS --algorithm PICCL --model resnet50 --data_dir /home/hooasia/lgg/data/repro_dccl_data --output_root train_output/PACS5 --steps 5000 --checkpoint_freq 100 --seed 0 --trial_seed 0 --deterministic --weight_decay 0.0 --t 0.1 --use_piccl true --piccl_rank 16 --piccl_beta_max 0.20 --piccl_residual_scale 0.20 --piccl_isr_weight 0.03 --piccl_orth_weight 0.001 --piccl_warmup_ratio 0.05 --piccl_ramp_ratio 0.10 --piccl_min_domain_samples 8 --piccl_use_reliable_contrast false
[37m[36mINFO[0m[0m 07/25 02:19:12 | Unique name: 260724_21-17-53_pacs2
[37m[36mINFO[0m[0m 07/25 02:19:12 | Out path: train_output/PACS5/260724_21-17-53_pacs2
[37m[36mINFO[0m[0m 07/25 02:19:12 | Algorithm: PICCL
[37m[36mINFO[0m[0m 07/25 02:19:12 | Dataset: PACS
+------------+---------+---------+---------+---------+---------+
| Selection  |   env0  |   env1  |   env2  |   env3  |   Avg.  |
+------------+---------+---------+---------+---------+---------+
|   oracle   | 88.103% | 82.036% | 97.380% | 81.648% | 87.292% |
|    iid     | 89.567% | 81.716% | 96.931% | 76.622% | 86.209% |
|    last    | 80.415% | 77.186% | 95.808% | 75.891% | 82.325% |
| last (inD) | 96.973% | 94.580% | 96.357% | 96.466% | 96.094% |
| iid (inD)  | 98.098% | 97.059% | 96.883% | 97.552% | 97.398% |
|    SWAD    | 90.055% | 84.222% | 97.979% | 82.602% | 88.714% |
| SWAD (inD) | 97.897% | 97.770% | 97.226% | 98.092% | 97.746% |
+------------+---------+---------+---------+---------+---------+
