[37m[36mINFO[0m[0m 07/24 21:13:26 | Command :: train_all.py pacs1_piccl_reliable_a --dataset PACS --algorithm PICCL --model resnet50 --data_dir /home/hooasia/lgg/data/repro_dccl_data --output_root train_output/PACS5 --steps 5000 --checkpoint_freq 100 --seed 0 --trial_seed 0 --deterministic --weight_decay 0.0 --t 0.1 --use_piccl true --piccl_rank 16 --piccl_beta_max 0.25 --piccl_residual_scale 0.25 --piccl_isr_weight 0.05 --piccl_orth_weight 0.001 --piccl_warmup_ratio 0.05 --piccl_ramp_ratio 0.25 --piccl_use_reliable_contrast true --piccl_reliable_contrast_min_weight 0.5 --piccl_reliable_contrast_gamma_max 0.2 --piccl_reliable_contrast_warmup_steps 1000 --piccl_reliable_contrast_ramp_steps 1000 --piccl_reliable_contrast_min_delta_norm 1e-6
Environment:
	Python: 3.10.20
	PyTorch: 2.5.1+cu121
	Torchvision: 0.20.1+cu121
	CUDA: 12.1
	CUDNN: 90100
	NumPy: 2.2.6
	PIL: 12.0.0
Args:
	TN: False
	algorithm: PICCL
	aug: 0
	checkpoint_freq: 100
	configs: []
	data_dir: /home/hooasia/lgg/data/repro_dccl_data
	dataset: PACS
	debug: False
	deterministic: True
	domainnet_auto_source_count: 3
	erm_baseline: weak
	evalmode: fast
	holdout_fraction: 0.2
	l: 1
	l_d: 0.05
	l_layer: 1
	label_ratio: 1.0
	lamda: 5
	log: False
	mix: 0
	model: resnet50
	model_save: None
	n_layer: 1
	name: pacs1_piccl_reliable_a
	out_dir: train_output/PACS5/260724_21-13-26_pacs1_piccl_reliable_a
	out_root: train_output/PACS5
	output_root: train_output/PACS5
	pos_mask: False
	prebuild_loader: False
	re_w: False
	sample_d: False
	seed: 0
	selection_key: SWAD
	show: False
	source_envs: None
	start_epoch: 1000
	steps: 5000
	sup: True
	t: 0.1
	t_pre: 0.2
	target_env: None
	tb_freq: 10
	test_envs: None
	trial_seed: 0
	two_ce: False
	unique_name: 260724_21-13-26_pacs1_piccl_reliable_a
	weak_erm: False
	work_dir: .
HParams:
	data_augmentation: True
	val_augment: False
	resnet18: False
	resnet_dropout: 0.0
	class_balanced: False
	optimizer: adam
	freeze_bn: True
	pretrained: True
	lr: 5e-05
	batch_size: 32
	[36mweight_decay: 0.0
	[0m[36mpiccl_rank: 16
	[0m[36mpiccl_beta_max: 0.25
	[0m[36mpiccl_isr_weight: 0.05
	[0m[36mpiccl_orth_weight: 0.001
	[0mpiccl_isr_aug_weight: 1.0
	piccl_isr_dom_weight: 0.25
	piccl_warmup_steps: 0
	piccl_ramp_steps: 0
	[36mpiccl_warmup_ratio: 0.05
	[0m[36mpiccl_ramp_ratio: 0.25
	[0mpiccl_min_delta_norm: 0.0001
	piccl_min_domain_samples: 8
	piccl_semantic_threshold: 0.2
	piccl_semantic_min_weight: 0.2
	[36mpiccl_residual_scale: 0.25
	[0mpiccl_strict_bypass: True
	[36muse_piccl: True
	[0m[36mpiccl_use_reliable_contrast: True
	[0m[36mpiccl_reliable_contrast_min_weight: 0.5
	[0m[36mpiccl_reliable_contrast_gamma_max: 0.2
	[0m[36mpiccl_reliable_contrast_warmup_steps: 1000
	[0m[36mpiccl_reliable_contrast_ramp_steps: 1000
	[0m[36mpiccl_reliable_contrast_min_delta_norm: 1e-06
	[0mt: 0.1
	t_pre: 0.2
	l: 1
	l_d: 0.01
	l_layer: 1
	n_layer: 1
	sup: True
	two_ce: False
	sample_d: False
	re_w: False
	pos_mask: False
	mix: 0
	aug: 0
	model: resnet50
	label_ratio: 1.0
	TN: False
	lamda: 5
	start_epoch: 1000
	log: False
	swad: LossValley
	swad_kwargs: 
	  n_converge: 3
	  n_tolerance: 6
	  tolerance_ratio: 0.3
	test_batchsize: 128
	indomain_test: False
Dataset:
	[PACS] #envs=4, #classes=7
	env0: art_painting (#2048)
	env1: cartoon (#2344)
	env2: photo (#1670)
	env3: sketch (#3929)

[37m[36mINFO[0m[0m 07/24 21:13:31 | n_steps = 5000
[37m[36mINFO[0m[0m 07/24 21:13:31 | checkpoint_freq = 100
[37m[36mINFO[0m[0m 07/24 21:13:31 | n_steps is updated to 5000 => 5001 for checkpointing
[37m[36mINFO[0m[0m 07/24 21:13:31 | Target test envs = [[0], [1], [2], [3]]
[37m[36mINFO[0m[0m 07/24 21:13:31 | 
[37m[36mINFO[0m[0m 07/24 21:13:35 | Testenv name escaping te_art_painting -> te_art_painting
[37m[36mINFO[0m[0m 07/24 21:13:35 | Test envs = [0], name = te_art_painting
[37m[36mINFO[0m[0m 07/24 21:13:35 | Batch sizes for each domain: [0, 32, 32, 32] (total=96)
[37m[36mINFO[0m[0m 07/24 21:13:35 | steps-per-epoch for each domain: 58.62, 41.75, 98.25 -> min = 41.75
[37m[36mINFO[0m[0m 07/24 21:13:37 | # of params = 49165255
[37m[36mINFO[0m[0m 07/24 21:13:50 | test_in     test_out    train_in    train_out   tr_outloss  env0_in     env0_out    env1_out    env2_out    env3_out    step        epoch       loss        loss_cls    sup_cl_los  pre_cl_los  reg_loss    loss_isr    loss_isr_a  loss_isr_d  loss_orth   piccl_lamb  piccl_beta  valid_augm  valid_clas  delta_aug_  delta_aug_  delta_dom_  delta_dom_  projection  basis_orth  basis_rank  basis_norm  residual_b  residual_b  piccl_has_  reliable_c  reliable_c  cross_doma  valid_reli  pair_relia  pair_relia  pair_relia  pair_weigh  pair_weigh  pair_weigh  pair_weigh  pair_weigh  mean_sensi  mean_pair_  weighted_c  unweighted  self_aug_p  cross_doma  reliable_c  reliable_c  reliable_c  reliable_c  reliable_c  reliable_c  reliable_c  step_time   eval_time  
[37m[36mINFO[0m[0m 07/24 21:13:50 | 0.131178    0.178484    0.000000    0.236210    1.887570    0.131178    0.178484    0.226496    0.260479    0.221656    0           0.000000    12.300487   1.940914    5.304292    5.112845    -5.756462   0.000000    0.000000    0.000000    0.002203    0.000000    0.000000    0.000000    0.000000    0.000000    0.000000    0.000000    0.000000    0.000000    0.002203    16.000000   3.639568    0.000000    0.000000    0.000000    1.000000    0.000000    3480.00000  870.000000  0.006702    0.001900    0.017287    1.000000    1.000000    1.000000    0.000000    0.000000    0.006702    22.969957   5.304292    5.304292    192.000000  3480.00000  0.000000    1.000000    1.000000    1.000000    1.000000    1.000000    1.000000    1.792406    11.449977  
[37m[36mINFO[0m[0m 07/24 21:15:23 | 0.881025    0.894866    0.000000    0.950197    0.145186    0.881025    0.894866    0.970085    0.976048    0.904459    100         2.395210    8.770340    0.326741    3.839952    4.600411    0.323610    0.992516    0.992516    0.000000    0.002203    0.000000    0.000000    96.000000   0.000000    12.034618   23.645016   0.000000    0.000000    0.007484    0.002203    16.000000   3.639568    0.000000    0.000000    0.000000    1.000000    0.000000    3330.16000  832.540000  0.007461    0.001868    0.017332    1.000000    1.000000    1.000000    0.000000    0.000000    0.007461    24.638028   3.839952    3.839952    192.000000  3330.16000  0.000000    1.000000    1.000000    1.000000    1.000000    1.000000    1.000000    0.724184    12.319151  
[37m[36mINFO[0m[0m 07/24 21:16:53 | 0.850519    0.860636    0.000000    0.967351    0.103842    0.850519    0.860636    0.965812    0.991018    0.945223    200         4.790419    7.977029    0.101356    3.542189    4.348330    -1.484555   0.992425    0.992425    0.000000    0.002203    0.000000    0.000000    96.000000   0.000000    11.126704   21.808230   0.000000    0.000000    0.007566    0.002203    16.000000   3.639568    0.000000    0.000000    0.000000    1.000000    0.000000    3380.08000  845.020000  0.007636    0.001984    0.017803    1.000000    1.000000    1.000000    0.000000    0.000000    0.007636    17.511596   3.542189    3.542189    192.000000  3380.08000  0.000000    1.000000    1.000000    1.000000    1.000000    1.000000    1.000000    0.684204    12.023017  
[37m[36mINFO[0m[0m 07/24 21:18:24 | 0.874314    0.872861    0.000000    0.949889    0.147568    0.874314    0.872861    0.944444    0.988024    0.917197    300         7.185629    7.725414    0.057970    3.462466    4.225769    -2.142155   1.115437    0.991852    0.494340    0.002208    0.010200    0.002550    96.000000   10.040000   10.868564   21.884571   4.718277    6.023773    0.008191    0.002209    16.000000   3.638929    3.470000    10.090000   0.000000    1.000000    0.000000    3395.20000  848.800000  0.008257    0.002158    0.019677    1.000000    1.000000    1.000000    0.000000    0.000000    0.008257    15.021612   3.462466    3.462466    192.000000  3395.20000  0.000000    1.000000    1.000000    1.000000    1.000000    1.000000    1.000000    0.703377    12.411004  
[37m[36mINFO[0m[0m 07/24 21:19:59 | 0.847468    0.841076    0.000000    0.965768    0.104829    0.847468    0.841076    0.963675    0.982036    0.951592    400         9.580838    7.599929    0.037143    3.420988    4.162911    -2.599526   1.217833    0.983630    0.936809    0.002282    0.080400    0.020100    96.000000   21.000000   10.643867   20.212932   8.475519    11.343030   0.016594    0.002283    16.000000   3.632031    7.000000    21.000000   0.000000    1.000000    0.000000    3391.36000  847.840000  0.016942    0.003743    0.042017    1.000000    1.000000    1.000000    0.000000    0.000000    0.016942    13.434556   3.420988    3.420988    192.000000  3391.36000  0.000000    1.000000    1.000000    1.000000    1.000000    1.000000    1.000000    0.792274    12.966760  
[37m[36mINFO[0m[0m 07/24 21:21:32 | 0.876754    0.882641    0.000000    0.975859    0.079021    0.876754    0.882641    0.976496    0.988024    0.963057    500         11.976048   7.528042    0.031862    3.401145    4.115034    -2.934030   1.167058    0.968517    0.794164    0.002440    0.160400    0.040100    96.000000   21.000000   10.529805   20.418366   8.061962    10.951248   0.031789    0.002442    16.000000   3.622472    7.000000    21.000000   0.000000    1.000000    0.000000    3409.60000  852.400000  0.032565    0.005068    0.091376    1.000000    1.000000    1.000000    0.000000    0.000000    0.032565    12.616456   3.401145    3.401145    192.000000  3409.60000  0.000000    1.000000    1.000000    1.000000    1.000000    1.000000    1.000000    0.758725    14.002218  
[37m[36mINFO[0m[0m 07/24 21:23:04 | 0.833435    0.831296    0.000000    0.971139    0.106606    0.833435    0.831296    0.963675    0.979042    0.970701    600         14.371257   7.470876    0.027164    3.389720    4.073754    -3.308869   1.110179    0.951845    0.633334    0.002796    0.240400    0.060100    96.000000   21.000000   10.344856   19.837714   8.010615    10.900488   0.048503    0.002800    16.000000   3.604388    7.000000    21.000000   0.000000    1.000000    0.000000    3367.52000  841.880000  0.047520    0.006034    0.137364    1.000000    1.000000    1.000000    0.000000    0.000000    0.047520    11.774153   3.389720    3.389720    192.000000  3367.52000  0.000000    1.000000    1.000000    1.000000    1.000000    1.000000    1.000000    0.757820    13.367439  
[37m[36mINFO[0m[0m 07/24 21:24:41 | 0.866382    0.870416    0.000000    0.962946    0.114865    0.866382    0.870416    0.967949    0.982036    0.938854    700         16.766467   7.419828    0.021422    3.374349    4.042381    -3.535203   1.063687    0.937011    0.506703    0.003342    0.320400    0.080100    96.000000   21.000000   10.364852   19.588103   8.022922    10.964223   0.063439    0.003348    16.000000   3.579940    7.000000    21.000000   0.000000    1.000000    0.000000    3355.60000  838.900000  0.057511    0.006934    0.173637    1.000000    1.000000    1.000000    0.000000    0.000000    0.057511    11.332966   3.374349    3.374349    192.000000  3355.60000  0.000000    1.000000    1.000000    1.000000    1.000000    1.000000    1.000000    0.797465    14.222938  
[37m[36mINFO[0m[0m 07/24 21:26:14 | 0.851739    0.853301    0.000000    0.966619    0.130985    0.851739    0.853301    0.967949    0.979042    0.952866    800         19.161677   7.420849    0.027765    3.383882    4.025623    -3.695065   1.025958    0.920888    0.420278    0.003964    0.400400    0.100100    96.000000   21.000000   10.370587   19.543629   8.049339    10.998037   0.079734    0.003971    16.000000   3.554626    7.000000    21.000000   0.000000    1.000000    0.000000    3383.76000  845.940000  0.073130    0.007947    0.220580    1.000000    1.000000    1.000000    0.000000    0.000000    0.073130    11.351049   3.383882    3.383882    192.000000  3383.76000  0.000000    1.000000    1.000000    1.000000    1.000000    1.000000    1.000000    0.765497    13.823214  
[37m[36mINFO[0m[0m 07/24 21:27:50 | 0.879805    0.887531    0.000000    0.975720    0.090757    0.879805    0.887531    0.974359    0.991018    0.961783    900         21.556886   7.365153    0.014993    3.361341    4.003330    -3.844550   0.996718    0.904531    0.368747    0.004564    0.480400    0.120100    96.000000   21.000000   10.326533   19.449277   8.047712    11.010001   0.095868    0.004570    16.000000   3.531002    7.000000    21.000000   0.000000    1.000000    0.000000    3347.92000  836.980000  0.083368    0.008557    0.264880    1.000000    1.000000    1.000000    0.000000    0.000000    0.083368    11.086543   3.361341    3.361341    192.000000  3347.92000  0.000000    1.000000    1.000000    1.000000    1.000000    1.000000    1.000000    0.792235    13.769118  
[37m[36mINFO[0m[0m 07/24 21:29:22 | 0.857840    0.860636    0.000000    0.976284    0.088654    0.857840    0.860636    0.976496    0.988024    0.964331    1000        23.952096   7.366637    0.018054    3.369365    3.992827    -4.087936   0.973391    0.888714    0.338709    0.005104    0.560400    0.140100    96.000000   21.000000   10.226667   19.911091   8.066201    11.046125   0.111991    0.005109    16.000000   3.509713    7.000000    21.000000   0.000000    1.000000    0.000000    3401.36000  850.340000  0.090576    0.009534    0.296244    1.000000    1.000000    1.000000    0.000000    0.000000    0.090576    10.455293   3.369365    3.369365    192.000000  3401.36000  0.000000    1.000000    1.000000    1.000000    1.000000    1.000000    1.000000    0.742716    13.381697  
[37m[36mINFO[0m[0m 07/24 21:30:58 | 0.831605    0.841076    0.000000    0.965631    0.119232    0.831605    0.841076    0.965812    0.982036    0.949045    1100        26.347305   7.326159    0.016239    3.357290    3.964451    -4.239650   0.954967    0.876325    0.314571    0.005594    0.640400    0.160100    96.000000   21.000000   10.322661   19.705780   8.073679    10.954005   0.124226    0.005599    16.000000   3.490341    7.000000    21.000000   0.000000    1.000000    0.010100    3354.56000  838.640000  0.100232    0.010294    0.327622    0.994950    0.994950    0.994950    0.000000    0.000000    0.100232    10.248981   3.357290    3.357363    192.000000  3337.61430  0.000000    0.994950    0.994950    0.994950    0.994950    0.994950    0.994950    0.780274    14.579295  
[37m[36mINFO[0m[0m 07/24 21:32:29 | 0.874924    0.889976    0.000000    0.966903    0.103254    0.874924    0.889976    0.961538    0.985030    0.954140    1200        28.742515   7.334719    0.015707    3.363150    3.965761    -4.366142   0.937300    0.862727    0.298291    0.006045    0.720400    0.180100    96.000000   21.000000   10.298794   19.544968   8.070261    11.036085   0.137813    0.006050    16.000000   3.472395    7.000000    21.000000   0.000000    1.000000    0.030100    3407.04000  851.760000  0.111021    0.011359    0.339934    0.984950    0.984950    0.984950    0.000000    0.000000    0.111021    10.167194   3.363150    3.363354    192.000000  3355.77142  0.000000    0.984950    0.984950    0.984950    0.984950    0.984950    0.984950    0.665806    14.738692  
[37m[36mINFO[0m[0m 07/24 21:34:05 | 0.843197    0.867971    0.000000    0.969030    0.106113    0.843197    0.867971    0.970085    0.979042    0.957962    1300        31.137725   7.315992    0.011985    3.357088    3.955208    -4.538573   0.926925    0.854537    0.289553    0.006453    0.800400    0.200100    96.000000   21.000000   10.186001   19.306903   8.088936    11.098280   0.146022    0.006457    16.000000   3.456140    7.000000    21.000000   0.000000    1.000000    0.050100    3397.84000  849.460000  0.118240    0.011713    0.354088    0.974950    0.974950    0.974950    0.000000    0.000000    0.118240    10.091374   3.357088    3.357442    192.000000  3312.64214  0.000000    0.974950    0.974950    0.974950    0.974950    0.974950    0.974950    0.787267    14.855030  
[37m[36mINFO[0m[0m 07/24 21:35:39 | 0.877364    0.875306    0.000000    0.958387    0.131827    0.877364    0.875306    0.957265    0.979042    0.938854    1400        33.532934   7.304417    0.010220    3.356161    3.943787    -4.619004   0.918542    0.848070    0.281885    0.006824    0.880400    0.220100    96.000000   21.000000   10.265652   19.693505   8.116177    11.176515   0.152471    0.006828    16.000000   3.441214    7.000000    21.000000   0.000000    1.000000    0.070100    3416.48000  854.120000  0.122220    0.012999    0.369942    0.964950    0.964950    0.964950    0.000000    0.000000    0.122220    10.003108   3.356161    3.356668    192.000000  3296.78188  0.000000    0.964950    0.964950    0.964950    0.964950    0.964950    0.964950    0.760443    14.349538  
[37m[36mINFO[0m[0m 07/24 21:37:16 | 0.840757    0.848411    0.000000    0.972853    0.106302    0.840757    0.848411    0.974359    0.976048    0.968153    1500        35.928144   7.327813    0.022275    3.370127    3.939614    -4.776776   0.907114    0.839315    0.271197    0.007155    0.960400    0.240100    96.000000   21.000000   10.284510   19.353327   8.076294    11.191090   0.161483    0.007158    16.000000   3.427666    7.000000    21.000000   0.000000    1.000000    0.090100    3373.28000  843.320000  0.130994    0.013817    0.394845    0.954950    0.954950    0.954950    0.000000    0.000000    0.130994    10.086250   3.370127    3.370841    192.000000  3221.33008  0.000000    0.954950    0.954950    0.954950    0.954950    0.954950    0.954950    0.787102    15.257988  
[37m[36mINFO[0m[0m 07/24 21:38:50 | 0.854179    0.894866    0.000000    0.963503    0.121841    0.854179    0.894866    0.980769    0.967066    0.942675    1600        38.323353   7.257353    0.011239    3.344738    3.905319    -4.894459   0.899869    0.834352    0.262067    0.007436    1.000000    0.250000    96.000000   21.000000   10.243894   19.435615   8.093912    11.196082   0.166246    0.007439    16.000000   3.415717    7.000000    21.000000   0.000000    1.000000    0.110100    3341.76000  835.440000  0.133146    0.013765    0.416191    0.944950    0.944950    0.944950    0.000000    0.000000    0.133146    9.959011    3.344738    3.345503    192.000000  3157.74916  0.000000    0.944950    0.944950    0.944950    0.944950    0.944950    0.944950    0.755948    14.249559  
[37m[36mINFO[0m[0m 07/24 21:40:26 | 0.821843    0.841076    0.000000    0.975125    0.088531    0.821843    0.841076    0.974359    0.979042    0.971975    1700        40.718563   7.262293    0.009147    3.348803    3.909811    -5.013021   0.893093    0.828708    0.257538    0.007658    1.000000    0.250000    96.000000   21.000000   10.325242   19.805745   8.065020    11.117384   0.171896    0.007660    16.000000   3.405658    7.000000    21.000000   0.000000    1.000000    0.130100    3372.88000  843.220000  0.135799    0.014822    0.430214    0.934950    0.934950    0.935104    0.000000    0.000000    0.135799    9.996222    3.348803    3.349664    192.000000  3153.40686  0.000000    0.934950    0.934951    0.934950    0.934950    0.934951    0.934950    0.788111    14.711621  
[37m[36mINFO[0m[0m 07/24 21:42:01 | 0.846858    0.867971    0.000000    0.966760    0.134785    0.846858    0.867971    0.974359    0.973054    0.952866    1800        43.113772   7.240219    0.006575    3.341436    3.899044    -5.134955   0.890116    0.826666    0.253802    0.007841    1.000000    0.250000    96.000000   21.000000   10.249028   19.522086   8.087857    11.125870   0.173817    0.007842    16.000000   3.396756    7.000000    21.000000   0.000000    1.000000    0.150100    3397.12000  849.280000  0.141525    0.014523    0.459907    0.924953    0.924950    0.925681    0.000000    0.000000    0.141525    9.622416    3.341436    3.342513    192.000000  3142.11929  0.000000    0.924951    0.924957    0.924951    0.924950    0.924957    0.924950    0.768523    14.740961  
[37m[36mINFO[0m[0m 07/24 21:43:37 | 0.810250    0.826406    0.000000    0.963922    0.149826    0.810250    0.826406    0.967949    0.976048    0.947771    1900        45.508982   7.242549    0.007934    3.346114    3.897216    -5.301259   0.885782    0.824128    0.246617    0.007991    1.000000    0.250000    96.000000   21.000000   10.154133   19.101434   8.110610    11.152919   0.176388    0.007992    16.000000   3.388853    7.000000    21.000000   0.000000    1.000000    0.170100    3413.44000  853.360000  0.140473    0.015155    0.459947    0.914952    0.914950    0.915631    0.000000    0.000000    0.140473    9.254699    3.346114    3.347310    192.000000  3123.06761  0.000000    0.914953    0.914953    0.914953    0.914951    0.914953    0.914951    0.761009    14.679667  
[37m[36mINFO[0m[0m 07/24 21:45:08 | 0.824893    0.855746    0.000000    0.969452    0.122650    0.824893    0.855746    0.965812    0.982036    0.960510    2000        47.904192   7.237906    0.012788    3.349832    3.885464    -5.411739   0.878623    0.818930    0.238774    0.008134    1.000000    0.250000    96.000000   21.000000   10.190183   19.320381   8.070356    11.148234   0.181713    0.008135    16.000000   3.381128    7.000000    21.000000   0.000000    1.000000    0.190100    3373.68000  843.420000  0.142081    0.014589    0.461894    0.904958    0.904950    0.906424    0.000000    0.000000    0.142081    9.136694    3.349832    3.351243    192.000000  3053.01429  0.000000    0.904956    0.904964    0.904956    0.904951    0.904964    0.904951    0.682951    13.746764  
[37m[36mINFO[0m[0m 07/24 21:46:38 | 0.837706    0.850856    0.000000    0.979119    0.088495    0.837706    0.850856    0.978632    0.988024    0.970701    2100        50.299401   7.220256    0.007534    3.343603    3.880860    -5.543854   0.873778    0.815457    0.233284    0.008272    1.000000    0.250000    96.000000   21.000000   10.171627   19.074538   8.112328    11.130360   0.185009    0.008273    16.000000   3.373604    7.000000    21.000000   0.000000    1.000000    0.200000    3387.84000  846.960000  0.144676    0.015733    0.485592    0.900020    0.900000    0.903072    0.000000    0.000000    0.144676    9.269518    3.343603    3.345163    192.000000  3049.12527  0.000000    0.900014    0.900041    0.900014    0.900003    0.900041    0.900003    0.691753    13.678690  
[37m[36mINFO[0m[0m 07/24 21:48:09 | 0.873093    0.877751    0.000000    0.973448    0.108210    0.873093    0.877751    0.974359    0.988024    0.957962    2200        52.694611   7.184898    0.002572    3.328048    3.867244    -5.641214   0.868727    0.811347    0.229518    0.008400    1.000000    0.250000    96.000000   21.000000   10.199571   19.515368   8.088376    11.073127   0.188942    0.008402    16.000000   3.366316    7.000000    21.000000   0.000000    1.000000    0.200000    3350.96000  837.740000  0.137667    0.015524    0.483147    0.900022    0.900000    0.903210    0.000000    0.000000    0.137667    9.119756    3.328048    3.329569    192.000000  3015.93825  0.000000    0.900020    0.900041    0.900020    0.900001    0.900041    0.900001    0.689250    13.975052  
[37m[36mINFO[0m[0m 07/24 21:49:45 | 0.879195    0.892421    0.000000    0.975434    0.094464    0.879195    0.892421    0.976496    0.988024    0.961783    2300        55.089820   7.215259    0.013642    3.346008    3.869669    -5.742101   0.867048    0.811232    0.223261    0.008513    1.000000    0.250000    96.000000   21.000000   10.195953   19.256544   8.053395    11.113094   0.189264    0.008514    16.000000   3.359448    7.000000    21.000000   0.000000    1.000000    0.200000    3356.00000  839.000000  0.148725    0.016624    0.506021    0.900039    0.900000    0.905236    0.000000    0.000000    0.148725    9.223905    3.346008    3.347567    192.000000  3020.52681  0.000000    0.900030    0.900068    0.900030    0.900013    0.900067    0.900013    0.781166    14.151259  
[37m[36mINFO[0m[0m 07/24 21:51:19 | 0.810860    0.821516    0.000000    0.960524    0.134928    0.810860    0.821516    0.963675    0.979042    0.938854    2400        57.485030   7.240494    0.017388    3.360795    3.877148    -5.796835   0.862440    0.807829    0.218442    0.008603    1.000000    0.250000    96.000000   21.000000   10.233374   19.472389   7.996860    11.034879   0.192825    0.008604    16.000000   3.353281    7.000000    21.000000   0.000000    1.000000    0.200000    3397.60000  849.400000  0.154930    0.017397    0.500385    0.900028    0.900000    0.904842    0.000000    0.000000    0.154930    9.661282    3.360795    3.362507    192.000000  3057.93723  0.000000    0.900026    0.900049    0.900026    0.900007    0.900049    0.900007    0.778973    13.718704  
[37m[36mINFO[0m[0m 07/24 21:52:50 | 0.797437    0.841076    0.000000    0.968040    0.129085    0.797437    0.841076    0.963675    0.985030    0.955414    2500        59.880240   7.226359    0.017873    3.362502    3.860949    -5.772757   0.855077    0.801493    0.214336    0.008699    1.000000    0.250000    96.000000   21.000000   10.320914   19.829951   7.988894    10.938446   0.199292    0.008700    16.000000   3.347041    7.000000    21.000000   0.000000    1.000000    0.200000    3359.44000  839.860000  0.166865    0.018374    0.539691    0.900066    0.900000    0.909291    0.000000    0.000000    0.166865    10.079728   3.362502    3.364133    192.000000  3023.72015  0.000000    0.900039    0.900133    0.900039    0.900023    0.900133    0.900023    0.685030    14.236362  
[37m[36mINFO[0m[0m 07/24 21:54:21 | 0.768151    0.779951    0.000000    0.966756    0.135448    0.768151    0.779951    0.965812    0.979042    0.955414    2600        62.275449   7.179907    0.004457    3.336354    3.856105    -5.963410   0.852341    0.798965    0.213501    0.008803    1.000000    0.250000    96.000000   21.000000   10.291386   19.706494   8.031083    10.943718   0.201433    0.008804    16.000000   3.340591    7.000000    21.000000   0.000000    1.000000    0.200000    3396.88000  849.220000  0.163154    0.017532    0.558986    0.900132    0.900000    0.912938    0.000000    0.000000    0.163154    9.863439    3.336354    3.337835    192.000000  3057.64078  0.000000    0.900071    0.900280    0.900071    0.900036    0.900280    0.900036    0.681869    14.676391  
[37m[36mINFO[0m[0m 07/24 21:55:51 | 0.843807    0.863081    0.000000    0.970605    0.121223    0.843807    0.863081    0.978632    0.979042    0.954140    2700        64.670659   7.170826    0.006139    3.334576    3.848843    -6.123598   0.849903    0.797472    0.209724    0.008898    1.000000    0.250000    96.000000   21.000000   10.159045   19.193580   8.072185    11.154801   0.202851    0.008899    16.000000   3.334278    7.000000    21.000000   0.000000    1.000000    0.200000    3373.36000  843.340000  0.150878    0.017723    0.540294    0.900094    0.900000    0.910890    0.000000    0.000000    0.150878    9.148988    3.334576    3.336013    192.000000  3036.34562  0.000000    0.900075    0.900173    0.900075    0.900024    0.900173    0.900024    0.683040    14.218301  
[37m[36mINFO[0m[0m 07/24 21:57:28 | 0.781574    0.806846    0.000000    0.965910    0.146883    0.781574    0.806846    0.974359    0.973054    0.950318    2800        67.065868   7.187341    0.010058    3.344870    3.852699    -6.265014   0.847121    0.796612    0.202038    0.008988    1.000000    0.250000    96.000000   21.000000   10.120366   19.098637   8.051623    11.144348   0.204143    0.008988    16.000000   3.328129    7.000000    21.000000   0.000000    1.000000    0.200000    3388.80000  847.200000  0.152586    0.017856    0.533655    0.900071    0.900000    0.909179    0.000000    0.000000    0.152586    8.751361    3.344870    3.346339    192.000000  3050.15939  0.000000    0.900028    0.900151    0.900028    0.900018    0.900151    0.900018    0.792937    14.574648  
[37m[36mINFO[0m[0m 07/24 21:59:03 | 0.848078    0.855746    0.000000    0.966181    0.134154    0.848078    0.855746    0.961538    0.979042    0.957962    2900        69.461078   7.159134    0.009820    3.338949    3.831328    -6.304174   0.841396    0.792791    0.194419    0.009081    1.000000    0.250000    96.000000   21.000000   10.172645   19.102550   8.027624    11.016605   0.207739    0.009082    16.000000   3.321873    7.000000    21.000000   0.000000    1.000000    0.200000    3321.36000  830.340000  0.163507    0.018853    0.557545    0.900120    0.900000    0.912892    0.000000    0.000000    0.163507    9.234977    3.338949    3.340503    192.000000  2989.62345  0.000000    0.900068    0.900255    0.900068    0.900023    0.900255    0.900023    0.775074    14.552276  
[37m[36mINFO[0m[0m 07/24 22:00:39 | 0.860891    0.875306    0.000000    0.975006    0.122157    0.860891    0.875306    0.967949    0.994012    0.963057    3000        71.856287   7.172106    0.004751    3.339939    3.849488    -6.401231   0.838602    0.791052    0.190197    0.009171    1.000000    0.250000    96.000000   21.000000   10.128984   19.184040   8.021198    10.990248   0.209198    0.009171    16.000000   3.315715    7.000000    21.000000   0.000000    1.000000    0.200000    3408.56000  852.140000  0.156849    0.019130    0.530552    0.900070    0.900000    0.909151    0.000000    0.000000    0.156849    8.975440    3.339939    3.341465    192.000000  3067.94450  0.000000    0.900045    0.900132    0.900045    0.900027    0.900132    0.900027    0.783456    14.962338  
[37m[36mINFO[0m[0m 07/24 22:02:13 | 0.837706    0.855746    0.000000    0.967768    0.114964    0.837706    0.855746    0.972222    0.982036    0.949045    3100        74.251497   7.175319    0.007357    3.343977    3.846979    -6.459498   0.831827    0.786065    0.183050    0.009250    1.000000    0.250000    96.000000   21.000000   10.242342   19.746763   8.048368    11.027308   0.214200    0.009251    16.000000   3.309872    7.000000    21.000000   0.000000    1.000000    0.200000    3390.88000  847.720000  0.171344    0.019841    0.570736    0.900209    0.900000    0.915503    0.000000    0.000000    0.171344    9.330093    3.343977    3.345582    192.000000  3052.49665  0.000000    0.900183    0.900377    0.900183    0.900048    0.900377    0.900048    0.763540    14.915474  
[37m[36mINFO[0m[0m 07/24 22:03:47 | 0.825503    0.819071    0.000000    0.961347    0.153427    0.825503    0.819071    0.955128    0.976048    0.952866    3200        76.646707   7.161797    0.011852    3.341922    3.831749    -6.527494   0.830792    0.785777    0.180059    0.009332    1.000000    0.250000    96.000000   21.000000   10.208131   19.439271   8.089280    11.120322   0.214827    0.009333    16.000000   3.304050    7.000000    21.000000   0.000000    1.000000    0.200000    3357.60000  839.400000  0.171863    0.018954    0.576081    0.900214    0.900000    0.916387    0.000000    0.000000    0.171863    9.171255    3.341922    3.343498    192.000000  3022.56189  0.000000    0.900148    0.900416    0.900148    0.900037    0.900416    0.900037    0.769968    13.644832  
[37m[36mINFO[0m[0m 07/24 22:05:22 | 0.847468    0.858191    0.000000    0.975434    0.120781    0.847468    0.858191    0.976496    0.988024    0.961783    3300        79.041916   7.163401    0.011230    3.346042    3.830665    -6.594263   0.827970    0.784130    0.175359    0.009416    1.000000    0.250000    96.000000   21.000000   10.203998   19.259006   8.111955    11.215183   0.216157    0.009416    16.000000   3.298191    7.000000    21.000000   0.000000    1.000000    0.200000    3363.28000  840.820000  0.174439    0.020085    0.557666    0.900130    0.900000    0.913052    0.000000    0.000000    0.174439    9.070950    3.346042    3.347525    192.000000  3027.38685  0.000000    0.900093    0.900255    0.900093    0.900033    0.900255    0.900033    0.783602    13.608525  
[37m[36mINFO[0m[0m 07/24 22:06:57 | 0.858450    0.875306    0.000000    0.972012    0.111451    0.858450    0.875306    0.967949    0.985030    0.963057    3400        81.437126   7.150828    0.006811    3.340403    3.829430    -6.703974   0.824298    0.781324    0.171899    0.009500    1.000000    0.250000    96.000000   21.000000   10.196303   19.296506   8.098125    11.179025   0.219088    0.009501    16.000000   3.292353    7.000000    21.000000   0.000000    1.000000    0.200000    3376.24000  844.060000  0.175474    0.018167    0.583012    0.900207    0.900000    0.917124    0.000000    0.000000    0.175474    9.570329    3.340403    3.341852    192.000000  3039.31296  0.000000    0.900120    0.900409    0.900120    0.900066    0.900409    0.900066    0.781268    13.896072  
[37m[36mINFO[0m[0m 07/24 22:08:31 | 0.852959    0.853301    0.000000    0.969591    0.126035    0.852959    0.853301    0.967949    0.979042    0.961783    3500        83.832335   7.128260    0.004040    3.332783    3.818492    -6.815404   0.821782    0.779375    0.169626    0.009584    1.000000    0.250000    96.000000   21.000000   10.106768   19.262299   8.091461    11.118182   0.220964    0.009585    16.000000   3.286524    7.000000    21.000000   0.000000    1.000000    0.200000    3390.72000  847.680000  0.161494    0.018714    0.560896    0.900125    0.900000    0.913873    0.000000    0.000000    0.161494    8.946053    3.332783    3.334284    192.000000  3052.07443  0.000000    0.900043    0.900274    0.900043    0.900043    0.900274    0.900043    0.745168    14.121772  
[37m[36mINFO[0m[0m 07/24 22:10:05 | 0.876144    0.885086    0.000000    0.977695    0.099668    0.876144    0.885086    0.974359    0.988024    0.970701    3600        86.227545   7.124919    0.003442    3.328630    3.820906    -6.908492   0.820324    0.778529    0.167179    0.009665    1.000000    0.250000    96.000000   21.000000   10.113207   19.085568   8.097670    11.305220   0.221759    0.009665    16.000000   3.280761    7.000000    21.000000   0.000000    1.000000    0.200000    3384.40000  846.100000  0.167035    0.019475    0.571591    0.900151    0.900000    0.914922    0.000000    0.000000    0.167035    9.392765    3.328630    3.330160    192.000000  3046.46570  0.000000    0.900078    0.900338    0.900078    0.900021    0.900338    0.900021    0.771071    13.960996  
[37m[36mINFO[0m[0m 07/24 22:11:39 | 0.810250    0.819071    0.000000    0.959084    0.174582    0.810250    0.819071    0.948718    0.982036    0.946497    3700        88.622754   7.121678    0.004062    3.330876    3.816221    -7.044013   0.818991    0.778429    0.162247    0.009745    1.000000    0.250000    96.000000   21.000000   10.139011   19.352086   8.116312    11.228553   0.221871    0.009746    16.000000   3.275112    7.000000    21.000000   0.000000    1.000000    0.200000    3385.28000  846.320000  0.157556    0.017403    0.550319    0.900111    0.900000    0.912106    0.000000    0.000000    0.157556    8.845663    3.330876    3.332394    192.000000  3047.12979  0.000000    0.900072    0.900222    0.900072    0.900024    0.900222    0.900024    0.769069    14.363750  
[37m[36mINFO[0m[0m 07/24 22:13:15 | 0.819402    0.816626    0.000000    0.955835    0.218523    0.819402    0.816626    0.972222    0.964072    0.931210    3800        91.017964   7.165536    0.009817    3.350412    3.834680    -7.000932   0.812536    0.773321    0.156861    0.009830    1.000000    0.250000    96.000000   21.000000   10.188312   19.225229   8.104158    11.182067   0.227216    0.009831    16.000000   3.269387    7.000000    21.000000   0.000000    1.000000    0.200000    3423.12000  855.780000  0.182095    0.019258    0.590368    0.900241    0.900000    0.918576    0.000000    0.000000    0.182095    8.902962    3.350412    3.351868    192.000000  3081.64131  0.000000    0.900170    0.900432    0.900170    0.900104    0.900432    0.900104    0.779420    15.280295  
[37m[36mINFO[0m[0m 07/24 22:14:52 | 0.825503    0.843521    0.000000    0.961799    0.173786    0.825503    0.843521    0.967949    0.976048    0.941401    3900        93.413174   7.136850    0.008132    3.342049    3.816988    -7.081015   0.809624    0.771309    0.153260    0.009911    1.000000    0.250000    96.000000   21.000000   10.144462   19.025034   8.099199    11.011212   0.229151    0.009912    16.000000   3.263746    7.000000    21.000000   0.000000    1.000000    0.200000    3373.12000  843.280000  0.180901    0.020381    0.600486    0.900320    0.900000    0.920697    0.000000    0.000000    0.180901    9.019733    3.342049    3.343537    192.000000  3036.89558  0.000000    0.900239    0.900623    0.900239    0.900066    0.900623    0.900066    0.783544    14.912547  
[37m[36mINFO[0m[0m 07/24 22:16:26 | 0.873703    0.858191    0.000000    0.965496    0.127414    0.873703    0.858191    0.972222    0.979042    0.945223    4000        95.808383   7.152563    0.010895    3.345216    3.827268    -7.123744   0.808223    0.770631    0.150368    0.009990    1.000000    0.250000    96.000000   21.000000   10.213963   19.243752   8.095065    11.071510   0.229683    0.009991    16.000000   3.258225    7.000000    21.000000   0.000000    1.000000    0.200000    3360.00000  840.000000  0.178556    0.020752    0.588836    0.900260    0.900000    0.918631    0.000000    0.000000    0.178556    8.869541    3.345216    3.346847    192.000000  3024.87430  0.000000    0.900182    0.900491    0.900182    0.900062    0.900491    0.900062    0.770377    13.296092  
[37m[36mINFO[0m[0m 07/24 22:18:00 | 0.847468    0.838631    0.000000    0.966770    0.118182    0.847468    0.838631    0.972222    0.979042    0.949045    4100        98.203593   7.142835    0.011082    3.350807    3.812938    -7.232451   0.806459    0.768750    0.150839    0.010069    1.000000    0.250000    96.000000   21.000000   10.225556   19.575132   8.057247    11.037117   0.231859    0.010070    16.000000   3.252748    7.000000    21.000000   0.000000    1.000000    0.200000    3387.52000  846.880000  0.181799    0.022160    0.608861    0.900351    0.900000    0.921926    0.000000    0.000000    0.181799    9.028583    3.350807    3.352324    192.000000  3049.95541  0.000000    0.900182    0.900733    0.900182    0.900103    0.900733    0.900103    0.775068    13.492441  
[37m[36mINFO[0m[0m 07/24 22:19:34 | 0.802318    0.806846    0.000000    0.973438    0.145752    0.802318    0.806846    0.976496    0.982036    0.961783    4200        100.598802  7.142635    0.011632    3.347066    3.816811    -7.316655   0.805645    0.767841    0.151217    0.010152    1.000000    0.250000    96.000000   21.000000   10.163434   19.046128   8.056174    11.082215   0.232563    0.010153    16.000000   3.247194    7.000000    21.000000   0.000000    1.000000    0.200000    3409.92000  852.480000  0.179369    0.020960    0.581693    0.900190    0.900000    0.917165    0.000000    0.000000    0.179369    8.809062    3.347066    3.348565    192.000000  3069.57158  0.000000    0.900093    0.900376    0.900093    0.900078    0.900376    0.900078    0.773364    12.973358  
[37m[36mINFO[0m[0m 07/24 22:21:08 | 0.792556    0.787286    0.000000    0.958355    0.171408    0.792556    0.787286    0.959402    0.964072    0.951592    4300        102.994012  7.142900    0.012825    3.350739    3.812179    -7.289197   0.800772    0.762956    0.151265    0.010236    1.000000    0.250000    96.000000   21.000000   10.235425   19.705807   8.047447    11.055765   0.237428    0.010237    16.000000   3.241692    7.000000    21.000000   0.000000    1.000000    0.200000    3368.96000  842.240000  0.195568    0.021642    0.632065    0.900470    0.900000    0.926559    0.000000    0.000000    0.195568    9.389746    3.350739    3.352305    192.000000  3033.64182  0.000000    0.900282    0.900927    0.900282    0.900121    0.900927    0.900121    0.780041    13.143626  
[37m[36mINFO[0m[0m 07/24 22:22:27 | 0.834655    0.843521    0.000000    0.972292    0.119307    0.834655    0.843521    0.976496    0.976048    0.964331    4400        105.389222  7.119059    0.004467    3.341398    3.807020    -7.372872   0.797835    0.759650    0.152739    0.010324    1.000000    0.250000    96.000000   21.000000   10.262471   19.683764   8.065447    11.022329   0.240710    0.010325    16.000000   3.236168    7.000000    21.000000   0.000000    1.000000    0.200000    3422.80000  855.700000  0.206558    0.021421    0.644217    0.900659    0.900000    0.928884    0.000000    0.000000    0.206558    9.988586    3.341398    3.342800    192.000000  3082.80044  0.000000    0.900423    0.901317    0.900423    0.900130    0.901317    0.900130    0.633709    13.242209  
[37m[36mINFO[0m[0m 07/24 22:24:06 | 0.878585    0.858191    0.000000    0.967037    0.123507    0.878585    0.858191    0.978632    0.967066    0.955414    4500        107.784431  7.117985    0.006304    3.336034    3.811339    -7.567274   0.799403    0.761802    0.150402    0.010408    1.000000    0.250000    96.000000   21.000000   10.124336   19.312037   8.074695    11.097081   0.238473    0.010409    16.000000   3.230729    7.000000    21.000000   0.000000    1.000000    0.200000    3386.88000  846.720000  0.183780    0.021409    0.624129    0.900399    0.900000    0.925176    0.000000    0.000000    0.183780    9.091994    3.336034    3.337510    192.000000  3049.54568  0.000000    0.900210    0.900867    0.900210    0.900048    0.900867    0.900048    0.829974    13.851176  
[37m[36mINFO[0m[0m 07/24 22:25:46 | 0.838926    0.831296    0.000000    0.966875    0.109296    0.838926    0.831296    0.972222    0.964072    0.964331    4600        110.179641  7.122265    0.007745    3.340454    3.810493    -7.617240   0.794694    0.758485    0.144835    0.010492    1.000000    0.250000    96.000000   21.000000   10.164600   19.684511   8.072482    11.034257   0.242031    0.010493    16.000000   3.225293    7.000000    21.000000   0.000000    1.000000    0.200000    3392.08000  848.020000  0.179565    0.023201    0.611361    0.900347    0.900000    0.922939    0.000000    0.000000    0.179565    8.773614    3.340454    3.341994    192.000000  3054.04156  0.000000    0.900203    0.900736    0.900203    0.900055    0.900736    0.900055    0.831249    14.381186  
[37m[36mINFO[0m[0m 07/24 22:27:26 | 0.875534    0.877751    0.000000    0.972603    0.133837    0.875534    0.877751    0.982906    0.982036    0.952866    4700        112.574850  7.088631    0.004645    3.331386    3.789444    -7.650624   0.793031    0.757100    0.143721    0.010579    1.000000    0.250000    96.000000   21.000000   10.189787   19.603780   8.038010    10.963175   0.243161    0.010580    16.000000   3.219914    7.000000    21.000000   0.000000    1.000000    0.200000    3366.80000  841.700000  0.175534    0.022809    0.609659    0.900330    0.900000    0.922240    0.000000    0.000000    0.175534    9.251942    3.331386    3.332938    192.000000  3031.23545  0.000000    0.900210    0.900701    0.900210    0.900058    0.900701    0.900058    0.820406    13.585012  
[37m[36mINFO[0m[0m 07/24 22:29:01 | 0.828554    0.828851    0.000000    0.969309    0.133006    0.828554    0.828851    0.978632    0.970060    0.959236    4800        114.970060  7.106229    0.007244    3.339613    3.797088    -7.731483   0.791766    0.756395    0.141484    0.010659    1.000000    0.250000    96.000000   21.000000   10.200511   19.346416   8.039335    10.969819   0.243793    0.010660    16.000000   3.214788    7.000000    21.000000   0.000000    1.000000    0.200000    3358.80000  839.700000  0.171471    0.020850    0.601922    0.900250    0.900000    0.920910    0.000000    0.000000    0.171471    8.780742    3.339613    3.341165    192.000000  3023.75850  0.000000    0.900170    0.900471    0.900170    0.900082    0.900471    0.900082    0.688752    14.882199  
[37m[36mINFO[0m[0m 07/24 22:30:39 | 0.820622    0.819071    0.000000    0.970444    0.125758    0.820622    0.819071    0.976496    0.973054    0.961783    4900        117.365269  7.112814    0.006394    3.343509    3.800288    -7.681667   0.788596    0.753983    0.138450    0.010731    1.000000    0.250000    96.000000   21.000000   10.221036   19.574835   8.092907    11.081445   0.246326    0.010732    16.000000   3.209942    7.000000    21.000000   0.000000    1.000000    0.200000    3383.04000  845.760000  0.191599    0.022198    0.631987    0.900419    0.900000    0.926561    0.000000    0.000000    0.191599    9.228799    3.343509    3.344916    192.000000  3046.16837  0.000000    0.900320    0.900706    0.900320    0.900188    0.900706    0.900188    0.810352    14.411263  
[37m[36mINFO[0m[0m 07/24 22:32:14 | 0.830384    0.838631    0.000000    0.972577    0.115467    0.830384    0.838631    0.974359    0.979042    0.964331    5000        119.760479  7.104590    0.006965    3.338206    3.798060    -7.782587   0.783469    0.749337    0.136530    0.010808    1.000000    0.250000    96.000000   21.000000   10.217583   19.334994   8.142449    10.957126   0.251167    0.010809    16.000000   3.204932    7.000000    21.000000   0.000000    1.000000    0.200000    3375.92000  843.980000  0.200105    0.020374    0.633643    0.900502    0.900000    0.926729    0.000000    0.000000    0.200105    9.207240    3.338206    3.339525    192.000000  3040.02401  0.000000    0.900209    0.901049    0.900209    0.900186    0.901049    0.900186    0.690348    14.455674  
[37m[36mINFO[0m[0m 07/24 22:32:14 | ---
[37m[33mWARNING[0m[0m 07/24 22:32:14 | Evaluate SWAD ...
[37m[36mINFO[0m[0m 07/24 22:32:28 | 0.909701    0.911980    0.000000    0.981254    0.069056    0.909701    0.911980    0.980769    0.991018    0.971975    [101-5000]  (N=51)
[37m[36mINFO[0m[0m 07/24 22:32:28 | oracle = 88.103%
[37m[36mINFO[0m[0m 07/24 22:32:28 | iid = 83.771%
[37m[36mINFO[0m[0m 07/24 22:32:28 | last = 83.038%
[37m[36mINFO[0m[0m 07/24 22:32:28 | last (inD) = 97.258%
[37m[36mINFO[0m[0m 07/24 22:32:28 | iid (inD) = 97.912%
[37m[36mINFO[0m[0m 07/24 22:32:28 | SWAD = 90.970%
[37m[36mINFO[0m[0m 07/24 22:32:28 | SWAD (inD) = 98.125%
[37m[36mINFO[0m[0m 07/24 22:32:29 | 
[37m[36mINFO[0m[0m 07/24 22:32:33 | Testenv name escaping te_cartoon -> te_cartoon
[37m[36mINFO[0m[0m 07/24 22:32:33 | Test envs = [1], name = te_cartoon
[37m[36mINFO[0m[0m 07/24 22:32:33 | Batch sizes for each domain: [32, 0, 32, 32] (total=96)
[37m[36mINFO[0m[0m 07/24 22:32:33 | steps-per-epoch for each domain: 51.22, 41.75, 98.25 -> min = 41.75
[37m[36mINFO[0m[0m 07/24 22:32:36 | # of params = 49165255
[37m[36mINFO[0m[0m 07/24 22:32:52 | test_in     test_out    train_in    train_out   tr_outloss  env0_out    env1_in     env1_out    env2_out    env3_out    step        epoch       loss        loss_cls    sup_cl_los  pre_cl_los  reg_loss    loss_isr    loss_isr_a  loss_isr_d  loss_orth   piccl_lamb  piccl_beta  valid_augm  valid_clas  delta_aug_  delta_aug_  delta_dom_  delta_dom_  projection  basis_orth  basis_rank  basis_norm  residual_b  residual_b  piccl_has_  reliable_c  reliable_c  cross_doma  valid_reli  pair_relia  pair_relia  pair_relia  pair_weigh  pair_weigh  pair_weigh  pair_weigh  pair_weigh  mean_sensi  mean_pair_  weighted_c  unweighted  self_aug_p  cross_doma  reliable_c  reliable_c  reliable_c  reliable_c  reliable_c  reliable_c  reliable_c  step_time   eval_time  
[37m[36mINFO[0m[0m 07/24 22:32:52 | 0.242537    0.273504    0.000000    0.203026    1.879956    0.119804    0.242537    0.273504    0.308383    0.180892    0           0.000000    12.183765   2.007856    5.189256    5.044218    -5.756462   0.000000    0.000000    0.000000    0.002561    0.000000    0.000000    0.000000    0.000000    0.000000    0.000000    0.000000    0.000000    0.000000    0.002561    16.000000   3.607995    0.000000    0.000000    0.000000    1.000000    0.000000    3304.00000  826.000000  0.008770    0.002215    0.019523    1.000000    1.000000    1.000000    0.000000    0.000000    0.008770    24.795776   5.189256    5.189256    192.000000  3304.00000  0.000000    1.000000    1.000000    1.000000    1.000000    1.000000    1.000000    0.730114    14.752251  
[37m[36mINFO[0m[0m 07/24 22:34:27 | 0.661514    0.681624    0.000000    0.948837    0.146526    0.951100    0.661514    0.681624    0.982036    0.913376    100         2.395210    8.677270    0.288282    3.810379    4.572938    0.567104    0.992025    0.992025    0.000000    0.002561    0.000000    0.000000    96.000000   0.000000    12.711988   25.722220   0.000000    0.000000    0.007982    0.002561    16.000000   3.607995    0.000000    0.000000    0.000000    1.000000    0.000000    3373.36000  843.340000  0.008813    0.002459    0.019457    1.000000    1.000000    1.000000    0.000000    0.000000    0.008813    25.289674   3.810379    3.810379    192.000000  3373.36000  0.000000    1.000000    1.000000    1.000000    1.000000    1.000000    1.000000    0.735539    14.772124  
[37m[36mINFO[0m[0m 07/24 22:36:01 | 0.770256    0.803419    0.000000    0.954541    0.129222    0.948655    0.770256    0.803419    0.985030    0.929936    200         4.790419    7.942531    0.104760    3.537990    4.314899    -1.511794   0.991948    0.991948    0.000000    0.002561    0.000000    0.000000    96.000000   0.000000    11.603002   22.841657   0.000000    0.000000    0.008050    0.002561    16.000000   3.607995    0.000000    0.000000    0.000000    1.000000    0.000000    3344.56000  836.140000  0.009386    0.002436    0.020639    1.000000    1.000000    1.000000    0.000000    0.000000    0.009386    17.396171   3.537990    3.537990    192.000000  3344.56000  0.000000    1.000000    1.000000    1.000000    1.000000    1.000000    1.000000    0.713245    13.461323  
[37m[36mINFO[0m[0m 07/24 22:37:35 | 0.771322    0.792735    0.000000    0.951603    0.149282    0.933985    0.771322    0.792735    0.973054    0.947771    300         7.185629    7.668993    0.053264    3.447009    4.189405    -2.131404   1.111753    0.991303    0.481801    0.002562    0.010200    0.002550    96.000000   10.060000   11.432644   22.556799   4.728441    7.435119    0.008751    0.002562    16.000000   3.607914    3.460000    10.100000   0.000000    1.000000    0.000000    3335.44000  833.860000  0.010275    0.002590    0.023022    1.000000    1.000000    1.000000    0.000000    0.000000    0.010275    15.072857   3.447009    3.447009    192.000000  3335.44000  0.000000    1.000000    1.000000    1.000000    1.000000    1.000000    1.000000    0.746643    13.618408  
[37m[36mINFO[0m[0m 07/24 22:39:08 | 0.792644    0.797009    0.000000    0.964021    0.119457    0.958435    0.792644    0.797009    0.982036    0.951592    400         9.580838    7.591026    0.046680    3.430457    4.134330    -2.527803   1.207592    0.982088    0.902015    0.002550    0.080400    0.020100    96.000000   21.000000   11.300465   22.429304   8.523031    14.573584   0.018103    0.002550    16.000000   3.610203    7.000000    21.000000   0.000000    1.000000    0.000000    3359.44000  839.860000  0.023682    0.003785    0.068069    1.000000    1.000000    1.000000    0.000000    0.000000    0.023682    13.907951   3.430457    3.430457    192.000000  3359.44000  0.000000    1.000000    1.000000    1.000000    1.000000    1.000000    1.000000    0.707964    14.688138  
[37m[36mINFO[0m[0m 07/24 22:40:44 | 0.809168    0.841880    0.000000    0.959878    0.128223    0.951100    0.809168    0.841880    0.982036    0.946497    500         11.976048   7.487304    0.032504    3.401902    4.073211    -2.952036   1.150490    0.969231    0.725036    0.002686    0.160400    0.040100    96.000000   21.000000   11.182607   22.040135   7.994948    13.336521   0.031054    0.002689    16.000000   3.602163    7.000000    21.000000   0.000000    1.000000    0.000000    3328.72000  832.180000  0.039494    0.004673    0.124758    1.000000    1.000000    1.000000    0.000000    0.000000    0.039494    12.765940   3.401902    3.401902    192.000000  3328.72000  0.000000    1.000000    1.000000    1.000000    1.000000    1.000000    1.000000    0.790771    14.049917  
[37m[36mINFO[0m[0m 07/24 22:42:18 | 0.779851    0.788462    0.000000    0.958479    0.146330    0.958435    0.779851    0.788462    0.973054    0.943949    600         14.371257   7.477637    0.037529    3.412352    4.046398    -3.183619   1.098893    0.956416    0.569908    0.003128    0.240400    0.060100    96.000000   21.000000   11.179376   22.451543   7.874557    12.736129   0.043882    0.003134    16.000000   3.580598    7.000000    21.000000   0.000000    1.000000    0.000000    3367.60000  841.900000  0.052010    0.005595    0.174781    1.000000    1.000000    1.000000    0.000000    0.000000    0.052010    12.493332   3.412352    3.412352    192.000000  3367.60000  0.000000    1.000000    1.000000    1.000000    1.000000    1.000000    1.000000    0.730528    14.189615  
[37m[36mINFO[0m[0m 07/24 22:43:52 | 0.850746    0.882479    0.000000    0.945417    0.194723    0.931540    0.850746    0.882479    0.976048    0.928662    700         16.766467   7.408014    0.029113    3.383323    4.012948    -3.438322   1.062541    0.943605    0.475745    0.003707    0.320400    0.080100    96.000000   21.000000   11.094949   22.058367   7.875096    12.529914   0.056688    0.003713    16.000000   3.558652    7.000000    21.000000   0.000000    1.000000    0.000000    3341.12000  835.280000  0.062018    0.006394    0.212524    1.000000    1.000000    1.000000    0.000000    0.000000    0.062018    11.571504   3.383323    3.383323    192.000000  3341.12000  0.000000    1.000000    1.000000    1.000000    1.000000    1.000000    1.000000    0.730079    14.691859  
[37m[36mINFO[0m[0m 07/24 22:45:27 | 0.821962    0.865385    0.000000    0.961222    0.131567    0.965770    0.821962    0.865385    0.979042    0.938854    800         19.161677   7.371440    0.021425    3.371412    3.994299    -3.647058   1.037969    0.931848    0.424486    0.004165    0.400400    0.100100    96.000000   21.000000   11.007713   21.820822   7.844340    12.287719   0.068584    0.004168    16.000000   3.541645    7.000000    21.000000   0.000000    1.000000    0.000000    3352.64000  838.160000  0.074960    0.007472    0.254932    1.000000    1.000000    1.000000    0.000000    0.000000    0.074960    11.372616   3.371412    3.371412    192.000000  3352.64000  0.000000    1.000000    1.000000    1.000000    1.000000    1.000000    1.000000    0.776545    14.962866  
[37m[36mINFO[0m[0m 07/24 22:47:01 | 0.812367    0.835470    0.000000    0.967957    0.092901    0.960880    0.812367    0.835470    0.985030    0.957962    900         21.556886   7.351133    0.019378    3.369505    3.975630    -3.775874   1.015134    0.918437    0.386791    0.004491    0.480400    0.120100    96.000000   21.000000   11.066425   21.809238   7.795571    12.068348   0.082069    0.004494    16.000000   3.526797    7.000000    21.000000   0.000000    1.000000    0.000000    3357.44000  839.360000  0.082265    0.007922    0.279245    1.000000    1.000000    1.000000    0.000000    0.000000    0.082265    11.137869   3.369505    3.369505    192.000000  3357.44000  0.000000    1.000000    1.000000    1.000000    1.000000    1.000000    1.000000    0.709738    15.335721  
[37m[36mINFO[0m[0m 07/24 22:48:34 | 0.803305    0.820513    0.000000    0.966442    0.096697    0.958435    0.803305    0.820513    0.988024    0.952866    1000        23.952096   7.295541    0.010968    3.351937    3.945248    -4.051379   0.995933    0.906831    0.356405    0.004779    0.560400    0.140100    96.000000   21.000000   10.942512   21.472930   7.853516    12.089529   0.093606    0.004782    16.000000   3.511520    7.000000    21.000000   0.000000    1.000000    0.000000    3347.92000  836.980000  0.082735    0.008781    0.285010    1.000000    1.000000    1.000000    0.000000    0.000000    0.082735    10.345475   3.351937    3.351937    192.000000  3347.92000  0.000000    1.000000    1.000000    1.000000    1.000000    1.000000    1.000000    0.730000    13.352003  
[37m[36mINFO[0m[0m 07/24 22:50:04 | 0.797441    0.826923    0.000000    0.963138    0.122228    0.960880    0.797441    0.826923    0.982036    0.946497    1100        26.347305   7.288265    0.012338    3.354602    3.932463    -4.239735   0.976357    0.894495    0.327448    0.005078    0.640400    0.160100    96.000000   21.000000   10.978281   21.510401   7.828443    11.889796   0.105967    0.005082    16.000000   3.495235    7.000000    21.000000   0.000000    1.000000    0.010100    3364.48000  841.120000  0.089351    0.009476    0.298192    0.994950    0.994950    0.994950    0.000000    0.000000    0.089351    10.216448   3.354602    3.354680    192.000000  3347.44061  0.000000    0.994950    0.994950    0.994950    0.994950    0.994950    0.994950    0.661848    14.109082  
[37m[36mINFO[0m[0m 07/24 22:51:38 | 0.785181    0.829060    0.000000    0.965571    0.139983    0.958435    0.785181    0.829060    0.979042    0.959236    1200        28.742515   7.290969    0.015976    3.363522    3.919957    -4.302854   0.959030    0.883523    0.302029    0.005402    0.720400    0.180100    96.000000   21.000000   11.000303   21.489869   7.803576    11.778892   0.117033    0.005405    16.000000   3.478186    7.000000    21.000000   0.000000    1.000000    0.030100    3317.60000  829.400000  0.099000    0.009960    0.321780    0.984950    0.984950    0.984950    0.000000    0.000000    0.099000    10.569877   3.363522    3.363751    192.000000  3267.73428  0.000000    0.984950    0.984950    0.984950    0.984950    0.984950    0.984950    0.764389    14.352341  
[37m[36mINFO[0m[0m 07/24 22:53:11 | 0.833689    0.861111    0.000000    0.968738    0.122728    0.965770    0.833689    0.861111    0.985030    0.955414    1300        31.137725   7.273505    0.013022    3.358838    3.908269    -4.425035   0.940201    0.870491    0.278843    0.005751    0.800400    0.200100    96.000000   21.000000   11.006083   22.293854   7.799852    11.870987   0.129875    0.005755    16.000000   3.460568    7.000000    21.000000   0.000000    1.000000    0.050100    3355.28000  838.820000  0.108669    0.011089    0.345350    0.974950    0.974950    0.974950    0.000000    0.000000    0.108669    10.678595   3.358838    3.359205    192.000000  3271.39793  0.000000    0.974950    0.974950    0.974950    0.974950    0.974950    0.974950    0.759656    13.821316  
[37m[36mINFO[0m[0m 07/24 22:54:42 | 0.783049    0.792735    0.000000    0.963699    0.132858    0.951100    0.783049    0.792735    0.982036    0.957962    1400        33.532934   7.247078    0.008333    3.345900    3.897365    -4.542631   0.929255    0.863723    0.262128    0.006115    0.880400    0.220100    96.000000   21.000000   10.950304   21.744948   7.828210    12.019590   0.136631    0.006119    16.000000   3.442977    7.000000    21.000000   0.000000    1.000000    0.070100    3353.36000  838.340000  0.109221    0.011028    0.354355    0.964950    0.964950    0.964950    0.000000    0.000000    0.109221    10.503812   3.345900    3.346382    192.000000  3235.92368  0.000000    0.964950    0.964950    0.964950    0.964950    0.964950    0.964950    0.719712    13.923701  
[37m[36mINFO[0m[0m 07/24 22:56:17 | 0.764925    0.792735    0.000000    0.954849    0.185381    0.926650    0.764925    0.792735    0.985030    0.952866    1500        35.928144   7.267740    0.016106    3.355933    3.898935    -4.721331   0.915793    0.854139    0.246614    0.006479    0.960400    0.240100    96.000000   21.000000   10.953633   21.444449   7.854149    12.072428   0.146297    0.006482    16.000000   3.425992    7.000000    21.000000   0.000000    1.000000    0.090100    3369.20000  842.300000  0.120211    0.012417    0.366537    0.954950    0.954950    0.954950    0.000000    0.000000    0.120211    10.333225   3.355933    3.356603    192.000000  3217.34270  0.000000    0.954950    0.954950    0.954950    0.954950    0.954950    0.954950    0.775870    14.187968  
[37m[36mINFO[0m[0m 07/24 22:57:49 | 0.808102    0.831197    0.000000    0.964514    0.118833    0.953545    0.808102    0.831197    0.982036    0.957962    1600        38.323353   7.233240    0.012791    3.347485    3.875958    -4.825551   0.905092    0.846982    0.232440    0.006829    1.000000    0.250000    96.000000   21.000000   10.949339   21.358502   7.855825    11.775989   0.153513    0.006833    16.000000   3.409892    7.000000    21.000000   0.000000    1.000000    0.110100    3310.88000  827.720000  0.122877    0.012474    0.395378    0.944950    0.944950    0.944950    0.000000    0.000000    0.122877    10.133146   3.347485    3.348198    192.000000  3128.59221  0.000000    0.944950    0.944950    0.944950    0.944950    0.944950    0.944950    0.723075    14.445194  
[37m[36mINFO[0m[0m 07/24 22:59:23 | 0.842751    0.848291    0.000000    0.965754    0.144944    0.955990    0.842751    0.848291    0.982036    0.959236    1700        40.718563   7.215293    0.013622    3.346903    3.859904    -4.992719   0.895683    0.839217    0.225862    0.007166    1.000000    0.250000    96.000000   21.000000   10.991611   21.399756   7.886293    11.624191   0.161275    0.007169    16.000000   3.394749    7.000000    21.000000   0.000000    1.000000    0.130100    3372.96000  843.240000  0.126181    0.012586    0.399425    0.934950    0.934950    0.934950    0.000000    0.000000    0.126181    9.938574    3.346903    3.347747    192.000000  3153.55639  0.000000    0.934950    0.934950    0.934950    0.934950    0.934950    0.934950    0.772402    14.754956  
[37m[36mINFO[0m[0m 07/24 23:00:59 | 0.815032    0.833333    0.000000    0.966901    0.113013    0.955990    0.815032    0.833333    0.988024    0.956688    1800        43.113772   7.191817    0.007025    3.338094    3.853654    -5.131022   0.886925    0.832841    0.216333    0.007475    1.000000    0.250000    96.000000   21.000000   10.894168   21.822093   7.873240    11.842016   0.167430    0.007477    16.000000   3.380967    7.000000    21.000000   0.000000    1.000000    0.150100    3361.92000  840.480000  0.123072    0.012258    0.411567    0.924950    0.924950    0.925003    0.000000    0.000000    0.123072    9.968704    3.338094    3.339094    192.000000  3109.65263  0.000000    0.924950    0.924950    0.924950    0.924950    0.924950    0.924950    0.780797    14.899828  
[37m[36mINFO[0m[0m 07/24 23:02:34 | 0.810235    0.833333    0.000000    0.948255    0.198893    0.948655    0.810235    0.833333    0.961078    0.935032    1900        45.508982   7.215692    0.017537    3.357547    3.848846    -5.224811   0.880046    0.828760    0.205146    0.007756    1.000000    0.250000    96.000000   21.000000   10.983866   21.961850   7.832863    11.865999   0.171956    0.007758    16.000000   3.368293    7.000000    21.000000   0.000000    1.000000    0.170100    3323.44000  830.860000  0.130382    0.013073    0.418239    0.914950    0.914950    0.914978    0.000000    0.000000    0.130382    9.900663    3.357547    3.358826    192.000000  3040.74674  0.000000    0.914950    0.914950    0.914950    0.914950    0.914950    0.914950    0.741538    15.166688  
[37m[36mINFO[0m[0m 07/24 23:04:07 | 0.793710    0.824786    0.000000    0.954417    0.166289    0.943765    0.793710    0.824786    0.964072    0.955414    2000        47.904192   7.229600    0.018367    3.361837    3.858645    -5.294156   0.873680    0.824489    0.196763    0.008007    1.000000    0.250000    96.000000   21.000000   10.964608   21.656999   7.794636    11.629089   0.176153    0.008009    16.000000   3.356670    7.000000    21.000000   0.000000    1.000000    0.190100    3340.40000  835.100000  0.138498    0.013174    0.439261    0.904951    0.904950    0.905276    0.000000    0.000000    0.138498    10.228844   3.361837    3.363358    192.000000  3023.01636  0.000000    0.904951    0.904951    0.904951    0.904952    0.904951    0.904952    0.735021    14.936291  
[37m[36mINFO[0m[0m 07/24 23:05:44 | 0.751066    0.790598    0.000000    0.962691    0.131409    0.960880    0.751066    0.790598    0.973054    0.954140    2100        50.299401   7.181747    0.008668    3.341445    3.843337    -5.502262   0.866228    0.817722    0.194024    0.008253    1.000000    0.250000    96.000000   21.000000   10.968510   21.805244   7.809868    11.635295   0.182691    0.008256    16.000000   3.345358    7.000000    21.000000   0.000000    1.000000    0.200000    3351.84000  837.960000  0.126677    0.012982    0.434429    0.900001    0.900000    0.900347    0.000000    0.000000    0.126677    9.446070    3.341445    3.342935    192.000000  3016.66083  0.000000    0.900003    0.900000    0.900003    0.900001    0.900000    0.900001    0.783922    15.396311  
[37m[36mINFO[0m[0m 07/24 23:07:18 | 0.741471    0.754274    0.000000    0.959248    0.140412    0.953545    0.741471    0.754274    0.970060    0.954140    2200        52.694611   7.208566    0.012499    3.354493    3.853843    -5.531084   0.860663    0.813349    0.189253    0.008485    1.000000    0.250000    96.000000   21.000000   10.993027   21.632840   7.838986    11.790130   0.187087    0.008487    16.000000   3.334644    7.000000    21.000000   0.000000    1.000000    0.200000    3386.16000  846.540000  0.137364    0.013237    0.447855    0.900002    0.900000    0.900711    0.000000    0.000000    0.137364    9.769140    3.354493    3.356044    192.000000  3047.55184  0.000000    0.900002    0.900004    0.900002    0.900001    0.900004    0.900001    0.769988    13.948144  
[37m[36mINFO[0m[0m 07/24 23:10:16 | 0.736674    0.752137    0.000000    0.959385    0.154159    0.955990    0.736674    0.752137    0.982036    0.940127    2300        55.089820   7.194189    0.015724    3.355670    3.835888    -5.589864   0.855942    0.809635    0.185230    0.008704    1.000000    0.250000    96.000000   21.000000   11.057322   21.696135   7.849455    11.785917   0.190809    0.008706    16.000000   3.324419    7.000000    21.000000   0.000000    1.000000    0.200000    3381.52000  845.380000  0.139763    0.013170    0.453447    0.900007    0.900000    0.900916    0.000000    0.000000    0.139763    9.797002    3.355670    3.357269    192.000000  3043.39095  0.000000    0.900010    0.900004    0.900010    0.900004    0.900004    0.900004    0.773607    97.434148  
[37m[36mINFO[0m[0m 07/24 23:14:15 | 0.781983    0.794872    0.000000    0.966925    0.119241    0.963325    0.781983    0.794872    0.982036    0.955414    2400        57.485030   7.176708    0.009159    3.344259    3.837660    -5.705238   0.853459    0.807915    0.182176    0.008909    1.000000    0.250000    96.000000   21.000000   10.928830   21.305181   7.787066    11.685813   0.192573    0.008911    16.000000   3.314696    7.000000    21.000000   0.000000    1.000000    0.200000    3347.36000  836.840000  0.146649    0.013207    0.462803    0.900004    0.900000    0.901067    0.000000    0.000000    0.146649    10.240627   3.344259    3.345834    192.000000  3012.63618  0.000000    0.900004    0.900004    0.900004    0.900003    0.900004    0.900003    0.741737    160.540524 
[37m[36mINFO[0m[0m 07/24 23:16:16 | 0.815565    0.844017    0.000000    0.954656    0.160008    0.938875    0.815565    0.844017    0.976048    0.949045    2500        59.880240   7.188465    0.017949    3.357706    3.829041    -5.870650   0.849339    0.803764    0.182297    0.009102    1.000000    0.250000    96.000000   21.000000   10.992846   21.935683   7.798460    11.755625   0.196877    0.009103    16.000000   3.305521    7.000000    21.000000   0.000000    1.000000    0.200000    3332.72000  833.180000  0.152020    0.014166    0.469388    0.900006    0.900000    0.901245    0.000000    0.000000    0.152020    9.574094    3.357706    3.359460    192.000000  2999.46685  0.000000    0.900002    0.900009    0.900002    0.900007    0.900009    0.900007    0.763826    41.775483  
[37m[36mINFO[0m[0m 07/24 23:18:02 | 0.766525    0.773504    0.000000    0.948541    0.240081    0.938875    0.766525    0.773504    0.964072    0.942675    2600        62.275449   7.180764    0.015512    3.356677    3.825402    -5.909658   0.845194    0.800627    0.178268    0.009287    1.000000    0.250000    96.000000   21.000000   11.014520   22.038445   7.779364    11.594151   0.199740    0.009289    16.000000   3.296625    7.000000    21.000000   0.000000    1.000000    0.200000    3356.16000  839.040000  0.155425    0.014675    0.481684    0.900011    0.900000    0.902264    0.000000    0.000000    0.155425    9.908526    3.356677    3.358240    192.000000  3020.58066  0.000000    0.900011    0.900012    0.900011    0.900010    0.900012    0.900010    0.877072    14.733602  
[37m[36mINFO[0m[0m 07/24 23:19:43 | 0.797974    0.807692    0.000000    0.954380    0.168623    0.938875    0.797974    0.807692    0.979042    0.945223    2700        64.670659   7.166304    0.017079    3.357980    3.809165    -5.994804   0.840373    0.796647    0.174904    0.009476    1.000000    0.250000    96.000000   21.000000   11.016932   21.829780   7.815795    11.557475   0.203926    0.009478    16.000000   3.287681    7.000000    21.000000   0.000000    1.000000    0.200000    3356.80000  839.200000  0.153348    0.015148    0.498865    0.900024    0.900000    0.904010    0.000000    0.000000    0.153348    9.808537    3.357980    3.359512    192.000000  3021.19892  0.000000    0.900014    0.900047    0.900014    0.900011    0.900047    0.900011    0.830942    15.588484  
[37m[36mINFO[0m[0m 07/24 23:21:28 | 0.775053    0.807692    0.000000    0.954566    0.187585    0.943765    0.775053    0.807692    0.967066    0.952866    2800        67.065868   7.145435    0.009730    3.343723    3.811359    -6.125773   0.837430    0.793547    0.175532    0.009660    1.000000    0.250000    96.000000   21.000000   10.957861   21.770613   7.818618    11.695772   0.207078    0.009661    16.000000   3.278972    7.000000    21.000000   0.000000    1.000000    0.200000    3319.44000  829.860000  0.148846    0.016422    0.506850    0.900039    0.900000    0.905444    0.000000    0.000000    0.148846    9.726628    3.343723    3.345222    192.000000  2987.62467  0.000000    0.900015    0.900054    0.900015    0.900050    0.900054    0.900050    0.872576    14.385825  
[37m[36mINFO[0m[0m 07/24 23:23:14 | 0.793710    0.820513    0.000000    0.956493    0.178375    0.948655    0.793710    0.820513    0.973054    0.947771    2900        69.461078   7.142618    0.011673    3.344816    3.807104    -6.258572   0.832021    0.789531    0.169962    0.009838    1.000000    0.250000    96.000000   21.000000   10.997941   21.917798   7.857258    12.076426   0.210860    0.009840    16.000000   3.270489    7.000000    21.000000   0.000000    1.000000    0.200000    3338.32000  834.580000  0.145266    0.016607    0.487303    0.900017    0.900000    0.903155    0.000000    0.000000    0.145266    9.177608    3.344816    3.346358    192.000000  3004.54678  0.000000    0.900012    0.900026    0.900012    0.900018    0.900026    0.900018    0.871361    15.513804  
[37m[36mINFO[0m[0m 07/24 23:24:58 | 0.738273    0.777778    0.000000    0.953050    0.173488    0.941320    0.738273    0.777778    0.970060    0.947771    3000        71.856287   7.139974    0.014038    3.348948    3.798388    -6.300455   0.831901    0.790240    0.166643    0.010010    1.000000    0.250000    96.000000   21.000000   11.008264   21.468587   7.854231    12.039012   0.210259    0.010012    16.000000   3.262297    7.000000    21.000000   0.000000    1.000000    0.200000    3323.44000  830.860000  0.147483    0.016332    0.486512    0.900019    0.900000    0.903425    0.000000    0.000000    0.147483    9.407589    3.348948    3.350555    192.000000  2991.16036  0.000000    0.900019    0.900024    0.900019    0.900013    0.900024    0.900013    0.849619    14.571200  
[37m[36mINFO[0m[0m 07/24 23:26:39 | 0.809168    0.831197    0.000000    0.968441    0.141665    0.965770    0.809168    0.831197    0.979042    0.960510    3100        74.251497   7.117941    0.006759    3.332912    3.800832    -6.383745   0.825296    0.784799    0.161988    0.010180    1.000000    0.250000    96.000000   21.000000   10.987032   21.679066   7.872807    12.119638   0.215599    0.010182    16.000000   3.254342    7.000000    21.000000   0.000000    1.000000    0.200000    3332.56000  833.140000  0.152217    0.014835    0.514666    0.900052    0.900000    0.906714    0.000000    0.000000    0.152217    9.452687    3.332912    3.334301    192.000000  2999.47820  0.000000    0.900033    0.900084    0.900033    0.900040    0.900084    0.900040    0.841213    13.970095  
[37m[36mINFO[0m[0m 07/24 23:28:25 | 0.802239    0.824786    0.000000    0.957215    0.151183    0.948655    0.802239    0.824786    0.979042    0.943949    3200        76.646707   7.080339    0.002729    3.322324    3.779632    -6.552658   0.823413    0.783183    0.160922    0.010350    1.000000    0.250000    96.000000   21.000000   10.906268   21.200074   7.848249    12.036621   0.216950    0.010351    16.000000   3.246421    7.000000    21.000000   0.000000    1.000000    0.200000    3318.00000  829.500000  0.143815    0.016751    0.496421    0.900027    0.900000    0.904150    0.000000    0.000000    0.143815    9.080330    3.322324    3.323779    192.000000  2986.28925  0.000000    0.900012    0.900057    0.900012    0.900010    0.900057    0.900010    0.882078    14.701116  
[37m[36mINFO[0m[0m 07/24 23:30:06 | 0.809701    0.826923    0.000000    0.964046    0.139877    0.965770    0.809701    0.826923    0.976048    0.950318    3300        79.041916   7.081446    0.002384    3.323593    3.781320    -6.695398   0.821841    0.782454    0.157548    0.010512    1.000000    0.250000    96.000000   21.000000   10.848347   21.448058   7.844156    11.923853   0.217786    0.010514    16.000000   3.238852    7.000000    21.000000   0.000000    1.000000    0.200000    3316.64000  829.160000  0.135153    0.016596    0.479380    0.900012    0.900000    0.902717    0.000000    0.000000    0.135153    8.626943    3.323593    3.324987    192.000000  2985.01511  0.000000    0.900005    0.900021    0.900005    0.900013    0.900021    0.900013    0.844760    13.290035  
[37m[36mINFO[0m[0m 07/24 23:31:50 | 0.781450    0.809829    0.000000    0.958938    0.186486    0.955990    0.781450    0.809829    0.973054    0.947771    3400        81.437126   7.098058    0.007911    3.336418    3.780349    -6.752525   0.817900    0.779641    0.153033    0.010674    1.000000    0.250000    96.000000   21.000000   10.936205   21.421832   7.832020    12.028928   0.220788    0.010676    16.000000   3.231420    7.000000    21.000000   0.000000    1.000000    0.200000    3309.60000  827.400000  0.144463    0.017222    0.479328    0.900013    0.900000    0.902239    0.000000    0.000000    0.144463    8.862263    3.336418    3.337987    192.000000  2978.68346  0.000000    0.900011    0.900019    0.900011    0.900010    0.900019    0.900010    0.877930    13.194315  
[37m[36mINFO[0m[0m 07/24 23:33:29 | 0.836354    0.861111    0.000000    0.962025    0.152814    0.958435    0.836354    0.861111    0.976048    0.951592    3500        83.832335   7.104391    0.007630    3.338047    3.785808    -6.791663   0.816247    0.778024    0.152891    0.010835    1.000000    0.250000    96.000000   21.000000   10.979775   21.351155   7.818859    12.082851   0.222444    0.010836    16.000000   3.224175    7.000000    21.000000   0.000000    1.000000    0.200000    3369.52000  842.380000  0.146682    0.016652    0.510453    0.900039    0.900000    0.905188    0.000000    0.000000    0.146682    9.260301    3.338047    3.339491    192.000000  3032.70314  0.000000    0.900028    0.900056    0.900028    0.900039    0.900056    0.900039    0.794823    13.635638  
[37m[36mINFO[0m[0m 07/24 23:35:08 | 0.816631    0.844017    0.000000    0.956815    0.135910    0.955990    0.816631    0.844017    0.973054    0.941401    3600        86.227545   7.101528    0.007409    3.336593    3.785811    -6.894081   0.812896    0.774552    0.153377    0.010992    1.000000    0.250000    96.000000   21.000000   10.951257   21.567102   7.836057    12.199045   0.225687    0.010994    16.000000   3.217125    7.000000    21.000000   0.000000    1.000000    0.200000    3387.28000  846.820000  0.141729    0.017231    0.507473    0.900032    0.900000    0.904903    0.000000    0.000000    0.141729    8.861253    3.336593    3.338077    192.000000  3048.66185  0.000000    0.900022    0.900041    0.900022    0.900035    0.900041    0.900035    0.828462    13.367475  
[37m[36mINFO[0m[0m 07/24 23:36:50 | 0.788913    0.803419    0.000000    0.966225    0.134222    0.963325    0.788913    0.803419    0.985030    0.950318    3700        88.622754   7.085656    0.004827    3.330736    3.779130    -6.962057   0.811447    0.773984    0.149851    0.011144    1.000000    0.250000    96.000000   21.000000   10.918036   21.414110   7.843759    12.085165   0.226317    0.011145    16.000000   3.210426    7.000000    21.000000   0.000000    1.000000    0.200000    3356.96000  839.240000  0.138093    0.016378    0.484500    0.900022    0.900000    0.903559    0.000000    0.000000    0.138093    8.763235    3.330736    3.332189    192.000000  3021.33916  0.000000    0.900015    0.900032    0.900015    0.900021    0.900032    0.900021    0.858942    13.422561  
[37m[36mINFO[0m[0m 07/24 23:38:32 | 0.811834    0.831197    0.000000    0.968199    0.121958    0.963325    0.811834    0.831197    0.982036    0.959236    3800        91.017964   7.061516    0.001424    3.321487    3.769286    -7.116183   0.809395    0.772508    0.147549    0.011286    1.000000    0.250000    96.000000   21.000000   10.892274   21.458882   7.845392    12.062743   0.227628    0.011288    16.000000   3.204095    7.000000    21.000000   0.000000    1.000000    0.200000    3363.44000  840.860000  0.127676    0.017223    0.470476    0.900009    0.900000    0.902391    0.000000    0.000000    0.127676    8.621724    3.321487    3.322972    192.000000  3027.12731  0.000000    0.900006    0.900013    0.900006    0.900011    0.900013    0.900011    0.849359    14.288593  
[37m[36mINFO[0m[0m 07/24 23:40:15 | 0.801173    0.811966    0.000000    0.964849    0.142272    0.958435    0.801173    0.811966    0.973054    0.963057    3900        93.413174   7.081974    0.004264    3.328715    3.780640    -7.195660   0.806020    0.769650    0.145478    0.011427    1.000000    0.250000    96.000000   21.000000   10.941653   21.980465   7.837383    12.186455   0.230564    0.011429    16.000000   3.197872    7.000000    21.000000   0.000000    1.000000    0.200000    3333.28000  833.320000  0.134193    0.017783    0.467953    0.900016    0.900000    0.902566    0.000000    0.000000    0.134193    8.639288    3.328715    3.330279    192.000000  3000.00471  0.000000    0.900007    0.900029    0.900007    0.900012    0.900029    0.900012    0.849185    14.253442  
[37m[36mINFO[0m[0m 07/24 23:41:56 | 0.825693    0.831197    0.000000    0.947646    0.256603    0.931540    0.825693    0.831197    0.961078    0.950318    4000        95.808383   7.066605    0.005310    3.327695    3.766201    -7.283842   0.804503    0.768745    0.143030    0.011562    1.000000    0.250000    96.000000   21.000000   10.860328   21.547034   7.830726    12.094174   0.231459    0.011563    16.000000   3.191953    7.000000    21.000000   0.000000    1.000000    0.200000    3337.12000  834.280000  0.137936    0.018733    0.486440    0.900021    0.900000    0.904143    0.000000    0.000000    0.137936    8.530928    3.327695    3.329191    192.000000  3003.47738  0.000000    0.900011    0.900027    0.900011    0.900028    0.900027    0.900028    0.845798    14.180225  
[37m[36mINFO[0m[0m 07/24 23:43:36 | 0.805970    0.818376    0.000000    0.956896    0.192678    0.948655    0.805970    0.818376    0.964072    0.957962    4100        98.203593   7.114143    0.017088    3.351573    3.777839    -7.241305   0.800913    0.765572    0.141363    0.011693    1.000000    0.250000    96.000000   21.000000   10.918462   21.480102   7.814262    11.987010   0.234880    0.011694    16.000000   3.186229    7.000000    21.000000   0.000000    1.000000    0.200000    3313.76000  828.440000  0.154014    0.018972    0.501467    0.900029    0.900000    0.904620    0.000000    0.000000    0.154014    8.866120    3.351573    3.353206    192.000000  2982.47902  0.000000    0.900021    0.900044    0.900021    0.900021    0.900044    0.900021    0.793243    14.883610  
[37m[36mINFO[0m[0m 07/24 23:45:18 | 0.730810    0.754274    0.000000    0.950193    0.217498    0.931540    0.730810    0.754274    0.961078    0.957962    4200        100.598802  7.162210    0.027260    3.377746    3.788575    -7.134046   0.799151    0.764602    0.138196    0.011814    1.000000    0.250000    96.000000   21.000000   11.068114   21.835729   7.808793    11.846806   0.235637    0.011815    16.000000   3.180940    7.000000    21.000000   0.000000    1.000000    0.200000    3345.76000  836.440000  0.176169    0.019434    0.520074    0.900052    0.900000    0.906808    0.000000    0.000000    0.176169    9.471945    3.377746    3.379349    192.000000  3011.35980  0.000000    0.900050    0.900046    0.900050    0.900064    0.900046    0.900064    0.825852    13.109044  
[37m[36mINFO[0m[0m 07/24 23:47:00 | 0.765991    0.784188    0.000000    0.961220    0.152822    0.946210    0.765991    0.784188    0.982036    0.955414    4300        102.994012  7.099731    0.012236    3.352061    3.768526    -7.289444   0.795817    0.761589    0.136915    0.011927    1.000000    0.250000    96.000000   21.000000   11.053634   21.607211   7.808668    11.791443   0.238977    0.011928    16.000000   3.175849    7.000000    21.000000   0.000000    1.000000    0.200000    3340.08000  835.020000  0.168645    0.018490    0.514276    0.900047    0.900000    0.905874    0.000000    0.000000    0.168645    9.439177    3.352061    3.353417    192.000000  3006.22930  0.000000    0.900033    0.900067    0.900033    0.900037    0.900067    0.900037    0.863063    13.151864  
[37m[36mINFO[0m[0m 07/24 23:48:37 | 0.801706    0.829060    0.000000    0.962611    0.151869    0.955990    0.801706    0.829060    0.970060    0.961783    4400        105.389222  7.074068    0.007624    3.336316    3.763724    -7.339582   0.795775    0.761489    0.137143    0.012031    1.000000    0.250000    96.000000   21.000000   10.996144   21.510321   7.828279    11.703788   0.238755    0.012032    16.000000   3.171107    7.000000    21.000000   0.000000    1.000000    0.200000    3322.64000  830.660000  0.165713    0.017541    0.505831    0.900041    0.900000    0.905418    0.000000    0.000000    0.165713    9.414858    3.336316    3.337682    192.000000  2990.51258  0.000000    0.900030    0.900055    0.900030    0.900037    0.900055    0.900037    0.779944    13.152422  
[37m[36mINFO[0m[0m 07/24 23:49:51 | 0.791045    0.816239    0.000000    0.961117    0.158429    0.953545    0.791045    0.816239    0.982036    0.947771    4500        107.784431  7.065675    0.005549    3.333825    3.760930    -7.442990   0.795798    0.760637    0.140643    0.012129    1.000000    0.250000    96.000000   21.000000   10.979541   21.641877   7.808737    11.675051   0.239598    0.012130    16.000000   3.166597    7.000000    21.000000   0.000000    1.000000    0.200000    3339.28000  834.820000  0.159874    0.019074    0.511878    0.900031    0.900000    0.905458    0.000000    0.000000    0.159874    9.207241    3.333825    3.335156    192.000000  3005.45589  0.000000    0.900023    0.900044    0.900023    0.900032    0.900044    0.900032    0.567340    13.759398  
[37m[36mINFO[0m[0m 07/24 23:51:24 | 0.737207    0.784188    0.000000    0.946474    0.202442    0.924205    0.737207    0.784188    0.961078    0.954140    4600        110.179641  7.060854    0.005325    3.332738    3.758273    -7.520488   0.794218    0.759593    0.138500    0.012210    1.000000    0.250000    96.000000   21.000000   10.979734   21.291563   7.827229    11.788921   0.240549    0.012211    16.000000   3.162607    7.000000    21.000000   0.000000    1.000000    0.200000    3351.84000  837.960000  0.147691    0.018277    0.488337    0.900017    0.900000    0.903391    0.000000    0.000000    0.147691    8.947826    3.332738    3.334175    192.000000  3016.71496  0.000000    0.900011    0.900020    0.900011    0.900023    0.900020    0.900023    0.755897    13.749658  
[37m[36mINFO[0m[0m 07/24 23:52:56 | 0.801173    0.820513    0.000000    0.969829    0.133649    0.968215    0.801173    0.820513    0.982036    0.959236    4700        112.574850  7.055816    0.004165    3.331413    3.756889    -7.626875   0.792105    0.757565    0.138161    0.012291    1.000000    0.250000    96.000000   21.000000   10.948040   21.685245   7.818427    11.886086   0.242778    0.012291    16.000000   3.158715    7.000000    21.000000   0.000000    1.000000    0.200000    3373.84000  843.460000  0.156025    0.018530    0.512926    0.900049    0.900000    0.906692    0.000000    0.000000    0.156025    8.770152    3.331413    3.332780    192.000000  3036.61990  0.000000    0.900041    0.900052    0.900041    0.900057    0.900052    0.900057    0.751502    13.983918  
[37m[36mINFO[0m[0m 07/24 23:54:31 | 0.834222    0.854701    0.000000    0.963634    0.145033    0.963325    0.834222    0.854701    0.967066    0.960510    4800        114.970060  7.089674    0.011780    3.344644    3.770589    -7.674032   0.787780    0.753854    0.135705    0.012367    1.000000    0.250000    96.000000   21.000000   11.001998   21.306540   7.822572    11.816810   0.246495    0.012367    16.000000   3.154987    7.000000    21.000000   0.000000    1.000000    0.200000    3343.28000  835.820000  0.152844    0.019111    0.498556    0.900022    0.900000    0.904032    0.000000    0.000000    0.152844    8.595692    3.344644    3.346127    192.000000  3009.02565  0.000000    0.900015    0.900031    0.900015    0.900022    0.900031    0.900022    0.778462    14.352711  
[37m[36mINFO[0m[0m 07/24 23:56:07 | 0.798507    0.807692    0.000000    0.964458    0.159907    0.955990    0.798507    0.807692    0.973054    0.964331    4900        117.365269  7.042266    0.003585    3.327017    3.749891    -7.770535   0.789322    0.755989    0.133329    0.012435    1.000000    0.250000    96.000000   21.000000   10.888910   21.582353   7.831612    11.772129   0.244202    0.012436    16.000000   3.151473    7.000000    21.000000   0.000000    1.000000    0.200000    3325.20000  831.300000  0.150312    0.017638    0.500164    0.900032    0.900000    0.904787    0.000000    0.000000    0.150312    8.691077    3.327017    3.328388    192.000000  2992.78859  0.000000    0.900030    0.900031    0.900030    0.900037    0.900031    0.900037    0.779447    14.480800  
[37m[36mINFO[0m[0m 07/24 23:57:42 | 0.800107    0.818376    0.000000    0.961359    0.181091    0.955990    0.800107    0.818376    0.979042    0.949045    5000        119.760479  7.019483    0.002603    3.321731    3.734481    -7.874044   0.787928    0.755026    0.131611    0.012496    1.000000    0.250000    96.000000   21.000000   10.876617   21.337907   7.857030    11.790839   0.245222    0.012497    16.000000   3.148256    7.000000    21.000000   0.000000    1.000000    0.200000    3312.32000  828.080000  0.145300    0.017318    0.485728    0.900017    0.900000    0.903171    0.000000    0.000000    0.145300    8.457039    3.321731    3.323108    192.000000  2981.14587  0.000000    0.900005    0.900030    0.900005    0.900020    0.900030    0.900020    0.777275    14.171498  
[37m[36mINFO[0m[0m 07/24 23:57:42 | ---
[37m[33mWARNING[0m[0m 07/24 23:57:42 | Evaluate SWAD ...
[37m[36mINFO[0m[0m 07/24 23:57:56 | 0.830490    0.850427    0.000000    0.975544    0.086682    0.975550    0.830490    0.850427    0.988024    0.963057    [101-4900]  (N=49)
[37m[36mINFO[0m[0m 07/24 23:57:56 | oracle = 85.075%
[37m[36mINFO[0m[0m 07/24 23:57:56 | iid = 80.117%
[37m[36mINFO[0m[0m 07/24 23:57:56 | last = 80.011%
[37m[36mINFO[0m[0m 07/24 23:57:56 | last (inD) = 96.136%
[37m[36mINFO[0m[0m 07/24 23:57:56 | iid (inD) = 96.983%
[37m[36mINFO[0m[0m 07/24 23:57:56 | SWAD = 83.049%
[37m[36mINFO[0m[0m 07/24 23:57:56 | SWAD (inD) = 97.554%
[37m[36mINFO[0m[0m 07/24 23:57:57 | 
[37m[36mINFO[0m[0m 07/24 23:58:01 | Testenv name escaping te_photo -> te_photo
[37m[36mINFO[0m[0m 07/24 23:58:01 | Test envs = [2], name = te_photo
[37m[36mINFO[0m[0m 07/24 23:58:01 | Batch sizes for each domain: [32, 32, 0, 32] (total=96)
[37m[36mINFO[0m[0m 07/24 23:58:01 | steps-per-epoch for each domain: 51.22, 58.62, 98.25 -> min = 51.22
[37m[36mINFO[0m[0m 07/24 23:58:04 | # of params = 49165255
[37m[36mINFO[0m[0m 07/24 23:58:18 | test_in     test_out    train_in    train_out   tr_outloss  env0_out    env1_out    env2_in     env2_out    env3_out    step        epoch       loss        loss_cls    sup_cl_los  pre_cl_los  reg_loss    loss_isr    loss_isr_a  loss_isr_d  loss_orth   piccl_lamb  piccl_beta  valid_augm  valid_clas  delta_aug_  delta_aug_  delta_dom_  delta_dom_  projection  basis_orth  basis_rank  basis_norm  residual_b  residual_b  piccl_has_  reliable_c  reliable_c  cross_doma  valid_reli  pair_relia  pair_relia  pair_relia  pair_weigh  pair_weigh  pair_weigh  pair_weigh  pair_weigh  mean_sensi  mean_pair_  weighted_c  unweighted  self_aug_p  cross_doma  reliable_c  reliable_c  reliable_c  reliable_c  reliable_c  reliable_c  reliable_c  step_time   eval_time  
[37m[36mINFO[0m[0m 07/24 23:58:18 | 0.104042    0.116766    0.000000    0.185340    1.952383    0.220049    0.147436    0.104042    0.116766    0.188535    0           0.000000    12.392203   1.935134    5.353373    5.161262    -5.756462   0.000000    0.000000    0.000000    0.002651    0.000000    0.000000    0.000000    0.000000    0.000000    0.000000    0.000000    0.000000    0.000000    0.002651    16.000000   3.593053    0.000000    0.000000    0.000000    1.000000    0.000000    3528.00000  882.000000  0.007905    0.001570    0.018622    1.000000    1.000000    1.000000    0.000000    0.000000    0.007905    23.886234   5.353373    5.353373    192.000000  3528.00000  0.000000    1.000000    1.000000    1.000000    1.000000    1.000000    1.000000    0.413416    13.255242  
[37m[36mINFO[0m[0m 07/25 00:00:01 | 0.954341    0.940120    0.000000    0.933485    0.199310    0.921760    0.955128    0.954341    0.940120    0.923567    100         1.952410    9.131577    0.387525    3.974145    4.762001    0.790612    0.991933    0.991933    0.000000    0.002651    0.000000    0.000000    96.000000   0.000000    13.423311   25.803132   0.000000    0.000000    0.008056    0.002651    16.000000   3.593053    0.000000    0.000000    0.000000    1.000000    0.000000    3482.88000  870.720000  0.008399    0.002319    0.018957    1.000000    1.000000    1.000000    0.000000    0.000000    0.008399    26.524566   3.974145    3.974145    192.000000  3482.88000  0.000000    1.000000    1.000000    1.000000    1.000000    1.000000    1.000000    0.798178    13.468476  
[37m[36mINFO[0m[0m 07/25 00:01:43 | 0.964820    0.952096    0.000000    0.944196    0.179130    0.946210    0.961538    0.964820    0.952096    0.924841    200         3.904820    8.296775    0.157314    3.636930    4.515055    -1.252325   0.991938    0.991938    0.000000    0.002651    0.000000    0.000000    96.000000   0.000000    12.218709   23.391048   0.000000    0.000000    0.008064    0.002651    16.000000   3.593053    0.000000    0.000000    0.000000    1.000000    0.000000    3499.20000  874.800000  0.008330    0.002436    0.018527    1.000000    1.000000    1.000000    0.000000    0.000000    0.008330    18.805481   3.636930    3.636930    192.000000  3499.20000  0.000000    1.000000    1.000000    1.000000    1.000000    1.000000    1.000000    0.799581    12.971587  
[37m[36mINFO[0m[0m 07/25 00:03:25 | 0.976796    0.979042    0.000000    0.948628    0.163241    0.933985    0.967949    0.976796    0.979042    0.943949    300         5.857230    7.953664    0.073749    3.508854    4.388604    -1.817322   1.111804    0.991274    0.482120    0.002653    0.010200    0.002550    96.000000   10.090000   11.942974   23.340938   4.416637    6.355332    0.008782    0.002653    16.000000   3.592821    3.480000    10.160000   0.000000    1.000000    0.000000    3489.60000  872.400000  0.009009    0.002529    0.020718    1.000000    1.000000    1.000000    0.000000    0.000000    0.009009    16.418857   3.508854    3.508854    192.000000  3489.60000  0.000000    1.000000    1.000000    1.000000    1.000000    1.000000    1.000000    0.821291    13.424877  
[37m[36mINFO[0m[0m 07/25 00:04:58 | 0.976048    0.961078    0.000000    0.947559    0.155935    0.948655    0.961538    0.976048    0.961078    0.932484    400         7.809640    7.847070    0.061440    3.478476    4.326095    -2.378382   1.209021    0.981562    0.909837    0.002668    0.080400    0.020100    96.000000   21.000000   11.719478   22.539174   7.595784    10.510598   0.018655    0.002668    16.000000   3.592792    7.000000    21.000000   0.000000    1.000000    0.000000    3539.84000  884.960000  0.019745    0.003878    0.055257    1.000000    1.000000    1.000000    0.000000    0.000000    0.019745    14.642990   3.478476    3.478476    192.000000  3539.84000  0.000000    1.000000    1.000000    1.000000    1.000000    1.000000    1.000000    0.717871    11.498022  
[37m[36mINFO[0m[0m 07/25 00:06:31 | 0.979042    0.970060    0.000000    0.948313    0.165281    0.943765    0.950855    0.979042    0.970060    0.950318    500         9.762050    7.716168    0.034172    3.422042    4.278069    -2.731776   1.149998    0.966331    0.734668    0.002778    0.160400    0.040100    96.000000   21.000000   11.600222   22.202861   7.125091    10.478186   0.033929    0.002780    16.000000   3.587703    7.000000    21.000000   0.000000    1.000000    0.000000    3499.76000  874.940000  0.034987    0.004827    0.114766    1.000000    1.000000    1.000000    0.000000    0.000000    0.034987    13.521506   3.422042    3.422042    192.000000  3499.76000  0.000000    1.000000    1.000000    1.000000    1.000000    1.000000    1.000000    0.693226    11.549533  
[37m[36mINFO[0m[0m 07/25 00:08:12 | 0.967066    0.958084    0.000000    0.956743    0.149773    0.941320    0.972222    0.967066    0.958084    0.956688    600         11.714460   7.656406    0.029184    3.409515    4.234888    -3.034291   1.096313    0.952356    0.575827    0.003123    0.240400    0.060100    96.000000   21.000000   11.497348   22.451642   7.101653    10.256222   0.047929    0.003128    16.000000   3.570247    7.000000    21.000000   0.000000    1.000000    0.000000    3523.84000  880.960000  0.047237    0.005603    0.154804    1.000000    1.000000    1.000000    0.000000    0.000000    0.047237    12.917088   3.409515    3.409515    192.000000  3523.84000  0.000000    1.000000    1.000000    1.000000    1.000000    1.000000    1.000000    0.866786    11.447714  
[37m[36mINFO[0m[0m 07/25 00:09:55 | 0.971557    0.961078    0.000000    0.958052    0.152036    0.948655    0.970085    0.971557    0.961078    0.955414    700         13.666870   7.636273    0.035923    3.410730    4.206104    -3.337125   1.054825    0.938728    0.464385    0.003639    0.320400    0.080100    96.000000   21.000000   11.466967   22.345520   7.119190    10.226640   0.061639    0.003645    16.000000   3.548324    7.000000    21.000000   0.000000    1.000000    0.000000    3490.48000  872.620000  0.055617    0.006409    0.177912    1.000000    1.000000    1.000000    0.000000    0.000000    0.055617    12.257477   3.410730    3.410730    192.000000  3490.48000  0.000000    1.000000    1.000000    1.000000    1.000000    1.000000    1.000000    0.873369    12.874033  
[37m[36mINFO[0m[0m 07/25 00:11:33 | 0.977545    0.961078    0.000000    0.959668    0.148808    0.953545    0.963675    0.977545    0.961078    0.961783    800         15.619280   7.581014    0.023453    3.394414    4.177554    -3.489498   1.023779    0.926409    0.389480    0.004186    0.400400    0.100100    96.000000   21.000000   11.503169   22.481110   7.063274    10.127021   0.073864    0.004191    16.000000   3.526291    7.000000    21.000000   0.000000    1.000000    0.000000    3480.40000  870.100000  0.064770    0.007160    0.197896    1.000000    1.000000    1.000000    0.000000    0.000000    0.064770    12.103618   3.394414    3.394414    192.000000  3480.40000  0.000000    1.000000    1.000000    1.000000    1.000000    1.000000    1.000000    0.835565    11.802742  
[37m[36mINFO[0m[0m 07/25 00:13:13 | 0.973054    0.961078    0.000000    0.960921    0.133397    0.955990    0.970085    0.973054    0.961078    0.956688    900         17.571690   7.593383    0.031303    3.409299    4.165516    -3.668499   0.997385    0.911728    0.342630    0.004675    0.480400    0.120100    96.000000   21.000000   11.420439   22.105955   7.055603    10.030169   0.088575    0.004679    16.000000   3.505828    7.000000    21.000000   0.000000    1.000000    0.000000    3525.52000  881.380000  0.071998    0.007968    0.221183    1.000000    1.000000    1.000000    0.000000    0.000000    0.071998    11.686503   3.409299    3.409299    192.000000  3525.52000  0.000000    1.000000    1.000000    1.000000    1.000000    1.000000    1.000000    0.842938    12.706789  
[37m[36mINFO[0m[0m 07/25 00:14:53 | 0.961078    0.964072    0.000000    0.965537    0.112511    0.951100    0.978632    0.961078    0.964072    0.966879    1000        19.524100   7.514704    0.019105    3.378529    4.128783    -3.904291   0.975548    0.898032    0.310062    0.005127    0.560400    0.140100    96.000000   21.000000   11.286653   21.645311   7.058377    10.069191   0.102414    0.005132    16.000000   3.485987    7.000000    21.000000   0.000000    1.000000    0.000000    3457.20000  864.300000  0.079707    0.008436    0.243695    1.000000    1.000000    1.000000    0.000000    0.000000    0.079707    11.075623   3.378529    3.378529    192.000000  3457.20000  0.000000    1.000000    1.000000    1.000000    1.000000    1.000000    1.000000    0.843218    12.620058  
[37m[36mINFO[0m[0m 07/25 00:16:37 | 0.968563    0.946108    0.000000    0.961736    0.142510    0.958435    0.970085    0.968563    0.946108    0.956688    1100        21.476510   7.498723    0.013273    3.375046    4.120189    -4.028068   0.952558    0.880812    0.286983    0.005572    0.640400    0.160100    96.000000   21.000000   11.345866   21.942458   7.083798    10.259334   0.119504    0.005576    16.000000   3.466204    7.000000    21.000000   0.000000    1.000000    0.010100    3508.16000  877.040000  0.088924    0.009399    0.277630    0.994950    0.994950    0.994950    0.000000    0.000000    0.088924    11.157419   3.375046    3.375121    192.000000  3490.33372  0.000000    0.994950    0.994950    0.994950    0.994950    0.994950    0.994950    0.873289    14.147536  
[37m[36mINFO[0m[0m 07/25 00:18:16 | 0.963323    0.943114    0.000000    0.964058    0.133367    0.955990    0.980769    0.963323    0.943114    0.955414    1200        23.428920   7.481774    0.019256    3.377926    4.093079    -4.221103   0.936239    0.868867    0.269485    0.006010    0.720400    0.180100    96.000000   21.000000   11.289891   21.981147   7.078678    10.295836   0.131663    0.006015    16.000000   3.446878    7.000000    21.000000   0.000000    1.000000    0.030100    3471.04000  867.760000  0.101472    0.010374    0.305277    0.984950    0.984950    0.984950    0.000000    0.000000    0.101472    10.940087   3.377926    3.378141    192.000000  3418.85850  0.000000    0.984950    0.984950    0.984950    0.984950    0.984950    0.984950    0.836375    12.096113  
[37m[36mINFO[0m[0m 07/25 00:19:59 | 0.975299    0.958084    0.000000    0.955264    0.156965    0.946210    0.974359    0.975299    0.958084    0.945223    1300        25.381330   7.468722    0.013341    3.372752    4.089559    -4.372368   0.919366    0.855538    0.255311    0.006442    0.800400    0.200100    96.000000   21.000000   11.246824   21.544767   7.094893    10.393320   0.144868    0.006447    16.000000   3.428303    7.000000    21.000000   0.000000    1.000000    0.050100    3471.44000  867.860000  0.105153    0.011521    0.320132    0.974950    0.974950    0.974950    0.000000    0.000000    0.105153    10.735172   3.372752    3.373127    192.000000  3384.53957  0.000000    0.974950    0.974950    0.974950    0.974950    0.974950    0.974950    0.878711    12.214082  
[37m[36mINFO[0m[0m 07/25 00:21:40 | 0.973054    0.952096    0.000000    0.959408    0.127889    0.943765    0.976496    0.973054    0.952096    0.957962    1400        27.333740   7.461757    0.014605    3.375265    4.077105    -4.516549   0.907448    0.846263    0.244742    0.006855    0.880400    0.220100    96.000000   21.000000   11.293392   21.878740   7.087546    10.273786   0.154146    0.006859    16.000000   3.410828    7.000000    21.000000   0.000000    1.000000    0.070100    3492.56000  873.140000  0.110277    0.011359    0.335594    0.964950    0.964950    0.964950    0.000000    0.000000    0.110277    10.593433   3.375265    3.375750    192.000000  3370.13690  0.000000    0.964950    0.964950    0.964950    0.964950    0.964950    0.964950    0.842991    13.877358  
[37m[36mINFO[0m[0m 07/25 00:23:24 | 0.976048    0.976048    0.000000    0.955374    0.140593    0.955990    0.957265    0.976048    0.976048    0.952866    1500        29.286150   7.439516    0.012438    3.365517    4.065522    -4.684208   0.892909    0.834799    0.232441    0.007237    0.960400    0.240100    96.000000   21.000000   11.218978   21.516015   7.088020    10.295750   0.165742    0.007240    16.000000   3.394707    7.000000    21.000000   0.000000    1.000000    0.090100    3481.12000  870.280000  0.114362    0.011680    0.345779    0.954950    0.954950    0.954950    0.000000    0.000000    0.114362    10.362143   3.365517    3.366169    192.000000  3324.23675  0.000000    0.954950    0.954950    0.954950    0.954950    0.954950    0.954950    0.875428    13.228484  
[37m[36mINFO[0m[0m 07/25 00:25:00 | 0.975299    0.946108    0.000000    0.957168    0.171479    0.931540    0.974359    0.975299    0.946108    0.965605    1600        31.238560   7.432613    0.015228    3.362294    4.058855    -4.794645   0.883508    0.827911    0.222385    0.007595    1.000000    0.250000    96.000000   21.000000   11.214929   21.627950   7.104440    10.433148   0.172496    0.007599    16.000000   3.379606    7.000000    21.000000   0.000000    1.000000    0.110100    3478.88000  869.720000  0.120886    0.012453    0.366722    0.944950    0.944950    0.944950    0.000000    0.000000    0.120886    10.374414   3.362294    3.363038    192.000000  3287.24358  0.000000    0.944950    0.944950    0.944950    0.944950    0.944950    0.944950    0.706299    12.617585  
[37m[36mINFO[0m[0m 07/25 00:26:44 | 0.958832    0.946108    0.000000    0.951038    0.189322    0.933985    0.970085    0.958832    0.946108    0.949045    1700        33.190970   7.398153    0.005649    3.350379    4.047683    -4.938631   0.876393    0.821686    0.218827    0.007899    1.000000    0.250000    96.000000   21.000000   11.245848   21.504495   7.095930    10.488979   0.178566    0.007902    16.000000   3.366486    7.000000    21.000000   0.000000    1.000000    0.130100    3493.28000  873.320000  0.125483    0.013200    0.381162    0.934950    0.934950    0.934950    0.000000    0.000000    0.125483    10.160744   3.350379    3.351234    192.000000  3266.01648  0.000000    0.934950    0.934950    0.934950    0.934950    0.934950    0.934950    0.874308    12.959089  
[37m[36mINFO[0m[0m 07/25 00:28:23 | 0.975299    0.943114    0.000000    0.960908    0.133159    0.955990    0.963675    0.975299    0.943114    0.963057    1800        35.143380   7.440965    0.021197    3.382954    4.044002    -5.066526   0.869402    0.815580    0.215289    0.008137    1.000000    0.250000    96.000000   21.000000   11.240657   21.744005   7.091583    10.567531   0.184904    0.008140    16.000000   3.355599    7.000000    21.000000   0.000000    1.000000    0.150100    3505.12000  876.280000  0.137959    0.014415    0.405031    0.924950    0.924950    0.924950    0.000000    0.000000    0.137959    10.307838   3.382954    3.384088    192.000000  3242.02804  0.000000    0.924950    0.924950    0.924950    0.924950    0.924950    0.924950    0.838218    12.566984  
[37m[36mINFO[0m[0m 07/25 00:30:06 | 0.970808    0.952096    0.000000    0.960565    0.136939    0.951100    0.970085    0.970808    0.952096    0.960510    1900        37.095790   7.396950    0.016662    3.364021    4.024702    -5.155534   0.862246    0.810108    0.208551    0.008337    1.000000    0.250000    96.000000   21.000000   11.252753   21.948983   7.095284    10.492348   0.190519    0.008339    16.000000   3.345924    7.000000    21.000000   0.000000    1.000000    0.170100    3448.08000  862.020000  0.144385    0.014358    0.415333    0.914950    0.914950    0.914950    0.000000    0.000000    0.144385    9.968135    3.364021    3.365196    192.000000  3154.78851  0.000000    0.914950    0.914950    0.914950    0.914950    0.914950    0.914950    0.877910    12.997701  
[37m[36mINFO[0m[0m 07/25 00:31:47 | 0.966317    0.958084    0.000000    0.940032    0.225002    0.931540    0.970085    0.966317    0.958084    0.918471    2000        39.048200   7.408200    0.014522    3.368476    4.034437    -5.208286   0.856787    0.806128    0.202634    0.008521    1.000000    0.250000    96.000000   21.000000   11.266256   21.563666   7.112667    10.548077   0.194175    0.008522    16.000000   3.336863    7.000000    21.000000   0.000000    1.000000    0.190100    3478.80000  869.700000  0.143303    0.014770    0.432428    0.904950    0.904950    0.904991    0.000000    0.000000    0.143303    10.307371   3.368476    3.369814    192.000000  3148.27747  0.000000    0.904950    0.904950    0.904950    0.904950    0.904950    0.904950    0.843185    13.536521  
[37m[36mINFO[0m[0m 07/25 00:33:32 | 0.952844    0.937126    0.000000    0.954435    0.181368    0.933985    0.970085    0.952844    0.937126    0.959236    2100        41.000610   7.413130    0.023837    3.381019    4.019281    -5.386444   0.856969    0.806389    0.202317    0.008683    1.000000    0.250000    96.000000   21.000000   11.262277   21.828279   7.114250    10.381766   0.194163    0.008684    16.000000   3.328534    7.000000    21.000000   0.000000    1.000000    0.200000    3473.92000  868.480000  0.145461    0.014590    0.448916    0.900001    0.900000    0.900286    0.000000    0.000000    0.145461    9.914795    3.381019    3.382536    192.000000  3126.53086  0.000000    0.900001    0.900000    0.900001    0.900001    0.900000    0.900001    0.883643    13.827460  
[37m[36mINFO[0m[0m 07/25 00:35:14 | 0.970060    0.943114    0.000000    0.955456    0.160243    0.951100    0.963675    0.970060    0.943114    0.951592    2200        42.953020   7.381303    0.014043    3.360373    4.018773    -5.466560   0.855426    0.805232    0.200777    0.008810    1.000000    0.250000    96.000000   21.000000   11.250385   21.843110   7.123347    10.295027   0.195396    0.008811    16.000000   3.321125    7.000000    21.000000   0.000000    1.000000    0.200000    3469.12000  867.280000  0.149806    0.015274    0.453911    0.900001    0.900000    0.900340    0.000000    0.000000    0.149806    10.328374   3.360373    3.361863    192.000000  3122.21249  0.000000    0.900001    0.900000    0.900001    0.900003    0.900000    0.900003    0.842922    14.079945  
[37m[36mINFO[0m[0m 07/25 00:36:54 | 0.973802    0.949102    0.000000    0.964215    0.136099    0.963325    0.970085    0.973802    0.949102    0.959236    2300        44.905430   7.360859    0.008508    3.356739    4.009701    -5.645363   0.847102    0.797896    0.196822    0.008935    1.000000    0.250000    96.000000   21.000000   11.173608   21.741122   7.136263    10.456420   0.202520    0.008937    16.000000   3.313768    7.000000    21.000000   0.000000    1.000000    0.200000    3511.44000  877.860000  0.145219    0.015830    0.458153    0.900002    0.900000    0.900552    0.000000    0.000000    0.145219    9.697638    3.356739    3.358141    192.000000  3160.30219  0.000000    0.900002    0.900001    0.900002    0.900002    0.900001    0.900002    0.841855    13.434999  
[37m[36mINFO[0m[0m 07/25 00:38:31 | 0.973054    0.955090    0.000000    0.961757    0.144757    0.946210    0.965812    0.973054    0.955090    0.973248    2400        46.857840   7.334138    0.007771    3.348505    3.992524    -5.688050   0.844189    0.796232    0.191831    0.009067    1.000000    0.250000    96.000000   21.000000   11.207217   21.468952   7.142696    10.617356   0.204038    0.009068    16.000000   3.306277    7.000000    21.000000   0.000000    1.000000    0.200000    3470.64000  867.660000  0.146560    0.015703    0.459096    0.900002    0.900000    0.900612    0.000000    0.000000    0.146560    9.802284    3.348505    3.349936    192.000000  3123.58123  0.000000    0.900002    0.900002    0.900002    0.900002    0.900002    0.900002    0.742850    12.362577  
[37m[36mINFO[0m[0m 07/25 00:40:14 | 0.957335    0.940120    0.000000    0.956880    0.192293    0.960880    0.965812    0.957335    0.940120    0.943949    2500        48.810250   7.357540    0.012143    3.362738    3.998330    -5.749772   0.836335    0.789475    0.187440    0.009198    1.000000    0.250000    96.000000   21.000000   11.245907   21.717339   7.159914    10.613019   0.210977    0.009199    16.000000   3.298941    7.000000    21.000000   0.000000    1.000000    0.200000    3505.12000  876.280000  0.158074    0.015238    0.496103    0.900020    0.900000    0.903621    0.000000    0.000000    0.158074    9.861849    3.362738    3.364099    192.000000  3154.67853  0.000000    0.900022    0.900003    0.900022    0.900033    0.900003    0.900033    0.875108    12.921934  
[37m[36mINFO[0m[0m 07/25 00:41:55 | 0.965569    0.958084    0.000000    0.954230    0.165320    0.938875    0.972222    0.965569    0.958084    0.951592    2600        50.762660   7.367840    0.015590    3.369461    3.999966    -5.879832   0.832237    0.786218    0.184076    0.009321    1.000000    0.250000    96.000000   21.000000   11.307705   22.030613   7.187435    10.671176   0.214483    0.009323    16.000000   3.291857    7.000000    21.000000   0.000000    1.000000    0.200000    3491.04000  872.760000  0.164917    0.016642    0.512636    0.900032    0.900000    0.905057    0.000000    0.000000    0.164917    10.110181   3.369461    3.370816    192.000000  3142.04793  0.000000    0.900033    0.900012    0.900033    0.900049    0.900012    0.900049    0.841513    13.848667  
[37m[36mINFO[0m[0m 07/25 00:43:35 | 0.967066    0.955090    0.000000    0.963195    0.137313    0.955990    0.974359    0.967066    0.955090    0.959236    2700        52.715070   7.326256    0.008101    3.352038    3.984867    -6.038907   0.832590    0.787471    0.180475    0.009442    1.000000    0.250000    96.000000   21.000000   11.107119   21.340909   7.168866    10.741312   0.213064    0.009443    16.000000   3.284840    7.000000    21.000000   0.000000    1.000000    0.200000    3506.16000  876.540000  0.163854    0.016804    0.520626    0.900039    0.900000    0.906140    0.000000    0.000000    0.163854    9.533876    3.352038    3.353366    192.000000  3155.68613  0.000000    0.900021    0.900010    0.900021    0.900084    0.900010    0.900084    0.842119    13.241464  
[37m[36mINFO[0m[0m 07/25 00:45:19 | 0.972305    0.964072    0.000000    0.961702    0.152263    0.960880    0.970085    0.972305    0.964072    0.954140    2800        54.667480   7.329808    0.004306    3.348511    3.997150    -6.151660   0.826973    0.782561    0.177648    0.009562    1.000000    0.250000    96.000000   21.000000   11.158583   21.628746   7.181903    10.736466   0.217692    0.009563    16.000000   3.277828    7.000000    21.000000   0.000000    1.000000    0.200000    3539.60000  884.900000  0.156050    0.016813    0.517288    0.900031    0.900000    0.905581    0.000000    0.000000    0.156050    9.453259    3.348511    3.349812    192.000000  3185.75222  0.000000    0.900027    0.900008    0.900027    0.900058    0.900008    0.900058    0.869794    13.440398  
[37m[36mINFO[0m[0m 07/25 00:46:59 | 0.969311    0.955090    0.000000    0.964804    0.138056    0.953545    0.982906    0.969311    0.955090    0.957962    2900        56.619890   7.314560    0.008726    3.353501    3.973765    -6.246053   0.820406    0.777009    0.173590    0.009670    1.000000    0.250000    96.000000   21.000000   11.145875   21.603987   7.177735    10.601132   0.223378    0.009671    16.000000   3.271158    7.000000    21.000000   0.000000    1.000000    0.200000    3509.36000  877.340000  0.164077    0.017814    0.533789    0.900082    0.900000    0.908599    0.000000    0.000000    0.164077    9.360278    3.353501    3.354909    192.000000  3158.71305  0.000000    0.900060    0.900026    0.900060    0.900157    0.900026    0.900157    0.837442    13.337801  
[37m[36mINFO[0m[0m 07/25 00:48:38 | 0.972305    0.940120    0.000000    0.960716    0.165680    0.951100    0.974359    0.972305    0.940120    0.956688    3000        58.572300   7.290621    0.004109    3.341846    3.967261    -6.360148   0.819929    0.777264    0.170663    0.009772    1.000000    0.250000    96.000000   21.000000   11.173720   21.550554   7.170880    10.710339   0.223010    0.009773    16.000000   3.264611    7.000000    21.000000   0.000000    1.000000    0.200000    3480.08000  870.020000  0.159133    0.016939    0.523029    0.900061    0.900000    0.906850    0.000000    0.000000    0.159133    9.110184    3.341846    3.343223    192.000000  3132.28207  0.000000    0.900060    0.900022    0.900060    0.900100    0.900022    0.900100    0.830431    12.954308  
[37m[36mINFO[0m[0m 07/25 00:50:16 | 0.962575    0.955090    0.000000    0.948066    0.220978    0.933985    0.970085    0.962575    0.955090    0.940127    3100        60.524710   7.365715    0.020487    3.381786    3.986562    -6.392304   0.815851    0.774102    0.166995    0.009873    1.000000    0.250000    96.000000   21.000000   11.203197   21.659498   7.162733    10.590386   0.226548    0.009874    16.000000   3.258294    7.000000    21.000000   0.000000    1.000000    0.200000    3519.20000  879.800000  0.167356    0.017566    0.536788    0.900067    0.900000    0.908813    0.000000    0.000000    0.167356    9.471593    3.381786    3.383373    192.000000  3167.51851  0.000000    0.900083    0.900035    0.900083    0.900076    0.900035    0.900076    0.821499    13.383027  
[37m[36mINFO[0m[0m 07/25 00:51:53 | 0.961078    0.946108    0.000000    0.957284    0.185822    0.953545    0.974359    0.961078    0.946108    0.943949    3200        62.477120   7.335749    0.015198    3.370543    3.973383    -6.411184   0.814518    0.773300    0.164872    0.009971    1.000000    0.250000    96.000000   21.000000   11.269656   21.749028   7.113228    10.402364   0.227032    0.009972    16.000000   3.252103    7.000000    21.000000   0.000000    1.000000    0.200000    3497.04000  874.260000  0.178592    0.018521    0.549828    0.900105    0.900000    0.911092    0.000000    0.000000    0.178592    9.841094    3.370543    3.372026    192.000000  3147.70997  0.000000    0.900086    0.900040    0.900086    0.900185    0.900040    0.900185    0.741976    14.097706  
[37m[36mINFO[0m[0m 07/25 00:53:30 | 0.967066    0.943114    0.000000    0.967592    0.123414    0.965770    0.976496    0.967066    0.943114    0.960510    3300        64.429530   7.305915    0.010029    3.355465    3.965010    -6.521476   0.812308    0.771451    0.163428    0.010067    1.000000    0.250000    96.000000   21.000000   11.177249   21.465954   7.080808    10.266348   0.228782    0.010068    16.000000   3.246072    7.000000    21.000000   0.000000    1.000000    0.200000    3476.24000  869.060000  0.175332    0.018113    0.559914    0.900137    0.900000    0.913063    0.000000    0.000000    0.175332    9.658075    3.355465    3.356777    192.000000  3129.09262  0.000000    0.900116    0.900043    0.900116    0.900243    0.900043    0.900243    0.791088    12.922080  
[37m[36mINFO[0m[0m 07/25 00:55:07 | 0.971557    0.940120    0.000000    0.961496    0.156059    0.955990    0.974359    0.971557    0.940120    0.954140    3400        66.381940   7.293380    0.009150    3.353688    3.956750    -6.665173   0.808666    0.768560    0.160424    0.010175    1.000000    0.250000    96.000000   21.000000   11.144319   21.431849   7.082280    10.221634   0.231867    0.010176    16.000000   3.239742    7.000000    21.000000   0.000000    1.000000    0.200000    3516.96000  879.240000  0.169466    0.017519    0.566595    0.900139    0.900000    0.913860    0.000000    0.000000    0.169466    9.110739    3.353688    3.354953    192.000000  3165.75887  0.000000    0.900086    0.900057    0.900086    0.900269    0.900057    0.900269    0.697402    14.215084  
[37m[36mINFO[0m[0m 07/25 00:56:50 | 0.967814    0.949102    0.000000    0.959209    0.165267    0.955990    0.963675    0.967814    0.949102    0.957962    3500        68.334350   7.288278    0.010589    3.355253    3.949650    -6.752385   0.806004    0.766574    0.157719    0.010277    1.000000    0.250000    96.000000   21.000000   11.082663   21.638405   7.086089    10.258377   0.233792    0.010278    16.000000   3.233682    7.000000    21.000000   0.000000    1.000000    0.200000    3452.48000  863.120000  0.164756    0.017486    0.554088    0.900119    0.900000    0.911875    0.000000    0.000000    0.164756    8.600107    3.355253    3.356567    192.000000  3107.64063  0.000000    0.900078    0.900068    0.900078    0.900213    0.900068    0.900213    0.872621    13.118494  
[37m[36mINFO[0m[0m 07/25 00:58:31 | 0.963323    0.946108    0.000000    0.944183    0.211852    0.916870    0.961538    0.963323    0.946108    0.954140    3600        70.286760   7.303822    0.013733    3.364729    3.953186    -6.794398   0.802156    0.763507    0.154599    0.010376    1.000000    0.250000    96.000000   21.000000   11.223252   21.706463   7.065218    10.285971   0.237016    0.010377    16.000000   3.227603    7.000000    21.000000   0.000000    1.000000    0.200000    3504.16000  876.040000  0.174457    0.018604    0.548366    0.900102    0.900000    0.910767    0.000000    0.000000    0.174457    9.280891    3.364729    3.366076    192.000000  3154.10665  0.000000    0.900106    0.900056    0.900106    0.900139    0.900056    0.900139    0.831912    11.922023  
[37m[36mINFO[0m[0m 07/25 01:00:15 | 0.967814    0.934132    0.000000    0.952484    0.192179    0.951100    0.963675    0.967814    0.934132    0.942675    3700        72.239170   7.286876    0.008435    3.357980    3.948752    -6.833760   0.800728    0.761465    0.157052    0.010475    1.000000    0.250000    96.000000   21.000000   11.188877   21.866735   7.053809    10.274776   0.238971    0.010476    16.000000   3.221653    7.000000    21.000000   0.000000    1.000000    0.200000    3513.28000  878.320000  0.171567    0.018697    0.536676    0.900078    0.900000    0.908881    0.000000    0.000000    0.171567    9.354840    3.357980    3.359275    192.000000  3162.22783  0.000000    0.900041    0.900064    0.900041    0.900127    0.900064    0.900127    0.886635    12.075866  
[37m[36mINFO[0m[0m 07/25 01:01:54 | 0.952096    0.928144    0.000000    0.959154    0.176138    0.951100    0.972222    0.952096    0.928144    0.954140    3800        74.191580   7.298893    0.015580    3.362835    3.949828    -6.927466   0.798278    0.759451    0.155307    0.010562    1.000000    0.250000    96.000000   21.000000   11.209764   21.685285   7.063288    10.235407   0.241031    0.010563    16.000000   3.216111    7.000000    21.000000   0.000000    1.000000    0.200000    3472.32000  868.080000  0.180985    0.019150    0.567250    0.900135    0.900000    0.913897    0.000000    0.000000    0.180985    9.303046    3.362835    3.364217    192.000000  3125.56182  0.000000    0.900112    0.900056    0.900112    0.900238    0.900056    0.900238    0.839246    12.402349  
[37m[36mINFO[0m[0m 07/25 01:03:36 | 0.961826    0.946108    0.000000    0.952977    0.167741    0.926650    0.967949    0.961826    0.946108    0.964331    3900        76.143990   7.270477    0.007878    3.352163    3.940619    -6.999988   0.796155    0.757731    0.153694    0.010647    1.000000    0.250000    96.000000   21.000000   11.111832   21.654042   7.089041    10.247959   0.242616    0.010648    16.000000   3.210660    7.000000    21.000000   0.000000    1.000000    0.200000    3496.16000  874.040000  0.167969    0.018675    0.547997    0.900101    0.900000    0.910751    0.000000    0.000000    0.167969    9.069899    3.352163    3.353437    192.000000  3146.89988  0.000000    0.900055    0.900054    0.900055    0.900190    0.900054    0.900190    0.865064    12.582883  
[37m[36mINFO[0m[0m 07/25 01:05:11 | 0.977545    0.964072    0.000000    0.951080    0.206381    0.948655    0.952991    0.977545    0.964072    0.951592    4000        78.096400   7.275062    0.008896    3.358174    3.938910    -7.065701   0.794552    0.756611    0.151763    0.010734    1.000000    0.250000    96.000000   21.000000   11.197544   21.632251   7.143506    10.321956   0.243744    0.010735    16.000000   3.205318    7.000000    21.000000   0.000000    1.000000    0.200000    3515.84000  878.960000  0.172142    0.018371    0.559099    0.900111    0.900000    0.912676    0.000000    0.000000    0.172142    9.364628    3.358174    3.359548    192.000000  3164.65353  0.000000    0.900151    0.900056    0.900151    0.900127    0.900056    0.900127    0.706283    11.796461  
[37m[36mINFO[0m[0m 07/25 01:06:52 | 0.974551    0.940120    0.000000    0.967338    0.154387    0.963325    0.974359    0.974551    0.940120    0.964331    4100        80.048810   7.260185    0.007743    3.349566    3.934872    -7.167434   0.793359    0.756402    0.147830    0.010823    1.000000    0.250000    96.000000   21.000000   11.110769   21.456527   7.136820    10.327430   0.243874    0.010823    16.000000   3.200049    7.000000    21.000000   0.000000    1.000000    0.200000    3480.32000  870.080000  0.159980    0.018406    0.529465    0.900054    0.900000    0.907643    0.000000    0.000000    0.159980    8.963020    3.349566    3.350928    192.000000  3132.48054  0.000000    0.900048    0.900037    0.900048    0.900077    0.900037    0.900077    0.844526    13.802747  
[37m[36mINFO[0m[0m 07/25 01:08:37 | 0.974551    0.958084    0.000000    0.958175    0.170374    0.958435    0.959402    0.974551    0.958084    0.956688    4200        82.001220   7.237621    0.003369    3.334738    3.932975    -7.297608   0.790084    0.753805    0.145119    0.010902    1.000000    0.250000    96.000000   21.000000   11.084982   21.204415   7.124978    10.329270   0.246439    0.010903    16.000000   3.194969    7.000000    21.000000   0.000000    1.000000    0.200000    3456.24000  864.060000  0.151811    0.018145    0.518828    0.900030    0.900000    0.906178    0.000000    0.000000    0.151811    8.573643    3.334738    3.336002    192.000000  3110.72043  0.000000    0.900025    0.900024    0.900025    0.900042    0.900024    0.900042    0.886862    12.690985  
[37m[36mINFO[0m[0m 07/25 01:10:20 | 0.964820    0.937126    0.000000    0.948018    0.204143    0.936430    0.963675    0.964820    0.937126    0.943949    4300        83.953630   7.250161    0.005697    3.344673    3.933773    -7.348023   0.789757    0.753471    0.145146    0.010977    1.000000    0.250000    96.000000   21.000000   11.071760   21.695381   7.093164    10.259329   0.246785    0.010978    16.000000   3.190066    7.000000    21.000000   0.000000    1.000000    0.200000    3459.92000  864.980000  0.161896    0.018391    0.537555    0.900077    0.900000    0.909450    0.000000    0.000000    0.161896    8.713209    3.344673    3.346015    192.000000  3114.19422  0.000000    0.900060    0.900040    0.900060    0.900127    0.900040    0.900127    0.877274    12.570757  
[37m[36mINFO[0m[0m 07/25 01:12:01 | 0.955838    0.940120    0.000000    0.959004    0.168104    0.941320    0.970085    0.955838    0.940120    0.965605    4400        85.906040   7.266415    0.013934    3.362290    3.924780    -7.406665   0.789332    0.753039    0.145171    0.011053    1.000000    0.250000    96.000000   21.000000   11.121291   21.222441   7.092604    10.264241   0.247231    0.011053    16.000000   3.185219    7.000000    21.000000   0.000000    1.000000    0.200000    3485.20000  871.300000  0.163801    0.018547    0.549044    0.900107    0.900000    0.911346    0.000000    0.000000    0.163801    8.726440    3.362290    3.363749    192.000000  3137.05332  0.000000    0.900082    0.900054    0.900082    0.900182    0.900054    0.900182    0.847555    12.813102  
[37m[36mINFO[0m[0m 07/25 01:13:18 | 0.950599    0.931138    0.000000    0.963736    0.167203    0.958435    0.978632    0.950599    0.931138    0.954140    4500        87.858450   7.247908    0.008662    3.353051    3.920961    -7.419810   0.788437    0.752407    0.144118    0.011122    1.000000    0.250000    96.000000   21.000000   11.132931   21.509785   7.129236    10.364335   0.247808    0.011122    16.000000   3.180737    7.000000    21.000000   0.000000    1.000000    0.200000    3495.20000  873.800000  0.176655    0.019509    0.564261    0.900114    0.900000    0.913204    0.000000    0.000000    0.176655    9.189639    3.353051    3.354353    192.000000  3146.07986  0.000000    0.900114    0.900052    0.900114    0.900171    0.900052    0.900171    0.620621    12.735124  
[37m[36mINFO[0m[0m 07/25 01:14:50 | 0.964820    0.946108    0.000000    0.961209    0.152274    0.955990    0.972222    0.964820    0.946108    0.955414    4600        89.810860   7.259822    0.010980    3.355373    3.928940    -7.470788   0.784496    0.748819    0.142708    0.011190    1.000000    0.250000    96.000000   21.000000   11.120776   21.621777   7.105048    10.230427   0.251408    0.011191    16.000000   3.176384    7.000000    21.000000   0.000000    1.000000    0.200000    3482.32000  870.580000  0.176468    0.020414    0.578048    0.900190    0.900000    0.915911    0.000000    0.000000    0.176468    9.150229    3.355373    3.356660    192.000000  3134.75033  0.000000    0.900169    0.900059    0.900169    0.900331    0.900059    0.900331    0.757257    12.914428  
[37m[36mINFO[0m[0m 07/25 01:16:23 | 0.967066    0.946108    0.000000    0.954401    0.223674    0.936430    0.970085    0.967066    0.946108    0.956688    4700        91.763270   7.257540    0.011066    3.357179    3.925411    -7.517445   0.780947    0.745983    0.139858    0.011263    1.000000    0.250000    96.000000   21.000000   11.083749   21.362864   7.138258    10.390666   0.254195    0.011264    16.000000   3.171977    7.000000    21.000000   0.000000    1.000000    0.200000    3485.20000  871.300000  0.172318    0.020485    0.564030    0.900131    0.900000    0.913242    0.000000    0.000000    0.172318    9.035590    3.357179    3.358555    192.000000  3137.13991  0.000000    0.900125    0.900067    0.900125    0.900194    0.900067    0.900194    0.775353    13.037740  
[37m[36mINFO[0m[0m 07/25 01:17:57 | 0.957335    0.946108    0.000000    0.945655    0.225000    0.914425    0.972222    0.957335    0.946108    0.950318    4800        93.715680   7.279928    0.014249    3.365906    3.935869    -7.519681   0.781813    0.746814    0.139999    0.011328    1.000000    0.250000    96.000000   21.000000   11.159531   21.663920   7.113974    10.513961   0.253453    0.011328    16.000000   3.167789    7.000000    21.000000   0.000000    1.000000    0.200000    3483.52000  870.880000  0.176372    0.020549    0.561945    0.900145    0.900000    0.913183    0.000000    0.000000    0.176372    9.141604    3.365906    3.367300    192.000000  3135.67366  0.000000    0.900132    0.900062    0.900132    0.900232    0.900062    0.900232    0.776713    13.016699  
[37m[36mINFO[0m[0m 07/25 01:19:28 | 0.954341    0.925150    0.000000    0.950901    0.197387    0.924205    0.974359    0.954341    0.925150    0.954140    4900        95.668090   7.260858    0.012884    3.360726    3.924113    -7.581351   0.778717    0.744617    0.136401    0.011403    1.000000    0.250000    96.000000   21.000000   11.179927   21.537710   7.111920    10.341158   0.255570    0.011404    16.000000   3.163333    7.000000    21.000000   0.000000    1.000000    0.200000    3477.04000  869.260000  0.175928    0.019734    0.557219    0.900125    0.900000    0.912312    0.000000    0.000000    0.175928    8.977352    3.360726    3.362042    192.000000  3129.77461  0.000000    0.900091    0.900049    0.900091    0.900239    0.900049    0.900239    0.755323    13.071443  
[37m[36mINFO[0m[0m 07/25 01:20:59 | 0.962575    0.934132    0.000000    0.956113    0.144050    0.946210    0.974359    0.962575    0.934132    0.947771    5000        97.620500   7.238585    0.009431    3.348163    3.919286    -7.718935   0.777648    0.743098    0.138204    0.011480    1.000000    0.250000    96.000000   21.000000   11.156241   21.642688   7.111471    10.198226   0.257251    0.011481    16.000000   3.158939    7.000000    21.000000   0.000000    1.000000    0.200000    3476.80000  869.200000  0.177123    0.019460    0.567697    0.900137    0.900000    0.914046    0.000000    0.000000    0.177123    9.054611    3.348163    3.349434    192.000000  3129.59587  0.000000    0.900115    0.900053    0.900115    0.900242    0.900053    0.900242    0.735133    13.248282  
[37m[36mINFO[0m[0m 07/25 01:20:59 | ---
[37m[33mWARNING[0m[0m 07/25 01:21:00 | Evaluate SWAD ...
[37m[36mINFO[0m[0m 07/25 01:21:13 | 0.982784    0.970060    0.000000    0.976913    0.093888    0.977995    0.980769    0.982784    0.970060    0.971975    [701-5000]  (N=44)
[37m[36mINFO[0m[0m 07/25 01:21:13 | oracle = 97.680%
[37m[36mINFO[0m[0m 07/25 01:21:13 | iid = 96.707%
[37m[36mINFO[0m[0m 07/25 01:21:13 | last = 96.257%
[37m[36mINFO[0m[0m 07/25 01:21:13 | last (inD) = 95.611%
[37m[36mINFO[0m[0m 07/25 01:21:13 | iid (inD) = 96.759%
[37m[36mINFO[0m[0m 07/25 01:21:13 | SWAD = 98.278%
[37m[36mINFO[0m[0m 07/25 01:21:13 | SWAD (inD) = 97.691%
[37m[36mINFO[0m[0m 07/25 01:21:14 | 
[37m[36mINFO[0m[0m 07/25 01:21:19 | Testenv name escaping te_sketch -> te_sketch
[37m[36mINFO[0m[0m 07/25 01:21:19 | Test envs = [3], name = te_sketch
[37m[36mINFO[0m[0m 07/25 01:21:19 | Batch sizes for each domain: [32, 32, 32, 0] (total=96)
[37m[36mINFO[0m[0m 07/25 01:21:19 | steps-per-epoch for each domain: 51.22, 58.62, 41.75 -> min = 41.75
[37m[36mINFO[0m[0m 07/25 01:21:21 | # of params = 49165255
[37m[36mINFO[0m[0m 07/25 01:21:39 | test_in     test_out    train_in    train_out   tr_outloss  env0_out    env1_out    env2_out    env3_in     env3_out    step        epoch       loss        loss_cls    sup_cl_los  pre_cl_los  reg_loss    loss_isr    loss_isr_a  loss_isr_d  loss_orth   piccl_lamb  piccl_beta  valid_augm  valid_clas  delta_aug_  delta_aug_  delta_dom_  delta_dom_  projection  basis_orth  basis_rank  basis_norm  residual_b  residual_b  piccl_has_  reliable_c  reliable_c  cross_doma  valid_reli  pair_relia  pair_relia  pair_relia  pair_weigh  pair_weigh  pair_weigh  pair_weigh  pair_weigh  mean_sensi  mean_pair_  weighted_c  unweighted  self_aug_p  cross_doma  reliable_c  reliable_c  reliable_c  reliable_c  reliable_c  reliable_c  reliable_c  step_time   eval_time  
[37m[36mINFO[0m[0m 07/25 01:21:39 | 0.191794    0.183439    0.000000    0.217597    1.883809    0.176039    0.177350    0.299401    0.191794    0.183439    0           0.000000    11.781932   1.968066    4.920918    4.950513    -5.756462   0.000000    0.000000    0.000000    0.002189    0.000000    0.000000    0.000000    0.000000    0.000000    0.000000    0.000000    0.000000    0.000000    0.002189    16.000000   3.640547    0.000000    0.000000    0.000000    1.000000    0.000000    3256.00000  814.000000  0.008815    0.002909    0.018841    1.000000    1.000000    1.000000    0.000000    0.000000    0.008815    23.492172   4.920918    4.920918    192.000000  3256.00000  0.000000    1.000000    1.000000    1.000000    1.000000    1.000000    1.000000    0.816286    16.699488  
[37m[36mINFO[0m[0m 07/25 01:23:14 | 0.666349    0.668790    0.000000    0.956847    0.134551    0.946210    0.957265    0.967066    0.666349    0.668790    100         2.395210    8.590133    0.269628    3.794264    4.525830    0.041041    0.992259    0.992259    0.000000    0.002189    0.000000    0.000000    96.000000   0.000000    13.153135   25.712581   0.000000    0.000000    0.007740    0.002189    16.000000   3.640547    0.000000    0.000000    0.000000    1.000000    0.000000    3712.72000  928.180000  0.007668    0.002155    0.017845    1.000000    1.000000    1.000000    0.000000    0.000000    0.007668    24.122006   3.794264    3.794264    192.000000  3712.72000  0.000000    1.000000    1.000000    1.000000    1.000000    1.000000    1.000000    0.689269    16.243403  
[37m[36mINFO[0m[0m 07/25 01:24:51 | 0.652990    0.650955    0.000000    0.951267    0.150338    0.938875    0.950855    0.964072    0.652990    0.650955    200         4.790419    7.865824    0.081871    3.524693    4.275965    -1.670588   0.992267    0.992267    0.000000    0.002189    0.000000    0.000000    96.000000   0.000000    12.427934   23.935656   0.000000    0.000000    0.007725    0.002189    16.000000   3.640547    0.000000    0.000000    0.000000    1.000000    0.000000    3698.88000  924.720000  0.007725    0.002212    0.018081    1.000000    1.000000    1.000000    0.000000    0.000000    0.007725    16.893865   3.524693    3.524693    192.000000  3698.88000  0.000000    1.000000    1.000000    1.000000    1.000000    1.000000    1.000000    0.737547    14.588095  
[37m[36mINFO[0m[0m 07/25 01:26:24 | 0.784987    0.782166    0.000000    0.969679    0.095552    0.963325    0.963675    0.982036    0.784987    0.782166    300         7.185629    7.640587    0.037531    3.452508    4.172318    -2.240050   1.112259    0.991810    0.481794    0.002196    0.010200    0.002550    96.000000   10.190000   12.195151   23.014108   4.022521    5.785688    0.008215    0.002196    16.000000   3.639925    3.440000    10.220000   0.000000    1.000000    0.000000    3736.56000  934.140000  0.008300    0.002367    0.018598    1.000000    1.000000    1.000000    0.000000    0.000000    0.008300    15.122392   3.452508    3.452508    192.000000  3736.56000  0.000000    1.000000    1.000000    1.000000    1.000000    1.000000    1.000000    0.735004    14.974848  
[37m[36mINFO[0m[0m 07/25 01:28:01 | 0.771310    0.774522    0.000000    0.956516    0.146365    0.931540    0.967949    0.970060    0.771310    0.774522    400         9.580838    7.547134    0.033865    3.426791    4.108670    -2.704876   1.211988    0.984664    0.909295    0.002277    0.080400    0.020100    96.000000   21.000000   12.077985   22.979154   6.820774    9.863114    0.015474    0.002279    16.000000   3.633438    7.000000    21.000000   0.000000    1.000000    0.000000    3713.44000  928.360000  0.015315    0.003346    0.046592    1.000000    1.000000    1.000000    0.000000    0.000000    0.015315    13.751089   3.426791    3.426791    192.000000  3713.44000  0.000000    1.000000    1.000000    1.000000    1.000000    1.000000    1.000000    0.784250    15.236134  
[37m[36mINFO[0m[0m 07/25 01:29:34 | 0.758270    0.747771    0.000000    0.959738    0.140020    0.943765    0.959402    0.976048    0.758270    0.747771    500         11.976048   7.454302    0.025317    3.408739    4.041926    -3.098271   1.161878    0.972799    0.756317    0.002466    0.160400    0.040100    96.000000   21.000000   11.942387   22.596452   6.286338    9.140540    0.027390    0.002469    16.000000   3.622175    7.000000    21.000000   0.000000    1.000000    0.000000    3685.52000  921.380000  0.025904    0.004391    0.102248    1.000000    1.000000    1.000000    0.000000    0.000000    0.025904    12.702143   3.408739    3.408739    192.000000  3685.52000  0.000000    1.000000    1.000000    1.000000    1.000000    1.000000    1.000000    0.758193    15.004774  
[37m[36mINFO[0m[0m 07/25 01:31:09 | 0.770038    0.768153    0.000000    0.967535    0.113762    0.946210    0.974359    0.982036    0.770038    0.768153    600         14.371257   7.406536    0.016928    3.396978    4.012612    -3.343855   1.120376    0.962031    0.633382    0.002810    0.240400    0.060100    96.000000   21.000000   11.890142   22.309176   6.148880    8.864846    0.038169    0.002814    16.000000   3.605851    7.000000    21.000000   0.000000    1.000000    0.000000    3732.56000  933.140000  0.035514    0.005440    0.137880    1.000000    1.000000    1.000000    0.000000    0.000000    0.035514    12.099904   3.396978    3.396978    192.000000  3732.56000  0.000000    1.000000    1.000000    1.000000    1.000000    1.000000    1.000000    0.757174    14.954406  
[37m[36mINFO[0m[0m 07/25 01:32:43 | 0.783397    0.782166    0.000000    0.958474    0.140490    0.933985    0.959402    0.982036    0.783397    0.782166    700         16.766467   7.364888    0.016572    3.384927    3.981401    -3.548256   1.090983    0.953494    0.549955    0.003212    0.320400    0.080100    96.000000   21.000000   11.883875   22.042357   6.094199    8.814119    0.046683    0.003216    16.000000   3.589631    7.000000    21.000000   0.000000    1.000000    0.000000    3674.24000  918.560000  0.042685    0.005967    0.162117    1.000000    1.000000    1.000000    0.000000    0.000000    0.042685    11.892230   3.384927    3.384927    192.000000  3674.24000  0.000000    1.000000    1.000000    1.000000    1.000000    1.000000    1.000000    0.758923    15.113043  
[37m[36mINFO[0m[0m 07/25 01:34:14 | 0.804389    0.826752    0.000000    0.963974    0.114969    0.946210    0.963675    0.982036    0.804389    0.826752    800         19.161677   7.338859    0.015524    3.387170    3.952358    -3.755985   1.067546    0.944782    0.491058    0.003567    0.400400    0.100100    96.000000   21.000000   11.794682   21.980060   6.145978    8.924978    0.055408    0.003571    16.000000   3.575631    7.000000    21.000000   0.000000    1.000000    0.000000    3707.68000  926.920000  0.050306    0.007374    0.188756    1.000000    1.000000    1.000000    0.000000    0.000000    0.050306    11.538583   3.387170    3.387170    192.000000  3707.68000  0.000000    1.000000    1.000000    1.000000    1.000000    1.000000    1.000000    0.670524    15.388448  
[37m[36mINFO[0m[0m 07/25 01:35:51 | 0.740776    0.754140    0.000000    0.962713    0.125065    0.953545    0.961538    0.973054    0.740776    0.754140    900         21.556886   7.301879    0.009245    3.373622    3.933038    -3.921078   1.048610    0.937135    0.445901    0.003856    0.480400    0.120100    96.000000   21.000000   11.792938   22.419697   6.188984    8.938596    0.063051    0.003859    16.000000   3.563075    7.000000    21.000000   0.000000    1.000000    0.000000    3687.68000  921.920000  0.058879    0.007903    0.217435    1.000000    1.000000    1.000000    0.000000    0.000000    0.058879    11.216270   3.373622    3.373622    192.000000  3687.68000  0.000000    1.000000    1.000000    1.000000    1.000000    1.000000    1.000000    0.784624    15.458726  
[37m[36mINFO[0m[0m 07/25 01:37:26 | 0.743321    0.742675    0.000000    0.960591    0.129241    0.943765    0.967949    0.970060    0.743321    0.742675    1000        23.952096   7.301383    0.012423    3.378929    3.922159    -4.103455   1.031661    0.928652    0.412035    0.004102    0.560400    0.140100    96.000000   21.000000   11.820157   22.001887   6.150018    8.833087    0.071554    0.004104    16.000000   3.551153    7.000000    21.000000   0.000000    1.000000    0.000000    3682.80000  920.700000  0.068157    0.008606    0.247871    1.000000    1.000000    1.000000    0.000000    0.000000    0.068157    10.961870   3.378929    3.378929    192.000000  3682.80000  0.000000    1.000000    1.000000    1.000000    1.000000    1.000000    1.000000    0.766853    15.348930  
[37m[36mINFO[0m[0m 07/25 01:39:02 | 0.821883    0.817834    0.000000    0.966705    0.101306    0.953545    0.961538    0.985030    0.821883    0.817834    1100        26.347305   7.264393    0.008923    3.369322    3.895458    -4.183425   1.015815    0.921506    0.377238    0.004329    0.640400    0.160100    96.000000   21.000000   11.898364   22.210957   6.124650    8.777977    0.078697    0.004331    16.000000   3.538833    7.000000    21.000000   0.000000    1.000000    0.010100    3677.20000  919.300000  0.076071    0.009373    0.268650    0.994950    0.994950    0.994950    0.000000    0.000000    0.076071    10.947695   3.369322    3.369392    192.000000  3658.57941  0.000000    0.994950    0.994950    0.994950    0.994950    0.994950    0.994950    0.763433    15.854344  
[37m[36mINFO[0m[0m 07/25 01:40:36 | 0.779898    0.800000    0.000000    0.971793    0.091965    0.955990    0.974359    0.985030    0.779898    0.800000    1200        28.742515   7.229659    0.005716    3.356350    3.875593    -4.408460   1.001871    0.913252    0.354477    0.004562    0.720400    0.180100    96.000000   21.000000   11.840526   21.819928   6.162475    8.902359    0.086910    0.004564    16.000000   3.525403    7.000000    21.000000   0.000000    1.000000    0.030100    3653.20000  913.300000  0.078999    0.009861    0.283513    0.984950    0.984950    0.984950    0.000000    0.000000    0.078999    10.396102   3.356350    3.356545    192.000000  3598.40195  0.000000    0.984950    0.984950    0.984950    0.984950    0.984950    0.984950    0.760384    15.966359  
[37m[36mINFO[0m[0m 07/25 01:42:13 | 0.757952    0.778344    0.000000    0.965745    0.123937    0.951100    0.970085    0.976048    0.757952    0.778344    1300        31.137725   7.232622    0.004258    3.364903    3.869633    -4.582102   0.990769    0.907911    0.331429    0.004807    0.800400    0.200100    96.000000   21.000000   11.739631   21.490048   6.154386    8.855037    0.092293    0.004809    16.000000   3.511081    7.000000    21.000000   0.000000    1.000000    0.050100    3729.20000  932.300000  0.081613    0.010674    0.280491    0.974950    0.974950    0.974950    0.000000    0.000000    0.081613    10.171365   3.364903    3.365240    192.000000  3635.80541  0.000000    0.974950    0.974950    0.974950    0.974950    0.974950    0.974950    0.773023    16.002472  
[37m[36mINFO[0m[0m 07/25 01:43:46 | 0.762723    0.769427    0.000000    0.951569    0.189910    0.929095    0.961538    0.964072    0.762723    0.769427    1400        33.532934   7.304910    0.027766    3.402891    3.877434    -4.615434   0.976243    0.898776    0.309866    0.005063    0.880400    0.220100    96.000000   21.000000   11.901426   21.687907   6.155807    8.762341    0.101703    0.005066    16.000000   3.496263    7.000000    21.000000   0.000000    1.000000    0.070100    3671.36000  917.840000  0.100537    0.012036    0.332717    0.964950    0.964950    0.964950    0.000000    0.000000    0.100537    10.690022   3.402891    3.403497    192.000000  3542.72435  0.000000    0.964950    0.964950    0.964950    0.964950    0.964950    0.964950    0.720621    15.382471  
[37m[36mINFO[0m[0m 07/25 01:45:23 | 0.775445    0.783439    0.000000    0.971405    0.086478    0.953545    0.978632    0.982036    0.775445    0.783439    1500        35.928144   7.246179    0.013216    3.380869    3.852451    -4.658077   0.962558    0.889732    0.291305    0.005328    0.960400    0.240100    96.000000   21.000000   11.934250   21.845552   6.145263    8.598138    0.110537    0.005331    16.000000   3.481241    7.000000    21.000000   0.000000    1.000000    0.090100    3702.64000  925.660000  0.106295    0.011370    0.358963    0.954950    0.954950    0.954950    0.000000    0.000000    0.106295    10.666859   3.380869    3.381486    192.000000  3535.84577  0.000000    0.954950    0.954950    0.954950    0.954950    0.954950    0.954950    0.779134    15.451727  
[37m[36mINFO[0m[0m 07/25 01:46:59 | 0.816158    0.826752    0.000000    0.970266    0.106490    0.953545    0.972222    0.985030    0.816158    0.826752    1600        38.323353   7.202163    0.007106    3.359627    3.836540    -4.868932   0.951471    0.881023    0.281793    0.005606    1.000000    0.250000    96.000000   21.000000   11.866870   21.947524   6.170420    8.753649    0.119228    0.005608    16.000000   3.465926    7.000000    21.000000   0.000000    1.000000    0.110100    3704.08000  926.020000  0.101899    0.012406    0.368486    0.944950    0.944950    0.944950    0.000000    0.000000    0.101899    10.205839   3.359627    3.360328    192.000000  3500.08855  0.000000    0.944950    0.944950    0.944950    0.944950    0.944950    0.944950    0.767803    15.198953  
[37m[36mINFO[0m[0m 07/25 01:48:35 | 0.762723    0.773248    0.000000    0.970407    0.110788    0.953545    0.978632    0.979042    0.762723    0.773248    1700        40.718563   7.200786    0.004446    3.359032    3.840340    -5.023083   0.943870    0.875308    0.274248    0.005874    1.000000    0.250000    96.000000   21.000000   11.826958   21.560195   6.193734    8.846107    0.124892    0.005876    16.000000   3.451301    7.000000    21.000000   0.000000    1.000000    0.130100    3711.20000  927.800000  0.103974    0.012675    0.373174    0.934950    0.934950    0.934950    0.000000    0.000000    0.103974    10.072486   3.359032    3.359881    192.000000  3469.86169  0.000000    0.934950    0.934950    0.934950    0.934950    0.934950    0.934950    0.778628    15.530196  
[37m[36mINFO[0m[0m 07/25 01:50:10 | 0.784351    0.793631    0.000000    0.965032    0.159116    0.951100    0.967949    0.976048    0.784351    0.793631    1800        43.113772   7.182013    0.005776    3.356180    3.824726    -5.146064   0.935734    0.869377    0.265429    0.006118    1.000000    0.250000    96.000000   21.000000   11.829942   21.733430   6.181227    8.842815    0.130854    0.006120    16.000000   3.437907    7.000000    21.000000   0.000000    1.000000    0.150100    3653.20000  913.300000  0.104758    0.013268    0.372020    0.924950    0.924950    0.924955    0.000000    0.000000    0.104758    9.904253    3.356180    3.357177    192.000000  3379.05923  0.000000    0.924950    0.924950    0.924950    0.924950    0.924950    0.924950    0.757194    15.185876  
[37m[36mINFO[0m[0m 07/25 01:51:46 | 0.774491    0.785987    0.000000    0.962081    0.166522    0.948655    0.961538    0.976048    0.774491    0.785987    1900        45.508982   7.194939    0.013903    3.371051    3.815664    -5.205534   0.927385    0.862751    0.258535    0.006358    1.000000    0.250000    96.000000   21.000000   11.897321   21.560910   6.097013    8.767099    0.137550    0.006360    16.000000   3.424896    7.000000    21.000000   0.000000    1.000000    0.170100    3679.36000  919.840000  0.117184    0.014086    0.387307    0.914950    0.914950    0.914950    0.000000    0.000000    0.117184    10.042748   3.371051    3.372182    192.000000  3366.46341  0.000000    0.914950    0.914950    0.914950    0.914950    0.914950    0.914950    0.778115    15.794169  
[37m[36mINFO[0m[0m 07/25 01:53:20 | 0.738232    0.738854    0.000000    0.959068    0.162263    0.941320    0.950855    0.985030    0.738232    0.738854    2000        47.904192   7.195124    0.012600    3.375070    3.814657    -5.317043   0.919221    0.857029    0.248765    0.006601    1.000000    0.250000    96.000000   21.000000   11.878540   21.764409   6.081891    8.875200    0.143338    0.006603    16.000000   3.412210    7.000000    21.000000   0.000000    1.000000    0.190100    3675.28000  918.820000  0.118031    0.014089    0.399321    0.904950    0.904950    0.904950    0.000000    0.000000    0.118031    10.319632   3.375070    3.376454    192.000000  3325.94048  0.000000    0.904950    0.904950    0.904950    0.904950    0.904950    0.904950    0.753086    15.953374  
[37m[36mINFO[0m[0m 07/25 01:54:58 | 0.806934    0.814013    0.000000    0.958108    0.163535    0.938875    0.959402    0.976048    0.806934    0.814013    2100        50.299401   7.203823    0.014258    3.379320    3.818773    -5.414611   0.912219    0.851491    0.242912    0.006837    1.000000    0.250000    96.000000   21.000000   11.922929   22.110376   6.129402    8.725214    0.148845    0.006840    16.000000   3.400033    7.000000    21.000000   0.000000    1.000000    0.200000    3696.24000  924.060000  0.124310    0.015117    0.411992    0.900000    0.900000    0.900135    0.000000    0.000000    0.124310    10.178983   3.379320    3.380750    192.000000  3326.61732  0.000000    0.900001    0.900000    0.900001    0.900000    0.900000    0.900000    0.781086    16.536129  
[37m[36mINFO[0m[0m 07/25 01:56:30 | 0.773537    0.763057    0.000000    0.962065    0.131378    0.958435    0.948718    0.979042    0.773537    0.763057    2200        52.694611   7.205380    0.018275    3.380761    3.815941    -5.488652   0.905662    0.846602    0.236241    0.007082    1.000000    0.250000    96.000000   21.000000   11.913811   21.879905   6.157328    8.834857    0.153622    0.007084    16.000000   3.387664    7.000000    21.000000   0.000000    1.000000    0.200000    3715.60000  928.900000  0.133552    0.015822    0.429315    0.900001    0.900000    0.900237    0.000000    0.000000    0.133552    10.302421   3.380761    3.382211    192.000000  3344.04271  0.000000    0.900002    0.900000    0.900002    0.900000    0.900000    0.900000    0.660661    16.434094  
[37m[36mINFO[0m[0m 07/25 01:58:04 | 0.795802    0.785987    0.000000    0.959899    0.159784    0.933985    0.963675    0.982036    0.795802    0.785987    2300        55.089820   7.169144    0.014362    3.367851    3.798406    -5.651731   0.900696    0.842722    0.231895    0.007336    1.000000    0.250000    96.000000   21.000000   11.883183   21.521747   6.156241    8.856706    0.157654    0.007338    16.000000   3.375212    7.000000    21.000000   0.000000    1.000000    0.200000    3638.16000  909.540000  0.132067    0.015939    0.435813    0.900001    0.900000    0.900208    0.000000    0.000000    0.132067    9.918436    3.367851    3.369283    192.000000  3274.34586  0.000000    0.900001    0.900001    0.900001    0.900000    0.900001    0.900000    0.753059    16.330940  
[37m[36mINFO[0m[0m 07/25 01:59:40 | 0.821565    0.828025    0.000000    0.972608    0.104105    0.958435    0.974359    0.985030    0.821565    0.828025    2400        57.485030   7.136958    0.005943    3.356970    3.786928    -5.763988   0.894996    0.838384    0.226449    0.007578    1.000000    0.250000    96.000000   21.000000   11.813022   21.882146   6.155220    8.890146    0.161841    0.007581    16.000000   3.363424    7.000000    21.000000   0.000000    1.000000    0.200000    3673.52000  918.380000  0.130410    0.015611    0.438100    0.900002    0.900000    0.900394    0.000000    0.000000    0.130410    9.877873    3.356970    3.358370    192.000000  3306.17440  0.000000    0.900003    0.900001    0.900003    0.900000    0.900001    0.900000    0.761885    16.306390  
[37m[36mINFO[0m[0m 07/25 02:01:15 | 0.817112    0.808917    0.000000    0.971550    0.108242    0.953545    0.970085    0.991018    0.817112    0.808917    2500        59.880240   7.108410    0.001947    3.345401    3.776201    -5.971576   0.891368    0.835503    0.223461    0.007816    1.000000    0.250000    96.000000   21.000000   11.669541   21.394541   6.164109    8.864122    0.164617    0.007818    16.000000   3.351963    7.000000    21.000000   0.000000    1.000000    0.200000    3688.96000  922.240000  0.119542    0.014629    0.415205    0.900002    0.900000    0.900394    0.000000    0.000000    0.119542    9.159774    3.345401    3.346654    192.000000  3320.07077  0.000000    0.900006    0.900000    0.900006    0.900001    0.900000    0.900001    0.759850    16.430586  
[37m[36mINFO[0m[0m 07/25 02:02:51 | 0.776718    0.788535    0.000000    0.961304    0.181836    0.943765    0.970085    0.970060    0.776718    0.788535    2600        62.275449   7.108136    0.001835    3.345510    3.777516    -6.103745   0.886076    0.831337    0.218954    0.008047    1.000000    0.250000    96.000000   21.000000   11.719552   21.468892   6.109656    8.639864    0.168780    0.008049    16.000000   3.340878    7.000000    21.000000   0.000000    1.000000    0.200000    3710.96000  927.740000  0.117431    0.015742    0.416754    0.900001    0.900000    0.900266    0.000000    0.000000    0.117431    9.135108    3.345510    3.346822    192.000000  3339.86711  0.000000    0.900002    0.900000    0.900002    0.900001    0.900000    0.900001    0.767822    15.338912  
[37m[36mINFO[0m[0m 07/25 02:04:27 | 0.798346    0.803822    0.000000    0.967904    0.121505    0.958435    0.972222    0.973054    0.798346    0.803822    2700        64.670659   7.102467    0.002479    3.344460    3.773189    -6.175393   0.881679    0.828417    0.213046    0.008271    1.000000    0.250000    96.000000   21.000000   11.727781   21.636782   6.126364    8.557919    0.171698    0.008273    16.000000   3.330197    7.000000    21.000000   0.000000    1.000000    0.200000    3673.20000  918.300000  0.122536    0.015808    0.429247    0.900001    0.900000    0.900284    0.000000    0.000000    0.122536    9.137899    3.344460    3.345848    192.000000  3305.88238  0.000000    0.900002    0.900000    0.900002    0.900001    0.900000    0.900001    0.776386    15.352883  
[37m[36mINFO[0m[0m 07/25 02:06:03 | 0.814885    0.808917    0.000000    0.975522    0.092113    0.963325    0.972222    0.991018    0.814885    0.808917    2800        67.065868   7.100488    0.001139    3.345169    3.773747    -6.331602   0.874791    0.823797    0.203973    0.008487    1.000000    0.250000    96.000000   21.000000   11.720032   21.114075   6.140664    8.742258    0.176280    0.008489    16.000000   3.320000    7.000000    21.000000   0.000000    1.000000    0.200000    3727.28000  931.820000  0.118188    0.016248    0.412283    0.900000    0.900000    0.900174    0.000000    0.000000    0.118188    8.749740    3.345169    3.346532    192.000000  3354.55348  0.000000    0.900001    0.900000    0.900001    0.900000    0.900000    0.900000    0.764096    15.801490  
[37m[36mINFO[0m[0m 07/25 02:07:40 | 0.803753    0.824204    0.000000    0.970978    0.111877    0.953545    0.974359    0.985030    0.803753    0.824204    2900        69.461078   7.108812    0.003122    3.349620    3.776674    -6.413361   0.870414    0.821298    0.196467    0.008703    1.000000    0.250000    96.000000   21.000000   11.709260   21.306313   6.094201    8.922711    0.178857    0.008705    16.000000   3.309978    7.000000    21.000000   0.000000    1.000000    0.200000    3709.36000  927.340000  0.125688    0.016257    0.410566    0.900000    0.900000    0.900203    0.000000    0.000000    0.125688    8.726750    3.349620    3.350929    192.000000  3338.42581  0.000000    0.900001    0.900000    0.900001    0.900001    0.900000    0.900001    0.774780    15.716437  
[37m[36mINFO[0m[0m 07/25 02:09:16 | 0.810433    0.789809    0.000000    0.959408    0.163044    0.929095    0.970085    0.979042    0.810433    0.789809    3000        71.856287   7.160634    0.020323    3.385428    3.774978    -6.343738   0.866649    0.818379    0.193079    0.008908    1.000000    0.250000    96.000000   21.000000   11.891826   21.647087   6.035148    8.757929    0.182051    0.008911    16.000000   3.300574    7.000000    21.000000   0.000000    1.000000    0.200000    3665.76000  916.440000  0.150334    0.017371    0.464602    0.900008    0.900000    0.901389    0.000000    0.000000    0.150334    9.620825    3.385428    3.387038    192.000000  3299.21331  0.000000    0.900019    0.900004    0.900019    0.900002    0.900004    0.900002    0.770048    16.052512  
[37m[36mINFO[0m[0m 07/25 02:10:53 | 0.778308    0.774522    0.000000    0.955278    0.154893    0.946210    0.961538    0.958084    0.778308    0.774522    3100        74.251497   7.200244    0.030738    3.405611    3.783534    -6.270031   0.861051    0.812444    0.194426    0.009114    1.000000    0.250000    96.000000   21.000000   11.989902   21.651192   6.043515    8.792496    0.188144    0.009116    16.000000   3.291477    7.000000    21.000000   0.000000    1.000000    0.200000    3696.72000  924.180000  0.171459    0.017788    0.489460    0.900024    0.900000    0.903175    0.000000    0.000000    0.171459    10.138199   3.405611    3.407134    192.000000  3327.13780  0.000000    0.900036    0.900012    0.900036    0.900027    0.900012    0.900027    0.791270    15.965773  
[37m[36mINFO[0m[0m 07/25 02:12:27 | 0.817112    0.803822    0.000000    0.970958    0.127563    0.963325    0.976496    0.973054    0.817112    0.803822    3200        76.646707   7.130301    0.013506    3.368466    3.769721    -6.434194   0.858807    0.810830    0.191911    0.009312    1.000000    0.250000    96.000000   21.000000   11.881399   21.630469   6.112126    8.956238    0.189396    0.009314    16.000000   3.282794    7.000000    21.000000   0.000000    1.000000    0.200000    3691.60000  922.900000  0.160229    0.017706    0.497737    0.900021    0.900000    0.903797    0.000000    0.000000    0.160229    9.735138    3.368466    3.369762    192.000000  3322.51817  0.000000    0.900028    0.900012    0.900028    0.900024    0.900012    0.900024    0.674318    16.316187  
[37m[36mINFO[0m[0m 07/25 02:13:59 | 0.826336    0.801274    0.000000    0.970288    0.113515    0.960880    0.967949    0.982036    0.826336    0.801274    3300        79.041916   7.139921    0.015151    3.373859    3.773914    -6.561811   0.852116    0.805876    0.184962    0.009492    1.000000    0.250000    96.000000   21.000000   11.929282   21.752322   6.168196    9.242729    0.194477    0.009494    16.000000   3.274795    7.000000    21.000000   0.000000    1.000000    0.200000    3713.92000  928.480000  0.153274    0.018303    0.495179    0.900026    0.900000    0.904363    0.000000    0.000000    0.153274    9.614174    3.373859    3.375153    192.000000  3342.62209  0.000000    0.900044    0.900018    0.900044    0.900016    0.900018    0.900016    0.665383    16.397354  
[37m[36mINFO[0m[0m 07/25 02:15:35 | 0.813931    0.792357    0.000000    0.965870    0.135150    0.960880    0.963675    0.973054    0.813931    0.792357    3400        81.437126   7.091269    0.005120    3.356136    3.754032    -6.661011   0.851614    0.806699    0.179660    0.009667    1.000000    0.250000    96.000000   21.000000   11.892150   22.242750   6.196327    9.026954    0.193559    0.009669    16.000000   3.267004    7.000000    21.000000   0.000000    1.000000    0.200000    3695.52000  923.880000  0.150062    0.016928    0.490044    0.900019    0.900000    0.903469    0.000000    0.000000    0.150062    9.185340    3.356136    3.357414    192.000000  3326.03840  0.000000    0.900035    0.900011    0.900035    0.900011    0.900011    0.900011    0.760290    16.658683  
[37m[36mINFO[0m[0m 07/25 02:17:10 | 0.748728    0.760510    0.000000    0.965318    0.171676    0.951100    0.965812    0.979042    0.748728    0.760510    3500        83.832335   7.085978    0.005805    3.358325    3.746535    -6.710000   0.848063    0.803420    0.178569    0.009827    1.000000    0.250000    96.000000   21.000000   11.895328   22.035599   6.172559    8.916405    0.196811    0.009829    16.000000   3.259719    7.000000    21.000000   0.000000    1.000000    0.200000    3668.32000  917.080000  0.149210    0.017630    0.498467    0.900023    0.900000    0.904523    0.000000    0.000000    0.149210    9.685323    3.358325    3.359692    192.000000  3301.57416  0.000000    0.900046    0.900015    0.900046    0.900009    0.900015    0.900009    0.764682    16.691015  
[37m[36mINFO[0m[0m 07/25 02:18:50 | 0.809160    0.817834    0.000000    0.955320    0.210552    0.943765    0.955128    0.967066    0.809160    0.817834    3600        86.227545   7.057258    0.002537    3.342825    3.737954    -6.832547   0.845149    0.800970    0.176713    0.009989    1.000000    0.250000    96.000000   21.000000   11.897311   21.810501   6.160613    8.911504    0.199189    0.009990    16.000000   3.252514    7.000000    21.000000   0.000000    1.000000    0.200000    3655.28000  913.820000  0.144039    0.017119    0.481513    0.900010    0.900000    0.902505    0.000000    0.000000    0.144039    9.508457    3.342825    3.344034    192.000000  3289.78928  0.000000    0.900017    0.900004    0.900017    0.900009    0.900004    0.900009    0.794320    17.169002  
[37m[36mINFO[0m[0m 07/25 02:20:30 | 0.802481    0.788535    0.000000    0.969775    0.105408    0.948655    0.978632    0.982036    0.802481    0.788535    3700        88.622754   7.084109    0.007246    3.351831    3.752204    -6.929410   0.842226    0.799369    0.171427    0.010147    1.000000    0.250000    96.000000   21.000000   11.934768   21.804671   6.192248    8.865132    0.200888    0.010148    16.000000   3.245428    7.000000    21.000000   0.000000    1.000000    0.200000    3652.08000  913.020000  0.147147    0.017321    0.508010    0.900043    0.900000    0.905858    0.000000    0.000000    0.147147    9.221378    3.351831    3.353096    192.000000  3287.02953  0.000000    0.900086    0.900017    0.900086    0.900021    0.900017    0.900021    0.798077    16.785543  
[37m[36mINFO[0m[0m 07/25 02:22:07 | 0.818066    0.819108    0.000000    0.971324    0.105578    0.958435    0.976496    0.979042    0.818066    0.819108    3800        91.017964   7.075046    0.002760    3.348582    3.752170    -7.050443   0.840581    0.798774    0.167231    0.010282    1.000000    0.250000    96.000000   21.000000   11.822693   21.593859   6.211724    8.933162    0.201388    0.010283    16.000000   3.239062    7.000000    21.000000   0.000000    1.000000    0.200000    3697.60000  924.400000  0.143241    0.016988    0.498879    0.900025    0.900000    0.904485    0.000000    0.000000    0.143241    9.025846    3.348582    3.349784    192.000000  3327.93101  0.000000    0.900057    0.900007    0.900057    0.900008    0.900007    0.900008    0.783575    15.790459  
[37m[36mINFO[0m[0m 07/25 02:23:43 | 0.767176    0.771975    0.000000    0.972733    0.098610    0.968215    0.967949    0.982036    0.767176    0.771975    3900        93.413174   7.069698    0.002359    3.350202    3.746693    -7.149009   0.838502    0.797871    0.162522    0.010404    1.000000    0.250000    96.000000   21.000000   11.766039   21.462178   6.166331    8.808197    0.202260    0.010405    16.000000   3.233074    7.000000    21.000000   0.000000    1.000000    0.200000    3696.88000  924.220000  0.141117    0.018163    0.487029    0.900017    0.900000    0.903757    0.000000    0.000000    0.141117    8.738160    3.350202    3.351490    192.000000  3327.25592  0.000000    0.900034    0.900009    0.900034    0.900009    0.900009    0.900009    0.769629    15.434428  
[37m[36mINFO[0m[0m 07/25 02:25:22 | 0.825700    0.833121    0.000000    0.969143    0.107106    0.943765    0.978632    0.985030    0.825700    0.833121    4000        95.808383   7.055957    0.000877    3.345845    3.739494    -7.211935   0.836985    0.796652    0.161331    0.010511    1.000000    0.250000    96.000000   21.000000   11.761142   21.409670   6.147531    8.707698    0.203451    0.010512    16.000000   3.227677    7.000000    21.000000   0.000000    1.000000    0.200000    3703.60000  925.900000  0.137244    0.017288    0.476373    0.900011    0.900000    0.903012    0.000000    0.000000    0.137244    8.783236    3.345845    3.347013    192.000000  3333.28215  0.000000    0.900022    0.900007    0.900022    0.900005    0.900007    0.900005    0.801844    15.841120  
[37m[36mINFO[0m[0m 07/25 02:26:56 | 0.837150    0.828025    0.000000    0.973850    0.099038    0.960880    0.978632    0.982036    0.837150    0.828025    4100        98.203593   7.048195    0.001235    3.342409    3.736161    -7.341509   0.835900    0.796543    0.157425    0.010610    1.000000    0.250000    96.000000   21.000000   11.691305   21.296221   6.114949    8.772688    0.203548    0.010611    16.000000   3.222582    7.000000    21.000000   0.000000    1.000000    0.200000    3658.56000  914.640000  0.135428    0.018725    0.467663    0.900008    0.900000    0.901899    0.000000    0.000000    0.135428    8.618751    3.342409    3.343646    192.000000  3292.73189  0.000000    0.900015    0.900003    0.900015    0.900004    0.900003    0.900004    0.742587    15.489866  
[37m[36mINFO[0m[0m 07/25 02:28:33 | 0.844466    0.847134    0.000000    0.974033    0.096604    0.958435    0.978632    0.985030    0.844466    0.847134    4200        100.598802  7.041086    0.000450    3.340867    3.732656    -7.459958   0.834023    0.794787    0.156943    0.010698    1.000000    0.250000    96.000000   21.000000   11.665881   21.515390   6.095186    8.688093    0.205274    0.010699    16.000000   3.217829    7.000000    21.000000   0.000000    1.000000    0.200000    3695.52000  923.880000  0.133138    0.018356    0.457215    0.900004    0.900000    0.901355    0.000000    0.000000    0.133138    8.577026    3.340867    3.342117    192.000000  3325.98210  0.000000    0.900008    0.900003    0.900008    0.900000    0.900003    0.900000    0.786046    15.531030  
[37m[36mINFO[0m[0m 07/25 02:30:08 | 0.814885    0.836943    0.000000    0.956376    0.165423    0.931540    0.961538    0.976048    0.814885    0.836943    4300        102.994012  7.124513    0.018086    3.386894    3.752266    -7.417240   0.828565    0.790253    0.153249    0.010783    1.000000    0.250000    96.000000   21.000000   11.786944   21.532227   6.083884    8.743712    0.210057    0.010783    16.000000   3.213327    7.000000    21.000000   0.000000    1.000000    0.200000    3737.44000  934.360000  0.161583    0.020243    0.486566    0.900011    0.900000    0.902545    0.000000    0.000000    0.161583    8.750515    3.386894    3.388396    192.000000  3363.73562  0.000000    0.900022    0.900006    0.900022    0.900005    0.900006    0.900005    0.760243    15.699982  
[37m[36mINFO[0m[0m 07/25 02:31:41 | 0.777036    0.768153    0.000000    0.947233    0.190632    0.941320    0.957265    0.943114    0.777036    0.768153    4400        105.389222  7.146990    0.023480    3.392781    3.762417    -7.301395   0.826307    0.788482    0.151297    0.010862    1.000000    0.250000    96.000000   21.000000   12.006897   22.275056   6.064507    8.799210    0.211956    0.010863    16.000000   3.208987    7.000000    21.000000   0.000000    1.000000    0.200000    3714.80000  928.700000  0.179497    0.021667    0.536999    0.900064    0.900000    0.908895    0.000000    0.000000    0.179497    9.709873    3.392781    3.394234    192.000000  3343.55616  0.000000    0.900094    0.900048    0.900094    0.900050    0.900048    0.900050    0.725453    15.751517  
[37m[36mINFO[0m[0m 07/25 02:32:47 | 0.776081    0.765605    0.000000    0.948594    0.182213    0.919315    0.959402    0.967066    0.776081    0.765605    4500        107.784431  7.108700    0.015106    3.378064    3.747665    -7.341039   0.825274    0.786641    0.154533    0.010941    1.000000    0.250000    96.000000   21.000000   11.911217   21.663797   6.104967    9.039631    0.213638    0.010942    16.000000   3.204695    7.000000    21.000000   0.000000    1.000000    0.200000    3716.56000  929.140000  0.179229    0.020328    0.554501    0.900118    0.900000    0.911767    0.000000    0.000000    0.179229    10.054296   3.378064    3.379401    192.000000  3345.34466  0.000000    0.900195    0.900093    0.900195    0.900063    0.900093    0.900063    0.496620    14.041860  
[37m[36mINFO[0m[0m 07/25 02:33:47 | 0.814885    0.812739    0.000000    0.966662    0.125967    0.955990    0.967949    0.976048    0.814885    0.812739    4600        110.179641  7.067029    0.009257    3.357584    3.733449    -7.455887   0.825736    0.787534    0.152807    0.011013    1.000000    0.250000    96.000000   21.000000   11.895287   22.069736   6.195054    9.313922    0.212767    0.011013    16.000000   3.200654    7.000000    21.000000   0.000000    1.000000    0.200000    3650.56000  912.640000  0.169304    0.019034    0.533532    0.900077    0.900000    0.908636    0.000000    0.000000    0.169304    9.414616    3.357584    3.358803    192.000000  3285.78886  0.000000    0.900128    0.900025    0.900128    0.900081    0.900025    0.900081    0.444287    12.915791  
[37m[36mINFO[0m[0m 07/25 02:34:47 | 0.819020    0.821656    0.000000    0.967660    0.108926    0.955990    0.967949    0.979042    0.819020    0.821656    4700        112.574850  7.026927    0.001251    3.342631    3.717899    -7.608433   0.824395    0.787236    0.148636    0.011077    1.000000    0.250000    96.000000   21.000000   11.823186   21.836002   6.240829    9.340893    0.212866    0.011078    16.000000   3.196854    7.000000    21.000000   0.000000    1.000000    0.200000    3665.76000  916.440000  0.150352    0.017735    0.502988    0.900022    0.900000    0.904692    0.000000    0.000000    0.150352    9.111642    3.342631    3.343793    192.000000  3299.26269  0.000000    0.900032    0.900012    0.900032    0.900021    0.900012    0.900021    0.446082    13.127528  
[37m[36mINFO[0m[0m 07/25 02:35:47 | 0.805344    0.808917    0.000000    0.968639    0.109832    0.965770    0.970085    0.970060    0.805344    0.808917    4800        114.970060  7.037597    0.002483    3.348604    3.722498    -7.701048   0.820200    0.784495    0.142821    0.011140    1.000000    0.250000    96.000000   21.000000   11.871632   21.126411   6.213470    9.204625    0.215611    0.011140    16.000000   3.193108    7.000000    21.000000   0.000000    1.000000    0.200000    3692.16000  923.040000  0.145086    0.019012    0.490609    0.900022    0.900000    0.903943    0.000000    0.000000    0.145086    8.744545    3.348604    3.349863    192.000000  3323.02399  0.000000    0.900041    0.900013    0.900041    0.900012    0.900013    0.900012    0.445456    13.156788  
[37m[36mINFO[0m[0m 07/25 02:36:47 | 0.819975    0.802548    0.000000    0.976661    0.088455    0.963325    0.978632    0.988024    0.819975    0.802548    4900        117.365269  7.029797    0.001268    3.345161    3.720554    -7.816390   0.819352    0.783694    0.142630    0.011200    1.000000    0.250000    96.000000   21.000000   11.780804   21.549878   6.142681    9.057948    0.216385    0.011200    16.000000   3.189505    7.000000    21.000000   0.000000    1.000000    0.200000    3687.04000  921.760000  0.142884    0.019006    0.478003    0.900011    0.900000    0.902683    0.000000    0.000000    0.142884    8.673758    3.345161    3.346399    192.000000  3318.37594  0.000000    0.900023    0.900008    0.900023    0.900003    0.900008    0.900003    0.445613    13.251437  
[37m[36mINFO[0m[0m 07/25 02:37:47 | 0.814567    0.812739    0.000000    0.971831    0.107251    0.953545    0.982906    0.979042    0.814567    0.812739    5000        119.760479  7.007724    0.000994    3.340730    3.704060    -7.906065   0.819774    0.783648    0.144502    0.011257    1.000000    0.250000    96.000000   21.000000   11.747606   21.727639   6.101780    8.965872    0.216439    0.011257    16.000000   3.186040    7.000000    21.000000   0.000000    1.000000    0.200000    3671.92000  917.980000  0.140397    0.018127    0.459799    0.900004    0.900000    0.901267    0.000000    0.000000    0.140397    8.709803    3.340730    3.341975    192.000000  3304.74200  0.000000    0.900008    0.900003    0.900008    0.900001    0.900003    0.900001    0.443410    13.360227  
[37m[36mINFO[0m[0m 07/25 02:37:47 | ---
[37m[33mWARNING[0m[0m 07/25 02:37:47 | Evaluate SWAD ...
[37m[36mINFO[0m[0m 07/25 02:38:01 | 0.835560    0.840764    0.000000    0.980104    0.078173    0.970660    0.978632    0.991018    0.835560    0.840764    [101-5000]  (N=50)
[37m[36mINFO[0m[0m 07/25 02:38:01 | oracle = 84.447%
[37m[36mINFO[0m[0m 07/25 02:38:01 | iid = 81.997%
[37m[36mINFO[0m[0m 07/25 02:38:01 | last = 81.457%
[37m[36mINFO[0m[0m 07/25 02:38:01 | last (inD) = 97.183%
[37m[36mINFO[0m[0m 07/25 02:38:01 | iid (inD) = 97.666%
[37m[36mINFO[0m[0m 07/25 02:38:01 | SWAD = 83.556%
[37m[36mINFO[0m[0m 07/25 02:38:01 | SWAD (inD) = 98.010%
[37m[36mINFO[0m[0m 07/25 02:38:02 | === Summary ===
[37m[36mINFO[0m[0m 07/25 02:38:02 | Command: train_all.py pacs1_piccl_reliable_a --dataset PACS --algorithm PICCL --model resnet50 --data_dir /home/hooasia/lgg/data/repro_dccl_data --output_root train_output/PACS5 --steps 5000 --checkpoint_freq 100 --seed 0 --trial_seed 0 --deterministic --weight_decay 0.0 --t 0.1 --use_piccl true --piccl_rank 16 --piccl_beta_max 0.25 --piccl_residual_scale 0.25 --piccl_isr_weight 0.05 --piccl_orth_weight 0.001 --piccl_warmup_ratio 0.05 --piccl_ramp_ratio 0.25 --piccl_use_reliable_contrast true --piccl_reliable_contrast_min_weight 0.5 --piccl_reliable_contrast_gamma_max 0.2 --piccl_reliable_contrast_warmup_steps 1000 --piccl_reliable_contrast_ramp_steps 1000 --piccl_reliable_contrast_min_delta_norm 1e-6
[37m[36mINFO[0m[0m 07/25 02:38:02 | Unique name: 260724_21-13-26_pacs1_piccl_reliable_a
[37m[36mINFO[0m[0m 07/25 02:38:02 | Out path: train_output/PACS5/260724_21-13-26_pacs1_piccl_reliable_a
[37m[36mINFO[0m[0m 07/25 02:38:02 | Algorithm: PICCL
[37m[36mINFO[0m[0m 07/25 02:38:02 | Dataset: PACS
+------------+---------+---------+---------+---------+---------+
| Selection  |   env0  |   env1  |   env2  |   env3  |   Avg.  |
+------------+---------+---------+---------+---------+---------+
|   oracle   | 88.103% | 85.075% | 97.680% | 84.447% | 88.826% |
|    iid     | 83.771% | 80.117% | 96.707% | 81.997% | 85.648% |
|    last    | 83.038% | 80.011% | 96.257% | 81.457% | 85.191% |
| last (inD) | 97.258% | 96.136% | 95.611% | 97.183% | 96.547% |
| iid (inD)  | 97.912% | 96.983% | 96.759% | 97.666% | 97.330% |
|    SWAD    | 90.970% | 83.049% | 98.278% | 83.556% | 88.963% |
| SWAD (inD) | 98.125% | 97.554% | 97.691% | 98.010% | 97.845% |
+------------+---------+---------+---------+---------+---------+
