[37m[36mINFO[0m[0m 09/03 20:21:40 | Command :: train_all.py vlcs_stochastic_diverse_prompts_aug0 --dataset VLCS --algorithm CIPTDCCL --data_dir /home/hooasia/lgg/data/repro_dccl_data --deterministic --trial_seed 0 --seed 0 --checkpoint_freq 100 --cipt_clip_path /home/hooasia/.cache/clip/ViT-B-16.pt --cipt_beta 4 --cipt_gamma 5 --cipt_k 4 --cipt_prompt_length 16 --cipt_prompt_init a photo of a --cipt_template_mode b5c --cipt_prompt_temperature 0.1 --cipt_causal_contrastive_weight 1 --cipt_contrastive_warmup_steps 500 --cipt_aug_decomp_weight 0 --output_root train_output/VLCS_stochastic_diverse
Environment:
	Python: 3.10.20
	PyTorch: 2.5.1+cu121
	Torchvision: 0.20.1+cu121
	CUDA: 12.1
	CUDNN: 90100
	NumPy: 2.2.6
	PIL: 12.0.0
Args:
	TN: False
	algorithm: CIPTDCCL
	aug: 0
	checkpoint_freq: 100
	cipt_beta: 4.0
	cipt_clip_backbone: ViT-B/16
	cipt_clip_path: /home/hooasia/.cache/clip/ViT-B-16.pt
	cipt_contrastive_weight: 1.0
	cipt_debug_shapes: False
	cipt_enabled: True
	cipt_gamma: 5.0
	cipt_k: 4
	cipt_prompt_init: a photo of a
	cipt_prompt_length: 16
	cipt_tda_heads: 1
	configs: []
	data_dir: /home/hooasia/lgg/data/repro_dccl_data
	dataset: VLCS
	debug: False
	deterministic: True
	domainnet_auto_source_count: 3
	erm_baseline: weak
	evalmode: fast
	holdout_fraction: 0.2
	l: 1
	l_d: None
	l_layer: None
	label_ratio: 1.0
	lamda: 5
	log: False
	mix: 0
	model: resnet50
	model_save: None
	n_layer: 1
	name: vlcs_stochastic_diverse_prompts_aug0
	out_dir: train_output/VLCS_stochastic_diverse/VLCS/260903_20-21-38_vlcs_stochastic_diverse_prompts_aug0
	out_root: train_output/VLCS_stochastic_diverse/VLCS
	output_root: train_output/VLCS_stochastic_diverse
	pos_mask: False
	prebuild_loader: False
	re_w: False
	sample_d: False
	seed: 0
	show: False
	source_envs: None
	start_epoch: 1000
	steps: None
	sup: True
	t: 0.1
	t_pre: 0.2
	target_env: None
	tb_freq: 10
	test_envs: None
	trial_seed: 0
	two_ce: False
	unique_name: 260903_20-21-38_vlcs_stochastic_diverse_prompts_aug0
	weak_erm: False
	work_dir: .
HParams:
	data_augmentation: True
	val_augment: False
	resnet18: False
	resnet_dropout: 0.0
	class_balanced: False
	optimizer: adam
	cipt_enabled: True
	cipt_clip_backbone: ViT-B/16
	cipt_clip_path: /home/hooasia/.cache/clip/ViT-B-16.pt
	cipt_beta: 4.0
	cipt_gamma: 5.0
	cipt_k: 4
	cipt_prompt_length: 16
	cipt_prompt_init: a photo of a
	[36mcipt_template_mode: b5c
	[0mcipt_tda_heads: 1
	cipt_contrastive_weight: 1.0
	cipt_debug_shapes: False
	freeze_bn: True
	pretrained: True
	lr: 5e-05
	batch_size: 32
	weight_decay: 0.0
	t: 0.1
	t_pre: 0.2
	l: 1
	l_d: 0.05
	l_layer: 1
	n_layer: 1
	sup: True
	two_ce: False
	sample_d: False
	re_w: False
	pos_mask: False
	mix: 0
	aug: 0
	model: resnet50
	label_ratio: 1.0
	TN: False
	lamda: 5
	start_epoch: 1000
	log: False
	swad: None
	swad_kwargs: 
	  n_converge: 3
	  n_tolerance: 6
	  tolerance_ratio: 0.3
	test_batchsize: 128
	indomain_test: False
	cipt_pure: False
	[36mcipt_prompt_temperature: 0.1
	[0m[36mcipt_causal_contrastive_weight: 1
	[0m[36mcipt_contrastive_warmup_steps: 500
	[0m[36mcipt_aug_decomp_weight: 0[0m
Dataset:
	[VLCS] #envs=4, #classes=5
	env0: CALTECH (#1415)
	env1: LABELME (#2656)
	env2: PASCAL (#3376)
	env3: SUN (#3282)

[37m[36mINFO[0m[0m 09/03 20:26:31 | n_steps = 5001
[37m[36mINFO[0m[0m 09/03 20:26:31 | checkpoint_freq = 100
[37m[36mINFO[0m[0m 09/03 20:26:31 | n_steps is updated to 5001 => 5001 for checkpointing
[37m[36mINFO[0m[0m 09/03 20:26:31 | Target test envs = [[0], [1], [2], [3]]
[37m[36mINFO[0m[0m 09/03 20:26:31 | 
[37m[36mINFO[0m[0m 09/03 20:27:54 | Testenv name escaping te_CALTECH -> te_CALTECH
[37m[36mINFO[0m[0m 09/03 20:27:54 | Test envs = [0], name = te_CALTECH
[37m[36mINFO[0m[0m 09/03 20:27:54 | Batch sizes for each domain: [0, 32, 32, 32] (total=96)
[37m[36mINFO[0m[0m 09/03 20:27:54 | steps-per-epoch for each domain: 66.41, 84.41, 82.06 -> min = 66.41
[37m[36mINFO[0m[0m 09/03 20:28:15 | # of params = 151206401
[37m[36mINFO[0m[0m 09/03 20:29:12 | test_in     test_out    train_in    train_out   tr_outloss  env0_in     env0_out    env1_out    env2_out    env3_out    step        epoch       total_loss  cipt_base_  cipt_cls_l  cipt_de_lo  cipt_de_or  cipt_de_au  aug_decomp  cipt_ind_l  causal_con  dccl_contr  contrastiv  pre_cl_los  reg_loss    mean_e_nor  mean_e_aug  mean_e_aug  mean_s_nor  mean_s_aug  mean_es_co  mean_e_aug  step_time   eval_time  
[37m[36mINFO[0m[0m 09/03 20:29:12 | 0.984099    0.982332    0.000000    0.535321    1.147593    0.984099    0.982332    0.429379    0.640000    0.536585    0           0.000000    9.339263    9.328650    1.184603    1.411012    1.411012    1.411358    0.000000    0.500000    0.000000    5.306592    0.002000    0.000000    0.000000    1.000000    1.000000    0.924073    1.000000    1.000000    1.000000    1.000000    1.830432    55.394856  
[37m[36mINFO[0m[0m 09/03 20:32:16 | 0.998233    0.989399    0.000000    0.840786    0.442160    0.998233    0.989399    0.806026    0.899259    0.817073    100         1.505882    6.157551    5.609653    0.572552    0.683086    0.683086    0.707497    0.000000    0.460951    0.000000    5.331562    0.103000    0.000000    0.000000    0.995728    0.994906    0.921611    1.027289    1.025496    0.959581    0.964032    1.178614    65.777755  
[37m[36mINFO[0m[0m 09/03 20:35:09 | 1.000000    0.992933    0.000000    0.854434    0.400279    1.000000    0.992933    0.806026    0.906667    0.850610    200         3.011765    5.249545    3.653390    0.417983    0.446372    0.446372    0.468582    0.000000    0.289984    0.000000    5.275128    0.303000    0.000000    0.000000    1.006858    1.004104    0.923006    1.128103    1.118169    0.748447    0.769243    1.172239    54.870182  
[37m[36mINFO[0m[0m 09/03 20:37:57 | 1.000000    0.992933    0.000000    0.857322    0.384205    1.000000    0.992933    0.796610    0.914074    0.861280    300         4.517647    5.086264    2.480599    0.398588    0.409641    0.409641    0.435498    0.000000    0.088690    0.000000    5.182960    0.503000    0.000000    0.000000    1.072560    1.064469    0.931115    1.277315    1.256444    0.378556    0.417411    1.147036    53.823469  
[37m[36mINFO[0m[0m 09/03 20:40:54 | 1.000000    0.992933    0.000000    0.856066    0.383105    1.000000    0.992933    0.792844    0.914074    0.861280    400         6.023529    5.674260    2.076253    0.383362    0.388167    0.388167    0.418573    0.000000    0.028044    0.000000    5.119935    0.703000    0.000000    0.000000    1.131575    1.120457    0.937808    1.378913    1.352266    0.166697    0.208749    1.145890    62.360322  
[37m[36mINFO[0m[0m 09/03 20:43:45 | 0.999117    0.992933    0.000000    0.859352    0.376999    0.999117    0.992933    0.811676    0.908148    0.858232    500         7.529412    6.534567    1.943699    0.373625    0.375735    0.375735    0.413710    0.000000    0.013427    0.000000    5.085311    0.902980    0.000000    0.000000    1.166093    1.153388    0.941270    1.434604    1.404229    0.075654    0.118499    1.138245    56.626474  
[37m[36mINFO[0m[0m 09/03 20:46:34 | 0.999117    0.992933    0.000000    0.855331    0.379472    0.999117    0.992933    0.804143    0.906667    0.855183    600         9.035294    6.928603    1.873240    0.365194    0.365769    0.365769    0.402921    0.000000    0.008994    0.000000    5.055363    1.000000    0.000000    0.000000    1.186244    1.173312    0.943560    1.464641    1.433332    0.037913    0.078557    1.145487    54.897104  
[37m[36mINFO[0m[0m 09/03 20:49:23 | 0.992049    0.992933    0.000000    0.850747    0.383817    0.992049    0.992933    0.781544    0.917037    0.853659    700         10.541176   6.824879    1.781837    0.350305    0.349777    0.349777    0.401262    0.000000    0.006484    0.000000    5.043042    1.000000    0.000000    0.000000    1.197491    1.184443    0.945316    1.483785    1.452143    0.020913    0.059127    1.146879    53.869001  
[37m[36mINFO[0m[0m 09/03 20:52:11 | 0.991166    0.985866    0.000000    0.854676    0.380106    0.991166    0.985866    0.794727    0.912593    0.856707    800         12.047059   6.707559    1.694268    0.334531    0.333387    0.333387    0.377766    0.000000    0.005238    0.000000    5.013292    1.000000    0.000000    0.000000    1.202108    1.189644    0.945969    1.496522    1.465486    0.015276    0.050519    1.119327    56.437780  
[37m[36mINFO[0m[0m 09/03 20:55:02 | 0.997350    0.992933    0.000000    0.855153    0.402437    0.997350    0.992933    0.809793    0.909630    0.846037    900         13.552941   6.773419    1.767759    0.353265    0.348061    0.348061    0.395959    0.000000    0.004450    0.000000    5.005660    1.000000    0.000000    0.000000    1.209026    1.195800    0.945971    1.506329    1.474606    0.011232    0.045856    1.160422    54.370269  
[37m[36mINFO[0m[0m 09/03 20:57:51 | 0.997350    0.989399    0.000000    0.865554    0.384330    0.997350    0.989399    0.821092    0.906667    0.868902    1000        15.058824   6.607918    1.617712    0.323322    0.318778    0.318778    0.379429    0.000000    0.003856    0.000000    4.990205    1.000000    0.000000    0.000000    1.212502    1.199634    0.946948    1.515509    1.484573    0.008152    0.040338    1.128098    56.396111  
[37m[36mINFO[0m[0m 09/03 21:00:38 | 0.995583    0.992933    0.000000    0.860967    0.387404    0.995583    0.992933    0.813559    0.911111    0.858232    1100        16.564706   6.628240    1.659473    0.332187    0.327349    0.327349    0.380307    0.000000    0.003578    0.000000    4.968767    1.000000    0.000000    0.000000    1.212804    1.199344    0.946841    1.525127    1.492834    0.006768    0.039022    1.134260    53.682500  
[37m[36mINFO[0m[0m 09/03 21:03:26 | 0.994700    0.992933    0.000000    0.860488    0.387996    0.994700    0.992933    0.813559    0.908148    0.859756    1200        18.070588   6.573655    1.620628    0.322985    0.320297    0.320297    0.381151    0.000000    0.003291    0.000000    4.953026    1.000000    0.000000    0.000000    1.215804    1.202237    0.946770    1.530924    1.499585    0.005401    0.035352    1.130928    54.548549  
[37m[36mINFO[0m[0m 09/03 21:06:12 | 0.984099    0.975265    0.000000    0.853407    0.389098    0.984099    0.975265    0.783427    0.917037    0.859756    1300        19.576471   6.539055    1.588783    0.315683    0.314461    0.314461    0.376840    0.000000    0.003051    0.000000    4.950272    1.000000    0.000000    0.000000    1.217164    1.203555    0.948535    1.538127    1.507661    0.004036    0.032369    1.137743    52.804707  
[37m[36mINFO[0m[0m 09/03 21:09:01 | 0.995583    0.985866    0.000000    0.857290    0.388955    0.995583    0.985866    0.819209    0.908148    0.844512    1400        21.082353   6.570455    1.639033    0.329853    0.323774    0.323774    0.396036    0.000000    0.002817    0.000000    4.931423    1.000000    0.000000    0.000000    1.219252    1.204981    0.948086    1.543761    1.513151    0.003893    0.031777    1.143146    54.890802  
[37m[36mINFO[0m[0m 09/03 21:11:52 | 0.990283    0.989399    0.000000    0.853855    0.382738    0.990283    0.989399    0.806026    0.914074    0.841463    1500        22.588235   6.554092    1.618351    0.322898    0.320494    0.320494    0.387834    0.000000    0.002695    0.000000    4.935741    1.000000    0.000000    0.000000    1.219658    1.205794    0.948858    1.549537    1.519220    0.003567    0.030069    1.152140    55.361831  
[37m[36mINFO[0m[0m 09/03 21:14:42 | 0.995583    0.989399    0.000000    0.854089    0.400501    0.995583    0.989399    0.807910    0.902222    0.852134    1600        24.094118   6.455368    1.555281    0.314392    0.306774    0.306774    0.378859    0.000000    0.002758    0.000000    4.900087    1.000000    0.000000    0.000000    1.219421    1.205191    0.948522    1.555451    1.525842    0.003702    0.028431    1.135892    56.339611  
[37m[36mINFO[0m[0m 09/03 21:17:29 | 0.986749    0.982332    0.000000    0.857305    0.390157    0.986749    0.982332    0.811676    0.909630    0.850610    1700        25.600000   6.475945    1.571540    0.315759    0.310730    0.310730    0.384805    0.000000    0.002573    0.000000    4.904404    1.000000    0.000000    0.000000    1.218908    1.203582    0.948549    1.563090    1.532002    0.002541    0.028276    1.135294    53.201408  
[37m[36mINFO[0m[0m 09/03 21:20:20 | 0.992049    0.985866    0.000000    0.854299    0.398615    0.992049    0.985866    0.811676    0.905185    0.846037    1800        27.105882   6.414023    1.514905    0.304833    0.299442    0.299442    0.380722    0.000000    0.002460    0.000000    4.899118    1.000000    0.000000    0.000000    1.216572    1.201901    0.948568    1.567341    1.538116    0.003858    0.027003    1.153769    55.336834  
[37m[36mINFO[0m[0m 09/03 21:23:11 | 0.979682    0.968198    0.000000    0.853898    0.386500    0.979682    0.968198    0.806026    0.909630    0.846037    1900        28.611765   6.490714    1.593583    0.318301    0.315888    0.315888    0.391103    0.000000    0.002346    0.000000    4.897131    1.000000    0.000000    0.000000    1.219193    1.203405    0.948526    1.573124    1.542910    0.001544    0.025721    1.176936    53.812947  
[37m[36mINFO[0m[0m 09/03 21:26:00 | 0.953180    0.961131    0.000000    0.843027    0.404635    0.953180    0.961131    0.785311    0.899259    0.844512    2000        30.117647   6.375888    1.509988    0.302442    0.299185    0.299185    0.370964    0.000000    0.002161    0.000000    4.865899    1.000000    0.000000    0.000000    1.222964    1.207062    0.949814    1.577562    1.546948    0.001624    0.025275    1.135085    55.600078  
[37m[36mINFO[0m[0m 09/03 21:28:48 | 0.932862    0.954064    0.000000    0.836911    0.416197    0.932862    0.954064    0.775895    0.891852    0.842988    2100        31.623529   6.364592    1.503801    0.303960    0.297298    0.297298    0.381927    0.000000    0.002130    0.000000    4.860791    1.000000    0.000000    0.000000    1.221546    1.205430    0.949157    1.583724    1.553351    0.001167    0.023926    1.111161    56.299945  
[37m[36mINFO[0m[0m 09/03 21:31:33 | 0.985866    0.985866    0.000000    0.853135    0.407172    0.985866    0.985866    0.809793    0.908148    0.841463    2200        33.129412   6.372879    1.515493    0.305646    0.299975    0.299975    0.384297    0.000000    0.001990    0.000000    4.857386    1.000000    0.000000    0.000000    1.221932    1.205516    0.948915    1.587839    1.557741    0.001865    0.023993    1.109270    54.073999  
[37m[36mINFO[0m[0m 09/03 21:34:23 | 0.990283    0.989399    0.000000    0.850756    0.408882    0.990283    0.989399    0.819209    0.900741    0.832317    2300        34.635294   6.306352    1.470132    0.295198    0.291260    0.291260    0.376824    0.000000    0.001979    0.000000    4.836220    1.000000    0.000000    0.000000    1.221464    1.204565    0.949223    1.592763    1.562968    0.002432    0.024272    1.160562    54.455641  
[37m[36mINFO[0m[0m 09/03 21:37:45 | 0.973498    0.975265    0.000000    0.849996    0.395690    0.973498    0.975265    0.800377    0.908148    0.841463    2400        36.141176   6.336651    1.496846    0.298832    0.297040    0.297040    0.381516    0.000000    0.001971    0.000000    4.839805    1.000000    0.000000    0.000000    1.224180    1.207637    0.949510    1.598707    1.569126    0.001380    0.021658    1.300250    71.572124  
[37m[36mINFO[0m[0m 09/03 21:40:41 | 0.981449    0.985866    0.000000    0.853522    0.413376    0.981449    0.985866    0.815443    0.905185    0.839939    2500        37.647059   6.228617    1.401332    0.280942    0.277877    0.277877    0.372236    0.000000    0.001776    0.000000    4.827285    1.000000    0.000000    0.000000    1.222859    1.205177    0.950052    1.604616    1.574644    0.001623    0.022199    1.219935    53.581573  
[37m[36mINFO[0m[0m 09/03 21:43:00 | 0.977032    0.971731    0.000000    0.851118    0.411002    0.977032    0.971731    0.802260    0.909630    0.841463    2600        39.152941   6.266697    1.436389    0.288260    0.284911    0.284911    0.377610    0.000000    0.001697    0.000000    4.830308    1.000000    0.000000    0.000000    1.222540    1.204551    0.949337    1.609624    1.578356    0.001471    0.022715    0.878573    51.846467  
[37m[36mINFO[0m[0m 09/03 21:45:19 | 0.971731    0.971731    0.000000    0.851831    0.410762    0.971731    0.971731    0.804143    0.900741    0.850610    2700        40.658824   6.255688    1.441794    0.289468    0.286016    0.286016    0.382742    0.000000    0.001652    0.000000    4.813894    1.000000    0.000000    0.000000    1.220641    1.202939    0.949634    1.614312    1.583154    0.002214    0.022728    0.890285    49.353508  
[37m[36mINFO[0m[0m 09/03 21:47:42 | 0.978799    0.975265    0.000000    0.843611    0.408603    0.978799    0.975265    0.794727    0.900741    0.835366    2800        42.164706   6.201286    1.393737    0.279128    0.276479    0.276479    0.378942    0.000000    0.001739    0.000000    4.807549    1.000000    0.000000    0.000000    1.223401    1.205194    0.949756    1.618131    1.588469    0.001674    0.020649    0.913951    51.866308  
[37m[36mINFO[0m[0m 09/03 21:50:19 | 0.960247    0.964664    0.000000    0.849198    0.412119    0.960247    0.964664    0.809793    0.894815    0.842988    2900        43.670588   6.234011    1.426516    0.287129    0.282926    0.282926    0.389482    0.000000    0.001536    0.000000    4.807495    1.000000    0.000000    0.000000    1.221706    1.204077    0.950079    1.624709    1.594689    0.001088    0.019524    1.047661    52.583642  
[37m[36mINFO[0m[0m 09/03 21:53:00 | 0.974382    0.968198    0.000000    0.850116    0.405913    0.974382    0.968198    0.802260    0.908148    0.839939    3000        45.176471   6.160904    1.358791    0.271950    0.269691    0.269691    0.360639    0.000000    0.001615    0.000000    4.802113    1.000000    0.000000    0.000000    1.221871    1.204731    0.950246    1.627311    1.598012    0.001705    0.018956    1.075765    53.087979  
[37m[36mINFO[0m[0m 09/03 21:55:41 | 0.974382    0.971731    0.000000    0.846045    0.405684    0.974382    0.971731    0.800377    0.896296    0.841463    3100        46.682353   6.260114    1.455832    0.293588    0.288748    0.288748    0.379266    0.000000    0.001450    0.000000    4.804281    1.000000    0.000000    0.000000    1.223438    1.205501    0.950496    1.634215    1.604903    0.000191    0.017320    1.048315    55.924346  
[37m[36mINFO[0m[0m 09/03 21:58:24 | 0.967314    0.968198    0.000000    0.850667    0.420856    0.967314    0.968198    0.802260    0.903704    0.846037    3200        48.188235   6.171666    1.374298    0.274826    0.272991    0.272991    0.368206    0.000000    0.001502    0.000000    4.797367    1.000000    0.000000    0.000000    1.223762    1.206068    0.950714    1.637752    1.609369    0.001851    0.017406    1.051620    58.241842  
[37m[36mINFO[0m[0m 09/03 22:01:08 | 0.964664    0.968198    0.000000    0.838483    0.428030    0.964664    0.968198    0.785311    0.896296    0.833841    3300        49.694118   6.178743    1.395242    0.279915    0.277170    0.277170    0.386178    0.000000    0.001329    0.000000    4.783501    1.000000    0.000000    0.000000    1.225822    1.206793    0.950719    1.642141    1.612470    0.001117    0.017799    1.084169    55.329510  
[37m[36mINFO[0m[0m 09/03 22:03:49 | 0.967314    0.968198    0.000000    0.852044    0.421340    0.967314    0.968198    0.792844    0.909630    0.853659    3400        51.200000   6.203843    1.413648    0.285074    0.280386    0.280386    0.383409    0.000000    0.001406    0.000000    4.790195    1.000000    0.000000    0.000000    1.225225    1.206776    0.950803    1.645634    1.616951    0.000895    0.016052    1.066988    53.730368  
[37m[36mINFO[0m[0m 09/03 22:06:29 | 0.954064    0.964664    0.000000    0.847797    0.418114    0.954064    0.964664    0.789077    0.903704    0.850610    3500        52.705882   6.174634    1.382378    0.276893    0.274744    0.274744    0.373067    0.000000    0.001302    0.000000    4.792256    1.000000    0.000000    0.000000    1.226927    1.208328    0.951078    1.650449    1.621970    0.001430    0.016296    1.068814    53.329958  
[37m[36mINFO[0m[0m 09/03 22:09:08 | 0.970848    0.968198    0.000000    0.847529    0.424411    0.970848    0.968198    0.785311    0.906667    0.850610    3600        54.211765   6.196557    1.411375    0.283126    0.280505    0.280505    0.392988    0.000000    0.001246    0.000000    4.785182    1.000000    0.000000    0.000000    1.226994    1.208295    0.950948    1.656612    1.627009    0.000297    0.015573    1.049904    54.520492  
[37m[36mINFO[0m[0m 09/03 22:11:52 | 0.962898    0.968198    0.000000    0.851789    0.422951    0.962898    0.968198    0.796610    0.908148    0.850610    3700        55.717647   6.204175    1.423556    0.286871    0.282689    0.282689    0.386082    0.000000    0.001186    0.000000    4.780618    1.000000    0.000000    0.000000    1.231398    1.212322    0.951530    1.659573    1.629714    0.000202    0.014955    1.106019    53.309241  
[37m[36mINFO[0m[0m 09/03 22:14:31 | 0.954947    0.957597    0.000000    0.845990    0.424649    0.954947    0.957597    0.785311    0.908148    0.844512    3800        57.223529   6.168775    1.392954    0.278921    0.277017    0.277017    0.377385    0.000000    0.001193    0.000000    4.775821    1.000000    0.000000    0.000000    1.230800    1.210418    0.950850    1.664420    1.633809    0.000981    0.016014    1.054464    53.263726  
[37m[36mINFO[0m[0m 09/03 22:17:03 | 0.951413    0.957597    0.000000    0.845736    0.431684    0.951413    0.957597    0.789077    0.906667    0.841463    3900        58.729412   6.079818    1.326326    0.265782    0.263660    0.263660    0.361203    0.000000    0.001181    0.000000    4.753492    1.000000    0.000000    0.000000    1.231618    1.212014    0.951326    1.667834    1.638350    0.001182    0.014736    0.950240    56.353416  
[37m[36mINFO[0m[0m 09/03 22:19:41 | 0.964664    0.968198    0.000000    0.842850    0.425632    0.964664    0.968198    0.790960    0.902222    0.835366    4000        60.235294   6.166125    1.395185    0.281207    0.277103    0.277103    0.387997    0.000000    0.001113    0.000000    4.770940    1.000000    0.000000    0.000000    1.231829    1.211463    0.951228    1.671913    1.640556    0.001258    0.016499    1.052196    53.627554  
[37m[36mINFO[0m[0m 09/03 22:22:27 | 0.966431    0.971731    0.000000    0.843251    0.426808    0.966431    0.971731    0.796610    0.897778    0.835366    4100        61.741176   6.121642    1.362309    0.272654    0.271011    0.271011    0.393826    0.000000    0.001122    0.000000    4.759333    1.000000    0.000000    0.000000    1.233717    1.213605    0.951801    1.676060    1.646487    0.001015    0.014357    1.063119    58.779055  
[37m[36mINFO[0m[0m 09/03 22:25:07 | 0.943463    0.943463    0.000000    0.845358    0.433558    0.943463    0.943463    0.813559    0.896296    0.826220    4200        63.247059   6.122794    1.362106    0.272806    0.270921    0.270921    0.375553    0.000000    0.001123    0.000000    4.760688    1.000000    0.000000    0.000000    1.233790    1.214709    0.952335    1.680915    1.652296    0.000954    0.012975    1.065100    53.652921  
[37m[36mINFO[0m[0m 09/03 22:28:03 | 0.912544    0.911661    0.000000    0.846153    0.431229    0.912544    0.911661    0.787194    0.903704    0.847561    4300        64.752941   6.142670    1.372620    0.274491    0.273226    0.273226    0.383341    0.000000    0.001045    0.000000    4.770049    1.000000    0.000000    0.000000    1.235135    1.214357    0.951741    1.686180    1.655907    -0.000191   0.012607    1.101776    66.173364  
[37m[36mINFO[0m[0m 09/03 22:30:46 | 0.925795    0.918728    0.000000    0.846123    0.431991    0.925795    0.918728    0.794727    0.903704    0.839939    4400        66.258824   6.094657    1.330898    0.266724    0.264818    0.264818    0.381215    0.000000    0.000980    0.000000    4.763758    1.000000    0.000000    0.000000    1.231701    1.212497    0.951662    1.690623    1.660506    0.000878    0.013386    1.052742    57.616073  
[37m[36mINFO[0m[0m 09/03 22:33:34 | 0.927562    0.932862    0.000000    0.848004    0.439737    0.927562    0.932862    0.815443    0.897778    0.830793    4500        67.764706   6.162979    1.404896    0.282602    0.279269    0.279269    0.381705    0.000000    0.001044    0.000000    4.758082    1.000000    0.000000    0.000000    1.236599    1.215545    0.952496    1.695008    1.664193    0.000269    0.012773    1.041547    63.777615  
[37m[36mINFO[0m[0m 09/03 22:36:15 | 0.877208    0.869258    0.000000    0.844805    0.441951    0.877208    0.869258    0.789077    0.897778    0.847561    4600        69.270588   6.105957    1.351309    0.270363    0.269033    0.269033    0.380510    0.000000    0.000962    0.000000    4.754648    1.000000    0.000000    0.000000    1.236573    1.216565    0.952098    1.698736    1.669748    0.000654    0.011463    1.048569    56.406145  
[37m[36mINFO[0m[0m 09/03 22:38:59 | 0.971731    0.971731    0.000000    0.854318    0.457279    0.971731    0.971731    0.821092    0.912593    0.829268    4700        70.776471   6.116497    1.359550    0.272783    0.270489    0.270489    0.389238    0.000000    0.000962    0.000000    4.756947    1.000000    0.000000    0.000000    1.237632    1.216570    0.952124    1.703449    1.673098    0.000476    0.011927    1.101483    53.851157  
[37m[36mINFO[0m[0m 09/03 22:41:37 | 0.916961    0.904594    0.000000    0.846391    0.447369    0.916961    0.904594    0.798493    0.900741    0.839939    4800        72.282353   6.147310    1.385264    0.278361    0.275544    0.275544    0.389205    0.000000    0.000945    0.000000    4.762047    1.000000    0.000000    0.000000    1.237903    1.217094    0.952165    1.707200    1.676569    0.000942    0.012489    1.070153    50.780082  
[37m[36mINFO[0m[0m 09/03 22:44:18 | 0.954064    0.961131    0.000000    0.846332    0.441304    0.954064    0.961131    0.813559    0.900741    0.824695    4900        73.788235   6.153919    1.394171    0.280091    0.277369    0.277369    0.400868    0.000000    0.000921    0.000000    4.759748    1.000000    0.000000    0.000000    1.241698    1.222222    0.952685    1.711386    1.681906    0.000691    0.010638    1.088730    51.934540  
[37m[36mINFO[0m[0m 09/03 22:46:58 | 0.934629    0.936396    0.000000    0.838799    0.448581    0.934629    0.936396    0.790960    0.900741    0.824695    5000        75.294118   6.106178    1.358806    0.273212    0.270304    0.270304    0.392195    0.000000    0.000876    0.000000    4.747371    1.000000    0.000000    0.000000    1.240982    1.220076    0.952709    1.717727    1.687967    0.000481    0.010209    1.093102    51.013840  
[37m[36mINFO[0m[0m 09/03 22:46:58 | ---
[37m[36mINFO[0m[0m 09/03 22:46:58 | oracle = 100.000%
[37m[36mINFO[0m[0m 09/03 22:46:58 | iid = 99.735%
[37m[36mINFO[0m[0m 09/03 22:46:58 | last = 93.463%
[37m[36mINFO[0m[0m 09/03 22:46:58 | last (inD) = 83.880%
[37m[36mINFO[0m[0m 09/03 22:46:58 | iid (inD) = 86.555%
[37m[36mINFO[0m[0m 09/03 22:46:59 | 
[37m[36mINFO[0m[0m 09/03 22:48:28 | Testenv name escaping te_LABELME -> te_LABELME
[37m[36mINFO[0m[0m 09/03 22:48:28 | Test envs = [1], name = te_LABELME
[37m[36mINFO[0m[0m 09/03 22:48:28 | Batch sizes for each domain: [32, 0, 32, 32] (total=96)
[37m[36mINFO[0m[0m 09/03 22:48:28 | steps-per-epoch for each domain: 35.38, 84.41, 82.06 -> min = 35.38
[37m[36mINFO[0m[0m 09/03 22:48:47 | # of params = 151206401
[37m[36mINFO[0m[0m 09/03 22:50:09 | test_in     test_out    train_in    train_out   tr_outloss  env0_out    env1_in     env1_out    env2_out    env3_out    step        epoch       total_loss  cipt_base_  cipt_cls_l  cipt_de_lo  cipt_de_or  cipt_de_au  aug_decomp  cipt_ind_l  causal_con  dccl_contr  contrastiv  pre_cl_los  reg_loss    mean_e_nor  mean_e_aug  mean_e_aug  mean_s_nor  mean_s_aug  mean_es_co  mean_e_aug  step_time   eval_time  
[37m[36mINFO[0m[0m 09/03 22:50:09 | 0.718588    0.764595    0.000000    0.817042    0.591323    0.968198    0.718588    0.764595    0.800000    0.682927    0           0.000000    11.176178   11.165598   0.765235    1.975091    1.975091    1.884346    0.000000    0.500000    0.000000    5.290231    0.002000    0.000000    0.000000    1.000000    1.000000    0.923708    1.000000    1.000000    1.000000    1.000000    0.778864    81.473123  
[37m[36mINFO[0m[0m 09/03 22:53:13 | 0.656000    0.642185    0.000000    0.922430    0.249400    0.996466    0.656000    0.642185    0.912593    0.858232    100         2.826855    5.603732    5.074155    0.394648    0.574553    0.574553    0.592731    0.000000    0.476259    0.000000    5.159307    0.103000    0.000000    0.000000    0.997705    0.997822    0.919129    1.014432    1.013234    0.975792    0.977676    1.069787    77.017421  
[37m[36mINFO[0m[0m 09/03 22:56:18 | 0.666353    0.659134    0.000000    0.928950    0.215621    0.996466    0.666353    0.659134    0.921481    0.868902    200         5.653710    4.774848    3.240509    0.220225    0.265478    0.265478    0.284191    0.000000    0.391675    0.000000    5.069372    0.303000    0.000000    0.000000    0.997961    0.998943    0.919706    1.057738    1.052688    0.882860    0.890740    1.060570    78.683604  
[37m[36mINFO[0m[0m 09/03 22:59:26 | 0.640471    0.642185    0.000000    0.932929    0.198968    0.996466    0.640471    0.642185    0.930370    0.871951    300         8.480565    4.523370    2.033851    0.203968    0.226250    0.226250    0.242700    0.000000    0.184976    0.000000    4.951831    0.503000    0.000000    0.000000    1.050981    1.052103    0.927065    1.157314    1.144282    0.593265    0.613770    1.049045    83.450715  
[37m[36mINFO[0m[0m 09/03 23:02:48 | 0.655059    0.644068    0.000000    0.930622    0.192412    1.000000    0.655059    0.644068    0.922963    0.868902    400         11.307420   4.668468    1.247610    0.188138    0.200803    0.200803    0.215692    0.000000    0.051252    0.000000    4.867166    0.703000    0.000000    0.000000    1.127296    1.126138    0.936101    1.268028    1.247554    0.294434    0.323786    1.072134    94.946493  
[37m[36mINFO[0m[0m 09/03 23:06:13 | 0.645176    0.638418    0.000000    0.928528    0.196754    0.996466    0.645176    0.638418    0.912593    0.876524    500         14.134276   5.322139    0.970470    0.171284    0.179144    0.179144    0.194733    0.000000    0.016522    0.000000    4.819076    0.902980    0.000000    0.000000    1.174730    1.171292    0.941316    1.337627    1.313492    0.142670    0.174046    1.056764    98.691823  
[37m[36mINFO[0m[0m 09/03 23:09:29 | 0.650353    0.634652    0.000000    0.929634    0.193800    1.000000    0.650353    0.634652    0.920000    0.868902    600         16.961131   5.692364    0.913161    0.172111    0.174884    0.174884    0.194266    0.000000    0.008303    0.000000    4.779203    1.000000    0.000000    0.000000    1.198498    1.193531    0.944066    1.377662    1.352425    0.073844    0.104415    1.058866    90.754622  
[37m[36mINFO[0m[0m 09/03 23:12:39 | 0.666353    0.662900    0.000000    0.931652    0.194402    1.000000    0.666353    0.662900    0.921481    0.873476    700         19.787986   5.605771    0.865289    0.164780    0.167852    0.167852    0.188734    0.000000    0.005820    0.000000    4.740482    1.000000    0.000000    0.000000    1.209762    1.202274    0.944680    1.403079    1.376122    0.040198    0.072021    1.063230    83.538826  
[37m[36mINFO[0m[0m 09/03 23:15:58 | 0.655529    0.649718    0.000000    0.931101    0.193524    1.000000    0.655529    0.649718    0.925926    0.867378    800         22.614841   5.556599    0.840965    0.161783    0.163559    0.163559    0.187693    0.000000    0.004989    0.000000    4.715634    1.000000    0.000000    0.000000    1.211065    1.203739    0.945916    1.418776    1.393064    0.025898    0.055099    1.102242    88.797435  
[37m[36mINFO[0m[0m 09/03 23:19:05 | 0.655059    0.640301    0.000000    0.926946    0.198650    0.996466    0.655059    0.640301    0.918519    0.865854    900         25.441696   5.499431    0.820438    0.160220    0.159508    0.159508    0.185051    0.000000    0.004438    0.000000    4.678993    1.000000    0.000000    0.000000    1.215811    1.206201    0.945847    1.431538    1.404496    0.015789    0.046440    1.085065    77.713118  
[37m[36mINFO[0m[0m 09/03 23:22:12 | 0.658353    0.653484    0.000000    0.929952    0.196943    0.996466    0.658353    0.653484    0.922963    0.870427    1000        28.268551   5.449959    0.792516    0.153929    0.154686    0.154686    0.183573    0.000000    0.003968    0.000000    4.657443    1.000000    0.000000    0.000000    1.215767    1.206365    0.946290    1.440359    1.414175    0.013016    0.041487    1.097339    78.013951  
[37m[36mINFO[0m[0m 09/03 23:25:14 | 0.667294    0.668550    0.000000    0.934003    0.194602    0.996466    0.667294    0.668550    0.924444    0.881098    1100        31.095406   5.487455    0.829916    0.164164    0.161693    0.161693    0.186469    0.000000    0.003796    0.000000    4.657539    1.000000    0.000000    0.000000    1.217490    1.206145    0.946677    1.448669    1.419832    0.009503    0.040617    1.071946    74.380234  
[37m[36mINFO[0m[0m 09/03 23:28:19 | 0.629647    0.613936    0.000000    0.927920    0.213070    0.996466    0.629647    0.613936    0.922963    0.864329    1200        33.922261   5.433471    0.789240    0.155925    0.153932    0.153932    0.188673    0.000000    0.003517    0.000000    4.644231    1.000000    0.000000    0.000000    1.219543    1.207470    0.946792    1.456058    1.428287    0.006104    0.035544    1.086732    76.677401  
[37m[36mINFO[0m[0m 09/03 23:31:23 | 0.642824    0.638418    0.000000    0.927934    0.207233    0.996466    0.642824    0.638418    0.921481    0.865854    1300        36.749117   5.326218    0.726617    0.143480    0.141681    0.141681    0.168684    0.000000    0.003282    0.000000    4.599601    1.000000    0.000000    0.000000    1.222781    1.210533    0.947923    1.461136    1.434677    0.005315    0.033232    1.049486    78.433396  
[37m[36mINFO[0m[0m 09/03 23:34:34 | 0.655529    0.645951    0.000000    0.931970    0.209379    0.996466    0.655529    0.645951    0.924444    0.875000    1400        39.575972   5.274378    0.690949    0.136223    0.134764    0.134764    0.168105    0.000000    0.003134    0.000000    4.583429    1.000000    0.000000    0.000000    1.224185    1.210493    0.947285    1.466898    1.438543    0.004919    0.034557    1.055091    85.860596  
[37m[36mINFO[0m[0m 09/03 23:37:45 | 0.648000    0.640301    0.000000    0.927454    0.205427    0.996466    0.648000    0.640301    0.918519    0.867378    1500        42.402827   5.291726    0.712920    0.141663    0.139282    0.139282    0.179043    0.000000    0.002826    0.000000    4.578806    1.000000    0.000000    0.000000    1.227353    1.213831    0.947984    1.472306    1.444078    0.003111    0.031895    1.057384    85.369313  
[37m[36mINFO[0m[0m 09/03 23:40:58 | 0.656941    0.653484    0.000000    0.925436    0.212777    0.996466    0.656941    0.653484    0.917037    0.862805    1600        45.229682   5.259273    0.698701    0.138865    0.136213    0.136213    0.171207    0.000000    0.002997    0.000000    4.560572    1.000000    0.000000    0.000000    1.231358    1.217505    0.948344    1.475644    1.448426    0.003950    0.031312    1.051104    88.037468  
[37m[36mINFO[0m[0m 09/03 23:44:17 | 0.678118    0.677966    0.000000    0.924088    0.213782    1.000000    0.678118    0.677966    0.915556    0.856707    1700        48.056537   5.204235    0.654193    0.129278    0.127777    0.127777    0.166241    0.000000    0.002761    0.000000    4.550042    1.000000    0.000000    0.000000    1.235111    1.220569    0.949312    1.481463    1.454067    0.001550    0.028674    1.035388    94.860620  
[37m[36mINFO[0m[0m 09/03 23:47:32 | 0.652706    0.651601    0.000000    0.926961    0.214237    0.996466    0.652706    0.651601    0.917037    0.867378    1800        50.883392   5.235817    0.688850    0.137981    0.134532    0.134532    0.172871    0.000000    0.002548    0.000000    4.546967    1.000000    0.000000    0.000000    1.237748    1.222720    0.949349    1.486841    1.458605    0.000151    0.027502    1.058230    88.825286  
[37m[36mINFO[0m[0m 09/03 23:50:41 | 0.643294    0.640301    0.000000    0.926932    0.222805    0.996466    0.643294    0.640301    0.920000    0.864329    1900        53.710247   5.151568    0.628896    0.124589    0.123006    0.123006    0.165721    0.000000    0.002457    0.000000    4.522673    1.000000    0.000000    0.000000    1.241034    1.226194    0.949984    1.488658    1.461896    0.002986    0.028542    1.054552    84.400257  
[37m[36mINFO[0m[0m 09/03 23:53:54 | 0.643765    0.644068    0.000000    0.926438    0.223074    0.996466    0.643765    0.644068    0.918519    0.864329    2000        56.537102   5.167230    0.638239    0.125782    0.125241    0.125241    0.173956    0.000000    0.002299    0.000000    4.528990    1.000000    0.000000    0.000000    1.243552    1.229254    0.950310    1.493639    1.467334    0.000391    0.025040    1.085822    84.035515  
[37m[36mINFO[0m[0m 09/03 23:56:58 | 0.652706    0.647834    0.000000    0.927483    0.229252    0.996466    0.652706    0.647834    0.915556    0.870427    2100        59.363958   5.092636    0.589870    0.117229    0.115356    0.115356    0.162698    0.000000    0.002243    0.000000    4.502766    1.000000    0.000000    0.000000    1.246022    1.230569    0.950563    1.496241    1.468817    0.001468    0.026902    1.061706    78.049587  
[37m[36mINFO[0m[0m 09/04 00:00:03 | 0.633412    0.630885    0.000000    0.928979    0.225057    0.996466    0.633412    0.630885    0.918519    0.871951    2200        62.190813   5.137072    0.648413    0.130136    0.126898    0.126898    0.179028    0.000000    0.002137    0.000000    4.488659    1.000000    0.000000    0.000000    1.250793    1.235316    0.950931    1.500262    1.473349    0.001491    0.025817    1.073692    77.353743  
[37m[36mINFO[0m[0m 09/04 00:03:06 | 0.608941    0.602637    0.000000    0.929444    0.230882    0.996466    0.608941    0.602637    0.922963    0.868902    2300        65.017668   5.085707    0.603766    0.119014    0.118515    0.118515    0.161047    0.000000    0.002138    0.000000    4.481941    1.000000    0.000000    0.000000    1.253604    1.237925    0.950690    1.503096    1.477392    0.001388    0.024047    1.073950    75.652840  
[37m[36mINFO[0m[0m 09/04 00:05:59 | 0.640000    0.630885    0.000000    0.917914    0.240392    0.996466    0.640000    0.630885    0.906667    0.850610    2400        67.844523   5.067732    0.578966    0.115373    0.113382    0.113382    0.167584    0.000000    0.002013    0.000000    4.488765    1.000000    0.000000    0.000000    1.255033    1.238047    0.951022    1.507975    1.480536    0.001036    0.025247    0.950527    77.519094  
[37m[36mINFO[0m[0m 09/04 00:09:06 | 0.652706    0.651601    0.000000    0.930475    0.242443    0.996466    0.652706    0.651601    0.921481    0.873476    2500        70.671378   5.033173    0.559355    0.112360    0.109292    0.109292    0.158383    0.000000    0.001965    0.000000    4.473818    1.000000    0.000000    0.000000    1.255598    1.240117    0.951677    1.511572    1.485014    0.001369    0.024094    1.067269    80.377038  
[37m[36mINFO[0m[0m 09/04 00:12:12 | 0.640941    0.638418    0.000000    0.927962    0.237158    0.996466    0.640941    0.638418    0.918519    0.868902    2600        73.498233   4.996938    0.540992    0.107935    0.106013    0.106013    0.156368    0.000000    0.001801    0.000000    4.455946    1.000000    0.000000    0.000000    1.261100    1.244904    0.951961    1.514989    1.488757    0.000865    0.023119    1.052803    80.490968  
[37m[36mINFO[0m[0m 09/04 00:15:21 | 0.654588    0.659134    0.000000    0.925465    0.245566    0.996466    0.654588    0.659134    0.914074    0.865854    2700        76.325088   5.055811    0.583664    0.115836    0.114723    0.114723    0.171417    0.000000    0.001787    0.000000    4.472147    1.000000    0.000000    0.000000    1.261986    1.245633    0.951867    1.517980    1.492028    0.001257    0.022821    1.033945    85.423454  
[37m[36mINFO[0m[0m 09/04 00:18:33 | 0.660706    0.662900    0.000000    0.927948    0.245362    0.996466    0.660706    0.662900    0.920000    0.867378    2800        79.151943   5.064303    0.586290    0.118374    0.114946    0.114946    0.174398    0.000000    0.001626    0.000000    4.478013    1.000000    0.000000    0.000000    1.265639    1.248388    0.952556    1.523139    1.495866    -0.001123   0.021427    1.090188    82.962441  
[37m[36mINFO[0m[0m 09/04 00:21:52 | 0.645647    0.644068    0.000000    0.918931    0.243970    0.996466    0.645647    0.644068    0.906667    0.853659    2900        81.978799   5.023283    0.574856    0.114116    0.113229    0.113229    0.174517    0.000000    0.001565    0.000000    4.448427    1.000000    0.000000    0.000000    1.270092    1.252724    0.952608    1.525056    1.498000    0.000113    0.021849    1.034402    96.359685  
[37m[36mINFO[0m[0m 09/04 00:25:07 | 0.684235    0.693032    0.000000    0.922127    0.249283    1.000000    0.684235    0.693032    0.908148    0.858232    3000        84.805654   5.040211    0.583342    0.116310    0.114773    0.114773    0.168938    0.000000    0.001588    0.000000    4.456868    1.000000    0.000000    0.000000    1.273552    1.256459    0.953142    1.527321    1.501702    0.000381    0.020346    1.071623    87.268455  
[37m[36mINFO[0m[0m 09/04 00:28:32 | 0.656000    0.666667    0.000000    0.919918    0.243979    0.996466    0.656000    0.666667    0.909630    0.853659    3100        87.632509   4.975855    0.539835    0.107245    0.106216    0.106216    0.164651    0.000000    0.001545    0.000000    4.436020    1.000000    0.000000    0.000000    1.276147    1.259348    0.953045    1.530453    1.505089    0.001185    0.020982    1.044851    100.871200 
[37m[36mINFO[0m[0m 09/04 00:31:59 | 0.644706    0.645951    0.000000    0.919918    0.257924    0.996466    0.644706    0.645951    0.909630    0.853659    3200        90.459364   4.966275    0.520661    0.103057    0.102597    0.102597    0.163710    0.000000    0.001443    0.000000    4.445614    1.000000    0.000000    0.000000    1.277251    1.260289    0.954148    1.534724    1.509358    0.000270    0.019296    1.059990    100.405900 
[37m[36mINFO[0m[0m 09/04 00:35:24 | 0.663059    0.672316    0.000000    0.921139    0.259842    1.000000    0.663059    0.672316    0.905185    0.858232    3300        93.286219   4.992224    0.553951    0.110868    0.109036    0.109036    0.177515    0.000000    0.001388    0.000000    4.438274    1.000000    0.000000    0.000000    1.281830    1.265241    0.954338    1.538948    1.513943    -0.000416   0.017939    1.049757    100.207316 
[37m[36mINFO[0m[0m 09/04 00:38:33 | 0.618353    0.608286    0.000000    0.919904    0.272887    0.996466    0.618353    0.608286    0.911111    0.852134    3400        96.113074   4.984136    0.536142    0.107149    0.105581    0.105581    0.179262    0.000000    0.001334    0.000000    4.447994    1.000000    0.000000    0.000000    1.284068    1.267202    0.954376    1.541560    1.516612    -0.000025   0.017959    1.049481    83.970754  
[37m[36mINFO[0m[0m 09/04 00:41:41 | 0.670588    0.674200    0.000000    0.920166    0.264040    1.000000    0.670588    0.674200    0.900741    0.859756    3500        98.939929   5.010195    0.577448    0.116931    0.113482    0.113482    0.187959    0.000000    0.001318    0.000000    4.432747    1.000000    0.000000    0.000000    1.288235    1.271207    0.954728    1.545322    1.520445    0.000240    0.017470    1.074854    80.214637  
[37m[36mINFO[0m[0m 09/04 00:44:41 | 0.667294    0.676083    0.000000    0.918684    0.262416    1.000000    0.667294    0.676083    0.896296    0.859756    3600        101.766784  4.937782    0.510952    0.102960    0.100390    0.100390    0.170320    0.000000    0.001286    0.000000    4.426830    1.000000    0.000000    0.000000    1.287320    1.269996    0.954364    1.548308    1.521953    -0.000185   0.018094    1.054128    74.851636  
[37m[36mINFO[0m[0m 09/04 00:47:53 | 0.644706    0.651601    0.000000    0.922098    0.269042    1.000000    0.644706    0.651601    0.911111    0.855183    3700        104.593640  4.871454    0.474425    0.094100    0.093579    0.093579    0.163222    0.000000    0.001202    0.000000    4.397029    1.000000    0.000000    0.000000    1.290618    1.272457    0.954820    1.552633    1.528018    0.000777    0.017522    1.101067    82.145330  
[37m[36mINFO[0m[0m 09/04 00:51:03 | 0.623529    0.625235    0.000000    0.920877    0.275082    0.996466    0.623529    0.625235    0.915556    0.850610    3800        107.420495  4.908977    0.486241    0.096161    0.096058    0.096058    0.162345    0.000000    0.001169    0.000000    4.422736    1.000000    0.000000    0.000000    1.289083    1.272098    0.955030    1.553927    1.529976    0.001323    0.017362    1.068134    83.038692  
[37m[36mINFO[0m[0m 09/04 00:53:52 | 0.639059    0.647834    0.000000    0.920602    0.270217    1.000000    0.639059    0.647834    0.908148    0.853659    3900        110.247350  4.926726    0.511610    0.102499    0.100836    0.100836    0.173207    0.000000    0.001153    0.000000    4.415116    1.000000    0.000000    0.000000    1.292751    1.274877    0.955017    1.559417    1.533720    -0.000578   0.016401    0.900476    78.873773  
[37m[36mINFO[0m[0m 09/04 00:56:36 | 0.647059    0.644068    0.000000    0.916623    0.272328    1.000000    0.647059    0.644068    0.899259    0.850610    4000        113.074205  4.903910    0.502576    0.100743    0.099002    0.099002    0.171626    0.000000    0.001165    0.000000    4.401334    1.000000    0.000000    0.000000    1.293978    1.276718    0.955309    1.562666    1.539543    0.001110    0.015635    0.818459    82.657243  
[37m[36mINFO[0m[0m 09/04 00:59:27 | 0.652235    0.662900    0.000000    0.916172    0.269021    1.000000    0.652235    0.662900    0.893333    0.855183    4100        115.901060  4.939401    0.530687    0.106453    0.104670    0.104670    0.182362    0.000000    0.001111    0.000000    4.408714    1.000000    0.000000    0.000000    1.298597    1.279871    0.955387    1.564834    1.539534    0.000423    0.015756    0.812500    89.718245  
[37m[36mINFO[0m[0m 09/04 01:02:19 | 0.648941    0.653484    0.000000    0.919600    0.283492    1.000000    0.648941    0.653484    0.906667    0.852134    4200        118.727915  4.903501    0.501561    0.101092    0.098815    0.098815    0.166023    0.000000    0.001041    0.000000    4.401940    1.000000    0.000000    0.000000    1.298711    1.280783    0.955871    1.569069    1.544345    0.000405    0.015119    0.816479    89.727062  
[37m[36mINFO[0m[0m 09/04 01:05:22 | 0.641412    0.647834    0.000000    0.917492    0.273801    0.996466    0.641412    0.647834    0.897778    0.858232    4300        121.554770  4.913864    0.511581    0.102996    0.100877    0.100877    0.176220    0.000000    0.001015    0.000000    4.402283    1.000000    0.000000    0.000000    1.299753    1.282260    0.955945    1.571995    1.547187    0.000148    0.014908    0.847082    98.334288  
[37m[36mINFO[0m[0m 09/04 01:08:18 | 0.653647    0.655367    0.000000    0.917131    0.274048    1.000000    0.653647    0.655367    0.899259    0.852134    4400        124.381625  4.899281    0.492622    0.097920    0.097412    0.097412    0.179969    0.000000    0.001011    0.000000    4.406659    1.000000    0.000000    0.000000    1.302956    1.285103    0.956039    1.575977    1.550977    -0.000083   0.014704    0.809479    95.106243  
[37m[36mINFO[0m[0m 09/04 01:11:06 | 0.658824    0.662900    0.000000    0.917639    0.276203    1.000000    0.658824    0.662900    0.899259    0.853659    4500        127.208481  4.843105    0.464047    0.092027    0.091811    0.091811    0.165037    0.000000    0.000955    0.000000    4.379058    1.000000    0.000000    0.000000    1.304790    1.287738    0.956498    1.577474    1.552621    0.001105    0.014826    0.801953    88.013077  
[37m[36mINFO[0m[0m 09/04 01:13:54 | 0.643294    0.649718    0.000000    0.923622    0.280575    1.000000    0.643294    0.649718    0.911111    0.859756    4600        130.035336  4.870754    0.480762    0.095778    0.095033    0.095033    0.165264    0.000000    0.000970    0.000000    4.389992    1.000000    0.000000    0.000000    1.305048    1.287466    0.956528    1.580835    1.556600    0.000659    0.013795    0.791467    88.841415  
[37m[36mINFO[0m[0m 09/04 01:16:50 | 0.634353    0.638418    0.000000    0.923637    0.272781    1.000000    0.634353    0.638418    0.909630    0.861280    4700        132.862191  4.943736    0.551528    0.110322    0.109106    0.109106    0.182212    0.000000    0.000957    0.000000    4.392208    1.000000    0.000000    0.000000    1.310335    1.292439    0.956870    1.584423    1.560704    -0.000396   0.012290    0.804701    94.806287  
[37m[36mINFO[0m[0m 09/04 01:19:39 | 0.619765    0.625235    0.000000    0.916594    0.279991    1.000000    0.619765    0.625235    0.902222    0.847561    4800        135.689046  4.875214    0.486003    0.096466    0.096248    0.096248    0.179071    0.000000    0.000909    0.000000    4.389211    1.000000    0.000000    0.000000    1.312744    1.294775    0.956676    1.587470    1.562681    0.000116    0.013030    0.870392    82.403482  
[37m[36mINFO[0m[0m 09/04 01:22:28 | 0.623059    0.623352    0.000000    0.918437    0.286954    0.996466    0.623059    0.623352    0.905185    0.853659    4900        138.515901  4.874831    0.483774    0.096079    0.095851    0.095851    0.170374    0.000000    0.000858    0.000000    4.391058    1.000000    0.000000    0.000000    1.313552    1.295528    0.957457    1.592365    1.567524    -0.000057   0.012541    0.816158    87.428092  
[37m[36mINFO[0m[0m 09/04 01:25:10 | 0.616471    0.623352    0.000000    0.919396    0.294249    0.996466    0.616471    0.623352    0.911111    0.850610    5000        141.342756  4.865835    0.473634    0.093956    0.093850    0.093850    0.179548    0.000000    0.000856    0.000000    4.392201    1.000000    0.000000    0.000000    1.313497    1.295437    0.956806    1.594773    1.569908    0.000777    0.012702    0.819961    79.491277  
[37m[36mINFO[0m[0m 09/04 01:25:10 | ---
[37m[36mINFO[0m[0m 09/04 01:25:10 | oracle = 71.859%
[37m[36mINFO[0m[0m 09/04 01:25:10 | iid = 66.729%
[37m[36mINFO[0m[0m 09/04 01:25:10 | last = 61.647%
[37m[36mINFO[0m[0m 09/04 01:25:10 | last (inD) = 91.940%
[37m[36mINFO[0m[0m 09/04 01:25:10 | iid (inD) = 93.400%
[37m[36mINFO[0m[0m 09/04 01:25:10 | 
[37m[36mINFO[0m[0m 09/04 01:26:28 | Testenv name escaping te_PASCAL -> te_PASCAL
[37m[36mINFO[0m[0m 09/04 01:26:28 | Test envs = [2], name = te_PASCAL
[37m[36mINFO[0m[0m 09/04 01:26:28 | Batch sizes for each domain: [32, 32, 0, 32] (total=96)
[37m[36mINFO[0m[0m 09/04 01:26:28 | steps-per-epoch for each domain: 35.38, 66.41, 82.06 -> min = 35.38
[37m[36mINFO[0m[0m 09/04 01:26:49 | # of params = 151206401
[37m[36mINFO[0m[0m 09/04 01:27:53 | test_in     test_out    train_in    train_out   tr_outloss  env0_out    env1_out    env2_in     env2_out    env3_out    step        epoch       total_loss  cipt_base_  cipt_cls_l  cipt_de_lo  cipt_de_or  cipt_de_au  aug_decomp  cipt_ind_l  causal_con  dccl_contr  contrastiv  pre_cl_los  reg_loss    mean_e_nor  mean_e_aug  mean_e_aug  mean_s_nor  mean_s_aug  mean_es_co  mean_e_aug  step_time   eval_time  
[37m[36mINFO[0m[0m 09/04 01:27:53 | 0.577194    0.600000    0.000000    0.607303    1.080361    0.978799    0.376648    0.577194    0.600000    0.466463    0           0.000000    10.376452   10.365829   1.240106    1.656430    1.656430    1.638220    0.000000    0.500000    0.000000    5.312153    0.002000    0.000000    0.000000    1.000000    1.000000    0.914573    1.000000    1.000000    1.000000    1.000000    0.846816    63.263989  
[37m[36mINFO[0m[0m 09/04 01:30:16 | 0.851536    0.872593    0.000000    0.863516    0.368749    1.000000    0.787194    0.851536    0.872593    0.803354    100         2.826855    5.758115    5.214670    0.482039    0.600971    0.600971    0.626896    0.000000    0.465749    0.000000    5.283701    0.103000    0.000000    0.000000    1.001988    1.001480    0.919873    1.019532    1.018262    0.964788    0.968183    0.859448    57.680382  
[37m[36mINFO[0m[0m 09/04 01:32:36 | 0.856350    0.882963    0.000000    0.878102    0.326600    1.000000    0.792844    0.856350    0.882963    0.841463    200         5.653710    4.953221    3.375247    0.320957    0.354039    0.354039    0.385813    0.000000    0.327627    0.000000    5.215125    0.303000    0.000000    0.000000    1.013182    1.012112    0.921343    1.093549    1.086281    0.801596    0.817010    0.826324    56.524010  
[37m[36mINFO[0m[0m 09/04 01:35:02 | 0.854128    0.884444    0.000000    0.883543    0.313816    1.000000    0.798493    0.854128    0.884444    0.852134    300         8.480565    4.700522    2.142005    0.301217    0.317327    0.317327    0.355025    0.000000    0.114296    0.000000    5.089579    0.503000    0.000000    0.000000    1.072369    1.067609    0.928296    1.227844    1.209566    0.443972    0.478884    0.858880    60.520278  
[37m[36mINFO[0m[0m 09/04 01:37:27 | 0.847834    0.869630    0.000000    0.884051    0.305889    1.000000    0.798493    0.847834    0.869630    0.853659    400         11.307420   5.153589    1.627976    0.282518    0.292063    0.292063    0.342528    0.000000    0.035441    0.000000    5.016535    0.703000    0.000000    0.000000    1.130738    1.123631    0.936042    1.331278    1.307065    0.205896    0.245515    0.804135    64.385101  
[37m[36mINFO[0m[0m 09/04 01:39:46 | 0.865605    0.890370    0.000000    0.878987    0.314560    0.996466    0.785311    0.865605    0.890370    0.855183    500         14.134276   6.008822    1.522306    0.284346    0.289409    0.289409    0.342400    0.000000    0.016065    0.000000    4.969340    0.902980    0.000000    0.000000    1.164756    1.155961    0.939794    1.391551    1.362475    0.096604    0.139493    0.832921    55.610582  
[37m[36mINFO[0m[0m 09/04 01:42:09 | 0.858201    0.869630    0.000000    0.882944    0.298173    1.000000    0.789077    0.858201    0.869630    0.859756    600         16.961131   6.316327    1.372645    0.260479    0.265104    0.265104    0.319912    0.000000    0.010350    0.000000    4.943682    1.000000    0.000000    0.000000    1.181444    1.172782    0.942005    1.426088    1.395944    0.049876    0.091155    0.832366    59.432134  
[37m[36mINFO[0m[0m 09/04 01:44:32 | 0.850796    0.868148    0.000000    0.885802    0.298449    0.996466    0.796610    0.850796    0.868148    0.864329    700         19.787986   6.291880    1.366432    0.262911    0.266520    0.266520    0.321794    0.000000    0.007488    0.000000    4.925448    1.000000    0.000000    0.000000    1.190602    1.181822    0.942930    1.448761    1.417782    0.027735    0.068162    0.785384    64.549981  
[37m[36mINFO[0m[0m 09/04 01:46:57 | 0.851166    0.872593    0.000000    0.880631    0.312306    0.996466    0.787194    0.851166    0.872593    0.858232    800         22.614841   6.201480    1.307854    0.253155    0.256172    0.256172    0.316728    0.000000    0.006002    0.000000    4.893626    1.000000    0.000000    0.000000    1.196360    1.187567    0.944081    1.463758    1.432528    0.018801    0.057996    0.873559    58.277654  
[37m[36mINFO[0m[0m 09/04 01:49:17 | 0.851907    0.872593    0.000000    0.887177    0.304819    0.996466    0.802260    0.851907    0.872593    0.862805    900         25.441696   6.196153    1.313930    0.258162    0.257682    0.257682    0.322595    0.000000    0.005008    0.000000    4.882223    1.000000    0.000000    0.000000    1.200410    1.190764    0.944446    1.476969    1.443876    0.013857    0.053470    0.816872    58.280102  
[37m[36mINFO[0m[0m 09/04 01:51:37 | 0.854128    0.866667    0.000000    0.887536    0.305888    0.996466    0.807910    0.854128    0.866667    0.858232    1000        28.268551   6.159976    1.288684    0.254890    0.253205    0.253205    0.322022    0.000000    0.004195    0.000000    4.871291    1.000000    0.000000    0.000000    1.202840    1.193799    0.944925    1.487950    1.455443    0.010247    0.047612    0.813739    58.567665  
[37m[36mINFO[0m[0m 09/04 01:54:04 | 0.851907    0.869630    0.000000    0.886908    0.304682    0.996466    0.806026    0.851907    0.869630    0.858232    1100        31.095406   6.103373    1.248058    0.247222    0.245513    0.245513    0.321295    0.000000    0.003757    0.000000    4.855315    1.000000    0.000000    0.000000    1.204208    1.195070    0.945520    1.496547    1.463531    0.009131    0.045464    0.860987    60.942831  
[37m[36mINFO[0m[0m 09/04 01:56:29 | 0.855239    0.865185    0.000000    0.886879    0.304534    0.996466    0.813559    0.855239    0.865185    0.850610    1200        33.922261   6.069774    1.246707    0.247011    0.245512    0.245512    0.323792    0.000000    0.003530    0.000000    4.823067    1.000000    0.000000    0.000000    1.205797    1.195871    0.945360    1.505961    1.471666    0.007422    0.044475    0.829387    61.345362  
[37m[36mINFO[0m[0m 09/04 01:58:51 | 0.851166    0.860741    0.000000    0.882514    0.308497    0.996466    0.792844    0.851166    0.860741    0.858232    1300        36.749117   6.056918    1.239126    0.245054    0.244669    0.244669    0.319924    0.000000    0.003080    0.000000    4.817792    1.000000    0.000000    0.000000    1.205063    1.195790    0.945843    1.514766    1.481473    0.006440    0.040947    0.805321    61.519685  
[37m[36mINFO[0m[0m 09/04 02:01:17 | 0.858201    0.860741    0.000000    0.884636    0.307644    0.996466    0.802260    0.858201    0.860741    0.855183    1400        39.575972   6.063194    1.260092    0.250243    0.248853    0.248853    0.319053    0.000000    0.002887    0.000000    4.803102    1.000000    0.000000    0.000000    1.205469    1.196699    0.945776    1.522590    1.490121    0.005839    0.038419    0.885474    57.463075  
[37m[36mINFO[0m[0m 09/04 02:03:35 | 0.848945    0.851852    0.000000    0.881438    0.305646    0.996466    0.807910    0.848945    0.851852    0.839939    1500        42.402827   6.008205    1.213722    0.242163    0.239447    0.239447    0.314487    0.000000    0.002754    0.000000    4.794484    1.000000    0.000000    0.000000    1.206642    1.197125    0.945968    1.529125    1.495968    0.006195    0.038427    0.831606    54.726170  
[37m[36mINFO[0m[0m 09/04 02:05:48 | 0.835987    0.829630    0.000000    0.882724    0.310001    0.996466    0.804143    0.835987    0.829630    0.847561    1600        45.229682   5.876630    1.113407    0.220966    0.219796    0.219796    0.298774    0.000000    0.002651    0.000000    4.763223    1.000000    0.000000    0.000000    1.207995    1.197948    0.946381    1.536985    1.502857    0.004196    0.036297    0.791915    53.989971  
[37m[36mINFO[0m[0m 09/04 02:08:05 | 0.828582    0.829630    0.000000    0.881857    0.315398    0.996466    0.798493    0.828582    0.829630    0.850610    1700        48.056537   5.908831    1.146868    0.227788    0.226631    0.226631    0.316387    0.000000    0.002511    0.000000    4.761963    1.000000    0.000000    0.000000    1.204903    1.195023    0.946789    1.544280    1.510237    0.004259    0.035685    0.786363    58.706515  
[37m[36mINFO[0m[0m 09/04 02:10:27 | 0.843021    0.847407    0.000000    0.886639    0.313596    0.996466    0.809793    0.843021    0.847407    0.853659    1800        50.883392   5.951823    1.187586    0.236552    0.234891    0.234891    0.326017    0.000000    0.002294    0.000000    4.764237    1.000000    0.000000    0.000000    1.207778    1.197000    0.946977    1.549148    1.514126    0.003258    0.035282    0.857163    55.602952  
[37m[36mINFO[0m[0m 09/04 02:12:46 | 0.831174    0.842963    0.000000    0.881468    0.318228    0.996466    0.800377    0.831174    0.842963    0.847561    1900        53.710247   5.889462    1.144824    0.228738    0.226297    0.226297    0.312605    0.000000    0.002180    0.000000    4.744638    1.000000    0.000000    0.000000    1.209765    1.199503    0.947156    1.555938    1.522373    0.002068    0.031756    0.800991    59.189087  
[37m[36mINFO[0m[0m 09/04 02:15:10 | 0.848575    0.851852    0.000000    0.884009    0.322356    0.996466    0.800377    0.848575    0.851852    0.855183    2000        56.537102   5.896891    1.150437    0.231824    0.227069    0.227069    0.321175    0.000000    0.002067    0.000000    4.746454    1.000000    0.000000    0.000000    1.212031    1.201581    0.947600    1.561971    1.527928    0.001690    0.030847    0.828832    61.623617  
[37m[36mINFO[0m[0m 09/04 02:17:34 | 0.829322    0.828148    0.000000    0.878419    0.338704    0.996466    0.800377    0.829322    0.828148    0.838415    2100        59.363958   5.854146    1.124391    0.225486    0.222200    0.222200    0.306314    0.000000    0.002021    0.000000    4.729755    1.000000    0.000000    0.000000    1.212073    1.201410    0.947915    1.567520    1.533079    0.001725    0.030724    0.883689    55.544339  
[37m[36mINFO[0m[0m 09/04 02:19:51 | 0.840429    0.840000    0.000000    0.883830    0.322331    0.996466    0.813559    0.840429    0.840000    0.841463    2200        62.190813   5.813267    1.094714    0.221426    0.215942    0.215942    0.312469    0.000000    0.001904    0.000000    4.718553    1.000000    0.000000    0.000000    1.214616    1.203964    0.948665    1.571421    1.539072    0.002993    0.029430    0.823853    54.630369  
[37m[36mINFO[0m[0m 09/04 02:22:07 | 0.850796    0.853333    0.000000    0.883112    0.337378    0.996466    0.802260    0.850796    0.853333    0.850610    2300        65.017668   5.812152    1.093979    0.220694    0.215985    0.215985    0.316396    0.000000    0.001869    0.000000    4.718173    1.000000    0.000000    0.000000    1.213622    1.203525    0.948205    1.579100    1.544967    0.001204    0.028288    0.814198    54.347744  
[37m[36mINFO[0m[0m 09/04 02:24:29 | 0.823769    0.831111    0.000000    0.880332    0.328053    0.996466    0.798493    0.823769    0.831111    0.846037    2400        67.844523   5.818919    1.092650    0.220846    0.215753    0.215753    0.327929    0.000000    0.001758    0.000000    4.726269    1.000000    0.000000    0.000000    1.215890    1.204681    0.948379    1.584292    1.549566    0.001290    0.028207    0.849267    57.177165  
[37m[36mINFO[0m[0m 09/04 02:26:47 | 0.832284    0.842963    0.000000    0.883232    0.325993    0.996466    0.804143    0.832284    0.842963    0.849085    2500        70.671378   5.753838    1.052310    0.211491    0.208021    0.208021    0.310368    0.000000    0.001747    0.000000    4.701528    1.000000    0.000000    0.000000    1.216607    1.205767    0.948942    1.590128    1.556149    0.001290    0.027005    0.839225    54.027890  
[37m[36mINFO[0m[0m 09/04 02:29:05 | 0.835987    0.834074    0.000000    0.880960    0.331613    0.996466    0.800377    0.835987    0.834074    0.846037    2600        73.498233   5.775046    1.067419    0.213048    0.211521    0.211521    0.319893    0.000000    0.001657    0.000000    4.707627    1.000000    0.000000    0.000000    1.218257    1.208301    0.949316    1.594083    1.560823    0.001503    0.026060    0.800194    57.094581  
[37m[36mINFO[0m[0m 09/04 02:31:26 | 0.833025    0.831111    0.000000    0.882992    0.331883    0.996466    0.800377    0.833025    0.831111    0.852134    2700        76.325088   5.731376    1.034792    0.206434    0.205053    0.205053    0.307554    0.000000    0.001630    0.000000    4.696584    1.000000    0.000000    0.000000    1.218761    1.208723    0.949417    1.598218    1.565523    0.002219    0.025682    0.823337    58.773228  
[37m[36mINFO[0m[0m 09/04 02:33:49 | 0.831914    0.816296    0.000000    0.881498    0.338608    0.996466    0.792844    0.831914    0.816296    0.855183    2800        79.151943   5.749181    1.051082    0.211283    0.208039    0.208039    0.306408    0.000000    0.001529    0.000000    4.698099    1.000000    0.000000    0.000000    1.221236    1.210575    0.949675    1.606430    1.572189    0.000143    0.024378    0.871686    55.775598  
[37m[36mINFO[0m[0m 09/04 02:36:04 | 0.844872    0.841481    0.000000    0.880691    0.352241    0.996466    0.804143    0.844872    0.841481    0.841463    2900        81.978799   5.744436    1.059352    0.213220    0.209643    0.209643    0.311861    0.000000    0.001512    0.000000    4.685084    1.000000    0.000000    0.000000    1.224375    1.212955    0.950123    1.609305    1.575411    0.000736    0.024369    0.786616    56.949950  
[37m[36mINFO[0m[0m 09/04 02:38:23 | 0.821548    0.813333    0.000000    0.882066    0.330494    0.996466    0.809793    0.821548    0.813333    0.839939    3000        84.805654   5.766240    1.081696    0.219059    0.213859    0.213859    0.322682    0.000000    0.001441    0.000000    4.684544    1.000000    0.000000    0.000000    1.224139    1.214053    0.949901    1.614842    1.581356    0.000545    0.023186    0.824989    55.749560  
[37m[36mINFO[0m[0m 09/04 02:40:48 | 0.840059    0.840000    0.000000    0.882096    0.339604    0.996466    0.802260    0.840059    0.840000    0.847561    3100        87.632509   5.703020    1.026335    0.206010    0.203302    0.203302    0.300344    0.000000    0.001423    0.000000    4.676684    1.000000    0.000000    0.000000    1.225010    1.214605    0.950011    1.620075    1.586230    0.001033    0.023235    0.884046    57.186288  
[37m[36mINFO[0m[0m 09/04 02:43:06 | 0.825620    0.829630    0.000000    0.877672    0.343400    0.996466    0.796610    0.825620    0.829630    0.839939    3200        90.459364   5.697132    1.014607    0.202045    0.201455    0.201455    0.313908    0.000000    0.001349    0.000000    4.682525    1.000000    0.000000    0.000000    1.226923    1.216196    0.950683    1.624134    1.591094    0.000705    0.021739    0.816827    56.285694  
[37m[36mINFO[0m[0m 09/04 02:45:24 | 0.821548    0.808889    0.000000    0.878300    0.339366    0.996466    0.798493    0.821548    0.808889    0.839939    3300        93.286219   5.661509    0.989138    0.197576    0.196270    0.196270    0.308290    0.000000    0.001297    0.000000    4.672371    1.000000    0.000000    0.000000    1.227527    1.216355    0.950254    1.630528    1.595831    0.000243    0.022029    0.810539    56.870400  
[37m[36mINFO[0m[0m 09/04 02:47:46 | 0.840429    0.834074    0.000000    0.881588    0.359998    0.996466    0.802260    0.840429    0.834074    0.846037    3400        96.113074   5.738421    1.050546    0.209347    0.208692    0.208692    0.334087    0.000000    0.001286    0.000000    4.687875    1.000000    0.000000    0.000000    1.226047    1.215356    0.950016    1.635503    1.600181    0.000638    0.022294    0.832722    58.196075  
[37m[36mINFO[0m[0m 09/04 02:50:06 | 0.831914    0.828148    0.000000    0.881558    0.343773    0.996466    0.809793    0.831914    0.828148    0.838415    3500        98.939929   5.745287    1.058369    0.212445    0.209956    0.209956    0.320990    0.000000    0.001220    0.000000    4.686918    1.000000    0.000000    0.000000    1.230003    1.219349    0.950899    1.637791    1.603407    0.000088    0.020611    0.843210    56.322677  
[37m[36mINFO[0m[0m 09/04 02:52:26 | 0.823399    0.813333    0.000000    0.879525    0.345529    0.996466    0.809793    0.823399    0.813333    0.832317    3600        101.766784  5.701912    1.035315    0.208442    0.205254    0.205254    0.320745    0.000000    0.001171    0.000000    4.666597    1.000000    0.000000    0.000000    1.232659    1.222439    0.950988    1.642706    1.608600    0.000145    0.020236    0.790459    60.414404  
[37m[36mINFO[0m[0m 09/04 02:54:45 | 0.824509    0.811852    0.000000    0.879704    0.346176    0.996466    0.796610    0.824509    0.811852    0.846037    3700        104.593640  5.662023    0.985680    0.197352    0.195652    0.195652    0.303697    0.000000    0.001144    0.000000    4.676343    1.000000    0.000000    0.000000    1.229989    1.219344    0.950659    1.647136    1.611935    0.001087    0.021160    0.843691    54.715624  
[37m[36mINFO[0m[0m 09/04 02:57:04 | 0.825620    0.822222    0.000000    0.877911    0.355056    0.996466    0.800377    0.825620    0.822222    0.836890    3800        107.420495  5.691181    1.027551    0.206351    0.203988    0.203988    0.313424    0.000000    0.001049    0.000000    4.663631    1.000000    0.000000    0.000000    1.232575    1.221881    0.951474    1.652694    1.617692    0.000346    0.020162    0.864326    52.414633  
[37m[36mINFO[0m[0m 09/04 02:59:20 | 0.825990    0.813333    0.000000    0.877523    0.350076    0.996466    0.802260    0.825990    0.813333    0.833841    3900        110.247350  5.677594    1.010172    0.202781    0.200499    0.200499    0.318488    0.000000    0.001079    0.000000    4.667421    1.000000    0.000000    0.000000    1.235059    1.224731    0.951514    1.655020    1.621381    0.000750    0.019551    0.818844    54.560340  
[37m[36mINFO[0m[0m 09/04 03:01:41 | 0.821177    0.823704    0.000000    0.873995    0.348250    0.996466    0.794727    0.821177    0.823704    0.830793    4000        113.074205  5.690802    1.031784    0.206216    0.205057    0.205057    0.318932    0.000000    0.001068    0.000000    4.659019    1.000000    0.000000    0.000000    1.235051    1.224591    0.951351    1.659912    1.625079    0.000975    0.019790    0.812433    59.115778  
[37m[36mINFO[0m[0m 09/04 03:04:09 | 0.815994    0.801481    0.000000    0.873697    0.361214    0.996466    0.806026    0.815994    0.801481    0.818598    4100        115.901060  5.642669    0.976502    0.195418    0.193957    0.193957    0.324817    0.000000    0.001052    0.000000    4.666167    1.000000    0.000000    0.000000    1.235082    1.224164    0.951604    1.665247    1.629943    0.001001    0.019438    0.871567    61.629173  
[37m[36mINFO[0m[0m 09/04 03:06:27 | 0.809330    0.800000    0.000000    0.872232    0.357649    0.996466    0.790960    0.809330    0.800000    0.829268    4200        118.727915  5.619722    0.968290    0.194015    0.192306    0.192306    0.306817    0.000000    0.001010    0.000000    4.651432    1.000000    0.000000    0.000000    1.234243    1.223279    0.951317    1.670587    1.635034    0.001227    0.019961    0.781795    59.595679  
[37m[36mINFO[0m[0m 09/04 03:08:22 | 0.806738    0.800000    0.000000    0.871186    0.369270    0.996466    0.798493    0.806738    0.800000    0.818598    4300        121.554770  5.657484    1.001123    0.200614    0.198925    0.198925    0.331781    0.000000    0.000961    0.000000    4.656361    1.000000    0.000000    0.000000    1.235645    1.224716    0.952133    1.675052    1.640579    0.000740    0.018137    0.655516    48.861309  
[37m[36mINFO[0m[0m 09/04 03:10:11 | 0.825250    0.817778    0.000000    0.875998    0.354732    0.996466    0.802260    0.825250    0.817778    0.829268    4400        124.381625  5.651258    0.990003    0.198459    0.196691    0.196691    0.311803    0.000000    0.000956    0.000000    4.661256    1.000000    0.000000    0.000000    1.236172    1.225968    0.952147    1.680121    1.645331    0.000870    0.017864    0.578958    51.263973  
[37m[36mINFO[0m[0m 09/04 03:12:00 | 0.811922    0.797037    0.000000    0.874862    0.384149    0.996466    0.800377    0.811922    0.797037    0.827744    4500        127.208481  5.583982    0.926605    0.184554    0.184338    0.184338    0.315334    0.000000    0.000940    0.000000    4.657378    1.000000    0.000000    0.000000    1.237514    1.227052    0.952369    1.683599    1.648931    0.000876    0.017572    0.577725    51.716111  
[37m[36mINFO[0m[0m 09/04 03:13:46 | 0.811551    0.808889    0.000000    0.876536    0.362139    0.996466    0.794727    0.811551    0.808889    0.838415    4600        130.035336  5.562133    0.921358    0.185031    0.182953    0.182953    0.329008    0.000000    0.000903    0.000000    4.640775    1.000000    0.000000    0.000000    1.235034    1.225199    0.951542    1.690410    1.654897    0.000879    0.017438    0.572404    48.192771  
[37m[36mINFO[0m[0m 09/04 03:15:33 | 0.823769    0.819259    0.000000    0.874653    0.372479    0.996466    0.789077    0.823769    0.819259    0.838415    4700        132.862191  5.564811    0.920244    0.183275    0.183109    0.183109    0.316210    0.000000    0.000906    0.000000    4.644568    1.000000    0.000000    0.000000    1.235039    1.224480    0.952260    1.692647    1.657928    0.001527    0.017391    0.572237    49.810091  
[37m[36mINFO[0m[0m 09/04 03:17:22 | 0.807849    0.798519    0.000000    0.871873    0.371483    0.996466    0.785311    0.807849    0.798519    0.833841    4800        135.689046  5.542645    0.910843    0.182891    0.180915    0.180915    0.312930    0.000000    0.000859    0.000000    4.631803    1.000000    0.000000    0.000000    1.235584    1.224457    0.952023    1.699040    1.662768    0.000612    0.016870    0.575928    51.520911  
[37m[36mINFO[0m[0m 09/04 03:19:08 | 0.804887    0.795556    0.000000    0.876985    0.366123    0.996466    0.809793    0.804887    0.795556    0.824695    4900        138.515901  5.646250    0.997310    0.200432    0.198175    0.198175    0.338104    0.000000    0.000836    0.000000    4.648940    1.000000    0.000000    0.000000    1.239527    1.227861    0.952060    1.703962    1.667545    -0.000372   0.015936    0.570150    48.839301  
[37m[36mINFO[0m[0m 09/04 03:20:57 | 0.820437    0.813333    0.000000    0.879944    0.368014    0.996466    0.800377    0.820437    0.813333    0.842988    5000        141.342756  5.570880    0.946921    0.189368    0.188353    0.188353    0.323295    0.000000    0.000828    0.000000    4.623958    1.000000    0.000000    0.000000    1.240365    1.229672    0.952460    1.707264    1.671920    0.000649    0.016013    0.573920    51.184616  
[37m[36mINFO[0m[0m 09/04 03:20:57 | ---
[37m[36mINFO[0m[0m 09/04 03:20:57 | oracle = 86.561%
[37m[36mINFO[0m[0m 09/04 03:20:57 | iid = 85.413%
[37m[36mINFO[0m[0m 09/04 03:20:57 | last = 82.044%
[37m[36mINFO[0m[0m 09/04 03:20:57 | last (inD) = 87.994%
[37m[36mINFO[0m[0m 09/04 03:20:57 | iid (inD) = 88.754%
[37m[36mINFO[0m[0m 09/04 03:20:57 | 
[37m[36mINFO[0m[0m 09/04 03:22:11 | Testenv name escaping te_SUN -> te_SUN
[37m[36mINFO[0m[0m 09/04 03:22:11 | Test envs = [3], name = te_SUN
[37m[36mINFO[0m[0m 09/04 03:22:11 | Batch sizes for each domain: [32, 32, 32, 0] (total=96)
[37m[36mINFO[0m[0m 09/04 03:22:11 | steps-per-epoch for each domain: 35.38, 66.41, 84.41 -> min = 35.38
[37m[36mINFO[0m[0m 09/04 03:22:34 | # of params = 151206401
[37m[36mINFO[0m[0m 09/04 03:23:31 | test_in     test_out    train_in    train_out   tr_outloss  env0_out    env1_out    env2_out    env3_in     env3_out    step        epoch       total_loss  cipt_base_  cipt_cls_l  cipt_de_lo  cipt_de_or  cipt_de_au  aug_decomp  cipt_ind_l  causal_con  dccl_contr  contrastiv  pre_cl_los  reg_loss    mean_e_nor  mean_e_aug  mean_e_aug  mean_s_nor  mean_s_aug  mean_es_co  mean_e_aug  step_time   eval_time  
[37m[36mINFO[0m[0m 09/04 03:23:31 | 0.546839    0.554878    0.000000    0.694040    0.883610    0.968198    0.457627    0.656296    0.546839    0.554878    0           0.000000    10.092314   10.081594   1.046722    1.633718    1.633718    1.604448    0.000000    0.500000    0.000000    5.359849    0.002000    0.000000    0.000000    1.000000    1.000000    0.929854    1.000000    1.000000    1.000000    1.000000    0.558650    56.371391  
[37m[36mINFO[0m[0m 09/04 03:25:21 | 0.717822    0.727134    0.000000    0.895872    0.297761    0.996466    0.802260    0.888889    0.717822    0.727134    100         2.826855    5.670488    5.131611    0.459407    0.593438    0.593438    0.616527    0.000000    0.459691    0.000000    5.244414    0.103000    0.000000    0.000000    0.997580    0.997210    0.923666    1.023098    1.021588    0.958281    0.962221    0.567135    53.079945  
[37m[36mINFO[0m[0m 09/04 03:27:10 | 0.765804    0.777439    0.000000    0.900013    0.275701    1.000000    0.802260    0.897778    0.765804    0.777439    200         5.653710    4.668297    3.110685    0.306608    0.334738    0.334738    0.353754    0.000000    0.293025    0.000000    5.151192    0.303000    0.000000    0.000000    1.015519    1.013136    0.924812    1.106759    1.100023    0.754312    0.772419    0.569513    51.345279  
[37m[36mINFO[0m[0m 09/04 03:28:58 | 0.775704    0.788110    0.000000    0.900280    0.260191    1.000000    0.806026    0.894815    0.775704    0.788110    300         8.480565    4.369999    1.851739    0.270910    0.285117    0.285117    0.309325    0.000000    0.088072    0.000000    5.009895    0.503000    0.000000    0.000000    1.090215    1.083162    0.933764    1.243060    1.227961    0.382093    0.416855    0.567953    51.647089  
[37m[36mINFO[0m[0m 09/04 03:30:49 | 0.777989    0.792683    0.000000    0.902750    0.261545    1.000000    0.806026    0.902222    0.777989    0.792683    400         11.307420   4.978714    1.512910    0.270210    0.278739    0.278739    0.299213    0.000000    0.025549    0.000000    4.931431    0.703000    0.000000    0.000000    1.153529    1.143633    0.940863    1.338089    1.318587    0.165305    0.204236    0.576296    53.617352  
[37m[36mINFO[0m[0m 09/04 03:32:38 | 0.803123    0.807927    0.000000    0.904097    0.258316    1.000000    0.804143    0.908148    0.803123    0.807927    500         14.134276   5.783944    1.367196    0.257479    0.262512    0.262512    0.284065    0.000000    0.011934    0.000000    4.892008    0.902980    0.000000    0.000000    1.184804    1.174082    0.944433    1.388865    1.368263    0.075821    0.113703    0.571377    51.944530  
[37m[36mINFO[0m[0m 09/04 03:34:28 | 0.781417    0.782012    0.000000    0.907638    0.251530    1.000000    0.819209    0.903704    0.781417    0.782012    600         16.961131   6.107469    1.251340    0.240640    0.243444    0.243444    0.267290    0.000000    0.007385    0.000000    4.856130    1.000000    0.000000    0.000000    1.201733    1.190460    0.946273    1.417023    1.395125    0.037557    0.075315    0.566890    52.902778  
[37m[36mINFO[0m[0m 09/04 03:36:18 | 0.794745    0.792683    0.000000    0.904231    0.253256    1.000000    0.806026    0.906667    0.794745    0.792683    700         19.787986   6.078904    1.257481    0.245196    0.246306    0.246306    0.271743    0.000000    0.005412    0.000000    4.821422    1.000000    0.000000    0.000000    1.208424    1.196892    0.947181    1.434536    1.412893    0.022333    0.058395    0.575925    51.985620  
[37m[36mINFO[0m[0m 09/04 03:38:06 | 0.784082    0.786585    0.000000    0.905302    0.251190    1.000000    0.821092    0.894815    0.784082    0.786585    800         22.614841   6.013786    1.222105    0.243599    0.239028    0.239028    0.263550    0.000000    0.004479    0.000000    4.791681    1.000000    0.000000    0.000000    1.212441    1.200414    0.947433    1.446915    1.424826    0.016453    0.051701    0.570984    51.179078  
[37m[36mINFO[0m[0m 09/04 03:39:58 | 0.757807    0.763720    0.000000    0.908131    0.256375    1.000000    0.819209    0.905185    0.757807    0.763720    900         25.441696   6.004834    1.220303    0.242071    0.239970    0.239970    0.265179    0.000000    0.003671    0.000000    4.784531    1.000000    0.000000    0.000000    1.215932    1.204022    0.948731    1.458552    1.436628    0.010590    0.044444    0.575848    53.937497  
[37m[36mINFO[0m[0m 09/04 03:41:47 | 0.792460    0.791159    0.000000    0.906156    0.251882    1.000000    0.819209    0.899259    0.792460    0.791159    1000        28.268551   5.903940    1.155550    0.230743    0.227213    0.227213    0.259495    0.000000    0.003191    0.000000    4.748390    1.000000    0.000000    0.000000    1.217906    1.205450    0.948946    1.468074    1.445755    0.007733    0.041218    0.574512    52.321375  
[37m[36mINFO[0m[0m 09/04 03:43:37 | 0.770373    0.762195    0.000000    0.908307    0.252277    1.000000    0.828625    0.896296    0.770373    0.762195    1100        31.095406   5.881087    1.147289    0.226954    0.226492    0.226492    0.256880    0.000000    0.002874    0.000000    4.733799    1.000000    0.000000    0.000000    1.218760    1.206594    0.948682    1.474760    1.453221    0.007641    0.039660    0.575343    52.000294  
[37m[36mINFO[0m[0m 09/04 03:45:27 | 0.769231    0.765244    0.000000    0.907546    0.253157    1.000000    0.824859    0.897778    0.769231    0.765244    1200        33.922261   5.779549    1.062953    0.210231    0.209804    0.209804    0.247950    0.000000    0.002701    0.000000    4.716596    1.000000    0.000000    0.000000    1.219439    1.206547    0.949270    1.482285    1.460103    0.006107    0.038084    0.573816    52.674452  
[37m[36mINFO[0m[0m 09/04 03:47:18 | 0.769231    0.751524    0.000000    0.900950    0.262673    1.000000    0.815443    0.887407    0.769231    0.751524    1300        36.749117   5.836082    1.132385    0.226298    0.223577    0.223577    0.260015    0.000000    0.002356    0.000000    4.703697    1.000000    0.000000    0.000000    1.221101    1.208387    0.949760    1.490123    1.467952    0.003533    0.034503    0.566708    53.920563  
[37m[36mINFO[0m[0m 09/04 03:49:07 | 0.768088    0.743902    0.000000    0.897811    0.269185    1.000000    0.806026    0.887407    0.768088    0.743902    1400        39.575972   5.791095    1.097789    0.220073    0.216482    0.216482    0.251902    0.000000    0.002358    0.000000    4.693306    1.000000    0.000000    0.000000    1.220363    1.207793    0.950155    1.495758    1.474434    0.003924    0.033582    0.572046    52.490193  
[37m[36mINFO[0m[0m 09/04 03:50:55 | 0.767327    0.751524    0.000000    0.904181    0.259885    1.000000    0.819209    0.893333    0.767327    0.751524    1500        42.402827   5.741942    1.063525    0.212297    0.210034    0.210034    0.252277    0.000000    0.002219    0.000000    4.678417    1.000000    0.000000    0.000000    1.225028    1.211623    0.950095    1.502989    1.480821    0.002038    0.031655    0.569325    50.732718  
[37m[36mINFO[0m[0m 09/04 03:52:45 | 0.776847    0.757622    0.000000    0.908039    0.261625    1.000000    0.824859    0.899259    0.776847    0.757622    1600        45.229682   5.715485    1.048273    0.209080    0.207230    0.207230    0.250948    0.000000    0.002054    0.000000    4.667212    1.000000    0.000000    0.000000    1.224919    1.212167    0.950861    1.506824    1.486012    0.002536    0.030012    0.568012    52.758920  
[37m[36mINFO[0m[0m 09/04 03:54:33 | 0.773039    0.750000    0.000000    0.903687    0.264600    1.000000    0.819209    0.891852    0.773039    0.750000    1700        48.056537   5.672381    1.022503    0.205329    0.201859    0.201859    0.245108    0.000000    0.001947    0.000000    4.649878    1.000000    0.000000    0.000000    1.226128    1.213621    0.950684    1.513035    1.492607    0.002084    0.028294    0.575387    50.820229  
[37m[36mINFO[0m[0m 09/04 03:56:20 | 0.768088    0.748476    0.000000    0.901042    0.271732    1.000000    0.809793    0.893333    0.768088    0.748476    1800        50.883392   5.688911    1.036736    0.208247    0.204766    0.204766    0.254083    0.000000    0.001885    0.000000    4.652175    1.000000    0.000000    0.000000    1.226025    1.212570    0.950252    1.519255    1.496749    0.001326    0.029345    0.565175    50.769799  
[37m[36mINFO[0m[0m 09/04 03:58:12 | 0.748667    0.737805    0.000000    0.906516    0.269859    1.000000    0.817326    0.902222    0.748667    0.737805    1900        53.710247   5.592698    0.964601    0.193233    0.190577    0.190577    0.244492    0.000000    0.001812    0.000000    4.628097    1.000000    0.000000    0.000000    1.227328    1.213892    0.950600    1.523719    1.502564    0.002457    0.028480    0.579561    53.461030  
[37m[36mINFO[0m[0m 09/04 04:00:02 | 0.766946    0.756098    0.000000    0.897945    0.270475    1.000000    0.807910    0.885926    0.766946    0.756098    2000        56.537102   5.639027    1.005086    0.203407    0.198272    0.198272    0.251744    0.000000    0.001718    0.000000    4.633942    1.000000    0.000000    0.000000    1.228927    1.216429    0.951827    1.529589    1.509524    0.000419    0.024623    0.572410    52.754059  
[37m[36mINFO[0m[0m 09/04 04:01:53 | 0.748667    0.737805    0.000000    0.898263    0.278561    1.000000    0.798493    0.896296    0.748667    0.737805    2100        59.363958   5.593809    0.956695    0.191803    0.189179    0.189179    0.240862    0.000000    0.001635    0.000000    4.637113    1.000000    0.000000    0.000000    1.229103    1.216359    0.951536    1.533050    1.513079    0.000787    0.024649    0.575762    53.345018  
[37m[36mINFO[0m[0m 09/04 04:03:43 | 0.758568    0.748476    0.000000    0.899962    0.276421    1.000000    0.815443    0.884444    0.758568    0.748476    2200        62.190813   5.583391    0.963378    0.193040    0.190568    0.190568    0.237630    0.000000    0.001613    0.000000    4.620013    1.000000    0.000000    0.000000    1.229942    1.217434    0.952075    1.537574    1.517913    0.001056    0.024075    0.568150    53.514036  
[37m[36mINFO[0m[0m 09/04 04:05:33 | 0.738005    0.734756    0.000000    0.896422    0.293236    1.000000    0.800377    0.888889    0.738005    0.734756    2300        65.017668   5.531099    0.925008    0.185260    0.183074    0.183074    0.243433    0.000000    0.001490    0.000000    4.606091    1.000000    0.000000    0.000000    1.231027    1.218017    0.951991    1.543684    1.523212    -0.000514   0.022803    0.564704    53.178216  
[37m[36mINFO[0m[0m 09/04 04:07:22 | 0.741051    0.728659    0.000000    0.891843    0.290095    1.000000    0.798493    0.877037    0.741051    0.728659    2400        67.844523   5.560285    0.951493    0.190768    0.188386    0.188386    0.253214    0.000000    0.001436    0.000000    4.608792    1.000000    0.000000    0.000000    1.233866    1.221321    0.952224    1.548248    1.527942    0.000101    0.022403    0.564765    52.681715  
[37m[36mINFO[0m[0m 09/04 04:09:14 | 0.756283    0.746951    0.000000    0.890814    0.289245    1.000000    0.790960    0.881481    0.756283    0.746951    2500        70.671378   5.585939    0.973358    0.197622    0.192201    0.192201    0.251250    0.000000    0.001386    0.000000    4.612580    1.000000    0.000000    0.000000    1.234408    1.221797    0.952421    1.550546    1.531311    0.000401    0.021706    0.578589    53.882883  
[37m[36mINFO[0m[0m 09/04 04:11:03 | 0.727342    0.724085    0.000000    0.897903    0.294568    1.000000    0.800377    0.893333    0.727342    0.724085    2600        73.498233   5.563011    0.959707    0.195523    0.189391    0.189391    0.254031    0.000000    0.001324    0.000000    4.603304    1.000000    0.000000    0.000000    1.237043    1.224428    0.952703    1.555062    1.535483    0.000586    0.021317    0.573196    51.489483  
[37m[36mINFO[0m[0m 09/04 04:12:51 | 0.747144    0.733232    0.000000    0.897276    0.281973    1.000000    0.798493    0.893333    0.747144    0.733232    2700        76.325088   5.484794    0.916705    0.187504    0.180669    0.180669    0.236943    0.000000    0.001305    0.000000    4.568089    1.000000    0.000000    0.000000    1.237851    1.225018    0.953118    1.559970    1.541079    0.000309    0.020250    0.573233    51.138644  
[37m[36mINFO[0m[0m 09/04 04:14:39 | 0.752475    0.731707    0.000000    0.898475    0.284950    0.996466    0.804143    0.894815    0.752475    0.731707    2800        79.151943   5.504110    0.908060    0.183185    0.179635    0.179635    0.247595    0.000000    0.001267    0.000000    4.596050    1.000000    0.000000    0.000000    1.236615    1.224665    0.952296    1.564056    1.544586    0.001079    0.020893    0.572165    50.441390  
[37m[36mINFO[0m[0m 09/04 04:16:27 | 0.749429    0.742378    0.000000    0.891344    0.300094    0.996466    0.787194    0.890370    0.749429    0.742378    2900        81.978799   5.452255    0.860098    0.172880    0.170290    0.170290    0.250702    0.000000    0.001212    0.000000    4.592156    1.000000    0.000000    0.000000    1.236890    1.224276    0.952608    1.568796    1.549566    0.000572    0.019430    0.574323    50.768375  
[37m[36mINFO[0m[0m 09/04 04:18:16 | 0.738005    0.730183    0.000000    0.892641    0.296534    0.996466    0.798493    0.882963    0.738005    0.730183    3000        84.805654   5.486632    0.899492    0.180887    0.178141    0.178141    0.249841    0.000000    0.001208    0.000000    4.587141    1.000000    0.000000    0.000000    1.238165    1.225856    0.953481    1.573158    1.554076    0.000381    0.018750    0.573196    51.455496  
[37m[36mINFO[0m[0m 09/04 04:20:05 | 0.743336    0.737805    0.000000    0.899596    0.299956    0.996466    0.806026    0.896296    0.743336    0.737805    3100        87.632509   5.437690    0.849859    0.169758    0.168583    0.168583    0.242459    0.000000    0.001154    0.000000    4.587831    1.000000    0.000000    0.000000    1.239092    1.227066    0.953320    1.577791    1.560210    0.000239    0.016990    0.565592    52.462875  
[37m[36mINFO[0m[0m 09/04 04:21:55 | 0.737243    0.740854    0.000000    0.896993    0.301287    0.996466    0.804143    0.890370    0.737243    0.740854    3200        90.459364   5.459382    0.878497    0.175971    0.174239    0.174239    0.254276    0.000000    0.001115    0.000000    4.580884    1.000000    0.000000    0.000000    1.238849    1.226654    0.953415    1.582340    1.564022    0.000004    0.016933    0.572697    53.217633  
[37m[36mINFO[0m[0m 09/04 04:23:45 | 0.743336    0.745427    0.000000    0.895830    0.302721    0.996466    0.794727    0.896296    0.743336    0.745427    3300        93.286219   5.430326    0.852564    0.171355    0.168996    0.168996    0.239646    0.000000    0.001045    0.000000    4.577763    1.000000    0.000000    0.000000    1.240108    1.227821    0.953394    1.587604    1.568198    0.000227    0.017593    0.568103    52.508842  
[37m[36mINFO[0m[0m 09/04 04:25:34 | 0.742955    0.743902    0.000000    0.896098    0.302372    0.996466    0.798493    0.893333    0.742955    0.743902    3400        96.113074   5.473631    0.897101    0.179893    0.178049    0.178049    0.254459    0.000000    0.001003    0.000000    4.576530    1.000000    0.000000    0.000000    1.242970    1.230434    0.953926    1.591436    1.572228    -0.000616   0.015930    0.570999    52.107319  
[37m[36mINFO[0m[0m 09/04 04:27:22 | 0.760091    0.742378    0.000000    0.893947    0.308964    0.996466    0.789077    0.896296    0.760091    0.742378    3500        98.939929   5.405088    0.835849    0.167193    0.165936    0.165936    0.248426    0.000000    0.000982    0.000000    4.569240    1.000000    0.000000    0.000000    1.243989    1.230946    0.953707    1.592962    1.574032    0.000580    0.017118    0.565790    50.936087  
[37m[36mINFO[0m[0m 09/04 04:29:11 | 0.731531    0.727134    0.000000    0.894482    0.313950    0.996466    0.796610    0.890370    0.731531    0.727134    3600        101.766784  5.408674    0.821109    0.164713    0.162914    0.162914    0.248495    0.000000    0.000948    0.000000    4.587565    1.000000    0.000000    0.000000    1.244043    1.231957    0.954057    1.598158    1.579913    -0.000053   0.015005    0.575984    51.728127  
[37m[36mINFO[0m[0m 09/04 04:30:58 | 0.726200    0.722561    0.000000    0.899103    0.322080    0.996466    0.806026    0.894815    0.726200    0.722561    3700        104.593640  5.365588    0.817225    0.164227    0.161977    0.161977    0.250997    0.000000    0.001018    0.000000    4.548363    1.000000    0.000000    0.000000    1.244848    1.232690    0.954014    1.602901    1.585064    0.000137    0.014392    0.565427    50.484714  
[37m[36mINFO[0m[0m 09/04 04:32:49 | 0.729627    0.724085    0.000000    0.897847    0.307387    0.996466    0.802260    0.894815    0.729627    0.724085    3800        107.420495  5.447557    0.861852    0.172959    0.171070    0.171070    0.260115    0.000000    0.000923    0.000000    4.585705    1.000000    0.000000    0.000000    1.244770    1.232960    0.954396    1.606969    1.588697    0.000030    0.014230    0.579916    53.172996  
[37m[36mINFO[0m[0m 09/04 04:34:41 | 0.725057    0.721037    0.000000    0.887393    0.324814    0.996466    0.787194    0.878519    0.725057    0.721037    3900        110.247350  5.440481    0.871729    0.175784    0.172873    0.172873    0.266613    0.000000    0.000890    0.000000    4.568752    1.000000    0.000000    0.000000    1.245841    1.233387    0.954084    1.611418    1.592897    0.000091    0.013943    0.574160    54.381922  
[37m[36mINFO[0m[0m 09/04 04:36:30 | 0.741051    0.736280    0.000000    0.892239    0.315883    0.996466    0.792844    0.887407    0.741051    0.736280    4000        113.074205  5.401474    0.833142    0.168784    0.164986    0.164986    0.251757    0.000000    0.000883    0.000000    4.568333    1.000000    0.000000    0.000000    1.244937    1.233037    0.954115    1.617413    1.597480    -0.000254   0.014515    0.572502    51.894022  
[37m[36mINFO[0m[0m 09/04 04:38:19 | 0.722772    0.717988    0.000000    0.895646    0.313059    0.996466    0.806026    0.884444    0.722772    0.717988    4100        115.901060  5.381471    0.825554    0.164991    0.163934    0.163934    0.256461    0.000000    0.000965    0.000000    4.555917    1.000000    0.000000    0.000000    1.246429    1.234414    0.954256    1.620374    1.602129    0.000010    0.013050    0.567537    52.345047  
[37m[36mINFO[0m[0m 09/04 04:40:09 | 0.727342    0.722561    0.000000    0.894616    0.313312    0.996466    0.798493    0.888889    0.727342    0.722561    4200        118.727915  5.396509    0.834593    0.167582    0.165675    0.165675    0.249198    0.000000    0.000862    0.000000    4.561916    1.000000    0.000000    0.000000    1.246840    1.234988    0.954682    1.623366    1.604549    0.000948    0.013552    0.572290    52.620885  
[37m[36mINFO[0m[0m 09/04 04:41:58 | 0.742955    0.730183    0.000000    0.892239    0.318051    0.996466    0.792844    0.887407    0.742955    0.730183    4300        121.554770  5.370303    0.814580    0.163452    0.161731    0.161731    0.258432    0.000000    0.000841    0.000000    4.555723    1.000000    0.000000    0.000000    1.247853    1.235896    0.954506    1.627532    1.609193    0.000476    0.012595    0.578196    51.284435  
[37m[36mINFO[0m[0m 09/04 04:43:41 | 0.736862    0.721037    0.000000    0.888021    0.325846    0.996466    0.789077    0.878519    0.736862    0.721037    4400        124.381625  5.348071    0.789884    0.158679    0.156777    0.156777    0.248870    0.000000    0.000819    0.000000    4.558188    1.000000    0.000000    0.000000    1.249351    1.237704    0.955041    1.632604    1.614446    0.000044    0.012199    0.562305    46.753300  
[37m[36mINFO[0m[0m 09/04 04:45:22 | 0.718203    0.717988    0.000000    0.890758    0.333571    0.996466    0.792844    0.882963    0.718203    0.717988    4500        127.208481  5.376242    0.822818    0.164571    0.163570    0.163570    0.258291    0.000000    0.000794    0.000000    4.553424    1.000000    0.000000    0.000000    1.247704    1.236812    0.955088    1.635734    1.618047    0.000482    0.011191    0.545221    46.254424  
[37m[36mINFO[0m[0m 09/04 04:47:04 | 0.734958    0.722561    0.000000    0.891611    0.322748    0.996466    0.790960    0.887407    0.734958    0.722561    4600        130.035336  5.360528    0.791924    0.159834    0.157082    0.157082    0.252760    0.000000    0.000752    0.000000    4.568604    1.000000    0.000000    0.000000    1.248231    1.237407    0.954935    1.639083    1.621270    0.000383    0.011269    0.547874    46.837294  
[37m[36mINFO[0m[0m 09/04 04:48:44 | 0.734577    0.721037    0.000000    0.888113    0.334039    0.996466    0.783427    0.884444    0.734577    0.721037    4700        132.862191  5.343614    0.790923    0.159425    0.156920    0.156920    0.255797    0.000000    0.000763    0.000000    4.552691    1.000000    0.000000    0.000000    1.250486    1.239023    0.955216    1.645447    1.626819    0.000286    0.010964    0.543776    46.247254  
[37m[36mINFO[0m[0m 09/04 04:50:26 | 0.738766    0.731707    0.000000    0.891879    0.331108    0.996466    0.794727    0.884444    0.738766    0.731707    4800        135.689046  5.412694    0.852872    0.171306    0.169389    0.169389    0.265559    0.000000    0.000802    0.000000    4.559822    1.000000    0.000000    0.000000    1.249694    1.238263    0.954928    1.649716    1.630255    0.000333    0.011137    0.545217    47.443217  
[37m[36mINFO[0m[0m 09/04 04:52:08 | 0.744859    0.740854    0.000000    0.889410    0.331028    0.996466    0.794727    0.877037    0.744859    0.740854    4900        138.515901  5.329109    0.782270    0.156746    0.155471    0.155471    0.249633    0.000000    0.000728    0.000000    4.546838    1.000000    0.000000    0.000000    1.249982    1.239116    0.955245    1.651714    1.633878    0.000188    0.010135    0.544513    46.655418  
[37m[36mINFO[0m[0m 09/04 04:53:49 | 0.759711    0.753049    0.000000    0.889502    0.326792    0.996466    0.789077    0.882963    0.759711    0.753049    5000        141.342756  5.298790    0.755021    0.151481    0.150031    0.150031    0.252298    0.000000    0.000683    0.000000    4.543769    1.000000    0.000000    0.000000    1.248425    1.237081    0.955005    1.656729    1.637859    0.000262    0.010617    0.542524    46.702948  
[37m[36mINFO[0m[0m 09/04 04:53:49 | ---
[37m[36mINFO[0m[0m 09/04 04:53:49 | oracle = 80.312%
[37m[36mINFO[0m[0m 09/04 04:53:49 | iid = 77.037%
[37m[36mINFO[0m[0m 09/04 04:53:49 | last = 75.971%
[37m[36mINFO[0m[0m 09/04 04:53:49 | last (inD) = 88.950%
[37m[36mINFO[0m[0m 09/04 04:53:49 | iid (inD) = 90.831%
[37m[36mINFO[0m[0m 09/04 04:53:49 | === Summary ===
[37m[36mINFO[0m[0m 09/04 04:53:49 | Command: train_all.py vlcs_stochastic_diverse_prompts_aug0 --dataset VLCS --algorithm CIPTDCCL --data_dir /home/hooasia/lgg/data/repro_dccl_data --deterministic --trial_seed 0 --seed 0 --checkpoint_freq 100 --cipt_clip_path /home/hooasia/.cache/clip/ViT-B-16.pt --cipt_beta 4 --cipt_gamma 5 --cipt_k 4 --cipt_prompt_length 16 --cipt_prompt_init a photo of a --cipt_template_mode b5c --cipt_prompt_temperature 0.1 --cipt_causal_contrastive_weight 1 --cipt_contrastive_warmup_steps 500 --cipt_aug_decomp_weight 0 --output_root train_output/VLCS_stochastic_diverse
[37m[36mINFO[0m[0m 09/04 04:53:49 | Unique name: 260903_20-21-38_vlcs_stochastic_diverse_prompts_aug0
[37m[36mINFO[0m[0m 09/04 04:53:49 | Out path: train_output/VLCS_stochastic_diverse/VLCS/260903_20-21-38_vlcs_stochastic_diverse_prompts_aug0
[37m[36mINFO[0m[0m 09/04 04:53:49 | Algorithm: CIPTDCCL
[37m[36mINFO[0m[0m 09/04 04:53:49 | Dataset: VLCS
+------------+----------+---------+---------+---------+---------+
| Selection  |   env0   |   env1  |   env2  |   env3  |   Avg.  |
+------------+----------+---------+---------+---------+---------+
|   oracle   | 100.000% | 71.859% | 86.561% | 80.312% | 84.683% |
|    iid     | 99.735%  | 66.729% | 85.413% | 77.037% | 82.229% |
|    last    | 93.463%  | 61.647% | 82.044% | 75.971% | 78.281% |
| last (inD) | 83.880%  | 91.940% | 87.994% | 88.950% | 88.191% |
| iid (inD)  | 86.555%  | 93.400% | 88.754% | 90.831% | 89.885% |
+------------+----------+---------+---------+---------+---------+
