[37m[36mINFO[0m[0m 09/01 09:57:00 | Command :: train_all.py vlcs_stochastic_diverse_prompts --dataset VLCS --algorithm CIPTDCCL --data_dir /home/hooasia/lgg/data/repro_dccl_data --deterministic --trial_seed 0 --seed 0 --checkpoint_freq 100 --cipt_clip_path /home/hooasia/.cache/clip/ViT-B-16.pt --cipt_beta 4 --cipt_gamma 5 --cipt_k 4 --cipt_prompt_length 16 --cipt_prompt_init a photo of a --cipt_template_mode b5c --cipt_prompt_temperature 0.1 --cipt_causal_contrastive_weight 0.1 --cipt_contrastive_warmup_steps 500 --cipt_aug_decomp_weight 0.5 --output_root train_output/VLCS_stochastic_diverse
Environment:
	Python: 3.10.20
	PyTorch: 2.5.1+cu121
	Torchvision: 0.20.1+cu121
	CUDA: 12.1
	CUDNN: 90100
	NumPy: 2.2.6
	PIL: 12.0.0
Args:
	TN: False
	algorithm: CIPTDCCL
	aug: 0
	checkpoint_freq: 100
	cipt_beta: 4.0
	cipt_clip_backbone: ViT-B/16
	cipt_clip_path: /home/hooasia/.cache/clip/ViT-B-16.pt
	cipt_contrastive_weight: 1.0
	cipt_debug_shapes: False
	cipt_enabled: True
	cipt_gamma: 5.0
	cipt_k: 4
	cipt_prompt_init: a photo of a
	cipt_prompt_length: 16
	cipt_tda_heads: 1
	configs: []
	data_dir: /home/hooasia/lgg/data/repro_dccl_data
	dataset: VLCS
	debug: False
	deterministic: True
	domainnet_auto_source_count: 3
	erm_baseline: weak
	evalmode: fast
	holdout_fraction: 0.2
	l: 1
	l_d: None
	l_layer: None
	label_ratio: 1.0
	lamda: 5
	log: False
	mix: 0
	model: resnet50
	model_save: None
	n_layer: 1
	name: vlcs_stochastic_diverse_prompts
	out_dir: train_output/VLCS_stochastic_diverse/VLCS/260901_09-57-00_vlcs_stochastic_diverse_prompts
	out_root: train_output/VLCS_stochastic_diverse/VLCS
	output_root: train_output/VLCS_stochastic_diverse
	pos_mask: False
	prebuild_loader: False
	re_w: False
	sample_d: False
	seed: 0
	show: False
	source_envs: None
	start_epoch: 1000
	steps: None
	sup: True
	t: 0.1
	t_pre: 0.2
	target_env: None
	tb_freq: 10
	test_envs: None
	trial_seed: 0
	two_ce: False
	unique_name: 260901_09-57-00_vlcs_stochastic_diverse_prompts
	weak_erm: False
	work_dir: .
HParams:
	data_augmentation: True
	val_augment: False
	resnet18: False
	resnet_dropout: 0.0
	class_balanced: False
	optimizer: adam
	cipt_enabled: True
	cipt_clip_backbone: ViT-B/16
	cipt_clip_path: /home/hooasia/.cache/clip/ViT-B-16.pt
	cipt_beta: 4.0
	cipt_gamma: 5.0
	cipt_k: 4
	cipt_prompt_length: 16
	cipt_prompt_init: a photo of a
	[36mcipt_template_mode: b5c
	[0mcipt_tda_heads: 1
	cipt_contrastive_weight: 1.0
	cipt_debug_shapes: False
	freeze_bn: True
	pretrained: True
	lr: 5e-05
	batch_size: 32
	weight_decay: 0.0
	t: 0.1
	t_pre: 0.2
	l: 1
	l_d: 0.05
	l_layer: 1
	n_layer: 1
	sup: True
	two_ce: False
	sample_d: False
	re_w: False
	pos_mask: False
	mix: 0
	aug: 0
	model: resnet50
	label_ratio: 1.0
	TN: False
	lamda: 5
	start_epoch: 1000
	log: False
	swad: None
	swad_kwargs: 
	  n_converge: 3
	  n_tolerance: 6
	  tolerance_ratio: 0.3
	test_batchsize: 128
	indomain_test: False
	cipt_pure: False
	[36mcipt_prompt_temperature: 0.1
	[0m[36mcipt_causal_contrastive_weight: 0.1
	[0m[36mcipt_contrastive_warmup_steps: 500
	[0m[36mcipt_aug_decomp_weight: 0.5[0m
Dataset:
	[VLCS] #envs=4, #classes=5
	env0: CALTECH (#1415)
	env1: LABELME (#2656)
	env2: PASCAL (#3376)
	env3: SUN (#3282)

[37m[36mINFO[0m[0m 09/01 09:58:22 | n_steps = 5001
[37m[36mINFO[0m[0m 09/01 09:58:22 | checkpoint_freq = 100
[37m[36mINFO[0m[0m 09/01 09:58:22 | n_steps is updated to 5001 => 5001 for checkpointing
[37m[36mINFO[0m[0m 09/01 09:58:22 | Target test envs = [[0], [1], [2], [3]]
[37m[36mINFO[0m[0m 09/01 09:58:22 | 
[37m[36mINFO[0m[0m 09/01 09:59:47 | Testenv name escaping te_CALTECH -> te_CALTECH
[37m[36mINFO[0m[0m 09/01 09:59:47 | Test envs = [0], name = te_CALTECH
[37m[36mINFO[0m[0m 09/01 09:59:47 | Batch sizes for each domain: [0, 32, 32, 32] (total=96)
[37m[36mINFO[0m[0m 09/01 09:59:47 | steps-per-epoch for each domain: 66.41, 84.41, 82.06 -> min = 66.41
[37m[36mINFO[0m[0m 09/01 10:00:10 | # of params = 151206401
[37m[36mINFO[0m[0m 09/01 10:00:57 | test_in     test_out    train_in    train_out   tr_outloss  env0_in     env0_out    env1_out    env2_out    env3_out    step        epoch       total_loss  cipt_base_  cipt_cls_l  cipt_de_lo  cipt_de_or  cipt_de_au  aug_decomp  cipt_ind_l  causal_con  dccl_contr  contrastiv  pre_cl_los  reg_loss    mean_e_nor  mean_e_aug  mean_e_aug  mean_s_nor  mean_s_aug  mean_es_co  mean_e_aug  step_time   eval_time  
[37m[36mINFO[0m[0m 09/01 10:00:57 | 0.984099    0.982332    0.000000    0.533811    1.151456    0.984099    0.982332    0.429379    0.638519    0.533537    0           0.000000    12.152427   9.328650    1.184603    1.411012    1.411012    1.411358    2.000000    0.500000    0.000000    5.306592    0.000200    0.000000    0.000000    1.000000    1.000000    0.924073    1.000000    1.000000    1.000000    1.000000    1.016333    45.633300  
[37m[36mINFO[0m[0m 09/01 10:02:40 | 0.998233    0.992933    0.000000    0.841146    0.440624    0.998233    0.992933    0.804143    0.902222    0.817073    100         1.505882    7.086287    5.630228    0.576538    0.680989    0.680989    0.700615    2.000000    0.465947    0.000000    5.333857    0.010300    0.000000    0.000000    0.995303    0.994096    0.921597    1.024542    1.024210    0.964984    0.968304    0.593576    44.233240  
[37m[36mINFO[0m[0m 09/01 10:05:44 | 1.000000    0.992933    0.000000    0.853538    0.400000    1.000000    0.992933    0.807910    0.906667    0.846037    200         3.011765    5.013047    3.934574    0.417673    0.443373    0.443373    0.458792    2.000000    0.348682    0.000000    5.313909    0.030300    0.000000    0.000000    0.990119    0.986432    0.920517    1.101674    1.097308    0.829670    0.845122    1.143700    69.900616  
[37m[36mINFO[0m[0m 09/01 10:08:25 | 1.000000    0.992933    0.000000    0.858012    0.383934    1.000000    0.992933    0.800377    0.920000    0.853659    300         4.517647    3.900033    2.785764    0.400620    0.408532    0.408532    0.424817    2.000000    0.150203    0.000000    5.263427    0.050300    0.000000    0.000000    1.024641    1.014582    0.924459    1.232979    1.220445    0.521794    0.558011    0.979399    62.040205  
[37m[36mINFO[0m[0m 09/01 10:11:31 | 0.998233    0.992933    0.000000    0.857800    0.384050    0.998233    0.992933    0.804143    0.914074    0.855183    400         6.023529    3.372247    2.195335    0.384528    0.386740    0.386740    0.405590    2.000000    0.052769    0.000000    5.204289    0.070300    0.000000    0.000000    1.072505    1.056854    0.930183    1.347523    1.328484    0.273779    0.319438    1.243684    61.066925  
[37m[36mINFO[0m[0m 09/01 10:13:18 | 0.999117    0.992933    0.000000    0.860565    0.378264    0.999117    0.992933    0.815443    0.912593    0.853659    500         7.529412    3.247072    1.987673    0.373456    0.374040    0.374040    0.396152    2.000000    0.023611    0.000000    5.173898    0.090298    0.000000    0.000000    1.103198    1.084123    0.933351    1.420827    1.397180    0.145357    0.194719    0.630889    43.928971  
[37m[36mINFO[0m[0m 09/01 10:15:03 | 0.998233    0.992933    0.000000    0.859592    0.379198    0.998233    0.992933    0.807910    0.911111    0.859756    600         9.035294    3.185409    1.896797    0.365453    0.364786    0.364786    0.386469    2.000000    0.014440    0.000000    5.156737    0.100000    0.000000    0.000000    1.120340    1.099807    0.935345    1.465445    1.440081    0.082730    0.131484    0.629028    42.019499  
[37m[36mINFO[0m[0m 09/01 10:16:51 | 0.991166    0.985866    0.000000    0.850655    0.381761    0.991166    0.985866    0.787194    0.911111    0.853659    700         10.541176   3.072477    1.797316    0.350747    0.349172    0.349172    0.379860    2.000000    0.009976    0.000000    5.154411    0.100000    0.000000    0.000000    1.129227    1.108066    0.936880    1.494856    1.468682    0.049939    0.097168    0.639017    43.886801  
[37m[36mINFO[0m[0m 09/01 10:18:33 | 0.984982    0.975265    0.000000    0.854096    0.378509    0.984982    0.975265    0.794727    0.920000    0.847561    800         12.047059   2.934057    1.705319    0.335728    0.332643    0.332643    0.357331    2.000000    0.007804    0.000000    5.140768    0.100000    0.000000    0.000000    1.131183    1.110159    0.937172    1.514918    1.489203    0.034972    0.079783    0.587326    43.790662  
[37m[36mINFO[0m[0m 09/01 10:20:19 | 0.993816    0.992933    0.000000    0.856811    0.407631    0.993816    0.992933    0.811676    0.908148    0.850610    900         13.552941   3.047094    1.777359    0.353933    0.347778    0.347778    0.377627    2.000000    0.006463    0.000000    5.144819    0.100000    0.000000    0.000000    1.135489    1.114055    0.936707    1.530042    1.503504    0.025143    0.069493    0.625247    43.265613  
[37m[36mINFO[0m[0m 09/01 10:22:11 | 0.991166    0.982332    0.000000    0.864270    0.380661    0.991166    0.982332    0.817326    0.909630    0.865854    1000        15.058824   2.843616    1.624999    0.325040    0.318250    0.318250    0.352277    2.000000    0.005392    0.000000    5.140633    0.100000    0.000000    0.000000    1.137028    1.116236    0.937568    1.542989    1.517119    0.018369    0.060126    0.657587    45.486617  
[37m[36mINFO[0m[0m 09/01 10:23:54 | 0.990283    0.989399    0.000000    0.861178    0.385499    0.990283    0.989399    0.817326    0.914074    0.852134    1100        16.564706   2.892840    1.668607    0.333674    0.327671    0.327671    0.355472    2.000000    0.004850    0.000000    5.132898    0.100000    0.000000    0.000000    1.136544    1.115364    0.937166    1.555143    1.528015    0.014880    0.056984    0.599909    43.619901  
[37m[36mINFO[0m[0m 09/01 10:25:45 | 0.989399    0.989399    0.000000    0.860804    0.387064    0.989399    0.989399    0.819209    0.912593    0.850610    1200        18.070588   2.837967    1.621080    0.322419    0.319217    0.319217    0.352009    2.000000    0.004359    0.000000    5.128684    0.100000    0.000000    0.000000    1.137726    1.116747    0.936861    1.563087    1.536965    0.012331    0.051997    0.664680    44.629795  
[37m[36mINFO[0m[0m 09/01 10:27:30 | 0.963781    0.950530    0.000000    0.854393    0.385941    0.963781    0.950530    0.790960    0.917037    0.855183    1300        19.576471   2.792971    1.588976    0.315168    0.313535    0.313535    0.345164    2.000000    0.003933    0.000000    5.136672    0.100000    0.000000    0.000000    1.139198    1.118565    0.938802    1.572205    1.546823    0.009460    0.047212    0.618960    42.357545  
[37m[36mINFO[0m[0m 09/01 10:29:15 | 0.985866    0.985866    0.000000    0.854213    0.384938    0.985866    0.985866    0.811676    0.914074    0.836890    1400        21.082353   2.873868    1.637376    0.329783    0.322391    0.322391    0.361938    2.000000    0.003606    0.000000    5.126158    0.100000    0.000000    0.000000    1.139940    1.119393    0.938094    1.579083    1.553633    0.008493    0.045542    0.620367    43.387819  
[37m[36mINFO[0m[0m 09/01 10:30:59 | 0.976148    0.978799    0.000000    0.853600    0.378720    0.976148    0.978799    0.809793    0.912593    0.838415    1500        22.588235   2.845561    1.618959    0.322926    0.319675    0.319675    0.356387    2.000000    0.003467    0.000000    5.138290    0.100000    0.000000    0.000000    1.140138    1.120301    0.938781    1.586451    1.561267    0.007679    0.043107    0.612874    42.270212  
[37m[36mINFO[0m[0m 09/01 10:32:43 | 0.988516    0.989399    0.000000    0.858588    0.401855    0.988516    0.989399    0.822976    0.903704    0.849085    1600        24.094118   2.766064    1.560517    0.315750    0.306838    0.306838    0.347055    2.000000    0.003483    0.000000    5.114367    0.100000    0.000000    0.000000    1.139296    1.119573    0.938286    1.593286    1.569006    0.006960    0.040642    0.593568    45.397818  
[37m[36mINFO[0m[0m 09/01 10:34:35 | 0.969081    0.954064    0.000000    0.858454    0.383926    0.969081    0.954064    0.821092    0.905185    0.849085    1700        25.600000   2.785149    1.574319    0.316564    0.310350    0.310350    0.349130    2.000000    0.003271    0.000000    5.125693    0.100000    0.000000    0.000000    1.138597    1.118216    0.938140    1.601778    1.575900    0.005303    0.040210    0.683751    43.207297  
[37m[36mINFO[0m[0m 09/01 10:36:20 | 0.981449    0.978799    0.000000    0.854299    0.397944    0.981449    0.978799    0.811676    0.905185    0.846037    1800        27.105882   2.726616    1.521147    0.305862    0.299899    0.299899    0.346405    2.000000    0.003137    0.000000    5.126593    0.100000    0.000000    0.000000    1.137373    1.117863    0.938208    1.606634    1.582622    0.006836    0.038683    0.610136    44.229725  
[37m[36mINFO[0m[0m 09/01 10:38:12 | 0.963781    0.957597    0.000000    0.852987    0.379957    0.963781    0.957597    0.807910    0.911111    0.839939    1900        28.611765   2.821127    1.598516    0.318993    0.316128    0.316128    0.354839    2.000000    0.003002    0.000000    5.129316    0.100000    0.000000    0.000000    1.138122    1.118615    0.937884    1.613079    1.588063    0.004150    0.037062    0.686503    43.158215  
[37m[36mINFO[0m[0m 09/01 10:39:58 | 0.911661    0.904594    0.000000    0.844628    0.399441    0.911661    0.904594    0.787194    0.903704    0.842988    2000        30.117647   2.690141    1.510402    0.301882    0.298623    0.298623    0.334342    2.000000    0.002806    0.000000    5.110539    0.100000    0.000000    0.000000    1.138140    1.118939    0.939051    1.618277    1.592759    0.003994    0.036202    0.608651    45.148306  
[37m[36mINFO[0m[0m 09/01 10:41:46 | 0.899293    0.908127    0.000000    0.840770    0.408973    0.899293    0.908127    0.781544    0.897778    0.842988    2100        31.623529   2.706272    1.513916    0.305522    0.298659    0.298659    0.340627    2.000000    0.002752    0.000000    5.111023    0.100000    0.000000    0.000000    1.136931    1.117935    0.938143    1.625576    1.600333    0.002997    0.034358    0.630595    44.199605  
[37m[36mINFO[0m[0m 09/01 10:43:32 | 0.965548    0.961131    0.000000    0.856393    0.397551    0.965548    0.961131    0.821092    0.908148    0.839939    2200        33.129412   2.725903    1.526103    0.308115    0.301220    0.301220    0.344350    2.000000    0.002621    0.000000    5.111011    0.100000    0.000000    0.000000    1.136934    1.118126    0.937760    1.630278    1.605397    0.003885    0.034515    0.627248    43.814624  
[37m[36mINFO[0m[0m 09/01 10:45:21 | 0.982332    0.982332    0.000000    0.857888    0.403318    0.982332    0.982332    0.828625    0.908148    0.836890    2300        34.635294   2.647875    1.470590    0.294788    0.290675    0.290675    0.333417    2.000000    0.002620    0.000000    5.104500    0.100000    0.000000    0.000000    1.135820    1.117193    0.938005    1.635568    1.610972    0.003894    0.034102    0.639413    45.378857  
[37m[36mINFO[0m[0m 09/01 10:47:08 | 0.944346    0.925795    0.000000    0.854765    0.388557    0.944346    0.925795    0.811676    0.909630    0.842988    2400        36.141176   2.692361    1.501038    0.299259    0.297153    0.297153    0.340267    2.000000    0.002633    0.000000    5.107888    0.100000    0.000000    0.000000    1.137332    1.119227    0.938145    1.642125    1.617760    0.002947    0.031388    0.650703    41.703750  
[37m[36mINFO[0m[0m 09/01 10:48:54 | 0.974382    0.968198    0.000000    0.857021    0.408721    0.974382    0.968198    0.822976    0.908148    0.839939    2500        37.647059   2.581394    1.413244    0.282171    0.279768    0.279768    0.329043    2.000000    0.002400    0.000000    5.100626    0.100000    0.000000    0.000000    1.136549    1.118381    0.938861    1.648463    1.623546    0.002667    0.031364    0.626754    43.087698  
[37m[36mINFO[0m[0m 09/01 10:50:45 | 0.961131    0.954064    0.000000    0.849875    0.399660    0.961131    0.954064    0.806026    0.905185    0.838415    2600        39.152941   2.623736    1.447741    0.290118    0.286540    0.286540    0.332615    2.000000    0.002292    0.000000    5.107659    0.100000    0.000000    0.000000    1.135343    1.117155    0.937805    1.654238    1.628123    0.002765    0.032119    0.683703    42.744879  
[37m[36mINFO[0m[0m 09/01 10:52:27 | 0.954947    0.957597    0.000000    0.853058    0.399626    0.954947    0.957597    0.807910    0.903704    0.847561    2700        40.658824   2.629813    1.454961    0.292156    0.287865    0.287865    0.332487    2.000000    0.002269    0.000000    5.098769    0.100000    0.000000    0.000000    1.133799    1.115984    0.938187    1.659465    1.633532    0.003345    0.031866    0.580123    43.596886  
[37m[36mINFO[0m[0m 09/01 10:54:12 | 0.948763    0.950530    0.000000    0.847498    0.394290    0.948763    0.950530    0.800377    0.903704    0.838415    2800        42.164706   2.579316    1.411762    0.281746    0.279525    0.279525    0.328872    2.000000    0.002383    0.000000    5.098113    0.100000    0.000000    0.000000    1.134682    1.117092    0.938082    1.664321    1.639898    0.002532    0.029256    0.591477    46.494016  
[37m[36mINFO[0m[0m 09/01 10:55:57 | 0.922261    0.911661    0.000000    0.849452    0.398723    0.922261    0.911661    0.813559    0.893333    0.841463    2900        43.670588   2.610296    1.429486    0.286529    0.283042    0.283042    0.335172    2.000000    0.002158    0.000000    5.104669    0.100000    0.000000    0.000000    1.132313    1.115548    0.938411    1.671640    1.646781    0.002623    0.028776    0.600963    44.646845  
[37m[36mINFO[0m[0m 09/01 10:57:33 | 0.949647    0.957597    0.000000    0.851131    0.391237    0.949647    0.957597    0.809793    0.905185    0.838415    3000        45.176471   2.525102    1.382177    0.275963    0.273746    0.273746    0.316434    2.000000    0.002246    0.000000    5.100572    0.100000    0.000000    0.000000    1.131264    1.115211    0.938522    1.675223    1.651167    0.003504    0.028134    0.518763    43.744603  
[37m[36mINFO[0m[0m 09/01 10:59:16 | 0.939046    0.936396    0.000000    0.850320    0.389616    0.939046    0.936396    0.811676    0.896296    0.842988    3100        46.682353   2.644874    1.462278    0.294379    0.289412    0.289412    0.336259    2.000000    0.002050    0.000000    5.100774    0.100000    0.000000    0.000000    1.131303    1.115124    0.938541    1.682980    1.658960    0.001672    0.026274    0.599788    43.358848  
[37m[36mINFO[0m[0m 09/01 11:01:07 | 0.946996    0.939929    0.000000    0.852295    0.406597    0.946996    0.939929    0.811676    0.902222    0.842988    3200        48.188235   2.547558    1.391637    0.277126    0.275959    0.275959    0.322809    2.000000    0.002135    0.000000    5.103035    0.100000    0.000000    0.000000    1.130154    1.114814    0.938682    1.687804    1.664770    0.003280    0.026011    0.659492    44.286085  
[37m[36mINFO[0m[0m 09/01 11:02:51 | 0.941696    0.939929    0.000000    0.840875    0.413584    0.941696    0.939929    0.783427    0.899259    0.839939    3300        49.694118   2.595505    1.415774    0.283577    0.280670    0.280670    0.335321    2.000000    0.001904    0.000000    5.090893    0.100000    0.000000    0.000000    1.129602    1.113642    0.938267    1.692854    1.668500    0.002188    0.026291    0.611178    43.097774  
[37m[36mINFO[0m[0m 09/01 11:04:35 | 0.947880    0.939929    0.000000    0.852057    0.401919    0.947880    0.939929    0.800377    0.905185    0.850610    3400        51.200000   2.619670    1.435056    0.288338    0.284163    0.284163    0.337302    2.000000    0.002013    0.000000    5.100105    0.100000    0.000000    0.000000    1.128394    1.113275    0.938352    1.697738    1.674464    0.002919    0.025187    0.608286    43.726211  
[37m[36mINFO[0m[0m 09/01 11:06:31 | 0.910777    0.908127    0.000000    0.847169    0.398314    0.910777    0.908127    0.787194    0.903704    0.850610    3500        52.705882   2.563190    1.401962    0.279771    0.278166    0.278166    0.325657    2.000000    0.001905    0.000000    5.099150    0.100000    0.000000    0.000000    1.127369    1.112795    0.938391    1.704165    1.681092    0.002969    0.024808    0.664454    49.264179  
[37m[36mINFO[0m[0m 09/01 11:08:20 | 0.946996    0.932862    0.000000    0.851639    0.404973    0.946996    0.932862    0.809793    0.905185    0.839939    3600        54.211765   2.616040    1.428563    0.285883    0.283412    0.283412    0.338884    2.000000    0.001806    0.000000    5.097093    0.100000    0.000000    0.000000    1.125693    1.111352    0.938062    1.711562    1.687328    0.002193    0.024470    0.616887    47.094221  
[37m[36mINFO[0m[0m 09/01 11:10:08 | 0.946996    0.936396    0.000000    0.854525    0.401750    0.946996    0.936396    0.807910    0.909630    0.846037    3700        55.717647   2.628741    1.442812    0.290004    0.286033    0.286033    0.338403    2.000000    0.001735    0.000000    5.091233    0.100000    0.000000    0.000000    1.126257    1.111941    0.938328    1.716100    1.691604    0.001448    0.023215    0.642330    44.137712  
[37m[36mINFO[0m[0m 09/01 11:11:54 | 0.906360    0.890459    0.000000    0.847289    0.406858    0.906360    0.890459    0.789077    0.903704    0.849085    3800        57.223529   2.577227    1.415525    0.282673    0.280998    0.280998    0.326330    2.000000    0.001772    0.000000    5.090433    0.100000    0.000000    0.000000    1.125862    1.110795    0.937281    1.721072    1.696001    0.002234    0.024623    0.624732    43.647273  
[37m[36mINFO[0m[0m 09/01 11:13:47 | 0.926678    0.911661    0.000000    0.850413    0.409537    0.926678    0.911661    0.798493    0.905185    0.847561    3900        58.729412   2.485760    1.351417    0.270039    0.268161    0.268161    0.313279    2.000000    0.001747    0.000000    5.077859    0.100000    0.000000    0.000000    1.124695    1.110967    0.937806    1.724854    1.700942    0.002562    0.022750    0.651186    46.904643  
[37m[36mINFO[0m[0m 09/01 11:15:34 | 0.936396    0.932862    0.000000    0.849114    0.402817    0.936396    0.932862    0.802260    0.906667    0.838415    4000        60.235294   2.597706    1.421449    0.285427    0.281938    0.281938    0.333539    2.000000    0.001654    0.000000    5.091789    0.100000    0.000000    0.000000    1.124380    1.110216    0.937611    1.729773    1.703899    0.002550    0.024507    0.625486    44.946776  
[37m[36mINFO[0m[0m 09/01 11:17:25 | 0.944346    0.932862    0.000000    0.848408    0.406246    0.944346    0.932862    0.806026    0.899259    0.839939    4100        61.741176   2.550735    1.369807    0.273064    0.272098    0.272098    0.336361    2.000000    0.001670    0.000000    5.082067    0.100000    0.000000    0.000000    1.124146    1.110531    0.938075    1.734665    1.710821    0.002354    0.022335    0.658174    45.141423  
[37m[36mINFO[0m[0m 09/01 11:19:10 | 0.915194    0.904594    0.000000    0.846150    0.411506    0.915194    0.904594    0.809793    0.894815    0.833841    4200        63.247059   2.550789    1.385022    0.276575    0.274989    0.274989    0.328546    2.000000    0.001698    0.000000    5.086744    0.100000    0.000000    0.000000    1.122534    1.109972    0.938497    1.740159    1.717337    0.002555    0.020856    0.620096    42.840052  
[37m[36mINFO[0m[0m 09/01 11:21:00 | 0.881625    0.872792    0.000000    0.845778    0.411201    0.881625    0.872792    0.796610    0.899259    0.841463    4300        64.752941   2.571221    1.395906    0.278235    0.277444    0.277444    0.333125    2.000000    0.001579    0.000000    5.090653    0.100000    0.000000    0.000000    1.122476    1.109544    0.937624    1.746030    1.721325    0.001497    0.020891    0.627946    46.880001  
[37m[36mINFO[0m[0m 09/01 11:22:48 | 0.899293    0.869258    0.000000    0.848170    0.413086    0.899293    0.869258    0.794727    0.902222    0.847561    4400        66.258824   2.510811    1.350674    0.269755    0.268356    0.268356    0.325408    2.000000    0.001499    0.000000    5.093208    0.100000    0.000000    0.000000    1.118861    1.106695    0.937322    1.751774    1.727404    0.002562    0.021386    0.651087    43.242974  
[37m[36mINFO[0m[0m 09/01 11:24:37 | 0.910777    0.901060    0.000000    0.851009    0.420846    0.910777    0.901060    0.822976    0.899259    0.830793    4500        67.764706   2.601616    1.425676    0.286116    0.282937    0.282937    0.333952    2.000000    0.001562    0.000000    5.080363    0.100000    0.000000    0.000000    1.120474    1.107915    0.938201    1.757721    1.732605    0.001105    0.020125    0.635199    45.271397  
[37m[36mINFO[0m[0m 09/01 11:26:34 | 0.854240    0.833922    0.000000    0.845150    0.421224    0.854240    0.833922    0.794727    0.899259    0.841463    4600        69.270588   2.543762    1.375321    0.274400    0.273400    0.273400    0.330013    2.000000    0.001464    0.000000    5.084142    0.100000    0.000000    0.000000    1.119526    1.107897    0.937650    1.762216    1.739207    0.001640    0.018634    0.708019    46.111647  
[37m[36mINFO[0m[0m 09/01 11:28:19 | 0.954947    0.964664    0.000000    0.860252    0.431100    0.954947    0.964664    0.826742    0.914074    0.839939    4700        70.776471   2.571329    1.392798    0.278749    0.276669    0.276669    0.335228    2.000000    0.001475    0.000000    5.080750    0.100000    0.000000    0.000000    1.119824    1.107654    0.937451    1.767543    1.743170    0.001909    0.019713    0.605556    44.758795  
[37m[36mINFO[0m[0m 09/01 11:30:07 | 0.878092    0.851590    0.000000    0.848529    0.426432    0.878092    0.851590    0.800377    0.902222    0.842988    4800        72.282353   2.587890    1.407026    0.281627    0.279523    0.279523    0.336035    2.000000    0.001461    0.000000    5.087939    0.100000    0.000000    0.000000    1.117464    1.106040    0.937282    1.772134    1.747461    0.002686    0.020384    0.606419    47.164544  
[37m[36mINFO[0m[0m 09/01 11:31:54 | 0.930212    0.925795    0.000000    0.856287    0.415236    0.930212    0.925795    0.826742    0.903704    0.838415    4900        73.788235   2.607540    1.412412    0.282888    0.280609    0.280609    0.343502    2.000000    0.001418    0.000000    5.081233    0.100000    0.000000    0.000000    1.118159    1.108026    0.937651    1.777391    1.753925    0.001964    0.017784    0.631107    43.531216  
[37m[36mINFO[0m[0m 09/01 11:33:39 | 0.908127    0.893993    0.000000    0.840620    0.422166    0.908127    0.893993    0.794727    0.894815    0.832317    5000        75.294118   2.574055    1.394196    0.279687    0.276923    0.276923    0.335996    2.000000    0.001363    0.000000    5.078680    0.100000    0.000000    0.000000    1.116965    1.106393    0.937548    1.784092    1.760457    0.001682    0.017460    0.618333    43.751487  
[37m[36mINFO[0m[0m 09/01 11:33:39 | ---
[37m[36mINFO[0m[0m 09/01 11:33:39 | oracle = 99.823%
[37m[36mINFO[0m[0m 09/01 11:33:39 | iid = 99.117%
[37m[36mINFO[0m[0m 09/01 11:33:39 | last = 90.813%
[37m[36mINFO[0m[0m 09/01 11:33:39 | last (inD) = 84.062%
[37m[36mINFO[0m[0m 09/01 11:33:39 | iid (inD) = 86.427%
[37m[36mINFO[0m[0m 09/01 11:33:40 | 
[37m[36mINFO[0m[0m 09/01 11:35:01 | Testenv name escaping te_LABELME -> te_LABELME
[37m[36mINFO[0m[0m 09/01 11:35:01 | Test envs = [1], name = te_LABELME
[37m[36mINFO[0m[0m 09/01 11:35:01 | Batch sizes for each domain: [32, 0, 32, 32] (total=96)
[37m[36mINFO[0m[0m 09/01 11:35:01 | steps-per-epoch for each domain: 35.38, 84.41, 82.06 -> min = 35.38
[37m[36mINFO[0m[0m 09/01 11:35:18 | # of params = 151206401
[37m[36mINFO[0m[0m 09/01 11:36:30 | test_in     test_out    train_in    train_out   tr_outloss  env0_out    env1_in     env1_out    env2_out    env3_out    step        epoch       total_loss  cipt_base_  cipt_cls_l  cipt_de_lo  cipt_de_or  cipt_de_au  aug_decomp  cipt_ind_l  causal_con  dccl_contr  contrastiv  pre_cl_los  reg_loss    mean_e_nor  mean_e_aug  mean_e_aug  mean_s_nor  mean_s_aug  mean_es_co  mean_e_aug  step_time   eval_time  
[37m[36mINFO[0m[0m 09/01 11:36:30 | 0.719529    0.766478    0.000000    0.819730    0.591260    0.971731    0.719529    0.766478    0.801481    0.685976    0           0.000000    14.935348   11.165598   0.765235    1.975091    1.975091    1.884346    2.000000    0.500000    0.000000    5.290231    0.000200    0.000000    0.000000    1.000000    1.000000    0.923708    1.000000    1.000000    1.000000    1.000000    0.679058    71.566454  
[37m[36mINFO[0m[0m 09/01 11:38:50 | 0.658824    0.640301    0.000000    0.920920    0.250143    0.996466    0.658824    0.640301    0.911111    0.855183    100         2.826855    6.311420    5.085232    0.398256    0.574215    0.574215    0.586592    2.000000    0.478023    0.000000    5.162133    0.010300    0.000000    0.000000    0.996943    0.996455    0.918990    1.013560    1.013473    0.977636    0.978624    0.673429    72.403411  
[37m[36mINFO[0m[0m 09/01 11:41:14 | 0.663059    0.655367    0.000000    0.928471    0.213923    0.996466    0.663059    0.655367    0.918519    0.870427    200         5.653710    4.101729    3.394397    0.220464    0.263187    0.263187    0.276324    2.000000    0.424237    0.000000    5.107000    0.030300    0.000000    0.000000    0.986532    0.985026    0.917734    1.045898    1.044760    0.920407    0.925021    0.697375    73.965297  
[37m[36mINFO[0m[0m 09/01 11:43:32 | 0.645647    0.645951    0.000000    0.933974    0.197591    0.996466    0.645647    0.645951    0.927407    0.878049    300         8.480565    3.241114    2.517291    0.203578    0.223113    0.223113    0.234797    2.000000    0.284252    0.000000    5.055351    0.050300    0.000000    0.000000    0.999611    0.996980    0.919416    1.114110    1.108902    0.747879    0.762142    0.655262    72.416671  
[37m[36mINFO[0m[0m 09/01 11:45:51 | 0.653647    0.645951    0.000000    0.930128    0.192051    1.000000    0.653647    0.645951    0.921481    0.868902    400         11.307420   2.330241    1.562795    0.188172    0.198708    0.198708    0.208956    2.000000    0.115958    0.000000    4.973380    0.070300    0.000000    0.000000    1.049682    1.043805    0.926049    1.217338    1.205743    0.465824    0.492951    0.654241    73.733836  
[37m[36mINFO[0m[0m 09/01 11:47:58 | 0.646588    0.640301    0.000000    0.930024    0.196514    0.996466    0.646588    0.640301    0.915556    0.878049    500         14.134276   1.903420    1.081808    0.171436    0.177613    0.177613    0.188632    2.000000    0.039984    0.000000    4.920529    0.090298    0.000000    0.000000    1.100352    1.091273    0.932448    1.303186    1.287047    0.257749    0.290964    0.575422    69.612051  
[37m[36mINFO[0m[0m 09/01 11:50:09 | 0.649412    0.642185    0.000000    0.931942    0.192974    0.996466    0.649412    0.642185    0.927407    0.871951    600         16.961131   1.818685    0.951866    0.172348    0.174062    0.174062    0.188522    2.000000    0.016654    0.000000    4.897752    0.100000    0.000000    0.000000    1.132147    1.121098    0.936352    1.359286    1.341208    0.144566    0.178861    0.588374    71.799991  
[37m[36mINFO[0m[0m 09/01 11:52:21 | 0.670588    0.672316    0.000000    0.928005    0.194168    0.996466    0.670588    0.672316    0.914074    0.873476    700         19.787986   1.728866    0.876235    0.163879    0.166707    0.166707    0.182125    2.000000    0.009106    0.000000    4.883801    0.100000    0.000000    0.000000    1.149418    1.136418    0.937543    1.396303    1.375996    0.082330    0.118652    0.608931    71.385150  
[37m[36mINFO[0m[0m 09/01 11:54:33 | 0.653176    0.653484    0.000000    0.929430    0.192516    0.996466    0.653176    0.653484    0.924444    0.867378    800         22.614841   1.689687    0.842586    0.160490    0.162182    0.162182    0.179509    2.000000    0.006674    0.000000    4.880836    0.100000    0.000000    0.000000    1.155800    1.143292    0.939288    1.419475    1.400111    0.049920    0.083720    0.602214    72.101801  
[37m[36mINFO[0m[0m 09/01 11:56:47 | 0.655059    0.642185    0.000000    0.927497    0.198263    0.996466    0.655059    0.642185    0.914074    0.871951    900         25.441696   1.657687    0.819442    0.159702    0.157969    0.157969    0.175726    2.000000    0.005572    0.000000    4.867936    0.100000    0.000000    0.000000    1.160101    1.146421    0.939033    1.436689    1.415907    0.030233    0.065689    0.619965    71.276898  
[37m[36mINFO[0m[0m 09/01 11:59:12 | 0.652706    0.649718    0.000000    0.932421    0.195757    0.996466    0.652706    0.649718    0.930370    0.870427    1000        28.268551   1.621769    0.788234    0.152154    0.152863    0.152863    0.173418    2.000000    0.004925    0.000000    4.867000    0.100000    0.000000    0.000000    1.159687    1.146872    0.939324    1.448040    1.428212    0.021293    0.054286    0.655533    79.418747  
[37m[36mINFO[0m[0m 09/01 12:01:20 | 0.667294    0.666667    0.000000    0.932421    0.194187    0.996466    0.667294    0.666667    0.930370    0.870427    1100        31.095406   1.666300    0.826512    0.163600    0.159869    0.159869    0.175820    2.000000    0.004687    0.000000    4.881476    0.100000    0.000000    0.000000    1.158563    1.144933    0.939410    1.457903    1.435366    0.014825    0.050635    0.582976    69.649760  
[37m[36mINFO[0m[0m 09/01 12:03:28 | 0.630588    0.617702    0.000000    0.928907    0.213768    0.996466    0.630588    0.617702    0.925926    0.864329    1200        33.922261   1.621780    0.781337    0.153603    0.151435    0.151435    0.176035    2.000000    0.004399    0.000000    4.883732    0.100000    0.000000    0.000000    1.156820    1.143283    0.939072    1.466435    1.445024    0.010579    0.044559    0.593930    69.465339  
[37m[36mINFO[0m[0m 09/01 12:05:43 | 0.640471    0.634652    0.000000    0.930432    0.208268    0.996466    0.640471    0.634652    0.925926    0.868902    1300        36.749117   1.526286    0.723740    0.142100    0.140201    0.140201    0.158257    2.000000    0.004167    0.000000    4.860316    0.100000    0.000000    0.000000    1.154684    1.141649    0.939678    1.472760    1.452682    0.009254    0.041391    0.627837    71.499272  
[37m[36mINFO[0m[0m 09/01 12:07:54 | 0.651765    0.647834    0.000000    0.931942    0.209668    0.996466    0.651765    0.647834    0.927407    0.871951    1400        39.575972   1.481224    0.685365    0.134191    0.132757    0.132757    0.155003    2.000000    0.004029    0.000000    4.858522    0.100000    0.000000    0.000000    1.150882    1.137022    0.938243    1.479386    1.457507    0.009086    0.043424    0.620153    69.638343  
[37m[36mINFO[0m[0m 09/01 12:10:08 | 0.645176    0.642185    0.000000    0.926467    0.206079    0.996466    0.645176    0.642185    0.915556    0.867378    1500        42.402827   1.520488    0.705932    0.139714    0.136941    0.136941    0.164130    2.000000    0.003691    0.000000    4.862958    0.100000    0.000000    0.000000    1.148750    1.135686    0.938518    1.486028    1.464097    0.007070    0.040518    0.627101    71.178384  
[37m[36mINFO[0m[0m 09/01 12:12:26 | 0.656000    0.649718    0.000000    0.924434    0.214205    0.996466    0.656000    0.649718    0.915556    0.861280    1600        45.229682   1.494088    0.693481    0.136681    0.134266    0.134266    0.157489    2.000000    0.003947    0.000000    4.856302    0.100000    0.000000    0.000000    1.147779    1.134752    0.938227    1.490113    1.469308    0.008131    0.040087    0.647417    73.369985  
[37m[36mINFO[0m[0m 09/01 12:14:40 | 0.687059    0.683616    0.000000    0.924928    0.217877    0.996466    0.687059    0.683616    0.917037    0.861280    1700        48.056537   1.436369    0.646633    0.126575    0.125367    0.125367    0.152128    2.000000    0.003718    0.000000    4.854792    0.100000    0.000000    0.000000    1.144720    1.131775    0.938656    1.497535    1.476402    0.006207    0.038004    0.635674    70.346207  
[37m[36mINFO[0m[0m 09/01 12:17:00 | 0.658353    0.657250    0.000000    0.927469    0.216392    0.996466    0.658353    0.657250    0.917037    0.868902    1800        50.883392   1.491442    0.686984    0.137493    0.133011    0.133011    0.159220    2.000000    0.003489    0.000000    4.860183    0.100000    0.000000    0.000000    1.143532    1.130866    0.938141    1.504983    1.482838    0.003819    0.036147    0.650715    74.350131  
[37m[36mINFO[0m[0m 09/01 12:19:14 | 0.642353    0.632768    0.000000    0.927934    0.222123    0.996466    0.642353    0.632768    0.921481    0.865854    1900        53.710247   1.412460    0.625156    0.122353    0.121456    0.121456    0.151545    2.000000    0.003395    0.000000    4.842150    0.100000    0.000000    0.000000    1.140741    1.128857    0.938335    1.508025    1.487436    0.006917    0.037265    0.635769    70.483789  
[37m[36mINFO[0m[0m 09/01 12:21:29 | 0.642353    0.647834    0.000000    0.925930    0.221767    0.996466    0.642353    0.647834    0.918519    0.862805    2000        56.537102   1.432527    0.633734    0.123554    0.123509    0.123509    0.156773    2.000000    0.003229    0.000000    4.852459    0.100000    0.000000    0.000000    1.138359    1.126972    0.938077    1.515012    1.494773    0.004995    0.034422    0.628221    72.370104  
[37m[36mINFO[0m[0m 09/01 12:23:39 | 0.650824    0.644068    0.000000    0.926481    0.225664    0.996466    0.650824    0.644068    0.914074    0.868902    2100        59.363958   1.368312    0.592004    0.115943    0.115038    0.115038    0.146003    2.000000    0.003182    0.000000    4.843020    0.100000    0.000000    0.000000    1.135670    1.124091    0.937810    1.519487    1.497936    0.005774    0.036296    0.611729    68.732174  
[37m[36mINFO[0m[0m 09/01 12:25:49 | 0.632941    0.636535    0.000000    0.927483    0.221634    0.996466    0.632941    0.636535    0.915556    0.870427    2200        62.190813   1.445171    0.645929    0.128621    0.125468    0.125468    0.158092    2.000000    0.003087    0.000000    4.830589    0.100000    0.000000    0.000000    1.134680    1.123569    0.937660    1.525115    1.504021    0.005326    0.034711    0.598744    70.028225  
[37m[36mINFO[0m[0m 09/01 12:27:59 | 0.602353    0.596987    0.000000    0.926452    0.231255    0.996466    0.602353    0.596987    0.917037    0.865854    2300        65.017668   1.370770    0.601724    0.117393    0.117201    0.117201    0.142954    2.000000    0.003105    0.000000    4.831386    0.100000    0.000000    0.000000    1.133572    1.122583    0.936781    1.529575    1.509723    0.004763    0.032643    0.597367    69.992170  
[37m[36mINFO[0m[0m 09/01 12:30:12 | 0.637647    0.621469    0.000000    0.917957    0.241064    0.996466    0.637647    0.621469    0.902222    0.855183    2400        67.844523   1.370482    0.586168    0.115733    0.113929    0.113929    0.150168    2.000000    0.002944    0.000000    4.839785    0.100000    0.000000    0.000000    1.131154    1.119938    0.936819    1.535974    1.514070    0.004665    0.034280    0.621361    70.597041  
[37m[36mINFO[0m[0m 09/01 12:32:22 | 0.656000    0.651601    0.000000    0.930503    0.236203    0.996466    0.656000    0.651601    0.918519    0.876524    2500        70.671378   1.330538    0.566531    0.112639    0.109819    0.109819    0.140424    2.000000    0.002923    0.000000    4.831578    0.100000    0.000000    0.000000    1.128278    1.118115    0.937173    1.541281    1.520223    0.004898    0.032799    0.603623    69.810933  
[37m[36mINFO[0m[0m 09/01 12:34:34 | 0.654118    0.647834    0.000000    0.930475    0.233054    0.996466    0.654118    0.647834    0.921481    0.873476    2600        73.498233   1.293803    0.541511    0.106544    0.105332    0.105332    0.135009    2.000000    0.002728    0.000000    4.822730    0.100000    0.000000    0.000000    1.127857    1.117596    0.936855    1.546296    1.525523    0.004336    0.031904    0.623635    69.729650  
[37m[36mINFO[0m[0m 09/01 12:36:52 | 0.648471    0.647834    0.000000    0.924957    0.238042    0.996466    0.648471    0.647834    0.914074    0.864329    2700        76.325088   1.376263    0.593260    0.116678    0.115741    0.115741    0.149926    2.000000    0.002724    0.000000    4.831499    0.100000    0.000000    0.000000    1.126146    1.116164    0.936410    1.550809    1.530145    0.004996    0.031926    0.652860    73.051986  
[37m[36mINFO[0m[0m 09/01 12:39:20 | 0.659765    0.659134    0.000000    0.924971    0.236707    0.996466    0.659765    0.659134    0.912593    0.865854    2800        79.151943   1.376738    0.590675    0.118436    0.114940    0.114940    0.151246    2.000000    0.002496    0.000000    4.835715    0.100000    0.000000    0.000000    1.125057    1.114718    0.936751    1.557795    1.535798    0.002809    0.030983    0.706094    76.793088  
[37m[36mINFO[0m[0m 09/01 12:41:37 | 0.637647    0.640301    0.000000    0.920877    0.235848    0.996466    0.637647    0.640301    0.915556    0.850610    2900        81.978799   1.372226    0.585664    0.115038    0.114638    0.114638    0.152542    2.000000    0.002415    0.000000    4.814785    0.100000    0.000000    0.000000    1.125698    1.115917    0.936452    1.561507    1.539661    0.003018    0.030378    0.655659    71.413506  
[37m[36mINFO[0m[0m 09/01 12:43:55 | 0.687529    0.694915    0.000000    0.922445    0.242378    0.996466    0.687529    0.694915    0.911111    0.859756    3000        84.805654   1.368397    0.585022    0.115299    0.114302    0.114302    0.150599    2.000000    0.002503    0.000000    4.821775    0.100000    0.000000    0.000000    1.125645    1.116594    0.936778    1.565404    1.545008    0.003272    0.028519    0.655405    73.105436  
[37m[36mINFO[0m[0m 09/01 12:46:09 | 0.660706    0.662900    0.000000    0.923969    0.233195    0.996466    0.660706    0.662900    0.911111    0.864329    3100        87.632509   1.319108    0.551842    0.108577    0.107771    0.107771    0.143156    2.000000    0.002437    0.000000    4.809541    0.100000    0.000000    0.000000    1.123385    1.114433    0.936144    1.569918    1.549700    0.004280    0.029379    0.611915    72.014731  
[37m[36mINFO[0m[0m 09/01 12:48:18 | 0.640471    0.642185    0.000000    0.922881    0.247308    0.996466    0.640471    0.642185    0.918519    0.853659    3200        90.459364   1.297762    0.535067    0.104538    0.104730    0.104730    0.140585    2.000000    0.002322    0.000000    4.815251    0.100000    0.000000    0.000000    1.121935    1.113215    0.937313    1.575723    1.555355    0.003849    0.028183    0.572466    72.067744  
[37m[36mINFO[0m[0m 09/01 12:50:27 | 0.670588    0.672316    0.000000    0.919396    0.249179    0.996466    0.670588    0.672316    0.911111    0.850610    3300        93.286219   1.344085    0.559849    0.110749    0.109477    0.109477    0.151641    2.000000    0.002238    0.000000    4.809545    0.100000    0.000000    0.000000    1.121829    1.113824    0.937033    1.581546    1.561499    0.002571    0.026156    0.582255    70.710010  
[37m[36mINFO[0m[0m 09/01 12:52:41 | 0.615529    0.612053    0.000000    0.918845    0.259152    0.996466    0.615529    0.612053    0.915556    0.844512    3400        96.113074   1.337390    0.552281    0.108770    0.108154    0.108154    0.151659    2.000000    0.002179    0.000000    4.817918    0.100000    0.000000    0.000000    1.122472    1.114476    0.936905    1.586006    1.566120    0.002306    0.025496    0.619419    71.622256  
[37m[36mINFO[0m[0m 09/01 12:54:52 | 0.667294    0.676083    0.000000    0.919439    0.249058    0.996466    0.667294    0.676083    0.906667    0.855183    3500        98.939929   1.381814    0.587489    0.117327    0.114871    0.114871    0.157056    2.000000    0.002136    0.000000    4.802121    0.100000    0.000000    0.000000    1.122441    1.115081    0.936944    1.591273    1.571368    0.002460    0.024727    0.622606    68.802998  
[37m[36mINFO[0m[0m 09/01 12:57:09 | 0.673412    0.676083    0.000000    0.921020    0.249044    0.996466    0.673412    0.676083    0.900741    0.865854    3600        101.766784  1.290674    0.524718    0.104199    0.102497    0.102497    0.142491    2.000000    0.002106    0.000000    4.809742    0.100000    0.000000    0.000000    1.120232    1.113213    0.936162    1.595913    1.574424    0.002143    0.025430    0.583943    79.058867  
[37m[36mINFO[0m[0m 09/01 12:59:16 | 0.644706    0.651601    0.000000    0.924448    0.252640    0.996466    0.644706    0.651601    0.914074    0.862805    3700        104.593640  1.245568    0.489713    0.095666    0.096031    0.096031    0.138728    2.000000    0.001984    0.000000    4.784000    0.100000    0.000000    0.000000    1.119136    1.111827    0.936338    1.601300    1.581737    0.002612    0.024386    0.572328    69.942153  
[37m[36mINFO[0m[0m 09/01 13:01:30 | 0.620706    0.612053    0.000000    0.922938    0.258101    0.996466    0.620706    0.612053    0.912593    0.859756    3800        107.420495  1.261738    0.503655    0.098506    0.098826    0.098826    0.138996    2.000000    0.001969    0.000000    4.800909    0.100000    0.000000    0.000000    1.116168    1.110017    0.936424    1.604078    1.585130    0.004180    0.024822    0.601733    73.092690  
[37m[36mINFO[0m[0m 09/01 13:03:48 | 0.642824    0.649718    0.000000    0.924985    0.249578    0.996466    0.642824    0.649718    0.911111    0.867378    3900        110.247350  1.308302    0.536644    0.106951    0.105016    0.105016    0.145938    2.000000    0.001926    0.000000    4.797822    0.100000    0.000000    0.000000    1.116946    1.110345    0.936120    1.611261    1.590446    0.001723    0.023688    0.673913    71.242982  
[37m[36mINFO[0m[0m 09/01 13:06:05 | 0.646588    0.645951    0.000000    0.917406    0.250795    0.996466    0.646588    0.645951    0.906667    0.849085    4000        113.074205  1.281249    0.519101    0.102797    0.101637    0.101637    0.141832    2.000000    0.001951    0.000000    4.784822    0.100000    0.000000    0.000000    1.116187    1.110224    0.936334    1.615760    1.597751    0.003181    0.022223    0.649966    71.572805  
[37m[36mINFO[0m[0m 09/01 13:08:14 | 0.647059    0.647834    0.000000    0.920441    0.248972    0.996466    0.647059    0.647834    0.908148    0.856707    4100        115.901060  1.332247    0.551947    0.109855    0.108171    0.108171    0.150773    2.000000    0.001882    0.000000    4.787544    0.100000    0.000000    0.000000    1.117501    1.111235    0.936078    1.619257    1.598908    0.002519    0.022795    0.604617    68.862952  
[37m[36mINFO[0m[0m 09/01 13:10:26 | 0.654588    0.661017    0.000000    0.920920    0.266178    0.996466    0.654588    0.661017    0.911111    0.855183    4200        118.727915  1.278050    0.520068    0.103183    0.101984    0.101984    0.139690    2.000000    0.001789    0.000000    4.786017    0.100000    0.000000    0.000000    1.115337    1.109703    0.936447    1.624751    1.604980    0.002960    0.022167    0.597378    72.316595  
[37m[36mINFO[0m[0m 09/01 13:12:38 | 0.649412    0.653484    0.000000    0.921471    0.250811    0.996466    0.649412    0.653484    0.906667    0.861280    4300        121.554770  1.311010    0.538461    0.108400    0.105333    0.105333    0.147000    2.000000    0.001746    0.000000    4.785488    0.100000    0.000000    0.000000    1.114656    1.109480    0.936390    1.628985    1.609096    0.002586    0.021786    0.608286    70.700083  
[37m[36mINFO[0m[0m 09/01 13:14:54 | 0.657412    0.661017    0.000000    0.918465    0.248645    0.996466    0.657412    0.661017    0.902222    0.856707    4400        124.381625  1.282239    0.510816    0.100420    0.100408    0.100408    0.146421    2.000000    0.001753    0.000000    4.785806    0.100000    0.000000    0.000000    1.114980    1.109946    0.936172    1.634005    1.613845    0.001692    0.020828    0.649698    71.491284  
[37m[36mINFO[0m[0m 09/01 13:17:10 | 0.664941    0.672316    0.000000    0.923983    0.252079    0.996466    0.664941    0.672316    0.909630    0.865854    4500        127.208481  1.236461    0.490220    0.096161    0.096443    0.096443    0.134808    2.000000    0.001657    0.000000    4.766250    0.100000    0.000000    0.000000    1.114004    1.109822    0.936641    1.636807    1.616840    0.002959    0.021097    0.640026    72.051433  
[37m[36mINFO[0m[0m 09/01 13:19:22 | 0.640000    0.638418    0.000000    0.923447    0.255524    0.996466    0.640000    0.638418    0.912593    0.861280    4600        130.035336  1.248058    0.498731    0.098406    0.097949    0.097949    0.135650    2.000000    0.001706    0.000000    4.780267    0.100000    0.000000    0.000000    1.113444    1.109223    0.936519    1.641388    1.622151    0.002968    0.020370    0.621154    69.594225  
[37m[36mINFO[0m[0m 09/01 13:21:36 | 0.639529    0.634652    0.000000    0.924463    0.243633    0.996466    0.639529    0.634652    0.912593    0.864329    4700        132.862191  1.345014    0.569005    0.112976    0.111922    0.111922    0.149316    2.000000    0.001668    0.000000    4.773755    0.100000    0.000000    0.000000    1.115929    1.112048    0.936725    1.646366    1.627669    0.001000    0.017602    0.610068    72.419441  
[37m[36mINFO[0m[0m 09/01 13:23:49 | 0.628235    0.638418    0.000000    0.921443    0.250083    0.996466    0.628235    0.638418    0.909630    0.858232    4800        135.689046  1.286558    0.515005    0.101255    0.101425    0.101425    0.147319    2.000000    0.001610    0.000000    4.769153    0.100000    0.000000    0.000000    1.115434    1.111850    0.936204    1.650496    1.630582    0.001838    0.018734    0.619512    71.283243  
[37m[36mINFO[0m[0m 09/01 13:26:08 | 0.631059    0.629002    0.000000    0.919947    0.260524    0.996466    0.631059    0.629002    0.906667    0.856707    4900        138.515901  1.266267    0.510273    0.100319    0.100590    0.100590    0.139571    2.000000    0.001519    0.000000    4.768529    0.100000    0.000000    0.000000    1.114709    1.111277    0.937140    1.656333    1.636399    0.001345    0.017991    0.643317    74.437756  
[37m[36mINFO[0m[0m 09/01 13:28:23 | 0.613647    0.615819    0.000000    0.922938    0.268272    0.996466    0.613647    0.615819    0.912593    0.859756    5000        141.342756  1.259056    0.496895    0.097220    0.097995    0.097995    0.142685    2.000000    0.001539    0.000000    4.767909    0.100000    0.000000    0.000000    1.112746    1.109489    0.935811    1.659551    1.639863    0.003229    0.018979    0.637754    71.068423  
[37m[36mINFO[0m[0m 09/01 13:28:23 | ---
[37m[36mINFO[0m[0m 09/01 13:28:23 | oracle = 71.953%
[37m[36mINFO[0m[0m 09/01 13:28:23 | iid = 64.565%
[37m[36mINFO[0m[0m 09/01 13:28:23 | last = 61.365%
[37m[36mINFO[0m[0m 09/01 13:28:23 | last (inD) = 92.294%
[37m[36mINFO[0m[0m 09/01 13:28:23 | iid (inD) = 93.397%
[37m[36mINFO[0m[0m 09/01 13:28:23 | 
[37m[36mINFO[0m[0m 09/01 13:29:32 | Testenv name escaping te_PASCAL -> te_PASCAL
[37m[36mINFO[0m[0m 09/01 13:29:32 | Test envs = [2], name = te_PASCAL
[37m[36mINFO[0m[0m 09/01 13:29:32 | Batch sizes for each domain: [32, 32, 0, 32] (total=96)
[37m[36mINFO[0m[0m 09/01 13:29:32 | steps-per-epoch for each domain: 35.38, 66.41, 82.06 -> min = 35.38
[37m[36mINFO[0m[0m 09/01 13:29:55 | # of params = 151206401
[37m[36mINFO[0m[0m 09/01 13:30:49 | test_in     test_out    train_in    train_out   tr_outloss  env0_out    env1_out    env2_in     env2_out    env3_out    step        epoch       total_loss  cipt_base_  cipt_cls_l  cipt_de_lo  cipt_de_or  cipt_de_au  aug_decomp  cipt_ind_l  causal_con  dccl_contr  contrastiv  pre_cl_los  reg_loss    mean_e_nor  mean_e_aug  mean_e_aug  mean_s_nor  mean_s_aug  mean_es_co  mean_e_aug  step_time   eval_time  
[37m[36mINFO[0m[0m 09/01 13:30:49 | 0.576453    0.600000    0.000000    0.605540    1.081350    0.978799    0.372881    0.576453    0.600000    0.464939    0           0.000000    13.643332   10.365829   1.240106    1.656430    1.656430    1.638220    2.000000    0.500000    0.000000    5.312153    0.000200    0.000000    0.000000    1.000000    1.000000    0.914573    1.000000    1.000000    1.000000    1.000000    0.545373    53.588567  
[37m[36mINFO[0m[0m 09/01 13:33:16 | 0.851536    0.871111    0.000000    0.865399    0.367791    1.000000    0.792844    0.851536    0.871111    0.803354    100         2.826855    6.516361    5.227499    0.485886    0.599015    0.599015    0.617227    2.000000    0.469111    0.000000    5.287589    0.010300    0.000000    0.000000    1.001392    1.000589    0.919810    1.018008    1.018032    0.968371    0.970695    0.874910    59.844730  
[37m[36mINFO[0m[0m 09/01 13:35:39 | 0.857830    0.881481    0.000000    0.877594    0.327301    1.000000    0.792844    0.857830    0.881481    0.839939    200         5.653710    4.540015    3.637018    0.321648    0.352903    0.352903    0.371820    2.000000    0.380752    0.000000    5.262617    0.030300    0.000000    0.000000    0.999188    0.996767    0.919256    1.071892    1.069509    0.869900    0.880476    0.896769    52.862108  
[37m[36mINFO[0m[0m 09/01 13:37:59 | 0.855239    0.884444    0.000000    0.880643    0.314701    1.000000    0.792844    0.855239    0.884444    0.849085    300         8.480565    3.458982    2.528502    0.301397    0.316487    0.316487    0.334785    2.000000    0.192232    0.000000    5.189538    0.050300    0.000000    0.000000    1.026430    1.019602    0.921927    1.181389    1.171368    0.601268    0.630853    0.857629    54.605708  
[37m[36mINFO[0m[0m 09/01 13:40:22 | 0.848575    0.874074    0.000000    0.881659    0.305744    1.000000    0.792844    0.848575    0.874074    0.852134    400         11.307420   2.797489    1.803758    0.284351    0.292115    0.292115    0.317001    2.000000    0.070189    0.000000    5.118670    0.070300    0.000000    0.000000    1.072685    1.061430    0.928602    1.294184    1.277516    0.334487    0.374392    0.874262    55.593204  
[37m[36mINFO[0m[0m 09/01 13:42:49 | 0.864124    0.891852    0.000000    0.879614    0.313521    0.996466    0.787194    0.864124    0.891852    0.855183    500         14.134276   2.671595    1.590607    0.286049    0.289611    0.289611    0.311671    2.000000    0.029223    0.000000    5.068813    0.090298    0.000000    0.000000    1.106197    1.091809    0.932461    1.372525    1.350063    0.180405    0.226466    0.914738    54.733657  
[37m[36mINFO[0m[0m 09/01 13:45:10 | 0.858571    0.875556    0.000000    0.884857    0.297919    1.000000    0.787194    0.858571    0.875556    0.867378    600         16.961131   2.475959    1.401453    0.261407    0.264620    0.264620    0.284328    2.000000    0.016313    0.000000    5.058495    0.100000    0.000000    0.000000    1.124034    1.108581    0.934785    1.422106    1.397673    0.102249    0.148298    0.874819    53.936540  
[37m[36mINFO[0m[0m 09/01 13:47:30 | 0.854128    0.868148    0.000000    0.887566    0.297394    0.996466    0.800377    0.854128    0.868148    0.865854    700         19.787986   2.462129    1.384681    0.264345    0.266493    0.266493    0.285972    2.000000    0.010873    0.000000    5.055037    0.100000    0.000000    0.000000    1.132957    1.116771    0.935476    1.455557    1.429821    0.060086    0.106374    0.854113    54.118487  
[37m[36mINFO[0m[0m 09/01 13:49:53 | 0.850796    0.871111    0.000000    0.882753    0.309897    0.996466    0.796610    0.850796    0.871111    0.855183    800         22.614841   2.389934    1.324305    0.254735    0.256913    0.256913    0.280884    2.000000    0.008383    0.000000    5.038601    0.100000    0.000000    0.000000    1.137927    1.121557    0.936436    1.477669    1.451505    0.038376    0.083988    0.879002    55.069594  
[37m[36mINFO[0m[0m 09/01 13:52:16 | 0.858941    0.880000    0.000000    0.882634    0.308388    0.996466    0.794727    0.858941    0.880000    0.856707    900         25.441696   2.389129    1.323684    0.259204    0.257553    0.257553    0.280480    2.000000    0.006854    0.000000    5.044852    0.100000    0.000000    0.000000    1.140333    1.123375    0.936487    1.495252    1.467018    0.026061    0.072976    0.913689    51.916572  
[37m[36mINFO[0m[0m 09/01 13:54:43 | 0.851166    0.868148    0.000000    0.885264    0.303468    0.996466    0.804143    0.851166    0.868148    0.855183    1000        28.268551   2.352534    1.298029    0.256572    0.253266    0.253266    0.274911    2.000000    0.005679    0.000000    5.046829    0.100000    0.000000    0.000000    1.140720    1.124382    0.936634    1.508832    1.481254    0.018630    0.063459    0.835466    63.351384  
[37m[36mINFO[0m[0m 09/01 13:57:03 | 0.857460    0.869630    0.000000    0.888911    0.305369    0.996466    0.813559    0.857460    0.869630    0.856707    1100        31.095406   2.303060    1.255489    0.248270    0.245483    0.245483    0.271498    2.000000    0.005057    0.000000    5.045757    0.100000    0.000000    0.000000    1.139252    1.123052    0.936829    1.519146    1.491083    0.015952    0.060169    0.858060    54.615685  
[37m[36mINFO[0m[0m 09/01 13:59:27 | 0.849315    0.859259    0.000000    0.890914    0.304519    0.996466    0.821092    0.849315    0.859259    0.855183    1200        33.922261   2.293900    1.249342    0.247085    0.244706    0.244706    0.270987    2.000000    0.004687    0.000000    5.025836    0.100000    0.000000    0.000000    1.138711    1.121985    0.936266    1.529751    1.500435    0.012384    0.057833    0.897767    54.179967  
[37m[36mINFO[0m[0m 09/01 14:01:47 | 0.850796    0.862222    0.000000    0.887177    0.306992    0.996466    0.802260    0.850796    0.862222    0.862805    1300        36.749117   2.286532    1.243379    0.245404    0.244364    0.244364    0.269888    2.000000    0.004104    0.000000    5.033766    0.100000    0.000000    0.000000    1.136506    1.120624    0.936508    1.539368    1.511187    0.010845    0.053655    0.856703    53.781213  
[37m[36mINFO[0m[0m 09/01 14:04:07 | 0.854869    0.863704    0.000000    0.888523    0.310398    0.996466    0.815443    0.854869    0.863704    0.853659    1400        39.575972   2.305879    1.261519    0.250330    0.248009    0.248009    0.270728    2.000000    0.003831    0.000000    5.029030    0.100000    0.000000    0.000000    1.134954    1.119718    0.936026    1.548084    1.520862    0.009626    0.050525    0.862928    54.193531  
[37m[36mINFO[0m[0m 09/01 14:06:26 | 0.848204    0.854815    0.000000    0.883351    0.304865    0.996466    0.806026    0.848204    0.854815    0.847561    1500        42.402827   2.262615    1.222457    0.244576    0.239912    0.239912    0.268561    2.000000    0.003647    0.000000    5.030361    0.100000    0.000000    0.000000    1.133832    1.118491    0.935861    1.555076    1.527264    0.009997    0.050841    0.844007    54.103839  
[37m[36mINFO[0m[0m 09/01 14:08:50 | 0.837838    0.842963    0.000000    0.884607    0.307260    0.996466    0.809793    0.837838    0.842963    0.847561    1600        45.229682   2.118085    1.120121    0.221888    0.220133    0.220133    0.248236    2.000000    0.003540    0.000000    5.014931    0.100000    0.000000    0.000000    1.132414    1.116983    0.935977    1.563494    1.534742    0.007647    0.048548    0.917584    51.938068  
[37m[36mINFO[0m[0m 09/01 14:11:10 | 0.837097    0.848889    0.000000    0.883740    0.314019    0.996466    0.804143    0.837097    0.848889    0.850610    1700        48.056537   2.170278    1.157268    0.229299    0.227798    0.227798    0.255562    2.000000    0.003355    0.000000    5.018867    0.100000    0.000000    0.000000    1.129124    1.114086    0.936370    1.571591    1.542992    0.007400    0.047466    0.855410    54.476685  
[37m[36mINFO[0m[0m 09/01 14:13:30 | 0.842651    0.845926    0.000000    0.883859    0.313420    0.996466    0.806026    0.842651    0.845926    0.849085    1800        50.883392   2.225502    1.194096    0.237362    0.235332    0.235332    0.264657    2.000000    0.003081    0.000000    5.020922    0.100000    0.000000    0.000000    1.128986    1.113841    0.936174    1.577024    1.547453    0.006616    0.047521    0.870780    53.125391  
[37m[36mINFO[0m[0m 09/01 14:15:16 | 0.837468    0.842963    0.000000    0.880183    0.312438    0.996466    0.804143    0.837468    0.842963    0.839939    1900        53.710247   2.162363    1.148804    0.229542    0.226149    0.226149    0.256285    2.000000    0.002933    0.000000    5.009883    0.100000    0.000000    0.000000    1.127260    1.112562    0.935844    1.584733    1.556766    0.005581    0.044231    0.600709    45.932341  
[37m[36mINFO[0m[0m 09/01 14:17:01 | 0.850796    0.859259    0.000000    0.883859    0.316006    0.996466    0.806026    0.850796    0.859259    0.849085    2000        56.537102   2.183339    1.162715    0.233572    0.228743    0.228743    0.259589    2.000000    0.002834    0.000000    5.014459    0.100000    0.000000    0.000000    1.126980    1.112635    0.936005    1.591675    1.563222    0.004997    0.042999    0.587681    45.888153  
[37m[36mINFO[0m[0m 09/01 14:18:46 | 0.831544    0.831111    0.000000    0.878031    0.326073    0.996466    0.802260    0.831544    0.831111    0.835366    2100        59.363958   2.131373    1.132948    0.226936    0.223021    0.223021    0.248786    2.000000    0.002785    0.000000    5.008518    0.100000    0.000000    0.000000    1.124075    1.109678    0.935975    1.597975    1.569176    0.004796    0.042838    0.586173    46.704984  
[37m[36mINFO[0m[0m 09/01 14:20:30 | 0.840059    0.845926    0.000000    0.887626    0.317455    0.996466    0.817326    0.840059    0.845926    0.849085    2200        62.190813   2.116633    1.106093    0.222615    0.217586    0.217586    0.255116    2.000000    0.002627    0.000000    5.003086    0.100000    0.000000    0.000000    1.122973    1.109101    0.936459    1.602751    1.576243    0.006542    0.041889    0.580642    46.072725  
[37m[36mINFO[0m[0m 09/01 14:22:15 | 0.853017    0.860741    0.000000    0.880960    0.333482    0.996466    0.800377    0.853017    0.860741    0.846037    2300        65.017668   2.113291    1.109114    0.223019    0.218260    0.218260    0.251895    2.000000    0.002611    0.000000    5.003876    0.100000    0.000000    0.000000    1.121519    1.107875    0.935787    1.611539    1.583205    0.004514    0.040526    0.582783    46.968051  
[37m[36mINFO[0m[0m 09/01 14:24:01 | 0.827471    0.837037    0.000000    0.884218    0.321981    0.996466    0.811676    0.827471    0.837037    0.844512    2400        67.844523   2.113157    1.101685    0.222052    0.216828    0.216828    0.255160    2.000000    0.002464    0.000000    5.011523    0.100000    0.000000    0.000000    1.119778    1.106180    0.935559    1.617881    1.589115    0.004322    0.040300    0.587346    46.575930  
[37m[36mINFO[0m[0m 09/01 14:25:45 | 0.834876    0.845926    0.000000    0.877821    0.324960    0.996466    0.790960    0.834876    0.845926    0.846037    2500        70.671378   2.054689    1.065487    0.213524    0.209899    0.209899    0.244660    2.000000    0.002473    0.000000    4.998825    0.100000    0.000000    0.000000    1.117982    1.104627    0.935892    1.624426    1.596484    0.004446    0.039181    0.586501    46.124742  
[37m[36mINFO[0m[0m 09/01 14:27:30 | 0.836727    0.837037    0.000000    0.880840    0.326511    0.996466    0.798493    0.836727    0.837037    0.847561    2600        73.498233   2.082530    1.078786    0.214739    0.213046    0.213046    0.251720    2.000000    0.002372    0.000000    5.003032    0.100000    0.000000    0.000000    1.116582    1.104065    0.935858    1.629180    1.602095    0.004750    0.037943    0.588350    45.448306  
[37m[36mINFO[0m[0m 09/01 14:29:15 | 0.837468    0.841481    0.000000    0.884368    0.325477    0.996466    0.806026    0.837468    0.841481    0.850610    2700        76.325088   2.031010    1.047884    0.208743    0.206844    0.206844    0.241738    2.000000    0.002353    0.000000    4.996501    0.100000    0.000000    0.000000    1.114869    1.102746    0.935708    1.634457    1.607909    0.005404    0.037455    0.586656    46.377790  
[37m[36mINFO[0m[0m 09/01 14:31:00 | 0.836727    0.840000    0.000000    0.880840    0.329839    0.996466    0.798493    0.836727    0.840000    0.847561    2800        79.151943   2.058484    1.063499    0.212911    0.209888    0.209888    0.247399    2.000000    0.002208    0.000000    5.001874    0.100000    0.000000    0.000000    1.114434    1.102176    0.935624    1.643781    1.615606    0.002943    0.035992    0.586031    46.222689  
[37m[36mINFO[0m[0m 09/01 14:32:45 | 0.846723    0.847407    0.000000    0.881827    0.342091    0.996466    0.806026    0.846723    0.847407    0.842988    2900        81.978799   2.066309    1.072275    0.214932    0.211606    0.211606    0.247425    2.000000    0.002184    0.000000    4.991828    0.100000    0.000000    0.000000    1.114866    1.102681    0.935818    1.647381    1.619771    0.003405    0.035693    0.585859    46.680268  
[37m[36mINFO[0m[0m 09/01 14:34:30 | 0.825620    0.825185    0.000000    0.882933    0.324395    0.996466    0.815443    0.825620    0.825185    0.836890    3000        84.805654   2.100698    1.095097    0.221210    0.215834    0.215834    0.253475    2.000000    0.002110    0.000000    4.986518    0.100000    0.000000    0.000000    1.112267    1.100773    0.935301    1.653667    1.626636    0.003120    0.034303    0.588869    45.891725  
[37m[36mINFO[0m[0m 09/01 14:36:15 | 0.841540    0.853333    0.000000    0.884338    0.335500    0.996466    0.813559    0.841540    0.853333    0.842988    3100        87.632509   2.024650    1.039119    0.207934    0.205157    0.205157    0.243261    2.000000    0.002112    0.000000    4.990092    0.100000    0.000000    0.000000    1.111066    1.099713    0.934965    1.659862    1.632457    0.003845    0.034782    0.585214    46.666867  
[37m[36mINFO[0m[0m 09/01 14:38:00 | 0.825990    0.832593    0.000000    0.877164    0.333928    0.996466    0.796610    0.825990    0.832593    0.838415    3200        90.459364   2.024277    1.034186    0.205419    0.204669    0.204669    0.245339    2.000000    0.002018    0.000000    4.994129    0.100000    0.000000    0.000000    1.110404    1.099437    0.935666    1.665163    1.638653    0.002989    0.032531    0.584260    46.306377  
[37m[36mINFO[0m[0m 09/01 14:39:45 | 0.819326    0.814815    0.000000    0.881050    0.330572    0.996466    0.809793    0.819326    0.814815    0.836890    3300        93.286219   1.976169    1.001816    0.199403    0.198156    0.198156    0.237762    2.000000    0.001958    0.000000    4.988295    0.100000    0.000000    0.000000    1.108258    1.097198    0.934791    1.672343    1.644011    0.002725    0.033286    0.586287    46.601986  
[37m[36mINFO[0m[0m 09/01 14:41:29 | 0.837838    0.850370    0.000000    0.881827    0.346158    0.996466    0.806026    0.837838    0.850370    0.842988    3400        96.113074   2.084524    1.068422    0.212047    0.211658    0.211658    0.258211    2.000000    0.001948    0.000000    4.996805    0.100000    0.000000    0.000000    1.106303    1.095826    0.934276    1.678335    1.649531    0.003240    0.033508    0.583580    45.986988  
[37m[36mINFO[0m[0m 09/01 14:43:14 | 0.831914    0.831111    0.000000    0.878778    0.335527    0.996466    0.806026    0.831914    0.831111    0.833841    3500        98.939929   2.069753    1.067110    0.212911    0.211238    0.211238    0.251548    2.000000    0.001850    0.000000    4.995462    0.100000    0.000000    0.000000    1.106623    1.096324    0.934988    1.681392    1.653728    0.002885    0.032063    0.586746    45.745491  
[37m[36mINFO[0m[0m 09/01 14:44:58 | 0.818956    0.808889    0.000000    0.879167    0.337037    0.996466    0.804143    0.818956    0.808889    0.836890    3600        101.766784  2.053391    1.053696    0.211328    0.208356    0.208356    0.250895    2.000000    0.001789    0.000000    4.979046    0.100000    0.000000    0.000000    1.106385    1.096506    0.934735    1.687338    1.660015    0.002450    0.030780    0.586562    45.674776  
[37m[36mINFO[0m[0m 09/01 14:46:43 | 0.830063    0.823704    0.000000    0.880811    0.334973    0.996466    0.806026    0.830063    0.823704    0.839939    3700        104.593640  1.980317    0.998141    0.198945    0.197593    0.197593    0.241324    2.000000    0.001765    0.000000    4.995277    0.100000    0.000000    0.000000    1.103083    1.093340    0.934218    1.693043    1.664601    0.003500    0.032238    0.585929    46.002146  
[37m[36mINFO[0m[0m 09/01 14:48:27 | 0.820437    0.816296    0.000000    0.881050    0.339804    0.996466    0.809793    0.820437    0.816296    0.836890    3800        107.420495  2.051589    1.051999    0.210916    0.208250    0.208250    0.250910    2.000000    0.001617    0.000000    4.977696    0.100000    0.000000    0.000000    1.103160    1.093640    0.934944    1.699664    1.671412    0.002117    0.030268    0.587971    45.672270  
[37m[36mINFO[0m[0m 09/01 14:50:12 | 0.823399    0.829630    0.000000    0.886729    0.338683    0.996466    0.819209    0.823399    0.829630    0.844512    3900        110.247350  2.037548    1.035833    0.207333    0.205027    0.205027    0.252107    2.000000    0.001678    0.000000    4.975003    0.100000    0.000000    0.000000    1.102505    1.093271    0.934597    1.702682    1.676070    0.003093    0.029949    0.587179    45.697035  
[37m[36mINFO[0m[0m 09/01 14:51:56 | 0.823769    0.829630    0.000000    0.875161    0.337971    0.996466    0.789077    0.823769    0.829630    0.839939    4000        113.074205  2.040884    1.050055    0.209262    0.208087    0.208087    0.246488    2.000000    0.001689    0.000000    4.978529    0.100000    0.000000    0.000000    1.101125    1.092138    0.934289    1.707868    1.679976    0.003223    0.030281    0.586280    45.484266  
[37m[36mINFO[0m[0m 09/01 14:53:41 | 0.813773    0.800000    0.000000    0.880004    0.350508    0.996466    0.817326    0.813773    0.800000    0.826220    4100        115.901060  1.980731    0.993710    0.197738    0.196922    0.196922    0.244286    2.000000    0.001657    0.000000    4.984494    0.100000    0.000000    0.000000    1.100106    1.091235    0.934459    1.714368    1.686097    0.002969    0.029748    0.585626    46.688807  
[37m[36mINFO[0m[0m 09/01 14:55:26 | 0.814883    0.805926    0.000000    0.873995    0.344250    0.996466    0.794727    0.814883    0.805926    0.830793    4200        118.727915  1.951766    0.984407    0.196799    0.194908    0.194908    0.234979    2.000000    0.001595    0.000000    4.974014    0.100000    0.000000    0.000000    1.098181    1.089344    0.933853    1.720479    1.692067    0.003420    0.030359    0.583479    46.437753  
[37m[36mINFO[0m[0m 09/01 14:57:10 | 0.805257    0.797037    0.000000    0.871664    0.358687    0.996466    0.806026    0.805257    0.797037    0.812500    4300        121.554770  2.013620    1.021522    0.203922    0.202483    0.202483    0.247243    2.000000    0.001534    0.000000    4.976117    0.100000    0.000000    0.000000    1.096526    1.088220    0.934705    1.725656    1.698424    0.002785    0.028174    0.582647    46.078338  
[37m[36mINFO[0m[0m 09/01 14:58:56 | 0.824880    0.831111    0.000000    0.879555    0.343149    0.996466    0.802260    0.824880    0.831111    0.839939    4400        124.381625  1.988815    1.015939    0.203095    0.201288    0.201288    0.237415    2.000000    0.001538    0.000000    4.980466    0.100000    0.000000    0.000000    1.096323    1.088423    0.934467    1.731334    1.703920    0.003174    0.027979    0.587165    46.630820  
[37m[36mINFO[0m[0m 09/01 15:00:40 | 0.815254    0.811852    0.000000    0.880901    0.366023    0.996466    0.815443    0.815254    0.811852    0.830793    4500        127.208481  1.932383    0.954648    0.189525    0.189369    0.189369    0.239928    2.000000    0.001530    0.000000    4.978799    0.100000    0.000000    0.000000    1.094973    1.087146    0.934649    1.735418    1.708182    0.003373    0.027776    0.584778    45.989998  
[37m[36mINFO[0m[0m 09/01 15:02:25 | 0.819326    0.819259    0.000000    0.877283    0.345555    0.996466    0.798493    0.819326    0.819259    0.836890    4600        130.035336  1.923177    0.950043    0.190185    0.188132    0.188132    0.238422    2.000000    0.001466    0.000000    4.962903    0.100000    0.000000    0.000000    1.092637    1.085191    0.933231    1.742445    1.714561    0.002998    0.027353    0.585147    45.785170  
[37m[36mINFO[0m[0m 09/01 15:04:09 | 0.824509    0.825185    0.000000    0.876685    0.354690    0.996466    0.789077    0.824509    0.825185    0.844512    4700        132.862191  1.911313    0.943744    0.187054    0.187330    0.187330    0.235104    2.000000    0.001474    0.000000    4.973599    0.100000    0.000000    0.000000    1.091317    1.083736    0.934061    1.745011    1.717929    0.003783    0.027387    0.586691    45.369477  
[37m[36mINFO[0m[0m 09/01 15:05:54 | 0.815994    0.811852    0.000000    0.872650    0.354404    0.996466    0.781544    0.815994    0.811852    0.839939    4800        135.689046  1.897097    0.937263    0.187071    0.185790    0.185790    0.231862    2.000000    0.001407    0.000000    4.961088    0.100000    0.000000    0.000000    1.090988    1.083561    0.933691    1.752043    1.723303    0.002484    0.026668    0.591310    45.687721  
[37m[36mINFO[0m[0m 09/01 15:07:38 | 0.810811    0.800000    0.000000    0.880392    0.349588    0.996466    0.815443    0.810811    0.800000    0.829268    4900        138.515901  2.016348    1.018852    0.203704    0.202075    0.202075    0.250423    2.000000    0.001369    0.000000    4.966518    0.100000    0.000000    0.000000    1.091375    1.084098    0.933318    1.757368    1.728752    0.001423    0.025530    0.584509    45.856773  
[37m[36mINFO[0m[0m 09/01 15:09:23 | 0.828582    0.829630    0.000000    0.882963    0.351408    0.996466    0.807910    0.828582    0.829630    0.844512    5000        141.342756  1.929633    0.964531    0.191946    0.191431    0.191431    0.235010    2.000000    0.001372    0.000000    4.950819    0.100000    0.000000    0.000000    1.089956    1.083325    0.933605    1.760586    1.733216    0.002775    0.025650    0.589455    45.740619  
[37m[36mINFO[0m[0m 09/01 15:09:23 | ---
[37m[36mINFO[0m[0m 09/01 15:09:23 | oracle = 86.412%
[37m[36mINFO[0m[0m 09/01 15:09:23 | iid = 84.932%
[37m[36mINFO[0m[0m 09/01 15:09:23 | last = 82.858%
[37m[36mINFO[0m[0m 09/01 15:09:23 | last (inD) = 88.296%
[37m[36mINFO[0m[0m 09/01 15:09:23 | iid (inD) = 89.091%
[37m[36mINFO[0m[0m 09/01 15:09:23 | 
[37m[36mINFO[0m[0m 09/01 15:10:30 | Testenv name escaping te_SUN -> te_SUN
[37m[36mINFO[0m[0m 09/01 15:10:30 | Test envs = [3], name = te_SUN
[37m[36mINFO[0m[0m 09/01 15:10:30 | Batch sizes for each domain: [32, 32, 32, 0] (total=96)
[37m[36mINFO[0m[0m 09/01 15:10:30 | steps-per-epoch for each domain: 35.38, 66.41, 84.41 -> min = 35.38
[37m[36mINFO[0m[0m 09/01 15:10:47 | # of params = 151206401
[37m[36mINFO[0m[0m 09/01 15:11:36 | test_in     test_out    train_in    train_out   tr_outloss  env0_out    env1_out    env2_out    env3_in     env3_out    step        epoch       total_loss  cipt_base_  cipt_cls_l  cipt_de_lo  cipt_de_or  cipt_de_au  aug_decomp  cipt_ind_l  causal_con  dccl_contr  contrastiv  pre_cl_los  reg_loss    mean_e_nor  mean_e_aug  mean_e_aug  mean_s_nor  mean_s_aug  mean_es_co  mean_e_aug  step_time   eval_time  
[37m[36mINFO[0m[0m 09/01 15:11:36 | 0.545316    0.553354    0.000000    0.691529    0.886129    0.968198    0.450094    0.656296    0.545316    0.553354    0           0.000000    13.291563   10.081594   1.046722    1.633718    1.633718    1.604448    2.000000    0.500000    0.000000    5.359849    0.000200    0.000000    0.000000    1.000000    1.000000    0.929854    1.000000    1.000000    1.000000    1.000000    0.565347    49.142926  
[37m[36mINFO[0m[0m 09/01 15:13:22 | 0.717060    0.727134    0.000000    0.896993    0.297337    0.996466    0.804143    0.890370    0.717060    0.727134    100         2.826855    6.432547    5.155302    0.464851    0.592703    0.592703    0.611635    2.000000    0.463928    0.000000    5.249817    0.010300    0.000000    0.000000    0.996771    0.996053    0.923558    1.021135    1.020886    0.962861    0.965461    0.577810    48.200325  
[37m[36mINFO[0m[0m 09/01 15:15:09 | 0.766184    0.780488    0.000000    0.899462    0.275430    0.996466    0.804143    0.897778    0.766184    0.780488    200         5.653710    4.244185    3.394825    0.306025    0.332485    0.332485    0.345818    2.000000    0.351772    0.000000    5.211461    0.030300    0.000000    0.000000    0.997368    0.994171    0.922222    1.082453    1.079988    0.834497    0.847096    0.583222    47.756630  
[37m[36mINFO[0m[0m 09/01 15:16:53 | 0.777609    0.786585    0.000000    0.900640    0.259885    1.000000    0.804143    0.897778    0.777609    0.786585    300         8.480565    3.024657    2.169851    0.269675    0.282817    0.282817    0.298775    2.000000    0.153782    0.000000    5.117801    0.050300    0.000000    0.000000    1.040396    1.031556    0.927346    1.198909    1.190225    0.531676    0.562578    0.579079    46.254302  
[37m[36mINFO[0m[0m 09/01 15:18:38 | 0.775704    0.792683    0.000000    0.901134    0.261565    1.000000    0.804143    0.899259    0.775704    0.792683    400         11.307420   2.564089    1.630973    0.269448    0.276901    0.276901    0.289735    2.000000    0.050784    0.000000    5.032080    0.070300    0.000000    0.000000    1.096714    1.082608    0.934015    1.306621    1.292986    0.275441    0.315679    0.584565    46.195531  
[37m[36mINFO[0m[0m 09/01 15:20:23 | 0.801599    0.809451    0.000000    0.905219    0.257865    1.000000    0.806026    0.909630    0.801599    0.809451    500         14.134276   2.408845    1.407132    0.256988    0.260877    0.260877    0.275104    2.000000    0.021327    0.000000    5.000609    0.090298    0.000000    0.000000    1.130940    1.114160    0.938019    1.374266    1.358809    0.144454    0.186166    0.577615    47.401458  
[37m[36mINFO[0m[0m 09/01 15:22:08 | 0.782178    0.783537    0.000000    0.908491    0.249935    1.000000    0.817326    0.908148    0.782178    0.783537    600         16.961131   2.278480    1.264115    0.239351    0.241558    0.241558    0.258023    2.000000    0.011706    0.000000    4.983188    0.100000    0.000000    0.000000    1.150209    1.131990    0.939982    1.415357    1.398132    0.078824    0.121692    0.576844    47.087870  
[37m[36mINFO[0m[0m 09/01 15:23:53 | 0.794364    0.797256    0.000000    0.906340    0.252828    1.000000    0.807910    0.911111    0.794364    0.797256    700         19.787986   2.276784    1.260804    0.243647    0.244368    0.244368    0.259565    2.000000    0.007937    0.000000    4.968497    0.100000    0.000000    0.000000    1.159291    1.140346    0.940988    1.441432    1.424259    0.045444    0.087390    0.577822    47.681947  
[37m[36mINFO[0m[0m 09/01 15:25:37 | 0.791698    0.795732    0.000000    0.905035    0.252610    1.000000    0.817326    0.897778    0.791698    0.795732    800         22.614841   2.224337    1.221442    0.242935    0.236711    0.236711    0.253563    2.000000    0.006332    0.000000    4.957697    0.100000    0.000000    0.000000    1.162942    1.143626    0.941071    1.458617    1.440945    0.030113    0.071578    0.578751    46.158868  
[37m[36mINFO[0m[0m 09/01 15:27:22 | 0.752475    0.766768    0.000000    0.907997    0.256998    1.000000    0.817326    0.906667    0.752475    0.766768    900         25.441696   2.218729    1.214522    0.239691    0.237318    0.237318    0.253626    2.000000    0.005112    0.000000    4.969561    0.100000    0.000000    0.000000    1.164506    1.145781    0.942153    1.473447    1.455901    0.019653    0.059752    0.580571    46.508271  
[37m[36mINFO[0m[0m 09/01 15:29:06 | 0.781797    0.785061    0.000000    0.907144    0.250396    1.000000    0.819209    0.902222    0.781797    0.785061    1000        28.268551   2.137614    1.147559    0.227954    0.224480    0.224480    0.247590    2.000000    0.004336    0.000000    4.948750    0.100000    0.000000    0.000000    1.164399    1.145413    0.942029    1.485167    1.467254    0.013190    0.053168    0.579005    46.758607  
[37m[36mINFO[0m[0m 09/01 15:30:51 | 0.770754    0.771341    0.000000    0.909429    0.250012    1.000000    0.830508    0.897778    0.770754    0.771341    1100        31.095406   2.123745    1.140219    0.225117    0.223902    0.223902    0.244144    2.000000    0.003899    0.000000    4.952386    0.100000    0.000000    0.000000    1.163621    1.145030    0.941395    1.492790    1.475801    0.011858    0.050528    0.576231    46.893232  
[37m[36mINFO[0m[0m 09/01 15:32:36 | 0.763899    0.760671    0.000000    0.909655    0.251321    1.000000    0.826742    0.902222    0.763899    0.760671    1200        33.922261   2.020926    1.060075    0.208579    0.208297    0.208297    0.232925    2.000000    0.003661    0.000000    4.950010    0.100000    0.000000    0.000000    1.161409    1.142854    0.941689    1.500826    1.483099    0.010493    0.049011    0.581806    47.112126  
[37m[36mINFO[0m[0m 09/01 15:34:21 | 0.763519    0.757622    0.000000    0.904315    0.260434    1.000000    0.821092    0.891852    0.763519    0.757622    1300        36.749117   2.106433    1.124426    0.224425    0.221048    0.221048    0.243830    2.000000    0.003162    0.000000    4.943463    0.100000    0.000000    0.000000    1.161122    1.143060    0.941927    1.509572    1.491885    0.007053    0.044433    0.579066    46.908394  
[37m[36mINFO[0m[0m 09/01 15:36:06 | 0.760472    0.739329    0.000000    0.902256    0.271680    1.000000    0.806026    0.900741    0.760472    0.739329    1400        39.575972   2.053246    1.088137    0.218011    0.213596    0.213596    0.235251    2.000000    0.003148    0.000000    4.946059    0.100000    0.000000    0.000000    1.157265    1.139516    0.941886    1.516185    1.499340    0.007999    0.044236    0.583996    46.572859  
[37m[36mINFO[0m[0m 09/01 15:37:55 | 0.756283    0.750000    0.000000    0.908533    0.257357    1.000000    0.824859    0.900741    0.756283    0.750000    1500        42.402827   2.025893    1.059529    0.210888    0.208433    0.208433    0.236203    2.000000    0.002982    0.000000    4.939576    0.100000    0.000000    0.000000    1.158001    1.139862    0.941344    1.524983    1.507198    0.005324    0.041792    0.581951    50.511843  
[37m[36mINFO[0m[0m 09/01 15:39:46 | 0.787510    0.766768    0.000000    0.905930    0.259723    1.000000    0.822976    0.894815    0.787510    0.766768    1600        45.229682   2.004491    1.042798    0.207365    0.205399    0.205399    0.234053    2.000000    0.002768    0.000000    4.935857    0.100000    0.000000    0.000000    1.155643    1.138396    0.941840    1.530027    1.513710    0.006151    0.040221    0.603998    50.682640  
[37m[36mINFO[0m[0m 09/01 15:41:36 | 0.774181    0.754573    0.000000    0.907144    0.259421    1.000000    0.819209    0.902222    0.774181    0.754573    1700        48.056537   1.974633    1.023569    0.204682    0.201396    0.201396    0.229043    2.000000    0.002661    0.000000    4.929789    0.100000    0.000000    0.000000    1.153599    1.137052    0.941284    1.537288    1.521354    0.005623    0.038304    0.599887    49.709576  
[37m[36mINFO[0m[0m 09/01 15:44:21 | 0.762757    0.746951    0.000000    0.903285    0.267324    1.000000    0.813559    0.896296    0.762757    0.746951    1800        50.883392   1.992234    1.029576    0.206081    0.202646    0.202646    0.234690    2.000000    0.002582    0.000000    4.932783    0.100000    0.000000    0.000000    1.150447    1.133493    0.940437    1.545460    1.527272    0.004783    0.039598    0.721600    92.723375  
[37m[36mINFO[0m[0m 09/01 15:47:15 | 0.751714    0.743902    0.000000    0.910149    0.263020    1.000000    0.826742    0.903704    0.751714    0.743902    1900        53.710247   1.908343    0.968418    0.192918    0.190717    0.190717    0.223968    2.000000    0.002527    0.000000    4.919885    0.100000    0.000000    0.000000    1.148095    1.131548    0.940373    1.550892    1.534081    0.005784    0.038930    0.741168    99.572878  
[37m[36mINFO[0m[0m 09/01 15:49:44 | 0.775704    0.765244    0.000000    0.898573    0.264976    1.000000    0.809793    0.885926    0.775704    0.765244    2000        56.537102   1.958217    1.008312    0.203448    0.198212    0.198212    0.228641    2.000000    0.002403    0.000000    4.926245    0.100000    0.000000    0.000000    1.147517    1.131940    0.941623    1.558262    1.542557    0.003646    0.034428    0.839215    65.750133  
[37m[36mINFO[0m[0m 09/01 15:52:17 | 0.755903    0.740854    0.000000    0.902164    0.270045    1.000000    0.811676    0.894815    0.755903    0.740854    2100        59.363958   1.893132    0.961556    0.191780    0.189550    0.189550    0.219125    2.000000    0.002315    0.000000    4.933266    0.100000    0.000000    0.000000    1.143809    1.128548    0.940797    1.563927    1.548218    0.004670    0.035450    0.931687    59.799247  
[37m[36mINFO[0m[0m 09/01 15:54:51 | 0.760853    0.756098    0.000000    0.905210    0.271601    1.000000    0.826742    0.888889    0.760853    0.756098    2200        62.190813   1.894748    0.968572    0.193495    0.190870    0.190870    0.216948    2.000000    0.002319    0.000000    4.922812    0.100000    0.000000    0.000000    1.140543    1.125525    0.940996    1.570461    1.554952    0.004938    0.034965    0.865027    67.016379  
[37m[36mINFO[0m[0m 09/01 15:57:32 | 0.738766    0.734756    0.000000    0.896782    0.290802    1.000000    0.798493    0.891852    0.738766    0.734756    2300        65.017668   1.850602    0.923894    0.184603    0.182161    0.182161    0.217768    2.000000    0.002129    0.000000    4.911724    0.100000    0.000000    0.000000    1.138901    1.123662    0.940500    1.578759    1.562435    0.002879    0.033527    0.934760    67.582993  
[37m[36mINFO[0m[0m 09/01 16:00:10 | 0.738766    0.740854    0.000000    0.896062    0.281981    1.000000    0.802260    0.885926    0.738766    0.740854    2400        67.844523   1.907721    0.957830    0.191676    0.188919    0.188919    0.229237    2.000000    0.002096    0.000000    4.914167    0.100000    0.000000    0.000000    1.137808    1.123175    0.940283    1.584959    1.568843    0.002997    0.032716    0.919339    66.213904  
[37m[36mINFO[0m[0m 09/01 16:02:52 | 0.759330    0.757622    0.000000    0.889770    0.280037    0.996466    0.792844    0.880000    0.759330    0.757622    2500        70.671378   1.921723    0.975363    0.196805    0.192080    0.192080    0.227211    2.000000    0.002048    0.000000    4.919388    0.100000    0.000000    0.000000    1.136265    1.121789    0.940258    1.588958    1.573992    0.003714    0.032296    0.975194    64.533362  
[37m[36mINFO[0m[0m 09/01 16:05:42 | 0.726580    0.737805    0.000000    0.897847    0.284380    0.996466    0.802260    0.894815    0.726580    0.737805    2600        73.498233   1.919908    0.970906    0.196112    0.191235    0.191235    0.228718    2.000000    0.001971    0.000000    4.915656    0.100000    0.000000    0.000000    1.134750    1.120594    0.940080    1.595234    1.579896    0.003957    0.032157    0.954247    73.890471  
[37m[36mINFO[0m[0m 09/01 16:08:19 | 0.746002    0.739329    0.000000    0.901840    0.275679    0.996466    0.809793    0.899259    0.746002    0.739329    2700        76.325088   1.838190    0.923866    0.187830    0.181583    0.181583    0.212713    2.000000    0.001941    0.000000    4.888982    0.100000    0.000000    0.000000    1.130645    1.116812    0.940133    1.602081    1.587397    0.003415    0.030937    0.881891    68.971306  
[37m[36mINFO[0m[0m 09/01 16:11:01 | 0.758568    0.751524    0.000000    0.898383    0.272997    0.996466    0.809793    0.888889    0.758568    0.751524    2800        79.151943   1.855867    0.918280    0.184869    0.180953    0.180953    0.223118    2.000000    0.001920    0.000000    4.913494    0.100000    0.000000    0.000000    1.128850    1.115397    0.938898    1.607891    1.592650    0.004293    0.031659    0.871699    74.641691  
[37m[36mINFO[0m[0m 09/01 16:13:38 | 0.761995    0.756098    0.000000    0.893495    0.285695    0.996466    0.796610    0.887407    0.761995    0.756098    2900        81.978799   1.809969    0.877431    0.174589    0.173419    0.173419    0.220729    2.000000    0.001833    0.000000    4.910790    0.100000    0.000000    0.000000    1.126303    1.113009    0.939026    1.614336    1.599343    0.003358    0.030165    0.829967    73.841924  
[37m[36mINFO[0m[0m 09/01 16:16:18 | 0.750571    0.754573    0.000000    0.891611    0.283200    0.996466    0.790960    0.887407    0.750571    0.754573    3000        84.805654   1.838192    0.908419    0.181744    0.179390    0.179390    0.219489    2.000000    0.001823    0.000000    4.907963    0.100000    0.000000    0.000000    1.125850    1.113261    0.939855    1.620260    1.605290    0.003521    0.029323    0.826811    77.389433  
[37m[36mINFO[0m[0m 09/01 16:18:54 | 0.750571    0.746951    0.000000    0.900986    0.281631    0.996466    0.811676    0.894815    0.750571    0.746951    3100        87.632509   1.796215    0.872088    0.173691    0.172389    0.172389    0.216640    2.000000    0.001768    0.000000    4.908470    0.100000    0.000000    0.000000    1.123808    1.111658    0.939313    1.626649    1.613514    0.003333    0.027473    0.815068    74.540952  
[37m[36mINFO[0m[0m 09/01 16:21:28 | 0.763138    0.756098    0.000000    0.898249    0.281556    0.996466    0.807910    0.890370    0.763138    0.756098    3200        90.459364   1.827120    0.891272    0.177539    0.176268    0.176268    0.222890    2.000000    0.001732    0.000000    4.900690    0.100000    0.000000    0.000000    1.120863    1.108887    0.939205    1.632907    1.618912    0.002918    0.027415    0.830597    71.419790  
[37m[36mINFO[0m[0m 09/01 16:24:10 | 0.764280    0.751524    0.000000    0.898835    0.285151    0.996466    0.802260    0.897778    0.764280    0.751524    3300        93.286219   1.782776    0.873093    0.174464    0.172615    0.172615    0.209869    2.000000    0.001633    0.000000    4.899436    0.100000    0.000000    0.000000    1.120521    1.108506    0.938995    1.639546    1.624435    0.002436    0.027438    0.863304    75.088089  
[37m[36mINFO[0m[0m 09/01 16:26:49 | 0.754760    0.746951    0.000000    0.898743    0.283901    0.996466    0.807910    0.891852    0.754760    0.746951    3400        96.113074   1.855361    0.919490    0.183786    0.181961    0.181961    0.223146    2.000000    0.001572    0.000000    4.895799    0.100000    0.000000    0.000000    1.119494    1.108096    0.939201    1.644737    1.629881    0.002023    0.026160    0.884734    71.018939  
[37m[36mINFO[0m[0m 09/01 16:29:39 | 0.765804    0.753049    0.000000    0.900224    0.288814    0.996466    0.807910    0.896296    0.765804    0.753049    3500        98.939929   1.780991    0.858496    0.170261    0.170114    0.170114    0.216443    2.000000    0.001556    0.000000    4.896090    0.100000    0.000000    0.000000    1.117683    1.105983    0.938655    1.647383    1.632873    0.003587    0.027704    0.930495    76.612564  
[37m[36mINFO[0m[0m 09/01 16:32:18 | 0.740289    0.731707    0.000000    0.893763    0.296178    0.996466    0.800377    0.884444    0.740289    0.731707    3600        101.766784  1.768439    0.849697    0.169114    0.168257    0.168257    0.214106    2.000000    0.001511    0.000000    4.905304    0.100000    0.000000    0.000000    1.116973    1.106340    0.939045    1.654042    1.640407    0.002484    0.024886    0.898015    68.912905  
[37m[36mINFO[0m[0m 09/01 16:34:53 | 0.734958    0.736280    0.000000    0.898743    0.300062    0.996466    0.807910    0.891852    0.734958    0.736280    3700        104.593640  1.765620    0.844645    0.168342    0.167087    0.167087    0.216387    2.000000    0.001591    0.000000    4.882022    0.100000    0.000000    0.000000    1.113774    1.103493    0.938573    1.660082    1.646905    0.002333    0.023962    0.887469    66.710600  
[37m[36mINFO[0m[0m 09/01 16:37:31 | 0.746002    0.727134    0.000000    0.899998    0.286191    0.996466    0.811676    0.891852    0.746002    0.727134    3800        107.420495  1.828421    0.887592    0.177781    0.175641    0.175641    0.225092    2.000000    0.001449    0.000000    4.906447    0.100000    0.000000    0.000000    1.113170    1.103110    0.939030    1.665393    1.651781    0.002230    0.023776    0.867457    71.307003  
[37m[36mINFO[0m[0m 09/01 16:40:08 | 0.731912    0.725610    0.000000    0.890850    0.306617    0.996466    0.787194    0.888889    0.731912    0.725610    3900        110.247350  1.835547    0.887497    0.177613    0.175705    0.175705    0.229608    2.000000    0.001413    0.000000    4.888342    0.100000    0.000000    0.000000    1.112536    1.102485    0.938310    1.671235    1.657554    0.002155    0.023402    0.853746    71.635840  
[37m[36mINFO[0m[0m 09/01 16:42:43 | 0.755141    0.743902    0.000000    0.895604    0.292667    0.996466    0.798493    0.891852    0.755141    0.743902    4000        113.074205  1.787606    0.860089    0.173608    0.169870    0.169870    0.219198    2.000000    0.001400    0.000000    4.891207    0.100000    0.000000    0.000000    1.109592    1.100213    0.938031    1.678614    1.663537    0.002311    0.024383    0.805029    74.653443  
[37m[36mINFO[0m[0m 09/01 16:45:18 | 0.738005    0.725610    0.000000    0.900132    0.286515    0.996466    0.813559    0.890370    0.738005    0.725610    4100        115.901060  1.773292    0.848299    0.168441    0.168093    0.168093    0.218335    2.000000    0.001497    0.000000    4.883226    0.100000    0.000000    0.000000    1.109496    1.100350    0.938118    1.683304    1.670053    0.002093    0.022274    0.816789    73.165067  
[37m[36mINFO[0m[0m 09/01 16:47:48 | 0.756283    0.737805    0.000000    0.893988    0.287206    0.996466    0.796610    0.888889    0.756283    0.737805    4200        118.727915  1.774429    0.855805    0.171325    0.169392    0.169392    0.214629    2.000000    0.001383    0.000000    4.893658    0.100000    0.000000    0.000000    1.108302    1.099727    0.938377    1.687025    1.673266    0.002704    0.022502    0.803507    69.559158  
[37m[36mINFO[0m[0m 09/01 16:50:18 | 0.747144    0.730183    0.000000    0.897755    0.293947    0.996466    0.807910    0.888889    0.747144    0.730183    4300        121.554770  1.760602    0.835192    0.166096    0.165572    0.165572    0.218745    2.000000    0.001361    0.000000    4.879206    0.100000    0.000000    0.000000    1.107813    1.099648    0.938117    1.692055    1.678988    0.002331    0.021440    0.794411    70.190960  
[37m[36mINFO[0m[0m 09/01 16:52:51 | 0.759330    0.740854    0.000000    0.890264    0.298186    0.996466    0.792844    0.881481    0.759330    0.740854    4400        124.381625  1.733314    0.822182    0.164420    0.162798    0.162798    0.211676    2.000000    0.001314    0.000000    4.877794    0.100000    0.000000    0.000000    1.106628    1.098660    0.938570    1.698763    1.685821    0.001694    0.020583    0.811368    71.880059  
[37m[36mINFO[0m[0m 09/01 16:55:23 | 0.742955    0.730183    0.000000    0.895152    0.305394    0.996466    0.806026    0.882963    0.742955    0.730183    4500        127.208481  1.763358    0.848745    0.168789    0.168373    0.168373    0.213259    2.000000    0.001293    0.000000    4.880963    0.100000    0.000000    0.000000    1.104442    1.097106    0.938378    1.703249    1.691049    0.002650    0.020205    0.819340    69.859100  
[37m[36mINFO[0m[0m 09/01 16:57:53 | 0.739909    0.730183    0.000000    0.896140    0.294030    0.996466    0.806026    0.885926    0.739909    0.730183    4600        130.035336  1.741772    0.823465    0.165793    0.162886    0.162886    0.214453    2.000000    0.001226    0.000000    4.894013    0.100000    0.000000    0.000000    1.103456    1.096477    0.938080    1.707724    1.695529    0.002880    0.020207    0.804931    69.301935  
[37m[36mINFO[0m[0m 09/01 17:00:25 | 0.758949    0.737805    0.000000    0.890624    0.308241    0.996466    0.790960    0.884444    0.758949    0.737805    4700        132.862191  1.743655    0.828393    0.166058    0.164025    0.164025    0.213722    2.000000    0.001247    0.000000    4.878180    0.100000    0.000000    0.000000    1.102780    1.095796    0.938181    1.715036    1.701983    0.002137    0.019534    0.825865    70.146919  
[37m[36mINFO[0m[0m 09/01 17:03:02 | 0.755522    0.731707    0.000000    0.900400    0.306414    0.996466    0.817326    0.887407    0.755522    0.731707    4800        135.689046  1.821148    0.886903    0.177196    0.175797    0.175797    0.223205    2.000000    0.001304    0.000000    4.878354    0.100000    0.000000    0.000000    1.102040    1.095383    0.937887    1.720580    1.706783    0.002831    0.020241    0.853837    71.191316  
[37m[36mINFO[0m[0m 09/01 17:05:37 | 0.757045    0.745427    0.000000    0.890038    0.307388    0.996466    0.796610    0.877037    0.757045    0.745427    4900        138.515901  1.714145    0.805842    0.160139    0.159924    0.159924    0.210516    2.000000    0.001201    0.000000    4.872696    0.100000    0.000000    0.000000    1.099923    1.094000    0.937892    1.724932    1.713102    0.002185    0.018271    0.860582    69.312403  
[37m[36mINFO[0m[0m 09/01 17:08:16 | 0.762376    0.750000    0.000000    0.893629    0.300973    0.996466    0.798493    0.885926    0.762376    0.750000    5000        141.342756  1.688268    0.786824    0.156760    0.156125    0.156125    0.207122    2.000000    0.001113    0.000000    4.871989    0.100000    0.000000    0.000000    1.097753    1.091857    0.937775    1.731859    1.718891    0.001899    0.018553    0.868230    72.008432  
[37m[36mINFO[0m[0m 09/01 17:08:16 | ---
[37m[36mINFO[0m[0m 09/01 17:08:16 | oracle = 80.160%
[37m[36mINFO[0m[0m 09/01 17:08:16 | iid = 75.171%
[37m[36mINFO[0m[0m 09/01 17:08:16 | last = 76.238%
[37m[36mINFO[0m[0m 09/01 17:08:16 | last (inD) = 89.363%
[37m[36mINFO[0m[0m 09/01 17:08:16 | iid (inD) = 91.015%
[37m[36mINFO[0m[0m 09/01 17:08:17 | === Summary ===
[37m[36mINFO[0m[0m 09/01 17:08:17 | Command: train_all.py vlcs_stochastic_diverse_prompts --dataset VLCS --algorithm CIPTDCCL --data_dir /home/hooasia/lgg/data/repro_dccl_data --deterministic --trial_seed 0 --seed 0 --checkpoint_freq 100 --cipt_clip_path /home/hooasia/.cache/clip/ViT-B-16.pt --cipt_beta 4 --cipt_gamma 5 --cipt_k 4 --cipt_prompt_length 16 --cipt_prompt_init a photo of a --cipt_template_mode b5c --cipt_prompt_temperature 0.1 --cipt_causal_contrastive_weight 0.1 --cipt_contrastive_warmup_steps 500 --cipt_aug_decomp_weight 0.5 --output_root train_output/VLCS_stochastic_diverse
[37m[36mINFO[0m[0m 09/01 17:08:17 | Unique name: 260901_09-57-00_vlcs_stochastic_diverse_prompts
[37m[36mINFO[0m[0m 09/01 17:08:17 | Out path: train_output/VLCS_stochastic_diverse/VLCS/260901_09-57-00_vlcs_stochastic_diverse_prompts
[37m[36mINFO[0m[0m 09/01 17:08:17 | Algorithm: CIPTDCCL
[37m[36mINFO[0m[0m 09/01 17:08:17 | Dataset: VLCS
+------------+---------+---------+---------+---------+---------+
| Selection  |   env0  |   env1  |   env2  |   env3  |   Avg.  |
+------------+---------+---------+---------+---------+---------+
|   oracle   | 99.823% | 71.953% | 86.412% | 80.160% | 84.587% |
|    iid     | 99.117% | 64.565% | 84.932% | 75.171% | 80.946% |
|    last    | 90.813% | 61.365% | 82.858% | 76.238% | 77.818% |
| last (inD) | 84.062% | 92.294% | 88.296% | 89.363% | 88.504% |
| iid (inD)  | 86.427% | 93.397% | 89.091% | 91.015% | 89.983% |
+------------+---------+---------+---------+---------+---------+
