[37m[36mINFO[0m[0m 09/01 09:55:55 | Command :: train_all.py pacs_stochastic_diverse_prompts --dataset PACS --algorithm CIPTDCCL --data_dir /home/hooasia/lgg/data/repro_dccl_data --deterministic --trial_seed 0 --seed 0 --checkpoint_freq 100 --cipt_clip_path /home/hooasia/.cache/clip/ViT-B-16.pt --cipt_beta 4 --cipt_gamma 5 --cipt_k 4 --cipt_prompt_length 16 --cipt_prompt_init a photo of a --cipt_template_mode b5c --cipt_prompt_temperature 0.1 --cipt_causal_contrastive_weight 0.1 --cipt_contrastive_warmup_steps 500 --cipt_aug_decomp_weight 0.5 --output_root train_output/PACS_stochastic_diverse
Environment:
	Python: 3.10.20
	PyTorch: 2.5.1+cu121
	Torchvision: 0.20.1+cu121
	CUDA: 12.1
	CUDNN: 90100
	NumPy: 2.2.6
	PIL: 12.0.0
Args:
	TN: False
	algorithm: CIPTDCCL
	aug: 0
	checkpoint_freq: 100
	cipt_beta: 4.0
	cipt_clip_backbone: ViT-B/16
	cipt_clip_path: /home/hooasia/.cache/clip/ViT-B-16.pt
	cipt_contrastive_weight: 1.0
	cipt_debug_shapes: False
	cipt_enabled: True
	cipt_gamma: 5.0
	cipt_k: 4
	cipt_prompt_init: a photo of a
	cipt_prompt_length: 16
	cipt_tda_heads: 1
	configs: []
	data_dir: /home/hooasia/lgg/data/repro_dccl_data
	dataset: PACS
	debug: False
	deterministic: True
	domainnet_auto_source_count: 3
	erm_baseline: weak
	evalmode: fast
	holdout_fraction: 0.2
	l: 1
	l_d: None
	l_layer: None
	label_ratio: 1.0
	lamda: 5
	log: False
	mix: 0
	model: resnet50
	model_save: None
	n_layer: 1
	name: pacs_stochastic_diverse_prompts
	out_dir: train_output/PACS_stochastic_diverse/PACS/260901_09-55-55_pacs_stochastic_diverse_prompts
	out_root: train_output/PACS_stochastic_diverse/PACS
	output_root: train_output/PACS_stochastic_diverse
	pos_mask: False
	prebuild_loader: False
	re_w: False
	sample_d: False
	seed: 0
	show: False
	source_envs: None
	start_epoch: 1000
	steps: None
	sup: True
	t: 0.1
	t_pre: 0.2
	target_env: None
	tb_freq: 10
	test_envs: None
	trial_seed: 0
	two_ce: False
	unique_name: 260901_09-55-55_pacs_stochastic_diverse_prompts
	weak_erm: False
	work_dir: .
HParams:
	data_augmentation: True
	val_augment: False
	resnet18: False
	resnet_dropout: 0.0
	class_balanced: False
	optimizer: adam
	cipt_enabled: True
	cipt_clip_backbone: ViT-B/16
	cipt_clip_path: /home/hooasia/.cache/clip/ViT-B-16.pt
	cipt_beta: 4.0
	cipt_gamma: 5.0
	cipt_k: 4
	cipt_prompt_length: 16
	cipt_prompt_init: a photo of a
	[36mcipt_template_mode: b5c
	[0mcipt_tda_heads: 1
	cipt_contrastive_weight: 1.0
	cipt_debug_shapes: False
	freeze_bn: True
	pretrained: True
	lr: 5e-05
	batch_size: 32
	weight_decay: 0.0
	t: 0.1
	t_pre: 0.2
	l: 1
	l_d: 0.01
	l_layer: 1
	n_layer: 1
	sup: True
	two_ce: False
	sample_d: False
	re_w: False
	pos_mask: False
	mix: 0
	aug: 0
	model: resnet50
	label_ratio: 1.0
	TN: False
	lamda: 5
	start_epoch: 1000
	log: False
	swad: None
	swad_kwargs: 
	  n_converge: 3
	  n_tolerance: 6
	  tolerance_ratio: 0.3
	test_batchsize: 128
	indomain_test: False
	cipt_pure: False
	[36mcipt_prompt_temperature: 0.1
	[0m[36mcipt_causal_contrastive_weight: 0.1
	[0m[36mcipt_contrastive_warmup_steps: 500
	[0m[36mcipt_aug_decomp_weight: 0.5[0m
Dataset:
	[PACS] #envs=4, #classes=7
	env0: art_painting (#2048)
	env1: cartoon (#2344)
	env2: photo (#1670)
	env3: sketch (#3929)

[37m[36mINFO[0m[0m 09/01 09:56:00 | n_steps = 5001
[37m[36mINFO[0m[0m 09/01 09:56:00 | checkpoint_freq = 100
[37m[36mINFO[0m[0m 09/01 09:56:00 | n_steps is updated to 5001 => 5001 for checkpointing
[37m[36mINFO[0m[0m 09/01 09:56:00 | Target test envs = [[0], [1], [2], [3]]
[37m[36mINFO[0m[0m 09/01 09:56:00 | 
[37m[36mINFO[0m[0m 09/01 09:56:04 | Testenv name escaping te_art_painting -> te_art_painting
[37m[36mINFO[0m[0m 09/01 09:56:04 | Test envs = [0], name = te_art_painting
[37m[36mINFO[0m[0m 09/01 09:56:04 | Batch sizes for each domain: [0, 32, 32, 32] (total=96)
[37m[36mINFO[0m[0m 09/01 09:56:04 | steps-per-epoch for each domain: 58.62, 41.75, 98.25 -> min = 41.75
[37m[36mINFO[0m[0m 09/01 09:56:29 | # of params = 151206401
[37m[36mINFO[0m[0m 09/01 09:56:46 | test_in     test_out    train_in    train_out   tr_outloss  env0_in     env0_out    env1_out    env2_out    env3_out    step        epoch       total_loss  cipt_base_  cipt_cls_l  cipt_de_lo  cipt_de_or  cipt_de_au  aug_decomp  cipt_ind_l  causal_con  dccl_contr  contrastiv  pre_cl_los  reg_loss    mean_e_nor  mean_e_aug  mean_e_aug  mean_s_nor  mean_s_aug  mean_es_co  mean_e_aug  step_time   eval_time  
[37m[36mINFO[0m[0m 09/01 09:56:46 | 0.768761    0.789731    0.000000    0.927321    0.752111    0.768761    0.789731    0.901709    1.000000    0.880255    0           0.000000    11.508809   8.763489    0.785909    1.369395    1.369395    1.372189    2.000000    0.500000    0.000000    4.717150    0.000200    0.000000    0.000000    1.000000    1.000000    0.943299    1.000000    1.000000    1.000000    1.000000    1.298461    15.892970  
[37m[36mINFO[0m[0m 09/01 09:57:39 | 0.977425    0.975550    0.000000    0.975783    0.081815    0.977425    0.975550    0.993590    1.000000    0.933758    100         2.395210    5.293974    4.321675    0.251830    0.449544    0.449544    0.463152    2.000000    0.454334    0.000000    4.514724    0.010300    0.000000    0.000000    0.974398    0.974907    0.934623    1.038759    1.037893    0.952349    0.954239    0.365552    16.209799  
[37m[36mINFO[0m[0m 09/01 09:58:32 | 0.978646    0.982885    0.000000    0.979467    0.066223    0.978646    0.982885    0.995726    1.000000    0.942675    200         4.790419    2.161252    1.792096    0.067534    0.103701    0.103701    0.118655    2.000000    0.261952    0.000000    4.356229    0.030300    0.000000    0.000000    0.961500    0.960440    0.933210    1.147538    1.142335    0.707554    0.723364    0.374372    16.350325  
[37m[36mINFO[0m[0m 09/01 09:59:26 | 0.977425    0.980440    0.000000    0.980604    0.063722    0.977425    0.980440    0.997863    1.000000    0.943949    300         7.185629    1.146914    0.756199    0.057791    0.074068    0.074068    0.086620    2.000000    0.080427    0.000000    4.324361    0.050300    0.000000    0.000000    1.025550    1.016393    0.939836    1.278583    1.265484    0.348119    0.387270    0.376266    16.415319  
[37m[36mINFO[0m[0m 09/01 10:00:28 | 0.979256    0.982885    0.000000    0.981453    0.061141    0.979256    0.982885    0.997863    1.000000    0.946497    400         9.580838    0.882926    0.433083    0.048990    0.059885    0.059885    0.073381    2.000000    0.028911    0.000000    4.311356    0.070300    0.000000    0.000000    1.076547    1.059405    0.944491    1.367173    1.345737    0.158740    0.216250    0.427936    18.842823  
[37m[36mINFO[0m[0m 09/01 10:01:40 | 0.972544    0.980440    0.000000    0.979467    0.059603    0.972544    0.980440    0.995726    1.000000    0.942675    500         11.976048   0.918804    0.382267    0.060590    0.060929    0.060929    0.074164    2.000000    0.015592    0.000000    4.299438    0.090298    0.000000    0.000000    1.096747    1.074840    0.945809    1.416620    1.390476    0.083310    0.150330    0.492249    22.182013  
[37m[36mINFO[0m[0m 09/01 10:02:47 | 0.979256    0.982885    0.000000    0.981453    0.057194    0.979256    0.982885    0.997863    1.000000    0.946497    600         14.371257   0.826483    0.275917    0.042849    0.045943    0.045943    0.061576    2.000000    0.009859    0.000000    4.274137    0.100000    0.000000    0.000000    1.101052    1.076775    0.946692    1.451733    1.421187    0.047666    0.121520    0.472119    19.870623  
[37m[36mINFO[0m[0m 09/01 10:04:01 | 0.979866    0.980440    0.000000    0.984138    0.052509    0.979866    0.980440    0.995726    1.000000    0.956688    700         16.766467   0.826805    0.279544    0.046723    0.049152    0.049152    0.061289    2.000000    0.007243    0.000000    4.246825    0.100000    0.000000    0.000000    1.099205    1.073656    0.947372    1.475517    1.442487    0.034161    0.111629    0.558069    18.052273  
[37m[36mINFO[0m[0m 09/01 10:05:04 | 0.978646    0.980440    0.000000    0.982727    0.055243    0.978646    0.980440    0.997863    1.000000    0.950318    800         19.161677   0.799938    0.262165    0.046190    0.046676    0.046676    0.057288    2.000000    0.005854    0.000000    4.231977    0.100000    0.000000    0.000000    1.095012    1.068886    0.945837    1.495128    1.459949    0.026620    0.106713    0.452958    17.435660  
[37m[36mINFO[0m[0m 09/01 10:06:02 | 0.979256    0.985330    0.000000    0.981029    0.062121    0.979256    0.985330    0.997863    1.000000    0.945223    900         21.556886   0.754515    0.229263    0.040710    0.041165    0.041165    0.053147    2.000000    0.004778    0.000000    4.189585    0.100000    0.000000    0.000000    1.090670    1.064433    0.946343    1.512592    1.475915    0.021074    0.102219    0.398556    18.694717  
[37m[36mINFO[0m[0m 09/01 10:07:10 | 0.976205    0.980440    0.000000    0.985412    0.051484    0.976205    0.980440    0.995726    1.000000    0.960510    1000        23.952096   0.747261    0.223633    0.040826    0.040313    0.040313    0.053091    2.000000    0.004311    0.000000    4.174465    0.100000    0.000000    0.000000    1.085205    1.058640    0.945637    1.526907    1.488289    0.019228    0.102451    0.471098    20.242591  
[37m[36mINFO[0m[0m 09/01 10:08:17 | 0.977425    0.982885    0.000000    0.983152    0.053212    0.977425    0.982885    0.997863    1.000000    0.951592    1100        26.347305   0.720541    0.208813    0.038113    0.037774    0.037774    0.047832    2.000000    0.003921    0.000000    4.160630    0.100000    0.000000    0.000000    1.078962    1.053280    0.944882    1.542177    1.503500    0.016822    0.098196    0.459136    21.012668  
[37m[36mINFO[0m[0m 09/01 10:09:31 | 0.979256    0.985330    0.000000    0.984850    0.050409    0.979256    0.985330    0.997863    1.000000    0.956688    1200        28.742515   0.728316    0.214640    0.038868    0.039461    0.039461    0.050273    2.000000    0.003585    0.000000    4.131299    0.100000    0.000000    0.000000    1.075632    1.050238    0.945229    1.555056    1.514795    0.014744    0.096359    0.445933    29.319539  
[37m[36mINFO[0m[0m 09/01 10:10:39 | 0.979256    0.985330    0.000000    0.984426    0.053446    0.979256    0.985330    0.997863    1.000000    0.955414    1300        31.137725   0.693095    0.190366    0.034656    0.034832    0.034832    0.045633    2.000000    0.003276    0.000000    4.114631    0.100000    0.000000    0.000000    1.069518    1.045046    0.945301    1.568885    1.528069    0.012508    0.093002    0.501890    18.152004  
[37m[36mINFO[0m[0m 09/01 10:11:36 | 0.978035    0.975550    0.000000    0.984001    0.048110    0.978035    0.975550    0.997863    1.000000    0.954140    1400        33.532934   0.665890    0.169441    0.031159    0.030850    0.030850    0.043825    2.000000    0.002976    0.000000    4.087986    0.100000    0.000000    0.000000    1.063084    1.039108    0.944873    1.580644    1.539418    0.011959    0.091521    0.391868    17.750858  
[37m[36mINFO[0m[0m 09/01 10:12:58 | 0.973764    0.980440    0.000000    0.984138    0.049321    0.973764    0.980440    0.995726    1.000000    0.956688    1500        35.928144   0.638090    0.152409    0.028133    0.027541    0.027541    0.039535    2.000000    0.002822    0.000000    4.066104    0.100000    0.000000    0.000000    1.056835    1.033746    0.944719    1.592647    1.550775    0.011074    0.089298    0.635756    17.886914  
[37m[36mINFO[0m[0m 09/01 10:14:16 | 0.977425    0.980440    0.000000    0.985700    0.045861    0.977425    0.980440    0.997863    1.000000    0.959236    1600        38.323353   0.657146    0.170764    0.032777    0.031180    0.031180    0.040666    2.000000    0.002654    0.000000    4.050502    0.100000    0.000000    0.000000    1.052600    1.029600    0.943734    1.604179    1.562117    0.009747    0.087044    0.557081    22.275081  
[37m[36mINFO[0m[0m 09/01 10:15:19 | 0.978646    0.980440    0.000000    0.984001    0.046522    0.978646    0.980440    0.997863    1.000000    0.954140    1700        40.718563   0.676911    0.183583    0.035156    0.034050    0.034050    0.044777    2.000000    0.002446    0.000000    4.037735    0.100000    0.000000    0.000000    1.049743    1.026990    0.943998    1.614337    1.570502    0.008636    0.086204    0.437242    19.721216  
[37m[36mINFO[0m[0m 09/01 10:16:38 | 0.979256    0.985330    0.000000    0.984001    0.051115    0.979256    0.985330    0.997863    1.000000    0.954140    1800        43.113772   0.647608    0.158477    0.030182    0.029089    0.029089    0.043177    2.000000    0.002388    0.000000    4.027764    0.100000    0.000000    0.000000    1.043733    1.022000    0.943526    1.625010    1.580852    0.009155    0.085370    0.622000    16.955734  
[37m[36mINFO[0m[0m 09/01 10:17:56 | 0.979256    0.977995    0.000000    0.985700    0.049396    0.979256    0.977995    0.997863    1.000000    0.959236    1900        45.508982   0.618867    0.141276    0.026975    0.025746    0.025746    0.038915    2.000000    0.002264    0.000000    3.997609    0.100000    0.000000    0.000000    1.039218    1.017615    0.943600    1.636144    1.591349    0.007671    0.083257    0.564978    20.802833  
[37m[36mINFO[0m[0m 09/01 10:19:00 | 0.980476    0.975550    0.000000    0.984001    0.048476    0.980476    0.975550    0.997863    1.000000    0.954140    2000        47.904192   0.612687    0.138904    0.026699    0.025386    0.025386    0.037610    2.000000    0.002132    0.000000    3.985636    0.100000    0.000000    0.000000    1.035129    1.014395    0.943188    1.642693    1.598749    0.008339    0.081580    0.425008    21.832877  
[37m[36mINFO[0m[0m 09/01 10:20:14 | 0.978035    0.975550    0.000000    0.982727    0.054439    0.978035    0.975550    0.997863    1.000000    0.950318    2100        50.299401   0.614955    0.140921    0.027575    0.025790    0.025790    0.038312    2.000000    0.002038    0.000000    3.974096    0.100000    0.000000    0.000000    1.029927    1.009505    0.943110    1.654357    1.608630    0.007284    0.080431    0.564325    17.570212  
[37m[36mINFO[0m[0m 09/01 10:21:39 | 0.976205    0.977995    0.000000    0.984426    0.043611    0.976205    0.977995    0.997863    1.000000    0.955414    2200        52.694611   0.590421    0.124298    0.023831    0.022712    0.022712    0.035292    2.000000    0.001924    0.000000    3.955402    0.100000    0.000000    0.000000    1.025813    1.005862    0.942216    1.662090    1.617355    0.008056    0.079658    0.647981    19.745757  
[37m[36mINFO[0m[0m 09/01 10:22:47 | 0.976205    0.980440    0.000000    0.985700    0.044436    0.976205    0.980440    0.997863    1.000000    0.959236    2300        55.089820   0.588117    0.125346    0.023755    0.023112    0.023112    0.033668    2.000000    0.001828    0.000000    3.954346    0.100000    0.000000    0.000000    1.019042    0.999838    0.941679    1.674688    1.628241    0.006757    0.078008    0.471802    21.467686  
[37m[36mINFO[0m[0m 09/01 10:23:55 | 0.973154    0.975550    0.000000    0.986549    0.042617    0.973154    0.975550    0.997863    1.000000    0.961783    2400        57.485030   0.583430    0.120453    0.024369    0.021816    0.021816    0.034720    2.000000    0.001764    0.000000    3.935366    0.100000    0.000000    0.000000    1.013418    0.994162    0.941056    1.682328    1.635933    0.006897    0.076899    0.512677    16.789674  
[37m[36mINFO[0m[0m 09/01 10:25:20 | 0.978646    0.977995    0.000000    0.983152    0.048334    0.978646    0.977995    0.997863    1.000000    0.951592    2500        59.880240   0.591712    0.122084    0.023563    0.022589    0.022589    0.038631    2.000000    0.001633    0.000000    3.923661    0.100000    0.000000    0.000000    1.009744    0.990668    0.940864    1.691114    1.642749    0.005776    0.076350    0.665634    18.356751  
[37m[36mINFO[0m[0m 09/01 10:26:36 | 0.976815    0.975550    0.000000    0.983152    0.045263    0.976815    0.975550    0.997863    1.000000    0.951592    2600        62.275449   0.553034    0.099672    0.019217    0.018178    0.018178    0.031571    2.000000    0.001549    0.000000    3.902197    0.100000    0.000000    0.000000    1.005091    0.986694    0.940585    1.700335    1.652335    0.005090    0.074032    0.527060    22.857097  
[37m[36mINFO[0m[0m 09/01 10:27:41 | 0.976205    0.975550    0.000000    0.985275    0.042473    0.976205    0.975550    0.997863    1.000000    0.957962    2700        64.670659   0.598936    0.127267    0.025103    0.023647    0.023647    0.040679    2.000000    0.001515    0.000000    3.903122    0.100000    0.000000    0.000000    1.000561    0.982342    0.940467    1.707681    1.659743    0.005883    0.073003    0.464060    18.728016  
[37m[36mINFO[0m[0m 09/01 10:29:00 | 0.976205    0.973105    0.000000    0.981878    0.058458    0.976205    0.973105    0.997863    1.000000    0.947771    2800        67.065868   0.581414    0.116821    0.022784    0.021659    0.021659    0.037117    2.000000    0.001480    0.000000    3.903588    0.100000    0.000000    0.000000    0.997265    0.979264    0.939790    1.715065    1.667539    0.005226    0.071097    0.613142    17.193842  
[37m[36mINFO[0m[0m 09/01 10:30:18 | 0.973764    0.973105    0.000000    0.986412    0.049568    0.973764    0.973105    1.000000    1.000000    0.959236    2900        69.461078   0.566014    0.111368    0.021892    0.020660    0.020660    0.033094    2.000000    0.001367    0.000000    3.884567    0.100000    0.000000    0.000000    0.994707    0.977418    0.939884    1.724898    1.676467    0.004530    0.069994    0.584395    20.362761  
[37m[36mINFO[0m[0m 09/01 10:31:23 | 0.973154    0.975550    0.000000    0.985275    0.039366    0.973154    0.975550    0.997863    1.000000    0.957962    3000        71.856287   0.584971    0.121487    0.023507    0.022793    0.022793    0.037558    2.000000    0.001362    0.000000    3.883683    0.100000    0.000000    0.000000    0.992274    0.975644    0.939414    1.730180    1.681215    0.004730    0.069442    0.428021    21.673832  
[37m[36mINFO[0m[0m 09/01 10:32:37 | 0.976815    0.977995    0.000000    0.985700    0.049499    0.976815    0.977995    0.997863    1.000000    0.959236    3100        74.251497   0.553010    0.094740    0.018335    0.017528    0.017528    0.035399    2.000000    0.001259    0.000000    3.874719    0.100000    0.000000    0.000000    0.989247    0.972565    0.939595    1.737661    1.687993    0.003619    0.068170    0.542807    20.051476  
[37m[36mINFO[0m[0m 09/01 10:34:05 | 0.973764    0.970660    0.000000    0.985275    0.041402    0.973764    0.970660    0.997863    1.000000    0.957962    3200        76.646707   0.551764    0.100039    0.019302    0.018662    0.018662    0.032693    2.000000    0.001217    0.000000    3.863392    0.100000    0.000000    0.000000    0.985622    0.969082    0.939312    1.745363    1.694713    0.003780    0.068150    0.668782    20.571112  
[37m[36mINFO[0m[0m 09/01 10:35:13 | 0.973154    0.970660    0.000000    0.985700    0.041891    0.973154    0.970660    0.997863    1.000000    0.959236    3300        79.041916   0.568431    0.111447    0.022131    0.020802    0.020802    0.035568    2.000000    0.001221    0.000000    3.858483    0.100000    0.000000    0.000000    0.981243    0.965517    0.938718    1.752807    1.702391    0.004684    0.067516    0.472580    21.003060  
[37m[36mINFO[0m[0m 09/01 10:36:21 | 0.974985    0.977995    0.000000    0.984001    0.049504    0.974985    0.977995    0.997863    1.000000    0.954140    3400        81.437126   0.543657    0.094382    0.018357    0.017574    0.017574    0.032629    2.000000    0.001146    0.000000    3.840166    0.100000    0.000000    0.000000    0.980744    0.964877    0.938860    1.761752    1.709592    0.003366    0.066319    0.518342    16.552125  
[37m[36mINFO[0m[0m 09/01 10:37:48 | 0.975595    0.973105    0.000000    0.985275    0.044486    0.975595    0.973105    0.997863    1.000000    0.957962    3500        83.832335   0.518984    0.080201    0.015412    0.014813    0.014813    0.027466    2.000000    0.001107    0.000000    3.838509    0.100000    0.000000    0.000000    0.974574    0.959030    0.937892    1.768659    1.718239    0.003915    0.065057    0.682443    18.140393  
[37m[36mINFO[0m[0m 09/01 10:39:02 | 0.975595    0.977995    0.000000    0.985275    0.047997    0.975595    0.977995    0.997863    1.000000    0.957962    3600        86.227545   0.544257    0.092149    0.017955    0.017205    0.017205    0.034590    2.000000    0.001075    0.000000    3.829276    0.100000    0.000000    0.000000    0.973872    0.958569    0.938804    1.772798    1.722312    0.003424    0.063181    0.522955    21.431576  
[37m[36mINFO[0m[0m 09/01 10:40:08 | 0.977425    0.975550    0.000000    0.983003    0.059754    0.977425    0.975550    0.997863    0.997006    0.954140    3700        88.622754   0.540723    0.093442    0.018197    0.017471    0.017471    0.032239    2.000000    0.001072    0.000000    3.828036    0.100000    0.000000    0.000000    0.970649    0.955607    0.938045    1.781721    1.730049    0.002494    0.061944    0.455307    20.583665  
[37m[36mINFO[0m[0m 09/01 10:41:27 | 0.975595    0.975550    0.000000    0.984850    0.053628    0.975595    0.975550    0.997863    1.000000    0.956688    3800        91.017964   0.546690    0.097478    0.019630    0.018210    0.018210    0.033570    2.000000    0.001002    0.000000    3.820707    0.100000    0.000000    0.000000    0.968178    0.954046    0.938341    1.787650    1.735894    0.002526    0.061404    0.625388    16.943399  
[37m[36mINFO[0m[0m 09/01 10:42:47 | 0.974375    0.975550    0.000000    0.984289    0.044934    0.974375    0.975550    1.000000    1.000000    0.952866    3900        93.413174   0.537530    0.085876    0.017019    0.015962    0.015962    0.034618    2.000000    0.001002    0.000000    3.824188    0.100000    0.000000    0.000000    0.967258    0.953234    0.938206    1.792075    1.739555    0.003058    0.061608    0.593246    20.663105  
[37m[36mINFO[0m[0m 09/01 10:43:51 | 0.971934    0.975550    0.000000    0.982578    0.057227    0.971934    0.975550    0.997863    0.997006    0.952866    4000        95.808383   0.515602    0.079954    0.015085    0.015052    0.015052    0.027751    2.000000    0.000932    0.000000    3.801468    0.100000    0.000000    0.000000    0.967978    0.953729    0.937630    1.799528    1.746330    0.002582    0.060477    0.430118    20.417551  
[37m[36mINFO[0m[0m 09/01 10:45:09 | 0.971934    0.970660    0.000000    0.984702    0.044043    0.971934    0.970660    0.997863    0.997006    0.959236    4100        98.203593   0.537826    0.090369    0.018481    0.016884    0.016884    0.033714    2.000000    0.000870    0.000000    3.800294    0.100000    0.000000    0.000000    0.963220    0.949786    0.937294    1.806516    1.752966    0.002381    0.059537    0.613644    16.847543  
[37m[36mINFO[0m[0m 09/01 10:46:33 | 0.974985    0.975550    0.000000    0.984289    0.054543    0.974985    0.975550    1.000000    1.000000    0.952866    4200        100.598802  0.529302    0.090010    0.018063    0.016919    0.016919    0.029689    2.000000    0.000854    0.000000    3.799152    0.100000    0.000000    0.000000    0.963270    0.949738    0.938150    1.809556    1.756221    0.002293    0.058758    0.627446    20.899627  
[37m[36mINFO[0m[0m 09/01 10:47:38 | 0.973764    0.973105    0.000000    0.986412    0.049109    0.973764    0.973105    1.000000    1.000000    0.959236    4300        102.994012  0.525546    0.083552    0.016617    0.015674    0.015674    0.031352    2.000000    0.000847    0.000000    3.792904    0.100000    0.000000    0.000000    0.960760    0.948140    0.937876    1.815743    1.760540    0.002615    0.059494    0.442618    21.182789  
[37m[36mINFO[0m[0m 09/01 10:48:51 | 0.973154    0.975550    0.000000    0.984426    0.048022    0.973154    0.975550    0.997863    1.000000    0.955414    4400        105.389222  0.500009    0.068398    0.013664    0.012644    0.012644    0.026747    2.000000    0.000831    0.000000    3.781166    0.100000    0.000000    0.000000    0.959310    0.946625    0.937148    1.822577    1.767193    0.002282    0.057902    0.559316    17.134560  
[37m[36mINFO[0m[0m 09/01 10:50:18 | 0.974985    0.973105    0.000000    0.983864    0.050015    0.974985    0.973105    1.000000    1.000000    0.951592    4500        107.784431  0.516106    0.071441    0.013651    0.013427    0.013427    0.033025    2.000000    0.000816    0.000000    3.786151    0.100000    0.000000    0.000000    0.956231    0.943374    0.936559    1.825491    1.769771    0.002215    0.057898    0.679486    18.335095  
[37m[36mINFO[0m[0m 09/01 10:51:26 | 0.973154    0.973105    0.000000    0.985987    0.043623    0.973154    0.973105    1.000000    1.000000    0.957962    4600        110.179641  0.515761    0.074314    0.014403    0.014007    0.014007    0.031928    2.000000    0.000777    0.000000    3.775919    0.100000    0.000000    0.000000    0.958245    0.945490    0.937098    1.834214    1.777612    0.001753    0.056859    0.476549    20.739065  
[37m[36mINFO[0m[0m 09/01 10:52:34 | 0.970714    0.975550    0.000000    0.984850    0.045202    0.970714    0.975550    0.997863    1.000000    0.956688    4700        112.574850  0.511020    0.079834    0.016068    0.014977    0.014977    0.027060    2.000000    0.000771    0.000000    3.770668    0.100000    0.000000    0.000000    0.956524    0.943601    0.937031    1.838962    1.782812    0.001984    0.056330    0.476568    19.844810  
[37m[36mINFO[0m[0m 09/01 10:53:51 | 0.972544    0.973105    0.000000    0.984713    0.057249    0.972544    0.973105    1.000000    1.000000    0.954140    4800        114.970060  0.512157    0.074970    0.014988    0.014071    0.014071    0.030435    2.000000    0.000740    0.000000    3.763182    0.100000    0.000000    0.000000    0.957614    0.945444    0.937797    1.842947    1.786143    0.001690    0.055536    0.588953    18.740927  
[37m[36mINFO[0m[0m 09/01 10:55:06 | 0.973764    0.973105    0.000000    0.985138    0.053043    0.973764    0.973105    1.000000    1.000000    0.955414    4900        117.365269  0.518635    0.076031    0.015323    0.014295    0.014295    0.032596    2.000000    0.000705    0.000000    3.774120    0.100000    0.000000    0.000000    0.956253    0.944193    0.937168    1.849329    1.790048    0.001594    0.056116    0.539687    20.991891  
[37m[36mINFO[0m[0m 09/01 10:56:11 | 0.973154    0.973105    0.000000    0.986412    0.050035    0.973154    0.973105    1.000000    1.000000    0.959236    5000        119.760479  0.500595    0.068850    0.013582    0.012981    0.012981    0.028210    2.000000    0.000669    0.000000    3.753257    0.100000    0.000000    0.000000    0.958033    0.945864    0.937760    1.852967    1.796880    0.001455    0.053419    0.442078    20.364318  
[37m[36mINFO[0m[0m 09/01 10:56:11 | ---
[37m[36mINFO[0m[0m 09/01 10:56:11 | oracle = 97.926%
[37m[36mINFO[0m[0m 09/01 10:56:11 | iid = 97.315%
[37m[36mINFO[0m[0m 09/01 10:56:11 | last = 97.315%
[37m[36mINFO[0m[0m 09/01 10:56:11 | last (inD) = 98.641%
[37m[36mINFO[0m[0m 09/01 10:56:11 | iid (inD) = 98.655%
[37m[36mINFO[0m[0m 09/01 10:56:11 | 
[37m[36mINFO[0m[0m 09/01 10:56:16 | Testenv name escaping te_cartoon -> te_cartoon
[37m[36mINFO[0m[0m 09/01 10:56:16 | Test envs = [1], name = te_cartoon
[37m[36mINFO[0m[0m 09/01 10:56:16 | Batch sizes for each domain: [32, 0, 32, 32] (total=96)
[37m[36mINFO[0m[0m 09/01 10:56:16 | steps-per-epoch for each domain: 51.22, 41.75, 98.25 -> min = 41.75
[37m[36mINFO[0m[0m 09/01 10:56:42 | # of params = 151206401
[37m[36mINFO[0m[0m 09/01 10:57:04 | test_in     test_out    train_in    train_out   tr_outloss  env0_out    env1_in     env1_out    env2_out    env3_out    step        epoch       total_loss  cipt_base_  cipt_cls_l  cipt_de_lo  cipt_de_or  cipt_de_au  aug_decomp  cipt_ind_l  causal_con  dccl_contr  contrastiv  pre_cl_los  reg_loss    mean_e_nor  mean_e_aug  mean_e_aug  mean_s_nor  mean_s_aug  mean_es_co  mean_e_aug  step_time   eval_time  
[37m[36mINFO[0m[0m 09/01 10:57:04 | 0.964819    0.957265    0.000000    0.929540    0.551089    0.907090    0.964819    0.957265    1.000000    0.881529    0           0.000000    15.045660   11.118642   0.670075    1.987142    1.987142    1.963012    2.000000    0.500000    0.000000    4.973635    0.000200    0.000000    0.000000    1.000000    1.000000    0.930133    1.000000    1.000000    1.000000    1.000000    0.659646    21.656801  
[37m[36mINFO[0m[0m 09/01 10:58:17 | 0.984009    0.989316    0.000000    0.971468    0.104580    0.975550    0.984009    0.989316    1.000000    0.938854    100         2.395210    5.823872    4.706929    0.311637    0.506285    0.506285    0.534564    2.000000    0.474031    0.000000    4.681288    0.010300    0.000000    0.000000    0.976224    0.977255    0.923250    1.026249    1.024244    0.973434    0.974548    0.498552    22.676307  
[37m[36mINFO[0m[0m 09/01 10:59:24 | 0.989872    0.991453    0.000000    0.973098    0.077258    0.980440    0.989872    0.991453    1.000000    0.938854    200         4.790419    2.873719    2.434372    0.086159    0.128557    0.128557    0.151060    2.000000    0.366797    0.000000    4.535844    0.030300    0.000000    0.000000    0.944431    0.947414    0.920383    1.099006    1.092160    0.852952    0.862322    0.479639    19.375563  
[37m[36mINFO[0m[0m 09/01 11:00:48 | 0.991471    0.993590    0.000000    0.975611    0.070869    0.982885    0.991471    0.993590    1.000000    0.943949    300         7.185629    1.705975    1.263956    0.072042    0.090787    0.090787    0.108895    2.000000    0.165753    0.000000    4.459818    0.050300    0.000000    0.000000    0.963912    0.963514    0.923300    1.217254    1.199196    0.551744    0.590906    0.663028    18.093696  
[37m[36mINFO[0m[0m 09/01 11:02:07 | 0.987740    0.995726    0.000000    0.978515    0.069028    0.987775    0.987740    0.995726    1.000000    0.947771    400         9.580838    1.110550    0.619409    0.060790    0.073051    0.073051    0.090325    2.000000    0.053283    0.000000    4.417502    0.070300    0.000000    0.000000    1.017580    1.007303    0.930455    1.327654    1.297529    0.276528    0.345335    0.570255    22.047729  
[37m[36mINFO[0m[0m 09/01 11:03:14 | 0.988806    0.995726    0.000000    0.978515    0.061146    0.987775    0.988806    0.995726    1.000000    0.947771    500         11.976048   0.943797    0.402323    0.051249    0.060736    0.060736    0.072544    2.000000    0.021626    0.000000    4.390188    0.090298    0.000000    0.000000    1.049811    1.031827    0.933416    1.399428    1.358863    0.138103    0.225607    0.424857    23.592748  
[37m[36mINFO[0m[0m 09/01 11:04:30 | 0.989872    0.995726    0.000000    0.979399    0.060821    0.985330    0.989872    0.995726    1.000000    0.952866    600         14.371257   0.903413    0.333612    0.048214    0.055453    0.055453    0.066886    2.000000    0.012717    0.000000    4.360294    0.100000    0.000000    0.000000    1.062546    1.040111    0.934738    1.442948    1.396204    0.075668    0.171350    0.566329    19.429234  
[37m[36mINFO[0m[0m 09/01 11:05:56 | 0.989872    0.995726    0.000000    0.978091    0.057947    0.987775    0.989872    0.995726    1.000000    0.946497    700         16.766467   0.898253    0.323457    0.051995    0.056695    0.056695    0.070712    2.000000    0.008936    0.000000    4.333716    0.100000    0.000000    0.000000    1.064745    1.040206    0.934667    1.471145    1.420036    0.046834    0.148155    0.646779    21.580528  
[37m[36mINFO[0m[0m 09/01 11:07:05 | 0.989872    0.995726    0.000000    0.978515    0.055282    0.987775    0.989872    0.995726    1.000000    0.947771    800         19.161677   0.837629    0.274229    0.044899    0.048696    0.048696    0.066679    2.000000    0.006909    0.000000    4.300419    0.100000    0.000000    0.000000    1.063306    1.037861    0.934317    1.492685    1.437716    0.031937    0.137169    0.467047    22.613049  
[37m[36mINFO[0m[0m 09/01 11:08:16 | 0.989339    0.995726    0.000000    0.982337    0.053889    0.987775    0.989339    0.995726    1.000000    0.959236    900         21.556886   0.794836    0.246527    0.042475    0.043958    0.043958    0.060242    2.000000    0.005644    0.000000    4.278252    0.100000    0.000000    0.000000    1.060024    1.034588    0.934726    1.509611    1.452918    0.025577    0.131096    0.532622    17.271135  
[37m[36mINFO[0m[0m 09/01 11:09:38 | 0.988806    0.995726    0.000000    0.979755    0.058473    0.990220    0.988806    0.995726    1.000000    0.949045    1000        23.952096   0.759447    0.225023    0.039134    0.040236    0.040236    0.054613    2.000000    0.004989    0.000000    4.251989    0.100000    0.000000    0.000000    1.053366    1.028147    0.934400    1.526666    1.468701    0.021045    0.126286    0.634039    19.112315  
[37m[36mINFO[0m[0m 09/01 11:10:50 | 0.989339    0.995726    0.000000    0.982693    0.054475    0.992665    0.989339    0.995726    1.000000    0.955414    1100        26.347305   0.749857    0.218145    0.037752    0.039612    0.039612    0.053956    2.000000    0.004389    0.000000    4.237998    0.100000    0.000000    0.000000    1.047617    1.022830    0.934176    1.540302    1.481620    0.019081    0.123266    0.501258    21.539740  
[37m[36mINFO[0m[0m 09/01 11:11:59 | 0.989872    0.995726    0.000000    0.980995    0.056978    0.992665    0.989872    0.995726    1.000000    0.950318    1200        28.742515   0.757033    0.223929    0.040521    0.040926    0.040926    0.056424    2.000000    0.003941    0.000000    4.202550    0.100000    0.000000    0.000000    1.043503    1.019331    0.933698    1.553951    1.493199    0.015258    0.119395    0.499499    18.884050  
[37m[36mINFO[0m[0m 09/01 11:13:25 | 0.987207    0.995726    0.000000    0.979365    0.061138    0.987775    0.987207    0.995726    1.000000    0.950318    1300        31.137725   0.720100    0.200016    0.036950    0.036077    0.036077    0.050002    2.000000    0.003752    0.000000    4.200799    0.100000    0.000000    0.000000    1.038576    1.015114    0.933785    1.566065    1.503732    0.014949    0.118210    0.657524    20.044580  
[37m[36mINFO[0m[0m 09/01 11:14:42 | 0.990405    0.997863    0.000000    0.983967    0.048949    0.992665    0.990405    0.997863    1.000000    0.959236    1400        33.532934   0.710328    0.193048    0.034571    0.035448    0.035448    0.050104    2.000000    0.003337    0.000000    4.170721    0.100000    0.000000    0.000000    1.034583    1.011797    0.933032    1.578646    1.515606    0.012163    0.113805    0.555167    21.558052  
[37m[36mINFO[0m[0m 09/01 11:15:47 | 0.987207    0.993590    0.000000    0.980638    0.055056    0.987775    0.987207    0.993590    1.000000    0.954140    1500        35.928144   0.681369    0.169603    0.030915    0.030733    0.030733    0.048673    2.000000    0.003151    0.000000    4.144199    0.100000    0.000000    0.000000    1.031239    1.008971    0.932087    1.587045    1.523676    0.012359    0.112632    0.454776    19.675205  
[37m[36mINFO[0m[0m 09/01 11:17:09 | 0.988273    0.993590    0.000000    0.982268    0.052539    0.992665    0.988273    0.993590    1.000000    0.954140    1600        38.323353   0.682256    0.173162    0.031800    0.031577    0.031577    0.047373    2.000000    0.003010    0.000000    4.143488    0.100000    0.000000    0.000000    1.023501    1.001928    0.932111    1.599948    1.536090    0.011644    0.110194    0.644419    17.993073  
[37m[36mINFO[0m[0m 09/01 11:18:28 | 0.989339    0.993590    0.000000    0.984782    0.049770    0.995110    0.989339    0.993590    1.000000    0.959236    1700        40.718563   0.659785    0.163709    0.029241    0.030159    0.030159    0.042429    2.000000    0.002766    0.000000    4.112184    0.100000    0.000000    0.000000    1.018849    0.997790    0.931946    1.611130    1.544665    0.009658    0.108481    0.581255    20.844027  
[37m[36mINFO[0m[0m 09/01 11:19:33 | 0.988806    0.995726    0.000000    0.983508    0.050734    0.995110    0.988806    0.995726    1.000000    0.955414    1800        43.113772   0.685380    0.177674    0.033625    0.032767    0.032767    0.048636    2.000000    0.002596    0.000000    4.104344    0.100000    0.000000    0.000000    1.014694    0.993857    0.931876    1.618818    1.553910    0.010027    0.105759    0.417856    22.971210  
[37m[36mINFO[0m[0m 09/01 11:20:50 | 0.990405    0.997863    0.000000    0.983967    0.045834    0.992665    0.990405    0.997863    1.000000    0.959236    1900        45.508982   0.666330    0.161114    0.031172    0.029386    0.029386    0.048426    2.000000    0.002479    0.000000    4.083648    0.100000    0.000000    0.000000    1.011664    0.991524    0.931826    1.628781    1.562189    0.008625    0.103533    0.583954    18.462542  
[37m[36mINFO[0m[0m 09/01 11:22:14 | 0.990405    0.997863    0.000000    0.984392    0.045303    0.992665    0.990405    0.997863    1.000000    0.960510    2000        47.904192   0.670549    0.172877    0.033514    0.031992    0.031992    0.045576    2.000000    0.002279    0.000000    4.065193    0.100000    0.000000    0.000000    1.009130    0.990019    0.931441    1.635955    1.570244    0.008339    0.101058    0.620843    22.081718  
[37m[36mINFO[0m[0m 09/01 11:23:23 | 0.987740    0.995726    0.000000    0.980180    0.061142    0.990220    0.987740    0.995726    1.000000    0.950318    2100        50.299401   0.635819    0.149440    0.028422    0.027490    0.027490    0.040554    2.000000    0.002211    0.000000    4.052717    0.100000    0.000000    0.000000    1.003436    0.984660    0.931430    1.646773    1.579757    0.007927    0.099443    0.461003    22.497691  
[37m[36mINFO[0m[0m 09/01 11:24:36 | 0.990938    0.995726    0.000000    0.980604    0.056665    0.990220    0.990938    0.995726    1.000000    0.951592    2200        52.694611   0.660409    0.164756    0.031997    0.030565    0.030565    0.046009    2.000000    0.002100    0.000000    4.036347    0.100000    0.000000    0.000000    1.001640    0.983007    0.930872    1.657260    1.589899    0.006753    0.096551    0.546920    18.516702  
[37m[36mINFO[0m[0m 09/01 11:26:06 | 0.990405    0.995726    0.000000    0.980604    0.050777    0.990220    0.990405    0.995726    1.000000    0.951592    2300        55.089820   0.634791    0.155158    0.030901    0.028518    0.028518    0.038794    2.000000    0.002037    0.000000    4.020433    0.100000    0.000000    0.000000    0.998155    0.979854    0.930730    1.666319    1.597086    0.006821    0.096559    0.706281    19.519521  
[37m[36mINFO[0m[0m 09/01 11:27:19 | 0.989872    0.995726    0.000000    0.980673    0.048974    0.985330    0.989872    0.995726    1.000000    0.956688    2400        57.485030   0.625756    0.146833    0.028526    0.027278    0.027278    0.038600    2.000000    0.001839    0.000000    4.017222    0.100000    0.000000    0.000000    0.992480    0.974623    0.930593    1.674579    1.606060    0.006870    0.094706    0.504673    22.169452  
[37m[36mINFO[0m[0m 09/01 11:28:26 | 0.989872    0.995726    0.000000    0.984816    0.044751    0.992665    0.989872    0.995726    1.000000    0.961783    2500        59.880240   0.623989    0.139139    0.026654    0.025922    0.025922    0.042267    2.000000    0.001759    0.000000    4.003165    0.100000    0.000000    0.000000    0.988489    0.971266    0.929972    1.679657    1.610367    0.006715    0.093847    0.473745    19.971206  
[37m[36mINFO[0m[0m 09/01 11:29:47 | 0.990405    0.995726    0.000000    0.983933    0.047927    0.995110    0.990405    0.995726    1.000000    0.956688    2600        62.275449   0.606692    0.132155    0.025058    0.024602    0.024602    0.038181    2.000000    0.001738    0.000000    3.981736    0.100000    0.000000    0.000000    0.984744    0.967581    0.930007    1.691044    1.620433    0.006349    0.091896    0.610679    19.239262  
[37m[36mINFO[0m[0m 09/01 11:31:06 | 0.989339    0.995726    0.000000    0.981029    0.046057    0.990220    0.989339    0.995726    1.000000    0.952866    2700        64.670659   0.634062    0.145739    0.028112    0.027374    0.027374    0.045348    2.000000    0.001626    0.000000    3.976259    0.100000    0.000000    0.000000    0.981242    0.964324    0.928947    1.697470    1.627281    0.006270    0.090566    0.569244    22.097663  
[37m[36mINFO[0m[0m 09/01 11:32:10 | 0.989339    0.995726    0.000000    0.983118    0.044433    0.992665    0.989339    0.995726    1.000000    0.956688    2800        67.065868   0.627359    0.139784    0.027615    0.026034    0.026034    0.044943    2.000000    0.001607    0.000000    3.976891    0.100000    0.000000    0.000000    0.979348    0.963255    0.928610    1.705191    1.634088    0.004653    0.088115    0.444992    20.045339  
[37m[36mINFO[0m[0m 09/01 11:33:27 | 0.987740    0.995726    0.000000    0.982234    0.050006    0.995110    0.987740    0.995726    1.000000    0.951592    2900        69.461078   0.607348    0.128694    0.025370    0.023966    0.023966    0.041082    2.000000    0.001492    0.000000    3.964912    0.100000    0.000000    0.000000    0.976171    0.959651    0.927876    1.712567    1.640912    0.005013    0.087584    0.595476    17.437318  
[37m[36mINFO[0m[0m 09/01 11:34:23 | 0.987740    0.995726    0.000000    0.984001    0.045286    0.990220    0.987740    0.995726    1.000000    0.961783    3000        71.856287   0.578002    0.100466    0.020121    0.018334    0.018334    0.041136    2.000000    0.001402    0.000000    3.952640    0.100000    0.000000    0.000000    0.969864    0.953809    0.928055    1.721138    1.649969    0.005298    0.085858    0.392839    16.544657  
[37m[36mINFO[0m[0m 09/01 11:35:23 | 0.987740    0.995726    0.000000    0.982693    0.049576    0.992665    0.987740    0.995726    1.000000    0.955414    3100        74.251497   0.566917    0.102775    0.018940    0.019335    0.019335    0.035790    2.000000    0.001299    0.000000    3.925624    0.100000    0.000000    0.000000    0.966065    0.951120    0.928397    1.731001    1.657296    0.003857    0.085136    0.372100    22.054451  
[37m[36mINFO[0m[0m 09/01 11:36:23 | 0.987740    0.995726    0.000000    0.983577    0.048026    0.990220    0.987740    0.995726    1.000000    0.960510    3200        76.646707   0.562551    0.101358    0.019778    0.018710    0.018710    0.034647    2.000000    0.001348    0.000000    3.918978    0.100000    0.000000    0.000000    0.964261    0.949447    0.928676    1.735040    1.661729    0.005374    0.084327    0.419194    18.437027  
[37m[36mINFO[0m[0m 09/01 11:37:48 | 0.986674    0.995726    0.000000    0.984001    0.047433    0.990220    0.986674    0.995726    1.000000    0.961783    3300        79.041916   0.548087    0.090090    0.016527    0.016766    0.016766    0.033791    2.000000    0.001299    0.000000    3.904154    0.100000    0.000000    0.000000    0.961735    0.946813    0.928527    1.743345    1.670215    0.003645    0.081687    0.658402    19.194635  
[37m[36mINFO[0m[0m 09/01 11:38:49 | 0.986674    0.995726    0.000000    0.981488    0.050277    0.987775    0.986674    0.995726    1.000000    0.956688    3400        81.437126   0.573531    0.105204    0.020311    0.019738    0.019738    0.038747    2.000000    0.001188    0.000000    3.908330    0.100000    0.000000    0.000000    0.958749    0.944601    0.927971    1.749691    1.676783    0.003739    0.080258    0.425234    18.494496  
[37m[36mINFO[0m[0m 09/01 11:40:18 | 0.987207    0.997863    0.000000    0.983152    0.048884    0.990220    0.987207    0.997863    1.000000    0.959236    3500        83.832335   0.583294    0.112920    0.022117    0.021251    0.021251    0.040002    2.000000    0.001160    0.000000    3.903690    0.100000    0.000000    0.000000    0.955390    0.941450    0.927992    1.760638    1.685315    0.003291    0.079656    0.697733    18.862180  
[37m[36mINFO[0m[0m 09/01 11:41:17 | 0.983475    0.993590    0.000000    0.978550    0.058595    0.985330    0.983475    0.993590    1.000000    0.950318    3600        86.227545   0.562116    0.103615    0.020460    0.019349    0.019349    0.035095    2.000000    0.001152    0.000000    3.883114    0.100000    0.000000    0.000000    0.956424    0.942294    0.928285    1.763378    1.688903    0.003623    0.078752    0.416440    18.057165  
[37m[36mINFO[0m[0m 09/01 11:42:41 | 0.986674    0.997863    0.000000    0.984392    0.046564    0.992665    0.986674    0.997863    1.000000    0.960510    3700        88.622754   0.555533    0.096341    0.018956    0.017996    0.017996    0.035164    2.000000    0.001080    0.000000    3.888638    0.100000    0.000000    0.000000    0.954587    0.941006    0.927858    1.769649    1.693599    0.002941    0.077820    0.643752    19.350394  
[37m[36mINFO[0m[0m 09/01 11:43:43 | 0.985075    0.993590    0.000000    0.980638    0.055985    0.987775    0.985075    0.993590    1.000000    0.954140    3800        91.017964   0.547543    0.093032    0.018098    0.017397    0.017397    0.033221    2.000000    0.001069    0.000000    3.880704    0.100000    0.000000    0.000000    0.951373    0.938745    0.927928    1.776267    1.701042    0.003896    0.076242    0.417360    20.403419  
[37m[36mINFO[0m[0m 09/01 11:45:09 | 0.986141    0.997863    0.000000    0.982762    0.049480    0.987775    0.986141    0.997863    1.000000    0.960510    3900        93.413174   0.570064    0.108469    0.021191    0.020573    0.020573    0.037612    2.000000    0.000997    0.000000    3.863700    0.100000    0.000000    0.000000    0.950792    0.938258    0.927419    1.783838    1.706958    0.002263    0.074962    0.629430    22.562984  
[37m[36mINFO[0m[0m 09/01 11:46:11 | 0.986141    0.995726    0.000000    0.982303    0.049065    0.990220    0.986141    0.995726    1.000000    0.956688    4000        95.808383   0.546273    0.086403    0.016540    0.016257    0.016257    0.036805    2.000000    0.000967    0.000000    3.862615    0.100000    0.000000    0.000000    0.950036    0.937533    0.927388    1.791150    1.714508    0.002850    0.074412    0.413100    20.862448  
[37m[36mINFO[0m[0m 09/01 11:47:23 | 0.986674    0.995726    0.000000    0.985665    0.046485    0.992665    0.986674    0.995726    1.000000    0.964331    4100        98.203593   0.553535    0.096400    0.018976    0.018187    0.018187    0.035362    2.000000    0.000935    0.000000    3.864116    0.100000    0.000000    0.000000    0.947220    0.935249    0.927959    1.799093    1.722022    0.001995    0.072022    0.538953    17.531816  
[37m[36mINFO[0m[0m 09/01 11:48:28 | 0.985075    0.993590    0.000000    0.984001    0.048281    0.990220    0.985075    0.993590    1.000000    0.961783    4200        100.598802  0.526172    0.082487    0.015628    0.015526    0.015526    0.029491    2.000000    0.000951    0.000000    3.847034    0.100000    0.000000    0.000000    0.945696    0.933704    0.927550    1.802811    1.726941    0.003240    0.072345    0.441854    21.318624  
[37m[36mINFO[0m[0m 09/01 11:49:38 | 0.985608    0.993590    0.000000    0.984001    0.046792    0.990220    0.985608    0.993590    1.000000    0.961783    4300        102.994012  0.537915    0.084074    0.015858    0.015953    0.015953    0.034819    2.000000    0.000880    0.000000    3.842033    0.100000    0.000000    0.000000    0.942758    0.931058    0.927644    1.810724    1.732415    0.002192    0.071359    0.522667    17.799764  
[37m[36mINFO[0m[0m 09/01 11:50:47 | 0.984009    0.993590    0.000000    0.979721    0.071331    0.992665    0.984009    0.993590    1.000000    0.946497    4400        105.389222  0.545860    0.092304    0.017314    0.017650    0.017650    0.035078    2.000000    0.000878    0.000000    3.834005    0.100000    0.000000    0.000000    0.943180    0.931232    0.927193    1.815487    1.736436    0.001878    0.070837    0.485448    20.596041  
[37m[36mINFO[0m[0m 09/01 11:51:57 | 0.985075    0.993590    0.000000    0.984392    0.051096    0.992665    0.985075    0.993590    1.000000    0.960510    4500        107.784431  0.544043    0.093223    0.019500    0.017356    0.017356    0.034034    2.000000    0.000860    0.000000    3.827524    0.100000    0.000000    0.000000    0.941886    0.930191    0.927205    1.819469    1.741462    0.002438    0.069859    0.523764    17.454887  
[37m[36mINFO[0m[0m 09/01 11:53:12 | 0.984009    0.993590    0.000000    0.982727    0.051578    0.990220    0.984009    0.993590    1.000000    0.957962    4600        110.179641  0.534143    0.084411    0.017326    0.015709    0.015709    0.033966    2.000000    0.000850    0.000000    3.818010    0.100000    0.000000    0.000000    0.941370    0.930220    0.927966    1.827359    1.748484    0.001759    0.068651    0.538337    20.788487  
[37m[36mINFO[0m[0m 09/01 11:54:16 | 0.986674    0.995726    0.000000    0.983152    0.049128    0.990220    0.986674    0.995726    1.000000    0.959236    4700        112.574850  0.513895    0.075395    0.014504    0.014247    0.014247    0.028031    2.000000    0.000781    0.000000    3.824379    0.100000    0.000000    0.000000    0.939618    0.928760    0.927639    1.835334    1.754772    0.001602    0.068356    0.449639    18.992077  
[37m[36mINFO[0m[0m 09/01 11:55:35 | 0.985075    0.991453    0.000000    0.981453    0.050343    0.990220    0.985075    0.991453    1.000000    0.954140    4800        114.970060  0.549205    0.087564    0.017291    0.016571    0.016571    0.039467    2.000000    0.000797    0.000000    3.827059    0.100000    0.000000    0.000000    0.940197    0.929277    0.927518    1.839630    1.759202    0.002271    0.068038    0.587427    20.649348  
[37m[36mINFO[0m[0m 09/01 11:56:35 | 0.984542    0.991453    0.000000    0.983186    0.049247    0.987775    0.984542    0.991453    1.000000    0.961783    4900        117.365269  0.532353    0.086197    0.016739    0.016431    0.016431    0.032257    2.000000    0.000747    0.000000    3.816417    0.100000    0.000000    0.000000    0.938677    0.928496    0.927483    1.846407    1.765658    0.001897    0.066728    0.418007    17.883090  
[37m[36mINFO[0m[0m 09/01 11:57:58 | 0.984009    0.991453    0.000000    0.980995    0.054410    0.992665    0.984009    0.991453    1.000000    0.950318    5000        119.760479  0.516741    0.072813    0.013423    0.013871    0.013871    0.030732    2.000000    0.000781    0.000000    3.824638    0.100000    0.000000    0.000000    0.938029    0.927872    0.927094    1.849864    1.769790    0.001939    0.065607    0.636351    19.506035  
[37m[36mINFO[0m[0m 09/01 11:57:58 | ---
[37m[36mINFO[0m[0m 09/01 11:57:58 | oracle = 99.041%
[37m[36mINFO[0m[0m 09/01 11:57:58 | iid = 98.667%
[37m[36mINFO[0m[0m 09/01 11:57:58 | last = 98.401%
[37m[36mINFO[0m[0m 09/01 11:57:58 | last (inD) = 98.099%
[37m[36mINFO[0m[0m 09/01 11:57:58 | iid (inD) = 98.567%
[37m[36mINFO[0m[0m 09/01 11:57:59 | 
[37m[36mINFO[0m[0m 09/01 11:58:03 | Testenv name escaping te_photo -> te_photo
[37m[36mINFO[0m[0m 09/01 11:58:03 | Test envs = [2], name = te_photo
[37m[36mINFO[0m[0m 09/01 11:58:03 | Batch sizes for each domain: [32, 32, 0, 32] (total=96)
[37m[36mINFO[0m[0m 09/01 11:58:03 | steps-per-epoch for each domain: 51.22, 58.62, 98.25 -> min = 51.22
[37m[36mINFO[0m[0m 09/01 11:58:25 | # of params = 151206401
[37m[36mINFO[0m[0m 09/01 11:58:42 | test_in     test_out    train_in    train_out   tr_outloss  env0_out    env1_out    env2_in     env2_out    env3_out    step        epoch       total_loss  cipt_base_  cipt_cls_l  cipt_de_lo  cipt_de_or  cipt_de_au  aug_decomp  cipt_ind_l  causal_con  dccl_contr  contrastiv  pre_cl_los  reg_loss    mean_e_nor  mean_e_aug  mean_e_aug  mean_s_nor  mean_s_aug  mean_es_co  mean_e_aug  step_time   eval_time  
[37m[36mINFO[0m[0m 09/01 11:58:42 | 0.996257    0.997006    0.000000    0.894763    0.496133    0.853301    0.931624    0.996257    0.997006    0.899363    0           0.000000    17.046440   12.384293   0.461855    2.355609    2.355609    2.330596    2.000000    0.500000    0.000000    4.777521    0.000200    0.000000    0.000000    1.000000    1.000000    0.929281    1.000000    1.000000    1.000000    1.000000    0.354839    17.212768  
[37m[36mINFO[0m[0m 09/01 11:59:53 | 0.997006    1.000000    0.000000    0.972523    0.121636    0.980440    0.995726    0.997006    1.000000    0.941401    100         1.952410    6.131506    4.919337    0.322619    0.562079    0.562079    0.582224    2.000000    0.469680    0.000000    4.676396    0.010300    0.000000    0.000000    0.972347    0.972880    0.929420    1.029828    1.028709    0.968817    0.969595    0.500015    20.309849  
[37m[36mINFO[0m[0m 09/01 12:00:58 | 0.997006    1.000000    0.000000    0.971673    0.087508    0.980440    0.995726    0.997006    1.000000    0.938854    200         3.904820    2.740383    2.277621    0.086937    0.142258    0.142258    0.163779    2.000000    0.324330    0.000000    4.468109    0.030300    0.000000    0.000000    0.940642    0.942041    0.926122    1.109962    1.104922    0.797562    0.806584    0.478398    17.695939  
[37m[36mINFO[0m[0m 09/01 12:02:13 | 1.000000    1.000000    0.000000    0.972810    0.079116    0.980440    0.997863    1.000000    1.000000    0.940127    300         5.857230    1.478569    1.024089    0.073710    0.096777    0.096777    0.116077    2.000000    0.112655    0.000000    4.419472    0.050300    0.000000    0.000000    0.987645    0.984414    0.931496    1.232958    1.218850    0.439287    0.471880    0.535138    21.373750  
[37m[36mINFO[0m[0m 09/01 12:03:15 | 0.997754    1.000000    0.000000    0.975426    0.075620    0.985330    0.995726    0.997754    1.000000    0.945223    400         7.809640    1.076007    0.572488    0.066328    0.082477    0.082477    0.096911    2.000000    0.035251    0.000000    4.406311    0.070300    0.000000    0.000000    1.044673    1.034137    0.938203    1.330118    1.308211    0.202622    0.252392    0.434975    17.773741  
[37m[36mINFO[0m[0m 09/01 12:04:34 | 0.999251    1.000000    0.000000    0.978228    0.067558    0.987775    0.997863    0.999251    1.000000    0.949045    500         9.762050    0.980679    0.411419    0.057041    0.067614    0.067614    0.086581    2.000000    0.016785    0.000000    4.387240    0.090298    0.000000    0.000000    1.068211    1.052683    0.939769    1.389676    1.362644    0.100010    0.159306    0.611109    18.071708  
[37m[36mINFO[0m[0m 09/01 12:05:32 | 0.999251    1.000000    0.000000    0.978652    0.071044    0.987775    0.997863    0.999251    1.000000    0.950318    600         11.714460   0.947143    0.353006    0.053277    0.061041    0.061041    0.078678    2.000000    0.011113    0.000000    4.367824    0.100000    0.000000    0.000000    1.073004    1.055127    0.940853    1.427608    1.397184    0.056854    0.120964    0.419390    16.588809  
[37m[36mINFO[0m[0m 09/01 12:06:53 | 0.999251    1.000000    0.000000    0.977803    0.063041    0.987775    0.997863    0.999251    1.000000    0.947771    700         13.666870   0.922556    0.335159    0.054722    0.060040    0.060040    0.077059    2.000000    0.008056    0.000000    4.332779    0.100000    0.000000    0.000000    1.069687    1.050532    0.940662    1.454380    1.421085    0.038291    0.106347    0.605280    19.972697  
[37m[36mINFO[0m[0m 09/01 12:07:51 | 0.999251    1.000000    0.000000    0.977378    0.060529    0.987775    0.997863    0.999251    1.000000    0.946497    800         15.619280   0.878421    0.306205    0.051258    0.055643    0.055643    0.070717    2.000000    0.006475    0.000000    4.307822    0.100000    0.000000    0.000000    1.063300    1.043458    0.940254    1.475924    1.439920    0.028984    0.100339    0.420439    15.871636  
[37m[36mINFO[0m[0m 09/01 12:09:12 | 0.998503    1.000000    0.000000    0.979502    0.062086    0.987775    0.997863    0.998503    1.000000    0.952866    900         17.571690   0.843293    0.278253    0.048657    0.050513    0.050513    0.068542    2.000000    0.005509    0.000000    4.279562    0.100000    0.000000    0.000000    1.056634    1.037416    0.939731    1.494115    1.456698    0.024961    0.096905    0.626400    18.003125  
[37m[36mINFO[0m[0m 09/01 12:10:11 | 0.999251    1.000000    0.000000    0.977550    0.063864    0.985330    0.995726    0.999251    1.000000    0.951592    1000        19.524100   0.795584    0.242699    0.043591    0.044454    0.044454    0.064294    2.000000    0.004258    0.000000    4.242980    0.100000    0.000000    0.000000    1.047734    1.028741    0.939279    1.513511    1.475277    0.020113    0.092434    0.419527    17.404539  
[37m[36mINFO[0m[0m 09/01 12:11:34 | 0.999251    1.000000    0.000000    0.978228    0.065239    0.987775    0.997863    0.999251    1.000000    0.949045    1100        21.476510   0.771104    0.232453    0.041358    0.042804    0.042804    0.058357    2.000000    0.003976    0.000000    4.219379    0.100000    0.000000    0.000000    1.040785    1.022449    0.938480    1.527121    1.487920    0.020306    0.092438    0.644246    18.437505  
[37m[36mINFO[0m[0m 09/01 12:12:32 | 0.999251    1.000000    0.000000    0.979248    0.057595    0.985330    0.995726    0.999251    1.000000    0.956688    1200        23.428920   0.777620    0.235756    0.046197    0.043196    0.043196    0.060881    2.000000    0.003355    0.000000    4.201022    0.100000    0.000000    0.000000    1.033307    1.015227    0.937636    1.543400    1.502189    0.015949    0.089163    0.404965    17.216237  
[37m[36mINFO[0m[0m 09/01 12:13:52 | 0.998503    1.000000    0.000000    0.980282    0.060997    0.992665    0.997863    0.998503    1.000000    0.950318    1300        25.381330   0.741659    0.213650    0.038518    0.039852    0.039852    0.054705    2.000000    0.003145    0.000000    4.185990    0.100000    0.000000    0.000000    1.026301    1.009132    0.937713    1.556175    1.515335    0.016337    0.087895    0.627279    17.513312  
[37m[36mINFO[0m[0m 09/01 12:14:51 | 0.998503    1.000000    0.000000    0.979926    0.058725    0.987775    0.997863    0.998503    1.000000    0.954140    1400        27.333740   0.758627    0.220050    0.040961    0.041347    0.041347    0.060391    2.000000    0.002740    0.000000    4.177957    0.100000    0.000000    0.000000    1.020081    1.003258    0.936736    1.571256    1.528914    0.013560    0.085361    0.418377    17.322311  
[37m[36mINFO[0m[0m 09/01 12:16:14 | 0.997754    1.000000    0.000000    0.977378    0.059305    0.987775    0.997863    0.997754    1.000000    0.946497    1500        29.286150   0.761957    0.232054    0.044038    0.043800    0.043800    0.057458    2.000000    0.002563    0.000000    4.149883    0.100000    0.000000    0.000000    1.016703    1.000220    0.936214    1.582010    1.538512    0.011967    0.084009    0.633290    19.624380  
[37m[36mINFO[0m[0m 09/01 12:17:13 | 0.998503    1.000000    0.000000    0.980351    0.055685    0.987775    0.997863    0.998503    1.000000    0.955414    1600        31.238560   0.698017    0.176336    0.032311    0.032966    0.032966    0.054001    2.000000    0.002432    0.000000    4.136788    0.100000    0.000000    0.000000    1.009632    0.993857    0.935415    1.593329    1.548315    0.012311    0.084089    0.403895    18.632223  
[37m[36mINFO[0m[0m 09/01 12:18:32 | 0.997754    1.000000    0.000000    0.978584    0.062713    0.992665    0.997863    0.997754    1.000000    0.945223    1700        33.190970   0.712684    0.187710    0.036176    0.035084    0.035084    0.056345    2.000000    0.002240    0.000000    4.122838    0.100000    0.000000    0.000000    1.000648    0.985129    0.934889    1.605393    1.561209    0.012506    0.082524    0.611670    17.534310  
[37m[36mINFO[0m[0m 09/01 12:19:32 | 0.998503    1.000000    0.000000    0.978652    0.056398    0.987775    0.997863    0.998503    1.000000    0.950318    1800        35.143380   0.676379    0.161446    0.030234    0.030197    0.030197    0.052497    2.000000    0.002085    0.000000    4.099406    0.100000    0.000000    0.000000    0.996495    0.981651    0.935326    1.616888    1.571402    0.009759    0.079950    0.412369    19.155061  
[37m[36mINFO[0m[0m 09/01 12:20:51 | 0.998503    1.000000    0.000000    0.979502    0.058068    0.987775    0.997863    0.998503    1.000000    0.952866    1900        37.095790   0.644877    0.143423    0.026551    0.026776    0.026776    0.046744    2.000000    0.001954    0.000000    4.079666    0.100000    0.000000    0.000000    0.988759    0.973714    0.934730    1.628290    1.582349    0.009821    0.079024    0.603872    18.219690  
[37m[36mINFO[0m[0m 09/01 12:21:52 | 0.997006    1.000000    0.000000    0.978262    0.061626    0.985330    0.997863    0.997006    1.000000    0.951592    2000        39.048200   0.662447    0.159185    0.030214    0.029880    0.029880    0.048238    2.000000    0.001890    0.000000    4.067857    0.100000    0.000000    0.000000    0.983567    0.969386    0.934371    1.637465    1.590429    0.009339    0.078690    0.422546    18.997139  
[37m[36mINFO[0m[0m 09/01 12:23:06 | 0.997754    1.000000    0.000000    0.979926    0.053967    0.987775    0.997863    0.997754    1.000000    0.954140    2100        41.000610   0.665772    0.164081    0.031645    0.030996    0.030996    0.048212    2.000000    0.001690    0.000000    4.052660    0.100000    0.000000    0.000000    0.976877    0.963332    0.933269    1.648503    1.601144    0.008316    0.076480    0.564616    17.380260  
[37m[36mINFO[0m[0m 09/01 12:24:11 | 0.997754    1.000000    0.000000    0.977872    0.058046    0.982885    0.997863    0.997754    1.000000    0.952866    2200        42.953020   0.666660    0.168357    0.033517    0.031564    0.031564    0.046851    2.000000    0.001716    0.000000    4.046018    0.100000    0.000000    0.000000    0.973332    0.960308    0.933443    1.658008    1.610529    0.007611    0.074471    0.458940    19.266933  
[37m[36mINFO[0m[0m 09/01 12:25:22 | 0.997754    1.000000    0.000000    0.979077    0.060623    0.987775    0.997863    0.997754    1.000000    0.951592    2300        44.905430   0.628895    0.129194    0.024802    0.024202    0.024202    0.048391    2.000000    0.001517    0.000000    4.029185    0.100000    0.000000    0.000000    0.967608    0.954795    0.932928    1.666640    1.617614    0.006760    0.074229    0.527431    17.550665  
[37m[36mINFO[0m[0m 09/01 12:26:31 | 0.997754    1.000000    0.000000    0.979111    0.055228    0.985330    0.997863    0.997754    1.000000    0.954140    2400        46.857840   0.664040    0.160199    0.031758    0.030239    0.030239    0.050431    2.000000    0.001497    0.000000    4.029782    0.100000    0.000000    0.000000    0.962759    0.949887    0.932165    1.674688    1.627481    0.006854    0.072139    0.497138    19.399567  
[37m[36mINFO[0m[0m 09/01 12:27:37 | 0.997754    1.000000    0.000000    0.978687    0.052111    0.985330    0.997863    0.997754    1.000000    0.952866    2500        48.810250   0.637680    0.142020    0.027330    0.026755    0.026755    0.047391    2.000000    0.001534    0.000000    4.008769    0.100000    0.000000    0.000000    0.958926    0.947307    0.932166    1.684652    1.635931    0.006748    0.071221    0.493257    17.145858  
[37m[36mINFO[0m[0m 09/01 12:28:51 | 0.997754    1.000000    0.000000    0.979639    0.052501    0.987775    0.995726    0.997754    1.000000    0.955414    2600        50.762660   0.613487    0.131071    0.025191    0.024741    0.024741    0.041441    2.000000    0.001383    0.000000    3.995343    0.100000    0.000000    0.000000    0.956251    0.944492    0.931753    1.692187    1.641622    0.005562    0.070844    0.552098    18.935151  
[37m[36mINFO[0m[0m 09/01 12:29:56 | 0.997754    1.000000    0.000000    0.979926    0.057219    0.987775    0.997863    0.997754    1.000000    0.954140    2700        52.715070   0.626381    0.132003    0.025641    0.024884    0.024884    0.047356    2.000000    0.001365    0.000000    3.996659    0.100000    0.000000    0.000000    0.951706    0.940405    0.931198    1.699345    1.650103    0.005982    0.068571    0.460370    18.756221  
[37m[36mINFO[0m[0m 09/01 12:31:13 | 0.997754    1.000000    0.000000    0.981981    0.050207    0.992665    0.997863    0.997754    1.000000    0.955414    2800        54.667480   0.626733    0.139584    0.027010    0.026547    0.026547    0.044446    2.000000    0.001277    0.000000    3.982559    0.100000    0.000000    0.000000    0.948970    0.937657    0.931207    1.706735    1.657567    0.004726    0.067293    0.575779    19.302882  
[37m[36mINFO[0m[0m 09/01 12:32:11 | 0.997006    1.000000    0.000000    0.976700    0.060308    0.985330    0.995726    0.997006    1.000000    0.949045    2900        56.619890   0.614253    0.127100    0.025216    0.023879    0.023879    0.044826    2.000000    0.001274    0.000000    3.975003    0.100000    0.000000    0.000000    0.945169    0.934743    0.931026    1.713197    1.662324    0.005228    0.067748    0.418028    16.180214  
[37m[36mINFO[0m[0m 09/01 12:33:30 | 0.996257    1.000000    0.000000    0.980775    0.056708    0.987775    0.997863    0.996257    1.000000    0.956688    3000        58.572300   0.626511    0.141466    0.028006    0.026837    0.026837    0.044385    2.000000    0.001222    0.000000    3.962749    0.100000    0.000000    0.000000    0.942891    0.932863    0.931365    1.720716    1.670144    0.004888    0.066235    0.612442    18.015725  
[37m[36mINFO[0m[0m 09/01 12:34:29 | 0.997006    1.000000    0.000000    0.976632    0.055127    0.980440    0.997863    0.997006    1.000000    0.951592    3100        60.524710   0.599402    0.116634    0.022775    0.022050    0.022050    0.043863    2.000000    0.001132    0.000000    3.950414    0.100000    0.000000    0.000000    0.938236    0.928410    0.930057    1.728137    1.676801    0.004175    0.065693    0.412844    17.657146  
[37m[36mINFO[0m[0m 09/01 12:35:55 | 0.996257    1.000000    0.000000    0.982049    0.054961    0.987775    0.997863    0.996257    1.000000    0.960510    3200        62.477120   0.596385    0.112960    0.022277    0.021306    0.021306    0.044346    2.000000    0.001092    0.000000    3.947323    0.100000    0.000000    0.000000    0.933145    0.923548    0.929461    1.735664    1.683302    0.004135    0.065236    0.648660    20.995193  
[37m[36mINFO[0m[0m 09/01 12:36:53 | 0.997006    1.000000    0.000000    0.980741    0.055773    0.990220    0.997863    0.997006    1.000000    0.954140    3300        64.429530   0.574047    0.100641    0.019157    0.018967    0.018967    0.039577    2.000000    0.001123    0.000000    3.942522    0.100000    0.000000    0.000000    0.929541    0.920265    0.929196    1.742355    1.690266    0.004939    0.064570    0.417290    16.122361  
[37m[36mINFO[0m[0m 09/01 12:38:24 | 0.995509    1.000000    0.000000    0.980810    0.059698    0.985330    0.997863    0.995509    1.000000    0.959236    3400        66.381940   0.614178    0.128343    0.025772    0.024332    0.024332    0.045989    2.000000    0.001049    0.000000    3.938567    0.100000    0.000000    0.000000    0.926177    0.917414    0.928482    1.748817    1.694743    0.003504    0.064019    0.704818    20.881826  
[37m[36mINFO[0m[0m 09/01 12:39:23 | 0.996257    1.000000    0.000000    0.977447    0.054361    0.982885    0.997863    0.996257    1.000000    0.951592    3500        68.334350   0.606403    0.124374    0.025362    0.023514    0.023514    0.044260    2.000000    0.000991    0.000000    3.935101    0.100000    0.000000    0.000000    0.925614    0.917298    0.929415    1.756131    1.703528    0.002873    0.060793    0.412777    17.465776  
[37m[36mINFO[0m[0m 09/01 12:40:47 | 0.996257    1.000000    0.000000    0.978125    0.066737    0.985330    1.000000    0.996257    1.000000    0.949045    3600        70.286760   0.548117    0.090877    0.017399    0.017157    0.017157    0.033058    2.000000    0.000970    0.000000    3.911241    0.100000    0.000000    0.000000    0.923517    0.915014    0.929487    1.762086    1.710042    0.003397    0.060811    0.647588    18.631031  
[37m[36mINFO[0m[0m 09/01 12:41:46 | 0.996257    1.000000    0.000000    0.979467    0.057540    0.990220    0.997863    0.996257    1.000000    0.950318    3700        72.239170   0.583666    0.113624    0.023945    0.021247    0.021247    0.039697    2.000000    0.000938    0.000000    3.906476    0.100000    0.000000    0.000000    0.920023    0.911734    0.928840    1.767881    1.715240    0.002946    0.059977    0.419120    17.818353  
[37m[36mINFO[0m[0m 09/01 12:43:12 | 0.996257    1.000000    0.000000    0.978687    0.055048    0.985330    0.997863    0.996257    1.000000    0.952866    3800        74.191580   0.579228    0.107208    0.021299    0.020300    0.020300    0.040931    2.000000    0.000942    0.000000    3.901588    0.100000    0.000000    0.000000    0.917741    0.909145    0.928198    1.773993    1.720545    0.002802    0.059981    0.636517    21.410972  
[37m[36mINFO[0m[0m 09/01 12:44:10 | 0.996257    1.000000    0.000000    0.978125    0.063996    0.985330    1.000000    0.996257    1.000000    0.949045    3900        76.143990   0.584860    0.111628    0.021750    0.021330    0.021330    0.041337    2.000000    0.000912    0.000000    3.905593    0.100000    0.000000    0.000000    0.918147    0.910656    0.928033    1.778617    1.724758    0.002771    0.058994    0.407228    18.110979  
[37m[36mINFO[0m[0m 09/01 12:45:26 | 0.996257    1.000000    0.000000    0.980385    0.054395    0.985330    0.997863    0.996257    1.000000    0.957962    4000        78.096400   0.580993    0.109617    0.021916    0.020816    0.020816    0.040664    2.000000    0.000888    0.000000    3.900472    0.100000    0.000000    0.000000    0.915737    0.908420    0.927974    1.785044    1.729689    0.002099    0.058278    0.581416    17.815604  
[37m[36mINFO[0m[0m 09/01 12:46:27 | 0.996257    1.000000    0.000000    0.976276    0.068404    0.985330    0.995726    0.996257    1.000000    0.947771    4100        80.048810   0.576360    0.100437    0.019568    0.019131    0.019131    0.043253    2.000000    0.000869    0.000000    3.894155    0.100000    0.000000    0.000000    0.914385    0.908098    0.928682    1.790177    1.735036    0.002905    0.058056    0.411898    19.004036  
[37m[36mINFO[0m[0m 09/01 12:47:40 | 0.996257    1.000000    0.000000    0.980741    0.061814    0.990220    0.997863    0.996257    1.000000    0.954140    4200        82.001220   0.559856    0.097286    0.019739    0.018330    0.018330    0.037303    2.000000    0.000845    0.000000    3.879641    0.100000    0.000000    0.000000    0.910739    0.904119    0.928488    1.797737    1.741130    0.002300    0.057702    0.542123    19.384084  
[37m[36mINFO[0m[0m 09/01 12:48:43 | 0.996257    1.000000    0.000000    0.979960    0.063554    0.985330    0.997863    0.996257    1.000000    0.956688    4300        83.953630   0.550019    0.087746    0.017095    0.016639    0.016639    0.037161    2.000000    0.000819    0.000000    3.879524    0.100000    0.000000    0.000000    0.910105    0.903416    0.928066    1.802765    1.747377    0.002407    0.056757    0.430670    19.285067  
[37m[36mINFO[0m[0m 09/01 12:49:54 | 0.996257    1.000000    0.000000    0.977906    0.061347    0.980440    0.997863    0.996257    1.000000    0.955414    4400        85.906040   0.538727    0.080577    0.015784    0.015220    0.015220    0.035563    2.000000    0.000782    0.000000    3.870236    0.100000    0.000000    0.000000    0.907074    0.900823    0.928529    1.808755    1.751700    0.001567    0.055901    0.528349    18.320596  
[37m[36mINFO[0m[0m 09/01 12:51:00 | 0.996257    1.000000    0.000000    0.978721    0.055747    0.982885    0.997863    0.996257    1.000000    0.955414    4500        87.858450   0.580518    0.106677    0.021645    0.020299    0.020299    0.043312    2.000000    0.000767    0.000000    3.872175    0.100000    0.000000    0.000000    0.906586    0.900834    0.928141    1.813277    1.756870    0.002331    0.055387    0.474049    18.801513  
[37m[36mINFO[0m[0m 09/01 12:52:13 | 0.996257    1.000000    0.000000    0.978091    0.070964    0.987775    1.000000    0.996257    1.000000    0.946497    4600        89.810860   0.560111    0.093991    0.018170    0.018013    0.018013    0.039872    2.000000    0.000754    0.000000    3.863756    0.100000    0.000000    0.000000    0.909395    0.903541    0.928419    1.817831    1.762495    0.001867    0.054082    0.542268    18.308692  
[37m[36mINFO[0m[0m 09/01 12:53:22 | 0.996257    1.000000    0.000000    0.980248    0.062620    0.985330    1.000000    0.996257    1.000000    0.955414    4700        91.763270   0.577226    0.109624    0.022472    0.020856    0.020856    0.040516    2.000000    0.000745    0.000000    3.865703    0.100000    0.000000    0.000000    0.907828    0.902464    0.927472    1.824081    1.768237    0.002181    0.053893    0.500595    18.846779  
[37m[36mINFO[0m[0m 09/01 12:54:29 | 0.996257    1.000000    0.000000    0.978721    0.061442    0.982885    0.997863    0.996257    1.000000    0.955414    4800        93.715680   0.517173    0.073510    0.014680    0.013841    0.013841    0.028940    2.000000    0.000693    0.000000    3.857829    0.100000    0.000000    0.000000    0.906219    0.900848    0.928572    1.828311    1.771030    0.001815    0.053426    0.510261    16.749034  
[37m[36mINFO[0m[0m 09/01 12:55:40 | 0.996257    1.000000    0.000000    0.979604    0.058600    0.980440    0.997863    0.996257    1.000000    0.960510    4900        95.668090   0.561891    0.093328    0.018617    0.017837    0.017837    0.041588    2.000000    0.000672    0.000000    3.853880    0.100000    0.000000    0.000000    0.904462    0.899350    0.928299    1.834695    1.777644    0.001740    0.052529    0.518581    19.246688  
[37m[36mINFO[0m[0m 09/01 12:56:46 | 0.996257    1.000000    0.000000    0.977481    0.064442    0.980440    0.997863    0.996257    1.000000    0.954140    5000        97.620500   0.565203    0.094172    0.019242    0.017899    0.017899    0.043762    2.000000    0.000667    0.000000    3.835064    0.100000    0.000000    0.000000    0.906682    0.902038    0.929135    1.838736    1.779995    0.001362    0.052294    0.463495    19.535187  
[37m[36mINFO[0m[0m 09/01 12:56:46 | ---
[37m[36mINFO[0m[0m 09/01 12:56:46 | oracle = 99.701%
[37m[36mINFO[0m[0m 09/01 12:56:46 | iid = 99.626%
[37m[36mINFO[0m[0m 09/01 12:56:46 | last = 99.626%
[37m[36mINFO[0m[0m 09/01 12:56:46 | last (inD) = 97.748%
[37m[36mINFO[0m[0m 09/01 12:56:46 | iid (inD) = 98.205%
[37m[36mINFO[0m[0m 09/01 12:56:47 | 
[37m[36mINFO[0m[0m 09/01 12:56:51 | Testenv name escaping te_sketch -> te_sketch
[37m[36mINFO[0m[0m 09/01 12:56:51 | Test envs = [3], name = te_sketch
[37m[36mINFO[0m[0m 09/01 12:56:51 | Batch sizes for each domain: [32, 32, 32, 0] (total=96)
[37m[36mINFO[0m[0m 09/01 12:56:51 | steps-per-epoch for each domain: 51.22, 58.62, 41.75 -> min = 41.75
[37m[36mINFO[0m[0m 09/01 12:57:14 | # of params = 151206401
[37m[36mINFO[0m[0m 09/01 12:57:40 | test_in     test_out    train_in    train_out   tr_outloss  env0_out    env1_out    env2_out    env3_in     env3_out    step        epoch       total_loss  cipt_base_  cipt_cls_l  cipt_de_lo  cipt_de_or  cipt_de_au  aug_decomp  cipt_ind_l  causal_con  dccl_contr  contrastiv  pre_cl_los  reg_loss    mean_e_nor  mean_e_aug  mean_e_aug  mean_s_nor  mean_s_aug  mean_es_co  mean_e_aug  step_time   eval_time  
[37m[36mINFO[0m[0m 09/01 12:57:40 | 0.857824    0.873885    0.000000    0.938671    0.453969    0.872861    0.955128    0.988024    0.857824    0.873885    0           0.000000    15.619924   11.493956   0.583995    2.102490    2.102490    2.062513    2.000000    0.500000    0.000000    4.714694    0.000200    0.000000    0.000000    1.000000    1.000000    0.907462    1.000000    1.000000    1.000000    1.000000    0.660458    25.720382  
[37m[36mINFO[0m[0m 09/01 12:58:55 | 0.897265    0.913376    0.000000    0.992056    0.064689    0.980440    0.995726    1.000000    0.897265    0.913376    100         2.395210    5.897100    4.753250    0.259648    0.534545    0.534545    0.548830    2.000000    0.471084    0.000000    4.533263    0.010300    0.000000    0.000000    0.983976    0.986076    0.907892    1.022675    1.020508    0.970336    0.972930    0.526013    21.917840  
[37m[36mINFO[0m[0m 09/01 13:00:14 | 0.891858    0.905732    0.000000    0.995213    0.028620    0.987775    0.997863    1.000000    0.891858    0.905732    200         4.790419    2.518119    2.153421    0.038316    0.097956    0.097956    0.116379    2.000000    0.344656    0.000000    4.360097    0.030300    0.000000    0.000000    0.966142    0.970301    0.906330    1.088859    1.078098    0.825516    0.848068    0.542249    25.348308  
[37m[36mINFO[0m[0m 09/01 13:01:19 | 0.898855    0.907006    0.000000    0.994398    0.020634    0.985330    0.997863    1.000000    0.898855    0.907006    300         7.185629    1.219512    0.877182    0.021854    0.047526    0.047526    0.063683    2.000000    0.133045    0.000000    4.275624    0.050300    0.000000    0.000000    1.014025    1.005868    0.913031    1.202719    1.174372    0.490517    0.566919    0.430562    21.858996  
[37m[36mINFO[0m[0m 09/01 13:02:50 | 0.892494    0.905732    0.000000    0.994398    0.015301    0.985330    0.997863    1.000000    0.892494    0.905732    400         9.580838    0.762180    0.357887    0.019267    0.037438    0.037438    0.052360    2.000000    0.037773    0.000000    4.261381    0.070300    0.000000    0.000000    1.085807    1.060494    0.921066    1.303365    1.258989    0.228229    0.340118    0.650073    25.275095  
[37m[36mINFO[0m[0m 09/01 13:03:53 | 0.897265    0.909554    0.000000    0.996028    0.013476    0.990220    0.997863    1.000000    0.897265    0.909554    500         11.976048   0.639443    0.182077    0.009425    0.023354    0.023354    0.037212    2.000000    0.015847    0.000000    4.241650    0.090298    0.000000    0.000000    1.121808    1.087749    0.925875    1.364940    1.312876    0.110524    0.231796    0.421377    20.795152  
[37m[36mINFO[0m[0m 09/01 13:05:20 | 0.886132    0.891720    0.000000    0.995110    0.013226    0.985330    1.000000    1.000000    0.886132    0.891720    600         14.371257   0.621118    0.135187    0.008884    0.019129    0.019129    0.032713    2.000000    0.009957    0.000000    4.205043    0.100000    0.000000    0.000000    1.132410    1.094561    0.926815    1.403873    1.345022    0.060056    0.187578    0.639033    23.458593  
[37m[36mINFO[0m[0m 09/01 13:06:25 | 0.894402    0.907006    0.000000    0.996028    0.009891    0.990220    0.997863    1.000000    0.894402    0.907006    700         16.766467   0.561649    0.093331    0.004738    0.013165    0.013165    0.026007    2.000000    0.007186    0.000000    4.163038    0.100000    0.000000    0.000000    1.132051    1.093427    0.926462    1.430418    1.368386    0.038412    0.166320    0.403462    24.377165  
[37m[36mINFO[0m[0m 09/01 13:07:44 | 0.884224    0.890446    0.000000    0.996028    0.009729    0.990220    0.997863    1.000000    0.884224    0.890446    800         19.161677   0.535894    0.077360    0.004489    0.010944    0.010944    0.022867    2.000000    0.005819    0.000000    4.127995    0.100000    0.000000    0.000000    1.127450    1.089578    0.927122    1.449995    1.386883    0.029862    0.155195    0.569408    21.873315  
[37m[36mINFO[0m[0m 09/01 13:08:57 | 0.892176    0.896815    0.000000    0.995925    0.010557    0.987775    1.000000    1.000000    0.892176    0.896815    900         21.556886   0.511154    0.060798    0.002968    0.008142    0.008142    0.020664    2.000000    0.005052    0.000000    4.090290    0.100000    0.000000    0.000000    1.122305    1.084411    0.926122    1.468913    1.403058    0.022831    0.148372    0.483928    25.273400  
[37m[36mINFO[0m[0m 09/01 13:10:08 | 0.898855    0.908280    0.000000    0.996028    0.008470    0.990220    0.997863    1.000000    0.898855    0.908280    1000        23.952096   0.491663    0.047240    0.001736    0.006002    0.006002    0.019495    2.000000    0.004299    0.000000    4.054320    0.100000    0.000000    0.000000    1.117172    1.080285    0.925409    1.483415    1.415932    0.020144    0.144343    0.480981    22.803595  
[37m[36mINFO[0m[0m 09/01 13:11:29 | 0.898855    0.909554    0.000000    0.996740    0.007560    0.990220    1.000000    1.000000    0.898855    0.909554    1100        26.347305   0.483217    0.042961    0.001723    0.005373    0.005373    0.018513    2.000000    0.003950    0.000000    4.032308    0.100000    0.000000    0.000000    1.112559    1.076501    0.925598    1.498275    1.429366    0.017867    0.139825    0.558592    24.675663  
[37m[36mINFO[0m[0m 09/01 13:12:32 | 0.881361    0.887898    0.000000    0.995213    0.012222    0.987775    0.997863    1.000000    0.881361    0.887898    1200        28.742515   0.469590    0.033208    0.000835    0.003854    0.003854    0.018185    2.000000    0.003391    0.000000    4.000130    0.100000    0.000000    0.000000    1.107654    1.073250    0.925603    1.511809    1.442998    0.016316    0.134653    0.420509    21.357183  
[37m[36mINFO[0m[0m 09/01 13:13:59 | 0.896628    0.907006    0.000000    0.996740    0.007815    0.990220    1.000000    1.000000    0.896628    0.907006    1300        31.137725   0.444792    0.028273    0.000625    0.003016    0.003016    0.010116    2.000000    0.003117    0.000000    3.962860    0.100000    0.000000    0.000000    1.104361    1.070762    0.924919    1.523138    1.451989    0.014042    0.132403    0.630636    23.392258  
[37m[36mINFO[0m[0m 09/01 13:15:02 | 0.890585    0.892994    0.000000    0.995925    0.009899    0.987775    1.000000    1.000000    0.890585    0.892994    1400        33.532934   0.447658    0.025783    0.000617    0.002654    0.002654    0.013967    2.000000    0.002910    0.000000    3.939420    0.100000    0.000000    0.000000    1.101396    1.068513    0.925008    1.534953    1.464063    0.013646    0.128465    0.413973    21.343358  
[37m[36mINFO[0m[0m 09/01 13:16:27 | 0.887405    0.891720    0.000000    0.995213    0.009595    0.987775    0.997863    1.000000    0.887405    0.891720    1500        35.928144   0.449076    0.023926    0.000517    0.002462    0.002462    0.016359    2.000000    0.002712    0.000000    3.924304    0.100000    0.000000    0.000000    1.098369    1.066351    0.923798    1.546994    1.472404    0.011437    0.126826    0.626792    22.546460  
[37m[36mINFO[0m[0m 09/01 13:17:31 | 0.898537    0.910828    0.000000    0.996740    0.008632    0.990220    1.000000    1.000000    0.898537    0.910828    1600        38.323353   0.431059    0.019275    0.000325    0.001772    0.001772    0.011291    2.000000    0.002372    0.000000    3.892031    0.100000    0.000000    0.000000    1.095823    1.064759    0.925267    1.557410    1.484430    0.010431    0.120969    0.399073    23.934135  
[37m[36mINFO[0m[0m 09/01 13:18:51 | 0.893448    0.895541    0.000000    0.995213    0.009434    0.987775    0.997863    1.000000    0.893448    0.895541    1700        40.718563   0.426877    0.017830    0.000271    0.001569    0.001569    0.010629    2.000000    0.002257    0.000000    3.877898    0.100000    0.000000    0.000000    1.092590    1.062423    0.925112    1.567581    1.492496    0.009899    0.119939    0.578207    22.335864  
[37m[36mINFO[0m[0m 09/01 13:20:05 | 0.899173    0.914650    0.000000    0.995925    0.009538    0.987775    1.000000    1.000000    0.899173    0.914650    1800        43.113772   0.430435    0.017032    0.000282    0.001550    0.001550    0.013977    2.000000    0.002110    0.000000    3.854486    0.100000    0.000000    0.000000    1.091496    1.062308    0.926003    1.575082    1.500778    0.009306    0.115768    0.494131    24.695777  
[37m[36mINFO[0m[0m 09/01 13:21:16 | 0.892176    0.895541    0.000000    0.995213    0.009302    0.987775    0.997863    1.000000    0.892176    0.895541    1900        45.508982   0.425519    0.015204    0.000238    0.001344    0.001344    0.012922    2.000000    0.001918    0.000000    3.844704    0.100000    0.000000    0.000000    1.090771    1.062222    0.925341    1.584704    1.507231    0.007841    0.114313    0.499717    21.334277  
[37m[36mINFO[0m[0m 09/01 13:22:38 | 0.896628    0.903185    0.000000    0.995925    0.008426    0.987775    1.000000    1.000000    0.896628    0.903185    2000        47.904192   0.417804    0.013991    0.000200    0.001172    0.001172    0.010702    2.000000    0.001821    0.000000    3.824097    0.100000    0.000000    0.000000    1.088028    1.060573    0.926190    1.594174    1.516354    0.007659    0.111754    0.568532    25.208693  
[37m[36mINFO[0m[0m 09/01 13:23:44 | 0.897265    0.903185    0.000000    0.996740    0.008432    0.990220    1.000000    1.000000    0.897265    0.903185    2100        50.299401   0.412247    0.012733    0.000152    0.001057    0.001057    0.009880    2.000000    0.001671    0.000000    3.797528    0.100000    0.000000    0.000000    1.088157    1.061268    0.926568    1.602396    1.523953    0.006509    0.108957    0.417100    23.402850  
[37m[36mINFO[0m[0m 09/01 13:25:12 | 0.885496    0.889172    0.000000    0.995213    0.012474    0.987775    0.997863    1.000000    0.885496    0.889172    2200        52.694611   0.405516    0.011578    0.000127    0.000829    0.000829    0.008050    2.000000    0.001627    0.000000    3.778384    0.100000    0.000000    0.000000    1.087169    1.060881    0.926584    1.611276    1.532409    0.006250    0.106242    0.632013    25.369383  
[37m[36mINFO[0m[0m 09/01 13:26:15 | 0.884224    0.890446    0.000000    0.995213    0.014191    0.987775    0.997863    1.000000    0.884224    0.890446    2300        55.089820   0.416778    0.011310    0.000136    0.000889    0.000889    0.013317    2.000000    0.001524    0.000000    3.788336    0.100000    0.000000    0.000000    1.086883    1.060761    0.926495    1.616270    1.537969    0.006559    0.103843    0.409560    21.604062  
[37m[36mINFO[0m[0m 09/01 13:27:40 | 0.893448    0.899363    0.000000    0.995213    0.009877    0.987775    0.997863    1.000000    0.893448    0.899363    2400        57.485030   0.411222    0.010403    0.000159    0.000838    0.000838    0.012195    2.000000    0.001378    0.000000    3.764300    0.100000    0.000000    0.000000    1.086841    1.062770    0.927166    1.625635    1.545204    0.005023    0.101261    0.623562    22.821866  
[37m[36mINFO[0m[0m 09/01 13:28:41 | 0.893130    0.896815    0.000000    0.995213    0.011733    0.987775    0.997863    1.000000    0.893130    0.896815    2500        59.880240   0.403086    0.009064    0.000078    0.000613    0.000613    0.009546    2.000000    0.001306    0.000000    3.749312    0.100000    0.000000    0.000000    1.086306    1.063239    0.926964    1.630390    1.550599    0.004764    0.098366    0.418943    18.932064  
[37m[36mINFO[0m[0m 09/01 13:29:40 | 0.895674    0.904459    0.000000    0.995213    0.011235    0.987775    0.997863    1.000000    0.895674    0.904459    2600        62.275449   0.398635    0.008271    0.000060    0.000515    0.000515    0.008479    2.000000    0.001230    0.000000    3.734048    0.100000    0.000000    0.000000    1.087191    1.063688    0.927892    1.636742    1.556110    0.004857    0.097319    0.373470    21.750917  
[37m[36mINFO[0m[0m 09/01 13:31:10 | 0.900763    0.904459    0.000000    0.995925    0.009019    0.987775    1.000000    1.000000    0.900763    0.904459    2700        64.670659   0.401503    0.008098    0.000077    0.000568    0.000568    0.009915    2.000000    0.001150    0.000000    3.735752    0.100000    0.000000    0.000000    1.088104    1.065179    0.928062    1.642288    1.560160    0.004030    0.095327    0.591928    30.605222  
[37m[36mINFO[0m[0m 09/01 13:33:04 | 0.896310    0.900637    0.000000    0.995213    0.010556    0.987775    0.997863    1.000000    0.896310    0.900637    2800        67.065868   0.394191    0.008261    0.000074    0.000604    0.000604    0.006266    2.000000    0.001154    0.000000    3.733990    0.100000    0.000000    0.000000    1.087462    1.064828    0.928007    1.647720    1.566595    0.004527    0.093451    0.878996    26.431423  
[37m[36mINFO[0m[0m 09/01 13:35:02 | 0.886450    0.886624    0.000000    0.994398    0.013116    0.985330    0.997863    1.000000    0.886450    0.886624    2900        69.461078   0.402355    0.007671    0.000077    0.000591    0.000591    0.011353    2.000000    0.001046    0.000000    3.719763    0.100000    0.000000    0.000000    1.089161    1.067574    0.928669    1.653947    1.571150    0.003595    0.091460    0.873036    30.813766  
[37m[36mINFO[0m[0m 09/01 13:36:50 | 0.896947    0.903185    0.000000    0.995213    0.010691    0.987775    0.997863    1.000000    0.896947    0.903185    3000        71.856287   0.394810    0.007140    0.000057    0.000490    0.000490    0.008780    2.000000    0.001024    0.000000    3.701104    0.100000    0.000000    0.000000    1.090196    1.069662    0.929682    1.660430    1.578605    0.002615    0.087705    0.756491    32.135585  
[37m[36mINFO[0m[0m 09/01 13:38:35 | 0.890267    0.895541    0.000000    0.995213    0.012105    0.987775    0.997863    1.000000    0.890267    0.895541    3100        74.251497   0.391720    0.006899    0.000070    0.000503    0.000503    0.007678    2.000000    0.000963    0.000000    3.694659    0.100000    0.000000    0.000000    1.092053    1.072260    0.929727    1.666032    1.582145    0.003466    0.087223    0.726663    32.062333  
[37m[36mINFO[0m[0m 09/01 13:40:25 | 0.894402    0.898089    0.000000    0.994398    0.013496    0.985330    0.997863    1.000000    0.894402    0.898089    3200        76.646707   0.393530    0.006829    0.000059    0.000538    0.000538    0.008944    2.000000    0.000923    0.000000    3.688117    0.100000    0.000000    0.000000    1.090946    1.071915    0.930207    1.673292    1.589896    0.003367    0.084445    0.830947    27.254678  
[37m[36mINFO[0m[0m 09/01 13:42:27 | 0.895038    0.904459    0.000000    0.994398    0.012161    0.985330    0.997863    1.000000    0.895038    0.904459    3300        79.041916   0.394095    0.006244    0.000069    0.000492    0.000492    0.010393    2.000000    0.000841    0.000000    3.670635    0.100000    0.000000    0.000000    1.092361    1.073866    0.930240    1.679893    1.593969    0.002037    0.083491    0.913940    29.967945  
[37m[36mINFO[0m[0m 09/01 13:44:21 | 0.900127    0.907006    0.000000    0.995213    0.010710    0.987775    0.997863    1.000000    0.900127    0.907006    3400        81.437126   0.388276    0.005993    0.000054    0.000484    0.000484    0.007877    2.000000    0.000800    0.000000    3.665294    0.100000    0.000000    0.000000    1.096422    1.077836    0.931032    1.682133    1.596993    0.002667    0.082232    0.826888    31.331867  
[37m[36mINFO[0m[0m 09/01 13:46:06 | 0.898537    0.905732    0.000000    0.994398    0.013801    0.985330    0.997863    1.000000    0.898537    0.905732    3500        83.832335   0.389837    0.006087    0.000067    0.000541    0.000541    0.008853    2.000000    0.000771    0.000000    3.660447    0.100000    0.000000    0.000000    1.098782    1.081492    0.932131    1.685212    1.600654    0.002423    0.079285    0.731100    32.077291  
[37m[36mINFO[0m[0m 09/01 13:47:51 | 0.902354    0.910828    0.000000    0.995213    0.010406    0.987775    0.997863    1.000000    0.902354    0.910828    3600        86.227545   0.388183    0.005331    0.000051    0.000394    0.000394    0.008564    2.000000    0.000740    0.000000    3.657236    0.100000    0.000000    0.000000    1.097076    1.079948    0.931500    1.693754    1.607675    0.002262    0.078206    0.756675    29.835356  
[37m[36mINFO[0m[0m 09/01 13:49:45 | 0.895356    0.900637    0.000000    0.994398    0.012240    0.985330    0.997863    1.000000    0.895356    0.900637    3700        88.622754   0.387316    0.005368    0.000041    0.000446    0.000446    0.008396    2.000000    0.000708    0.000000    3.651565    0.100000    0.000000    0.000000    1.099690    1.083156    0.932782    1.697483    1.611766    0.001908    0.075793    0.870107    26.218150  
[37m[36mINFO[0m[0m 09/01 13:51:43 | 0.903626    0.910828    0.000000    0.996740    0.009415    0.990220    1.000000    1.000000    0.903626    0.910828    3800        91.017964   0.384763    0.005527    0.000049    0.000519    0.000519    0.007221    2.000000    0.000681    0.000000    3.647938    0.100000    0.000000    0.000000    1.099108    1.082588    0.932573    1.704862    1.617530    0.002022    0.074924    0.891372    29.148046  
[37m[36mINFO[0m[0m 09/01 13:53:30 | 0.893448    0.900637    0.000000    0.995213    0.014004    0.987775    0.997863    1.000000    0.893448    0.900637    3900        93.413174   0.381927    0.004611    0.000043    0.000366    0.000366    0.006850    2.000000    0.000621    0.000000    3.636147    0.100000    0.000000    0.000000    1.101490    1.085985    0.933541    1.710610    1.622812    0.001817    0.073014    0.756020    31.616801  
[37m[36mINFO[0m[0m 09/01 13:55:14 | 0.892812    0.894268    0.000000    0.995213    0.011272    0.987775    0.997863    1.000000    0.892812    0.894268    4000        95.808383   0.381079    0.004635    0.000035    0.000404    0.000404    0.006426    2.000000    0.000597    0.000000    3.635918    0.100000    0.000000    0.000000    1.101952    1.086907    0.934464    1.712483    1.624283    0.001874    0.072085    0.721695    31.618092  
[37m[36mINFO[0m[0m 09/01 13:57:04 | 0.885814    0.890446    0.000000    0.994398    0.013379    0.985330    0.997863    1.000000    0.885814    0.890446    4100        98.203593   0.380552    0.004321    0.000028    0.000358    0.000358    0.006619    2.000000    0.000572    0.000000    3.629934    0.100000    0.000000    0.000000    1.104437    1.089743    0.934501    1.717632    1.628998    0.001412    0.070688    0.830444    26.485922  
[37m[36mINFO[0m[0m 09/01 13:59:03 | 0.903944    0.917197    0.000000    0.996028    0.009658    0.990220    0.997863    1.000000    0.903944    0.917197    4200        100.598802  0.383606    0.004288    0.000032    0.000374    0.000374    0.008595    2.000000    0.000552    0.000000    3.621286    0.100000    0.000000    0.000000    1.108181    1.093865    0.935092    1.720185    1.632797    0.001629    0.069131    0.900032    28.912757  
[37m[36mINFO[0m[0m 09/01 14:00:55 | 0.896310    0.901911    0.000000    0.994398    0.012375    0.985330    0.997863    1.000000    0.896310    0.901911    4300        102.994012  0.378941    0.003643    0.000021    0.000253    0.000253    0.007177    2.000000    0.000522    0.000000    3.609437    0.100000    0.000000    0.000000    1.111535    1.097365    0.935770    1.724926    1.635338    0.000994    0.067419    0.812402    31.340760  
[37m[36mINFO[0m[0m 09/01 14:02:42 | 0.898537    0.903185    0.000000    0.994398    0.010382    0.985330    0.997863    1.000000    0.898537    0.903185    4400        105.389222  0.377812    0.003747    0.000028    0.000301    0.000301    0.006706    2.000000    0.000503    0.000000    3.606537    0.100000    0.000000    0.000000    1.114290    1.100608    0.935875    1.727952    1.638371    0.001042    0.066290    0.734945    32.749888  
[37m[36mINFO[0m[0m 09/01 14:04:27 | 0.881997    0.890446    0.000000    0.994398    0.015072    0.985330    0.997863    1.000000    0.881997    0.890446    4500        107.784431  0.381067    0.003897    0.000029    0.000362    0.000362    0.008236    2.000000    0.000484    0.000000    3.606990    0.100000    0.000000    0.000000    1.113995    1.100659    0.935696    1.733819    1.643816    0.001202    0.065944    0.756266    29.559094  
[37m[36mINFO[0m[0m 09/01 14:06:16 | 0.882952    0.886624    0.000000    0.995213    0.013794    0.987775    0.997863    1.000000    0.882952    0.886624    4600        110.179641  0.377894    0.003769    0.000035    0.000363    0.000363    0.007068    2.000000    0.000456    0.000000    3.599884    0.100000    0.000000    0.000000    1.118039    1.105402    0.937056    1.736929    1.647583    0.001330    0.063831    0.842488    25.157432  
[37m[36mINFO[0m[0m 09/01 14:08:16 | 0.901399    0.914650    0.000000    0.996028    0.012395    0.990220    0.997863    1.000000    0.901399    0.914650    4700        112.574850  0.373940    0.003600    0.000025    0.000309    0.000309    0.004959    2.000000    0.000468    0.000000    3.604221    0.100000    0.000000    0.000000    1.119550    1.108137    0.937185    1.738957    1.648151    0.001272    0.063008    0.895733    29.822187  
[37m[36mINFO[0m[0m 09/01 14:10:04 | 0.900763    0.912102    0.000000    0.994398    0.011127    0.985330    0.997863    1.000000    0.900763    0.912102    4800        114.970060  0.373042    0.003494    0.000026    0.000321    0.000321    0.004786    2.000000    0.000437    0.000000    3.599753    0.100000    0.000000    0.000000    1.121493    1.109011    0.937107    1.742902    1.652953    0.001297    0.061877    0.765931    31.300278  
[37m[36mINFO[0m[0m 09/01 14:11:46 | 0.887405    0.890446    0.000000    0.994398    0.013559    0.985330    0.997863    1.000000    0.887405    0.890446    4900        117.365269  0.373433    0.003321    0.000027    0.000304    0.000304    0.005963    2.000000    0.000416    0.000000    3.581874    0.100000    0.000000    0.000000    1.125879    1.114336    0.938415    1.751377    1.658368    0.000809    0.060075    0.717781    31.168274  
[37m[36mINFO[0m[0m 09/01 14:13:35 | 0.886450    0.894268    0.000000    0.994398    0.014887    0.985330    0.997863    1.000000    0.886450    0.894268    5000        119.760479  0.371876    0.003358    0.000028    0.000337    0.000337    0.005461    2.000000    0.000396    0.000000    3.575948    0.100000    0.000000    0.000000    1.127520    1.115424    0.939049    1.754067    1.663337    0.000964    0.058599    0.826397    26.018465  
[37m[36mINFO[0m[0m 09/01 14:13:35 | ---
[37m[36mINFO[0m[0m 09/01 14:13:35 | oracle = 90.394%
[37m[36mINFO[0m[0m 09/01 14:13:35 | iid = 89.885%
[37m[36mINFO[0m[0m 09/01 14:13:35 | last = 88.645%
[37m[36mINFO[0m[0m 09/01 14:13:35 | last (inD) = 99.440%
[37m[36mINFO[0m[0m 09/01 14:13:35 | iid (inD) = 99.674%
[37m[36mINFO[0m[0m 09/01 14:13:36 | === Summary ===
[37m[36mINFO[0m[0m 09/01 14:13:36 | Command: train_all.py pacs_stochastic_diverse_prompts --dataset PACS --algorithm CIPTDCCL --data_dir /home/hooasia/lgg/data/repro_dccl_data --deterministic --trial_seed 0 --seed 0 --checkpoint_freq 100 --cipt_clip_path /home/hooasia/.cache/clip/ViT-B-16.pt --cipt_beta 4 --cipt_gamma 5 --cipt_k 4 --cipt_prompt_length 16 --cipt_prompt_init a photo of a --cipt_template_mode b5c --cipt_prompt_temperature 0.1 --cipt_causal_contrastive_weight 0.1 --cipt_contrastive_warmup_steps 500 --cipt_aug_decomp_weight 0.5 --output_root train_output/PACS_stochastic_diverse
[37m[36mINFO[0m[0m 09/01 14:13:36 | Unique name: 260901_09-55-55_pacs_stochastic_diverse_prompts
[37m[36mINFO[0m[0m 09/01 14:13:36 | Out path: train_output/PACS_stochastic_diverse/PACS/260901_09-55-55_pacs_stochastic_diverse_prompts
[37m[36mINFO[0m[0m 09/01 14:13:36 | Algorithm: CIPTDCCL
[37m[36mINFO[0m[0m 09/01 14:13:36 | Dataset: PACS
+------------+---------+---------+---------+---------+---------+
| Selection  |   env0  |   env1  |   env2  |   env3  |   Avg.  |
+------------+---------+---------+---------+---------+---------+
|   oracle   | 97.926% | 99.041% | 99.701% | 90.394% | 96.765% |
|    iid     | 97.315% | 98.667% | 99.626% | 89.885% | 96.374% |
|    last    | 97.315% | 98.401% | 99.626% | 88.645% | 95.997% |
| last (inD) | 98.641% | 98.099% | 97.748% | 99.440% | 98.482% |
| iid (inD)  | 98.655% | 98.567% | 98.205% | 99.674% | 98.775% |
+------------+---------+---------+---------+---------+---------+
