[37m[36mINFO[0m[0m 09/03 20:21:40 | Command :: train_all.py pacs_stochastic_diverse_prompts_aug0 --dataset PACS --algorithm CIPTDCCL --data_dir /home/hooasia/lgg/data/repro_dccl_data --deterministic --trial_seed 0 --seed 0 --checkpoint_freq 100 --cipt_clip_path /home/hooasia/.cache/clip/ViT-B-16.pt --cipt_beta 4 --cipt_gamma 5 --cipt_k 4 --cipt_prompt_length 16 --cipt_prompt_init a photo of a --cipt_template_mode b5c --cipt_prompt_temperature 0.1 --cipt_causal_contrastive_weight 1 --cipt_contrastive_warmup_steps 500 --cipt_aug_decomp_weight 0 --output_root train_output/PACS_stochastic_diverse
Environment:
	Python: 3.10.20
	PyTorch: 2.5.1+cu121
	Torchvision: 0.20.1+cu121
	CUDA: 12.1
	CUDNN: 90100
	NumPy: 2.2.6
	PIL: 12.0.0
Args:
	TN: False
	algorithm: CIPTDCCL
	aug: 0
	checkpoint_freq: 100
	cipt_beta: 4.0
	cipt_clip_backbone: ViT-B/16
	cipt_clip_path: /home/hooasia/.cache/clip/ViT-B-16.pt
	cipt_contrastive_weight: 1.0
	cipt_debug_shapes: False
	cipt_enabled: True
	cipt_gamma: 5.0
	cipt_k: 4
	cipt_prompt_init: a photo of a
	cipt_prompt_length: 16
	cipt_tda_heads: 1
	configs: []
	data_dir: /home/hooasia/lgg/data/repro_dccl_data
	dataset: PACS
	debug: False
	deterministic: True
	domainnet_auto_source_count: 3
	erm_baseline: weak
	evalmode: fast
	holdout_fraction: 0.2
	l: 1
	l_d: None
	l_layer: None
	label_ratio: 1.0
	lamda: 5
	log: False
	mix: 0
	model: resnet50
	model_save: None
	n_layer: 1
	name: pacs_stochastic_diverse_prompts_aug0
	out_dir: train_output/PACS_stochastic_diverse/PACS/260903_20-21-38_pacs_stochastic_diverse_prompts_aug0
	out_root: train_output/PACS_stochastic_diverse/PACS
	output_root: train_output/PACS_stochastic_diverse
	pos_mask: False
	prebuild_loader: False
	re_w: False
	sample_d: False
	seed: 0
	show: False
	source_envs: None
	start_epoch: 1000
	steps: None
	sup: True
	t: 0.1
	t_pre: 0.2
	target_env: None
	tb_freq: 10
	test_envs: None
	trial_seed: 0
	two_ce: False
	unique_name: 260903_20-21-38_pacs_stochastic_diverse_prompts_aug0
	weak_erm: False
	work_dir: .
HParams:
	data_augmentation: True
	val_augment: False
	resnet18: False
	resnet_dropout: 0.0
	class_balanced: False
	optimizer: adam
	cipt_enabled: True
	cipt_clip_backbone: ViT-B/16
	cipt_clip_path: /home/hooasia/.cache/clip/ViT-B-16.pt
	cipt_beta: 4.0
	cipt_gamma: 5.0
	cipt_k: 4
	cipt_prompt_length: 16
	cipt_prompt_init: a photo of a
	[36mcipt_template_mode: b5c
	[0mcipt_tda_heads: 1
	cipt_contrastive_weight: 1.0
	cipt_debug_shapes: False
	freeze_bn: True
	pretrained: True
	lr: 5e-05
	batch_size: 32
	weight_decay: 0.0
	t: 0.1
	t_pre: 0.2
	l: 1
	l_d: 0.01
	l_layer: 1
	n_layer: 1
	sup: True
	two_ce: False
	sample_d: False
	re_w: False
	pos_mask: False
	mix: 0
	aug: 0
	model: resnet50
	label_ratio: 1.0
	TN: False
	lamda: 5
	start_epoch: 1000
	log: False
	swad: None
	swad_kwargs: 
	  n_converge: 3
	  n_tolerance: 6
	  tolerance_ratio: 0.3
	test_batchsize: 128
	indomain_test: False
	cipt_pure: False
	[36mcipt_prompt_temperature: 0.1
	[0m[36mcipt_causal_contrastive_weight: 1
	[0m[36mcipt_contrastive_warmup_steps: 500
	[0m[36mcipt_aug_decomp_weight: 0[0m
Dataset:
	[PACS] #envs=4, #classes=7
	env0: art_painting (#2048)
	env1: cartoon (#2344)
	env2: photo (#1670)
	env3: sketch (#3929)

[37m[36mINFO[0m[0m 09/03 20:23:54 | n_steps = 5001
[37m[36mINFO[0m[0m 09/03 20:23:54 | checkpoint_freq = 100
[37m[36mINFO[0m[0m 09/03 20:23:54 | n_steps is updated to 5001 => 5001 for checkpointing
[37m[36mINFO[0m[0m 09/03 20:23:54 | Target test envs = [[0], [1], [2], [3]]
[37m[36mINFO[0m[0m 09/03 20:23:54 | 
[37m[36mINFO[0m[0m 09/03 20:23:58 | Testenv name escaping te_art_painting -> te_art_painting
[37m[36mINFO[0m[0m 09/03 20:23:58 | Test envs = [0], name = te_art_painting
[37m[36mINFO[0m[0m 09/03 20:23:58 | Batch sizes for each domain: [0, 32, 32, 32] (total=96)
[37m[36mINFO[0m[0m 09/03 20:23:58 | steps-per-epoch for each domain: 58.62, 41.75, 98.25 -> min = 41.75
[37m[36mINFO[0m[0m 09/03 20:24:45 | # of params = 151206401
[37m[36mINFO[0m[0m 09/03 20:25:12 | test_in     test_out    train_in    train_out   tr_outloss  env0_in     env0_out    env1_out    env2_out    env3_out    step        epoch       total_loss  cipt_base_  cipt_cls_l  cipt_de_lo  cipt_de_or  cipt_de_au  aug_decomp  cipt_ind_l  causal_con  dccl_contr  contrastiv  pre_cl_los  reg_loss    mean_e_nor  mean_e_aug  mean_e_aug  mean_s_nor  mean_s_aug  mean_es_co  mean_e_aug  step_time   eval_time  
[37m[36mINFO[0m[0m 09/03 20:25:12 | 0.769372    0.792176    0.000000    0.929458    0.747918    0.769372    0.792176    0.908120    1.000000    0.880255    0           0.000000    8.772923    8.763489    0.785909    1.369395    1.369395    1.372189    0.000000    0.500000    0.000000    4.717150    0.002000    0.000000    0.000000    1.000000    1.000000    0.943299    1.000000    1.000000    1.000000    1.000000    1.852511    25.400257  
[37m[36mINFO[0m[0m 09/03 20:27:02 | 0.976205    0.975550    0.000000    0.976207    0.080558    0.976205    0.975550    0.993590    1.000000    0.935032    100         2.395210    4.740170    4.281037    0.244495    0.450457    0.450457    0.470180    0.000000    0.446943    0.000000    4.509836    0.103000    0.000000    0.000000    0.973522    0.975546    0.934577    1.043153    1.040016    0.944010    0.946847    0.843018    25.437249  
[37m[36mINFO[0m[0m 09/03 20:29:00 | 0.978646    0.980440    0.000000    0.980316    0.066630    0.978646    0.980440    0.995726    1.000000    0.945223    200         4.790419    2.813723    1.508299    0.067610    0.104913    0.104913    0.124903    0.000000    0.204207    0.000000    4.315315    0.303000    0.000000    0.000000    0.977798    0.979154    0.935436    1.181496    1.168634    0.608603    0.630693    0.903696    28.432896  
[37m[36mINFO[0m[0m 09/03 20:31:29 | 0.975595    0.980440    0.000000    0.979467    0.065301    0.975595    0.980440    0.995726    1.000000    0.942675    300         7.185629    2.730155    0.606364    0.057756    0.074429    0.074429    0.091608    0.000000    0.050179    0.000000    4.225910    0.503000    0.000000    0.000000    1.050399    1.042785    0.943304    1.323185    1.298419    0.247827    0.294681    1.167684    31.759923  
[37m[36mINFO[0m[0m 09/03 20:33:45 | 0.976205    0.982885    0.000000    0.981029    0.065558    0.976205    0.982885    0.997863    1.000000    0.945223    400         9.580838    3.269725    0.387867    0.049571    0.059445    0.059445    0.077280    0.000000    0.020103    0.000000    4.102332    0.703000    0.000000    0.000000    1.073243    1.058106    0.945981    1.404924    1.370290    0.120089    0.183448    1.023384    33.112523  
[37m[36mINFO[0m[0m 09/03 20:36:01 | 0.975595    0.977995    0.000000    0.982727    0.057947    0.975595    0.977995    0.997863    1.000000    0.950318    500         11.976048   3.955578    0.364196    0.060453    0.061066    0.061066    0.078120    0.000000    0.011896    0.000000    3.979356    0.902980    0.000000    0.000000    1.065864    1.046913    0.945560    1.455571    1.415411    0.084415    0.155097    1.039631    32.329671  
[37m[36mINFO[0m[0m 09/03 20:38:20 | 0.978646    0.980440    0.000000    0.981453    0.060731    0.978646    0.980440    0.997863    1.000000    0.946497    600         14.371257   4.138851    0.271631    0.044692    0.047237    0.047237    0.067322    0.000000    0.007598    0.000000    3.867220    1.000000    0.000000    0.000000    1.055954    1.035373    0.945699    1.500131    1.454672    0.063787    0.138060    1.068802    31.586413  
[37m[36mINFO[0m[0m 09/03 20:40:44 | 0.980476    0.980440    0.000000    0.984138    0.056767    0.980476    0.980440    0.995726    1.000000    0.956688    700         16.766467   4.081685    0.281070    0.049285    0.051321    0.051321    0.066726    0.000000    0.005300    0.000000    3.800616    1.000000    0.000000    0.000000    1.053301    1.032118    0.946626    1.535019    1.486192    0.047671    0.122085    1.129117    31.371917  
[37m[36mINFO[0m[0m 09/03 20:43:09 | 0.979256    0.985330    0.000000    0.981878    0.063125    0.979256    0.985330    0.997863    1.000000    0.947771    800         19.161677   4.028274    0.266912    0.048342    0.049540    0.049540    0.064100    0.000000    0.004082    0.000000    3.761362    1.000000    0.000000    0.000000    1.053156    1.031958    0.945668    1.562945    1.511371    0.034259    0.108107    1.120635    32.995522  
[37m[36mINFO[0m[0m 09/03 20:45:30 | 0.979866    0.982885    0.000000    0.981878    0.062813    0.979866    0.982885    0.997863    1.000000    0.947771    900         21.556886   3.946013    0.233814    0.042806    0.043786    0.043786    0.060308    0.000000    0.003173    0.000000    3.712199    1.000000    0.000000    0.000000    1.056984    1.035997    0.947183    1.586106    1.532562    0.023778    0.095894    1.088281    31.974872  
[37m[36mINFO[0m[0m 09/03 20:47:45 | 0.977425    0.982885    0.000000    0.983152    0.054997    0.977425    0.982885    0.997863    1.000000    0.951592    1000        23.952096   3.937706    0.233724    0.044006    0.043957    0.043957    0.060329    0.000000    0.002778    0.000000    3.703982    1.000000    0.000000    0.000000    1.060815    1.040264    0.947671    1.603026    1.546865    0.016700    0.088412    1.044716    31.237700  
[37m[36mINFO[0m[0m 09/03 20:50:02 | 0.977425    0.982885    0.000000    0.981878    0.057485    0.977425    0.982885    0.997863    1.000000    0.947771    1100        26.347305   3.904791    0.219793    0.041143    0.041591    0.041591    0.055778    0.000000    0.002458    0.000000    3.684998    1.000000    0.000000    0.000000    1.065068    1.045989    0.948175    1.618933    1.562683    0.012052    0.080187    1.054434    31.214958  
[37m[36mINFO[0m[0m 09/03 20:52:20 | 0.978646    0.982885    0.000000    0.983576    0.055071    0.978646    0.982885    0.997863    1.000000    0.952866    1200        28.742515   3.895187    0.228644    0.042471    0.043766    0.043766    0.058232    0.000000    0.002222    0.000000    3.666543    1.000000    0.000000    0.000000    1.073755    1.055105    0.949755    1.630965    1.572767    0.008568    0.075224    1.074622    30.620751  
[37m[36mINFO[0m[0m 09/03 20:54:44 | 0.981086    0.985330    0.000000    0.984001    0.055213    0.981086    0.985330    0.997863    1.000000    0.954140    1300        31.137725   3.856958    0.202975    0.038031    0.038784    0.038784    0.053727    0.000000    0.001962    0.000000    3.653983    1.000000    0.000000    0.000000    1.077673    1.060871    0.950801    1.643936    1.584964    0.005717    0.070260    1.163870    27.481218  
[37m[36mINFO[0m[0m 09/03 20:57:06 | 0.977425    0.982885    0.000000    0.984001    0.052069    0.977425    0.982885    0.997863    1.000000    0.954140    1400        33.532934   3.817663    0.184519    0.034546    0.035307    0.035307    0.053231    0.000000    0.001749    0.000000    3.633144    1.000000    0.000000    0.000000    1.081906    1.065752    0.951490    1.653261    1.593689    0.004485    0.067086    1.113385    30.213444  
[37m[36mINFO[0m[0m 09/03 20:59:22 | 0.978035    0.980440    0.000000    0.985275    0.050812    0.978035    0.980440    0.997863    1.000000    0.957962    1500        35.928144   3.784939    0.165977    0.031434    0.031620    0.031620    0.048025    0.000000    0.001612    0.000000    3.618962    1.000000    0.000000    0.000000    1.086644    1.071800    0.952321    1.662908    1.602645    0.003635    0.064324    1.055511    30.663773  
[37m[36mINFO[0m[0m 09/03 21:01:38 | 0.978646    0.980440    0.000000    0.983576    0.048905    0.978646    0.980440    0.997863    1.000000    0.952866    1600        38.323353   3.799311    0.184138    0.035552    0.035285    0.035285    0.048883    0.000000    0.001489    0.000000    3.615173    1.000000    0.000000    0.000000    1.093497    1.078700    0.952525    1.671672    1.610930    0.002406    0.061251    1.037909    32.364976  
[37m[36mINFO[0m[0m 09/03 21:03:55 | 0.978035    0.980440    0.000000    0.982727    0.051799    0.978035    0.980440    0.997863    1.000000    0.950318    1700        40.718563   3.813226    0.200388    0.038722    0.038656    0.038656    0.053989    0.000000    0.001408    0.000000    3.612838    1.000000    0.000000    0.000000    1.101110    1.086133    0.953645    1.678221    1.615530    0.000822    0.059226    1.056923    30.645368  
[37m[36mINFO[0m[0m 09/03 21:06:13 | 0.979866    0.985330    0.000000    0.985275    0.052093    0.979866    0.985330    0.997863    1.000000    0.957962    1800        43.113772   3.778770    0.172632    0.033343    0.033158    0.033158    0.051847    0.000000    0.001331    0.000000    3.606139    1.000000    0.000000    0.000000    1.104938    1.091442    0.954161    1.685351    1.622222    0.001522    0.058303    1.106316    27.457537  
[37m[36mINFO[0m[0m 09/03 21:08:37 | 0.978035    0.982885    0.000000    0.984138    0.051950    0.978035    0.982885    0.995726    1.000000    0.956688    1900        45.508982   3.741737    0.156277    0.030268    0.029936    0.029936    0.048013    0.000000    0.001253    0.000000    3.585460    1.000000    0.000000    0.000000    1.112148    1.098842    0.955391    1.692659    1.628780    0.000508    0.056213    1.147537    29.288959  
[37m[36mINFO[0m[0m 09/03 21:11:00 | 0.978035    0.982885    0.000000    0.984850    0.049546    0.978035    0.982885    0.997863    1.000000    0.956688    2000        47.904192   3.731974    0.150986    0.029252    0.028968    0.028968    0.045265    0.000000    0.001172    0.000000    3.580988    1.000000    0.000000    0.000000    1.117312    1.105409    0.955877    1.695234    1.632211    0.000677    0.054150    1.121361    30.642781  
[37m[36mINFO[0m[0m 09/03 21:13:15 | 0.979866    0.980440    0.000000    0.982727    0.052858    0.979866    0.980440    0.997863    1.000000    0.950318    2100        50.299401   3.734369    0.156171    0.030502    0.030049    0.030049    0.047623    0.000000    0.001095    0.000000    3.578198    1.000000    0.000000    0.000000    1.122205    1.110542    0.956580    1.702990    1.638271    0.000111    0.052909    1.047412    30.775729  
[37m[36mINFO[0m[0m 09/03 21:15:31 | 0.977425    0.982885    0.000000    0.986124    0.045879    0.977425    0.982885    0.997863    1.000000    0.960510    2200        52.694611   3.707976    0.138352    0.027030    0.026537    0.026537    0.044789    0.000000    0.001035    0.000000    3.569624    1.000000    0.000000    0.000000    1.128616    1.117562    0.956686    1.706828    1.642941    0.000765    0.052093    1.047712    30.627118  
[37m[36mINFO[0m[0m 09/03 21:17:48 | 0.977425    0.982885    0.000000    0.983576    0.048272    0.977425    0.982885    0.997863    1.000000    0.952866    2300        55.089820   3.712596    0.139783    0.026855    0.027017    0.027017    0.041397    0.000000    0.000972    0.000000    3.572812    1.000000    0.000000    0.000000    1.129980    1.119629    0.957005    1.715985    1.650483    0.000736    0.051566    1.078714    29.176605  
[37m[36mINFO[0m[0m 09/03 21:20:10 | 0.973764    0.980440    0.000000    0.984426    0.048759    0.973764    0.980440    0.997863    1.000000    0.955414    2400        57.485030   3.695044    0.133607    0.027057    0.025476    0.025476    0.044662    0.000000    0.000929    0.000000    3.561436    1.000000    0.000000    0.000000    1.133370    1.123083    0.957259    1.719989    1.654277    0.000498    0.049992    1.141725    27.715966  
[37m[36mINFO[0m[0m 09/03 21:22:36 | 0.976815    0.980440    0.000000    0.983576    0.048571    0.976815    0.980440    0.997863    1.000000    0.952866    2500        59.880240   3.698668    0.138598    0.027656    0.026646    0.026646    0.049840    0.000000    0.000872    0.000000    3.560070    1.000000    0.000000    0.000000    1.139928    1.129300    0.957810    1.724759    1.657137    -0.000657   0.049148    1.165560    30.327100  
[37m[36mINFO[0m[0m 09/03 21:24:55 | 0.975595    0.975550    0.000000    0.984426    0.048542    0.975595    0.975550    0.997863    1.000000    0.955414    2600        62.275449   3.655363    0.110425    0.021709    0.021169    0.021169    0.041354    0.000000    0.000808    0.000000    3.544938    1.000000    0.000000    0.000000    1.144316    1.135122    0.958354    1.730691    1.663270    -0.000225   0.048163    1.085869    30.059114  
[37m[36mINFO[0m[0m 09/03 21:27:09 | 0.976205    0.980440    0.000000    0.986549    0.045661    0.976205    0.980440    0.997863    1.000000    0.961783    2700        64.670659   3.696271    0.139093    0.027577    0.026913    0.026913    0.049887    0.000000    0.000773    0.000000    3.557179    1.000000    0.000000    0.000000    1.148947    1.139091    0.958955    1.734942    1.667723    0.000241    0.047000    1.032372    30.394430  
[37m[36mINFO[0m[0m 09/03 21:29:23 | 0.974985    0.982885    0.000000    0.982303    0.056057    0.974985    0.982885    0.997863    1.000000    0.949045    2800        67.065868   3.691725    0.130978    0.026121    0.025258    0.025258    0.048330    0.000000    0.000765    0.000000    3.560747    1.000000    0.000000    0.000000    1.152785    1.142523    0.958834    1.738656    1.672141    -0.000271   0.045593    1.038240    30.178055  
[37m[36mINFO[0m[0m 09/03 21:31:40 | 0.973154    0.980440    0.000000    0.984426    0.049532    0.973154    0.980440    0.997863    1.000000    0.955414    2900        69.461078   3.674854    0.128658    0.025897    0.024799    0.024799    0.045692    0.000000    0.000713    0.000000    3.546196    1.000000    0.000000    0.000000    1.159953    1.150589    0.959867    1.745887    1.678196    -0.000549   0.044732    1.080894    29.066286  
[37m[36mINFO[0m[0m 09/03 21:34:03 | 0.973154    0.975550    0.000000    0.985275    0.041596    0.973154    0.975550    0.997863    1.000000    0.957962    3000        71.856287   3.681120    0.130500    0.025638    0.025346    0.025346    0.047604    0.000000    0.000695    0.000000    3.550620    1.000000    0.000000    0.000000    1.163401    1.154917    0.959770    1.747686    1.679706    -0.000072   0.044596    1.162788    26.644628  
[37m[36mINFO[0m[0m 09/03 21:36:00 | 0.978646    0.980440    0.000000    0.984426    0.050805    0.978646    0.980440    0.997863    1.000000    0.955414    3100        74.251497   3.654700    0.107679    0.021666    0.020713    0.020713    0.046795    0.000000    0.000632    0.000000    3.547021    1.000000    0.000000    0.000000    1.167616    1.158964    0.960585    1.752216    1.683608    -0.000646   0.043754    0.946801    22.342574  
[37m[36mINFO[0m[0m 09/03 21:37:54 | 0.974985    0.975550    0.000000    0.984850    0.045007    0.974985    0.975550    0.997863    1.000000    0.956688    3200        76.646707   3.650359    0.110398    0.021883    0.021364    0.021364    0.044178    0.000000    0.000612    0.000000    3.539961    1.000000    0.000000    0.000000    1.169775    1.161138    0.960774    1.756743    1.687104    -0.000405   0.043855    0.895967    24.284013  
[37m[36mINFO[0m[0m 09/03 21:40:14 | 0.972544    0.975550    0.000000    0.987261    0.041711    0.972544    0.975550    1.000000    1.000000    0.961783    3300        79.041916   3.670901    0.123766    0.024874    0.023971    0.023971    0.047881    0.000000    0.000602    0.000000    3.547134    1.000000    0.000000    0.000000    1.173680    1.166503    0.960995    1.761727    1.692309    0.000645    0.043512    1.103437    29.667369  
[37m[36mINFO[0m[0m 09/03 21:42:04 | 0.974375    0.977995    0.000000    0.985700    0.048378    0.974375    0.977995    0.997863    1.000000    0.959236    3400        81.437126   3.635932    0.103196    0.020481    0.019961    0.019961    0.044494    0.000000    0.000574    0.000000    3.532736    1.000000    0.000000    0.000000    1.179998    1.171371    0.961580    1.768181    1.696971    -0.000281   0.042557    0.830459    26.435898  
[37m[36mINFO[0m[0m 09/03 21:43:52 | 0.975595    0.975550    0.000000    0.986124    0.045618    0.975595    0.975550    0.997863    1.000000    0.960510    3500        83.832335   3.629330    0.093077    0.018767    0.017894    0.017894    0.039983    0.000000    0.000547    0.000000    3.536253    1.000000    0.000000    0.000000    1.180560    1.172891    0.961531    1.773231    1.703847    0.000052    0.041494    0.748457    33.028132  
[37m[36mINFO[0m[0m 09/03 21:45:33 | 0.977425    0.980440    0.000000    0.985275    0.049069    0.977425    0.980440    0.997863    1.000000    0.957962    3600        86.227545   3.639572    0.103742    0.020712    0.020099    0.020099    0.045872    0.000000    0.000527    0.000000    3.535830    1.000000    0.000000    0.000000    1.187295    1.179899    0.962497    1.774749    1.705434    -0.000042   0.040520    0.762722    24.770979  
[37m[36mINFO[0m[0m 09/03 21:47:26 | 0.978646    0.980440    0.000000    0.983576    0.058857    0.978646    0.980440    0.997863    1.000000    0.952866    3700        88.622754   3.637706    0.103379    0.020431    0.020081    0.020081    0.042628    0.000000    0.000525    0.000000    3.534327    1.000000    0.000000    0.000000    1.190293    1.182361    0.962361    1.781352    1.710868    -0.000399   0.039789    0.902077    22.986389  
[37m[36mINFO[0m[0m 09/03 21:49:35 | 0.978646    0.982885    0.000000    0.985275    0.052265    0.978646    0.982885    0.997863    1.000000    0.957962    3800        91.017964   3.636953    0.104076    0.021420    0.020050    0.020050    0.045850    0.000000    0.000491    0.000000    3.532877    1.000000    0.000000    0.000000    1.189659    1.183587    0.962775    1.785026    1.714482    -0.000374   0.039481    0.976508    31.439585  
[37m[36mINFO[0m[0m 09/03 21:51:43 | 0.976815    0.977995    0.000000    0.984426    0.048239    0.976815    0.977995    0.997863    1.000000    0.955414    3900        93.413174   3.622304    0.091107    0.018317    0.017589    0.017589    0.044980    0.000000    0.000487    0.000000    3.531197    1.000000    0.000000    0.000000    1.190994    1.184183    0.962721    1.787163    1.715805    0.000029    0.039754    0.978693    29.740992  
[37m[36mINFO[0m[0m 09/03 21:53:50 | 0.972544    0.975550    0.000000    0.984713    0.055374    0.972544    0.975550    1.000000    1.000000    0.954140    4000        95.808383   3.610920    0.091552    0.018200    0.017771    0.017771    0.039658    0.000000    0.000454    0.000000    3.519368    1.000000    0.000000    0.000000    1.199936    1.192439    0.963171    1.792762    1.720657    -0.000040   0.039035    0.971756    30.225739  
[37m[36mINFO[0m[0m 09/03 21:55:57 | 0.969494    0.975550    0.000000    0.987686    0.044647    0.969494    0.975550    1.000000    1.000000    0.963057    4100        98.203593   3.622868    0.099870    0.020732    0.019259    0.019259    0.045497    0.000000    0.000420    0.000000    3.522999    1.000000    0.000000    0.000000    1.201055    1.193908    0.963124    1.797762    1.725597    -0.000092   0.038559    0.971409    29.585903  
[37m[36mINFO[0m[0m 09/03 21:58:10 | 0.977425    0.982885    0.000000    0.983289    0.055056    0.977425    0.982885    0.995726    1.000000    0.954140    4200        100.598802  3.619892    0.097610    0.020130    0.018851    0.018851    0.039471    0.000000    0.000415    0.000000    3.522283    1.000000    0.000000    0.000000    1.201201    1.194637    0.963901    1.798872    1.726880    0.000110    0.038461    1.049096    28.209117  
[37m[36mINFO[0m[0m 09/03 22:00:25 | 0.978035    0.980440    0.000000    0.983576    0.050675    0.978035    0.980440    0.997863    1.000000    0.952866    4300        102.994012  3.608154    0.090069    0.018178    0.017461    0.017461    0.041826    0.000000    0.000409    0.000000    3.518085    1.000000    0.000000    0.000000    1.203030    1.197653    0.963888    1.803182    1.729600    0.000505    0.039137    1.066806    28.336638  
[37m[36mINFO[0m[0m 09/03 22:02:32 | 0.975595    0.980440    0.000000    0.983289    0.051686    0.975595    0.980440    0.995726    1.000000    0.954140    4400        105.389222  3.581000    0.071639    0.014481    0.013796    0.013796    0.039149    0.000000    0.000395    0.000000    3.509361    1.000000    0.000000    0.000000    1.206670    1.200972    0.964024    1.808858    1.734945    -0.000128   0.037533    0.977703    29.156051  
[37m[36mINFO[0m[0m 09/03 22:04:39 | 0.974375    0.982885    0.000000    0.984001    0.052685    0.974375    0.982885    0.997863    1.000000    0.954140    4500        107.784431  3.594276    0.076328    0.015155    0.014806    0.014806    0.047374    0.000000    0.000390    0.000000    3.517948    1.000000    0.000000    0.000000    1.206972    1.200130    0.963632    1.810107    1.735990    0.000002    0.037580    0.972941    29.403954  
[37m[36mINFO[0m[0m 09/03 22:06:47 | 0.975595    0.982885    0.000000    0.985700    0.049051    0.975595    0.982885    0.997863    1.000000    0.959236    4600        110.179641  3.591169    0.078257    0.015370    0.015254    0.015254    0.044326    0.000000    0.000375    0.000000    3.512912    1.000000    0.000000    0.000000    1.211578    1.204950    0.964037    1.817427    1.742543    -0.000510   0.036798    0.991410    28.928791  
[37m[36mINFO[0m[0m 09/03 22:09:00 | 0.973154    0.980440    0.000000    0.986837    0.046780    0.973154    0.980440    1.000000    1.000000    0.960510    4700        112.574850  3.599455    0.087204    0.018022    0.016835    0.016835    0.042425    0.000000    0.000368    0.000000    3.512251    1.000000    0.000000    0.000000    1.213289    1.205522    0.964357    1.821541    1.746893    -0.000129   0.036522    1.038488    28.668674  
[37m[36mINFO[0m[0m 09/03 22:11:17 | 0.974985    0.982885    0.000000    0.982440    0.060466    0.974985    0.982885    0.995726    1.000000    0.951592    4800        114.970060  3.585721    0.077739    0.015615    0.015088    0.015088    0.044079    0.000000    0.000354    0.000000    3.507982    1.000000    0.000000    0.000000    1.219552    1.212995    0.965143    1.824311    1.749231    0.000033    0.036468    1.091414    28.177066  
[37m[36mINFO[0m[0m 09/03 22:13:26 | 0.975595    0.982885    0.000000    0.982715    0.059996    0.975595    0.982885    0.995726    0.997006    0.955414    4900        117.365269  3.602681    0.082006    0.016879    0.015853    0.015853    0.049115    0.000000    0.000343    0.000000    3.520676    1.000000    0.000000    0.000000    1.218628    1.211718    0.964804    1.829170    1.751612    -0.000179   0.036992    0.996825    29.311139  
[37m[36mINFO[0m[0m 09/03 22:15:31 | 0.974375    0.982885    0.000000    0.985700    0.055052    0.974375    0.982885    0.997863    1.000000    0.959236    5000        119.760479  3.578266    0.071314    0.014370    0.013838    0.013838    0.046115    0.000000    0.000318    0.000000    3.506952    1.000000    0.000000    0.000000    1.225935    1.219052    0.965220    1.832043    1.757637    -0.000051   0.035059    0.958478    29.373565  
[37m[36mINFO[0m[0m 09/03 22:15:31 | ---
[37m[36mINFO[0m[0m 09/03 22:15:31 | oracle = 97.926%
[37m[36mINFO[0m[0m 09/03 22:15:31 | iid = 96.949%
[37m[36mINFO[0m[0m 09/03 22:15:31 | last = 97.437%
[37m[36mINFO[0m[0m 09/03 22:15:31 | last (inD) = 98.570%
[37m[36mINFO[0m[0m 09/03 22:15:31 | iid (inD) = 98.769%
[37m[36mINFO[0m[0m 09/03 22:15:32 | 
[37m[36mINFO[0m[0m 09/03 22:15:37 | Testenv name escaping te_cartoon -> te_cartoon
[37m[36mINFO[0m[0m 09/03 22:15:37 | Test envs = [1], name = te_cartoon
[37m[36mINFO[0m[0m 09/03 22:15:37 | Batch sizes for each domain: [32, 0, 32, 32] (total=96)
[37m[36mINFO[0m[0m 09/03 22:15:37 | steps-per-epoch for each domain: 51.22, 41.75, 98.25 -> min = 41.75
[37m[36mINFO[0m[0m 09/03 22:16:08 | # of params = 151206401
[37m[36mINFO[0m[0m 09/03 22:16:41 | test_in     test_out    train_in    train_out   tr_outloss  env0_out    env1_in     env1_out    env2_out    env3_out    step        epoch       total_loss  cipt_base_  cipt_cls_l  cipt_de_lo  cipt_de_or  cipt_de_au  aug_decomp  cipt_ind_l  causal_con  dccl_contr  contrastiv  pre_cl_los  reg_loss    mean_e_nor  mean_e_aug  mean_e_aug  mean_s_nor  mean_s_aug  mean_es_co  mean_e_aug  step_time   eval_time  
[37m[36mINFO[0m[0m 09/03 22:16:41 | 0.964819    0.957265    0.000000    0.929540    0.550504    0.907090    0.964819    0.957265    1.000000    0.881529    0           0.000000    11.128589   11.118642   0.670075    1.987142    1.987142    1.963012    0.000000    0.500000    0.000000    4.973635    0.002000    0.000000    0.000000    1.000000    1.000000    0.930133    1.000000    1.000000    1.000000    1.000000    1.081476    32.650856  
[37m[36mINFO[0m[0m 09/03 22:18:56 | 0.983475    0.989316    0.000000    0.972673    0.101603    0.980440    0.983475    0.989316    1.000000    0.937580    100         2.395210    5.147705    4.670097    0.300519    0.503454    0.503454    0.557801    0.000000    0.471152    0.000000    4.678270    0.103000    0.000000    0.000000    0.975119    0.978412    0.923107    1.029137    1.024525    0.970381    0.972239    1.031362    31.160361  
[37m[36mINFO[0m[0m 09/03 22:21:05 | 0.989339    0.991453    0.000000    0.971824    0.077034    0.980440    0.989339    0.991453    1.000000    0.935032    200         4.790419    3.539179    2.183185    0.085122    0.128614    0.128614    0.190586    0.000000    0.316722    0.000000    4.486117    0.303000    0.000000    0.000000    0.948726    0.957666    0.921765    1.124236    1.107484    0.786239    0.802103    0.977419    31.283638  
[37m[36mINFO[0m[0m 09/03 22:23:14 | 0.992537    0.993590    0.000000    0.975187    0.069927    0.982885    0.992537    0.993590    1.000000    0.942675    300         7.185629    3.119891    0.933823    0.071600    0.091921    0.091921    0.139286    0.000000    0.098908    0.000000    4.349835    0.503000    0.000000    0.000000    0.996666    1.001763    0.929410    1.268520    1.231798    0.404131    0.457218    0.979823    31.264515  
[37m[36mINFO[0m[0m 09/03 22:25:24 | 0.988273    0.995726    0.000000    0.979330    0.068666    0.990220    0.988273    0.995726    1.000000    0.947771    400         9.580838    3.476395    0.502708    0.059872    0.072793    0.072793    0.112652    0.000000    0.030333    0.000000    4.233130    0.703000    0.000000    0.000000    1.041335    1.036502    0.936006    1.370846    1.319532    0.183003    0.260698    0.997926    30.063633  
[37m[36mINFO[0m[0m 09/03 22:27:46 | 0.989339    0.995726    0.000000    0.978940    0.063691    0.987775    0.989339    0.995726    1.000000    0.949045    500         11.976048   4.068746    0.366440    0.051513    0.060572    0.060572    0.090672    0.000000    0.014528    0.000000    4.102563    0.902980    0.000000    0.000000    1.046653    1.035164    0.936969    1.432879    1.370376    0.102972    0.194181    1.107371    30.916494  
[37m[36mINFO[0m[0m 09/03 22:30:03 | 0.988806    0.995726    0.000000    0.978906    0.067131    0.990220    0.988806    0.995726    1.000000    0.946497    600         14.371257   4.295343    0.317427    0.049314    0.055100    0.055100    0.081489    0.000000    0.009543    0.000000    3.977916    1.000000    0.000000    0.000000    1.037671    1.022698    0.936773    1.475448    1.406130    0.074170    0.169333    1.029162    34.357118  
[37m[36mINFO[0m[0m 09/03 22:32:12 | 0.988806    0.995726    0.000000    0.977666    0.062035    0.987775    0.988806    0.995726    1.000000    0.945223    700         16.766467   4.211418    0.317625    0.053592    0.057722    0.057722    0.086648    0.000000    0.006629    0.000000    3.893793    1.000000    0.000000    0.000000    1.031343    1.014720    0.936317    1.509127    1.434501    0.055050    0.152383    0.996598    28.975381  
[37m[36mINFO[0m[0m 09/03 22:34:20 | 0.989872    0.995726    0.000000    0.978940    0.057843    0.987775    0.989872    0.995726    1.000000    0.949045    800         19.161677   4.103118    0.273405    0.046844    0.050492    0.050492    0.082766    0.000000    0.004918    0.000000    3.829713    1.000000    0.000000    0.000000    1.029841    1.012786    0.936600    1.536947    1.457351    0.040360    0.138267    0.980315    30.191166  
[37m[36mINFO[0m[0m 09/03 22:36:31 | 0.989872    0.995726    0.000000    0.980638    0.057714    0.987775    0.989872    0.995726    1.000000    0.954140    900         21.556886   4.038203    0.245658    0.043276    0.045726    0.045726    0.074218    0.000000    0.003895    0.000000    3.792545    1.000000    0.000000    0.000000    1.031528    1.014262    0.937956    1.559004    1.477179    0.030051    0.125344    0.981776    33.337186  
[37m[36mINFO[0m[0m 09/03 22:38:47 | 0.989339    0.995726    0.000000    0.981809    0.061088    0.995110    0.989339    0.995726    1.000000    0.950318    1000        23.952096   3.987809    0.228991    0.041327    0.042739    0.042739    0.068662    0.000000    0.003342    0.000000    3.758818    1.000000    0.000000    0.000000    1.031124    1.014383    0.938448    1.579534    1.495820    0.022515    0.115045    1.088594    26.911852  
[37m[36mINFO[0m[0m 09/03 22:41:02 | 0.989872    0.995726    0.000000    0.980995    0.057616    0.992665    0.989872    0.995726    1.000000    0.950318    1100        26.347305   3.967323    0.226419    0.040661    0.042818    0.042818    0.068115    0.000000    0.002897    0.000000    3.740904    1.000000    0.000000    0.000000    1.034209    1.018102    0.939326    1.594959    1.510092    0.016287    0.105846    1.063997    27.996602  
[37m[36mINFO[0m[0m 09/03 22:43:14 | 0.988273    0.995726    0.000000    0.980995    0.058893    0.992665    0.988273    0.995726    1.000000    0.950318    1200        28.742515   3.947056    0.233113    0.043178    0.044274    0.044274    0.069307    0.000000    0.002568    0.000000    3.713944    1.000000    0.000000    0.000000    1.040224    1.024845    0.940441    1.609246    1.521798    0.011045    0.098394    1.020009    30.340751  
[37m[36mINFO[0m[0m 09/03 22:45:25 | 0.988806    0.991453    0.000000    0.981029    0.061484    0.990220    0.988806    0.991453    1.000000    0.952866    1300        31.137725   3.914644    0.207595    0.038546    0.039276    0.039276    0.064021    0.000000    0.002389    0.000000    3.707050    1.000000    0.000000    0.000000    1.043194    1.028747    0.941681    1.620647    1.531293    0.009083    0.094157    0.976649    32.826777  
[37m[36mINFO[0m[0m 09/03 22:47:25 | 0.988273    0.995726    0.000000    0.981029    0.052552    0.990220    0.988273    0.995726    1.000000    0.952866    1400        33.532934   3.893329    0.205339    0.037864    0.039242    0.039242    0.064494    0.000000    0.002102    0.000000    3.687989    1.000000    0.000000    0.000000    1.049664    1.035952    0.942133    1.632099    1.541797    0.005864    0.088013    0.961118    24.259946  
[37m[36mINFO[0m[0m 09/03 22:49:14 | 0.987740    0.995726    0.000000    0.981063    0.057038    0.987775    0.987740    0.995726    1.000000    0.955414    1500        35.928144   3.845945    0.182302    0.033682    0.034707    0.034707    0.061576    0.000000    0.001958    0.000000    3.663644    1.000000    0.000000    0.000000    1.057333    1.044250    0.942904    1.638976    1.547955    0.005017    0.084903    0.817248    27.289527  
[37m[36mINFO[0m[0m 09/03 22:51:25 | 0.988273    0.995726    0.000000    0.982693    0.054751    0.992665    0.988273    0.995726    1.000000    0.955414    1600        38.323353   3.845806    0.180853    0.033802    0.034483    0.034483    0.058864    0.000000    0.001823    0.000000    3.664953    1.000000    0.000000    0.000000    1.057794    1.045215    0.943952    1.650151    1.558634    0.004187    0.081471    0.953867    35.280190  
[37m[36mINFO[0m[0m 09/03 22:53:27 | 0.988806    0.995726    0.000000    0.981063    0.052771    0.987775    0.988806    0.995726    1.000000    0.955414    1700        40.718563   3.820952    0.176081    0.032235    0.033882    0.033882    0.054948    0.000000    0.001664    0.000000    3.644871    1.000000    0.000000    0.000000    1.063857    1.052020    0.944890    1.659204    1.564686    0.002758    0.079115    0.920957    30.089860  
[37m[36mINFO[0m[0m 09/03 22:55:38 | 0.987207    0.993590    0.000000    0.982693    0.053302    0.992665    0.987207    0.993590    1.000000    0.955414    1800        43.113772   3.838758    0.189902    0.036189    0.036495    0.036495    0.062410    0.000000    0.001547    0.000000    3.648856    1.000000    0.000000    0.000000    1.069202    1.057226    0.945628    1.665014    1.571958    0.002134    0.075122    1.043785    26.983823  
[37m[36mINFO[0m[0m 09/03 22:57:46 | 0.986674    0.993590    0.000000    0.979789    0.050108    0.987775    0.986674    0.993590    1.000000    0.951592    1900        45.508982   3.809218    0.175432    0.034605    0.033376    0.033376    0.062535    0.000000    0.001465    0.000000    3.633786    1.000000    0.000000    0.000000    1.077308    1.065821    0.946874    1.672475    1.577715    0.001131    0.072580    0.986845    29.300723  
[37m[36mINFO[0m[0m 09/03 22:59:48 | 0.989872    0.995726    0.000000    0.983611    0.049079    0.987775    0.989872    0.995726    1.000000    0.963057    2000        47.904192   3.810648    0.185577    0.035616    0.035839    0.035839    0.057937    0.000000    0.001321    0.000000    3.625071    1.000000    0.000000    0.000000    1.083489    1.074033    0.947401    1.676955    1.583050    0.001671    0.070903    0.910324    30.644439  
[37m[36mINFO[0m[0m 09/03 23:02:03 | 0.985608    0.993590    0.000000    0.980248    0.060244    0.985330    0.985608    0.993590    1.000000    0.955414    2100        50.299401   3.775497    0.161757    0.031017    0.031150    0.031150    0.051831    0.000000    0.001228    0.000000    3.613739    1.000000    0.000000    0.000000    1.087026    1.077905    0.948681    1.685749    1.590125    0.001772    0.069114    1.042945    30.638660  
[37m[36mINFO[0m[0m 09/03 23:04:13 | 0.990405    0.997863    0.000000    0.980638    0.053907    0.987775    0.990405    0.997863    1.000000    0.954140    2200        52.694611   3.785438    0.174945    0.034200    0.033711    0.033711    0.058608    0.000000    0.001180    0.000000    3.610493    1.000000    0.000000    0.000000    1.095023    1.085406    0.948820    1.694485    1.598300    0.000396    0.065619    1.005169    29.702167  
[37m[36mINFO[0m[0m 09/03 23:06:14 | 0.989339    0.997863    0.000000    0.982303    0.050391    0.990220    0.989339    0.997863    1.000000    0.956688    2300        55.089820   3.761530    0.164234    0.031749    0.031708    0.031708    0.050122    0.000000    0.001130    0.000000    3.597296    1.000000    0.000000    0.000000    1.099711    1.090311    0.949920    1.701166    1.602756    0.000650    0.065352    0.931601    27.716162  
[37m[36mINFO[0m[0m 09/03 23:08:30 | 0.988806    0.997863    0.000000    0.981912    0.050927    0.987775    0.988806    0.997863    1.000000    0.957962    2400        57.485030   3.760178    0.157960    0.030799    0.030519    0.030519    0.051091    0.000000    0.001017    0.000000    3.602218    1.000000    0.000000    0.000000    1.102084    1.093064    0.950528    1.707176    1.609457    0.000472    0.063053    1.055336    30.565762  
[37m[36mINFO[0m[0m 09/03 23:10:34 | 0.989339    0.995726    0.000000    0.981063    0.050688    0.987775    0.989339    0.995726    1.000000    0.955414    2500        59.880240   3.749094    0.149946    0.028979    0.029052    0.029052    0.055626    0.000000    0.000952    0.000000    3.599147    1.000000    0.000000    0.000000    1.105928    1.098112    0.950824    1.709478    1.610891    0.000648    0.062401    0.941449    29.293118  
[37m[36mINFO[0m[0m 09/03 23:12:38 | 0.987740    0.997863    0.000000    0.984392    0.049586    0.992665    0.987740    0.997863    1.000000    0.960510    2600        62.275449   3.727190    0.139771    0.026789    0.027087    0.027087    0.053074    0.000000    0.000927    0.000000    3.587419    1.000000    0.000000    0.000000    1.111809    1.103765    0.951667    1.718529    1.618464    0.000468    0.060328    0.977815    26.234254  
[37m[36mINFO[0m[0m 09/03 23:14:58 | 0.988273    0.997863    0.000000    0.981912    0.045301    0.987775    0.988273    0.997863    1.000000    0.957962    2700        64.670659   3.745547    0.156015    0.030306    0.030350    0.030350    0.058680    0.000000    0.000862    0.000000    3.589532    1.000000    0.000000    0.000000    1.116355    1.108489    0.951636    1.722355    1.622625    0.000830    0.059329    1.098870    29.784424  
[37m[36mINFO[0m[0m 09/03 23:17:02 | 0.989339    0.997863    0.000000    0.981878    0.047750    0.990220    0.989339    0.997863    1.000000    0.955414    2800        67.065868   3.741291    0.151999    0.029979    0.029432    0.029432    0.058830    0.000000    0.000859    0.000000    3.589292    1.000000    0.000000    0.000000    1.120857    1.114229    0.952152    1.727544    1.626878    -0.000402   0.057273    0.936079    31.083679  
[37m[36mINFO[0m[0m 09/03 23:19:06 | 0.988273    0.995726    0.000000    0.981453    0.050280    0.990220    0.988273    0.995726    1.000000    0.954140    2900        69.461078   3.730149    0.141949    0.028526    0.027353    0.027353    0.057250    0.000000    0.000802    0.000000    3.588200    1.000000    0.000000    0.000000    1.125755    1.117603    0.952088    1.732311    1.630742    -0.000277   0.056316    0.984124    25.165928  
[37m[36mINFO[0m[0m 09/03 23:21:23 | 0.990405    0.997863    0.000000    0.984426    0.050986    0.990220    0.990405    0.997863    1.000000    0.963057    3000        71.856287   3.685265    0.107459    0.022169    0.020412    0.020412    0.054836    0.000000    0.000729    0.000000    3.577806    1.000000    0.000000    0.000000    1.128170    1.119762    0.953080    1.738813    1.638006    0.000479    0.055439    1.092190    27.694690  
[37m[36mINFO[0m[0m 09/03 23:23:31 | 0.988806    0.995726    0.000000    0.981063    0.053303    0.987775    0.988806    0.995726    1.000000    0.955414    3100        74.251497   3.673368    0.111015    0.020970    0.021648    0.021648    0.049905    0.000000    0.000691    0.000000    3.562353    1.000000    0.000000    0.000000    1.130590    1.123920    0.954213    1.746433    1.643025    0.000007    0.055116    0.958457    31.839892  
[37m[36mINFO[0m[0m 09/03 23:25:32 | 0.988273    0.995726    0.000000    0.981947    0.051575    0.985330    0.988273    0.995726    1.000000    0.960510    3200        76.646707   3.664463    0.105326    0.020728    0.020256    0.020256    0.048979    0.000000    0.000714    0.000000    3.559137    1.000000    0.000000    0.000000    1.135845    1.128527    0.954649    1.747891    1.645154    0.000746    0.054216    0.912352    29.778479  
[37m[36mINFO[0m[0m 09/03 23:27:44 | 0.987740    0.997863    0.000000    0.981912    0.050467    0.987775    0.987740    0.997863    1.000000    0.957962    3300        79.041916   3.649296    0.098216    0.018263    0.019154    0.019154    0.047079    0.000000    0.000668    0.000000    3.551080    1.000000    0.000000    0.000000    1.141651    1.133837    0.955541    1.754663    1.651946    0.000348    0.052767    1.064201    26.019748  
[37m[36mINFO[0m[0m 09/03 23:29:53 | 0.985608    0.993590    0.000000    0.980638    0.052061    0.987775    0.985608    0.993590    1.000000    0.954140    3400        81.437126   3.673331    0.112957    0.022008    0.021961    0.021961    0.054168    0.000000    0.000621    0.000000    3.560374    1.000000    0.000000    0.000000    1.143541    1.137291    0.955266    1.759531    1.656920    -0.000445   0.050782    0.995594    29.538982  
[37m[36mINFO[0m[0m 09/03 23:31:54 | 0.987207    0.995726    0.000000    0.981488    0.050462    0.987775    0.987207    0.995726    1.000000    0.956688    3500        83.832335   3.685810    0.122757    0.023961    0.023939    0.023939    0.055585    0.000000    0.000608    0.000000    3.563054    1.000000    0.000000    0.000000    1.146515    1.139092    0.956007    1.768790    1.663687    -0.000065   0.050562    0.899610    30.755546  
[37m[36mINFO[0m[0m 09/03 23:34:04 | 0.986674    0.993590    0.000000    0.976461    0.066197    0.982885    0.986674    0.993590    1.000000    0.946497    3600        86.227545   3.656969    0.107925    0.021535    0.020852    0.020852    0.046703    0.000000    0.000596    0.000000    3.549045    1.000000    0.000000    0.000000    1.153969    1.145912    0.956809    1.769889    1.665471    0.000360    0.050182    1.020720    28.221909  
[37m[36mINFO[0m[0m 09/03 23:36:17 | 0.987740    0.995726    0.000000    0.981132    0.049703    0.982885    0.987740    0.995726    1.000000    0.960510    3700        88.622754   3.659682    0.106488    0.021615    0.020523    0.020523    0.048778    0.000000    0.000557    0.000000    3.553194    1.000000    0.000000    0.000000    1.155458    1.147833    0.956716    1.773758    1.667789    -0.000220   0.049268    1.031158    29.294901  
[37m[36mINFO[0m[0m 09/03 23:38:15 | 0.987740    0.995726    0.000000    0.981522    0.055898    0.985330    0.987740    0.995726    1.000000    0.959236    3800        91.017964   3.642160    0.096137    0.018651    0.018685    0.018685    0.048775    0.000000    0.000549    0.000000    3.546022    1.000000    0.000000    0.000000    1.158425    1.152217    0.957162    1.778668    1.673773    0.000627    0.048102    0.885746    29.986846  
[37m[36mINFO[0m[0m 09/03 23:40:27 | 0.987207    0.997863    0.000000    0.982371    0.053154    0.985330    0.987207    0.997863    1.000000    0.961783    3900        93.413174   3.658086    0.115831    0.022669    0.022648    0.022648    0.052479    0.000000    0.000514    0.000000    3.542254    1.000000    0.000000    0.000000    1.162854    1.156903    0.957377    1.783637    1.676909    -0.000603   0.047177    1.021433    29.671031  
[37m[36mINFO[0m[0m 09/03 23:42:36 | 0.987207    0.995726    0.000000    0.981063    0.050844    0.987775    0.987207    0.995726    1.000000    0.955414    4000        95.808383   3.634732    0.091727    0.017858    0.017839    0.017839    0.054524    0.000000    0.000503    0.000000    3.543005    1.000000    0.000000    0.000000    1.165712    1.159009    0.957483    1.788608    1.681961    0.000192    0.046989    0.997149    29.213758  
[37m[36mINFO[0m[0m 09/03 23:44:34 | 0.988273    0.995726    0.000000    0.981947    0.051920    0.985330    0.988273    0.995726    1.000000    0.960510    4100        98.203593   3.643515    0.099928    0.019895    0.019403    0.019403    0.051373    0.000000    0.000484    0.000000    3.543587    1.000000    0.000000    0.000000    1.166088    1.159990    0.958033    1.794483    1.687546    -0.000165   0.045544    0.891469    28.318149  
[37m[36mINFO[0m[0m 09/03 23:46:48 | 0.987207    0.993590    0.000000    0.981912    0.053405    0.987775    0.987207    0.993590    1.000000    0.957962    4200        100.598802  3.618908    0.085905    0.016548    0.016730    0.016730    0.048489    0.000000    0.000487    0.000000    3.533004    1.000000    0.000000    0.000000    1.168414    1.162149    0.958038    1.796690    1.691119    0.000862    0.045719    1.048076    29.305922  
[37m[36mINFO[0m[0m 09/03 23:48:56 | 0.987207    0.995726    0.000000    0.982762    0.051223    0.987775    0.987207    0.995726    1.000000    0.960510    4300        102.994012  3.621506    0.086854    0.016626    0.016986    0.016986    0.053103    0.000000    0.000456    0.000000    3.534652    1.000000    0.000000    0.000000    1.170042    1.163648    0.958741    1.802521    1.694270    -0.000044   0.044624    0.981160    29.899593  
[37m[36mINFO[0m[0m 09/03 23:50:55 | 0.984542    0.991453    0.000000    0.977276    0.069944    0.985330    0.984542    0.991453    1.000000    0.946497    4400        105.389222  3.634646    0.100334    0.019260    0.019706    0.019706    0.053186    0.000000    0.000450    0.000000    3.534312    1.000000    0.000000    0.000000    1.176899    1.169673    0.958781    1.806324    1.697190    -0.000360   0.044328    0.910826    28.218213  
[37m[36mINFO[0m[0m 09/03 23:53:12 | 0.986674    0.995726    0.000000    0.981522    0.055033    0.985330    0.986674    0.995726    1.000000    0.959236    4500        107.784431  3.627641    0.098843    0.020195    0.019111    0.019111    0.050981    0.000000    0.000441    0.000000    3.528798    1.000000    0.000000    0.000000    1.180209    1.173236    0.959198    1.809474    1.701160    0.000209    0.043435    1.071627    29.327744  
[37m[36mINFO[0m[0m 09/03 23:55:20 | 0.985608    0.995726    0.000000    0.980282    0.054293    0.982885    0.985608    0.995726    1.000000    0.957962    4600        110.179641  3.612907    0.089653    0.018529    0.017239    0.017239    0.051984    0.000000    0.000433    0.000000    3.523254    1.000000    0.000000    0.000000    1.183217    1.176998    0.960007    1.815694    1.706685    -0.000143   0.042815    0.973959    30.555391  
[37m[36mINFO[0m[0m 09/03 23:57:19 | 0.987207    0.995726    0.000000    0.983577    0.052452    0.990220    0.987207    0.995726    1.000000    0.960510    4700        112.574850  3.606841    0.081065    0.015941    0.015783    0.015783    0.043946    0.000000    0.000398    0.000000    3.525777    1.000000    0.000000    0.000000    1.184777    1.178623    0.959911    1.821933    1.711493    -0.000003   0.042763    0.913196    28.077051  
[37m[36mINFO[0m[0m 09/03 23:59:33 | 0.986674    0.995726    0.000000    0.981488    0.056494    0.987775    0.986674    0.995726    1.000000    0.956688    4800        114.970060  3.619200    0.089483    0.017547    0.017480    0.017480    0.059771    0.000000    0.000403    0.000000    3.529718    1.000000    0.000000    0.000000    1.187031    1.180311    0.959734    1.824486    1.713863    0.000686    0.042633    1.054742    28.344192  
[37m[36mINFO[0m[0m 09/04 00:01:46 | 0.986674    0.995726    0.000000    0.982371    0.053673    0.985330    0.986674    0.995726    1.000000    0.961783    4900        117.365269  3.620281    0.089884    0.017395    0.017648    0.017648    0.057245    0.000000    0.000379    0.000000    3.530397    1.000000    0.000000    0.000000    1.188510    1.182903    0.960022    1.830720    1.719562    0.000159    0.041423    1.036513    29.827260  
[37m[36mINFO[0m[0m 09/04 00:03:48 | 0.984542    0.995726    0.000000    0.980214    0.061941    0.987775    0.984542    0.995726    1.000000    0.952866    5000        119.760479  3.608426    0.074626    0.014053    0.014642    0.014642    0.048534    0.000000    0.000401    0.000000    3.533801    1.000000    0.000000    0.000000    1.189485    1.183274    0.959852    1.832049    1.721755    0.000013    0.040416    0.900691    31.163198  
[37m[36mINFO[0m[0m 09/04 00:03:48 | ---
[37m[36mINFO[0m[0m 09/04 00:03:48 | oracle = 99.041%
[37m[36mINFO[0m[0m 09/04 00:03:48 | iid = 99.041%
[37m[36mINFO[0m[0m 09/04 00:03:48 | last = 98.454%
[37m[36mINFO[0m[0m 09/04 00:03:48 | last (inD) = 98.021%
[37m[36mINFO[0m[0m 09/04 00:03:48 | iid (inD) = 98.443%
[37m[36mINFO[0m[0m 09/04 00:03:48 | 
[37m[36mINFO[0m[0m 09/04 00:03:53 | Testenv name escaping te_photo -> te_photo
[37m[36mINFO[0m[0m 09/04 00:03:53 | Test envs = [2], name = te_photo
[37m[36mINFO[0m[0m 09/04 00:03:53 | Batch sizes for each domain: [32, 32, 0, 32] (total=96)
[37m[36mINFO[0m[0m 09/04 00:03:53 | steps-per-epoch for each domain: 51.22, 58.62, 98.25 -> min = 51.22
[37m[36mINFO[0m[0m 09/04 00:04:18 | # of params = 151206401
[37m[36mINFO[0m[0m 09/04 00:04:46 | test_in     test_out    train_in    train_out   tr_outloss  env0_out    env1_out    env2_in     env2_out    env3_out    step        epoch       total_loss  cipt_base_  cipt_cls_l  cipt_de_lo  cipt_de_or  cipt_de_au  aug_decomp  cipt_ind_l  causal_con  dccl_contr  contrastiv  pre_cl_los  reg_loss    mean_e_nor  mean_e_aug  mean_e_aug  mean_s_nor  mean_s_aug  mean_es_co  mean_e_aug  step_time   eval_time  
[37m[36mINFO[0m[0m 09/04 00:04:46 | 0.996257    0.997006    0.000000    0.894763    0.495931    0.853301    0.931624    0.996257    0.997006    0.899363    0           0.000000    12.393847   12.384293   0.461855    2.355609    2.355609    2.330596    0.000000    0.500000    0.000000    4.777521    0.002000    0.000000    0.000000    1.000000    1.000000    0.929281    1.000000    1.000000    1.000000    1.000000    1.108743    26.910605  
[37m[36mINFO[0m[0m 09/04 00:06:45 | 0.997754    1.000000    0.000000    0.971810    0.120312    0.980440    0.993590    0.997754    1.000000    0.941401    100         1.952410    5.358986    4.882170    0.312753    0.560597    0.560597    0.588450    0.000000    0.465406    0.000000    4.674547    0.103000    0.000000    0.000000    0.971584    0.973858    0.929405    1.033139    1.030154    0.964209    0.965524    0.908161    28.688722  
[37m[36mINFO[0m[0m 09/04 00:08:53 | 0.997754    1.000000    0.000000    0.971249    0.087198    0.980440    0.995726    0.997754    1.000000    0.937580    200         3.904820    3.336559    1.996177    0.086713    0.142539    0.142539    0.170626    0.000000    0.267862    0.000000    4.432148    0.303000    0.000000    0.000000    0.950815    0.956221    0.928055    1.139514    1.128148    0.714722    0.728763    1.001628    27.221210  
[37m[36mINFO[0m[0m 09/04 00:11:04 | 1.000000    1.000000    0.000000    0.971283    0.079534    0.977995    0.995726    1.000000    1.000000    0.940127    300         5.857230    2.974880    0.795068    0.073431    0.097069    0.097069    0.121863    0.000000    0.066672    0.000000    4.335315    0.503000    0.000000    0.000000    1.015413    1.014888    0.936083    1.282813    1.258581    0.315219    0.355796    1.051850    26.512132  
[37m[36mINFO[0m[0m 09/04 00:13:08 | 0.997754    1.000000    0.000000    0.974187    0.077969    0.982885    0.995726    0.997754    1.000000    0.943949    400         7.809640    3.477242    0.506644    0.066344    0.081301    0.081301    0.101023    0.000000    0.023019    0.000000    4.229263    0.703000    0.000000    0.000000    1.045988    1.038048    0.940506    1.373124    1.340352    0.143748    0.198845    0.946990    28.792656  
[37m[36mINFO[0m[0m 09/04 00:15:14 | 0.999251    1.000000    0.000000    0.977515    0.070012    0.987775    0.995726    0.999251    1.000000    0.949045    500         9.762050    4.087750    0.391509    0.058481    0.066818    0.066818    0.091470    0.000000    0.013151    0.000000    4.096109    0.902980    0.000000    0.000000    1.035997    1.023090    0.939307    1.430846    1.392496    0.091671    0.154476    0.961204    29.415647  
[37m[36mINFO[0m[0m 09/04 00:17:28 | 0.998503    1.000000    0.000000    0.977550    0.073791    0.985330    0.995726    0.998503    1.000000    0.951592    600         11.714460   4.334709    0.345245    0.055448    0.061161    0.061161    0.084522    0.000000    0.009031    0.000000    3.989464    1.000000    0.000000    0.000000    1.020331    1.005329    0.938752    1.476403    1.433984    0.071628    0.137309    1.087679    25.402136  
[37m[36mINFO[0m[0m 09/04 00:19:30 | 0.999251    1.000000    0.000000    0.974899    0.066240    0.982885    0.997863    0.999251    1.000000    0.943949    700         13.666870   4.236161    0.333595    0.057136    0.061431    0.061431    0.084030    0.000000    0.006147    0.000000    3.902566    1.000000    0.000000    0.000000    1.012838    0.996489    0.938399    1.514288    1.468138    0.055075    0.122183    0.953252    26.605066  
[37m[36mINFO[0m[0m 09/04 00:21:40 | 0.999251    1.000000    0.000000    0.979892    0.063078    0.990220    0.997863    0.999251    1.000000    0.951592    800         15.619280   4.163141    0.307174    0.053881    0.057706    0.057706    0.077960    0.000000    0.004494    0.000000    3.855967    1.000000    0.000000    0.000000    1.010298    0.993277    0.938871    1.545527    1.495855    0.041164    0.108818    0.965007    33.301441  
[37m[36mINFO[0m[0m 09/04 00:23:52 | 0.999251    1.000000    0.000000    0.979077    0.063198    0.987775    0.997863    0.999251    1.000000    0.951592    900         17.571690   4.093734    0.280540    0.050708    0.052974    0.052974    0.076776    0.000000    0.003587    0.000000    3.813194    1.000000    0.000000    0.000000    1.011838    0.995618    0.939394    1.570221    1.518750    0.030521    0.096401    1.071417    25.580126  
[37m[36mINFO[0m[0m 09/04 00:25:54 | 0.999251    1.000000    0.000000    0.979892    0.063182    0.990220    0.997863    0.999251    1.000000    0.951592    1000        19.524100   4.022113    0.247303    0.045745    0.047101    0.047101    0.072767    0.000000    0.002631    0.000000    3.774811    1.000000    0.000000    0.000000    1.012524    0.996592    0.940180    1.594736    1.542006    0.022268    0.086154    0.950609    26.608616  
[37m[36mINFO[0m[0m 09/04 00:28:03 | 0.998503    1.000000    0.000000    0.977803    0.068359    0.987775    0.997863    0.998503    1.000000    0.947771    1100        21.476510   3.990949    0.239572    0.043951    0.045923    0.045923    0.065781    0.000000    0.002386    0.000000    3.751378    1.000000    0.000000    0.000000    1.016901    1.001931    0.940963    1.609861    1.555887    0.017575    0.079444    1.024433    26.901318  
[37m[36mINFO[0m[0m 09/04 00:30:13 | 0.999251    1.000000    0.000000    0.978687    0.061228    0.985330    0.997863    0.999251    1.000000    0.952866    1200        23.428920   3.981081    0.243744    0.046770    0.046772    0.046772    0.069051    0.000000    0.001977    0.000000    3.737337    1.000000    0.000000    0.000000    1.019328    1.004667    0.941358    1.626687    1.570237    0.011916    0.073161    1.031093    26.528151  
[37m[36mINFO[0m[0m 09/04 00:32:08 | 0.998503    1.000000    0.000000    0.979467    0.062605    0.990220    0.997863    0.998503    1.000000    0.950318    1300        25.381330   3.946458    0.221110    0.040752    0.042809    0.042809    0.063034    0.000000    0.001824    0.000000    3.725348    1.000000    0.000000    0.000000    1.021434    1.008117    0.942554    1.638919    1.582877    0.010361    0.069182    0.905722    24.727462  
[37m[36mINFO[0m[0m 09/04 00:34:27 | 0.998503    1.000000    0.000000    0.981200    0.061546    0.987775    0.997863    0.998503    1.000000    0.957962    1400        27.333740   3.950799    0.230974    0.043459    0.044926    0.044926    0.070526    0.000000    0.001562    0.000000    3.719825    1.000000    0.000000    0.000000    1.027132    1.014090    0.943076    1.652615    1.594793    0.006116    0.063690    1.037562    34.755106  
[37m[36mINFO[0m[0m 09/04 00:36:28 | 0.997006    1.000000    0.000000    0.978652    0.061519    0.987775    0.997863    0.997006    1.000000    0.950318    1500        29.286150   3.945158    0.248286    0.047540    0.048324    0.048324    0.067018    0.000000    0.001490    0.000000    3.696872    1.000000    0.000000    0.000000    1.036251    1.023499    0.944421    1.660538    1.601399    0.004509    0.061149    0.947612    26.619738  
[37m[36mINFO[0m[0m 09/04 00:38:29 | 0.998503    1.000000    0.000000    0.979502    0.058756    0.987775    0.997863    0.998503    1.000000    0.952866    1600        31.238560   3.876422    0.190040    0.035686    0.036862    0.036862    0.065621    0.000000    0.001381    0.000000    3.686383    1.000000    0.000000    0.000000    1.040205    1.027946    0.944567    1.669160    1.608413    0.004344    0.059786    0.962044    24.012212  
[37m[36mINFO[0m[0m 09/04 00:40:44 | 0.997754    1.000000    0.000000    0.979043    0.065387    0.990220    0.997863    0.997754    1.000000    0.949045    1700        33.190970   3.884311    0.201240    0.039003    0.038950    0.038950    0.067536    0.000000    0.001288    0.000000    3.683070    1.000000    0.000000    0.000000    1.040883    1.029418    0.945133    1.678463    1.618582    0.004031    0.057319    1.077066    27.185133  
[37m[36mINFO[0m[0m 09/04 00:42:46 | 0.998503    1.000000    0.000000    0.978262    0.059327    0.985330    0.997863    0.998503    1.000000    0.951592    1800        35.143380   3.844059    0.178582    0.034174    0.034608    0.034608    0.063148    0.000000    0.001195    0.000000    3.665476    1.000000    0.000000    0.000000    1.048460    1.038090    0.946753    1.685993    1.624761    0.001419    0.054312    0.938507    28.726014  
[37m[36mINFO[0m[0m 09/04 00:44:46 | 0.998503    1.000000    0.000000    0.978262    0.060648    0.985330    0.997863    0.998503    1.000000    0.951592    1900        37.095790   3.813669    0.158777    0.029850    0.030856    0.030856    0.057459    0.000000    0.001101    0.000000    3.654892    1.000000    0.000000    0.000000    1.052163    1.040694    0.947554    1.694101    1.632362    0.002582    0.053780    0.949131    24.904867  
[37m[36mINFO[0m[0m 09/04 00:47:04 | 0.998503    1.000000    0.000000    0.981625    0.060910    0.987775    0.997863    0.998503    1.000000    0.959236    2000        39.048200   3.823264    0.174992    0.033573    0.034025    0.034025    0.060773    0.000000    0.001064    0.000000    3.648273    1.000000    0.000000    0.000000    1.058168    1.047970    0.948454    1.699606    1.636772    0.001301    0.052094    1.089138    29.251628  
[37m[36mINFO[0m[0m 09/04 00:49:03 | 0.998503    1.000000    0.000000    0.980775    0.057531    0.987775    0.997863    0.998503    1.000000    0.956688    2100        41.000610   3.822574    0.181515    0.034927    0.035467    0.035467    0.058249    0.000000    0.000944    0.000000    3.641059    1.000000    0.000000    0.000000    1.061827    1.052285    0.948862    1.707385    1.644049    0.001014    0.050176    0.861273    32.459739  
[37m[36mINFO[0m[0m 09/04 00:51:00 | 0.998503    1.000000    0.000000    0.977872    0.062520    0.982885    0.997863    0.998503    1.000000    0.952866    2200        42.953020   3.822158    0.186319    0.036822    0.036144    0.036144    0.056669    0.000000    0.000984    0.000000    3.635839    1.000000    0.000000    0.000000    1.066986    1.057993    0.949858    1.713546    1.650206    0.000502    0.048427    0.864005    30.651322  
[37m[36mINFO[0m[0m 09/04 00:52:52 | 0.998503    1.000000    0.000000    0.980775    0.061636    0.987775    0.997863    0.998503    1.000000    0.956688    2300        44.905430   3.775901    0.146124    0.028555    0.028333    0.028333    0.062130    0.000000    0.000848    0.000000    3.629776    1.000000    0.000000    0.000000    1.072742    1.063575    0.950329    1.718298    1.653323    -0.000124   0.047719    0.911722    20.779589  
[37m[36mINFO[0m[0m 09/04 00:54:20 | 0.998503    1.000000    0.000000    0.977022    0.059067    0.982885    0.997863    0.998503    1.000000    0.950318    2400        46.857840   3.805549    0.171980    0.033876    0.033477    0.033477    0.060870    0.000000    0.000839    0.000000    3.633569    1.000000    0.000000    0.000000    1.073499    1.064358    0.950375    1.722426    1.659370    0.000886    0.046781    0.644381    23.719571  
[37m[36mINFO[0m[0m 09/04 00:55:58 | 0.998503    1.000000    0.000000    0.978687    0.058974    0.985330    0.997863    0.998503    1.000000    0.952866    2500        48.810250   3.774812    0.153558    0.029678    0.029893    0.029893    0.058338    0.000000    0.000862    0.000000    3.621254    1.000000    0.000000    0.000000    1.079023    1.071208    0.951319    1.730223    1.665584    0.001014    0.046071    0.772836    21.013280  
[37m[36mINFO[0m[0m 09/04 00:57:35 | 0.998503    1.000000    0.000000    0.979502    0.056205    0.987775    0.997863    0.998503    1.000000    0.952866    2600        50.762660   3.752849    0.143163    0.027689    0.027912    0.027912    0.051849    0.000000    0.000766    0.000000    3.609686    1.000000    0.000000    0.000000    1.087062    1.077559    0.952049    1.734237    1.667630    -0.000159   0.044992    0.734626    23.594750  
[37m[36mINFO[0m[0m 09/04 00:59:15 | 0.998503    1.000000    0.000000    0.981200    0.058707    0.987775    0.997863    0.998503    1.000000    0.957962    2700        52.715070   3.761390    0.145494    0.028455    0.028318    0.028318    0.059134    0.000000    0.000754    0.000000    3.615895    1.000000    0.000000    0.000000    1.090180    1.081772    0.952305    1.738713    1.673570    0.000184    0.043193    0.684748    30.594946  
[37m[36mINFO[0m[0m 09/04 01:00:59 | 0.998503    1.000000    0.000000    0.979502    0.054247    0.987775    0.997863    0.998503    1.000000    0.952866    2800        54.667480   3.769318    0.157421    0.030469    0.030857    0.030857    0.056657    0.000000    0.000705    0.000000    3.611897    1.000000    0.000000    0.000000    1.096263    1.087212    0.953348    1.743134    1.678037    -0.000223   0.042539    0.803130    24.274492  
[37m[36mINFO[0m[0m 09/04 01:02:28 | 0.998503    1.000000    0.000000    0.978262    0.065785    0.985330    0.997863    0.998503    1.000000    0.951592    2900        56.619890   3.739544    0.141697    0.027738    0.027621    0.027621    0.056608    0.000000    0.000695    0.000000    3.597847    1.000000    0.000000    0.000000    1.098076    1.090457    0.953712    1.746898    1.680198    0.000617    0.043286    0.641233    24.992377  
[37m[36mINFO[0m[0m 09/04 01:04:15 | 0.997754    1.000000    0.000000    0.980385    0.059116    0.985330    0.997863    0.997754    1.000000    0.957962    3000        58.572300   3.754424    0.156041    0.030737    0.030497    0.030497    0.057511    0.000000    0.000663    0.000000    3.598383    1.000000    0.000000    0.000000    1.104954    1.097292    0.954644    1.751951    1.685568    -0.000037   0.041520    0.832355    22.952625  
[37m[36mINFO[0m[0m 09/04 01:05:41 | 0.997006    1.000000    0.000000    0.978296    0.058263    0.982885    0.997863    0.997006    1.000000    0.954140    3100        60.524710   3.718681    0.129402    0.025577    0.025194    0.025194    0.057417    0.000000    0.000610    0.000000    3.589279    1.000000    0.000000    0.000000    1.106049    1.098915    0.954237    1.756677    1.689301    -0.000171   0.041439    0.642198    22.024295  
[37m[36mINFO[0m[0m 09/04 01:07:25 | 0.997754    1.000000    0.000000    0.979570    0.057946    0.982885    0.997863    0.997754    1.000000    0.957962    3200        62.477120   3.717759    0.128919    0.025120    0.025212    0.025212    0.058692    0.000000    0.000590    0.000000    3.588840    1.000000    0.000000    0.000000    1.108252    1.100157    0.954572    1.761873    1.693371    0.000288    0.041200    0.796531    24.604036  
[37m[36mINFO[0m[0m 09/04 01:08:53 | 0.997754    1.000000    0.000000    0.979111    0.060646    0.985330    0.997863    0.997754    1.000000    0.954140    3300        64.429530   3.701629    0.111976    0.021770    0.021804    0.021804    0.051939    0.000000    0.000598    0.000000    3.589653    1.000000    0.000000    0.000000    1.112161    1.103961    0.955059    1.766544    1.698299    0.000721    0.040696    0.646776    22.954759  
[37m[36mINFO[0m[0m 09/04 01:10:32 | 0.996257    1.000000    0.000000    0.980385    0.062554    0.985330    0.997863    0.996257    1.000000    0.957962    3400        66.381940   3.732912    0.138437    0.027934    0.026927    0.026927    0.060011    0.000000    0.000559    0.000000    3.594475    1.000000    0.000000    0.000000    1.115209    1.107233    0.955131    1.769974    1.699809    -0.000701   0.039926    0.760701    22.734780  
[37m[36mINFO[0m[0m 09/04 01:12:06 | 0.997754    1.000000    0.000000    0.979145    0.057971    0.982885    0.997863    0.997754    1.000000    0.956688    3500        68.334350   3.724228    0.132491    0.026836    0.025764    0.025764    0.058256    0.000000    0.000520    0.000000    3.591737    1.000000    0.000000    0.000000    1.119857    1.112406    0.955932    1.775422    1.706799    -0.000261   0.038230    0.711189    23.139013  
[37m[36mINFO[0m[0m 09/04 01:13:37 | 0.997006    1.000000    0.000000    0.975748    0.074358    0.982885    0.997863    0.997006    1.000000    0.946497    3600        70.286760   3.670736    0.099741    0.019315    0.019468    0.019468    0.045226    0.000000    0.000511    0.000000    3.570995    1.000000    0.000000    0.000000    1.123539    1.115862    0.956880    1.779783    1.711535    0.000490    0.038394    0.692161    22.190812  
[37m[36mINFO[0m[0m 09/04 01:15:21 | 0.997006    1.000000    0.000000    0.977837    0.063106    0.985330    0.997863    0.997006    1.000000    0.950318    3700        72.239170   3.698851    0.124887    0.026634    0.023956    0.023956    0.056184    0.000000    0.000486    0.000000    3.573963    1.000000    0.000000    0.000000    1.125907    1.118115    0.956800    1.783596    1.714760    -0.000370   0.037226    0.786078    24.661529  
[37m[36mINFO[0m[0m 09/04 01:16:45 | 0.996257    1.000000    0.000000    0.978296    0.063064    0.982885    0.997863    0.996257    1.000000    0.954140    3800        74.191580   3.691868    0.117984    0.023562    0.022996    0.022996    0.055426    0.000000    0.000487    0.000000    3.573885    1.000000    0.000000    0.000000    1.129888    1.120770    0.957077    1.787186    1.717625    -0.000435   0.037235    0.643898    20.355934  
[37m[36mINFO[0m[0m 09/04 01:18:36 | 0.997006    1.000000    0.000000    0.977447    0.068341    0.982885    0.997863    0.997006    1.000000    0.951592    3900        76.143990   3.702837    0.122401    0.024045    0.023994    0.023994    0.056908    0.000000    0.000476    0.000000    3.580436    1.000000    0.000000    0.000000    1.133746    1.126499    0.957072    1.789834    1.719787    0.000049    0.037141    0.866747    24.053651  
[37m[36mINFO[0m[0m 09/04 01:20:03 | 0.996257    1.000000    0.000000    0.979536    0.059134    0.985330    0.997863    0.996257    1.000000    0.955414    4000        78.096400   3.696750    0.117737    0.023541    0.022976    0.022976    0.058601    0.000000    0.000458    0.000000    3.579013    1.000000    0.000000    0.000000    1.135384    1.127570    0.957326    1.794212    1.722839    -0.000516   0.036569    0.641533    22.855000  
[37m[36mINFO[0m[0m 09/04 01:21:49 | 0.996257    1.000000    0.000000    0.975324    0.077319    0.982885    0.997863    0.996257    1.000000    0.945223    4100        80.048810   3.680733    0.108275    0.021594    0.021102    0.021102    0.058779    0.000000    0.000455    0.000000    3.572458    1.000000    0.000000    0.000000    1.137993    1.132054    0.958353    1.797614    1.726409    0.000284    0.036586    0.791873    26.935455  
[37m[36mINFO[0m[0m 09/04 01:23:24 | 0.996257    1.000000    0.000000    0.978433    0.064182    0.982885    0.995726    0.996257    1.000000    0.956688    4200        82.001220   3.670905    0.105185    0.022087    0.020229    0.020229    0.051237    0.000000    0.000436    0.000000    3.565720    1.000000    0.000000    0.000000    1.138729    1.131060    0.958552    1.803122    1.730649    -0.000289   0.036070    0.703155    24.190919  
[37m[36mINFO[0m[0m 09/04 01:24:55 | 0.997006    1.000000    0.000000    0.980775    0.065512    0.987775    0.997863    0.997006    1.000000    0.956688    4300        83.953630   3.667205    0.097621    0.019620    0.018978    0.018978    0.056129    0.000000    0.000418    0.000000    3.569585    1.000000    0.000000    0.000000    1.142167    1.134425    0.958391    1.806562    1.735100    0.000266    0.035942    0.702534    21.214041  
[37m[36mINFO[0m[0m 09/04 01:26:13 | 0.995509    1.000000    0.000000    0.978365    0.065390    0.977995    0.997863    0.995509    1.000000    0.959236    4400        85.906040   3.644070    0.082147    0.016313    0.015965    0.015965    0.049120    0.000000    0.000395    0.000000    3.561923    1.000000    0.000000    0.000000    1.143942    1.136157    0.958897    1.810582    1.737581    -0.000400   0.035118    0.581990    18.999064  
[37m[36mINFO[0m[0m 09/04 01:27:40 | 0.995509    1.000000    0.000000    0.979145    0.060580    0.982885    0.997863    0.995509    1.000000    0.956688    4500        87.858450   3.683015    0.114423    0.023241    0.022306    0.022306    0.062749    0.000000    0.000391    0.000000    3.568592    1.000000    0.000000    0.000000    1.148114    1.140703    0.958965    1.813580    1.741402    -0.000081   0.034631    0.621310    25.202559  
[37m[36mINFO[0m[0m 09/04 01:29:31 | 0.995509    1.000000    0.000000    0.976563    0.075089    0.985330    0.997863    0.995509    1.000000    0.946497    4600        89.810860   3.660808    0.098504    0.019539    0.019260    0.019260    0.055700    0.000000    0.000385    0.000000    3.562304    1.000000    0.000000    0.000000    1.153690    1.146178    0.959380    1.815808    1.744696    0.000017    0.034051    0.856545    24.933335  
[37m[36mINFO[0m[0m 09/04 01:31:07 | 0.996257    1.000000    0.000000    0.977481    0.070447    0.980440    0.997863    0.996257    1.000000    0.954140    4700        91.763270   3.682200    0.115407    0.023877    0.022408    0.022408    0.058977    0.000000    0.000380    0.000000    3.566793    1.000000    0.000000    0.000000    1.154450    1.147660    0.959002    1.820841    1.749117    0.000066    0.033663    0.708384    25.138568  
[37m[36mINFO[0m[0m 09/04 01:32:42 | 0.995509    1.000000    0.000000    0.977906    0.067636    0.980440    0.997863    0.995509    1.000000    0.955414    4800        93.715680   3.630199    0.073113    0.014612    0.014188    0.014188    0.042154    0.000000    0.000350    0.000000    3.557086    1.000000    0.000000    0.000000    1.154723    1.146925    0.959984    1.823526    1.750473    0.000218    0.033834    0.732670    21.788463  
[37m[36mINFO[0m[0m 09/04 01:34:32 | 0.995509    1.000000    0.000000    0.979995    0.064442    0.982885    0.997863    0.995509    1.000000    0.959236    4900        95.668090   3.660498    0.096600    0.019373    0.018886    0.018886    0.059464    0.000000    0.000337    0.000000    3.563898    1.000000    0.000000    0.000000    1.156173    1.148666    0.959971    1.828666    1.755764    0.000014    0.032922    0.863075    23.685245  
[37m[36mINFO[0m[0m 09/04 01:36:15 | 0.995509    1.000000    0.000000    0.976666    0.077165    0.977995    0.997863    0.995509    1.000000    0.954140    5000        97.620500   3.646095    0.094614    0.019119    0.018459    0.018459    0.066938    0.000000    0.000332    0.000000    3.551482    1.000000    0.000000    0.000000    1.163957    1.156054    0.960665    1.830975    1.756611    -0.000326   0.032882    0.770573    26.465634  
[37m[36mINFO[0m[0m 09/04 01:36:15 | ---
[37m[36mINFO[0m[0m 09/04 01:36:15 | oracle = 99.775%
[37m[36mINFO[0m[0m 09/04 01:36:15 | iid = 99.850%
[37m[36mINFO[0m[0m 09/04 01:36:15 | last = 99.551%
[37m[36mINFO[0m[0m 09/04 01:36:15 | last (inD) = 97.667%
[37m[36mINFO[0m[0m 09/04 01:36:15 | iid (inD) = 98.162%
[37m[36mINFO[0m[0m 09/04 01:36:16 | 
[37m[36mINFO[0m[0m 09/04 01:36:21 | Testenv name escaping te_sketch -> te_sketch
[37m[36mINFO[0m[0m 09/04 01:36:21 | Test envs = [3], name = te_sketch
[37m[36mINFO[0m[0m 09/04 01:36:21 | Batch sizes for each domain: [32, 32, 32, 0] (total=96)
[37m[36mINFO[0m[0m 09/04 01:36:21 | steps-per-epoch for each domain: 51.22, 58.62, 41.75 -> min = 41.75
[37m[36mINFO[0m[0m 09/04 01:36:49 | # of params = 151206401
[37m[36mINFO[0m[0m 09/04 01:37:17 | test_in     test_out    train_in    train_out   tr_outloss  env0_out    env1_out    env2_out    env3_in     env3_out    step        epoch       total_loss  cipt_base_  cipt_cls_l  cipt_de_lo  cipt_de_or  cipt_de_au  aug_decomp  cipt_ind_l  causal_con  dccl_contr  contrastiv  pre_cl_los  reg_loss    mean_e_nor  mean_e_aug  mean_e_aug  mean_s_nor  mean_s_aug  mean_es_co  mean_e_aug  step_time   eval_time  
[37m[36mINFO[0m[0m 09/04 01:37:17 | 0.857824    0.873885    0.000000    0.938671    0.452766    0.872861    0.955128    0.988024    0.857824    0.873885    0           0.000000    11.503385   11.493956   0.583995    2.102490    2.102490    2.062513    0.000000    0.500000    0.000000    4.714694    0.002000    0.000000    0.000000    1.000000    1.000000    0.907462    1.000000    1.000000    1.000000    1.000000    0.554759    28.197912  
[37m[36mINFO[0m[0m 09/04 01:39:09 | 0.895992    0.912102    0.000000    0.993686    0.063593    0.985330    0.995726    1.000000    0.895992    0.912102    100         2.395210    5.183746    4.722134    0.252254    0.533294    0.533294    0.559654    0.000000    0.467341    0.000000    4.532020    0.103000    0.000000    0.000000    0.982384    0.987374    0.907876    1.026575    1.020539    0.966340    0.970633    0.810391    30.827795  
[37m[36mINFO[0m[0m 09/04 01:40:56 | 0.893448    0.909554    0.000000    0.995213    0.029218    0.987775    0.997863    1.000000    0.893448    0.909554    200         4.790419    3.185828    1.878252    0.037891    0.098244    0.098244    0.128400    0.000000    0.289477    0.000000    4.324053    0.303000    0.000000    0.000000    0.975078    0.985859    0.909067    1.118311    1.093473    0.749321    0.785611    0.738643    33.105422  
[37m[36mINFO[0m[0m 09/04 01:42:38 | 0.896947    0.908280    0.000000    0.994398    0.020527    0.985330    0.997863    1.000000    0.896947    0.908280    300         7.185629    2.703765    0.597621    0.021687    0.048198    0.048198    0.071479    0.000000    0.076628    0.000000    4.191082    0.503000    0.000000    0.000000    1.050804    1.048524    0.920491    1.257426    1.205760    0.354875    0.448026    0.702327    31.140298  
[37m[36mINFO[0m[0m 09/04 01:44:24 | 0.892494    0.901911    0.000000    0.994398    0.015805    0.985330    0.997863    1.000000    0.892494    0.901911    400         9.580838    3.148566    0.276557    0.018645    0.036346    0.036346    0.057441    0.000000    0.022505    0.000000    4.088016    0.703000    0.000000    0.000000    1.103310    1.088410    0.926569    1.352180    1.282791    0.158867    0.273809    0.783765    27.976182  
[37m[36mINFO[0m[0m 09/04 01:46:21 | 0.894720    0.905732    0.000000    0.995213    0.014917    0.987775    0.997863    1.000000    0.894720    0.905732    500         11.976048   3.720620    0.152049    0.008897    0.021118    0.021118    0.040252    0.000000    0.011736    0.000000    3.954597    0.902980    0.000000    0.000000    1.112618    1.092420    0.928948    1.409686    1.332107    0.094813    0.211894    0.850322    32.320225  
[37m[36mINFO[0m[0m 09/04 01:48:09 | 0.885496    0.890446    0.000000    0.993583    0.016354    0.982885    0.997863    1.000000    0.885496    0.890446    600         14.371257   3.953452    0.117791    0.009158    0.017347    0.017347    0.036750    0.000000    0.007849    0.000000    3.835661    1.000000    0.000000    0.000000    1.111770    1.089317    0.929402    1.453053    1.366888    0.069132    0.188200    0.727262    34.717505  
[37m[36mINFO[0m[0m 09/04 01:49:51 | 0.892176    0.904459    0.000000    0.995213    0.012845    0.987775    0.997863    1.000000    0.892176    0.904459    700         16.766467   3.833477    0.078954    0.004889    0.011702    0.011702    0.030061    0.000000    0.005452    0.000000    3.754523    1.000000    0.000000    0.000000    1.115424    1.092151    0.930167    1.487671    1.396449    0.050616    0.166772    0.693630    32.395486  
[37m[36mINFO[0m[0m 09/04 01:51:39 | 0.882316    0.882803    0.000000    0.993583    0.014354    0.982885    0.997863    1.000000    0.882316    0.882803    800         19.161677   3.778643    0.068608    0.005484    0.010676    0.010676    0.028167    0.000000    0.004084    0.000000    3.710035    1.000000    0.000000    0.000000    1.122252    1.099366    0.932796    1.513666    1.420230    0.036467    0.147473    0.777863    30.660467  
[37m[36mINFO[0m[0m 09/04 01:53:36 | 0.889313    0.890446    0.000000    0.993583    0.015412    0.982885    0.997863    1.000000    0.889313    0.890446    900         21.556886   3.720178    0.049985    0.003347    0.007518    0.007518    0.025860    0.000000    0.003314    0.000000    3.670193    1.000000    0.000000    0.000000    1.131035    1.107799    0.934019    1.536794    1.439378    0.024068    0.132185    0.858841    31.020761  
[37m[36mINFO[0m[0m 09/04 01:55:28 | 0.894720    0.901911    0.000000    0.995213    0.013410    0.987775    0.997863    1.000000    0.894720    0.901911    1000        23.952096   3.680821    0.038868    0.002130    0.005776    0.005776    0.027235    0.000000    0.002727    0.000000    3.641953    1.000000    0.000000    0.000000    1.139613    1.117745    0.935378    1.552614    1.452978    0.016901    0.120669    0.798438    31.599809  
[37m[36mINFO[0m[0m 09/04 01:57:10 | 0.890903    0.895541    0.000000    0.994398    0.013451    0.985330    0.997863    1.000000    0.890903    0.895541    1100        26.347305   3.660882    0.036663    0.002280    0.005559    0.005559    0.027457    0.000000    0.002429    0.000000    3.624219    1.000000    0.000000    0.000000    1.148704    1.127814    0.937473    1.566594    1.465412    0.011558    0.110397    0.695350    33.134900  
[37m[36mINFO[0m[0m 09/04 01:58:55 | 0.882316    0.889172    0.000000    0.992768    0.017840    0.980440    0.997863    1.000000    0.882316    0.889172    1200        28.742515   3.630295    0.027198    0.001228    0.003980    0.003980    0.026722    0.000000    0.002010    0.000000    3.603096    1.000000    0.000000    0.000000    1.157889    1.138501    0.939396    1.578203    1.477519    0.008390    0.101811    0.765855    28.123597  
[37m[36mINFO[0m[0m 09/04 02:00:54 | 0.894084    0.900637    0.000000    0.996028    0.012592    0.990220    0.997863    1.000000    0.894084    0.900637    1300        31.137725   3.598256    0.023169    0.000996    0.003244    0.003244    0.016109    0.000000    0.001840    0.000000    3.575087    1.000000    0.000000    0.000000    1.167412    1.149175    0.940621    1.585980    1.483089    0.005433    0.096458    0.885947    30.389634  
[37m[36mINFO[0m[0m 09/04 02:02:44 | 0.886132    0.890446    0.000000    0.994398    0.016663    0.985330    0.997863    1.000000    0.886132    0.890446    1400        33.532934   3.587832    0.021450    0.001045    0.002988    0.002988    0.021636    0.000000    0.001691    0.000000    3.566382    1.000000    0.000000    0.000000    1.177905    1.160241    0.942116    1.594423    1.492326    0.004442    0.090185    0.786005    30.860038  
[37m[36mINFO[0m[0m 09/04 02:04:28 | 0.885178    0.891720    0.000000    0.994398    0.015466    0.985330    0.997863    1.000000    0.885178    0.891720    1500        35.928144   3.585060    0.019631    0.000927    0.002766    0.002766    0.025943    0.000000    0.001528    0.000000    3.565428    1.000000    0.000000    0.000000    1.187342    1.171384    0.942676    1.602145    1.496370    0.002192    0.086243    0.685562    36.030952  
[37m[36mINFO[0m[0m 09/04 02:06:08 | 0.895356    0.901911    0.000000    0.995213    0.013880    0.987775    0.997863    1.000000    0.895356    0.901911    1600        38.323353   3.562745    0.015848    0.000602    0.002146    0.002146    0.020276    0.000000    0.001332    0.000000    3.546898    1.000000    0.000000    0.000000    1.198308    1.182423    0.945348    1.607584    1.504150    0.000773    0.078944    0.696671    30.353633  
[37m[36mINFO[0m[0m 09/04 02:07:54 | 0.889949    0.895541    0.000000    0.994398    0.014426    0.985330    0.997863    1.000000    0.889949    0.895541    1700        40.718563   3.550483    0.012748    0.000322    0.001555    0.001555    0.018342    0.000000    0.001241    0.000000    3.537734    1.000000    0.000000    0.000000    1.205911    1.191399    0.946391    1.612707    1.507735    0.001034    0.077347    0.785751    26.676079  
[37m[36mINFO[0m[0m 09/04 02:09:50 | 0.891539    0.894268    0.000000    0.994398    0.016186    0.985330    0.997863    1.000000    0.891539    0.894268    1800        43.113772   3.540909    0.013069    0.000532    0.001691    0.001691    0.023868    0.000000    0.001155    0.000000    3.527840    1.000000    0.000000    0.000000    1.217210    1.203784    0.948258    1.614890    1.511451    0.000294    0.072411    0.832572    32.943085  
[37m[36mINFO[0m[0m 09/04 02:11:35 | 0.889313    0.892994    0.000000    0.994398    0.015310    0.985330    0.997863    1.000000    0.889313    0.892994    1900        45.508982   3.538499    0.011746    0.000461    0.001514    0.001514    0.025275    0.000000    0.001046    0.000000    3.526754    1.000000    0.000000    0.000000    1.227869    1.214470    0.948670    1.619043    1.512916    -0.000777   0.070565    0.726865    32.436203  
[37m[36mINFO[0m[0m 09/04 02:13:16 | 0.887087    0.889172    0.000000    0.994398    0.015623    0.985330    0.997863    1.000000    0.887087    0.889172    2000        47.904192   3.524912    0.010365    0.000370    0.001254    0.001254    0.021217    0.000000    0.000996    0.000000    3.514546    1.000000    0.000000    0.000000    1.236009    1.223550    0.950324    1.623401    1.517645    -0.000192   0.068085    0.690687    31.704952  
[37m[36mINFO[0m[0m 09/04 02:15:05 | 0.888995    0.889172    0.000000    0.995213    0.015171    0.987775    0.997863    1.000000    0.888995    0.889172    2100        50.299401   3.506220    0.008954    0.000236    0.001059    0.001059    0.017596    0.000000    0.000896    0.000000    3.497265    1.000000    0.000000    0.000000    1.247949    1.236012    0.951808    1.626920    1.520901    -0.000837   0.065457    0.806159    28.636819  
[37m[36mINFO[0m[0m 09/04 02:17:02 | 0.883906    0.890446    0.000000    0.994295    0.019963    0.982885    1.000000    1.000000    0.883906    0.890446    2200        52.694611   3.499586    0.008004    0.000210    0.000857    0.000857    0.018004    0.000000    0.000873    0.000000    3.491582    1.000000    0.000000    0.000000    1.258127    1.245648    0.952543    1.630560    1.524730    -0.000704   0.063039    0.876644    28.979285  
[37m[36mINFO[0m[0m 09/04 02:18:50 | 0.885496    0.890446    0.000000    0.995110    0.018015    0.985330    1.000000    1.000000    0.885496    0.890446    2300        55.089820   3.511970    0.007870    0.000256    0.000883    0.000883    0.025029    0.000000    0.000816    0.000000    3.504100    1.000000    0.000000    0.000000    1.266861    1.254163    0.953089    1.630150    1.525496    -0.000526   0.060726    0.754592    33.148396  
[37m[36mINFO[0m[0m 09/04 02:20:32 | 0.887723    0.889172    0.000000    0.994398    0.016237    0.985330    0.997863    1.000000    0.887723    0.889172    2400        57.485030   3.498565    0.007306    0.000240    0.000846    0.000846    0.024496    0.000000    0.000737    0.000000    3.491259    1.000000    0.000000    0.000000    1.277544    1.267082    0.954364    1.634517    1.528368    -0.001321   0.058651    0.684429    33.392222  
[37m[36mINFO[0m[0m 09/04 02:22:18 | 0.888995    0.890446    0.000000    0.994398    0.017178    0.985330    0.997863    1.000000    0.888995    0.890446    2500        59.880240   3.488199    0.005709    0.000098    0.000535    0.000535    0.022220    0.000000    0.000694    0.000000    3.482490    1.000000    0.000000    0.000000    1.286416    1.276320    0.955117    1.633964    1.529086    -0.000955   0.056949    0.757931    30.172502  
[37m[36mINFO[0m[0m 09/04 02:24:12 | 0.889949    0.890446    0.000000    0.994398    0.017608    0.985330    0.997863    1.000000    0.889949    0.890446    2600        62.275449   3.480495    0.005339    0.000098    0.000515    0.000515    0.021571    0.000000    0.000636    0.000000    3.475156    1.000000    0.000000    0.000000    1.297034    1.285338    0.956347    1.636037    1.530684    -0.000534   0.056035    0.856382    28.097531  
[37m[36mINFO[0m[0m 09/04 02:26:04 | 0.888677    0.889172    0.000000    0.995110    0.017748    0.985330    1.000000    1.000000    0.888677    0.889172    2700        64.670659   3.488756    0.005069    0.000113    0.000488    0.000488    0.022682    0.000000    0.000601    0.000000    3.483687    1.000000    0.000000    0.000000    1.305931    1.293487    0.956894    1.636942    1.530763    -0.000797   0.054951    0.806968    31.631839  
[37m[36mINFO[0m[0m 09/04 02:27:46 | 0.889949    0.894268    0.000000    0.995213    0.016574    0.987775    0.997863    1.000000    0.889949    0.894268    2800        67.065868   3.485916    0.004844    0.000090    0.000440    0.000440    0.015283    0.000000    0.000599    0.000000    3.481072    1.000000    0.000000    0.000000    1.313411    1.300716    0.957488    1.637678    1.532973    -0.000435   0.053598    0.684137    33.048137  
[37m[36mINFO[0m[0m 09/04 02:29:27 | 0.883906    0.889172    0.000000    0.995110    0.019267    0.985330    1.000000    1.000000    0.883906    0.889172    2900        69.461078   3.485075    0.004611    0.000116    0.000448    0.000448    0.027079    0.000000    0.000541    0.000000    3.480464    1.000000    0.000000    0.000000    1.324258    1.311827    0.958363    1.639509    1.533708    -0.000745   0.052552    0.706420    30.325261  
[37m[36mINFO[0m[0m 09/04 02:31:18 | 0.889313    0.889172    0.000000    0.995110    0.018616    0.985330    1.000000    1.000000    0.889313    0.889172    3000        71.856287   3.468723    0.004152    0.000068    0.000363    0.000363    0.020265    0.000000    0.000526    0.000000    3.464571    1.000000    0.000000    0.000000    1.333383    1.322034    0.959546    1.641952    1.537523    -0.000812   0.050730    0.821668    28.905902  
[37m[36mINFO[0m[0m 09/04 02:33:12 | 0.889949    0.891720    0.000000    0.995213    0.018214    0.987775    0.997863    1.000000    0.889949    0.891720    3100        74.251497   3.467455    0.004023    0.000078    0.000368    0.000368    0.019266    0.000000    0.000495    0.000000    3.463433    1.000000    0.000000    0.000000    1.342534    1.330477    0.959987    1.643765    1.537732    -0.000178   0.050638    0.851315    29.436561  
[37m[36mINFO[0m[0m 09/04 02:34:55 | 0.888359    0.891720    0.000000    0.995110    0.020584    0.985330    1.000000    1.000000    0.888359    0.891720    3200        76.646707   3.468516    0.003954    0.000082    0.000387    0.000387    0.022086    0.000000    0.000464    0.000000    3.464562    1.000000    0.000000    0.000000    1.349678    1.338439    0.960810    1.647111    1.541856    -0.000522   0.048362    0.705317    32.444115  
[37m[36mINFO[0m[0m 09/04 02:36:35 | 0.891858    0.896815    0.000000    0.995925    0.019942    0.987775    1.000000    1.000000    0.891858    0.896815    3300        79.041916   3.455147    0.003192    0.000045    0.000255    0.000255    0.023899    0.000000    0.000425    0.000000    3.451955    1.000000    0.000000    0.000000    1.359031    1.347114    0.961174    1.649650    1.542620    -0.001237   0.048034    0.669601    32.882539  
[37m[36mINFO[0m[0m 09/04 02:38:23 | 0.894084    0.896815    0.000000    0.995213    0.018387    0.987775    0.997863    1.000000    0.894084    0.896815    3400        81.437126   3.456639    0.003103    0.000044    0.000263    0.000263    0.022323    0.000000    0.000402    0.000000    3.453536    1.000000    0.000000    0.000000    1.369154    1.355463    0.961719    1.647858    1.542053    -0.000227   0.047892    0.792877    27.870311  
[37m[36mINFO[0m[0m 09/04 02:40:22 | 0.889949    0.892994    0.000000    0.995110    0.021114    0.985330    1.000000    1.000000    0.889949    0.892994    3500        83.832335   3.454101    0.003011    0.000048    0.000254    0.000254    0.022719    0.000000    0.000389    0.000000    3.451089    1.000000    0.000000    0.000000    1.377793    1.364762    0.962872    1.647751    1.542996    -0.000235   0.046155    0.883898    30.644296  
[37m[36mINFO[0m[0m 09/04 02:42:14 | 0.890267    0.891720    0.000000    0.995925    0.019860    0.987775    1.000000    1.000000    0.890267    0.891720    3600        86.227545   3.456091    0.002674    0.000036    0.000205    0.000205    0.025230    0.000000    0.000363    0.000000    3.453417    1.000000    0.000000    0.000000    1.382121    1.368300    0.962582    1.652609    1.546726    -0.000598   0.045166    0.765803    35.694640  
[37m[36mINFO[0m[0m 09/04 02:43:55 | 0.890903    0.894268    0.000000    0.995925    0.020122    0.987775    1.000000    1.000000    0.890903    0.894268    3700        88.622754   3.454884    0.002472    0.000025    0.000180    0.000180    0.023590    0.000000    0.000346    0.000000    3.452412    1.000000    0.000000    0.000000    1.393239    1.379615    0.963843    1.652698    1.547557    -0.000623   0.043944    0.683173    32.678456  
[37m[36mINFO[0m[0m 09/04 02:45:39 | 0.891221    0.895541    0.000000    0.995213    0.019246    0.987775    0.997863    1.000000    0.891221    0.895541    3800        91.017964   3.448145    0.002445    0.000025    0.000191    0.000191    0.021882    0.000000    0.000331    0.000000    3.445700    1.000000    0.000000    0.000000    1.398893    1.384374    0.963782    1.656019    1.549681    -0.000502   0.043273    0.743657    29.654565  
[37m[36mINFO[0m[0m 09/04 02:47:30 | 0.889631    0.891720    0.000000    0.995110    0.021136    0.985330    1.000000    1.000000    0.889631    0.891720    3900        93.413174   3.443775    0.002412    0.000045    0.000214    0.000214    0.018589    0.000000    0.000303    0.000000    3.441363    1.000000    0.000000    0.000000    1.408128    1.393934    0.964965    1.658873    1.552631    0.000071    0.042844    0.837412    27.690920  
[37m[36mINFO[0m[0m 09/04 02:49:23 | 0.888041    0.891720    0.000000    0.995110    0.022037    0.985330    1.000000    1.000000    0.888041    0.891720    4000        95.808383   3.449152    0.002312    0.000031    0.000201    0.000201    0.017091    0.000000    0.000296    0.000000    3.446840    1.000000    0.000000    0.000000    1.412455    1.397839    0.965473    1.658198    1.552044    0.000008    0.042503    0.807009    31.575708  
[37m[36mINFO[0m[0m 09/04 02:51:03 | 0.889631    0.896815    0.000000    0.995925    0.019653    0.987775    1.000000    1.000000    0.889631    0.896815    4100        98.203593   3.442422    0.002075    0.000021    0.000165    0.000165    0.017102    0.000000    0.000279    0.000000    3.440347    1.000000    0.000000    0.000000    1.420944    1.406987    0.965970    1.660238    1.553998    -0.000471   0.041400    0.664233    33.550996  
[37m[36mINFO[0m[0m 09/04 02:52:41 | 0.895356    0.900637    0.000000    0.995213    0.018816    0.987775    0.997863    1.000000    0.895356    0.900637    4200        100.598802  3.442179    0.001990    0.000023    0.000156    0.000156    0.026276    0.000000    0.000268    0.000000    3.440189    1.000000    0.000000    0.000000    1.430385    1.415801    0.966308    1.660156    1.555441    -0.000257   0.040694    0.695902    28.916387  
[37m[36mINFO[0m[0m 09/04 02:54:32 | 0.889313    0.891720    0.000000    0.995110    0.022683    0.985330    1.000000    1.000000    0.889313    0.891720    4300        102.994012  3.431740    0.001902    0.000026    0.000157    0.000157    0.017665    0.000000    0.000249    0.000000    3.429839    1.000000    0.000000    0.000000    1.439595    1.423352    0.966896    1.662195    1.555718    -0.000120   0.039970    0.849117    25.742465  
[37m[36mINFO[0m[0m 09/04 02:56:26 | 0.888677    0.890446    0.000000    0.995925    0.020931    0.987775    1.000000    1.000000    0.888677    0.890446    4400        105.389222  3.432881    0.001828    0.000023    0.000151    0.000151    0.019210    0.000000    0.000240    0.000000    3.431053    1.000000    0.000000    0.000000    1.446260    1.430374    0.967221    1.663249    1.557107    -0.000153   0.039482    0.834006    30.141220  
[37m[36mINFO[0m[0m 09/04 02:58:13 | 0.888359    0.890446    0.000000    0.995925    0.020581    0.987775    1.000000    1.000000    0.888359    0.890446    4500        107.784431  3.436296    0.001932    0.000017    0.000187    0.000187    0.023456    0.000000    0.000233    0.000000    3.434364    1.000000    0.000000    0.000000    1.450444    1.434105    0.967065    1.666472    1.560260    -0.000220   0.039003    0.716899    35.333368  
[37m[36mINFO[0m[0m 09/04 02:59:52 | 0.889949    0.894268    0.000000    0.995925    0.020020    0.987775    1.000000    1.000000    0.889949    0.894268    4600        110.179641  3.435274    0.001739    0.000020    0.000156    0.000156    0.019684    0.000000    0.000219    0.000000    3.433535    1.000000    0.000000    0.000000    1.458794    1.443147    0.968103    1.667148    1.561897    -0.000011   0.037780    0.670740    31.962865  
[37m[36mINFO[0m[0m 09/04 03:01:40 | 0.891858    0.895541    0.000000    0.995925    0.019591    0.987775    1.000000    1.000000    0.891858    0.895541    4700        112.574850  3.437172    0.001588    0.000013    0.000118    0.000118    0.020176    0.000000    0.000220    0.000000    3.435585    1.000000    0.000000    0.000000    1.463454    1.448719    0.968369    1.666713    1.560599    -0.000073   0.037186    0.792184    28.751783  
[37m[36mINFO[0m[0m 09/04 03:03:38 | 0.890267    0.892994    0.000000    0.995925    0.021846    0.987775    1.000000    1.000000    0.890267    0.892994    4800        114.970060  3.435110    0.001568    0.000014    0.000128    0.000128    0.016705    0.000000    0.000209    0.000000    3.433542    1.000000    0.000000    0.000000    1.469903    1.453349    0.968340    1.668358    1.563403    -0.000003   0.036498    0.869529    31.057052  
[37m[36mINFO[0m[0m 09/04 03:05:23 | 0.891858    0.896815    0.000000    0.995925    0.020646    0.987775    1.000000    1.000000    0.891858    0.896815    4900        117.365269  3.426725    0.001463    0.000014    0.000116    0.000116    0.019001    0.000000    0.000197    0.000000    3.425262    1.000000    0.000000    0.000000    1.482416    1.465097    0.969097    1.673891    1.566474    -0.000297   0.035225    0.723569    33.275291  
[37m[36mINFO[0m[0m 09/04 03:07:03 | 0.891858    0.898089    0.000000    0.995925    0.019759    0.987775    1.000000    1.000000    0.891858    0.898089    5000        119.760479  3.420900    0.001398    0.000010    0.000107    0.000107    0.020332    0.000000    0.000192    0.000000    3.419502    1.000000    0.000000    0.000000    1.486848    1.468777    0.969663    1.674351    1.569428    0.000103    0.034593    0.663652    33.662386  
[37m[36mINFO[0m[0m 09/04 03:07:03 | ---
[37m[36mINFO[0m[0m 09/04 03:07:03 | oracle = 89.599%
[37m[36mINFO[0m[0m 09/04 03:07:03 | iid = 89.408%
[37m[36mINFO[0m[0m 09/04 03:07:03 | last = 89.186%
[37m[36mINFO[0m[0m 09/04 03:07:03 | last (inD) = 99.593%
[37m[36mINFO[0m[0m 09/04 03:07:03 | iid (inD) = 99.603%
[37m[36mINFO[0m[0m 09/04 03:07:04 | === Summary ===
[37m[36mINFO[0m[0m 09/04 03:07:04 | Command: train_all.py pacs_stochastic_diverse_prompts_aug0 --dataset PACS --algorithm CIPTDCCL --data_dir /home/hooasia/lgg/data/repro_dccl_data --deterministic --trial_seed 0 --seed 0 --checkpoint_freq 100 --cipt_clip_path /home/hooasia/.cache/clip/ViT-B-16.pt --cipt_beta 4 --cipt_gamma 5 --cipt_k 4 --cipt_prompt_length 16 --cipt_prompt_init a photo of a --cipt_template_mode b5c --cipt_prompt_temperature 0.1 --cipt_causal_contrastive_weight 1 --cipt_contrastive_warmup_steps 500 --cipt_aug_decomp_weight 0 --output_root train_output/PACS_stochastic_diverse
[37m[36mINFO[0m[0m 09/04 03:07:04 | Unique name: 260903_20-21-38_pacs_stochastic_diverse_prompts_aug0
[37m[36mINFO[0m[0m 09/04 03:07:04 | Out path: train_output/PACS_stochastic_diverse/PACS/260903_20-21-38_pacs_stochastic_diverse_prompts_aug0
[37m[36mINFO[0m[0m 09/04 03:07:04 | Algorithm: CIPTDCCL
[37m[36mINFO[0m[0m 09/04 03:07:04 | Dataset: PACS
+------------+---------+---------+---------+---------+---------+
| Selection  |   env0  |   env1  |   env2  |   env3  |   Avg.  |
+------------+---------+---------+---------+---------+---------+
|   oracle   | 97.926% | 99.041% | 99.775% | 89.599% | 96.585% |
|    iid     | 96.949% | 99.041% | 99.850% | 89.408% | 96.312% |
|    last    | 97.437% | 98.454% | 99.551% | 89.186% | 96.157% |
| last (inD) | 98.570% | 98.021% | 97.667% | 99.593% | 98.463% |
| iid (inD)  | 98.769% | 98.443% | 98.162% | 99.603% | 98.744% |
+------------+---------+---------+---------+---------+---------+
