[37m[36mINFO[0m[0m 07/13 22:39:33 | Command :: train_all.py piccl_recommended_from_full_results_seed0_full --dataset PACS --algorithm PICCL --model resnet50 --deterministic --trial_seed 0 --seed 0 --checkpoint_freq 100 --steps 5001 --data_dir /home/hooasia/lgg/data/repro_dccl_data --piccl_fusion_mode residual_gate --piccl_ccc_weight 0.1 --piccl_connectivity_weight 0.01 --piccl_residual_scale 0.02 --piccl_lr_multiplier 0.25 --piccl_delayed_start_ratio 0.3 --piccl_loss_warmup_ratio 0.2 --piccl_feature_warmup_ratio 0.2 --piccl_gate_bias -4 --piccl_isr_weight 0.03 --piccl_inv_weight 0.01 --piccl_orth_weight 0.001 --t 0.1
Environment:
	Python: 3.10.20
	PyTorch: 2.5.1+cu121
	Torchvision: 0.20.1+cu121
	CUDA: 12.1
	CUDNN: 90100
	NumPy: 2.2.6
	PIL: 12.0.0
Args:
	TN: False
	algorithm: PICCL
	aug: 0
	checkpoint_freq: 100
	configs: []
	data_dir: /home/hooasia/lgg/data/repro_dccl_data
	dataset: PACS
	debug: False
	deterministic: True
	domainnet_auto_source_count: 3
	erm_baseline: weak
	evalmode: fast
	holdout_fraction: 0.2
	l: 1
	l_d: 0.05
	l_layer: 1
	label_ratio: 1.0
	lamda: 5
	log: False
	mix: 0
	model: resnet50
	model_save: None
	n_layer: 1
	name: piccl_recommended_from_full_results_seed0_full
	out_dir: train_output/PACS/260713_22-39-33_piccl_recommended_from_full_results_seed0_full
	out_root: train_output/PACS
	pos_mask: False
	prebuild_loader: False
	re_w: False
	sample_d: False
	seed: 0
	show: False
	source_envs: None
	start_epoch: 1000
	steps: 5001
	sup: True
	t: 0.1
	t_pre: 0.2
	target_env: None
	tb_freq: 10
	test_envs: None
	trial_seed: 0
	two_ce: False
	unique_name: 260713_22-39-33_piccl_recommended_from_full_results_seed0_full
	weak_erm: False
	work_dir: .
HParams:
	data_augmentation: True
	val_augment: False
	resnet18: False
	resnet_dropout: 0.0
	class_balanced: False
	optimizer: adam
	freeze_bn: True
	pretrained: True
	lr: 5e-05
	batch_size: 32
	weight_decay: 0.0
	piccl_rank: 16
	piccl_alpha_max: 0.5
	piccl_warmup_ratio: 0.1
	piccl_ramp_ratio: 0.2
	piccl_proto_momentum: 0.99
	piccl_num_interventions: 1
	[36mpiccl_ccc_weight: 0.1
	[0mpiccl_int_weight: 0.1
	piccl_ref_weight: 1.0
	[36mpiccl_isr_weight: 0.03
	[0m[36mpiccl_orth_weight: 0.001
	[0m[36mpiccl_inv_weight: 0.01
	[0mpiccl_eps: 1e-08
	piccl_gt_mode: replace
	piccl_basis_receive_task_grad: False
	piccl_min_valid_domains: 2
	piccl_total_steps: 1
	use_piccl: True
	[36mpiccl_fusion_mode: residual_gate
	[0m[36mpiccl_lr_multiplier: 0.25
	[0m[36mpiccl_loss_warmup_ratio: 0.2
	[0m[36mpiccl_feature_warmup_ratio: 0.2
	[0m[36mpiccl_delayed_start_ratio: 0.3
	[0m[36mpiccl_residual_scale: 0.02
	[0m[36mpiccl_gate_bias: -4
	[0m[36mpiccl_connectivity_weight: 0.01
	[0mpiccl_diagnostic_interval: 0
	piccl_strict_bypass: False
	t: 0.1
	t_pre: 0.2
	l: 1
	l_d: 0.01
	l_layer: 1
	n_layer: 1
	sup: True
	two_ce: False
	sample_d: False
	re_w: False
	pos_mask: False
	mix: 0
	aug: 0
	model: resnet50
	label_ratio: 1.0
	TN: False
	lamda: 5
	start_epoch: 1000
	log: False
	swad: LossValley
	swad_kwargs: 
	  n_converge: 3
	  n_tolerance: 6
	  tolerance_ratio: 0.3
	test_batchsize: 128
	indomain_test: False
Dataset:
	[PACS] #envs=4, #classes=7
	env0: art_painting (#2048)
	env1: cartoon (#2344)
	env2: photo (#1670)
	env3: sketch (#3929)

[37m[36mINFO[0m[0m 07/13 22:39:37 | n_steps = 5001
[37m[36mINFO[0m[0m 07/13 22:39:37 | checkpoint_freq = 100
[37m[36mINFO[0m[0m 07/13 22:39:37 | n_steps is updated to 5001 => 5001 for checkpointing
[37m[36mINFO[0m[0m 07/13 22:39:37 | Target test envs = [[0], [1], [2], [3]]
[37m[36mINFO[0m[0m 07/13 22:39:37 | 
[37m[36mINFO[0m[0m 07/13 22:39:41 | Testenv name escaping te_art_painting -> te_art_painting
[37m[36mINFO[0m[0m 07/13 22:39:41 | Test envs = [0], name = te_art_painting
[37m[36mINFO[0m[0m 07/13 22:39:41 | Batch sizes for each domain: [0, 32, 32, 32] (total=96)
[37m[36mINFO[0m[0m 07/13 22:39:41 | steps-per-epoch for each domain: 58.62, 41.75, 98.25 -> min = 41.75
[37m[36mINFO[0m[0m 07/13 22:39:43 | # of params = 53365703
[37m[36mINFO[0m[0m 07/13 22:39:55 | test_in     test_out    train_in    train_out   tr_outloss  env0_in     env0_out    env1_out    env2_out    env3_out    step        epoch       loss        loss_cls    loss_ccc    loss_cross  loss_int    loss_ref    loss_isr    loss_orth   loss_inv    loss_gt     piccl_alph  paired_res  domain_res  valid_doma  basis_orth  response_c  raw_interv  mediator_i  ce_loss     sup_cl_los  pre_cl_los  dccl_total  weighted_l  weighted_l  weighted_l  weighted_l  piccl_loss  piccl_feat  residual_s  piccl_loss  connectivi  residual_d  fused_orig  piccl_exec  original_f  piccl_feat  feature_de  feature_de  original_f  gate_mean   gate_std    gate_min    gate_max    backbone_g  piccl_grad  classifier  has_nan_or  param_grou  param_grou  param_grou  param_grou  param_grou  param_grou  param_grou  param_grou  param_grou  step_time   eval_time  
[37m[36mINFO[0m[0m 07/13 22:39:55 | 0.128737    0.180929    0.000000    0.257848    1.832228    0.128737    0.180929    0.222222    0.374251    0.177070    0           0.000000    1.940914    1.940914    5.165593    5.274722    2.035625    5.112845    0.000000    0.126582    0.081069    0.000000    0.000000    0.000000    0.000000    21.000000   0.126582    0.000000    0.918931    0.918931    1.940914    5.274722    5.112845    12.328482   0.000000    0.000000    0.000000    0.000000    0.000000    0.000000    0.020000    0.000000    0.000000    0.000000    1.000000    1.000000    24.181402   45.253296   0.000000    0.000000    1.000000    0.017986    0.000000    0.017986    0.017986    3.895880    0.000000    3.423702    0.000000    0.000050    0.000500    0.000005    0.000500    0.000500    0.000005    0.000013    0.000013    0.000013    1.326259    10.701155  
[37m[36mINFO[0m[0m 07/13 22:41:07 | 0.823063    0.843521    0.000000    0.946458    0.150580    0.823063    0.843521    0.942308    0.976048    0.921019    100         2.395210    0.356779    0.356779    4.962497    3.872399    1.986607    4.923773    0.992815    0.126582    0.035804    0.000000    0.000000    17.778008   5.415980    21.000000   0.126582    0.007185    0.964196    0.964196    0.356779    3.872399    4.923773    9.152950    0.000000    0.000000    0.000000    0.000000    0.000000    0.000000    0.020000    0.000000    0.000000    0.000000    1.000000    1.000000    72.229183   45.254615   0.000000    0.000000    1.000000    0.017986    0.000000    0.017986    0.017986    8.322619    0.000000    3.777845    0.000000    0.000050    0.000500    0.000005    0.000500    0.000500    0.000005    0.000013    0.000013    0.000013    0.562614    10.957381  
[37m[36mINFO[0m[0m 07/13 22:42:19 | 0.794997    0.784841    0.000000    0.952403    0.144612    0.794997    0.784841    0.942308    0.976048    0.938854    200         4.790419    0.122337    0.122337    4.887243    3.411264    1.826520    4.853130    0.992535    0.126582    0.031168    0.000000    0.000000    17.835300   11.008169   21.000000   0.126582    0.007465    0.968832    0.968832    0.122337    3.411264    4.853130    8.386731    0.000000    0.000000    0.000000    0.000000    0.000000    0.000000    0.020000    0.000000    0.000000    0.000000    1.000000    1.000000    72.159272   45.254655   0.000000    0.000000    1.000000    0.017986    0.000000    0.017986    0.017986    6.216034    0.000000    1.922204    0.000000    0.000050    0.000500    0.000005    0.000500    0.000500    0.000005    0.000013    0.000013    0.000013    0.565647    10.858360  
[37m[36mINFO[0m[0m 07/13 22:43:32 | 0.851129    0.848411    0.000000    0.960972    0.120200    0.851129    0.848411    0.967949    0.985030    0.929936    300         7.185629    0.087259    0.087259    4.860693    3.273456    1.805596    4.827959    0.992659    0.126582    0.028313    0.000000    0.000000    17.611579   12.915767   21.000000   0.126582    0.007341    0.971687    0.971687    0.087259    3.273456    4.827959    8.188674    0.000000    0.000000    0.000000    0.000000    0.000000    0.000000    0.020000    0.000000    0.000000    0.000000    1.000000    1.000000    73.205152   45.254652   0.000000    0.000000    1.000000    0.017986    0.000000    0.017986    0.017986    5.332056    0.000000    1.521047    0.000000    0.000050    0.000500    0.000005    0.000500    0.000500    0.000005    0.000013    0.000013    0.000013    0.566274    12.054816  
[37m[36mINFO[0m[0m 07/13 22:44:45 | 0.809640    0.828851    0.000000    0.964633    0.132663    0.809640    0.828851    0.965812    0.979042    0.949045    400         9.580838    0.073036    0.073036    4.845925    3.218784    1.793661    4.813737    0.992659    0.126582    0.027203    0.000000    0.000000    16.506479   13.183593   21.000000   0.126582    0.007341    0.972797    0.972797    0.073036    3.218784    4.813737    8.105557    0.000000    0.000000    0.000000    0.000000    0.000000    0.000000    0.020000    0.000000    0.000000    0.000000    1.000000    1.000000    68.341444   45.254630   0.000000    0.000000    1.000000    0.017986    0.000000    0.017986    0.017986    5.159268    0.000000    1.211994    0.000000    0.000050    0.000500    0.000005    0.000500    0.000500    0.000005    0.000013    0.000013    0.000013    0.559722    12.116670  
[37m[36mINFO[0m[0m 07/13 22:45:58 | 0.805979    0.811736    0.000000    0.967466    0.134461    0.805979    0.811736    0.963675    0.982036    0.956688    500         11.976048   0.052488    0.052488    4.831261    3.148121    1.803059    4.799780    0.992687    0.126582    0.025401    0.000000    0.000000    16.783108   13.197882   21.000000   0.126582    0.007313    0.974599    0.974599    0.052488    3.148121    4.799780    8.000389    0.000000    0.000000    0.000000    0.000000    0.000000    0.000000    0.020000    0.000000    0.000000    0.000000    1.000000    1.000000    70.639384   45.254638   0.000000    0.000000    1.000000    0.017986    0.000000    0.017986    0.017986    4.309167    0.000000    0.951813    0.000000    0.000050    0.000500    0.000005    0.000500    0.000500    0.000005    0.000013    0.000013    0.000013    0.564640    12.236457  
[37m[36mINFO[0m[0m 07/13 22:47:12 | 0.815131    0.826406    0.000000    0.963519    0.140724    0.815131    0.826406    0.967949    0.985030    0.937580    600         14.371257   0.042417    0.042417    4.818725    3.147432    1.787034    4.787250    0.992635    0.126582    0.024654    0.000000    0.000000    16.949444   13.887103   21.000000   0.126582    0.007365    0.975346    0.975346    0.042417    3.147432    4.787250    7.977100    0.000000    0.000000    0.000000    0.000000    0.000000    0.000000    0.020000    0.000000    0.000000    0.000000    1.000000    1.000000    71.645287   45.254637   0.000000    0.000000    1.000000    0.017986    0.000000    0.017986    0.017986    3.744172    0.000000    0.679507    0.000000    0.000050    0.000500    0.000005    0.000500    0.000500    0.000005    0.000013    0.000013    0.000013    0.566792    12.469661  
[37m[36mINFO[0m[0m 07/13 22:48:26 | 0.817572    0.833741    0.000000    0.966905    0.120101    0.817572    0.833741    0.965812    0.982036    0.952866    700         16.766467   0.043150    0.043150    4.823575    3.105826    1.827674    4.792517    0.992670    0.126582    0.024938    0.000000    0.000000    16.669280   14.119196   21.000000   0.126582    0.007330    0.975062    0.975062    0.043150    3.105826    4.792517    7.941493    0.000000    0.000000    0.000000    0.000000    0.000000    0.000000    0.020000    0.000000    0.000000    0.000000    1.000000    1.000000    69.886003   45.254633   0.000000    0.000000    1.000000    0.017986    0.000000    0.017986    0.017986    4.199899    0.000000    0.762713    0.000000    0.000050    0.000500    0.000005    0.000500    0.000500    0.000005    0.000013    0.000013    0.000013    0.565802    12.431064  
[37m[36mINFO[0m[0m 07/13 22:49:40 | 0.820622    0.831296    0.000000    0.967492    0.110608    0.820622    0.831296    0.972222    0.985030    0.945223    800         19.161677   0.046324    0.046324    4.816778    3.100263    1.827103    4.785776    0.992748    0.126582    0.024846    0.000000    0.000000    16.049746   13.444953   21.000000   0.126582    0.007252    0.975154    0.975154    0.046324    3.100263    4.785776    7.932363    0.000000    0.000000    0.000000    0.000000    0.000000    0.000000    0.020000    0.000000    0.000000    0.000000    1.000000    1.000000    66.575554   45.254604   0.000000    0.000000    1.000000    0.017986    0.000000    0.017986    0.017986    4.252340    0.000000    0.724672    0.000000    0.000050    0.000500    0.000005    0.000500    0.000500    0.000005    0.000013    0.000013    0.000013    0.572083    11.497505  
[37m[36mINFO[0m[0m 07/13 22:50:53 | 0.841977    0.858191    0.000000    0.956093    0.163427    0.841977    0.858191    0.957265    0.967066    0.943949    900         21.556886   0.028293    0.028293    4.809934    3.085607    1.821615    4.779078    0.992684    0.126582    0.023806    0.000000    0.000000    16.481389   13.708877   21.000000   0.126582    0.007316    0.976194    0.976194    0.028293    3.085607    4.779078    7.892978    0.000000    0.000000    0.000000    0.000000    0.000000    0.000000    0.020000    0.000000    0.000000    0.000000    1.000000    1.000000    69.612446   45.254619   0.000000    0.000000    1.000000    0.017986    0.000000    0.017986    0.017986    2.953591    0.000000    0.484017    0.000000    0.000050    0.000500    0.000005    0.000500    0.000500    0.000005    0.000013    0.000013    0.000013    0.568157    11.531163  
[37m[36mINFO[0m[0m 07/13 22:52:07 | 0.750458    0.775061    0.000000    0.953241    0.201999    0.750458    0.775061    0.940171    0.973054    0.946497    1000        23.952096   0.022058    0.022058    4.804784    3.046201    1.836690    4.774322    0.992759    0.126582    0.021530    0.000000    0.000000    16.228642   13.744134   21.000000   0.126582    0.007241    0.978470    0.978470    0.022058    3.046201    4.774322    7.842581    0.000000    0.000000    0.000000    0.000000    0.000000    0.000000    0.020000    0.000000    0.000000    0.000000    1.000000    1.000000    70.300601   45.254641   0.000000    0.000000    1.000000    0.017986    0.000000    0.017986    0.017986    2.871571    0.000000    0.451986    0.000000    0.000050    0.000500    0.000005    0.000500    0.000500    0.000005    0.000013    0.000013    0.000013    0.571846    12.249387  
[37m[36mINFO[0m[0m 07/13 22:53:21 | 0.805369    0.836186    0.000000    0.950949    0.197773    0.805369    0.836186    0.944444    0.958084    0.950318    1100        26.347305   0.034182    0.034182    4.819615    3.061308    1.865213    4.789002    0.992778    0.126582    0.022978    0.000000    0.000000    16.137218   13.500918   21.000000   0.126582    0.007222    0.977023    0.977023    0.034182    3.061308    4.789002    7.884492    0.000000    0.000000    0.000000    0.000000    0.000000    0.000000    0.020000    0.000000    0.000000    0.000000    1.000000    1.000000    68.499941   45.254612   0.000000    0.000000    1.000000    0.017986    0.000000    0.017986    0.017986    3.694939    0.000000    0.585957    0.000000    0.000050    0.000500    0.000005    0.000500    0.000500    0.000005    0.000013    0.000013    0.000013    0.567375    12.384672  
[37m[36mINFO[0m[0m 07/13 22:54:35 | 0.833435    0.860636    0.000000    0.951444    0.177666    0.833435    0.860636    0.957265    0.976048    0.921019    1200        28.742515   0.041683    0.041683    4.808204    3.038791    1.859356    4.777816    0.992763    0.126582    0.022891    0.000000    0.000000    14.483668   12.758003   21.000000   0.126582    0.007237    0.977109    0.977109    0.041683    3.038791    4.777816    7.858290    0.000000    0.000000    0.000000    0.000000    0.000000    0.000000    0.020000    0.000000    0.000000    0.000000    1.000000    1.000000    56.965416   45.254538   0.000000    0.000000    1.000000    0.017986    0.000000    0.017986    0.017986    3.921335    0.000000    0.592567    0.000000    0.000050    0.000500    0.000005    0.000500    0.000500    0.000005    0.000013    0.000013    0.000013    0.562755    12.497818  
[37m[36mINFO[0m[0m 07/13 22:55:50 | 0.848078    0.848411    0.000000    0.967468    0.130062    0.848078    0.848411    0.967949    0.979042    0.955414    1300        31.137725   0.029149    0.029149    4.800412    2.997950    1.911967    4.770433    0.992681    0.126582    0.021004    0.000000    0.000000    14.878336   11.687969   21.000000   0.126582    0.007319    0.978996    0.978996    0.029149    2.997950    4.770433    7.797531    0.000000    0.000000    0.000000    0.000000    0.000000    0.000000    0.020000    0.000000    0.000000    0.000000    1.000000    1.000000    61.639706   45.254581   0.000000    0.000000    1.000000    0.017986    0.000000    0.017986    0.017986    3.099428    0.000000    0.478682    0.000000    0.000050    0.000500    0.000005    0.000500    0.000500    0.000005    0.000013    0.000013    0.000013    0.569525    12.998693  
[37m[36mINFO[0m[0m 07/13 22:57:05 | 0.821843    0.845966    0.000000    0.964782    0.132972    0.821843    0.845966    0.965812    0.982036    0.946497    1400        33.532934   0.025292    0.025292    4.798442    2.982643    1.904971    4.768615    0.992738    0.126582    0.020582    0.000000    0.000000    14.432797   11.556272   21.000000   0.126582    0.007262    0.979418    0.979418    0.025292    2.982643    4.768615    7.776551    0.000000    0.000000    0.000000    0.000000    0.000000    0.000000    0.020000    0.000000    0.000000    0.000000    1.000000    1.000000    59.549031   45.254556   0.000000    0.000000    1.000000    0.017986    0.000000    0.017986    0.017986    2.671388    0.000000    0.409798    0.000000    0.000050    0.000500    0.000005    0.000500    0.000500    0.000005    0.000013    0.000013    0.000013    0.570620    12.718718  
[37m[36mINFO[0m[0m 07/13 22:58:19 | 0.840757    0.821516    0.000000    0.965474    0.136553    0.840757    0.821516    0.972222    0.970060    0.954140    1500        35.928144   0.015166    0.015166    4.794894    2.952332    1.943987    4.765371    0.992749    0.126582    0.019272    0.000000    0.000000    15.489210   12.351443   21.000000   0.126582    0.007251    0.980728    0.980728    0.015166    2.952332    4.765371    7.732868    0.000000    0.000000    0.000000    0.000000    0.000000    0.000000    0.020000    0.000000    0.000000    0.000000    1.000000    1.000000    68.067049   45.254622   0.000000    0.000000    1.000000    0.017986    0.000000    0.017986    0.017986    2.083971    0.000000    0.301043    0.000000    0.000050    0.000500    0.000005    0.000500    0.000500    0.000005    0.000013    0.000013    0.000013    0.567729    12.024397  
[37m[36mINFO[0m[0m 07/13 22:59:34 | 0.807810    0.809291    0.000000    0.964480    0.141153    0.807810    0.809291    0.957265    0.982036    0.954140    1600        38.323353   0.055091    0.032162    4.347685    2.857193    2.071744    4.319114    0.981404    0.021851    0.022028    0.000000    0.000000    14.829511   12.087196   21.000000   0.020590    0.018975    0.977972    0.977972    0.032162    2.857193    4.319114    7.208469    0.021440    0.001478    0.000000    0.000011    0.050500    0.050500    0.020000    0.005050    0.000505    0.000635    1.000000    1.000000    58.276744   45.254583   0.000635    0.000011    1.000000    0.017995    0.000084    0.017049    0.019128    3.478644    0.000113    0.481151    0.000000    0.000050    0.000500    0.000005    0.000500    0.000500    0.000005    0.000013    0.000013    0.000013    0.565448    13.215789  
[37m[36mINFO[0m[0m 07/13 23:00:49 | 0.784625    0.779951    0.000000    0.967022    0.136450    0.784625    0.779951    0.967949    0.970060    0.963057    1700        40.718563   0.096065    0.030369    4.091131    2.742378    2.261044    4.063707    0.923098    0.001389    0.020674    0.000000    0.000000    14.758345   11.590697   21.000000   0.001415    0.077564    0.979327    0.979326    0.030369    2.742378    4.063707    6.836454    0.061513    0.004152    0.000000    0.000031    0.150500    0.150500    0.020000    0.015050    0.001505    0.002033    1.000000    1.000000    60.530717   45.255577   0.002033    0.000034    1.000000    0.018095    0.000382    0.015097    0.022991    3.303157    0.000525    0.449532    0.000000    0.000050    0.000500    0.000005    0.000500    0.000500    0.000005    0.000013    0.000013    0.000013    0.564911    13.467054  
[37m[36mINFO[0m[0m 07/13 23:02:02 | 0.859671    0.841076    0.000000    0.961060    0.161756    0.859671    0.841076    0.952991    0.976048    0.954140    1800        43.113772   0.125334    0.018237    4.013307    2.692088    2.343808    3.986387    0.873249    0.004475    0.019146    0.000000    0.000000    14.454286   11.697010   21.000000   0.004498    0.127218    0.980856    0.980854    0.018237    2.692088    3.986387    6.696711    0.100495    0.006553    0.000001    0.000048    0.250500    0.250500    0.020000    0.025050    0.002505    0.003358    1.000000    1.000000    59.313510   45.256993   0.003358    0.000056    1.000000    0.018373    0.000777    0.013562    0.031220    2.362235    0.000883    0.315347    0.000000    0.000050    0.000500    0.000005    0.000500    0.000500    0.000005    0.000013    0.000013    0.000013    0.566751    11.467912  
[37m[36mINFO[0m[0m 07/13 23:03:16 | 0.788286    0.792176    0.000000    0.962613    0.143662    0.788286    0.792176    0.961538    0.967066    0.959236    1900        45.508982   0.173515    0.025038    3.985555    2.689146    2.375002    3.958664    0.832243    0.006148    0.019780    0.000000    0.000000    14.447199   11.512401   21.000000   0.006162    0.168170    0.980222    0.980220    0.025038    2.689146    3.958664    6.672848    0.139665    0.008740    0.000002    0.000069    0.350500    0.350500    0.020000    0.035050    0.003505    0.004693    1.000000    1.000000    58.432887   45.257814   0.004693    0.000080    1.000000    0.018547    0.001167    0.012683    0.042735    2.684859    0.001292    0.349527    0.000000    0.000050    0.000500    0.000005    0.000500    0.000500    0.000005    0.000013    0.000013    0.000013    0.569363    11.803346  
[37m[36mINFO[0m[0m 07/13 23:04:29 | 0.835876    0.865526    0.000000    0.961359    0.166800    0.835876    0.865526    0.957265    0.979042    0.947771    2000        47.904192   0.218711    0.028848    3.971279    2.699455    2.381432    3.944285    0.806658    0.006404    0.021416    0.000000    0.000000    13.851772   10.950783   21.000000   0.006396    0.193702    0.978588    0.978584    0.028848    2.699455    3.944285    6.672588    0.178866    0.010897    0.000003    0.000096    0.450500    0.450500    0.020000    0.045050    0.004505    0.005383    1.000000    1.000000    51.648643   45.258751   0.005383    0.000104    1.000000    0.018728    0.001454    0.011436    0.046878    3.200278    0.001666    0.331334    0.000000    0.000050    0.000500    0.000005    0.000500    0.000500    0.000005    0.000013    0.000013    0.000013    0.566230    11.649922  
[37m[36mINFO[0m[0m 07/13 23:05:43 | 0.848688    0.843521    0.000000    0.962799    0.165261    0.848688    0.843521    0.972222    0.976048    0.940127    2100        50.299401   0.246284    0.015743    3.949906    2.673075    2.381585    3.911283    0.785328    0.006220    0.018594    0.000000    0.025250    13.926775   10.356822   21.000000   0.006222    0.215007    0.981409    0.981406    0.015743    2.673075    3.911283    6.600101    0.217473    0.012962    0.000003    0.000102    0.550500    0.550500    0.020000    0.055050    0.005505    0.006823    1.000000    1.000000    54.516112   45.260845   0.006823    0.000125    1.000000    0.019144    0.002027    0.010528    0.061504    2.112865    0.002076    0.238599    0.000000    0.000050    0.000500    0.000005    0.000500    0.000500    0.000005    0.000013    0.000013    0.000013    0.566590    12.235277  
[37m[36mINFO[0m[0m 07/13 23:06:56 | 0.800488    0.826406    0.000000    0.961766    0.151471    0.800488    0.826406    0.965812    0.964072    0.955414    2200        52.694611   0.309139    0.035983    3.966245    2.898079    1.917299    3.909189    0.769263    0.006108    0.020646    0.000000    0.075250    12.874236   9.917776    21.000000   0.006104    0.231011    0.979359    0.979354    0.035983    2.898079    3.909189    6.843251    0.258009    0.015010    0.000004    0.000134    0.650500    0.650500    0.020000    0.065050    0.006505    0.007143    1.000000    1.000000    45.206781   45.261127   0.007143    0.000158    1.000000    0.019058    0.001925    0.010269    0.056269    3.286995    0.002369    0.394676    0.000000    0.000050    0.000500    0.000005    0.000500    0.000500    0.000005    0.000013    0.000013    0.000013    0.568673    11.632584  
[37m[36mINFO[0m[0m 07/13 23:08:10 | 0.832825    0.843521    0.000000    0.960627    0.164868    0.832825    0.843521    0.959402    0.967066    0.955414    2300        55.089820   0.326703    0.012847    3.957655    3.505706    0.926425    3.900019    0.741506    0.005631    0.018579    0.000000    0.125250    13.363821   9.573224    21.000000   0.005626    0.258742    0.981426    0.981421    0.012847    3.505706    3.900019    7.418573    0.297027    0.016686    0.000004    0.000139    0.750500    0.750500    0.020000    0.075050    0.007505    0.009215    1.000000    1.000000    50.039174   45.262621   0.009215    0.000184    1.000000    0.019475    0.002616    0.009941    0.069404    1.756171    0.002736    0.193666    0.000000    0.000050    0.000500    0.000005    0.000500    0.000500    0.000005    0.000013    0.000013    0.000013    0.567776    12.132546  
[37m[36mINFO[0m[0m 07/13 23:09:24 | 0.872483    0.872861    0.000000    0.965474    0.133872    0.872483    0.872861    0.972222    0.970060    0.954140    2400        57.485030   0.369762    0.016750    3.932350    3.793217    0.446188    3.879036    0.720404    0.004989    0.018558    0.000000    0.175250    13.577711   9.857567    21.000000   0.004979    0.279818    0.981448    0.981442    0.016750    3.793217    3.879036    7.689004    0.334468    0.018381    0.000004    0.000158    0.850500    0.850500    0.020000    0.085050    0.008505    0.011311    1.000000    1.000000    52.018149   45.263175   0.011311    0.000218    1.000000    0.019779    0.003218    0.009012    0.090945    2.322994    0.003068    0.238651    0.000000    0.000050    0.000500    0.000005    0.000500    0.000500    0.000005    0.000013    0.000013    0.000013    0.570807    12.020293  
[37m[36mINFO[0m[0m 07/13 23:10:39 | 0.799268    0.821516    0.000000    0.945188    0.219119    0.799268    0.821516    0.950855    0.970060    0.914650    2500        59.880240   0.407198    0.014362    3.920008    3.873034    0.279348    3.868743    0.704660    0.003940    0.017801    0.000000    0.225250    13.506292   9.748416    21.000000   0.003932    0.295537    0.982206    0.982199    0.014362    3.873034    3.868743    7.756140    0.372574    0.020088    0.000004    0.000169    0.950500    0.950500    0.020000    0.095050    0.009505    0.014423    1.000000    1.000000    52.013683   45.264464   0.014423    0.000276    1.000000    0.020191    0.004246    0.008287    0.170710    2.192345    0.003371    0.215237    0.000000    0.000050    0.000500    0.000005    0.000500    0.000500    0.000005    0.000013    0.000013    0.000013    0.564103    13.405890  
[37m[36mINFO[0m[0m 07/13 23:11:53 | 0.845027    0.858191    0.000000    0.965057    0.163660    0.845027    0.858191    0.965812    0.979042    0.950318    2600        62.275449   0.437602    0.023527    3.931224    3.950882    0.269568    3.876912    0.691536    0.003377    0.020322    0.000000    0.275250    13.186188   9.619506    21.000000   0.003372    0.308636    0.979688    0.979678    0.023527    3.950882    3.876912    7.851321    0.393122    0.020746    0.000003    0.000203    1.000000    1.000000    0.020000    0.100000    0.010000    0.015878    1.000000    1.000000    46.482335   45.264152   0.015878    0.000341    1.000000    0.020049    0.004695    0.007100    0.450593    2.719656    0.003491    0.254332    0.000000    0.000050    0.000500    0.000005    0.000500    0.000500    0.000005    0.000013    0.000013    0.000013    0.562427    13.309306  
[37m[36mINFO[0m[0m 07/13 23:13:07 | 0.876144    0.892421    0.000000    0.965917    0.142810    0.876144    0.892421    0.963675    0.985030    0.949045    2700        64.670659   0.422343    0.011772    3.901972    3.894886    0.219725    3.848761    0.673141    0.003068    0.017730    0.000000    0.325250    13.197266   9.705265    21.000000   0.003066    0.327012    0.982279    0.982270    0.011772    3.894886    3.848761    7.755418    0.390197    0.020194    0.000003    0.000177    1.000000    1.000000    0.020000    0.100000    0.010000    0.023603    1.000000    1.000000    49.518668   45.265218   0.023603    0.000473    1.000000    0.020616    0.007473    0.005876    0.809130    1.565426    0.003505    0.143433    0.000000    0.000050    0.000500    0.000005    0.000500    0.000500    0.000005    0.000013    0.000013    0.000013    0.565021    12.683520  
[37m[36mINFO[0m[0m 07/13 23:14:22 | 0.827334    0.836186    0.000000    0.960332    0.205152    0.827334    0.836186    0.963675    0.958084    0.959236    2800        67.065868   0.419532    0.009494    3.902317    3.918771    0.202613    3.847949    0.654654    0.002906    0.016378    0.000000    0.375250    13.625552   10.103589   21.000000   0.002904    0.345490    0.983631    0.983622    0.009494    3.918771    3.847949    7.776214    0.390232    0.019640    0.000003    0.000164    1.000000    1.000000    0.020000    0.100000    0.010000    0.032385    1.000000    1.000000    54.269793   45.265817   0.032385    0.000592    1.000000    0.021320    0.010882    0.005309    0.941546    1.642480    0.003561    0.152191    0.000000    0.000050    0.000500    0.000005    0.000500    0.000500    0.000005    0.000013    0.000013    0.000013    0.572224    12.739639  
[37m[36mINFO[0m[0m 07/13 23:15:36 | 0.885906    0.892421    0.000000    0.969887    0.142277    0.885906    0.892421    0.963675    0.988024    0.957962    2900        69.461078   0.416529    0.006547    3.905438    3.895173    0.185284    3.850745    0.642582    0.002586    0.015859    0.000000    0.425250    13.670193   10.409444   21.000000   0.002582    0.357540    0.984151    0.984141    0.006547    3.895173    3.850745    7.752465    0.390544    0.019277    0.000003    0.000159    1.000000    1.000000    0.020000    0.100000    0.010000    0.035140    1.000000    1.000000    55.543320   45.266473   0.035140    0.000629    1.000000    0.021878    0.012894    0.004779    0.945591    1.187123    0.003491    0.102703    0.000000    0.000050    0.000500    0.000005    0.000500    0.000500    0.000005    0.000013    0.000013    0.000013    0.573557    11.564762  
[37m[36mINFO[0m[0m 07/13 23:16:50 | 0.821232    0.823961    0.000000    0.965335    0.142637    0.821232    0.823961    0.970085    0.973054    0.952866    3000        71.856287   0.418578    0.009505    3.897722    3.902374    0.167351    3.842779    0.637982    0.002335    0.015922    0.000000    0.475250    13.450772   10.570231   21.000000   0.002333    0.362126    0.984089    0.984078    0.009505    3.902374    3.842779    7.754658    0.389772    0.019139    0.000002    0.000159    1.000000    1.000000    0.020000    0.100000    0.010000    0.033590    1.000000    1.000000    52.998904   45.266072   0.033590    0.000625    1.000000    0.021900    0.013355    0.005243    0.929880    1.487475    0.003429    0.135365    0.000000    0.000050    0.000500    0.000005    0.000500    0.000500    0.000005    0.000013    0.000013    0.000013    0.563916    11.992954  
[37m[36mINFO[0m[0m 07/13 23:18:04 | 0.878585    0.863081    0.000000    0.968020    0.154162    0.878585    0.863081    0.967949    0.973054    0.963057    3100        74.251497   0.419350    0.011744    3.885326    3.935575    0.172158    3.828754    0.630230    0.002164    0.016422    0.000000    0.500000    13.509185   10.364617   21.000000   0.002163    0.369867    0.983590    0.983578    0.011744    3.935575    3.828754    7.776073    0.388533    0.018907    0.000002    0.000164    1.000000    1.000000    0.020000    0.100000    0.010000    0.036683    1.000000    1.000000    52.718707   45.266004   0.036683    0.000690    1.000000    0.022277    0.015451    0.003583    0.926456    1.815884    0.003381    0.165079    0.000000    0.000050    0.000500    0.000005    0.000500    0.000500    0.000005    0.000013    0.000013    0.000013    0.570942    11.772632  
[37m[36mINFO[0m[0m 07/13 23:19:17 | 0.771812    0.782396    0.000000    0.953417    0.245136    0.771812    0.782396    0.952991    0.976048    0.931210    3200        76.646707   0.414614    0.007699    3.883158    3.896556    0.172613    3.826931    0.614665    0.001999    0.015703    0.000000    0.500000    14.115217   10.645416   21.000000   0.001996    0.385434    0.984308    0.984297    0.007699    3.896556    3.826931    7.731187    0.388316    0.018440    0.000002    0.000157    1.000000    1.000000    0.020000    0.100000    0.010000    0.047962    1.000000    1.000000    57.635725   45.266640   0.047962    0.000822    1.000000    0.023379    0.019549    0.003076    0.955576    1.487668    0.003445    0.117085    0.000000    0.000050    0.000500    0.000005    0.000500    0.000500    0.000005    0.000013    0.000013    0.000013    0.565372    11.914225  
[37m[36mINFO[0m[0m 07/13 23:20:31 | 0.846858    0.845966    0.000000    0.969593    0.136753    0.846858    0.845966    0.972222    0.976048    0.960510    3300        79.041916   0.427045    0.018415    3.896138    3.991614    0.189491    3.837272    0.627938    0.001767    0.017704    0.000000    0.500000    12.856306   10.330338   21.000000   0.001766    0.372149    0.982311    0.982296    0.018415    3.991614    3.837272    7.847301    0.389614    0.018838    0.000002    0.000177    1.000000    1.000000    0.020000    0.100000    0.010000    0.028250    1.000000    1.000000    46.475292   45.265458   0.028250    0.000603    1.000000    0.022062    0.014329    0.003650    0.879366    1.984016    0.003321    0.185206    0.000000    0.000050    0.000500    0.000005    0.000500    0.000500    0.000005    0.000013    0.000013    0.000013    0.569131    11.978331  
[37m[36mINFO[0m[0m 07/13 23:21:45 | 0.738865    0.770171    0.000000    0.959052    0.213807    0.738865    0.770171    0.950855    0.967066    0.959236    3400        81.437126   0.420229    0.013089    3.886687    3.972256    0.178760    3.829089    0.610431    0.001785    0.015643    0.000000    0.500000    13.397336   10.491557   21.000000   0.001786    0.389657    0.984369    0.984357    0.013089    3.972256    3.829089    7.814433    0.388669    0.018313    0.000002    0.000156    1.000000    1.000000    0.020000    0.100000    0.010000    0.045285    1.000000    1.000000    53.015929   45.266034   0.045285    0.000845    1.000000    0.023361    0.020974    0.002023    0.961389    1.790941    0.003371    0.147777    0.000000    0.000050    0.000500    0.000005    0.000500    0.000500    0.000005    0.000013    0.000013    0.000013    0.567327    12.745289  
[37m[36mINFO[0m[0m 07/13 23:22:59 | 0.809640    0.848411    0.000000    0.960788    0.214421    0.809640    0.848411    0.961538    0.973054    0.947771    3500        83.832335   0.416514    0.009257    3.890986    3.967530    0.171674    3.834143    0.599939    0.001765    0.015847    0.000000    0.500000    13.846998   10.602022   21.000000   0.001765    0.400149    0.984166    0.984153    0.009257    3.967530    3.834143    7.810931    0.389099    0.017998    0.000002    0.000158    1.000000    1.000000    0.020000    0.100000    0.010000    0.056148    1.000000    1.000000    54.893207   45.266779   0.056148    0.001002    1.000000    0.024172    0.024867    0.001489    0.967747    1.660370    0.003411    0.128919    0.000000    0.000050    0.000500    0.000005    0.000500    0.000500    0.000005    0.000013    0.000013    0.000013    0.563907    11.966413  
[37m[36mINFO[0m[0m 07/13 23:24:13 | 0.830995    0.819071    0.000000    0.968879    0.150601    0.830995    0.819071    0.965812    0.979042    0.961783    3600        86.227545   0.425608    0.018397    3.889601    3.946559    0.178447    3.832290    0.602797    0.001647    0.016521    0.000000    0.500000    13.554694   10.675425   21.000000   0.001646    0.397276    0.983493    0.983479    0.018397    3.946559    3.832290    7.797246    0.388960    0.018084    0.000002    0.000165    1.000000    1.000000    0.020000    0.100000    0.010000    0.061751    0.999999    1.000000    51.835172   45.266709   0.061751    0.001177    0.999999    0.024471    0.028330    0.001227    0.991197    2.331402    0.003293    0.227639    0.000000    0.000050    0.000500    0.000005    0.000500    0.000500    0.000005    0.000013    0.000013    0.000013    0.567368    13.041122  
[37m[36mINFO[0m[0m 07/13 23:25:27 | 0.799878    0.816626    0.000000    0.959216    0.168278    0.799878    0.816626    0.961538    0.967066    0.949045    3700        88.622754   0.415127    0.009842    3.869823    3.889430    0.162499    3.814679    0.604966    0.001473    0.015258    0.000000    0.500000    13.628722   10.531500   21.000000   0.001471    0.395105    0.984754    0.984742    0.009842    3.889430    3.814679    7.713951    0.386982    0.018149    0.000001    0.000153    1.000000    1.000000    0.020000    0.100000    0.010000    0.063886    0.999999    1.000000    54.534845   45.267710   0.063886    0.001160    0.999999    0.025332    0.029481    0.001409    0.987651    1.573763    0.003270    0.128082    0.000000    0.000050    0.000500    0.000005    0.000500    0.000500    0.000005    0.000013    0.000013    0.000013    0.567816    12.620148  
[37m[36mINFO[0m[0m 07/13 23:26:41 | 0.790116    0.821516    0.000000    0.965171    0.157673    0.790116    0.821516    0.959402    0.973054    0.963057    3800        91.017964   0.417416    0.011861    3.872684    3.916587    0.168778    3.816640    0.603819    0.001304    0.017140    0.000000    0.500000    13.287638   10.372616   21.000000   0.001303    0.396247    0.982875    0.982860    0.011861    3.916587    3.816640    7.745089    0.387268    0.018115    0.000001    0.000171    1.000000    1.000000    0.020000    0.100000    0.010000    0.046862    1.000000    1.000000    49.017900   45.267369   0.046862    0.000948    1.000000    0.024659    0.026474    0.001563    0.972084    1.789833    0.003241    0.145022    0.000000    0.000050    0.000500    0.000005    0.000500    0.000500    0.000005    0.000013    0.000013    0.000013    0.569331    12.506660  
[37m[36mINFO[0m[0m 07/13 23:27:55 | 0.878585    0.865526    0.000000    0.960198    0.172778    0.878585    0.865526    0.974359    0.952096    0.954140    3900        93.413174   0.437052    0.030164    3.883658    3.960306    0.202568    3.823798    0.611168    0.001127    0.018611    0.000000    0.500000    12.968652   10.052056   21.000000   0.001126    0.388899    0.981405    0.981389    0.030164    3.960306    3.823798    7.814268    0.388366    0.018335    0.000001    0.000186    1.000000    1.000000    0.020000    0.100000    0.010000    0.046839    1.000000    1.000000    45.494189   45.266633   0.046839    0.000987    1.000000    0.024131    0.024757    0.002395    0.952678    2.844397    0.003239    0.248151    0.000000    0.000050    0.000500    0.000005    0.000500    0.000500    0.000005    0.000013    0.000013    0.000013    0.569083    11.802243  
[37m[36mINFO[0m[0m 07/13 23:29:09 | 0.824283    0.831296    0.000000    0.962058    0.153159    0.824283    0.831296    0.952991    0.979042    0.954140    4000        95.808383   0.416471    0.011077    3.874125    3.974620    0.174565    3.816922    0.593843    0.001149    0.016551    0.000000    0.500000    13.420489   9.561943    21.000000   0.001150    0.406229    0.983463    0.983449    0.011077    3.974620    3.816922    7.802619    0.387412    0.017815    0.000001    0.000166    1.000000    1.000000    0.020000    0.100000    0.010000    0.049232    1.000000    1.000000    49.465915   45.268221   0.049232    0.000983    1.000000    0.024956    0.026234    0.001973    0.981856    1.803952    0.003300    0.143044    0.000000    0.000050    0.000500    0.000005    0.000500    0.000500    0.000005    0.000013    0.000013    0.000013    0.567759    11.676503  
[37m[36mINFO[0m[0m 07/13 23:30:22 | 0.827334    0.863081    0.000000    0.961204    0.154542    0.827334    0.863081    0.967949    0.964072    0.951592    4100        98.203593   0.420496    0.015164    3.871625    3.948181    0.179947    3.814148    0.599983    0.001160    0.016888    0.000000    0.500000    13.098657   9.555768    21.000000   0.001159    0.400080    0.983127    0.983112    0.015164    3.948181    3.814148    7.777494    0.387162    0.017999    0.000001    0.000169    1.000000    1.000000    0.020000    0.100000    0.010000    0.041987    1.000000    1.000000    46.751489   45.267925   0.041987    0.000892    1.000000    0.024614    0.024523    0.001943    0.972213    2.136109    0.003245    0.176566    0.000000    0.000050    0.000500    0.000005    0.000500    0.000500    0.000005    0.000013    0.000013    0.000013    0.567603    11.420946  
[37m[36mINFO[0m[0m 07/13 23:31:35 | 0.746187    0.792176    0.000000    0.951123    0.262423    0.746187    0.792176    0.952991    0.964072    0.936306    4200        100.598802  0.416387    0.011595    3.867143    3.908825    0.166478    3.811407    0.597338    0.001086    0.015637    0.000000    0.500000    12.983507   9.603314    21.000000   0.001086    0.402722    0.984377    0.984363    0.011595    3.908825    3.811407    7.731827    0.386714    0.017920    0.000001    0.000156    1.000000    1.000000    0.020000    0.100000    0.010000    0.045678    1.000000    1.000000    47.058938   45.267704   0.045678    0.000966    1.000000    0.025094    0.027304    0.001494    0.979425    1.685661    0.003211    0.147330    0.000000    0.000050    0.000500    0.000005    0.000500    0.000500    0.000005    0.000013    0.000013    0.000013    0.565963    11.850367  
[37m[36mINFO[0m[0m 07/13 23:32:50 | 0.837706    0.833741    0.000000    0.958048    0.168731    0.837706    0.833741    0.961538    0.952096    0.960510    4300        102.994012  0.417073    0.012610    3.860885    3.905030    0.158048    3.806030    0.607404    0.001055    0.015110    0.000000    0.500000    12.457197   9.473488    21.000000   0.001055    0.392652    0.984904    0.984890    0.012610    3.905030    3.806030    7.723670    0.386089    0.018222    0.000001    0.000151    1.000000    1.000000    0.020000    0.100000    0.010000    0.038552    1.000000    1.000000    42.809788   45.266783   0.038552    0.000892    1.000000    0.024282    0.024826    0.001811    0.960063    1.622730    0.003158    0.122082    0.000000    0.000050    0.000500    0.000005    0.000500    0.000500    0.000005    0.000013    0.000013    0.000013    0.571290    12.166284  
[37m[36mINFO[0m[0m 07/13 23:34:03 | 0.830995    0.821516    0.000000    0.950563    0.207539    0.830995    0.821516    0.959402    0.961078    0.931210    4400        105.389222  0.414856    0.010366    3.865673    3.925136    0.160178    3.810404    0.592358    0.000992    0.015028    0.000000    0.500000    12.860421   9.381108    21.000000   0.000991    0.407696    0.984987    0.984973    0.010366    3.925136    3.810404    7.745905    0.386567    0.017771    0.000001    0.000150    1.000000    1.000000    0.020000    0.100000    0.010000    0.050501    1.000000    1.000000    45.701853   45.267382   0.050501    0.001086    1.000000    0.025618    0.030789    0.001193    0.982653    1.506583    0.003156    0.112396    0.000000    0.000050    0.000500    0.000005    0.000500    0.000500    0.000005    0.000013    0.000013    0.000013    0.564429    12.121636  
[37m[36mINFO[0m[0m 07/13 23:35:16 | 0.758389    0.770171    0.000000    0.965333    0.150571    0.758389    0.770171    0.965812    0.976048    0.954140    4500        107.784431  0.428372    0.022803    3.874223    3.964060    0.202932    3.814289    0.599098    0.000876    0.017257    0.000000    0.500000    12.503841   9.298900    21.000000   0.000875    0.400955    0.982760    0.982743    0.022803    3.964060    3.814289    7.801152    0.387422    0.017973    0.000001    0.000173    1.000000    1.000000    0.020000    0.100000    0.010000    0.036103    1.000000    1.000000    41.872665   45.267196   0.036103    0.000857    1.000000    0.024735    0.025317    0.001687    0.952480    2.887830    0.003160    0.217216    0.000000    0.000050    0.000500    0.000005    0.000500    0.000500    0.000005    0.000013    0.000013    0.000013    0.564613    11.897169  
[37m[36mINFO[0m[0m 07/13 23:36:30 | 0.837096    0.860636    0.000000    0.964740    0.176124    0.837096    0.860636    0.970085    0.961078    0.963057    4600        110.179641  0.414079    0.010126    3.860743    3.948818    0.182499    3.803005    0.590755    0.000790    0.015525    0.000000    0.500000    12.804172   9.173231    21.000000   0.000789    0.409300    0.984490    0.984475    0.010126    3.948818    3.803005    7.761949    0.386074    0.017723    0.000001    0.000155    1.000000    1.000000    0.020000    0.100000    0.010000    0.044307    1.000000    1.000000    44.539228   45.267583   0.044307    0.000990    1.000000    0.025782    0.030194    0.000933    0.973789    1.617139    0.003191    0.113946    0.000000    0.000050    0.000500    0.000005    0.000500    0.000500    0.000005    0.000013    0.000013    0.000013    0.570025    11.791089  
[37m[36mINFO[0m[0m 07/13 23:37:44 | 0.854790    0.858191    0.000000    0.953960    0.216038    0.854790    0.858191    0.959402    0.961078    0.941401    4700        112.574850  0.420352    0.016183    3.860925    3.941070    0.181408    3.803374    0.597468    0.000701    0.015190    0.000000    0.500000    12.476191   9.229559    21.000000   0.000700    0.402587    0.984825    0.984810    0.016183    3.941070    3.803374    7.760626    0.386093    0.017924    0.000001    0.000152    1.000000    1.000000    0.020000    0.100000    0.010000    0.033570    1.000000    1.000000    42.807386   45.268498   0.033570    0.000777    1.000000    0.025390    0.025399    0.001610    0.926321    2.491134    0.003178    0.177232    0.000000    0.000050    0.000500    0.000005    0.000500    0.000500    0.000005    0.000013    0.000013    0.000013    0.570035    12.505074  
[37m[36mINFO[0m[0m 07/13 23:38:58 | 0.841977    0.843521    0.000000    0.965460    0.172744    0.841977    0.843521    0.965812    0.970060    0.960510    4800        114.970060  0.414782    0.010865    3.859845    3.949467    0.173289    3.803022    0.592751    0.000630    0.014933    0.000000    0.500000    12.650666   9.016381    21.000000   0.000629    0.407302    0.985082    0.985068    0.010865    3.949467    3.803022    7.763353    0.385985    0.017783    0.000001    0.000149    1.000000    1.000000    0.020000    0.100000    0.010000    0.041865    1.000000    1.000000    44.007962   45.267861   0.041865    0.000928    1.000000    0.026102    0.029540    0.000965    0.936281    1.629493    0.003162    0.123166    0.000000    0.000050    0.000500    0.000005    0.000500    0.000500    0.000005    0.000013    0.000013    0.000013    0.567368    12.612993  
[37m[36mINFO[0m[0m 07/13 23:40:13 | 0.813301    0.831296    0.000000    0.957937    0.156970    0.813301    0.831296    0.948718    0.976048    0.949045    4900        117.365269  0.412639    0.010545    3.841154    3.854268    0.158320    3.786779    0.594556    0.000578    0.014062    0.000000    0.500000    12.644578   9.200549    21.000000   0.000578    0.405494    0.985952    0.985938    0.010545    3.854268    3.786779    7.651592    0.384115    0.017837    0.000001    0.000141    1.000000    1.000000    0.020000    0.100000    0.010000    0.041238    1.000000    1.000000    45.334722   45.268113   0.041238    0.000904    1.000000    0.026525    0.030017    0.001239    0.955322    1.536894    0.003142    0.105170    0.000000    0.000050    0.000500    0.000005    0.000500    0.000500    0.000005    0.000013    0.000013    0.000013    0.569641    12.940002  
[37m[36mINFO[0m[0m 07/13 23:41:26 | 0.751068    0.794621    0.000000    0.965472    0.170763    0.751068    0.794621    0.967949    0.973054    0.955414    5000        119.760479  0.415211    0.011445    3.852555    3.871695    0.173386    3.796499    0.611673    0.000512    0.016017    0.000000    0.500000    11.943182   8.916730    21.000000   0.000512    0.388377    0.983999    0.983983    0.011445    3.871695    3.796499    7.679639    0.385255    0.018350    0.000001    0.000160    1.000000    1.000000    0.020000    0.100000    0.010000    0.027791    1.000000    1.000000    37.468750   45.268024   0.027791    0.000735    1.000000    0.024500    0.021203    0.002278    0.901730    1.493392    0.003120    0.116137    0.000000    0.000050    0.000500    0.000005    0.000500    0.000500    0.000005    0.000013    0.000013    0.000013    0.568182    11.263664  
[37m[36mINFO[0m[0m 07/13 23:41:27 | ---
[37m[33mWARNING[0m[0m 07/13 23:41:27 | Evaluate SWAD ...
[37m[36mINFO[0m[0m 07/13 23:41:38 | 0.903600    0.899756    0.000000    0.978683    0.151271    0.903600    0.899756    0.976496    0.985030    0.974522    [101-4900]  (N=49)
[37m[36mINFO[0m[0m 07/13 23:41:38 | oracle = 87.614%
[37m[36mINFO[0m[0m 07/13 23:41:38 | iid = 88.591%
[37m[36mINFO[0m[0m 07/13 23:41:38 | last = 75.107%
[37m[36mINFO[0m[0m 07/13 23:41:38 | last (inD) = 96.547%
[37m[36mINFO[0m[0m 07/13 23:41:38 | iid (inD) = 96.989%
[37m[36mINFO[0m[0m 07/13 23:41:38 | SWAD = 90.360%
[37m[36mINFO[0m[0m 07/13 23:41:38 | SWAD (inD) = 97.868%
[37m[36mINFO[0m[0m 07/13 23:41:38 | 
[37m[36mINFO[0m[0m 07/13 23:41:43 | Testenv name escaping te_cartoon -> te_cartoon
[37m[36mINFO[0m[0m 07/13 23:41:43 | Test envs = [1], name = te_cartoon
[37m[36mINFO[0m[0m 07/13 23:41:43 | Batch sizes for each domain: [32, 0, 32, 32] (total=96)
[37m[36mINFO[0m[0m 07/13 23:41:43 | steps-per-epoch for each domain: 51.22, 41.75, 98.25 -> min = 41.75
[37m[36mINFO[0m[0m 07/13 23:41:45 | # of params = 53365703
[37m[36mINFO[0m[0m 07/13 23:41:58 | test_in     test_out    train_in    train_out   tr_outloss  env0_out    env1_in     env1_out    env2_out    env3_out    step        epoch       loss        loss_cls    loss_ccc    loss_cross  loss_int    loss_ref    loss_isr    loss_orth   loss_inv    loss_gt     piccl_alph  paired_res  domain_res  valid_doma  basis_orth  response_c  raw_interv  mediator_i  ce_loss     sup_cl_los  pre_cl_los  dccl_total  weighted_l  weighted_l  weighted_l  weighted_l  piccl_loss  piccl_feat  residual_s  piccl_loss  connectivi  residual_d  fused_orig  piccl_exec  original_f  piccl_feat  feature_de  feature_de  original_f  gate_mean   gate_std    gate_min    gate_max    backbone_g  piccl_grad  classifier  has_nan_or  param_grou  param_grou  param_grou  param_grou  param_grou  param_grou  param_grou  param_grou  param_grou  step_time   eval_time  
[37m[36mINFO[0m[0m 07/13 23:41:58 | 0.220149    0.209402    0.000000    0.325619    1.797083    0.295844    0.220149    0.209402    0.458084    0.222930    0           0.000000    1.996451    1.996451    5.079420    5.173936    1.703699    5.027680    0.000000    0.149580    0.086083    0.000000    0.000000    0.000000    0.000000    20.000000   0.149580    0.000000    0.913917    0.913917    1.996451    5.173936    5.027680    12.198069   0.000000    0.000000    0.000000    0.000000    0.000000    0.000000    0.020000    0.000000    0.000000    0.000000    1.000000    1.000000    25.206272   45.253387   0.000000    0.000000    1.000000    0.017986    0.000000    0.017986    0.017986    3.823714    0.000000    3.896585    0.000000    0.000050    0.000500    0.000005    0.000500    0.000500    0.000005    0.000013    0.000013    0.000013    0.545995    12.575615  
[37m[36mINFO[0m[0m 07/13 23:43:12 | 0.703092    0.692308    0.000000    0.940367    0.167796    0.938875    0.703092    0.692308    0.979042    0.903185    100         2.395210    0.321619    0.321619    4.990998    3.745347    1.873265    4.953545    0.992468    0.149580    0.038202    0.000000    0.000000    19.666599   6.697845    20.970000   0.149580    0.007532    0.961798    0.961798    0.321619    3.745347    4.953545    9.020511    0.000000    0.000000    0.000000    0.000000    0.000000    0.000000    0.020000    0.000000    0.000000    0.000000    1.000000    1.000000    77.868931   45.254634   0.000000    0.000000    1.000000    0.017986    0.000000    0.017986    0.017986    8.606456    0.000000    3.644603    0.000000    0.000050    0.000500    0.000005    0.000500    0.000500    0.000005    0.000013    0.000013    0.000013    0.570622    12.251740  
[37m[36mINFO[0m[0m 07/13 23:44:27 | 0.722814    0.728632    0.000000    0.948238    0.157982    0.924205    0.722814    0.728632    0.988024    0.932484    200         4.790419    0.119088    0.119088    4.903347    3.400258    1.699338    4.869344    0.992570    0.149580    0.031103    0.000000    0.000000    18.944775   12.484519   21.000000   0.149580    0.007430    0.968897    0.968897    0.119088    3.400258    4.869344    8.388690    0.000000    0.000000    0.000000    0.000000    0.000000    0.000000    0.020000    0.000000    0.000000    0.000000    1.000000    1.000000    77.160608   45.254672   0.000000    0.000000    1.000000    0.017986    0.000000    0.017986    0.017986    6.404379    0.000000    1.828122    0.000000    0.000050    0.000500    0.000005    0.000500    0.000500    0.000005    0.000013    0.000013    0.000013    0.569206    12.506532  
[37m[36mINFO[0m[0m 07/13 23:45:41 | 0.749467    0.747863    0.000000    0.954321    0.146316    0.933985    0.749467    0.747863    0.985030    0.943949    300         7.185629    0.089537    0.089537    4.876207    3.271183    1.659882    4.843495    0.992609    0.149580    0.028392    0.000000    0.000000    17.815929   13.892816   21.000000   0.149580    0.007391    0.971608    0.971608    0.089537    3.271183    4.843495    8.204215    0.000000    0.000000    0.000000    0.000000    0.000000    0.000000    0.020000    0.000000    0.000000    0.000000    1.000000    1.000000    72.769701   45.254653   0.000000    0.000000    1.000000    0.017986    0.000000    0.017986    0.017986    5.549052    0.000000    1.337433    0.000000    0.000050    0.000500    0.000005    0.000500    0.000500    0.000005    0.000013    0.000013    0.000013    0.565931    12.741606  
[37m[36mINFO[0m[0m 07/13 23:46:54 | 0.755330    0.762821    0.000000    0.940298    0.181606    0.911980    0.755330    0.762821    0.970060    0.938854    400         9.580838    0.095540    0.095540    4.863321    3.241933    1.655424    4.830901    0.992667    0.149580    0.028467    0.000000    0.000000    17.220998   13.938379   21.000000   0.149580    0.007333    0.971533    0.971533    0.095540    3.241933    4.830901    8.168374    0.000000    0.000000    0.000000    0.000000    0.000000    0.000000    0.020000    0.000000    0.000000    0.000000    1.000000    1.000000    68.030515   45.254614   0.000000    0.000000    1.000000    0.017986    0.000000    0.017986    0.017986    6.154533    0.000000    1.329340    0.000000    0.000050    0.000500    0.000005    0.000500    0.000500    0.000005    0.000013    0.000013    0.000013    0.566084    12.303319  
[37m[36mINFO[0m[0m 07/13 23:48:09 | 0.779851    0.797009    0.000000    0.965731    0.117442    0.968215    0.779851    0.797009    0.985030    0.943949    500         11.976048   0.054687    0.054687    4.841833    3.149079    1.689068    4.810343    0.992762    0.149580    0.024373    0.000000    0.000000    17.011514   14.034109   21.000000   0.149580    0.007238    0.975627    0.975627    0.054687    3.149079    4.810343    8.014108    0.000000    0.000000    0.000000    0.000000    0.000000    0.000000    0.020000    0.000000    0.000000    0.000000    1.000000    1.000000    72.587436   45.254631   0.000000    0.000000    1.000000    0.017986    0.000000    0.017986    0.017986    4.311796    0.000000    0.830099    0.000000    0.000050    0.000500    0.000005    0.000500    0.000500    0.000005    0.000013    0.000013    0.000013    0.569644    12.379337  
[37m[36mINFO[0m[0m 07/13 23:49:22 | 0.773987    0.779915    0.000000    0.961403    0.150684    0.943765    0.773987    0.779915    0.985030    0.955414    600         14.371257   0.043986    0.043986    4.836869    3.140899    1.704694    4.805460    0.992801    0.149580    0.024867    0.000000    0.000000    17.623106   15.584608   21.000000   0.149580    0.007199    0.975133    0.975133    0.043986    3.140899    4.805460    7.990345    0.000000    0.000000    0.000000    0.000000    0.000000    0.000000    0.020000    0.000000    0.000000    0.000000    1.000000    1.000000    75.895695   45.254649   0.000000    0.000000    1.000000    0.017986    0.000000    0.017986    0.017986    4.351590    0.000000    0.723058    0.000000    0.000050    0.000500    0.000005    0.000500    0.000500    0.000005    0.000013    0.000013    0.000013    0.566547    12.332924  
[37m[36mINFO[0m[0m 07/13 23:50:36 | 0.758529    0.784188    0.000000    0.951179    0.179624    0.933985    0.758529    0.784188    0.973054    0.946497    700         16.766467   0.058578    0.058578    4.823935    3.153954    1.698335    4.792396    0.992766    0.149580    0.025122    0.000000    0.000000    16.376135   14.720855   21.000000   0.149580    0.007234    0.974878    0.974878    0.058578    3.153954    4.792396    8.004928    0.000000    0.000000    0.000000    0.000000    0.000000    0.000000    0.020000    0.000000    0.000000    0.000000    1.000000    1.000000    66.020509   45.254597   0.000000    0.000000    1.000000    0.017986    0.000000    0.017986    0.017986    5.137591    0.000000    0.794933    0.000000    0.000050    0.000500    0.000005    0.000500    0.000500    0.000005    0.000013    0.000013    0.000013    0.566768    12.451642  
[37m[36mINFO[0m[0m 07/13 23:51:52 | 0.783582    0.773504    0.000000    0.948541    0.199030    0.938875    0.783582    0.773504    0.964072    0.942675    800         19.161677   0.043521    0.043521    4.813188    3.091198    1.737878    4.782276    0.992723    0.149580    0.023470    0.000000    0.000000    16.238658   14.079773   21.000000   0.149580    0.007277    0.976530    0.976530    0.043521    3.091198    4.782276    7.916996    0.000000    0.000000    0.000000    0.000000    0.000000    0.000000    0.020000    0.000000    0.000000    0.000000    1.000000    1.000000    67.172964   45.254608   0.000000    0.000000    1.000000    0.017986    0.000000    0.017986    0.017986    4.072413    0.000000    0.664547    0.000000    0.000050    0.000500    0.000005    0.000500    0.000500    0.000005    0.000013    0.000013    0.000013    0.567150    13.512032  
[37m[36mINFO[0m[0m 07/13 23:53:07 | 0.775053    0.784188    0.000000    0.961576    0.140479    0.951100    0.775053    0.784188    0.982036    0.951592    900         21.556886   0.039407    0.039407    4.805121    3.035321    1.768420    4.774768    0.992777    0.149580    0.021478    0.000000    0.000000    15.702030   14.224686   21.000000   0.149580    0.007223    0.978523    0.978523    0.039407    3.035321    4.774768    7.849495    0.000000    0.000000    0.000000    0.000000    0.000000    0.000000    0.020000    0.000000    0.000000    0.000000    1.000000    1.000000    66.302650   45.254593   0.000000    0.000000    1.000000    0.017986    0.000000    0.017986    0.017986    3.874429    0.000000    0.591765    0.000000    0.000050    0.000500    0.000005    0.000500    0.000500    0.000005    0.000013    0.000013    0.000013    0.563972    13.413269  
[37m[36mINFO[0m[0m 07/13 23:54:20 | 0.769723    0.794872    0.000000    0.948324    0.156594    0.943765    0.769723    0.794872    0.961078    0.940127    1000        23.952096   0.047547    0.047547    4.812615    3.074793    1.758861    4.781867    0.992758    0.149580    0.023946    0.000000    0.000000    15.272805   13.277830   21.000000   0.149580    0.007242    0.976054    0.976054    0.047547    3.074793    4.781867    7.904207    0.000000    0.000000    0.000000    0.000000    0.000000    0.000000    0.020000    0.000000    0.000000    0.000000    1.000000    1.000000    58.102198   45.254538   0.000000    0.000000    1.000000    0.017986    0.000000    0.017986    0.017986    4.636583    0.000000    0.591672    0.000000    0.000050    0.000500    0.000005    0.000500    0.000500    0.000005    0.000013    0.000013    0.000013    0.564996    12.356423  
[37m[36mINFO[0m[0m 07/13 23:55:34 | 0.797974    0.826923    0.000000    0.959314    0.140185    0.941320    0.797974    0.826923    0.985030    0.951592    1100        26.347305   0.035263    0.035263    4.814997    3.021023    1.797680    4.784787    0.992657    0.149580    0.021374    0.000000    0.000000    14.612440   12.264292   21.000000   0.149580    0.007344    0.978626    0.978626    0.035263    3.021023    4.784787    7.841073    0.000000    0.000000    0.000000    0.000000    0.000000    0.000000    0.020000    0.000000    0.000000    0.000000    1.000000    1.000000    57.322404   45.254540   0.000000    0.000000    1.000000    0.017986    0.000000    0.017986    0.017986    3.678193    0.000000    0.524247    0.000000    0.000050    0.000500    0.000005    0.000500    0.000500    0.000005    0.000013    0.000013    0.000013    0.564563    12.060388  
[37m[36mINFO[0m[0m 07/13 23:56:48 | 0.740938    0.758547    0.000000    0.960510    0.175749    0.955990    0.740938    0.758547    0.979042    0.946497    1200        28.742515   0.022440    0.022440    4.803483    2.974562    1.824250    4.773737    0.992627    0.149580    0.019823    0.000000    0.000000    15.137336   12.426465   21.000000   0.149580    0.007373    0.980177    0.980177    0.022440    2.974562    4.773737    7.770739    0.000000    0.000000    0.000000    0.000000    0.000000    0.000000    0.020000    0.000000    0.000000    0.000000    1.000000    1.000000    62.884954   45.254584   0.000000    0.000000    1.000000    0.017986    0.000000    0.017986    0.017986    2.853875    0.000000    0.344662    0.000000    0.000050    0.000500    0.000005    0.000500    0.000500    0.000005    0.000013    0.000013    0.000013    0.564653    12.972181  
[37m[36mINFO[0m[0m 07/13 23:58:02 | 0.715885    0.732906    0.000000    0.950754    0.186463    0.933985    0.715885    0.732906    0.973054    0.945223    1300        31.137725   0.035963    0.035963    4.805503    3.013257    1.822680    4.775371    0.992704    0.149580    0.020997    0.000000    0.000000    15.158296   12.691972   21.000000   0.149580    0.007296    0.979003    0.979003    0.035963    3.013257    4.775371    7.824591    0.000000    0.000000    0.000000    0.000000    0.000000    0.000000    0.020000    0.000000    0.000000    0.000000    1.000000    1.000000    59.859980   45.254550   0.000000    0.000000    1.000000    0.017986    0.000000    0.017986    0.017986    3.953467    0.000000    0.460328    0.000000    0.000050    0.000500    0.000005    0.000500    0.000500    0.000005    0.000013    0.000013    0.000013    0.565924    12.313452  
[37m[36mINFO[0m[0m 07/13 23:59:17 | 0.770789    0.803419    0.000000    0.952693    0.200711    0.948655    0.770789    0.803419    0.982036    0.927389    1400        33.532934   0.022498    0.022498    4.796520    2.964477    1.845338    4.766876    0.992723    0.149580    0.019071    0.000000    0.000000    14.888720   12.888554   21.000000   0.149580    0.007277    0.980929    0.980929    0.022498    2.964477    4.766876    7.753851    0.000000    0.000000    0.000000    0.000000    0.000000    0.000000    0.020000    0.000000    0.000000    0.000000    1.000000    1.000000    61.570137   45.254565   0.000000    0.000000    1.000000    0.017986    0.000000    0.017986    0.017986    2.759842    0.000000    0.341521    0.000000    0.000050    0.000500    0.000005    0.000500    0.000500    0.000005    0.000013    0.000013    0.000013    0.567540    12.895511  
[37m[36mINFO[0m[0m 07/14 00:00:31 | 0.708955    0.722222    0.000000    0.947826    0.222107    0.921760    0.708955    0.722222    0.979042    0.942675    1500        35.928144   0.018297    0.018297    4.803562    2.944146    1.869410    4.774120    0.992764    0.149580    0.019057    0.000000    0.000000    15.933785   13.520801   21.000000   0.149580    0.007236    0.980943    0.980943    0.018297    2.944146    4.774120    7.736564    0.000000    0.000000    0.000000    0.000000    0.000000    0.000000    0.020000    0.000000    0.000000    0.000000    1.000000    1.000000    68.614071   45.254615   0.000000    0.000000    1.000000    0.017986    0.000000    0.017986    0.017986    2.877501    0.000000    0.317686    0.000000    0.000050    0.000500    0.000005    0.000500    0.000500    0.000005    0.000013    0.000013    0.000013    0.566528    13.212070  
[37m[36mINFO[0m[0m 07/14 00:01:46 | 0.792644    0.814103    0.000000    0.961749    0.149673    0.958435    0.792644    0.814103    0.979042    0.947771    1600        38.323353   0.050460    0.027648    4.329993    2.853514    2.065141    4.301458    0.981606    0.026317    0.019716    0.000000    0.000000    15.174111   13.660061   21.000000   0.024829    0.018761    0.980285    0.980284    0.027648    2.853514    4.301458    7.182621    0.021323    0.001478    0.000000    0.000010    0.050500    0.050500    0.020000    0.005050    0.000505    0.000661    1.000000    1.000000    61.258185   45.254734   0.000661    0.000011    1.000000    0.018003    0.000087    0.017171    0.019338    2.915775    0.000110    0.363153    0.000000    0.000050    0.000500    0.000005    0.000500    0.000500    0.000005    0.000013    0.000013    0.000013    0.565253    12.936172  
[37m[36mINFO[0m[0m 07/14 00:03:00 | 0.816098    0.826923    0.000000    0.963482    0.161380    0.955990    0.816098    0.826923    0.979042    0.955414    1700        40.718563   0.091104    0.025928    4.056406    2.733677    2.278369    4.029069    0.921594    0.002452    0.019700    0.000000    0.000000    15.232778   13.205504   21.000000   0.002488    0.079113    0.980301    0.980300    0.025928    2.733677    4.029069    6.788674    0.061001    0.004144    0.000000    0.000030    0.150500    0.150500    0.020000    0.015050    0.001505    0.002033    1.000000    1.000000    61.634962   45.255677   0.002033    0.000034    1.000000    0.018118    0.000366    0.015151    0.023777    3.072170    0.000543    0.312621    0.000000    0.000050    0.000500    0.000005    0.000500    0.000500    0.000005    0.000013    0.000013    0.000013    0.568925    12.888973  
[37m[36mINFO[0m[0m 07/14 00:04:15 | 0.676439    0.658120    0.000000    0.931920    0.245260    0.914425    0.676439    0.658120    0.973054    0.908280    1800        43.113772   0.131832    0.025184    3.996792    2.700888    2.341450    3.969783    0.865225    0.006877    0.019265    0.000000    0.000000    15.420632   13.197012   21.000000   0.006923    0.135266    0.980736    0.980735    0.025184    2.700888    3.969783    6.695855    0.100108    0.006491    0.000002    0.000048    0.250500    0.250500    0.020000    0.025050    0.002505    0.003694    1.000000    1.000000    64.421497   45.257791   0.003694    0.000057    1.000000    0.018378    0.000889    0.012133    0.034399    3.176352    0.000922    0.348154    0.000000    0.000050    0.000500    0.000005    0.000500    0.000500    0.000005    0.000013    0.000013    0.000013    0.566971    12.903970  
[37m[36mINFO[0m[0m 07/14 00:05:30 | 0.741471    0.758547    0.000000    0.945820    0.247988    0.931540    0.741471    0.758547    0.967066    0.938854    1900        45.508982   0.182798    0.035515    3.952041    2.707148    2.360840    3.924970    0.830522    0.009093    0.020722    0.000000    0.000000    14.669594   12.506683   21.000000   0.009095    0.169828    0.979280    0.979278    0.035515    2.707148    3.924970    6.667633    0.138486    0.008723    0.000003    0.000072    0.350500    0.350500    0.020000    0.035050    0.003505    0.004532    1.000000    1.000000    56.010206   45.258488   0.004532    0.000080    1.000000    0.018545    0.001186    0.012862    0.039077    3.859738    0.001223    0.382062    0.000000    0.000050    0.000500    0.000005    0.000500    0.000500    0.000005    0.000013    0.000013    0.000013    0.568377    13.440049  
[37m[36mINFO[0m[0m 07/14 00:06:45 | 0.800640    0.824786    0.000000    0.960119    0.134546    0.953545    0.800640    0.824786    0.979042    0.947771    2000        47.904192   0.215108    0.027265    3.927682    2.683304    2.407512    3.900848    0.801652    0.008470    0.019520    0.000000    0.000000    14.515557   11.851909   21.000000   0.008451    0.198660    0.980483    0.980480    0.027265    2.683304    3.900848    6.611418    0.176920    0.010831    0.000004    0.000088    0.450500    0.450500    0.020000    0.045050    0.004505    0.005749    1.000000    1.000000    54.694834   45.260107   0.005749    0.000105    1.000000    0.018731    0.001521    0.011758    0.067045    3.048906    0.001573    0.309452    0.000000    0.000050    0.000500    0.000005    0.000500    0.000500    0.000005    0.000013    0.000013    0.000013    0.568435    13.202006  
[37m[36mINFO[0m[0m 07/14 00:08:00 | 0.834222    0.846154    0.000000    0.963526    0.161866    0.943765    0.834222    0.846154    0.985030    0.961783    2100        50.299401   0.238074    0.009437    3.919081    2.658418    2.401964    3.880473    0.775582    0.007239    0.015937    0.000000    0.025250    14.639158   11.628322   21.000000   0.007236    0.224712    0.984066    0.984063    0.009437    2.658418    3.880473    6.548328    0.215745    0.012801    0.000004    0.000087    0.550500    0.550500    0.020000    0.055050    0.005505    0.008449    1.000000    1.000000    61.172513   45.261989   0.008449    0.000137    1.000000    0.019171    0.002119    0.010696    0.080649    1.453087    0.001981    0.164893    0.000000    0.000050    0.000500    0.000005    0.000500    0.000500    0.000005    0.000013    0.000013    0.000013    0.568257    12.538802  
[37m[36mINFO[0m[0m 07/14 00:09:14 | 0.777719    0.788462    0.000000    0.964214    0.145397    0.946210    0.777719    0.788462    0.991018    0.955414    2200        52.694611   0.281430    0.012196    3.911458    2.841259    1.926970    3.854855    0.752676    0.006834    0.016110    0.000000    0.075250    14.865547   12.287474   21.000000   0.006830    0.247605    0.983893    0.983890    0.012196    2.841259    3.854855    6.708310    0.254441    0.014683    0.000004    0.000105    0.650500    0.650500    0.020000    0.065050    0.006505    0.010696    1.000000    1.000000    62.915210   45.262731   0.010696    0.000170    1.000000    0.019347    0.002549    0.010200    0.090365    1.718510    0.002401    0.202732    0.000000    0.000050    0.000500    0.000005    0.000500    0.000500    0.000005    0.000013    0.000013    0.000013    0.570942    12.388733  
[37m[36mINFO[0m[0m 07/14 00:10:29 | 0.768657    0.794872    0.000000    0.954815    0.150785    0.929095    0.768657    0.794872    0.985030    0.950318    2300        55.089820   0.332907    0.023308    3.902598    3.478776    1.010015    3.843178    0.736122    0.006389    0.018007    0.000000    0.125250    14.337846   12.334398   21.000000   0.006380    0.264130    0.981998    0.981993    0.023308    3.478776    3.843178    7.345261    0.292888    0.016571    0.000005    0.000135    0.750500    0.750500    0.020000    0.075050    0.007505    0.011546    1.000000    1.000000    57.747231   45.263467   0.011546    0.000200    1.000000    0.019509    0.002981    0.009800    0.124929    2.964164    0.002760    0.327042    0.000000    0.000050    0.000500    0.000005    0.000500    0.000500    0.000005    0.000013    0.000013    0.000013    0.575054    12.396419  
[37m[36mINFO[0m[0m 07/14 00:11:43 | 0.790512    0.809829    0.000000    0.954932    0.189463    0.938875    0.790512    0.809829    0.973054    0.952866    2400        57.485030   0.370462    0.020832    3.893188    3.854141    0.410871    3.840467    0.719671    0.005362    0.018942    0.000000    0.175250    14.141993   11.599390   21.000000   0.005354    0.280551    0.981065    0.981058    0.020832    3.854141    3.840467    7.715439    0.331109    0.018355    0.000005    0.000161    0.850500    0.850500    0.020000    0.085050    0.008505    0.014005    1.000000    1.000000    53.082989   45.264717   0.014005    0.000261    1.000000    0.019761    0.003742    0.010034    0.207105    2.864059    0.003076    0.258690    0.000000    0.000050    0.000500    0.000005    0.000500    0.000500    0.000005    0.000013    0.000013    0.000013    0.564627    12.721544  
[37m[36mINFO[0m[0m 07/14 00:12:57 | 0.784115    0.792735    0.000000    0.958592    0.161902    0.941320    0.784115    0.792735    0.979042    0.955414    2500        59.880240   0.411773    0.021608    3.891186    3.852928    0.284083    3.839888    0.706867    0.004432    0.019095    0.000000    0.225250    13.909244   11.038261   21.000000   0.004421    0.293327    0.980913    0.980905    0.021608    3.852928    3.839888    7.714424    0.369825    0.020154    0.000004    0.000182    0.950500    0.950500    0.020000    0.095050    0.009505    0.016381    1.000000    1.000000    50.607931   45.265284   0.016381    0.000322    1.000000    0.019915    0.004446    0.008596    0.426973    3.024668    0.003384    0.243134    0.000000    0.000050    0.000500    0.000005    0.000500    0.000500    0.000005    0.000013    0.000013    0.000013    0.567034    12.448471  
[37m[36mINFO[0m[0m 07/14 00:14:12 | 0.808635    0.816239    0.000000    0.967201    0.158109    0.963325    0.808635    0.816239    0.979042    0.959236    2600        62.275449   0.431537    0.022242    3.883063    3.909932    0.255934    3.829843    0.693263    0.003739    0.018665    0.000000    0.275250    13.856597   10.657701   21.000000   0.003735    0.306908    0.981344    0.981335    0.022242    3.909932    3.829843    7.762017    0.388306    0.020798    0.000004    0.000187    1.000000    1.000000    0.020000    0.100000    0.010000    0.020506    1.000000    1.000000    49.420547   45.265981   0.020506    0.000413    1.000000    0.020141    0.005844    0.007587    0.668420    2.766419    0.003503    0.232048    0.000000    0.000050    0.000500    0.000005    0.000500    0.000500    0.000005    0.000013    0.000013    0.000013    0.568833    12.761503  
[37m[36mINFO[0m[0m 07/14 00:15:27 | 0.810768    0.818376    0.000000    0.953186    0.224004    0.943765    0.810768    0.818376    0.982036    0.933758    2700        64.670659   0.421477    0.013257    3.878276    3.947408    0.225510    3.824133    0.674018    0.003375    0.016832    0.000000    0.325250    14.304207   10.511412   21.000000   0.003373    0.326136    0.983176    0.983168    0.013257    3.947408    3.824133    7.784798    0.387828    0.020221    0.000003    0.000168    1.000000    1.000000    0.020000    0.100000    0.010000    0.025225    1.000000    1.000000    55.362841   45.266952   0.025225    0.000453    1.000000    0.020849    0.007940    0.006491    0.741707    2.338358    0.003551    0.192706    0.000000    0.000050    0.000500    0.000005    0.000500    0.000500    0.000005    0.000013    0.000013    0.000013    0.565523    12.899520  
[37m[36mINFO[0m[0m 07/14 00:16:41 | 0.781450    0.811966    0.000000    0.960615    0.172511    0.955990    0.781450    0.811966    0.964072    0.961783    2800        67.065868   0.424534    0.017509    3.870847    4.014347    0.212832    3.814785    0.658512    0.003028    0.018141    0.000000    0.375250    14.408802   11.005139   21.000000   0.003025    0.341625    0.981869    0.981859    0.017509    4.014347    3.814785    7.846642    0.387085    0.019755    0.000003    0.000181    1.000000    1.000000    0.020000    0.100000    0.010000    0.030596    1.000000    1.000000    54.432933   45.266594   0.030596    0.000554    1.000000    0.021130    0.010459    0.006095    0.847136    2.349728    0.003541    0.197146    0.000000    0.000050    0.000500    0.000005    0.000500    0.000500    0.000005    0.000013    0.000013    0.000013    0.564263    13.177857  
[37m[36mINFO[0m[0m 07/14 00:17:57 | 0.782516    0.794872    0.000000    0.961818    0.157423    0.953545    0.782516    0.794872    0.979042    0.952866    2900        69.461078   0.417728    0.012385    3.856653    3.945503    0.181160    3.801770    0.650433    0.002878    0.016175    0.000000    0.425250    14.550925   11.367173   21.000000   0.002876    0.349690    0.983834    0.983825    0.012385    3.945503    3.801770    7.759659    0.385665    0.019513    0.000003    0.000162    1.000000    1.000000    0.020000    0.100000    0.010000    0.042203    1.000000    1.000000    58.323268   45.267413   0.042203    0.000709    1.000000    0.021783    0.014064    0.004909    0.949413    1.736382    0.003511    0.157787    0.000000    0.000050    0.000500    0.000005    0.000500    0.000500    0.000005    0.000013    0.000013    0.000013    0.566468    13.588791  
[37m[36mINFO[0m[0m 07/14 00:19:12 | 0.762260    0.786325    0.000000    0.960142    0.144082    0.941320    0.762260    0.786325    0.976048    0.963057    3000        71.856287   0.418574    0.013167    3.855000    4.005375    0.178147    3.798026    0.658026    0.002638    0.016395    0.000000    0.475250    13.893721   10.923919   21.000000   0.002636    0.342081    0.983615    0.983605    0.013167    4.005375    3.798026    7.816567    0.385500    0.019741    0.000003    0.000164    1.000000    1.000000    0.020000    0.100000    0.010000    0.037348    1.000000    1.000000    52.098493   45.266561   0.037348    0.000713    1.000000    0.021456    0.013880    0.004547    0.955466    1.948588    0.003401    0.166354    0.000000    0.000050    0.000500    0.000005    0.000500    0.000500    0.000005    0.000013    0.000013    0.000013    0.566540    13.693318  
[37m[36mINFO[0m[0m 07/14 00:20:26 | 0.809701    0.824786    0.000000    0.958409    0.183127    0.943765    0.809701    0.824786    0.976048    0.955414    3100        74.251497   0.412257    0.008255    3.844675    3.907266    0.157922    3.789810    0.646188    0.002405    0.014699    0.000000    0.500000    14.043524   10.524222   21.000000   0.002403    0.353913    0.985312    0.985301    0.008255    3.907266    3.789810    7.705331    0.384468    0.019386    0.000002    0.000147    1.000000    1.000000    0.020000    0.100000    0.010000    0.043435    1.000000    1.000000    54.597540   45.267308   0.043435    0.000791    1.000000    0.021971    0.015958    0.004186    0.959325    1.319370    0.003398    0.105757    0.000000    0.000050    0.000500    0.000005    0.000500    0.000500    0.000005    0.000013    0.000013    0.000013    0.566205    12.377533  
[37m[36mINFO[0m[0m 07/14 00:21:40 | 0.771322    0.777778    0.000000    0.958548    0.151827    0.953545    0.771322    0.777778    0.973054    0.949045    3200        76.646707   0.423401    0.017653    3.858785    3.953344    0.176807    3.801571    0.656225    0.002204    0.018022    0.000000    0.500000    13.632327   10.271139   21.000000   0.002201    0.343863    0.981991    0.981978    0.017653    3.953344    3.801571    7.772567    0.385879    0.019687    0.000002    0.000180    1.000000    1.000000    0.020000    0.100000    0.010000    0.027328    1.000000    1.000000    47.273007   45.267029   0.027328    0.000571    1.000000    0.021422    0.012616    0.005502    0.868861    2.586574    0.003308    0.198146    0.000000    0.000050    0.000500    0.000005    0.000500    0.000500    0.000005    0.000013    0.000013    0.000013    0.570298    12.228187  
[37m[36mINFO[0m[0m 07/14 00:22:55 | 0.844350    0.856838    0.000000    0.957287    0.172678    0.951100    0.844350    0.856838    0.964072    0.956688    3300        79.041916   0.427438    0.021637    3.859583    3.967815    0.186289    3.801276    0.655320    0.001811    0.018079    0.000000    0.500000    13.435183   9.731569    21.000000   0.001808    0.344762    0.981935    0.981921    0.021637    3.967815    3.801276    7.790728    0.385958    0.019660    0.000002    0.000181    1.000000    1.000000    0.020000    0.100000    0.010000    0.028878    1.000000    1.000000    45.604575   45.267447   0.028878    0.000628    1.000000    0.021566    0.014030    0.005031    0.913271    2.524122    0.003270    0.213742    0.000000    0.000050    0.000500    0.000005    0.000500    0.000500    0.000005    0.000013    0.000013    0.000013    0.572098    12.284648  
[37m[36mINFO[0m[0m 07/14 00:24:09 | 0.798507    0.814103    0.000000    0.970219    0.155798    0.970660    0.798507    0.814103    0.982036    0.957962    3400        81.437126   0.413552    0.009029    3.849884    3.908014    0.164336    3.794370    0.645719    0.001720    0.016091    0.000000    0.500000    13.668521   9.649856    21.000000   0.001719    0.354360    0.983921    0.983909    0.009029    3.908014    3.794370    7.711413    0.384988    0.019372    0.000002    0.000161    1.000000    1.000000    0.020000    0.100000    0.010000    0.033742    1.000000    1.000000    49.384816   45.268493   0.033742    0.000673    1.000000    0.022239    0.016096    0.004531    0.908959    1.490730    0.003292    0.117390    0.000000    0.000050    0.000500    0.000005    0.000500    0.000500    0.000005    0.000013    0.000013    0.000013    0.565884    12.792349  
[37m[36mINFO[0m[0m 07/14 00:25:24 | 0.813433    0.850427    0.000000    0.958468    0.163450    0.948655    0.813433    0.850427    0.970060    0.956688    3500        83.832335   0.422958    0.019695    3.837984    3.919671    0.169094    3.781878    0.643268    0.001536    0.016504    0.000000    0.500000    13.535869   9.947258    21.000000   0.001534    0.356808    0.983509    0.983496    0.019695    3.919671    3.781878    7.721244    0.383798    0.019298    0.000002    0.000165    1.000000    1.000000    0.020000    0.100000    0.010000    0.034657    1.000000    1.000000    48.802812   45.268633   0.034657    0.000699    1.000000    0.022414    0.016938    0.004585    0.931450    2.351057    0.003279    0.203432    0.000000    0.000050    0.000500    0.000005    0.000500    0.000500    0.000005    0.000013    0.000013    0.000013    0.567670    12.958690  
[37m[36mINFO[0m[0m 07/14 00:26:38 | 0.801173    0.822650    0.000000    0.960429    0.187437    0.951100    0.801173    0.822650    0.976048    0.954140    3600        86.227545   0.421606    0.017373    3.849785    3.977141    0.175206    3.792493    0.636300    0.001379    0.016383    0.000000    0.500000    13.526871   9.616141    21.000000   0.001378    0.363774    0.983630    0.983617    0.017373    3.977141    3.792493    7.787006    0.384978    0.019089    0.000001    0.000164    1.000000    1.000000    0.020000    0.100000    0.010000    0.030595    1.000000    1.000000    46.545644   45.269115   0.030595    0.000653    1.000000    0.022358    0.016407    0.004442    0.922308    2.270213    0.003282    0.186934    0.000000    0.000050    0.000500    0.000005    0.000500    0.000500    0.000005    0.000013    0.000013    0.000013    0.570726    12.662724  
[37m[36mINFO[0m[0m 07/14 00:27:53 | 0.814499    0.839744    0.000000    0.953934    0.209721    0.938875    0.814499    0.839744    0.970060    0.952866    3700        88.622754   0.421337    0.018736    3.835436    3.964106    0.180463    3.777748    0.629724    0.001277    0.016529    0.000000    0.500000    13.574412   9.524372    21.000000   0.001275    0.370347    0.983484    0.983471    0.018736    3.964106    3.777748    7.760590    0.383544    0.018892    0.000001    0.000165    1.000000    1.000000    0.020000    0.100000    0.010000    0.034563    1.000000    1.000000    47.019687   45.269531   0.034563    0.000730    1.000000    0.022674    0.018155    0.004783    0.947504    2.753644    0.003282    0.195964    0.000000    0.000050    0.000500    0.000005    0.000500    0.000500    0.000005    0.000013    0.000013    0.000013    0.567911    12.372592  
[37m[36mINFO[0m[0m 07/14 00:29:07 | 0.812900    0.844017    0.000000    0.953934    0.161450    0.938875    0.812900    0.844017    0.970060    0.952866    3800        91.017964   0.422343    0.018730    3.847079    3.979325    0.179523    3.789333    0.624583    0.001166    0.016657    0.000000    0.500000    13.551023   9.483230    21.000000   0.001166    0.375485    0.983356    0.983343    0.018730    3.979325    3.789333    7.787389    0.384708    0.018737    0.000001    0.000167    1.000000    1.000000    0.020000    0.100000    0.010000    0.035412    1.000000    1.000000    46.405785   45.269772   0.035412    0.000756    1.000000    0.022792    0.019165    0.004435    0.958656    2.598101    0.003268    0.188924    0.000000    0.000050    0.000500    0.000005    0.000500    0.000500    0.000005    0.000013    0.000013    0.000013    0.568379    13.096425  
[37m[36mINFO[0m[0m 07/14 00:30:22 | 0.817164    0.841880    0.000000    0.961762    0.167054    0.955990    0.817164    0.841880    0.970060    0.959236    3900        93.413174   0.409998    0.009081    3.821564    3.899106    0.156245    3.766948    0.620687    0.001172    0.013889    0.000000    0.500000    13.353731   9.486204    21.000000   0.001172    0.379377    0.986123    0.986111    0.009081    3.899106    3.766948    7.675136    0.382156    0.018621    0.000001    0.000139    1.000000    1.000000    0.020000    0.100000    0.010000    0.040724    1.000000    1.000000    48.995308   45.270438   0.040724    0.000825    1.000000    0.023452    0.021412    0.003374    0.973460    1.627290    0.003263    0.117241    0.000000    0.000050    0.000500    0.000005    0.000500    0.000500    0.000005    0.000013    0.000013    0.000013    0.564185    13.225168  
[37m[36mINFO[0m[0m 07/14 00:31:36 | 0.810235    0.824786    0.000000    0.955288    0.188092    0.943765    0.810235    0.824786    0.973054    0.949045    4000        95.808383   0.414775    0.013573    3.826032    3.881332    0.159597    3.771259    0.614769    0.001100    0.015466    0.000000    0.500000    13.458553   9.516560    21.000000   0.001099    0.385292    0.984547    0.984534    0.013573    3.881332    3.771259    7.666164    0.382603    0.018443    0.000001    0.000155    1.000000    1.000000    0.020000    0.100000    0.010000    0.035175    1.000000    1.000000    47.097593   45.270577   0.035175    0.000744    1.000000    0.023317    0.020483    0.003387    0.960886    2.058368    0.003239    0.161481    0.000000    0.000050    0.000500    0.000005    0.000500    0.000500    0.000005    0.000013    0.000013    0.000013    0.564592    12.851903  
[37m[36mINFO[0m[0m 07/14 00:32:51 | 0.792644    0.818376    0.000000    0.957204    0.172772    0.938875    0.792644    0.818376    0.976048    0.956688    4100        98.203593   0.405397    0.005689    3.813504    3.817761    0.139681    3.761358    0.607485    0.000983    0.013174    0.000000    0.500000    13.591293   9.663352    21.000000   0.000982    0.392574    0.986837    0.986826    0.005689    3.817761    3.761358    7.584808    0.381350    0.018225    0.000001    0.000132    1.000000    1.000000    0.020000    0.100000    0.010000    0.041748    1.000000    1.000000    50.067515   45.271570   0.041748    0.000830    1.000000    0.023962    0.023163    0.003078    0.977766    0.741058    0.003246    0.061709    0.000000    0.000050    0.000500    0.000005    0.000500    0.000500    0.000005    0.000013    0.000013    0.000013    0.570346    12.680860  
[37m[36mINFO[0m[0m 07/14 00:34:05 | 0.747335    0.775641    0.000000    0.950754    0.218775    0.933985    0.747335    0.775641    0.973054    0.945223    4200        100.598802  0.409429    0.009683    3.815351    3.814294    0.152131    3.761995    0.602384    0.000909    0.013769    0.000000    0.500000    13.633376   9.785076    21.000000   0.000908    0.397673    0.986243    0.986231    0.009683    3.814294    3.761995    7.585973    0.381535    0.018072    0.000001    0.000138    1.000000    1.000000    0.020000    0.100000    0.010000    0.047642    1.000000    1.000000    50.102344   45.271547   0.047642    0.000947    1.000000    0.024225    0.025253    0.003218    0.983552    1.576657    0.003246    0.116463    0.000000    0.000050    0.000500    0.000005    0.000500    0.000500    0.000005    0.000013    0.000013    0.000013    0.567821    12.401204  
[37m[36mINFO[0m[0m 07/14 00:35:19 | 0.802239    0.822650    0.000000    0.961738    0.171465    0.948655    0.802239    0.822650    0.976048    0.960510    4300        102.994012  0.411435    0.010986    3.821444    3.856150    0.155329    3.767350    0.605274    0.000895    0.014629    0.000000    0.500000    13.538732   9.914074    21.000000   0.000895    0.394780    0.985385    0.985371    0.010986    3.856150    3.767350    7.634486    0.382144    0.018158    0.000001    0.000146    1.000000    1.000000    0.020000    0.100000    0.010000    0.044320    1.000000    1.000000    47.731465   45.271528   0.044320    0.000921    1.000000    0.023995    0.024155    0.003400    0.980368    1.746636    0.003230    0.126345    0.000000    0.000050    0.000500    0.000005    0.000500    0.000500    0.000005    0.000013    0.000013    0.000013    0.567057    12.147284  
[37m[36mINFO[0m[0m 07/14 00:36:32 | 0.796908    0.792735    0.000000    0.952282    0.254956    0.933985    0.796908    0.792735    0.961078    0.961783    4400        105.389222  0.416832    0.016631    3.818632    3.870632    0.171028    3.762822    0.606064    0.000856    0.015524    0.000000    0.500000    13.485081   9.925956    21.000000   0.000855    0.393992    0.984490    0.984476    0.016631    3.870632    3.762822    7.650085    0.381863    0.018182    0.000001    0.000155    1.000000    1.000000    0.020000    0.100000    0.010000    0.044136    1.000000    1.000000    46.775273   45.271370   0.044136    0.000928    1.000000    0.024158    0.024461    0.003123    0.972960    2.321326    0.003249    0.145414    0.000000    0.000050    0.000500    0.000005    0.000500    0.000500    0.000005    0.000013    0.000013    0.000013    0.562841    12.503258  
[37m[36mINFO[0m[0m 07/14 00:37:46 | 0.785181    0.790598    0.000000    0.951901    0.192101    0.933985    0.785181    0.790598    0.979042    0.942675    4500        107.784431  0.414841    0.014348    3.824816    3.929281    0.172551    3.768268    0.594884    0.000831    0.016441    0.000000    0.500000    13.685779   9.863001    21.000000   0.000830    0.405175    0.983573    0.983559    0.014348    3.929281    3.768268    7.711896    0.382482    0.017847    0.000001    0.000164    1.000000    1.000000    0.020000    0.100000    0.010000    0.047400    1.000000    1.000000    46.873402   45.271714   0.047400    0.001004    1.000000    0.024568    0.026631    0.002169    0.983828    2.379927    0.003288    0.159479    0.000000    0.000050    0.000500    0.000005    0.000500    0.000500    0.000005    0.000013    0.000013    0.000013    0.567400    12.160895  
[37m[36mINFO[0m[0m 07/14 00:39:01 | 0.661514    0.658120    0.000000    0.937314    0.279991    0.902200    0.661514    0.658120    0.967066    0.942675    4600        110.179641  0.420673    0.018758    3.833761    3.922338    0.171325    3.777405    0.611992    0.000795    0.017778    0.000000    0.500000    13.142547   9.601879    21.000000   0.000795    0.388064    0.982238    0.982222    0.018758    3.922338    3.777405    7.718501    0.383376    0.018360    0.000001    0.000178    1.000000    1.000000    0.020000    0.100000    0.010000    0.032279    1.000000    1.000000    40.855896   45.270870   0.032279    0.000779    1.000000    0.023460    0.021434    0.002801    0.954397    2.550740    0.003231    0.150400    0.000000    0.000050    0.000500    0.000005    0.000500    0.000500    0.000005    0.000013    0.000013    0.000013    0.574516    12.574783  
[37m[36mINFO[0m[0m 07/14 00:40:16 | 0.813433    0.822650    0.000000    0.953026    0.174519    0.933985    0.813433    0.822650    0.976048    0.949045    4700        112.574850  0.434345    0.032159    3.835250    4.033325    0.206187    3.774298    0.615556    0.000768    0.019360    0.000000    0.500000    12.827215   9.297495    21.000000   0.000768    0.384499    0.980658    0.980640    0.032159    4.033325    3.774298    7.839782    0.383525    0.018467    0.000001    0.000194    1.000000    1.000000    0.020000    0.100000    0.010000    0.024862    1.000000    1.000000    37.162539   45.269100   0.024862    0.000666    1.000000    0.022664    0.017685    0.003196    0.920165    3.720494    0.003232    0.226350    0.000000    0.000050    0.000500    0.000005    0.000500    0.000500    0.000005    0.000013    0.000013    0.000013    0.564323    13.100199  
[37m[36mINFO[0m[0m 07/14 00:41:30 | 0.748934    0.773504    0.000000    0.955332    0.153526    0.931540    0.748934    0.773504    0.979042    0.955414    4800        114.970060  0.414024    0.014502    3.814262    3.935483    0.177854    3.757122    0.597788    0.000749    0.016208    0.000000    0.500000    13.233255   9.253098    21.000000   0.000748    0.402267    0.983807    0.983792    0.014502    3.935483    3.757122    7.707106    0.381426    0.017934    0.000001    0.000162    1.000000    1.000000    0.020000    0.100000    0.010000    0.040436    1.000000    1.000000    43.093471   45.271922   0.040436    0.000929    1.000000    0.024088    0.024554    0.002530    0.983190    2.444190    0.003257    0.143363    0.000000    0.000050    0.000500    0.000005    0.000500    0.000500    0.000005    0.000013    0.000013    0.000013    0.569392    12.881697  
[37m[36mINFO[0m[0m 07/14 00:42:45 | 0.763859    0.775641    0.000000    0.948036    0.208982    0.933985    0.763859    0.775641    0.961078    0.949045    4900        117.365269  0.405778    0.008360    3.798984    3.884651    0.154546    3.744682    0.579047    0.000746    0.014685    0.000000    0.500000    13.668791   9.699758    21.000000   0.000746    0.421007    0.985329    0.985315    0.008360    3.884651    3.744682    7.637694    0.379898    0.017371    0.000001    0.000147    1.000000    1.000000    0.020000    0.100000    0.010000    0.057648    0.999999    1.000000    46.613801   45.272494   0.057648    0.001221    0.999999    0.025258    0.030606    0.001612    0.996058    1.456203    0.003278    0.097585    0.000000    0.000050    0.000500    0.000005    0.000500    0.000500    0.000005    0.000013    0.000013    0.000013    0.566178    12.861642  
[37m[36mINFO[0m[0m 07/14 00:43:59 | 0.833156    0.856838    0.000000    0.958133    0.177668    0.943765    0.833156    0.856838    0.979042    0.951592    5000        119.760479  0.413365    0.015440    3.801079    3.929077    0.169101    3.744878    0.588759    0.000718    0.015391    0.000000    0.500000    13.293591   9.987762    21.000000   0.000717    0.411292    0.984624    0.984609    0.015440    3.929077    3.744878    7.689395    0.380108    0.017663    0.000001    0.000154    1.000000    1.000000    0.020000    0.100000    0.010000    0.042604    1.000000    1.000000    44.150302   45.271383   0.042604    0.000945    1.000000    0.024815    0.026889    0.001911    0.981126    2.359111    0.003255    0.140650    0.000000    0.000050    0.000500    0.000005    0.000500    0.000500    0.000005    0.000013    0.000013    0.000013    0.569341    12.832500  
[37m[36mINFO[0m[0m 07/14 00:43:59 | ---
[37m[33mWARNING[0m[0m 07/14 00:43:59 | Evaluate SWAD ...
[37m[36mINFO[0m[0m 07/14 00:44:13 | 0.842217    0.854701    0.000000    0.977059    0.153936    0.977995    0.842217    0.854701    0.985030    0.968153    [201-5000]  (N=49)
[37m[36mINFO[0m[0m 07/14 00:44:13 | oracle = 84.435%
[37m[36mINFO[0m[0m 07/14 00:44:13 | iid = 79.851%
[37m[36mINFO[0m[0m 07/14 00:44:13 | last = 83.316%
[37m[36mINFO[0m[0m 07/14 00:44:13 | last (inD) = 95.813%
[37m[36mINFO[0m[0m 07/14 00:44:13 | iid (inD) = 97.022%
[37m[36mINFO[0m[0m 07/14 00:44:13 | SWAD = 84.222%
[37m[36mINFO[0m[0m 07/14 00:44:13 | SWAD (inD) = 97.706%
[37m[36mINFO[0m[0m 07/14 00:44:14 | 
[37m[36mINFO[0m[0m 07/14 00:44:18 | Testenv name escaping te_photo -> te_photo
[37m[36mINFO[0m[0m 07/14 00:44:18 | Test envs = [2], name = te_photo
[37m[36mINFO[0m[0m 07/14 00:44:18 | Batch sizes for each domain: [32, 32, 0, 32] (total=96)
[37m[36mINFO[0m[0m 07/14 00:44:18 | steps-per-epoch for each domain: 51.22, 58.62, 98.25 -> min = 51.22
[37m[36mINFO[0m[0m 07/14 00:44:20 | # of params = 53365703
[37m[36mINFO[0m[0m 07/14 00:44:34 | test_in     test_out    train_in    train_out   tr_outloss  env0_out    env1_out    env2_in     env2_out    env3_out    step        epoch       loss        loss_cls    loss_ccc    loss_cross  loss_int    loss_ref    loss_isr    loss_orth   loss_inv    loss_gt     piccl_alph  paired_res  domain_res  valid_doma  basis_orth  response_c  raw_interv  mediator_i  ce_loss     sup_cl_los  pre_cl_los  dccl_total  weighted_l  weighted_l  weighted_l  weighted_l  piccl_loss  piccl_feat  residual_s  piccl_loss  connectivi  residual_d  fused_orig  piccl_exec  original_f  piccl_feat  feature_de  feature_de  original_f  gate_mean   gate_std    gate_min    gate_max    backbone_g  piccl_grad  classifier  has_nan_or  param_grou  param_grou  param_grou  param_grou  param_grou  param_grou  param_grou  param_grou  param_grou  step_time   eval_time  
[37m[36mINFO[0m[0m 07/14 00:44:34 | 0.343563    0.365269    0.000000    0.257805    1.876068    0.310513    0.275641    0.343563    0.365269    0.187261    0           0.000000    1.999541    1.999541    5.164601    5.134664    2.115948    5.113254    0.000000    0.113297    0.101242    0.000000    0.000000    0.000000    0.000000    19.000000   0.113297    0.000000    0.898758    0.898758    1.999541    5.134664    5.113254    12.247459   0.000000    0.000000    0.000000    0.000000    0.000000    0.000000    0.020000    0.000000    0.000000    0.000000    1.000000    1.000000    24.871250   45.253338   0.000000    0.000000    1.000000    0.017986    0.000000    0.017986    0.017986    3.754322    0.000000    2.751087    0.000000    0.000050    0.000500    0.000005    0.000500    0.000500    0.000005    0.000013    0.000013    0.000013    0.535257    13.240341  
[37m[36mINFO[0m[0m 07/14 00:45:50 | 0.979042    0.964072    0.000000    0.922863    0.212915    0.938875    0.931624    0.979042    0.964072    0.898089    100         1.952410    0.465834    0.465834    5.130941    3.910776    1.963483    5.091833    0.992204    0.113297    0.043998    0.000000    0.000000    20.175040   4.819751    21.000000   0.113297    0.007796    0.956002    0.956002    0.465834    3.910776    5.091833    9.468443    0.000000    0.000000    0.000000    0.000000    0.000000    0.000000    0.020000    0.000000    0.000000    0.000000    1.000000    1.000000    72.522620   45.254591   0.000000    0.000000    1.000000    0.017986    0.000000    0.017986    0.017986    9.909367    0.000000    5.182109    0.000000    0.000050    0.000500    0.000005    0.000500    0.000500    0.000005    0.000013    0.000013    0.000013    0.565550    13.721617  
[37m[36mINFO[0m[0m 07/14 00:47:03 | 0.964820    0.940120    0.000000    0.941943    0.179872    0.943765    0.950855    0.964820    0.940120    0.931210    200         3.904820    0.158357    0.158357    5.044170    3.486245    1.643374    5.009307    0.992207    0.113297    0.037710    0.000000    0.000000    20.410502   9.928733    21.000000   0.113297    0.007793    0.962290    0.962290    0.158357    3.486245    5.009307    8.653908    0.000000    0.000000    0.000000    0.000000    0.000000    0.000000    0.020000    0.000000    0.000000    0.000000    1.000000    1.000000    74.710653   45.254663   0.000000    0.000000    1.000000    0.017986    0.000000    0.017986    0.017986    7.443460    0.000000    2.416924    0.000000    0.000050    0.000500    0.000005    0.000500    0.000500    0.000005    0.000013    0.000013    0.000013    0.564802    11.422945  
[37m[36mINFO[0m[0m 07/14 00:48:16 | 0.982784    0.961078    0.000000    0.934506    0.205204    0.919315    0.952991    0.982784    0.961078    0.931210    300         5.857230    0.112396    0.112396    5.018793    3.330447    1.656757    4.985488    0.992196    0.113297    0.034954    0.000000    0.000000    19.864718   12.231651   21.000000   0.113297    0.007804    0.965046    0.965046    0.112396    3.330447    4.985488    8.428332    0.000000    0.000000    0.000000    0.000000    0.000000    0.000000    0.020000    0.000000    0.000000    0.000000    1.000000    1.000000    73.516854   45.254656   0.000000    0.000000    1.000000    0.017986    0.000000    0.017986    0.017986    6.585354    0.000000    1.852614    0.000000    0.000050    0.000500    0.000005    0.000500    0.000500    0.000005    0.000013    0.000013    0.000013    0.570594    10.847644  
[37m[36mINFO[0m[0m 07/14 00:49:28 | 0.967066    0.952096    0.000000    0.939265    0.198984    0.926650    0.976496    0.967066    0.952096    0.914650    400         7.809640    0.092293    0.092293    4.996801    3.224884    1.660189    4.964552    0.992253    0.113297    0.033706    0.000000    0.000000    19.627413   13.124039   21.000000   0.113297    0.007747    0.966294    0.966294    0.092293    3.224884    4.964552    8.281729    0.000000    0.000000    0.000000    0.000000    0.000000    0.000000    0.020000    0.000000    0.000000    0.000000    1.000000    1.000000    72.614210   45.254642   0.000000    0.000000    1.000000    0.017986    0.000000    0.017986    0.017986    6.506892    0.000000    1.501722    0.000000    0.000050    0.000500    0.000005    0.000500    0.000500    0.000005    0.000013    0.000013    0.000013    0.565946    11.041742  
[37m[36mINFO[0m[0m 07/14 00:50:41 | 0.966317    0.964072    0.000000    0.960188    0.137275    0.958435    0.974359    0.966317    0.964072    0.947771    500         9.762050    0.077001    0.077001    4.971624    3.158093    1.640069    4.940043    0.992323    0.113297    0.031621    0.000000    0.000000    18.504502   12.925659   21.000000   0.113297    0.007677    0.968379    0.968379    0.077001    3.158093    4.940043    8.175136    0.000000    0.000000    0.000000    0.000000    0.000000    0.000000    0.020000    0.000000    0.000000    0.000000    1.000000    1.000000    68.652499   45.254623   0.000000    0.000000    1.000000    0.017986    0.000000    0.017986    0.017986    5.537382    0.000000    1.249729    0.000000    0.000050    0.000500    0.000005    0.000500    0.000500    0.000005    0.000013    0.000013    0.000013    0.565033    11.643794  
[37m[36mINFO[0m[0m 07/14 00:51:55 | 0.973802    0.955090    0.000000    0.957291    0.149928    0.960880    0.959402    0.973802    0.955090    0.951592    600         11.714460   0.060503    0.060503    4.970981    3.147207    1.643401    4.939509    0.992411    0.113297    0.031323    0.000000    0.000000    18.956668   13.181200   21.000000   0.113297    0.007589    0.968677    0.968677    0.060503    3.147207    4.939509    8.147220    0.000000    0.000000    0.000000    0.000000    0.000000    0.000000    0.020000    0.000000    0.000000    0.000000    1.000000    1.000000    71.901477   45.254639   0.000000    0.000000    1.000000    0.017986    0.000000    0.017986    0.017986    5.213951    0.000000    0.961922    0.000000    0.000050    0.000500    0.000005    0.000500    0.000500    0.000005    0.000013    0.000013    0.000013    0.565924    11.706814  
[37m[36mINFO[0m[0m 07/14 00:53:08 | 0.964072    0.952096    0.000000    0.930143    0.210068    0.936430    0.944444    0.964072    0.952096    0.909554    700         13.666870   0.062537    0.062537    4.957666    3.112299    1.660177    4.926543    0.992422    0.113297    0.031385    0.000000    0.000000    18.410136   12.885880   21.000000   0.113297    0.007578    0.968615    0.968615    0.062537    3.112299    4.926543    8.101378    0.000000    0.000000    0.000000    0.000000    0.000000    0.000000    0.020000    0.000000    0.000000    0.000000    1.000000    1.000000    67.775972   45.254613   0.000000    0.000000    1.000000    0.017986    0.000000    0.017986    0.017986    5.110642    0.000000    0.944512    0.000000    0.000050    0.000500    0.000005    0.000500    0.000500    0.000005    0.000013    0.000013    0.000013    0.566188    11.608958  
[37m[36mINFO[0m[0m 07/14 00:54:21 | 0.960329    0.952096    0.000000    0.952648    0.182739    0.941320    0.976496    0.960329    0.952096    0.940127    800         15.619280   0.044494    0.044494    4.948002    3.063874    1.663966    4.917364    0.992427    0.113297    0.029222    0.000000    0.000000    18.744600   13.025788   21.000000   0.113297    0.007573    0.970778    0.970778    0.044494    3.063874    4.917364    8.025731    0.000000    0.000000    0.000000    0.000000    0.000000    0.000000    0.020000    0.000000    0.000000    0.000000    1.000000    1.000000    71.904603   45.254628   0.000000    0.000000    1.000000    0.017986    0.000000    0.017986    0.017986    4.551013    0.000000    0.770507    0.000000    0.000050    0.000500    0.000005    0.000500    0.000500    0.000005    0.000013    0.000013    0.000013    0.566486    11.909879  
[37m[36mINFO[0m[0m 07/14 00:55:34 | 0.970060    0.955090    0.000000    0.951853    0.151187    0.936430    0.970085    0.970060    0.955090    0.949045    900         17.571690   0.037779    0.037779    4.945891    3.049110    1.676078    4.915400    0.992417    0.113297    0.028187    0.000000    0.000000    18.470320   13.453055   21.000000   0.113297    0.007583    0.971813    0.971813    0.037779    3.049110    4.915400    8.002289    0.000000    0.000000    0.000000    0.000000    0.000000    0.000000    0.020000    0.000000    0.000000    0.000000    1.000000    1.000000    71.268061   45.254630   0.000000    0.000000    1.000000    0.017986    0.000000    0.017986    0.017986    4.036638    0.000000    0.652114    0.000000    0.000050    0.000500    0.000005    0.000500    0.000500    0.000005    0.000013    0.000013    0.000013    0.563685    12.025694  
[37m[36mINFO[0m[0m 07/14 00:56:48 | 0.974551    0.964072    0.000000    0.956285    0.160630    0.943765    0.972222    0.974551    0.964072    0.952866    1000        19.524100   0.039711    0.039711    4.948860    3.031848    1.680456    4.918541    0.992405    0.113297    0.028245    0.000000    0.000000    17.559906   12.606231   21.000000   0.113297    0.007595    0.971755    0.971755    0.039711    3.031848    4.918541    7.990100    0.000000    0.000000    0.000000    0.000000    0.000000    0.000000    0.020000    0.000000    0.000000    0.000000    1.000000    1.000000    65.940581   45.254603   0.000000    0.000000    1.000000    0.017986    0.000000    0.017986    0.017986    3.835390    0.000000    0.607760    0.000000    0.000050    0.000500    0.000005    0.000500    0.000500    0.000005    0.000013    0.000013    0.000013    0.568356    12.264740  
[37m[36mINFO[0m[0m 07/14 00:58:02 | 0.973054    0.961078    0.000000    0.952895    0.164225    0.951100    0.957265    0.973054    0.961078    0.950318    1100        21.476510   0.038573    0.038573    4.947302    3.020939    1.735367    4.917093    0.992448    0.113297    0.027406    0.000000    0.000000    17.732403   12.347836   21.000000   0.113297    0.007553    0.972594    0.972594    0.038573    3.020939    4.917093    7.976605    0.000000    0.000000    0.000000    0.000000    0.000000    0.000000    0.020000    0.000000    0.000000    0.000000    1.000000    1.000000    67.591754   45.254608   0.000000    0.000000    1.000000    0.017986    0.000000    0.017986    0.017986    4.532614    0.000000    0.697402    0.000000    0.000050    0.000500    0.000005    0.000500    0.000500    0.000005    0.000013    0.000013    0.000013    0.569700    12.038291  
[37m[36mINFO[0m[0m 07/14 00:59:16 | 0.961826    0.952096    0.000000    0.961818    0.144879    0.963325    0.974359    0.961826    0.952096    0.947771    1200        23.428920   0.028954    0.028954    4.941801    2.995227    1.753914    4.911849    0.992502    0.113297    0.026569    0.000000    0.000000    17.938436   12.444754   21.000000   0.113297    0.007498    0.973431    0.973431    0.028954    2.995227    4.911849    7.936030    0.000000    0.000000    0.000000    0.000000    0.000000    0.000000    0.020000    0.000000    0.000000    0.000000    1.000000    1.000000    69.301915   45.254614   0.000000    0.000000    1.000000    0.017986    0.000000    0.017986    0.017986    3.737347    0.000000    0.501133    0.000000    0.000050    0.000500    0.000005    0.000500    0.000500    0.000005    0.000013    0.000013    0.000013    0.567535    12.498310  
[37m[36mINFO[0m[0m 07/14 01:00:29 | 0.967066    0.967066    0.000000    0.953977    0.149338    0.946210    0.967949    0.967066    0.967066    0.947771    1300        25.381330   0.045001    0.045001    4.940374    3.018830    1.726085    4.910186    0.992476    0.113297    0.027117    0.000000    0.000000    16.833784   12.174025   21.000000   0.113297    0.007524    0.972883    0.972883    0.045001    3.018830    4.910186    7.974016    0.000000    0.000000    0.000000    0.000000    0.000000    0.000000    0.020000    0.000000    0.000000    0.000000    1.000000    1.000000    61.753584   45.254567   0.000000    0.000000    1.000000    0.017986    0.000000    0.017986    0.017986    4.496592    0.000000    0.653269    0.000000    0.000050    0.000500    0.000005    0.000500    0.000500    0.000005    0.000013    0.000013    0.000013    0.565324    11.560501  
[37m[36mINFO[0m[0m 07/14 01:01:42 | 0.973054    0.952096    0.000000    0.964722    0.130062    0.958435    0.976496    0.973054    0.952096    0.959236    1400        27.333740   0.032221    0.032221    4.938434    2.990084    1.742556    4.908533    0.992547    0.113297    0.026186    0.000000    0.000000    16.516596   11.558154   21.000000   0.113297    0.007453    0.973814    0.973814    0.032221    2.990084    4.908533    7.930838    0.000000    0.000000    0.000000    0.000000    0.000000    0.000000    0.020000    0.000000    0.000000    0.000000    1.000000    1.000000    60.108315   45.254556   0.000000    0.000000    1.000000    0.017986    0.000000    0.017986    0.017986    3.518905    0.000000    0.497457    0.000000    0.000050    0.000500    0.000005    0.000500    0.000500    0.000005    0.000013    0.000013    0.000013    0.564624    11.653771  
[37m[36mINFO[0m[0m 07/14 01:02:56 | 0.963323    0.934132    0.000000    0.961990    0.130312    0.951100    0.974359    0.963323    0.934132    0.960510    1500        29.286150   0.043858    0.043858    4.944366    2.996380    1.771010    4.914402    0.992426    0.113297    0.025539    0.000000    0.000000    16.763669   11.434557   21.000000   0.113297    0.007574    0.974461    0.974461    0.043858    2.996380    4.914402    7.954640    0.000000    0.000000    0.000000    0.000000    0.000000    0.000000    0.020000    0.000000    0.000000    0.000000    1.000000    1.000000    62.361947   45.254564   0.000000    0.000000    1.000000    0.017986    0.000000    0.017986    0.017986    4.568746    0.000000    0.650862    0.000000    0.000050    0.000500    0.000005    0.000500    0.000500    0.000005    0.000013    0.000013    0.000013    0.569837    11.873832  
[37m[36mINFO[0m[0m 07/14 01:04:11 | 0.972305    0.955090    0.000000    0.956901    0.134194    0.958435    0.959402    0.972305    0.955090    0.952866    1600        31.238560   0.051766    0.027918    4.524963    2.867291    1.958143    4.496290    0.979500    0.019259    0.024306    0.000000    0.000000    16.891353   11.484179   21.000000   0.018131    0.020919    0.975694    0.975694    0.027918    2.867291    4.496290    7.391498    0.022362    0.001474    0.000000    0.000012    0.050500    0.050500    0.020000    0.005050    0.000505    0.000719    1.000000    1.000000    63.905887   45.254738   0.000719    0.000011    1.000000    0.018023    0.000129    0.016699    0.020431    3.687781    0.000116    0.504516    0.000000    0.000050    0.000500    0.000005    0.000500    0.000500    0.000005    0.000013    0.000013    0.000013    0.565790    13.094359  
[37m[36mINFO[0m[0m 07/14 01:05:24 | 0.964072    0.946108    0.000000    0.964524    0.118744    0.970660    0.963675    0.964072    0.946108    0.959236    1700        33.190970   0.098417    0.030475    4.244806    2.759855    2.184612    4.217207    0.918125    0.001317    0.024126    0.000000    0.000000    15.507434   10.965738   21.000000   0.001340    0.082548    0.975876    0.975874    0.030475    2.759855    4.217207    7.007537    0.063776    0.004129    0.000000    0.000036    0.150500    0.150500    0.020000    0.015050    0.001505    0.001911    1.000000    1.000000    55.964989   45.255357   0.001911    0.000034    1.000000    0.018149    0.000479    0.014178    0.026114    3.188744    0.000525    0.412207    0.000000    0.000050    0.000500    0.000005    0.000500    0.000500    0.000005    0.000013    0.000013    0.000013    0.567082    12.142393  
[37m[36mINFO[0m[0m 07/14 01:06:38 | 0.952844    0.943114    0.000000    0.953346    0.176390    0.941320    0.972222    0.952844    0.943114    0.946497    1800        35.143380   0.132591    0.021803    4.163275    2.714159    2.277396    4.136133    0.865807    0.004694    0.022410    0.000000    0.000000    15.958444   10.884408   21.000000   0.004724    0.134644    0.977591    0.977590    0.021803    2.714159    4.136133    6.872095    0.104234    0.006496    0.000001    0.000056    0.250500    0.250500    0.020000    0.025050    0.002505    0.003462    1.000000    1.000000    60.353752   45.256791   0.003462    0.000058    1.000000    0.018306    0.000807    0.013026    0.038874    2.768472    0.000871    0.348295    0.000000    0.000050    0.000500    0.000005    0.000500    0.000500    0.000005    0.000013    0.000013    0.000013    0.569401    12.091970  
[37m[36mINFO[0m[0m 07/14 01:07:53 | 0.951347    0.922156    0.000000    0.960901    0.162658    0.948655    0.978632    0.951347    0.922156    0.955414    1900        37.095790   0.176286    0.022400    4.139806    2.712581    2.302313    4.112680    0.832167    0.005848    0.024402    0.000000    0.000000    15.985091   10.841722   21.000000   0.005846    0.168196    0.975601    0.975598    0.022400    2.712581    4.112680    6.847661    0.145055    0.008742    0.000002    0.000086    0.350500    0.350500    0.020000    0.035050    0.003505    0.004824    1.000000    1.000000    57.412218   45.258456   0.004824    0.000084    1.000000    0.018671    0.001461    0.011284    0.058288    3.075448    0.001203    0.356280    0.000000    0.000050    0.000500    0.000005    0.000500    0.000500    0.000005    0.000013    0.000013    0.000013    0.570412    13.177174  
[37m[36mINFO[0m[0m 07/14 01:09:08 | 0.963323    0.937126    0.000000    0.958243    0.171626    0.953545    0.959402    0.963323    0.937126    0.961783    2000        39.048200   0.222731    0.025512    4.135514    2.721433    2.345343    4.108300    0.800589    0.005455    0.024089    0.000000    0.000000    16.080909   10.628852   21.000000   0.005451    0.199748    0.975914    0.975911    0.025512    2.721433    4.108300    6.855245    0.186293    0.010815    0.000002    0.000109    0.450500    0.450500    0.020000    0.045050    0.004505    0.006496    1.000000    1.000000    58.414641   45.259925   0.006496    0.000111    1.000000    0.018949    0.002076    0.010396    0.080083    3.467540    0.001595    0.382020    0.000000    0.000050    0.000500    0.000005    0.000500    0.000500    0.000005    0.000013    0.000013    0.000013    0.567063    13.090560  
[37m[36mINFO[0m[0m 07/14 01:10:22 | 0.970808    0.955090    0.000000    0.964010    0.135230    0.958435    0.974359    0.970808    0.955090    0.959236    2100        41.000610   0.257455    0.018684    4.102610    2.704789    2.303188    4.064093    0.775555    0.004857    0.023208    0.000000    0.025250    15.721189   10.213035   21.000000   0.004854    0.224735    0.976796    0.976792    0.018684    2.704789    4.064093    6.787567    0.225840    0.012801    0.000003    0.000128    0.550500    0.550500    0.020000    0.055050    0.005505    0.008006    1.000000    1.000000    56.754311   45.261415   0.008006    0.000141    1.000000    0.019290    0.002542    0.010061    0.089937    2.664475    0.001946    0.283358    0.000000    0.000050    0.000500    0.000005    0.000500    0.000500    0.000005    0.000013    0.000013    0.000013    0.562124    12.718956  
[37m[36mINFO[0m[0m 07/14 01:11:36 | 0.964072    0.955090    0.000000    0.960935    0.153883    0.946210    0.978632    0.964072    0.955090    0.957962    2200        42.953020   0.302014    0.020488    4.099065    2.957195    1.682499    4.045130    0.755554    0.004451    0.023101    0.000000    0.075250    15.671687   10.292728   21.000000   0.004445    0.244703    0.976904    0.976899    0.020488    2.957195    4.045130    7.022813    0.266635    0.014738    0.000003    0.000150    0.650500    0.650500    0.020000    0.065050    0.006505    0.010450    1.000000    1.000000    56.337825   45.262122   0.010450    0.000184    1.000000    0.019529    0.003152    0.008738    0.164220    2.923437    0.002295    0.306737    0.000000    0.000050    0.000500    0.000005    0.000500    0.000500    0.000005    0.000013    0.000013    0.000013    0.566734    12.553417  
[37m[36mINFO[0m[0m 07/14 01:12:50 | 0.976796    0.964072    0.000000    0.963503    0.140843    0.953545    0.970085    0.976796    0.964072    0.966879    2300        44.905430   0.343966    0.020776    4.085058    3.513810    0.735624    4.031810    0.730496    0.004197    0.022561    0.000000    0.125250    16.089992   10.759391   21.000000   0.004192    0.269759    0.977445    0.977439    0.020776    3.513810    4.031810    7.566396    0.306570    0.016448    0.000003    0.000170    0.750500    0.750500    0.020000    0.075050    0.007505    0.015426    1.000000    1.000000    59.623675   45.262997   0.015426    0.000257    1.000000    0.019905    0.004665    0.007221    0.467568    2.967517    0.002722    0.304062    0.000000    0.000050    0.000500    0.000005    0.000500    0.000500    0.000005    0.000013    0.000013    0.000013    0.569959    11.736116  
[37m[36mINFO[0m[0m 07/14 01:14:04 | 0.977545    0.961078    0.000000    0.957476    0.140038    0.948655    0.965812    0.977545    0.961078    0.957962    2400        46.857840   0.380242    0.016390    4.061806    3.618211    0.428153    4.010875    0.714517    0.003375    0.022917    0.000000    0.175250    15.741649   10.581627   21.000000   0.003369    0.285702    0.977090    0.977083    0.016390    3.618211    4.010875    7.645476    0.345426    0.018228    0.000003    0.000195    0.850500    0.850500    0.020000    0.085050    0.008505    0.018357    1.000000    1.000000    56.314467   45.263330   0.018357    0.000324    1.000000    0.020086    0.006423    0.006343    0.677241    2.392554    0.003022    0.264384    0.000000    0.000050    0.000500    0.000005    0.000500    0.000500    0.000005    0.000013    0.000013    0.000013    0.568599    12.157154  
[37m[36mINFO[0m[0m 07/14 01:15:18 | 0.961826    0.955090    0.000000    0.958579    0.185255    0.951100    0.967949    0.961826    0.955090    0.956688    2500        48.810250   0.423836    0.018499    4.055086    3.804912    0.237067    4.006361    0.691726    0.002870    0.022225    0.000000    0.225250    15.656572   10.680816   21.000000   0.002866    0.308478    0.977784    0.977775    0.018499    3.804912    4.006361    7.829773    0.385404    0.019718    0.000003    0.000211    0.950500    0.950500    0.020000    0.095050    0.009505    0.032211    1.000000    1.000000    56.425154   45.263256   0.032211    0.000566    1.000000    0.020610    0.011059    0.005211    0.898553    2.679148    0.003392    0.259464    0.000000    0.000050    0.000500    0.000005    0.000500    0.000500    0.000005    0.000013    0.000013    0.000013    0.573274    11.868950  
[37m[36mINFO[0m[0m 07/14 01:16:33 | 0.970060    0.973054    0.000000    0.962702    0.143747    0.960880    0.974359    0.970060    0.973054    0.952866    2600        50.762660   0.452466    0.026381    4.053561    3.858261    0.222124    4.002778    0.682891    0.002561    0.024028    0.000000    0.275250    15.191982   10.316300   21.000000   0.002558    0.317282    0.975984    0.975972    0.026381    3.858261    4.002778    7.887419    0.405356    0.020487    0.000003    0.000240    1.000000    1.000000    0.020000    0.100000    0.010000    0.030378    1.000000    1.000000    51.099522   45.261740   0.030378    0.000591    1.000000    0.020511    0.011458    0.004942    0.959748    3.179065    0.003488    0.298035    0.000000    0.000050    0.000500    0.000005    0.000500    0.000500    0.000005    0.000013    0.000013    0.000013    0.573009    11.896768  
[37m[36mINFO[0m[0m 07/14 01:17:47 | 0.966317    0.952096    0.000000    0.960394    0.144207    0.953545    0.972222    0.966317    0.952096    0.955414    2700        52.715070   0.448676    0.022932    4.055914    3.870696    0.209854    4.003560    0.663719    0.002305    0.023849    0.000000    0.325250    15.738865   10.203271   21.000000   0.002303    0.336434    0.976163    0.976151    0.022932    3.870696    4.003560    7.897187    0.405591    0.019912    0.000002    0.000238    1.000000    1.000000    0.020000    0.100000    0.010000    0.040203    1.000000    1.000000    54.506668   45.262033   0.040203    0.000731    1.000000    0.021201    0.015686    0.004228    0.977526    3.083626    0.003490    0.284564    0.000000    0.000050    0.000500    0.000005    0.000500    0.000500    0.000005    0.000013    0.000013    0.000013    0.568683    12.217250  
[37m[36mINFO[0m[0m 07/14 01:19:00 | 0.971557    0.958084    0.000000    0.959373    0.155027    0.955990    0.974359    0.971557    0.958084    0.947771    2800        54.667480   0.444201    0.018772    4.054420    3.886071    0.190383    4.001263    0.658738    0.002082    0.022280    0.000000    0.375250    15.491725   10.195721   21.000000   0.002079    0.341393    0.977732    0.977720    0.018772    3.886071    4.001263    7.906105    0.405442    0.019762    0.000002    0.000223    1.000000    1.000000    0.020000    0.100000    0.010000    0.042378    1.000000    1.000000    55.453666   45.262745   0.042378    0.000760    1.000000    0.021812    0.017305    0.003996    0.988084    2.741359    0.003431    0.275002    0.000000    0.000050    0.000500    0.000005    0.000500    0.000500    0.000005    0.000013    0.000013    0.000013    0.567396    11.922888  
[37m[36mINFO[0m[0m 07/14 01:20:14 | 0.958084    0.949102    0.000000    0.956915    0.193173    0.958435    0.965812    0.958084    0.949102    0.946497    2900        56.619890   0.446820    0.023991    4.028846    3.940140    0.186747    3.973564    0.657550    0.001839    0.021657    0.000000    0.425250    14.729871   10.113444   21.000000   0.001837    0.342564    0.978357    0.978344    0.023991    3.940140    3.973564    7.937695    0.402885    0.019727    0.000002    0.000217    1.000000    1.000000    0.020000    0.100000    0.010000    0.034009    1.000000    1.000000    49.146206   45.262698   0.034009    0.000685    1.000000    0.021607    0.016518    0.004550    0.985350    2.608403    0.003349    0.295543    0.000000    0.000050    0.000500    0.000005    0.000500    0.000500    0.000005    0.000013    0.000013    0.000013    0.571815    12.052878  
[37m[36mINFO[0m[0m 07/14 01:21:29 | 0.932635    0.913174    0.000000    0.939005    0.317480    0.931540    0.952991    0.932635    0.913174    0.932484    3000        58.572300   0.439243    0.016367    4.035020    3.940387    0.176757    3.978803    0.638808    0.001734    0.020796    0.000000    0.475250    15.359619   9.911370    21.000000   0.001734    0.361304    0.979217    0.979204    0.016367    3.940387    3.978803    7.935556    0.403502    0.019164    0.000002    0.000208    1.000000    1.000000    0.020000    0.100000    0.010000    0.051491    1.000000    1.000000    54.244156   45.263147   0.051491    0.000936    1.000000    0.022820    0.022552    0.003335    0.989828    2.818402    0.003416    0.235072    0.000000    0.000050    0.000500    0.000005    0.000500    0.000500    0.000005    0.000013    0.000013    0.000013    0.567774    13.227362  
[37m[36mINFO[0m[0m 07/14 01:22:44 | 0.956587    0.940120    0.000000    0.954066    0.207393    0.938875    0.961538    0.956587    0.940120    0.961783    3100        60.524710   0.442222    0.019431    4.036792    3.995538    0.175595    3.979277    0.629747    0.001695    0.021816    0.000000    0.500000    15.404295   10.138013   21.000000   0.001694    0.370359    0.978199    0.978184    0.019431    3.995538    3.979277    7.994246    0.403679    0.018892    0.000002    0.000218    1.000000    1.000000    0.020000    0.100000    0.010000    0.050161    1.000000    1.000000    52.982991   45.263267   0.050161    0.000935    1.000000    0.023322    0.024223    0.002746    0.985061    3.067704    0.003393    0.253194    0.000000    0.000050    0.000500    0.000005    0.000500    0.000500    0.000005    0.000013    0.000013    0.000013    0.564491    13.291091  
[37m[36mINFO[0m[0m 07/14 01:23:58 | 0.943862    0.925150    0.000000    0.945512    0.234102    0.941320    0.948718    0.943862    0.925150    0.946497    3200        62.477120   0.432228    0.010969    4.024956    3.920648    0.154903    3.970259    0.619056    0.001561    0.019014    0.000000    0.500000    15.643415   10.558558   21.000000   0.001559    0.381039    0.981000    0.980986    0.010969    3.920648    3.970259    7.901876    0.402496    0.018572    0.000002    0.000190    1.000000    1.000000    0.020000    0.100000    0.010000    0.072197    0.999999    1.000000    57.985747   45.264264   0.072197    0.001233    0.999999    0.024816    0.031125    0.001895    0.998288    1.965154    0.003350    0.176612    0.000000    0.000050    0.000500    0.000005    0.000500    0.000500    0.000005    0.000013    0.000013    0.000013    0.567299    12.815048  
[37m[36mINFO[0m[0m 07/14 01:25:13 | 0.966317    0.946108    0.000000    0.958531    0.185359    0.963325    0.959402    0.966317    0.946108    0.952866    3300        64.429530   0.442877    0.021620    4.024265    3.918309    0.163216    3.968761    0.620652    0.001463    0.020989    0.000000    0.500000    14.820642   10.434716   21.000000   0.001462    0.379433    0.979028    0.979011    0.021620    3.918309    3.968761    7.908690    0.402427    0.018620    0.000001    0.000210    1.000000    1.000000    0.020000    0.100000    0.010000    0.048772    1.000000    1.000000    49.125039   45.262465   0.048772    0.000986    1.000000    0.023522    0.026005    0.003140    0.995811    2.656085    0.003303    0.247505    0.000000    0.000050    0.000500    0.000005    0.000500    0.000500    0.000005    0.000013    0.000013    0.000013    0.571608    12.966045  
[37m[36mINFO[0m[0m 07/14 01:26:26 | 0.966317    0.943114    0.000000    0.967441    0.155088    0.965770    0.972222    0.966317    0.943114    0.964331    3400        66.381940   0.435048    0.015070    4.013802    3.898926    0.166068    3.958206    0.613299    0.001390    0.019708    0.000000    0.500000    15.129460   9.982688    21.000000   0.001389    0.386784    0.980307    0.980292    0.015070    3.898926    3.958206    7.872202    0.401380    0.018399    0.000001    0.000197    1.000000    1.000000    0.020000    0.100000    0.010000    0.058828    1.000000    1.000000    52.953013   45.263402   0.058828    0.001105    1.000000    0.024605    0.030659    0.002782    0.995366    2.371961    0.003302    0.216033    0.000000    0.000050    0.000500    0.000005    0.000500    0.000500    0.000005    0.000013    0.000013    0.000013    0.567731    11.588883  
[37m[36mINFO[0m[0m 07/14 01:27:40 | 0.949102    0.925150    0.000000    0.952093    0.194196    0.938875    0.965812    0.949102    0.925150    0.951592    3500        68.334350   0.439038    0.018594    4.017822    3.886700    0.166343    3.962320    0.615181    0.001223    0.020578    0.000000    0.500000    14.838077   9.782533    21.000000   0.001222    0.384894    0.979439    0.979422    0.018594    3.886700    3.962320    7.867613    0.401782    0.018455    0.000001    0.000206    1.000000    1.000000    0.020000    0.100000    0.010000    0.058677    0.999999    1.000000    50.614397   45.263459   0.058677    0.001148    0.999999    0.024686    0.031353    0.003028    0.995532    2.942860    0.003241    0.246040    0.000000    0.000050    0.000500    0.000005    0.000500    0.000500    0.000005    0.000013    0.000013    0.000013    0.570939    12.049488  
[37m[36mINFO[0m[0m 07/14 01:28:54 | 0.961826    0.931138    0.000000    0.955696    0.208577    0.943765    0.961538    0.961826    0.931138    0.961783    3600        70.286760   0.439810    0.019701    4.015068    3.936888    0.165477    3.959151    0.613029    0.001174    0.021025    0.000000    0.500000    14.758167   9.762443    21.000000   0.001174    0.387046    0.978993    0.978975    0.019701    3.936888    3.959151    7.915740    0.401507    0.018391    0.000001    0.000210    1.000000    1.000000    0.020000    0.100000    0.010000    0.063374    0.999999    1.000000    49.763261   45.263533   0.063374    0.001247    0.999999    0.025132    0.032964    0.002870    0.997984    2.941183    0.003273    0.216405    0.000000    0.000050    0.000500    0.000005    0.000500    0.000500    0.000005    0.000013    0.000013    0.000013    0.566388    11.720519  
[37m[36mINFO[0m[0m 07/14 01:30:08 | 0.949850    0.940120    0.000000    0.941731    0.264931    0.926650    0.938034    0.949850    0.940120    0.960510    3700        72.239170   0.432719    0.012115    4.018710    3.867361    0.151327    3.964904    0.617753    0.001118    0.019885    0.000000    0.500000    14.458986   9.683221    21.000000   0.001117    0.382318    0.980133    0.980115    0.012115    3.867361    3.964904    7.844381    0.401871    0.018533    0.000001    0.000199    1.000000    1.000000    0.020000    0.100000    0.010000    0.055440    0.999999    1.000000    48.605828   45.264305   0.055440    0.001137    0.999999    0.025211    0.032525    0.002972    0.997512    2.056358    0.003211    0.166191    0.000000    0.000050    0.000500    0.000005    0.000500    0.000500    0.000005    0.000013    0.000013    0.000013    0.574486    11.771683  
[37m[36mINFO[0m[0m 07/14 01:31:22 | 0.958084    0.937126    0.000000    0.953819    0.194017    0.938875    0.978632    0.958084    0.937126    0.943949    3800        74.191580   0.431235    0.012335    4.003845    3.852909    0.156106    3.949705    0.610827    0.000994    0.019018    0.000000    0.500000    14.862163   9.694992    21.000000   0.000992    0.389239    0.980999    0.980982    0.012335    3.852909    3.949705    7.814949    0.400384    0.018325    0.000001    0.000190    1.000000    1.000000    0.020000    0.100000    0.010000    0.068722    0.999999    1.000000    52.486722   45.265085   0.068722    0.001277    0.999999    0.026614    0.037671    0.002283    0.994416    2.007902    0.003192    0.165108    0.000000    0.000050    0.000500    0.000005    0.000500    0.000500    0.000005    0.000013    0.000013    0.000013    0.566005    12.543038  
[37m[36mINFO[0m[0m 07/14 01:32:35 | 0.946108    0.910180    0.000000    0.949313    0.251272    0.933985    0.957265    0.946108    0.910180    0.956688    3900        76.143990   0.440245    0.021746    3.999579    3.874192    0.162590    3.944578    0.611147    0.000867    0.020538    0.000000    0.500000    14.393342   9.423428    21.000000   0.000866    0.388918    0.979480    0.979462    0.021746    3.874192    3.944578    7.840516    0.399958    0.018334    0.000001    0.000205    1.000000    1.000000    0.020000    0.100000    0.010000    0.052611    0.999999    1.000000    46.621624   45.264211   0.052611    0.001104    0.999999    0.025658    0.033854    0.002341    0.984863    2.685807    0.003177    0.202894    0.000000    0.000050    0.000500    0.000005    0.000500    0.000500    0.000005    0.000013    0.000013    0.000013    0.570589    11.840873  
[37m[36mINFO[0m[0m 07/14 01:33:50 | 0.947605    0.934132    0.000000    0.958353    0.139872    0.938875    0.980769    0.947605    0.934132    0.955414    4000        78.096400   0.441123    0.022137    4.006765    3.881578    0.166461    3.951303    0.603784    0.000802    0.019505    0.000000    0.500000    14.459511   9.593371    21.000000   0.000802    0.396283    0.980514    0.980495    0.022137    3.881578    3.951303    7.855018    0.400676    0.018114    0.000001    0.000195    1.000000    1.000000    0.020000    0.100000    0.010000    0.059454    0.999999    1.000000    47.519086   45.264091   0.059454    0.001222    0.999999    0.026417    0.037489    0.002066    0.994576    2.673987    0.003206    0.243353    0.000000    0.000050    0.000500    0.000005    0.000500    0.000500    0.000005    0.000013    0.000013    0.000013    0.568232    12.565891  
[37m[36mINFO[0m[0m 07/14 01:35:04 | 0.955090    0.925150    0.000000    0.955860    0.176938    0.943765    0.972222    0.955090    0.925150    0.951592    4100        80.048810   0.433033    0.016107    3.988866    3.895691    0.162191    3.933690    0.594914    0.000762    0.019175    0.000000    0.500000    14.678062   9.587650    21.000000   0.000761    0.405152    0.980843    0.980825    0.016107    3.895691    3.933690    7.845488    0.398887    0.017847    0.000001    0.000192    1.000000    1.000000    0.020000    0.100000    0.010000    0.071568    0.999999    1.000000    49.485176   45.264286   0.071568    0.001418    0.999999    0.027551    0.042137    0.001757    0.996992    2.379145    0.003229    0.171652    0.000000    0.000050    0.000500    0.000005    0.000500    0.000500    0.000005    0.000013    0.000013    0.000013    0.567835    12.304834  
[37m[36mINFO[0m[0m 07/14 01:36:19 | 0.967814    0.952096    0.000000    0.937547    0.180325    0.904645    0.955128    0.967814    0.952096    0.952866    4200        82.001220   0.439355    0.020644    4.004241    3.877032    0.165112    3.948960    0.602798    0.000693    0.020170    0.000000    0.500000    14.112018   9.762331    21.000000   0.000693    0.397264    0.979850    0.979830    0.020644    3.877032    3.948960    7.846636    0.400424    0.018084    0.000001    0.000202    1.000000    1.000000    0.020000    0.100000    0.010000    0.053152    0.999999    1.000000    45.089317   45.264076   0.053152    0.001169    0.999999    0.026455    0.036508    0.002155    0.994515    2.803844    0.003200    0.220087    0.000000    0.000050    0.000500    0.000005    0.000500    0.000500    0.000005    0.000013    0.000013    0.000013    0.570358    12.957047  
[37m[36mINFO[0m[0m 07/14 01:37:33 | 0.964072    0.937126    0.000000    0.948333    0.211870    0.941320    0.944444    0.964072    0.937126    0.959236    4300        83.953630   0.442289    0.023289    4.005662    3.875007    0.168993    3.950013    0.607349    0.000664    0.021229    0.000000    0.500000    13.874880   9.249221    21.000000   0.000664    0.392714    0.978791    0.978771    0.023289    3.875007    3.950013    7.848309    0.400566    0.018220    0.000001    0.000212    1.000000    1.000000    0.020000    0.100000    0.010000    0.045490    1.000000    1.000000    42.698107   45.264668   0.045490    0.001047    1.000000    0.025963    0.033148    0.002512    0.988270    3.186815    0.003196    0.220873    0.000000    0.000050    0.000500    0.000005    0.000500    0.000500    0.000005    0.000013    0.000013    0.000013    0.566872    12.550213  
[37m[36mINFO[0m[0m 07/14 01:38:46 | 0.967814    0.943114    0.000000    0.954114    0.202962    0.936430    0.967949    0.967814    0.943114    0.957962    4400        85.906040   0.434837    0.018511    3.982427    3.913312    0.158389    3.927455    0.596350    0.000646    0.019200    0.000000    0.500000    14.024153   9.117504    21.000000   0.000646    0.403713    0.980819    0.980800    0.018511    3.913312    3.927455    7.859278    0.398243    0.017891    0.000001    0.000192    1.000000    1.000000    0.020000    0.100000    0.010000    0.052426    0.999999    1.000000    44.506511   45.264360   0.052426    0.001168    0.999999    0.026495    0.036256    0.001723    0.996575    2.478686    0.003214    0.178169    0.000000    0.000050    0.000500    0.000005    0.000500    0.000500    0.000005    0.000013    0.000013    0.000013    0.569562    11.309142  
[37m[36mINFO[0m[0m 07/14 01:39:59 | 0.953593    0.940120    0.000000    0.958374    0.165697    0.936430    0.974359    0.953593    0.940120    0.964331    4500        87.858450   0.427319    0.010848    3.985792    3.854957    0.147543    3.932488    0.590487    0.000587    0.017713    0.000000    0.500000    14.267933   9.452363    21.000000   0.000586    0.409572    0.982304    0.982287    0.010848    3.854957    3.932488    7.798293    0.398579    0.017715    0.000001    0.000177    1.000000    1.000000    0.020000    0.100000    0.010000    0.059115    0.999999    1.000000    47.319060   45.265675   0.059115    0.001240    0.999999    0.027683    0.039687    0.001762    0.998037    1.765774    0.003203    0.124856    0.000000    0.000050    0.000500    0.000005    0.000500    0.000500    0.000005    0.000013    0.000013    0.000013    0.565083    11.658909  
[37m[36mINFO[0m[0m 07/14 01:41:13 | 0.948353    0.937126    0.000000    0.937225    0.242817    0.897311    0.955128    0.948353    0.937126    0.959236    4600        89.810860   0.425877    0.010529    3.979240    3.830505    0.151932    3.925741    0.574929    0.000533    0.017479    0.000000    0.500000    15.031523   9.642386    21.000000   0.000532    0.425133    0.982539    0.982521    0.010529    3.830505    3.925741    7.766776    0.397924    0.017248    0.000001    0.000175    1.000000    1.000000    0.020000    0.100000    0.010000    0.092362    0.999999    1.000000    53.741639   45.266554   0.092362    0.001675    0.999999    0.030865    0.050894    0.001398    0.998520    1.922294    0.003252    0.135501    0.000000    0.000050    0.000500    0.000005    0.000500    0.000500    0.000005    0.000013    0.000013    0.000013    0.568040    12.168962  
[37m[36mINFO[0m[0m 07/14 01:42:27 | 0.943114    0.928144    0.000000    0.946409    0.227191    0.938875    0.955128    0.943114    0.928144    0.945223    4700        91.763270   0.435219    0.017911    3.994155    3.911836    0.161854    3.938851    0.590122    0.000492    0.018775    0.000000    0.500000    13.862078   9.478161    21.000000   0.000492    0.409937    0.981245    0.981225    0.017911    3.911836    3.938851    7.868598    0.399416    0.017704    0.000000    0.000188    1.000000    1.000000    0.020000    0.100000    0.010000    0.050036    0.999999    1.000000    43.093468   45.265338   0.050036    0.001149    0.999999    0.027314    0.038270    0.001967    0.991112    2.590666    0.003216    0.177336    0.000000    0.000050    0.000500    0.000005    0.000500    0.000500    0.000005    0.000013    0.000013    0.000013    0.568704    11.998975  
[37m[36mINFO[0m[0m 07/14 01:43:40 | 0.955838    0.931138    0.000000    0.963928    0.170172    0.953545    0.970085    0.955838    0.931138    0.968153    4800        93.715680   0.427380    0.011595    3.981788    3.846839    0.149474    3.928372    0.580745    0.000478    0.018305    0.000000    0.500000    14.216431   9.398154    21.000000   0.000477    0.419312    0.981715    0.981695    0.011595    3.846839    3.928372    7.786806    0.398179    0.017422    0.000000    0.000183    1.000000    1.000000    0.020000    0.100000    0.010000    0.057903    0.999999    1.000000    45.336102   45.266180   0.057903    0.001271    0.999999    0.028549    0.042284    0.001551    0.996988    2.070486    0.003204    0.140206    0.000000    0.000050    0.000500    0.000005    0.000500    0.000500    0.000005    0.000013    0.000013    0.000013    0.571557    11.589756  
[37m[36mINFO[0m[0m 07/14 01:44:54 | 0.952844    0.934132    0.000000    0.957257    0.177906    0.953545    0.961538    0.952844    0.934132    0.956688    4900        95.668090   0.431130    0.016813    3.965955    3.850023    0.162292    3.911225    0.584149    0.000438    0.019672    0.000000    0.500000    13.988596   9.398767    21.000000   0.000437    0.415907    0.980348    0.980328    0.016813    3.850023    3.911225    7.778061    0.396595    0.017524    0.000000    0.000197    1.000000    1.000000    0.020000    0.100000    0.010000    0.046748    1.000000    1.000000    42.561542   45.265506   0.046748    0.001073    1.000000    0.027528    0.036703    0.002153    0.982922    2.162928    0.003199    0.135159    0.000000    0.000050    0.000500    0.000005    0.000500    0.000500    0.000005    0.000013    0.000013    0.000013    0.567987    12.215082  
[37m[36mINFO[0m[0m 07/14 01:46:08 | 0.937126    0.901198    0.000000    0.938567    0.241923    0.921760    0.948718    0.937126    0.901198    0.945223    5000        97.620500   0.433477    0.017806    3.978234    3.812547    0.150503    3.925058    0.588575    0.000417    0.019015    0.000000    0.500000    13.794809   9.151958    21.000000   0.000417    0.411478    0.981004    0.980985    0.017806    3.812547    3.925058    7.755411    0.397823    0.017657    0.000000    0.000190    1.000000    1.000000    0.020000    0.100000    0.010000    0.042738    1.000000    1.000000    41.816115   45.265704   0.042738    0.001014    1.000000    0.027406    0.036121    0.002164    0.986959    2.355911    0.003173    0.155456    0.000000    0.000050    0.000500    0.000005    0.000500    0.000500    0.000005    0.000013    0.000013    0.000013    0.565085    11.838672  
[37m[36mINFO[0m[0m 07/14 01:46:08 | ---
[37m[33mWARNING[0m[0m 07/14 01:46:08 | Evaluate SWAD ...
[37m[36mINFO[0m[0m 07/14 01:46:21 | 0.978293    0.964072    0.000000    0.976728    0.146581    0.980440    0.976496    0.978293    0.964072    0.973248    [101-5000]  (N=51)
[37m[36mINFO[0m[0m 07/14 01:46:21 | oracle = 97.006%
[37m[36mINFO[0m[0m 07/14 01:46:21 | iid = 96.632%
[37m[36mINFO[0m[0m 07/14 01:46:21 | last = 93.713%
[37m[36mINFO[0m[0m 07/14 01:46:21 | last (inD) = 93.857%
[37m[36mINFO[0m[0m 07/14 01:46:21 | iid (inD) = 96.744%
[37m[36mINFO[0m[0m 07/14 01:46:21 | SWAD = 97.829%
[37m[36mINFO[0m[0m 07/14 01:46:21 | SWAD (inD) = 97.673%
[37m[36mINFO[0m[0m 07/14 01:46:22 | 
[37m[36mINFO[0m[0m 07/14 01:46:26 | Testenv name escaping te_sketch -> te_sketch
[37m[36mINFO[0m[0m 07/14 01:46:26 | Test envs = [3], name = te_sketch
[37m[36mINFO[0m[0m 07/14 01:46:26 | Batch sizes for each domain: [32, 32, 32, 0] (total=96)
[37m[36mINFO[0m[0m 07/14 01:46:26 | steps-per-epoch for each domain: 51.22, 58.62, 41.75 -> min = 41.75
[37m[36mINFO[0m[0m 07/14 01:46:29 | # of params = 53365703
[37m[36mINFO[0m[0m 07/14 01:46:45 | test_in     test_out    train_in    train_out   tr_outloss  env0_out    env1_out    env2_out    env3_in     env3_out    step        epoch       loss        loss_cls    loss_ccc    loss_cross  loss_int    loss_ref    loss_isr    loss_orth   loss_inv    loss_gt     piccl_alph  paired_res  domain_res  valid_doma  basis_orth  response_c  raw_interv  mediator_i  ce_loss     sup_cl_los  pre_cl_los  dccl_total  weighted_l  weighted_l  weighted_l  weighted_l  piccl_loss  piccl_feat  residual_s  piccl_loss  connectivi  residual_d  fused_orig  piccl_exec  original_f  piccl_feat  feature_de  feature_de  original_f  gate_mean   gate_std    gate_min    gate_max    backbone_g  piccl_grad  classifier  has_nan_or  param_grou  param_grou  param_grou  param_grou  param_grou  param_grou  param_grou  param_grou  param_grou  step_time   eval_time  
[37m[36mINFO[0m[0m 07/14 01:46:45 | 0.126908    0.128662    0.000000    0.335267    1.919051    0.283619    0.267094    0.455090    0.126908    0.128662    0           0.000000    2.007428    2.007428    5.056080    4.821468    1.753269    5.007865    0.000000    0.113467    0.097532    0.000000    0.000000    0.000000    0.000000    21.000000   0.113467    0.000000    0.902468    0.902468    2.007428    4.821468    5.007865    11.836761   0.000000    0.000000    0.000000    0.000000    0.000000    0.000000    0.020000    0.000000    0.000000    0.000000    1.000000    1.000000    26.046446   45.253448   0.000000    0.000000    1.000000    0.017986    0.000000    0.017986    0.017986    4.306220    0.000000    5.372877    0.000000    0.000050    0.000500    0.000005    0.000500    0.000500    0.000005    0.000013    0.000013    0.000013    0.607329    14.540625  
[37m[36mINFO[0m[0m 07/14 01:48:00 | 0.730598    0.735032    0.000000    0.951082    0.139171    0.924205    0.952991    0.976048    0.730598    0.735032    100         2.395210    0.365150    0.365150    4.920519    3.681860    1.964164    4.883700    0.991750    0.113467    0.040817    0.000000    0.000000    17.628648   4.347733    21.000000   0.113467    0.008250    0.959183    0.959183    0.365150    3.681860    4.883700    8.930711    0.000000    0.000000    0.000000    0.000000    0.000000    0.000000    0.020000    0.000000    0.000000    0.000000    1.000000    1.000000    68.350403   45.254531   0.000000    0.000000    1.000000    0.017986    0.000000    0.017986    0.017986    8.059590    0.000000    3.153547    0.000000    0.000050    0.000500    0.000005    0.000500    0.000500    0.000005    0.000013    0.000013    0.000013    0.570236    12.827845  
[37m[36mINFO[0m[0m 07/14 01:49:14 | 0.708333    0.718471    0.000000    0.939232    0.236230    0.916870    0.933761    0.967066    0.708333    0.718471    200         4.790419    0.117651    0.117651    4.822094    3.321064    1.822200    4.788883    0.991670    0.113467    0.031603    0.000000    0.000000    18.230087   9.652176    21.000000   0.113467    0.008330    0.968397    0.968397    0.117651    3.321064    4.788883    8.227598    0.000000    0.000000    0.000000    0.000000    0.000000    0.000000    0.020000    0.000000    0.000000    0.000000    1.000000    1.000000    73.568877   45.254639   0.000000    0.000000    1.000000    0.017986    0.000000    0.017986    0.017986    6.733854    0.000000    1.612894    0.000000    0.000050    0.000500    0.000005    0.000500    0.000500    0.000005    0.000013    0.000013    0.000013    0.565649    12.638043  
[37m[36mINFO[0m[0m 07/14 01:50:29 | 0.742048    0.757962    0.000000    0.952486    0.135092    0.933985    0.959402    0.964072    0.742048    0.757962    300         7.185629    0.077444    0.077444    4.793185    3.217705    1.795996    4.761008    0.991671    0.113467    0.029363    0.000000    0.000000    17.413140   11.459383   21.000000   0.113467    0.008329    0.970637    0.970637    0.077444    3.217705    4.761008    8.056157    0.000000    0.000000    0.000000    0.000000    0.000000    0.000000    0.020000    0.000000    0.000000    0.000000    1.000000    1.000000    69.374391   45.254627   0.000000    0.000000    1.000000    0.017986    0.000000    0.017986    0.017986    5.795013    0.000000    1.215251    0.000000    0.000050    0.000500    0.000005    0.000500    0.000500    0.000005    0.000013    0.000013    0.000013    0.565750    13.793379  
[37m[36mINFO[0m[0m 07/14 01:51:45 | 0.743957    0.780892    0.000000    0.961326    0.135145    0.951100    0.965812    0.967066    0.743957    0.780892    400         9.580838    0.045570    0.045570    4.770006    3.120807    1.826998    4.738798    0.991704    0.113467    0.027560    0.000000    0.000000    18.404764   12.119192   21.000000   0.113467    0.008296    0.972440    0.972440    0.045570    3.120807    4.738798    7.905176    0.000000    0.000000    0.000000    0.000000    0.000000    0.000000    0.020000    0.000000    0.000000    0.000000    1.000000    1.000000    76.988662   45.254665   0.000000    0.000000    1.000000    0.017986    0.000000    0.017986    0.017986    4.723927    0.000000    0.810407    0.000000    0.000050    0.000500    0.000005    0.000500    0.000500    0.000005    0.000013    0.000013    0.000013    0.569373    13.571264  
[37m[36mINFO[0m[0m 07/14 01:53:00 | 0.712468    0.722293    0.000000    0.953424    0.145139    0.929095    0.955128    0.976048    0.712468    0.722293    500         11.976048   0.054538    0.054538    4.777538    3.092136    1.865186    4.746617    0.991689    0.113467    0.026199    0.000000    0.000000    17.802255   12.686550   21.000000   0.113467    0.008311    0.973801    0.973801    0.054538    3.092136    4.746617    7.893290    0.000000    0.000000    0.000000    0.000000    0.000000    0.000000    0.020000    0.000000    0.000000    0.000000    1.000000    1.000000    73.573828   45.254641   0.000000    0.000000    1.000000    0.017986    0.000000    0.017986    0.017986    5.315681    0.000000    0.835968    0.000000    0.000050    0.000500    0.000005    0.000500    0.000500    0.000005    0.000013    0.000013    0.000013    0.570486    13.376954  
[37m[36mINFO[0m[0m 07/14 01:54:16 | 0.776081    0.783439    0.000000    0.964077    0.125932    0.948655    0.961538    0.982036    0.776081    0.783439    600         14.371257   0.029299    0.029299    4.763163    3.032474    1.856736    4.732839    0.991746    0.113467    0.024490    0.000000    0.000000    18.084812   12.497732   21.000000   0.113467    0.008254    0.975510    0.975510    0.029299    3.032474    4.732839    7.794612    0.000000    0.000000    0.000000    0.000000    0.000000    0.000000    0.020000    0.000000    0.000000    0.000000    1.000000    1.000000    75.938378   45.254660   0.000000    0.000000    1.000000    0.017986    0.000000    0.017986    0.017986    3.665273    0.000000    0.544803    0.000000    0.000050    0.000500    0.000005    0.000500    0.000500    0.000005    0.000013    0.000013    0.000013    0.571222    13.536308  
[37m[36mINFO[0m[0m 07/14 01:55:32 | 0.676209    0.671338    0.000000    0.954219    0.148196    0.941320    0.957265    0.964072    0.676209    0.671338    700         16.766467   0.032134    0.032134    4.759830    3.034743    1.890557    4.729483    0.991762    0.113467    0.023973    0.000000    0.000000    17.891987   12.786417   21.000000   0.113467    0.008238    0.976027    0.976027    0.032134    3.034743    4.729483    7.796361    0.000000    0.000000    0.000000    0.000000    0.000000    0.000000    0.020000    0.000000    0.000000    0.000000    1.000000    1.000000    74.799160   45.254654   0.000000    0.000000    1.000000    0.017986    0.000000    0.017986    0.017986    4.320755    0.000000    0.581308    0.000000    0.000050    0.000500    0.000005    0.000500    0.000500    0.000005    0.000013    0.000013    0.000013    0.572118    13.750069  
[37m[36mINFO[0m[0m 07/14 01:56:48 | 0.765585    0.773248    0.000000    0.966464    0.104202    0.968215    0.955128    0.976048    0.765585    0.773248    800         19.161677   0.027686    0.027686    4.754631    3.006458    1.871317    4.724566    0.991691    0.113467    0.024017    0.000000    0.000000    17.624509   12.530367   21.000000   0.113467    0.008309    0.975983    0.975983    0.027686    3.006458    4.724566    7.758710    0.000000    0.000000    0.000000    0.000000    0.000000    0.000000    0.020000    0.000000    0.000000    0.000000    1.000000    1.000000    71.769743   45.254644   0.000000    0.000000    1.000000    0.017986    0.000000    0.017986    0.017986    3.611814    0.000000    0.492698    0.000000    0.000050    0.000500    0.000005    0.000500    0.000500    0.000005    0.000013    0.000013    0.000013    0.573173    13.686782  
[37m[36mINFO[0m[0m 07/14 01:58:04 | 0.819338    0.821656    0.000000    0.967249    0.113664    0.946210    0.976496    0.979042    0.819338    0.821656    900         21.556886   0.036208    0.036208    4.750090    3.028641    1.854358    4.719803    0.991706    0.113467    0.023907    0.000000    0.000000    16.517972   11.883452   21.000000   0.113467    0.008294    0.976093    0.976093    0.036208    3.028641    4.719803    7.784652    0.000000    0.000000    0.000000    0.000000    0.000000    0.000000    0.020000    0.000000    0.000000    0.000000    1.000000    1.000000    64.349784   45.254596   0.000000    0.000000    1.000000    0.017986    0.000000    0.017986    0.017986    4.405960    0.000000    0.592708    0.000000    0.000050    0.000500    0.000005    0.000500    0.000500    0.000005    0.000013    0.000013    0.000013    0.572005    14.597106  
[37m[36mINFO[0m[0m 07/14 01:59:21 | 0.803753    0.796178    0.000000    0.937923    0.229621    0.892421    0.942308    0.979042    0.803753    0.796178    1000        23.952096   0.035431    0.035431    4.750058    2.987535    1.903551    4.720183    0.991721    0.113467    0.021816    0.000000    0.000000    16.433682   11.668243   21.000000   0.113467    0.008280    0.978184    0.978184    0.035431    2.987535    4.720183    7.743149    0.000000    0.000000    0.000000    0.000000    0.000000    0.000000    0.020000    0.000000    0.000000    0.000000    1.000000    1.000000    67.310809   45.254595   0.000000    0.000000    1.000000    0.017986    0.000000    0.017986    0.017986    4.110784    0.000000    0.568545    0.000000    0.000050    0.000500    0.000005    0.000500    0.000500    0.000005    0.000013    0.000013    0.000013    0.568789    14.784314  
[37m[36mINFO[0m[0m 07/14 02:00:37 | 0.741730    0.742675    0.000000    0.958108    0.167949    0.938875    0.959402    0.976048    0.741730    0.742675    1100        26.347305   0.036071    0.036071    4.747987    3.012564    1.896241    4.717861    0.991661    0.113467    0.023571    0.000000    0.000000    16.500332   11.602902   21.000000   0.113467    0.008339    0.976429    0.976429    0.036071    3.012564    4.717861    7.766496    0.000000    0.000000    0.000000    0.000000    0.000000    0.000000    0.020000    0.000000    0.000000    0.000000    1.000000    1.000000    64.094114   45.254577   0.000000    0.000000    1.000000    0.017986    0.000000    0.017986    0.017986    4.081753    0.000000    0.466314    0.000000    0.000050    0.000500    0.000005    0.000500    0.000500    0.000005    0.000013    0.000013    0.000013    0.565020    14.086597  
[37m[36mINFO[0m[0m 07/14 02:01:52 | 0.772901    0.768153    0.000000    0.968373    0.114124    0.955990    0.970085    0.979042    0.772901    0.768153    1200        28.742515   0.022826    0.022826    4.737001    2.959596    1.914965    4.707405    0.991608    0.113467    0.021844    0.000000    0.000000    16.279153   10.951759   21.000000   0.113467    0.008392    0.978156    0.978156    0.022826    2.959596    4.707405    7.689827    0.000000    0.000000    0.000000    0.000000    0.000000    0.000000    0.020000    0.000000    0.000000    0.000000    1.000000    1.000000    63.997469   45.254597   0.000000    0.000000    1.000000    0.017986    0.000000    0.017986    0.017986    3.130516    0.000000    0.358064    0.000000    0.000050    0.000500    0.000005    0.000500    0.000500    0.000005    0.000013    0.000013    0.000013    0.569359    13.739987  
[37m[36mINFO[0m[0m 07/14 02:03:08 | 0.769084    0.771975    0.000000    0.948255    0.170096    0.931540    0.940171    0.973054    0.769084    0.771975    1300        31.137725   0.029031    0.029031    4.747394    2.963416    1.934703    4.717760    0.991601    0.113467    0.021867    0.000000    0.000000    16.628957   10.837290   21.000000   0.113467    0.008399    0.978133    0.978133    0.029031    2.963416    4.717760    7.710207    0.000000    0.000000    0.000000    0.000000    0.000000    0.000000    0.020000    0.000000    0.000000    0.000000    1.000000    1.000000    65.262878   45.254595   0.000000    0.000000    1.000000    0.017986    0.000000    0.017986    0.017986    3.822516    0.000000    0.438405    0.000000    0.000050    0.000500    0.000005    0.000500    0.000500    0.000005    0.000013    0.000013    0.000013    0.569297    13.584348  
[37m[36mINFO[0m[0m 07/14 02:04:24 | 0.746183    0.723567    0.000000    0.972220    0.125965    0.955990    0.978632    0.982036    0.746183    0.723567    1400        33.532934   0.020373    0.020373    4.746880    2.953232    1.925802    4.717348    0.991627    0.113467    0.021343    0.000000    0.000000    16.044969   11.161379   21.000000   0.113467    0.008373    0.978657    0.978657    0.020373    2.953232    4.717348    7.690953    0.000000    0.000000    0.000000    0.000000    0.000000    0.000000    0.020000    0.000000    0.000000    0.000000    1.000000    1.000000    61.924757   45.254569   0.000000    0.000000    1.000000    0.017986    0.000000    0.017986    0.017986    2.963456    0.000000    0.276393    0.000000    0.000050    0.000500    0.000005    0.000500    0.000500    0.000005    0.000013    0.000013    0.000013    0.570593    13.759492  
[37m[36mINFO[0m[0m 07/14 02:05:39 | 0.745229    0.754140    0.000000    0.962793    0.138273    0.948655    0.963675    0.976048    0.745229    0.754140    1500        35.928144   0.018479    0.018479    4.736471    2.913424    1.953443    4.707337    0.991653    0.113467    0.019334    0.000000    0.000000    16.437856   10.929224   21.000000   0.113467    0.008347    0.980666    0.980666    0.018479    2.913424    4.707337    7.639240    0.000000    0.000000    0.000000    0.000000    0.000000    0.000000    0.020000    0.000000    0.000000    0.000000    1.000000    1.000000    65.068227   45.254608   0.000000    0.000000    1.000000    0.017986    0.000000    0.017986    0.017986    2.881847    0.000000    0.310305    0.000000    0.000050    0.000500    0.000005    0.000500    0.000500    0.000005    0.000013    0.000013    0.000013    0.570294    13.703247  
[37m[36mINFO[0m[0m 07/14 02:06:55 | 0.758906    0.761783    0.000000    0.954585    0.159151    0.936430    0.957265    0.970060    0.758906    0.761783    1600        38.323353   0.045437    0.022779    4.290597    2.838810    2.120821    4.262208    0.977390    0.019630    0.020140    0.000000    0.000000    15.343038   10.314137   21.000000   0.018503    0.023053    0.979860    0.979860    0.022779    2.838810    4.262208    7.123797    0.021178    0.001470    0.000000    0.000010    0.050500    0.050500    0.020000    0.005050    0.000505    0.000616    1.000000    1.000000    57.876226   45.254586   0.000616    0.000011    1.000000    0.017997    0.000068    0.017310    0.018878    3.202117    0.000123    0.328316    0.000000    0.000050    0.000500    0.000005    0.000500    0.000500    0.000005    0.000013    0.000013    0.000013    0.570069    13.856187  
[37m[36mINFO[0m[0m 07/14 02:08:11 | 0.795802    0.779618    0.000000    0.948007    0.216623    0.929095    0.950855    0.964072    0.795802    0.779618    1700        40.718563   0.080565    0.016097    4.012735    2.718560    2.316829    3.985550    0.913789    0.001327    0.018815    0.000000    0.000000    15.894361   10.382557   21.000000   0.001350    0.086863    0.981186    0.981185    0.016097    2.718560    3.985550    6.720207    0.060329    0.004110    0.000000    0.000028    0.150500    0.150500    0.020000    0.015050    0.001505    0.002089    1.000000    1.000000    63.842933   45.255549   0.002089    0.000033    1.000000    0.018122    0.000369    0.015086    0.023630    3.073802    0.000530    0.287254    0.000000    0.000050    0.000500    0.000005    0.000500    0.000500    0.000005    0.000013    0.000013    0.000013    0.567659    14.125805  
[37m[36mINFO[0m[0m 07/14 02:09:27 | 0.813613    0.815287    0.000000    0.948148    0.195704    0.929095    0.957265    0.958084    0.813613    0.815287    1800        43.113772   0.128938    0.023334    3.955689    2.719927    2.389141    3.928489    0.865132    0.004173    0.019462    0.000000    0.000000    15.516635   10.235399   21.000000   0.004195    0.135310    0.980540    0.980538    0.023334    2.719927    3.928489    6.671751    0.099065    0.006490    0.000001    0.000048    0.250500    0.250500    0.020000    0.025050    0.002505    0.003287    1.000000    1.000000    58.828861   45.256664   0.003287    0.000055    1.000000    0.018220    0.000700    0.013824    0.031988    2.940855    0.000869    0.305431    0.000000    0.000050    0.000500    0.000005    0.000500    0.000500    0.000005    0.000013    0.000013    0.000013    0.572190    14.230924  
[37m[36mINFO[0m[0m 07/14 02:10:44 | 0.795802    0.793631    0.000000    0.967805    0.116191    0.955990    0.959402    0.988024    0.795802    0.793631    1900        45.508982   0.168841    0.023044    3.908900    2.696621    2.422061    3.881934    0.831446    0.005425    0.018742    0.000000    0.000000    15.437500   10.441623   21.000000   0.005429    0.168934    0.981260    0.981258    0.023044    2.696621    3.881934    6.601599    0.136997    0.008733    0.000002    0.000066    0.350500    0.350500    0.020000    0.035050    0.003505    0.005022    1.000000    1.000000    59.042593   45.258206   0.005022    0.000084    1.000000    0.018462    0.001136    0.012677    0.067773    3.100805    0.001256    0.288773    0.000000    0.000050    0.000500    0.000005    0.000500    0.000500    0.000005    0.000013    0.000013    0.000013    0.570476    14.976964  
[37m[36mINFO[0m[0m 07/14 02:12:01 | 0.744911    0.746497    0.000000    0.958904    0.154980    0.951100    0.961538    0.964072    0.744911    0.746497    2000        47.904192   0.219183    0.032293    3.907908    2.713758    2.445506    3.880770    0.796888    0.006282    0.020126    0.000000    0.000000    15.160227   10.547429   21.000000   0.006295    0.203449    0.979877    0.979874    0.032293    2.713758    3.880770    6.626822    0.176034    0.010763    0.000003    0.000091    0.450500    0.450500    0.020000    0.045050    0.004505    0.007002    1.000000    1.000000    54.308860   45.259452   0.007002    0.000128    1.000000    0.018648    0.001461    0.012423    0.199501    3.836042    0.001651    0.346926    0.000000    0.000050    0.000500    0.000005    0.000500    0.000500    0.000005    0.000013    0.000013    0.000013    0.570535    14.802471  
[37m[36mINFO[0m[0m 07/14 02:13:18 | 0.758270    0.773248    0.000000    0.966008    0.127307    0.943765    0.972222    0.982036    0.758270    0.773248    2100        50.299401   0.238261    0.012242    3.873589    2.680443    2.415917    3.834693    0.766444    0.007553    0.019181    0.000000    0.025250    15.649683   10.308648   21.000000   0.007562    0.233865    0.980822    0.980819    0.012242    2.680443    3.834693    6.527378    0.213264    0.012646    0.000004    0.000105    0.550500    0.550500    0.020000    0.055050    0.005505    0.010184    1.000000    1.000000    59.700479   45.261170   0.010184    0.000168    1.000000    0.019083    0.002341    0.012194    0.349147    2.166574    0.002060    0.182600    0.000000    0.000050    0.000500    0.000005    0.000500    0.000500    0.000005    0.000013    0.000013    0.000013    0.573055    14.888838  
[37m[36mINFO[0m[0m 07/14 02:14:34 | 0.742684    0.743949    0.000000    0.958939    0.162695    0.931540    0.972222    0.973054    0.742684    0.743949    2200        52.694611   0.285567    0.018007    3.886485    2.873246    1.980550    3.828711    0.748965    0.006933    0.019023    0.000000    0.075250    15.031880   10.371385   21.000000   0.006915    0.251293    0.980981    0.980977    0.018007    2.873246    3.828711    6.719964    0.252818    0.014614    0.000004    0.000124    0.650500    0.650500    0.020000    0.065050    0.006505    0.009491    1.000000    1.000000    54.341916   45.262238   0.009491    0.000175    1.000000    0.019208    0.002332    0.011749    0.270666    2.652550    0.002336    0.237640    0.000000    0.000050    0.000500    0.000005    0.000500    0.000500    0.000005    0.000013    0.000013    0.000013    0.570599    14.210393  
[37m[36mINFO[0m[0m 07/14 02:15:50 | 0.791031    0.793631    0.000000    0.950693    0.177481    0.921760    0.957265    0.973054    0.791031    0.793631    2300        55.089820   0.321821    0.015060    3.866251    3.582144    0.779059    3.811637    0.730421    0.005700    0.019494    0.000000    0.125250    15.396234   9.650893    21.000000   0.005688    0.269825    0.980511    0.980506    0.015060    3.582144    3.811637    7.408840    0.290168    0.016443    0.000004    0.000146    0.750500    0.750500    0.020000    0.075050    0.007505    0.011402    1.000000    1.000000    55.490041   45.263740   0.011402    0.000205    1.000000    0.019572    0.002797    0.011287    0.253026    2.422498    0.002732    0.195244    0.000000    0.000050    0.000500    0.000005    0.000500    0.000500    0.000005    0.000013    0.000013    0.000013    0.567002    14.372291  
[37m[36mINFO[0m[0m 07/14 02:17:06 | 0.814885    0.817834    0.000000    0.953790    0.139018    0.924205    0.955128    0.982036    0.814885    0.817834    2400        57.485030   0.365356    0.018817    3.856950    3.810789    0.387015    3.805414    0.719071    0.004596    0.019916    0.000000    0.175250    15.259422   9.383485    21.000000   0.004588    0.281147    0.980091    0.980084    0.018817    3.810789    3.805414    7.635021    0.328024    0.018341    0.000004    0.000169    0.850500    0.850500    0.020000    0.085050    0.008505    0.013343    1.000000    1.000000    55.061722   45.264658   0.013343    0.000241    1.000000    0.019878    0.003416    0.009766    0.236437    2.843700    0.003026    0.244801    0.000000    0.000050    0.000500    0.000005    0.000500    0.000500    0.000005    0.000013    0.000013    0.000013    0.570227    14.087384  
[37m[36mINFO[0m[0m 07/14 02:18:21 | 0.743957    0.746497    0.000000    0.967372    0.133485    0.938875    0.972222    0.991018    0.743957    0.746497    2500        59.880240   0.396733    0.011022    3.845481    3.904448    0.290857    3.793385    0.702930    0.004000    0.018139    0.000000    0.225250    15.115938   9.367491    21.000000   0.003995    0.297267    0.981868    0.981861    0.011022    3.904448    3.793385    7.708855    0.365497    0.020038    0.000004    0.000172    0.950500    0.950500    0.020000    0.095050    0.009505    0.018469    1.000000    1.000000    54.695966   45.265043   0.018469    0.000335    1.000000    0.020069    0.005089    0.007875    0.622075    1.964671    0.003358    0.163631    0.000000    0.000050    0.000500    0.000005    0.000500    0.000500    0.000005    0.000013    0.000013    0.000013    0.567560    13.956458  
[37m[36mINFO[0m[0m 07/14 02:19:37 | 0.673664    0.662420    0.000000    0.950433    0.247542    0.946210    0.952991    0.952096    0.673664    0.662420    2600        62.275449   0.411178    0.007565    3.830467    3.865366    0.222448    3.779614    0.679980    0.003612    0.016365    0.000000    0.275250    15.284966   9.458206    21.000000   0.003609    0.320197    0.983642    0.983635    0.007565    3.865366    3.779614    7.652544    0.383047    0.020399    0.000004    0.000164    1.000000    1.000000    0.020000    0.100000    0.010000    0.028791    1.000000    1.000000    58.042143   45.265986   0.028791    0.000483    1.000000    0.020664    0.008719    0.006481    0.843027    1.435957    0.003526    0.110212    0.000000    0.000050    0.000500    0.000005    0.000500    0.000500    0.000005    0.000013    0.000013    0.000013    0.567364    13.941934  
[37m[36mINFO[0m[0m 07/14 02:20:53 | 0.794529    0.785987    0.000000    0.958048    0.166232    0.933985    0.955128    0.985030    0.794529    0.785987    2700        64.670659   0.422592    0.018479    3.839433    3.957056    0.251669    3.783446    0.666177    0.003475    0.018094    0.000000    0.325250    15.400312   9.662635    21.000000   0.003474    0.333982    0.981914    0.981906    0.018479    3.957056    3.783446    7.758981    0.383943    0.019985    0.000003    0.000181    1.000000    1.000000    0.020000    0.100000    0.010000    0.035225    1.000000    1.000000    57.122004   45.266475   0.035225    0.000610    1.000000    0.021019    0.011508    0.006358    0.933225    2.905296    0.003560    0.230023    0.000000    0.000050    0.000500    0.000005    0.000500    0.000500    0.000005    0.000013    0.000013    0.000013    0.563609    14.013963  
[37m[36mINFO[0m[0m 07/14 02:22:08 | 0.747137    0.757962    0.000000    0.954826    0.193864    0.921760    0.963675    0.979042    0.747137    0.757962    2800        67.065868   0.421740    0.018902    3.827507    3.985407    0.225684    3.770703    0.663645    0.003332    0.017498    0.000000    0.375250    14.772446   9.565868    21.000000   0.003328    0.336494    0.982511    0.982502    0.018902    3.985407    3.770703    7.775012    0.382751    0.019909    0.000003    0.000175    1.000000    1.000000    0.020000    0.100000    0.010000    0.031449    1.000000    1.000000    53.560067   45.267164   0.031449    0.000586    1.000000    0.021071    0.011557    0.006116    0.920488    3.006395    0.003484    0.213916    0.000000    0.000050    0.000500    0.000005    0.000500    0.000500    0.000005    0.000013    0.000013    0.000013    0.564815    14.173820  
[37m[36mINFO[0m[0m 07/14 02:23:24 | 0.711832    0.723567    0.000000    0.958595    0.156150    0.943765    0.967949    0.964072    0.711832    0.723567    2900        69.461078   0.418587    0.015789    3.829749    4.028689    0.201366    3.772364    0.654869    0.003127    0.017360    0.000000    0.425250    14.822943   9.093912    21.000000   0.003126    0.345259    0.982650    0.982640    0.015789    4.028689    3.772364    7.816842    0.382975    0.019646    0.000003    0.000174    1.000000    1.000000    0.020000    0.100000    0.010000    0.032380    1.000000    1.000000    51.858656   45.268241   0.032380    0.000621    1.000000    0.021357    0.011893    0.004773    0.953233    2.550000    0.003512    0.200931    0.000000    0.000050    0.000500    0.000005    0.000500    0.000500    0.000005    0.000013    0.000013    0.000013    0.568174    14.025932  
[37m[36mINFO[0m[0m 07/14 02:24:40 | 0.782125    0.760510    0.000000    0.960832    0.161319    0.929095    0.974359    0.979042    0.782125    0.760510    3000        71.856287   0.415313    0.012206    3.831196    4.025455    0.191253    3.772784    0.660230    0.002736    0.017817    0.000000    0.475250    14.550810   8.581377    21.000000   0.002730    0.339880    0.982194    0.982183    0.012206    4.025455    3.772784    7.810445    0.383120    0.019807    0.000003    0.000178    1.000000    1.000000    0.020000    0.100000    0.010000    0.023813    1.000000    1.000000    49.106674   45.267761   0.023813    0.000482    1.000000    0.021366    0.011309    0.004339    0.873212    2.006525    0.003394    0.127958    0.000000    0.000050    0.000500    0.000005    0.000500    0.000500    0.000005    0.000013    0.000013    0.000013    0.570087    14.501316  
[37m[36mINFO[0m[0m 07/14 02:25:58 | 0.794847    0.797452    0.000000    0.964320    0.180250    0.951100    0.965812    0.976048    0.794847    0.797452    3100        74.251497   0.412915    0.010589    3.825892    4.004967    0.179056    3.767936    0.652094    0.002317    0.017187    0.000000    0.500000    14.759956   8.361773    21.000000   0.002315    0.348008    0.982825    0.982814    0.010589    4.004967    3.767936    7.783492    0.382589    0.019563    0.000002    0.000172    1.000000    1.000000    0.020000    0.100000    0.010000    0.032420    1.000000    1.000000    51.011115   45.267529   0.032420    0.000631    1.000000    0.021806    0.014241    0.003531    0.937985    1.802857    0.003401    0.120898    0.000000    0.000050    0.000500    0.000005    0.000500    0.000500    0.000005    0.000013    0.000013    0.000013    0.571795    15.670555  
[37m[36mINFO[0m[0m 07/14 02:27:14 | 0.806616    0.812739    0.000000    0.967109    0.116476    0.946210    0.970085    0.985030    0.806616    0.812739    3200        76.646707   0.416217    0.015340    3.814745    4.005637    0.170533    3.757635    0.641546    0.002206    0.015417    0.000000    0.500000    14.745743   8.688534    21.000000   0.002205    0.358548    0.984594    0.984583    0.015340    4.005637    3.757635    7.778612    0.381474    0.019246    0.000002    0.000154    1.000000    1.000000    0.020000    0.100000    0.010000    0.037790    1.000000    1.000000    52.988536   45.267992   0.037790    0.000704    1.000000    0.022341    0.016615    0.003053    0.949505    2.088969    0.003401    0.161625    0.000000    0.000050    0.000500    0.000005    0.000500    0.000500    0.000005    0.000013    0.000013    0.000013    0.568044    14.654919  
[37m[36mINFO[0m[0m 07/14 02:28:30 | 0.746183    0.751592    0.000000    0.964195    0.156965    0.941320    0.972222    0.979042    0.746183    0.751592    3300        79.041916   0.419338    0.017000    3.828490    4.019401    0.182503    3.770046    0.643914    0.002086    0.016980    0.000000    0.500000    14.563839   8.625204    21.000000   0.002085    0.356173    0.983032    0.983020    0.017000    4.019401    3.770046    7.806447    0.382849    0.019317    0.000002    0.000170    1.000000    1.000000    0.020000    0.100000    0.010000    0.034251    1.000000    1.000000    48.654813   45.267848   0.034251    0.000696    1.000000    0.022071    0.015950    0.002458    0.946354    2.604709    0.003341    0.193676    0.000000    0.000050    0.000500    0.000005    0.000500    0.000500    0.000005    0.000013    0.000013    0.000013    0.576545    13.496649  
[37m[36mINFO[0m[0m 07/14 02:29:46 | 0.791349    0.807643    0.000000    0.959571    0.134123    0.936430    0.972222    0.970060    0.791349    0.807643    3400        81.437126   0.414987    0.013795    3.814901    3.987512    0.185287    3.756497    0.651023    0.001868    0.016967    0.000000    0.500000    14.375975   8.073313    21.000000   0.001865    0.349057    0.983045    0.983033    0.013795    3.987512    3.756497    7.757804    0.381490    0.019531    0.000002    0.000170    1.000000    1.000000    0.020000    0.100000    0.010000    0.028975    1.000000    1.000000    48.074209   45.268341   0.028975    0.000598    1.000000    0.022150    0.015328    0.002968    0.904418    2.423791    0.003283    0.152843    0.000000    0.000050    0.000500    0.000005    0.000500    0.000500    0.000005    0.000013    0.000013    0.000013    0.565238    13.693379  
[37m[36mINFO[0m[0m 07/14 02:31:02 | 0.792303    0.777070    0.000000    0.959167    0.158496    0.943765    0.963675    0.970060    0.792303    0.777070    3500        83.832335   0.412508    0.012429    3.804529    3.958731    0.177489    3.747193    0.648925    0.001718    0.015657    0.000000    0.500000    14.146444   7.831232    21.000000   0.001718    0.351152    0.984354    0.984343    0.012429    3.958731    3.747193    7.718353    0.380453    0.019468    0.000002    0.000157    1.000000    1.000000    0.020000    0.100000    0.010000    0.030264    1.000000    1.000000    47.025488   45.268046   0.030264    0.000639    1.000000    0.022146    0.016054    0.002959    0.925060    1.976760    0.003277    0.139890    0.000000    0.000050    0.000500    0.000005    0.000500    0.000500    0.000005    0.000013    0.000013    0.000013    0.569751    13.740086  
[37m[36mINFO[0m[0m 07/14 02:32:18 | 0.693066    0.685350    0.000000    0.944194    0.217497    0.926650    0.965812    0.940120    0.693066    0.685350    3600        86.227545   0.411164    0.011187    3.809939    3.968557    0.173136    3.752940    0.627751    0.001664    0.014896    0.000000    0.500000    14.614079   8.211945    21.000000   0.001663    0.372322    0.985114    0.985104    0.011187    3.968557    3.752940    7.732685    0.380994    0.018833    0.000002    0.000149    1.000000    1.000000    0.020000    0.100000    0.010000    0.045167    1.000000    1.000000    52.807364   45.269249   0.045167    0.000850    1.000000    0.023331    0.021316    0.002601    0.972159    2.143765    0.003284    0.135679    0.000000    0.000050    0.000500    0.000005    0.000500    0.000500    0.000005    0.000013    0.000013    0.000013    0.572616    13.870405  
[37m[36mINFO[0m[0m 07/14 02:33:34 | 0.791349    0.792357    0.000000    0.955012    0.217894    0.936430    0.961538    0.967066    0.791349    0.792357    3700        88.622754   0.419630    0.017862    3.829591    4.022735    0.185101    3.770853    0.621280    0.001538    0.016882    0.000000    0.500000    14.739151   8.528879    21.000000   0.001538    0.378790    0.983131    0.983118    0.017862    4.022735    3.770853    7.811450    0.382959    0.018638    0.000002    0.000169    1.000000    1.000000    0.020000    0.100000    0.010000    0.043330    1.000000    1.000000    50.679576   45.269395   0.043330    0.000848    1.000000    0.023434    0.022503    0.002360    0.960183    3.257968    0.003309    0.203749    0.000000    0.000050    0.000500    0.000005    0.000500    0.000500    0.000005    0.000013    0.000013    0.000013    0.574315    14.195591  
[37m[36mINFO[0m[0m 07/14 02:34:51 | 0.761132    0.777070    0.000000    0.956010    0.170476    0.936430    0.961538    0.970060    0.761132    0.777070    3800        91.017964   0.417838    0.017565    3.807607    4.022332    0.180848    3.749299    0.644536    0.001503    0.017438    0.000000    0.500000    13.958500   8.217799    21.000000   0.001503    0.355531    0.982577    0.982562    0.017565    4.022332    3.749299    7.789196    0.380761    0.019336    0.000002    0.000174    1.000000    1.000000    0.020000    0.100000    0.010000    0.024048    1.000000    1.000000    43.621945   45.268471   0.024048    0.000549    1.000000    0.022456    0.015677    0.003282    0.827159    2.537690    0.003236    0.183486    0.000000    0.000050    0.000500    0.000005    0.000500    0.000500    0.000005    0.000013    0.000013    0.000013    0.571916    14.843490  
[37m[36mINFO[0m[0m 07/14 02:36:07 | 0.756679    0.770701    0.000000    0.955179    0.191840    0.943765    0.948718    0.973054    0.756679    0.770701    3900        93.413174   0.411006    0.011403    3.801424    3.973376    0.165685    3.745122    0.643434    0.001473    0.015644    0.000000    0.500000    13.994882   7.841982    21.000000   0.001473    0.356632    0.984368    0.984356    0.011403    3.973376    3.745122    7.729901    0.380142    0.019303    0.000001    0.000156    1.000000    1.000000    0.020000    0.100000    0.010000    0.027886    1.000000    1.000000    44.651857   45.267997   0.027886    0.000619    1.000000    0.022761    0.017771    0.002561    0.885392    2.100447    0.003237    0.123585    0.000000    0.000050    0.000500    0.000005    0.000500    0.000500    0.000005    0.000013    0.000013    0.000013    0.569884    14.196733  
[37m[36mINFO[0m[0m 07/14 02:37:23 | 0.786896    0.801274    0.000000    0.963768    0.193106    0.941320    0.967949    0.982036    0.786896    0.801274    4000        95.808383   0.407316    0.007584    3.804709    3.912486    0.165726    3.749011    0.637190    0.001452    0.014411    0.000000    0.500000    14.071789   7.829926    21.000000   0.001452    0.362872    0.985601    0.985589    0.007584    3.912486    3.749011    7.669081    0.380471    0.019116    0.000001    0.000144    1.000000    1.000000    0.020000    0.100000    0.010000    0.033846    1.000000    1.000000    46.389803   45.269063   0.033846    0.000719    1.000000    0.023154    0.019471    0.002056    0.938925    1.628307    0.003235    0.094059    0.000000    0.000050    0.000500    0.000005    0.000500    0.000500    0.000005    0.000013    0.000013    0.000013    0.571799    14.008207  
[37m[36mINFO[0m[0m 07/14 02:38:39 | 0.813931    0.817834    0.000000    0.956436    0.180894    0.936430    0.965812    0.967066    0.813931    0.817834    4100        98.203593   0.411969    0.012805    3.798750    3.936008    0.160959    3.743294    0.637683    0.001422    0.015703    0.000000    0.500000    14.040663   7.825047    21.000000   0.001422    0.362376    0.984310    0.984297    0.012805    3.936008    3.743294    7.692107    0.379875    0.019130    0.000001    0.000157    1.000000    1.000000    0.020000    0.100000    0.010000    0.030117    1.000000    1.000000    44.739371   45.268779   0.030117    0.000669    1.000000    0.023085    0.019529    0.002048    0.916693    1.860539    0.003222    0.114352    0.000000    0.000050    0.000500    0.000005    0.000500    0.000500    0.000005    0.000013    0.000013    0.000013    0.568970    14.118989  
[37m[36mINFO[0m[0m 07/14 02:39:56 | 0.759860    0.774522    0.000000    0.960980    0.154422    0.946210    0.963675    0.973054    0.759860    0.774522    4200        100.598802  0.425190    0.024902    3.810217    3.994894    0.196758    3.750592    0.635925    0.001297    0.018699    0.000000    0.500000    13.966176   7.632390    21.000000   0.001296    0.364135    0.981317    0.981301    0.024902    3.994894    3.750592    7.770388    0.381022    0.019078    0.000001    0.000187    1.000000    1.000000    0.020000    0.100000    0.010000    0.026170    1.000000    1.000000    40.756075   45.269233   0.026170    0.000635    1.000000    0.022569    0.016983    0.002589    0.896846    3.269741    0.003240    0.194840    0.000000    0.000050    0.000500    0.000005    0.000500    0.000500    0.000005    0.000013    0.000013    0.000013    0.571476    14.847289  
[37m[36mINFO[0m[0m 07/14 02:41:12 | 0.784033    0.803822    0.000000    0.970730    0.130473    0.951100    0.985043    0.976048    0.784033    0.803822    4300        102.994012  0.410103    0.011051    3.798177    3.988207    0.174510    3.740844    0.635998    0.001266    0.015351    0.000000    0.500000    13.899385   7.561379    21.000000   0.001266    0.364062    0.984662    0.984649    0.011051    3.988207    3.740844    7.740102    0.379818    0.019080    0.000001    0.000154    1.000000    1.000000    0.020000    0.100000    0.010000    0.031823    1.000000    1.000000    43.368551   45.269574   0.031823    0.000727    1.000000    0.023205    0.019703    0.002019    0.934186    1.750692    0.003235    0.110819    0.000000    0.000050    0.000500    0.000005    0.000500    0.000500    0.000005    0.000013    0.000013    0.000013    0.566481    14.119105  
[37m[36mINFO[0m[0m 07/14 02:42:28 | 0.756997    0.763057    0.000000    0.967881    0.129708    0.951100    0.976496    0.976048    0.756997    0.763057    4400        105.389222  0.405927    0.007654    3.792177    3.912694    0.162042    3.736845    0.630477    0.001305    0.013895    0.000000    0.500000    13.991120   7.860719    21.000000   0.001306    0.369581    0.986117    0.986105    0.007654    3.912694    3.736845    7.657194    0.379218    0.018914    0.000001    0.000139    1.000000    1.000000    0.020000    0.100000    0.010000    0.031539    1.000000    1.000000    44.786597   45.270625   0.031539    0.000701    1.000000    0.023580    0.020833    0.001807    0.946530    1.264744    0.003229    0.080615    0.000000    0.000050    0.000500    0.000005    0.000500    0.000500    0.000005    0.000013    0.000013    0.000013    0.567971    14.316359  
[37m[36mINFO[0m[0m 07/14 02:43:44 | 0.802163    0.802548    0.000000    0.956760    0.179496    0.933985    0.972222    0.964072    0.802163    0.802548    4500        107.784431  0.406465    0.009338    3.782482    3.870702    0.155982    3.728176    0.624697    0.001363    0.013607    0.000000    0.500000    14.013512   7.919609    21.000000   0.001363    0.375357    0.986405    0.986393    0.009338    3.870702    3.728176    7.608216    0.378248    0.018741    0.000001    0.000136    1.000000    1.000000    0.020000    0.100000    0.010000    0.037060    1.000000    1.000000    46.473753   45.270679   0.037060    0.000787    1.000000    0.024031    0.022715    0.001763    0.944043    1.839751    0.003237    0.107334    0.000000    0.000050    0.000500    0.000005    0.000500    0.000500    0.000005    0.000013    0.000013    0.000013    0.569806    13.840217  
[37m[36mINFO[0m[0m 07/14 02:44:59 | 0.817430    0.836943    0.000000    0.955438    0.185177    0.936430    0.965812    0.964072    0.817430    0.836943    4600        110.179641  0.410334    0.013369    3.781663    3.922293    0.168274    3.725613    0.621702    0.001321    0.014650    0.000000    0.500000    14.154743   7.755952    21.000000   0.001321    0.378354    0.985362    0.985350    0.013369    3.922293    3.725613    7.661274    0.378166    0.018651    0.000001    0.000147    1.000000    1.000000    0.020000    0.100000    0.010000    0.034994    1.000000    1.000000    45.759991   45.270518   0.034994    0.000757    1.000000    0.024069    0.022168    0.001617    0.940032    2.113310    0.003257    0.138990    0.000000    0.000050    0.000500    0.000005    0.000500    0.000500    0.000005    0.000013    0.000013    0.000013    0.565220    13.853362  
[37m[36mINFO[0m[0m 07/14 02:46:15 | 0.802799    0.808917    0.000000    0.962382    0.161992    0.938875    0.972222    0.976048    0.802799    0.808917    4700        112.574850  0.411063    0.012970    3.790605    3.971094    0.170116    3.733882    0.629305    0.001327    0.015179    0.000000    0.500000    13.939100   7.457196    21.000000   0.001327    0.370753    0.984834    0.984821    0.012970    3.971094    3.733882    7.717946    0.379061    0.018879    0.000001    0.000152    1.000000    1.000000    0.020000    0.100000    0.010000    0.035540    1.000000    1.000000    44.336906   45.270618   0.035540    0.000795    1.000000    0.024199    0.025096    0.001291    0.957740    2.215345    0.003253    0.124270    0.000000    0.000050    0.000500    0.000005    0.000500    0.000500    0.000005    0.000013    0.000013    0.000013    0.567974    13.962534  
[37m[36mINFO[0m[0m 07/14 02:47:30 | 0.826336    0.849682    0.000000    0.965809    0.163976    0.955990    0.959402    0.982036    0.826336    0.849682    4800        114.970060  0.404117    0.007610    3.774664    3.905353    0.158642    3.719747    0.629908    0.001390    0.014209    0.000000    0.500000    13.823171   7.453756    21.000000   0.001391    0.370148    0.985804    0.985791    0.007610    3.905353    3.719747    7.632710    0.377466    0.018897    0.000001    0.000142    1.000000    1.000000    0.020000    0.100000    0.010000    0.029559    1.000000    1.000000    42.575470   45.271443   0.029559    0.000692    1.000000    0.023819    0.022844    0.001378    0.956810    1.367205    0.003262    0.080133    0.000000    0.000050    0.000500    0.000005    0.000500    0.000500    0.000005    0.000013    0.000013    0.000013    0.566789    13.942238  
[37m[36mINFO[0m[0m 07/14 02:48:46 | 0.815204    0.840764    0.000000    0.972139    0.110186    0.960880    0.976496    0.979042    0.815204    0.840764    4900        117.365269  0.410434    0.012893    3.783371    3.902120    0.161050    3.728245    0.634954    0.001506    0.015375    0.000000    0.500000    13.726597   7.350254    21.000000   0.001507    0.365099    0.984639    0.984625    0.012893    3.902120    3.728245    7.643258    0.378337    0.019049    0.000002    0.000154    1.000000    1.000000    0.020000    0.100000    0.010000    0.027287    1.000000    1.000000    39.923034   45.271401   0.027287    0.000678    1.000000    0.023394    0.020073    0.001636    0.931676    1.884904    0.003247    0.123661    0.000000    0.000050    0.000500    0.000005    0.000500    0.000500    0.000005    0.000013    0.000013    0.000013    0.568487    14.093740  
[37m[36mINFO[0m[0m 07/14 02:50:02 | 0.788486    0.796178    0.000000    0.959102    0.161650    0.938875    0.974359    0.964072    0.788486    0.796178    5000        119.760479  0.402661    0.006027    3.774317    3.845241    0.145182    3.721346    0.635618    0.001624    0.013222    0.000000    0.500000    13.671283   7.318988    21.000000   0.001625    0.364434    0.986790    0.986778    0.006027    3.845241    3.721346    7.572614    0.377432    0.019069    0.000002    0.000132    1.000000    1.000000    0.020000    0.100000    0.010000    0.030915    1.000000    1.000000    41.871677   45.270923   0.030915    0.000734    1.000000    0.023811    0.021284    0.001636    0.939972    1.204966    0.003240    0.060803    0.000000    0.000050    0.000500    0.000005    0.000500    0.000500    0.000005    0.000013    0.000013    0.000013    0.566316    14.148408  
[37m[36mINFO[0m[0m 07/14 02:50:02 | ---
[37m[33mWARNING[0m[0m 07/14 02:50:02 | Evaluate SWAD ...
[37m[36mINFO[0m[0m 07/14 02:50:17 | 0.809796    0.817834    0.000000    0.977578    0.136715    0.968215    0.976496    0.988024    0.809796    0.817834    [201-5000]  (N=48)
[37m[36mINFO[0m[0m 07/14 02:50:17 | oracle = 82.634%
[37m[36mINFO[0m[0m 07/14 02:50:17 | iid = 74.618%
[37m[36mINFO[0m[0m 07/14 02:50:17 | last = 78.849%
[37m[36mINFO[0m[0m 07/14 02:50:17 | last (inD) = 95.910%
[37m[36mINFO[0m[0m 07/14 02:50:17 | iid (inD) = 97.222%
[37m[36mINFO[0m[0m 07/14 02:50:17 | SWAD = 80.980%
[37m[36mINFO[0m[0m 07/14 02:50:17 | SWAD (inD) = 97.758%
[37m[36mINFO[0m[0m 07/14 02:50:18 | === Summary ===
[37m[36mINFO[0m[0m 07/14 02:50:18 | Command: train_all.py piccl_recommended_from_full_results_seed0_full --dataset PACS --algorithm PICCL --model resnet50 --deterministic --trial_seed 0 --seed 0 --checkpoint_freq 100 --steps 5001 --data_dir /home/hooasia/lgg/data/repro_dccl_data --piccl_fusion_mode residual_gate --piccl_ccc_weight 0.1 --piccl_connectivity_weight 0.01 --piccl_residual_scale 0.02 --piccl_lr_multiplier 0.25 --piccl_delayed_start_ratio 0.3 --piccl_loss_warmup_ratio 0.2 --piccl_feature_warmup_ratio 0.2 --piccl_gate_bias -4 --piccl_isr_weight 0.03 --piccl_inv_weight 0.01 --piccl_orth_weight 0.001 --t 0.1
[37m[36mINFO[0m[0m 07/14 02:50:18 | Unique name: 260713_22-39-33_piccl_recommended_from_full_results_seed0_full
[37m[36mINFO[0m[0m 07/14 02:50:18 | Out path: train_output/PACS/260713_22-39-33_piccl_recommended_from_full_results_seed0_full
[37m[36mINFO[0m[0m 07/14 02:50:18 | Algorithm: PICCL
[37m[36mINFO[0m[0m 07/14 02:50:18 | Dataset: PACS
+------------+---------+---------+---------+---------+---------+
| Selection  |   env0  |   env1  |   env2  |   env3  |   Avg.  |
+------------+---------+---------+---------+---------+---------+
|   oracle   | 87.614% | 84.435% | 97.006% | 82.634% | 87.922% |
|    iid     | 88.591% | 79.851% | 96.632% | 74.618% | 84.923% |
|    last    | 75.107% | 83.316% | 93.713% | 78.849% | 82.746% |
| last (inD) | 96.547% | 95.813% | 93.857% | 95.910% | 95.532% |
| iid (inD)  | 96.989% | 97.022% | 96.744% | 97.222% | 96.994% |
|    SWAD    | 90.360% | 84.222% | 97.829% | 80.980% | 88.348% |
| SWAD (inD) | 97.868% | 97.706% | 97.673% | 97.758% | 97.751% |
+------------+---------+---------+---------+---------+---------+
