[37m[36mINFO[0m[0m 07/26 12:32:52 | Command :: train_all.py pacs1_piccl_reliable_a --dataset PACS --algorithm PICCL --model resnet50 --data_dir /home/hooasia/lgg/data/repro_dccl_data --output_root train_output/PACS6 --checkpoint_freq 100 --seed 0 --trial_seed 0 --deterministic --use_piccl true --piccl_use_reliable_contrast true
Environment:
	Python: 3.10.20
	PyTorch: 2.5.1+cu121
	Torchvision: 0.20.1+cu121
	CUDA: 12.1
	CUDNN: 90100
	NumPy: 2.2.6
	PIL: 12.0.0
Args:
	TN: False
	algorithm: PICCL
	aug: 0
	checkpoint_freq: 100
	configs: []
	data_dir: /home/hooasia/lgg/data/repro_dccl_data
	dataset: PACS
	debug: False
	deterministic: True
	domainnet_auto_source_count: 3
	erm_baseline: weak
	evalmode: fast
	holdout_fraction: 0.2
	l: 1
	l_d: 0.05
	l_layer: 1
	label_ratio: 1.0
	lamda: 5
	log: False
	mix: 0
	model: resnet50
	model_save: None
	n_layer: 1
	name: pacs1_piccl_reliable_a
	out_dir: train_output/PACS6/260726_12-32-52_pacs1_piccl_reliable_a
	out_root: train_output/PACS6
	output_root: train_output/PACS6
	pos_mask: False
	prebuild_loader: False
	re_w: False
	sample_d: False
	seed: 0
	selection_key: SWAD
	show: False
	source_envs: None
	start_epoch: 1000
	steps: None
	sup: True
	t: 0.1
	t_pre: 0.2
	target_env: None
	tb_freq: 10
	test_envs: None
	trial_seed: 0
	two_ce: False
	unique_name: 260726_12-32-52_pacs1_piccl_reliable_a
	weak_erm: False
	work_dir: .
HParams:
	data_augmentation: True
	val_augment: False
	resnet18: False
	resnet_dropout: 0.0
	class_balanced: False
	optimizer: adam
	freeze_bn: True
	pretrained: True
	lr: 5e-05
	batch_size: 32
	weight_decay: 0.0
	piccl_rank: 16
	piccl_beta_max: 0.2
	piccl_isr_weight: 0.03
	piccl_orth_weight: 0.001
	piccl_isr_aug_weight: 1.0
	piccl_isr_dom_weight: 0.25
	piccl_warmup_steps: 0
	piccl_ramp_steps: 0
	piccl_warmup_ratio: 0.05
	piccl_ramp_ratio: 0.1
	piccl_min_delta_norm: 0.0001
	piccl_min_domain_samples: 8
	piccl_semantic_threshold: 0.2
	piccl_semantic_min_weight: 0.2
	piccl_residual_scale: -1.0
	piccl_strict_bypass: True
	[36muse_piccl: True
	[0m[36mpiccl_use_reliable_contrast: True
	[0mpiccl_reliable_contrast_min_weight: 0.5
	piccl_reliable_contrast_gamma_max: 0.3
	piccl_reliable_contrast_warmup_steps: 0
	piccl_reliable_contrast_ramp_steps: 0
	piccl_reliable_contrast_min_delta_norm: 1e-06
	t: 0.1
	t_pre: 0.2
	l: 1
	l_d: 0.01
	l_layer: 1
	n_layer: 1
	sup: True
	two_ce: False
	sample_d: False
	re_w: False
	pos_mask: False
	mix: 0
	aug: 0
	model: resnet50
	label_ratio: 1.0
	TN: False
	lamda: 5
	start_epoch: 1000
	log: False
	swad: LossValley
	swad_kwargs: 
	  n_converge: 3
	  n_tolerance: 6
	  tolerance_ratio: 0.3
	test_batchsize: 128
	indomain_test: False
Dataset:
	[PACS] #envs=4, #classes=7
	env0: art_painting (#2048)
	env1: cartoon (#2344)
	env2: photo (#1670)
	env3: sketch (#3929)

[37m[36mINFO[0m[0m 07/26 12:33:42 | n_steps = 5001
[37m[36mINFO[0m[0m 07/26 12:33:42 | checkpoint_freq = 100
[37m[36mINFO[0m[0m 07/26 12:33:42 | n_steps is updated to 5001 => 5001 for checkpointing
[37m[36mINFO[0m[0m 07/26 12:33:42 | Target test envs = [[0], [1], [2], [3]]
[37m[36mINFO[0m[0m 07/26 12:33:42 | 
[37m[36mINFO[0m[0m 07/26 12:33:46 | Testenv name escaping te_art_painting -> te_art_painting
[37m[36mINFO[0m[0m 07/26 12:33:46 | Test envs = [0], name = te_art_painting
[37m[36mINFO[0m[0m 07/26 12:33:46 | Batch sizes for each domain: [0, 32, 32, 32] (total=96)
[37m[36mINFO[0m[0m 07/26 12:33:46 | steps-per-epoch for each domain: 58.62, 41.75, 98.25 -> min = 41.75
[37m[36mINFO[0m[0m 07/26 12:33:52 | # of params = 49165255
[37m[36mINFO[0m[0m 07/26 12:34:24 | test_in     test_out    train_in    train_out   tr_outloss  env0_in     env0_out    env1_out    env2_out    env3_out    step        epoch       loss        loss_cls    sup_cl_los  pre_cl_los  reg_loss    loss_isr    loss_isr_a  loss_isr_d  loss_orth   piccl_lamb  piccl_beta  valid_augm  valid_clas  delta_aug_  delta_aug_  delta_dom_  delta_dom_  projection  basis_orth  basis_rank  basis_norm  residual_b  residual_b  piccl_has_  reliable_c  reliable_c  cross_doma  valid_reli  pair_relia  pair_relia  pair_relia  pair_weigh  pair_weigh  pair_weigh  pair_weigh  pair_weigh  mean_sensi  mean_pair_  weighted_c  unweighted  self_aug_p  cross_doma  reliable_c  reliable_c  reliable_c  reliable_c  reliable_c  reliable_c  reliable_c  step_time   eval_time  
[37m[36mINFO[0m[0m 07/26 12:34:24 | 0.131178    0.178484    0.000000    0.236210    1.887570    0.131178    0.178484    0.226496    0.260479    0.221656    0           0.000000    12.300487   1.940914    5.304292    5.112845    -5.756462   0.000000    0.000000    0.000000    0.002203    0.000000    0.000000    0.000000    0.000000    0.000000    0.000000    0.000000    0.000000    0.000000    0.002203    16.000000   3.639568    0.000000    0.000000    0.000000    1.000000    0.000000    3480.00000  870.000000  0.006702    0.001900    0.017287    1.000000    1.000000    1.000000    0.000000    0.000000    0.006702    22.969957   5.304292    5.304292    192.000000  3480.00000  0.000000    1.000000    1.000000    1.000000    1.000000    1.000000    1.000000    8.933151    22.724295  
[37m[36mINFO[0m[0m 07/26 12:35:26 | 0.881025    0.894866    0.000000    0.950197    0.145186    0.881025    0.894866    0.970085    0.976048    0.904459    100         2.395210    8.770340    0.326741    3.839952    4.600411    0.323610    0.992516    0.992516    0.000000    0.002203    0.000000    0.000000    96.000000   0.000000    12.034618   23.645016   0.000000    0.000000    0.007484    0.002203    16.000000   3.639568    0.000000    0.000000    0.000000    1.000000    0.000000    3330.16000  832.540000  0.007461    0.001868    0.017332    1.000000    1.000000    1.000000    0.000000    0.000000    0.007461    24.638028   3.839952    3.839952    192.000000  3330.16000  0.000000    1.000000    1.000000    1.000000    1.000000    1.000000    1.000000    0.470890    12.591202  
[37m[36mINFO[0m[0m 07/26 12:36:36 | 0.850519    0.860636    0.000000    0.967351    0.103842    0.850519    0.860636    0.965812    0.991018    0.945223    200         4.790419    7.977029    0.101356    3.542189    4.348330    -1.484555   0.992425    0.992425    0.000000    0.002203    0.000000    0.000000    96.000000   0.000000    11.126704   21.808230   0.000000    0.000000    0.007566    0.002203    16.000000   3.639568    0.000000    0.000000    0.000000    1.000000    0.000000    3380.08000  845.020000  0.007636    0.001984    0.017803    1.000000    1.000000    1.000000    0.000000    0.000000    0.007636    17.511596   3.542189    3.542189    192.000000  3380.08000  0.000000    1.000000    1.000000    1.000000    1.000000    1.000000    1.000000    0.527277    11.929760  
[37m[36mINFO[0m[0m 07/26 12:37:37 | 0.872483    0.875306    0.000000    0.953301    0.139133    0.872483    0.875306    0.955128    0.985030    0.919745    300         7.185629    7.722051    0.057308    3.459854    4.225473    -2.153054   1.115303    0.991786    0.494069    0.002207    0.025500    0.005100    96.000000   10.040000   10.863533   21.843561   4.717919    6.022884    0.008263    0.002208    16.000000   3.638998    3.470000    10.090000   0.000000    1.000000    0.150000    3395.20000  848.800000  0.008335    0.002174    0.019854    0.925000    0.925000    0.925000    0.500000    0.000000    0.008335    15.016648   3.459854    3.462069    192.000000  3141.22008  0.000000    0.925000    0.925000    0.925000    0.925000    0.925000    0.925000    0.474932    11.439847  
[37m[36mINFO[0m[0m 07/26 12:38:49 | 0.840757    0.828851    0.000000    0.969627    0.109142    0.840757    0.828851    0.974359    0.988024    0.946497    400         9.580838    7.596143    0.036250    3.416483    4.162378    -2.628473   1.216582    0.983172    0.933642    0.002269    0.201000    0.040200    96.000000   21.000000   10.622253   20.328127   8.467160    11.342567   0.017070    0.002270    16.000000   3.633292    7.000000    21.000000   0.000000    1.000000    0.300000    3391.36000  847.840000  0.017453    0.003714    0.043662    0.850000    0.850000    0.850000    1.000000    0.000000    0.017453    13.618919   3.416483    3.420767    192.000000  2882.65619  0.000000    0.850000    0.850000    0.850000    0.850000    0.850000    0.850000    0.539275    13.213725  
[37m[36mINFO[0m[0m 07/26 12:39:58 | 0.843197    0.848411    0.000000    0.971141    0.098232    0.843197    0.848411    0.967949    0.976048    0.969427    500         11.976048   7.533613    0.034964    3.399359    4.115542    -3.023393   1.164601    0.967434    0.788670    0.002420    0.401000    0.080200    96.000000   21.000000   10.471124   20.136574   8.021743    10.915090   0.032889    0.002422    16.000000   3.624555    7.000000    21.000000   0.000000    1.000000    0.300000    3409.60000  852.400000  0.033545    0.005174    0.094983    0.850000    0.850000    0.850000    1.000000    0.000000    0.033545    12.765150   3.399359    3.403588    192.000000  2898.16018  0.000000    0.850000    0.850000    0.850000    0.850000    0.850000    0.850000    0.522544    11.889294  
[37m[36mINFO[0m[0m 07/26 12:41:01 | 0.856010    0.867971    0.000000    0.974998    0.087755    0.856010    0.867971    0.974359    0.985030    0.965605    600         14.371257   7.469260    0.024395    3.384719    4.073337    -3.314259   1.107968    0.951003    0.627858    0.002777    0.601000    0.120200    96.000000   21.000000   10.332119   19.715642   7.956394    10.844621   0.049328    0.002781    16.000000   3.606492    7.000000    21.000000   0.000000    1.000000    0.300000    3367.52000  841.880000  0.047506    0.006186    0.139505    0.850000    0.850000    0.850000    1.000000    0.000000    0.047506    12.137187   3.384719    3.388654    192.000000  2862.39219  0.000000    0.850000    0.850000    0.850000    0.850000    0.850000    0.850000    0.476128    13.391741  
[37m[36mINFO[0m[0m 07/26 12:42:10 | 0.848688    0.843521    0.000000    0.970752    0.101517    0.848688    0.843521    0.974359    0.985030    0.952866    700         16.766467   7.453310    0.029017    3.386650    4.047075    -3.490071   1.060601    0.934891    0.502837    0.003316    0.801000    0.160200    96.000000   21.000000   10.369423   19.756424   7.949671    10.802447   0.065638    0.003322    16.000000   3.582558    7.000000    21.000000   0.000000    1.000000    0.300000    3355.60000  838.900000  0.060427    0.007413    0.179495    0.850000    0.850000    0.850000    1.000000    0.000000    0.060427    11.758151   3.386650    3.390608    192.000000  2852.26019  0.000000    0.850000    0.850000    0.850000    0.850000    0.850000    0.850000    0.528856    11.727857  
[37m[36mINFO[0m[0m 07/26 12:43:16 | 0.876144    0.872861    0.000000    0.965196    0.104421    0.876144    0.872861    0.967949    0.976048    0.951592    800         19.161677   7.449317    0.034917    3.392055    4.029221    -3.682437   1.023473    0.919371    0.416408    0.003926    0.975500    0.195100    96.000000   21.000000   10.389301   19.944406   7.972198    10.873462   0.081270    0.003932    16.000000   3.557878    7.000000    21.000000   0.000000    1.000000    0.300000    3383.76000  845.940000  0.075478    0.008184    0.227001    0.850000    0.850000    0.850000    1.000000    0.000000    0.075478    11.779040   3.392055    3.396332    192.000000  2876.19619  0.000000    0.850000    0.850000    0.850000    0.850000    0.850000    0.850000    0.508614    11.949770  
[37m[36mINFO[0m[0m 07/26 12:44:17 | 0.856620    0.853301    0.000000    0.970762    0.108122    0.856620    0.853301    0.972222    0.991018    0.949045    900         21.556886   7.349115    0.009893    3.348681    3.999382    -3.878496   0.997994    0.904983    0.372043    0.004487    1.000000    0.200000    96.000000   21.000000   10.264465   19.633388   7.974333    10.913085   0.095422    0.004492    16.000000   3.535783    7.000000    21.000000   0.000000    1.000000    0.300000    3347.92000  836.980000  0.084660    0.009145    0.267659    0.850000    0.850000    0.850000    1.000000    0.000000    0.084660    11.484815   3.348681    3.352495    192.000000  2845.73219  0.000000    0.850000    0.850000    0.850000    0.850000    0.850000    0.850000    0.473287    11.459891  
[37m[36mINFO[0m[0m 07/26 12:45:28 | 0.849298    0.863081    0.000000    0.972300    0.095961    0.849298    0.863081    0.970085    0.985030    0.961783    1000        23.952096   7.355588    0.014888    3.363085    3.989682    -4.145510   0.979419    0.892463    0.347826    0.004951    1.000000    0.200000    96.000000   21.000000   10.189194   19.736083   8.029243    10.924491   0.108216    0.004955    16.000000   3.517510    7.000000    21.000000   0.000000    1.000000    0.300000    3401.36000  850.340000  0.085803    0.009417    0.282433    0.850000    0.850000    0.850000    1.000000    0.000000    0.085803    10.651733   3.363085    3.366843    192.000000  2891.15616  0.000000    0.850000    0.850000    0.850000    0.850000    0.850000    0.850000    0.541906    12.119644  
[37m[36mINFO[0m[0m 07/26 12:46:29 | 0.881635    0.885086    0.000000    0.978704    0.083204    0.881635    0.885086    0.976496    0.994012    0.965605    1100        26.347305   7.314320    0.014630    3.351040    3.962469    -4.270447   0.962649    0.880807    0.327367    0.005362    1.000000    0.200000    96.000000   21.000000   10.256513   19.583093   8.050167    10.939672   0.119598    0.005366    16.000000   3.501365    7.000000    21.000000   0.000000    1.000000    0.300000    3354.56000  838.640000  0.095291    0.010857    0.309132    0.850000    0.850000    0.850000    1.000000    0.000000    0.095291    10.466344   3.351040    3.354795    192.000000  2851.37620  0.000000    0.850000    0.850000    0.850000    0.850000    0.850000    0.850000    0.472163    12.139875  
[37m[36mINFO[0m[0m 07/26 12:47:41 | 0.845638    0.848411    0.000000    0.964631    0.131610    0.845638    0.848411    0.961538    0.982036    0.950318    1200        28.742515   7.309421    0.011371    3.352371    3.961461    -4.423871   0.948343    0.869018    0.317300    0.005733    1.000000    0.200000    96.000000   21.000000   10.226058   19.122131   8.084317    10.990685   0.131377    0.005736    16.000000   3.486700    7.000000    21.000000   0.000000    1.000000    0.300000    3407.04000  851.760000  0.096841    0.011158    0.308763    0.850000    0.850000    0.850000    1.000000    0.000000    0.096841    10.345816   3.352371    3.356090    192.000000  2895.98418  0.000000    0.850000    0.850000    0.850000    0.850000    0.850000    0.850000    0.530729    13.675329  
[37m[36mINFO[0m[0m 07/26 12:48:52 | 0.841367    0.858191    0.000000    0.972724    0.103551    0.841367    0.858191    0.970085    0.985030    0.963057    1300        31.137725   7.296201    0.010500    3.349249    3.953973    -4.568979   0.938774    0.861696    0.308310    0.006070    1.000000    0.200000    96.000000   21.000000   10.147444   19.125118   8.020823    10.966571   0.138724    0.006073    16.000000   3.473466    7.000000    21.000000   0.000000    1.000000    0.300000    3397.84000  849.460000  0.103650    0.011271    0.333844    0.850000    0.850000    0.850000    1.000000    0.000000    0.103650    10.434219   3.349249    3.352931    192.000000  2888.16416  0.000000    0.850000    0.850000    0.850000    0.850000    0.850000    0.850000    0.532898    13.941065  
[37m[36mINFO[0m[0m 07/26 12:49:55 | 0.833435    0.819071    0.000000    0.972139    0.108439    0.833435    0.819071    0.967949    0.979042    0.969427    1400        33.532934   7.268056    0.006043    3.342332    3.938810    -4.709621   0.932051    0.857122    0.299714    0.006386    1.000000    0.200000    96.000000   21.000000   10.172735   19.165254   7.993632    10.887429   0.143283    0.006389    16.000000   3.461130    7.000000    21.000000   0.000000    1.000000    0.300000    3416.48000  854.120000  0.103517    0.011842    0.341569    0.850000    0.850000    0.850000    1.000000    0.000000    0.103517    10.221868   3.342332    3.346041    192.000000  2904.00817  0.000000    0.850000    0.850000    0.850000    0.850000    0.850000    0.850000    0.471461    13.629634  
[37m[36mINFO[0m[0m 07/26 12:51:07 | 0.852959    0.838631    0.000000    0.971452    0.124534    0.852959    0.838631    0.974359    0.982036    0.957962    1500        35.928144   7.256824    0.006995    3.342789    3.928089    -4.875200   0.923213    0.850345    0.291471    0.006667    1.000000    0.200000    96.000000   21.000000   10.169436   19.190344   7.976679    10.889458   0.150066    0.006669    16.000000   3.450193    7.000000    21.000000   0.000000    1.000000    0.300000    3373.28000  843.320000  0.109368    0.012528    0.344435    0.850000    0.850000    0.850000    1.000000    0.000000    0.109368    10.325363   3.342789    3.346641    192.000000  2867.28819  0.000000    0.850000    0.850000    0.850000    0.850000    0.850000    0.850000    0.532390    13.194647  
[37m[36mINFO[0m[0m 07/26 12:52:17 | 0.826724    0.836186    0.000000    0.966049    0.115587    0.826724    0.836186    0.976496    0.970060    0.951592    1600        38.323353   7.246586    0.013829    3.347994    3.906989    -4.976320   0.917681    0.846559    0.284490    0.006913    1.000000    0.200000    96.000000   21.000000   10.182869   19.172954   7.948422    10.867267   0.153759    0.006915    16.000000   3.440444    7.000000    21.000000   0.000000    1.000000    0.300000    3341.76000  835.440000  0.109352    0.013610    0.362069    0.850000    0.850000    0.850000    1.000000    0.000000    0.109352    10.025287   3.347994    3.351936    192.000000  2840.49620  0.000000    0.850000    0.850000    0.850000    0.850000    0.850000    0.850000    0.538242    12.947288  
[37m[36mINFO[0m[0m 07/26 12:53:22 | 0.814521    0.853301    0.000000    0.967903    0.123997    0.814521    0.853301    0.965812    0.985030    0.952866    1700        40.718563   7.243902    0.009276    3.348109    3.909790    -5.056307   0.909420    0.839912    0.278029    0.007139    1.000000    0.200000    96.000000   21.000000   10.255795   19.537441   7.956308    11.037855   0.160488    0.007141    16.000000   3.431367    7.000000    21.000000   0.000000    1.000000    0.300000    3372.88000  843.220000  0.114282    0.013239    0.381740    0.850000    0.850000    0.850000    1.000000    0.000000    0.114282    10.033028   3.348109    3.351739    192.000000  2866.94817  0.000000    0.850000    0.850000    0.850000    0.850000    0.850000    0.850000    0.481015    14.185144  
[37m[36mINFO[0m[0m 07/26 12:54:29 | 0.768761    0.787286    0.000000    0.956796    0.175609    0.768761    0.787286    0.961538    0.961078    0.947771    1800        43.113772   7.232369    0.008940    3.346348    3.901534    -5.167591   0.907176    0.838112    0.276257    0.007337    1.000000    0.200000    96.000000   21.000000   10.221742   19.126288   7.920636    10.941073   0.162263    0.007339    16.000000   3.423103    7.000000    21.000000   0.000000    1.000000    0.300000    3397.12000  849.280000  0.118303    0.013494    0.379387    0.850000    0.850000    0.850000    1.000000    0.000000    0.118303    10.216698   3.346348    3.350243    192.000000  2887.55218  0.000000    0.850000    0.850000    0.850000    0.850000    0.850000    0.850000    0.508297    13.120575  
[37m[36mINFO[0m[0m 07/26 12:55:40 | 0.873093    0.867971    0.000000    0.970867    0.096478    0.873093    0.867971    0.972222    0.976048    0.964331    1900        45.508982   7.273735    0.020892    3.371560    3.906858    -5.260139   0.900640    0.833631    0.268034    0.007524    1.000000    0.200000    96.000000   21.000000   10.258009   19.353682   7.922527    10.925677   0.166858    0.007525    16.000000   3.415126    7.000000    21.000000   0.000000    1.000000    0.300000    3413.44000  853.360000  0.127197    0.014533    0.396008    0.850000    0.850000    0.850000    1.000000    0.000000    0.127197    10.151322   3.371560    3.375374    192.000000  2901.42418  0.000000    0.850000    0.850000    0.850000    0.850000    0.850000    0.850000    0.531986    12.678455  
[37m[36mINFO[0m[0m 07/26 12:56:49 | 0.849908    0.841076    0.000000    0.968306    0.120965    0.849908    0.841076    0.965812    0.976048    0.963057    2000        47.904192   7.243062    0.018399    3.360113    3.891019    -5.337152   0.896524    0.831235    0.261154    0.007691    1.000000    0.200000    96.000000   21.000000   10.271992   19.674556   7.894225    10.847720   0.169516    0.007692    16.000000   3.407733    7.000000    21.000000   0.000000    1.000000    0.300000    3373.68000  843.420000  0.127585    0.014065    0.417992    0.850001    0.850000    0.850167    1.000000    0.000000    0.127585    10.145611   3.360113    3.363873    192.000000  2867.63160  0.000000    0.850003    0.850000    0.850003    0.850000    0.850000    0.850000    0.533694    11.647124  
[37m[36mINFO[0m[0m 07/26 12:57:55 | 0.863331    0.863081    0.000000    0.974425    0.101529    0.863331    0.863081    0.974359    0.982036    0.966879    2100        50.299401   7.210190    0.010067    3.345245    3.883164    -5.505177   0.891952    0.827850    0.256407    0.007823    1.000000    0.200000    96.000000   21.000000   10.172950   19.279716   7.939783    10.842339   0.172650    0.007825    16.000000   3.401341    7.000000    21.000000   0.000000    1.000000    0.300000    3387.84000  846.960000  0.124636    0.014245    0.434713    0.850001    0.850000    0.850330    1.000000    0.000000    0.124636    9.930262    3.345245    3.348828    192.000000  2879.66696  0.000000    0.850001    0.850001    0.850001    0.850000    0.850001    0.850000    0.507637    11.736553  
[37m[36mINFO[0m[0m 07/26 12:59:00 | 0.840757    0.848411    0.000000    0.972012    0.107721    0.840757    0.848411    0.967949    0.985030    0.963057    2200        52.694611   7.174919    0.003866    3.331285    3.869750    -5.668963   0.889977    0.826199    0.255112    0.007934    1.000000    0.200000    96.000000   21.000000   10.158744   19.466166   7.912443    10.713378   0.174088    0.007936    16.000000   3.395344    7.000000    21.000000   0.000000    1.000000    0.300000    3350.96000  837.740000  0.123063    0.014034    0.443024    0.850003    0.850000    0.850752    1.000000    0.000000    0.123063    9.850679    3.331285    3.335043    192.000000  2848.32674  0.000000    0.850004    0.850005    0.850004    0.850000    0.850005    0.850000    0.507727    11.455200  
[37m[36mINFO[0m[0m 07/26 13:00:08 | 0.797437    0.819071    0.000000    0.967458    0.142421    0.797437    0.819071    0.970085    0.973054    0.959236    2300        55.089820   7.164140    0.003827    3.328718    3.862913    -5.798788   0.888759    0.825756    0.252010    0.008026    1.000000    0.200000    96.000000   21.000000   10.133712   19.109048   7.904576    10.720226   0.174512    0.008027    16.000000   3.389800    7.000000    21.000000   0.000000    1.000000    0.300000    3356.00000  839.000000  0.125895    0.015170    0.457257    0.850005    0.850000    0.851671    1.000000    0.000000    0.125895    9.716693    3.328718    3.332522    192.000000  2852.61790  0.000000    0.850003    0.850011    0.850003    0.850001    0.850011    0.850001    0.515411    12.465990  
[37m[36mINFO[0m[0m 07/26 13:01:13 | 0.795607    0.811736    0.000000    0.973840    0.114982    0.795607    0.811736    0.972222    0.976048    0.973248    2400        57.485030   7.190897    0.009008    3.343637    3.870816    -5.903258   0.881986    0.820316    0.246678    0.008117    1.000000    0.200000    96.000000   21.000000   10.129707   19.191287   7.930182    10.745593   0.180115    0.008118    16.000000   3.384286    7.000000    21.000000   0.000000    1.000000    0.300000    3397.60000  849.400000  0.126003    0.014695    0.455911    0.850012    0.850000    0.852543    1.000000    0.000000    0.126003    9.485577    3.343637    3.347521    192.000000  2888.00039  0.000000    0.850018    0.850012    0.850018    0.850003    0.850012    0.850003    0.501772    11.950979  
[37m[36mINFO[0m[0m 07/26 13:02:19 | 0.857840    0.843521    0.000000    0.968867    0.131933    0.857840    0.843521    0.963675    0.976048    0.966879    2500        59.880240   7.154490    0.004788    3.333400    3.849295    -5.926780   0.875544    0.815594    0.239800    0.008229    1.000000    0.200000    96.000000   21.000000   10.162199   19.429007   7.907128    10.875974   0.184749    0.008230    16.000000   3.378183    7.000000    21.000000   0.000000    1.000000    0.300000    3359.44000  839.860000  0.127203    0.014584    0.466165    0.850013    0.850000    0.853117    1.000000    0.000000    0.127203    9.613172    3.333400    3.337061    192.000000  2855.56926  0.000000    0.850009    0.850028    0.850009    0.850001    0.850028    0.850001    0.499547    12.244900  
[37m[36mINFO[0m[0m 07/26 13:03:28 | 0.856620    0.853301    0.000000    0.975286    0.105650    0.856620    0.853301    0.976496    0.985030    0.964331    2600        62.275449   7.143577    0.001117    3.325311    3.852032    -6.111635   0.874191    0.815213    0.235910    0.008335    1.000000    0.200000    96.000000   21.000000   10.113887   18.991682   7.902001    10.846802   0.184938    0.008336    16.000000   3.372215    7.000000    21.000000   0.000000    1.000000    0.300000    3396.88000  849.220000  0.122400    0.014771    0.455672    0.850012    0.850000    0.852539    1.000000    0.000000    0.122400    9.441051    3.325311    3.329167    192.000000  2887.38781  0.000000    0.850008    0.850025    0.850008    0.850001    0.850025    0.850001    0.527868    12.406443  
[37m[36mINFO[0m[0m 07/26 13:04:35 | 0.862111    0.858191    0.000000    0.974564    0.116891    0.862111    0.858191    0.976496    0.979042    0.968153    2700        64.670659   7.135386    0.002210    3.326138    3.843802    -6.291139   0.871306    0.813371    0.231741    0.008421    1.000000    0.200000    96.000000   21.000000   9.981974    18.785007   7.891081    10.800053   0.186879    0.008422    16.000000   3.366596    7.000000    21.000000   0.000000    1.000000    0.300000    3373.36000  843.340000  0.120787    0.015431    0.444165    0.850008    0.850000    0.851951    1.000000    0.000000    0.120787    8.954914    3.326138    3.330007    192.000000  2867.38524  0.000000    0.850008    0.850015    0.850008    0.850001    0.850015    0.850001    0.509855    12.859624  
[37m[36mINFO[0m[0m 07/26 13:05:38 | 0.812081    0.806846    0.000000    0.957659    0.184683    0.812081    0.806846    0.967949    0.961078    0.943949    2800        67.065868   7.142197    0.002862    3.329848    3.847286    -6.385482   0.868245    0.811674    0.226282    0.008494    1.000000    0.200000    96.000000   21.000000   9.990064    18.829229   7.869648    10.758358   0.188575    0.008495    16.000000   3.361327    7.000000    21.000000   0.000000    1.000000    0.300000    3388.80000  847.200000  0.122418    0.016382    0.457252    0.850011    0.850000    0.852205    1.000000    0.000000    0.122418    8.950820    3.329848    3.333803    192.000000  2880.51680  0.000000    0.850008    0.850019    0.850008    0.850002    0.850019    0.850002    0.473758    12.992952  
[37m[36mINFO[0m[0m 07/26 13:06:50 | 0.781574    0.809291    0.000000    0.961917    0.159495    0.781574    0.809291    0.970085    0.964072    0.951592    2900        69.461078   7.254573    0.043046    3.393682    3.854788    -6.287275   0.864041    0.809399    0.218568    0.008564    1.000000    0.200000    96.000000   21.000000   10.161764   19.348744   7.890259    10.741124   0.191214    0.008565    16.000000   3.356021    7.000000    21.000000   0.000000    1.000000    0.300000    3321.36000  830.340000  0.150171    0.017573    0.479368    0.850036    0.850000    0.855110    1.000000    0.000000    0.150171    9.294022    3.393682    3.397864    192.000000  2823.27708  0.000000    0.850047    0.850045    0.850047    0.850011    0.850045    0.850011    0.546615    13.384671  
[37m[36mINFO[0m[0m 07/26 13:07:56 | 0.868822    0.863081    0.000000    0.966893    0.121604    0.868822    0.863081    0.963675    0.979042    0.957962    3000        71.856287   7.207061    0.016280    3.366916    3.860959    -6.279476   0.856407    0.802726    0.214725    0.008646    1.000000    0.200000    96.000000   21.000000   10.288940   19.958906   7.926736    10.809404   0.198017    0.008647    16.000000   3.350462    7.000000    21.000000   0.000000    1.000000    0.300000    3408.56000  852.140000  0.160604    0.018135    0.522376    0.850100    0.850000    0.861874    1.000000    0.000000    0.160604    10.247652   3.366916    3.370463    192.000000  2897.61951  0.000000    0.850065    0.850202    0.850065    0.850021    0.850202    0.850021    0.504673    12.916126  
[37m[36mINFO[0m[0m 07/26 13:09:05 | 0.876754    0.865526    0.000000    0.975712    0.108260    0.876754    0.865526    0.980769    0.982036    0.964331    3100        74.251497   7.163938    0.010292    3.344732    3.847836    -6.444802   0.850593    0.797979    0.210455    0.008754    1.000000    0.200000    96.000000   21.000000   10.235927   19.490895   7.949458    10.968094   0.202659    0.008756    16.000000   3.344256    7.000000    21.000000   0.000000    1.000000    0.300000    3390.88000  847.720000  0.148441    0.016910    0.541579    0.850148    0.850000    0.865243    1.000000    0.000000    0.148441    9.577226    3.344732    3.348405    192.000000  2882.74632  0.000000    0.850063    0.850332    0.850063    0.850034    0.850332    0.850034    0.522078    12.864206  
[37m[36mINFO[0m[0m 07/26 13:10:12 | 0.863941    0.887531    0.000000    0.968758    0.124177    0.863941    0.887531    0.978632    0.976048    0.951592    3200        76.646707   7.127000    0.006911    3.332420    3.828074    -6.592010   0.850182    0.798497    0.206738    0.008857    1.000000    0.200000    96.000000   21.000000   10.150565   19.205312   7.966571    11.097080   0.201766    0.008858    16.000000   3.338079    7.000000    21.000000   0.000000    1.000000    0.300000    3357.60000  839.400000  0.143146    0.016059    0.525219    0.850095    0.850000    0.862559    1.000000    0.000000    0.143146    9.216365    3.332420    3.336099    192.000000  2854.27900  0.000000    0.850046    0.850220    0.850046    0.850005    0.850220    0.850005    0.515737    12.468428  
[37m[36mINFO[0m[0m 07/26 13:11:14 | 0.886516    0.880196    0.000000    0.977708    0.085890    0.886516    0.880196    0.980769    0.988024    0.964331    3300        79.041916   7.108214    0.001872    3.326232    3.821807    -6.713451   0.847614    0.796813    0.203204    0.008942    1.000000    0.200000    96.000000   21.000000   10.083976   18.787911   7.970387    11.017905   0.203448    0.008942    16.000000   3.332329    7.000000    21.000000   0.000000    1.000000    0.300000    3363.28000  840.820000  0.130407    0.016409    0.481567    0.850037    0.850000    0.856005    1.000000    0.000000    0.130407    8.990578    3.326232    3.329847    192.000000  2858.91220  0.000000    0.850013    0.850088    0.850013    0.850003    0.850088    0.850003    0.472103    11.688311  
[37m[36mINFO[0m[0m 07/26 13:12:22 | 0.836486    0.853301    0.000000    0.959778    0.176711    0.836486    0.853301    0.959402    0.967066    0.952866    3400        81.437126   7.135901    0.008431    3.341209    3.829219    -6.828745   0.844000    0.794455    0.198181    0.009022    1.000000    0.200000    96.000000   21.000000   10.082913   18.998216   7.921633    10.815022   0.206017    0.009023    16.000000   3.326667    7.000000    21.000000   0.000000    1.000000    0.300000    3376.24000  844.060000  0.135661    0.016589    0.492776    0.850039    0.850000    0.857330    1.000000    0.000000    0.135661    9.049776    3.341209    3.345321    192.000000  2869.93691  0.000000    0.850020    0.850086    0.850020    0.850001    0.850086    0.850001    0.512042    13.113258  
[37m[36mINFO[0m[0m 07/26 13:13:23 | 0.859671    0.865526    0.000000    0.974873    0.106147    0.859671    0.865526    0.978632    0.988024    0.957962    3500        83.832335   7.125661    0.007655    3.338660    3.822177    -6.799540   0.838536    0.790197    0.193358    0.009105    1.000000    0.200000    96.000000   21.000000   10.142101   19.323869   7.912844    10.727339   0.210188    0.009106    16.000000   3.320949    7.000000    21.000000   0.000000    1.000000    0.300000    3390.72000  847.680000  0.148346    0.018347    0.522435    0.850090    0.850000    0.862171    1.000000    0.000000    0.148346    9.376415    3.338660    3.342338    192.000000  2882.42272  0.000000    0.850058    0.850188    0.850058    0.850015    0.850188    0.850015    0.473151    12.108210  
[37m[36mINFO[0m[0m 07/26 13:14:34 | 0.810250    0.814181    0.000000    0.937629    0.223850    0.810250    0.814181    0.950855    0.946108    0.915924    3600        86.227545   7.119227    0.007671    3.332806    3.823218    -6.960002   0.837422    0.789463    0.191835    0.009186    1.000000    0.200000    96.000000   21.000000   10.072291   19.013687   7.926308    10.859388   0.211106    0.009187    16.000000   3.315249    7.000000    21.000000   0.000000    1.000000    0.300000    3384.40000  846.100000  0.148609    0.018843    0.537044    0.850130    0.850000    0.864426    1.000000    0.000000    0.148609    9.342194    3.332806    3.336710    192.000000  2877.18470  0.000000    0.850072    0.850296    0.850072    0.850009    0.850296    0.850009    0.540384    12.618112  
[37m[36mINFO[0m[0m 07/26 13:15:45 | 0.779134    0.814181    0.000000    0.960173    0.208399    0.779134    0.814181    0.942308    0.970060    0.968153    3700        88.622754   7.159458    0.015258    3.360280    3.827756    -6.888422   0.834612    0.788062    0.186199    0.009263    1.000000    0.200000    96.000000   21.000000   10.240726   19.582387   7.924108    10.832756   0.212566    0.009264    16.000000   3.309750    7.000000    21.000000   0.000000    1.000000    0.300000    3385.28000  846.320000  0.169936    0.020545    0.559300    0.850231    0.850000    0.870329    1.000000    0.000000    0.169936    9.721157    3.360280    3.364020    192.000000  2878.27531  0.000000    0.850162    0.850461    0.850162    0.850036    0.850461    0.850036    0.540083    12.584463  
[37m[36mINFO[0m[0m 07/26 13:16:49 | 0.878585    0.892421    0.000000    0.968746    0.120511    0.878585    0.892421    0.976496    0.973054    0.956688    3800        91.017964   7.134402    0.006217    3.340250    3.832656    -6.958792   0.828625    0.781967    0.186630    0.009347    1.000000    0.200000    96.000000   21.000000   10.264901   19.546670   7.945783    10.860920   0.218280    0.009348    16.000000   3.304053    7.000000    21.000000   0.000000    1.000000    0.300000    3423.12000  855.780000  0.168658    0.019792    0.558104    0.850183    0.850000    0.869749    1.000000    0.000000    0.168658    10.008658   3.340250    3.343730    192.000000  2910.27715  0.000000    0.850067    0.850428    0.850067    0.850029    0.850428    0.850029    0.479227    13.520889  
[37m[36mINFO[0m[0m 07/26 13:18:00 | 0.797437    0.816626    0.000000    0.962044    0.153171    0.797437    0.816626    0.970085    0.958084    0.957962    3900        93.413174   7.115370    0.007865    3.338295    3.815842    -7.144000   0.826587    0.781298    0.181156    0.009440    1.000000    0.200000    96.000000   21.000000   10.112709   18.953145   7.927963    10.747700   0.219121    0.009441    16.000000   3.298023    7.000000    21.000000   0.000000    1.000000    0.300000    3373.12000  843.280000  0.149502    0.018840    0.512499    0.850062    0.850000    0.860311    1.000000    0.000000    0.149502    9.206968    3.338295    3.342180    192.000000  2867.36380  0.000000    0.850028    0.850146    0.850028    0.850003    0.850146    0.850003    0.529449    13.589242  
[37m[36mINFO[0m[0m 07/26 13:19:05 | 0.834655    0.831296    0.000000    0.966171    0.146325    0.834655    0.831296    0.963675    0.973054    0.961783    4000        95.808383   7.123707    0.006818    3.339530    3.824063    -7.146735   0.825111    0.780690    0.177682    0.009529    1.000000    0.200000    96.000000   21.000000   10.199282   19.145343   7.946706    10.867366   0.219667    0.009530    16.000000   3.292200    7.000000    21.000000   0.000000    1.000000    0.300000    3360.00000  840.000000  0.160331    0.020077    0.539130    0.850139    0.850000    0.865349    1.000000    0.000000    0.160331    9.764329    3.339530    3.343430    192.000000  2856.46327  0.000000    0.850094    0.850272    0.850094    0.850019    0.850272    0.850019    0.504544    11.160222  
[37m[36mINFO[0m[0m 07/26 13:20:14 | 0.843807    0.850856    0.000000    0.970016    0.108804    0.843807    0.850856    0.967949    0.979042    0.963057    4100        98.203593   7.107762    0.007378    3.339511    3.809101    -7.293073   0.823110    0.778594    0.178067    0.009609    1.000000    0.200000    96.000000   21.000000   10.182591   19.192702   7.940762    10.915367   0.221774    0.009610    16.000000   3.286690    7.000000    21.000000   0.000000    1.000000    0.300000    3387.52000  846.880000  0.156642    0.018756    0.531184    0.850119    0.850000    0.864572    0.999974    0.000000    0.156642    9.120831    3.339511    3.343333    192.000000  2879.79549  0.000000    0.850065    0.850271    0.850065    0.850010    0.850271    0.850010    0.533647    11.539400  
[37m[36mINFO[0m[0m 07/26 13:21:27 | 0.856010    0.838631    0.000000    0.975988    0.101348    0.856010    0.838631    0.980769    0.979042    0.968153    4200        100.598802  7.088891    0.001776    3.328203    3.808422    -7.418980   0.822361    0.778392    0.175875    0.009687    1.000000    0.200000    96.000000   21.000000   10.106125   18.842984   7.924967    10.917195   0.221795    0.009687    16.000000   3.281194    7.000000    21.000000   0.000000    1.000000    0.300000    3409.92000  852.480000  0.148319    0.019820    0.529396    0.850090    0.850000    0.863695    1.000000    0.000000    0.148319    9.026377    3.328203    3.332146    192.000000  2898.73371  0.000000    0.850049    0.850193    0.850049    0.850013    0.850193    0.850013    0.562664    11.687806  
[37m[36mINFO[0m[0m 07/26 13:22:30 | 0.868212    0.865526    0.000000    0.978548    0.086711    0.868212    0.865526    0.982906    0.982036    0.970701    4300        102.994012  7.075767    0.001750    3.322711    3.802259    -7.553314   0.819010    0.776146    0.171454    0.009763    1.000000    0.200000    96.000000   21.000000   10.055328   19.001333   7.926104    10.870276   0.224051    0.009764    16.000000   3.275768    7.000000    21.000000   0.000000    1.000000    0.300000    3368.96000  842.240000  0.146500    0.019959    0.524456    0.850103    0.850000    0.863097    1.000000    0.000000    0.146500    8.835392    3.322711    3.326704    192.000000  2863.96481  0.000000    0.850082    0.850200    0.850082    0.850007    0.850200    0.850007    0.479701    12.544861  
[37m[36mINFO[0m[0m 07/26 13:23:40 | 0.864552    0.858191    0.000000    0.975297    0.089506    0.864552    0.858191    0.978632    0.988024    0.959236    4400        105.389222  7.074660    0.000449    3.325319    3.801172    -7.678145   0.816403    0.774585    0.167271    0.009839    1.000000    0.200000    96.000000   21.000000   10.049014   19.102218   7.907069    10.844980   0.225506    0.009840    16.000000   3.270353    7.000000    21.000000   0.000000    1.000000    0.300000    3422.80000  855.700000  0.139500    0.018327    0.501951    0.850059    0.850000    0.859149    1.000000    0.000000    0.139500    8.695046    3.325319    3.329354    192.000000  2909.58775  0.000000    0.850047    0.850112    0.850047    0.850009    0.850112    0.850009    0.535280    11.594305  
[37m[36mINFO[0m[0m 07/26 13:24:43 | 0.818792    0.821516    0.000000    0.974575    0.122248    0.818792    0.821516    0.978632    0.982036    0.963057    4500        107.784431  7.088785    0.001734    3.329975    3.809597    -7.697240   0.814709    0.773981    0.162915    0.009913    1.000000    0.200000    96.000000   21.000000   10.058265   19.177035   7.862500    10.892021   0.226292    0.009914    16.000000   3.265001    7.000000    21.000000   0.000000    1.000000    0.300000    3386.88000  846.720000  0.144308    0.018480    0.506988    0.850059    0.850000    0.859510    1.000000    0.000000    0.144308    8.596571    3.329975    3.333741    192.000000  2879.04680  0.000000    0.850026    0.850130    0.850026    0.850007    0.850130    0.850007    0.480639    12.617469  
[37m[36mINFO[0m[0m 07/26 13:25:47 | 0.772422    0.789731    0.000000    0.960889    0.151128    0.772422    0.789731    0.952991    0.964072    0.965605    4600        110.179641  7.101481    0.006900    3.338440    3.808803    -7.704189   0.812334    0.771902    0.161727    0.009990    1.000000    0.200000    96.000000   21.000000   10.080182   19.372905   7.867324    10.760099   0.228613    0.009991    16.000000   3.259671    7.000000    21.000000   0.000000    1.000000    0.300000    3392.08000  848.020000  0.146460    0.020978    0.498196    0.850044    0.850000    0.858198    1.000000    0.000000    0.146460    8.935073    3.338440    3.342402    192.000000  2883.41324  0.000000    0.850014    0.850108    0.850014    0.850005    0.850108    0.850005    0.497204    11.831495  
[37m[36mINFO[0m[0m 07/26 13:26:55 | 0.846248    0.848411    0.000000    0.964599    0.156906    0.846248    0.848411    0.963675    0.967066    0.963057    4700        112.574850  7.132360    0.020276    3.361996    3.801722    -7.588859   0.808173    0.769589    0.154336    0.010065    1.000000    0.200000    96.000000   21.000000   10.183319   19.591159   7.867347    10.768974   0.231156    0.010066    16.000000   3.254446    7.000000    21.000000   0.000000    1.000000    0.300000    3366.80000  841.700000  0.170356    0.022211    0.538286    0.850124    0.850000    0.865231    1.000000    0.000000    0.170356    9.086059    3.361996    3.365848    192.000000  2862.20140  0.000000    0.850105    0.850235    0.850105    0.850023    0.850235    0.850023    0.510040    13.053126  
[37m[36mINFO[0m[0m 07/26 13:27:57 | 0.803539    0.797066    0.000000    0.964897    0.141480    0.803539    0.797066    0.963675    0.973054    0.957962    4800        114.970060  7.106716    0.010421    3.348179    3.800458    -7.647616   0.804139    0.765864    0.153099    0.010138    1.000000    0.200000    96.000000   21.000000   10.239353   19.477093   7.889431    10.761199   0.234743    0.010139    16.000000   3.249443    7.000000    21.000000   0.000000    1.000000    0.300000    3358.80000  839.700000  0.168389    0.022336    0.538076    0.850107    0.850000    0.864725    1.000000    0.000000    0.168389    9.521636    3.348179    3.351688    192.000000  2855.33870  0.000000    0.850071    0.850207    0.850071    0.850028    0.850207    0.850028    0.474695    12.283859  
[37m[36mINFO[0m[0m 07/26 13:29:08 | 0.787675    0.777506    0.000000    0.967425    0.115284    0.787675    0.777506    0.967949    0.961078    0.973248    4900        117.365269  7.106486    0.011768    3.345134    3.802523    -7.701015   0.801990    0.762814    0.156703    0.010218    1.000000    0.200000    96.000000   21.000000   10.206609   19.526644   7.916703    10.742232   0.237624    0.010219    16.000000   3.244315    7.000000    21.000000   0.000000    1.000000    0.300000    3383.04000  845.760000  0.176068    0.023467    0.563009    0.850228    0.850000    0.870706    0.999974    0.000000    0.176068    9.964283    3.345134    3.349142    192.000000  2876.36044  0.000000    0.850200    0.850413    0.850200    0.850036    0.850413    0.850036    0.541778    13.088920  
[37m[36mINFO[0m[0m 07/26 13:30:11 | 0.799268    0.765281    0.000000    0.962328    0.154336    0.799268    0.765281    0.963675    0.964072    0.959236    5000        119.760479  7.088073    0.006175    3.337245    3.797472    -7.677913   0.798308    0.759714    0.154377    0.010294    1.000000    0.200000    96.000000   21.000000   10.196388   19.259543   7.954480    10.761114   0.240600    0.010295    16.000000   3.239265    7.000000    21.000000   0.000000    1.000000    0.300000    3375.92000  843.980000  0.175093    0.023137    0.560175    0.850240    0.850000    0.869700    0.999834    0.000000    0.175093    9.659410    3.337245    3.341010    192.000000  2870.34769  0.000000    0.850221    0.850428    0.850221    0.850042    0.850428    0.850042    0.480281    12.717569  
[37m[36mINFO[0m[0m 07/26 13:30:11 | ---
[37m[33mWARNING[0m[0m 07/26 13:30:12 | Evaluate SWAD ...
[37m[36mINFO[0m[0m 07/26 13:30:25 | 0.912142    0.894866    0.000000    0.979256    0.076609    0.912142    0.894866    0.976496    0.988024    0.973248    [101-4900]  (N=50)
[37m[36mINFO[0m[0m 07/26 13:30:25 | oracle = 88.103%
[37m[36mINFO[0m[0m 07/26 13:30:25 | iid = 88.164%
[37m[36mINFO[0m[0m 07/26 13:30:25 | last = 79.927%
[37m[36mINFO[0m[0m 07/26 13:30:25 | last (inD) = 96.233%
[37m[36mINFO[0m[0m 07/26 13:30:25 | iid (inD) = 97.870%
[37m[36mINFO[0m[0m 07/26 13:30:25 | SWAD = 91.214%
[37m[36mINFO[0m[0m 07/26 13:30:25 | SWAD (inD) = 97.926%
[37m[36mINFO[0m[0m 07/26 13:30:25 | 
[37m[36mINFO[0m[0m 07/26 13:30:29 | Testenv name escaping te_cartoon -> te_cartoon
[37m[36mINFO[0m[0m 07/26 13:30:29 | Test envs = [1], name = te_cartoon
[37m[36mINFO[0m[0m 07/26 13:30:29 | Batch sizes for each domain: [32, 0, 32, 32] (total=96)
[37m[36mINFO[0m[0m 07/26 13:30:29 | steps-per-epoch for each domain: 51.22, 41.75, 98.25 -> min = 41.75
[37m[36mINFO[0m[0m 07/26 13:30:32 | # of params = 49165255
[37m[36mINFO[0m[0m 07/26 13:30:46 | test_in     test_out    train_in    train_out   tr_outloss  env0_out    env1_in     env1_out    env2_out    env3_out    step        epoch       loss        loss_cls    sup_cl_los  pre_cl_los  reg_loss    loss_isr    loss_isr_a  loss_isr_d  loss_orth   piccl_lamb  piccl_beta  valid_augm  valid_clas  delta_aug_  delta_aug_  delta_dom_  delta_dom_  projection  basis_orth  basis_rank  basis_norm  residual_b  residual_b  piccl_has_  reliable_c  reliable_c  cross_doma  valid_reli  pair_relia  pair_relia  pair_relia  pair_weigh  pair_weigh  pair_weigh  pair_weigh  pair_weigh  mean_sensi  mean_pair_  weighted_c  unweighted  self_aug_p  cross_doma  reliable_c  reliable_c  reliable_c  reliable_c  reliable_c  reliable_c  reliable_c  step_time   eval_time  
[37m[36mINFO[0m[0m 07/26 13:30:46 | 0.242537    0.273504    0.000000    0.203026    1.879956    0.119804    0.242537    0.273504    0.308383    0.180892    0           0.000000    12.183765   2.007856    5.189256    5.044218    -5.756462   0.000000    0.000000    0.000000    0.002561    0.000000    0.000000    0.000000    0.000000    0.000000    0.000000    0.000000    0.000000    0.000000    0.002561    16.000000   3.607995    0.000000    0.000000    0.000000    1.000000    0.000000    3304.00000  826.000000  0.008770    0.002215    0.019523    1.000000    1.000000    1.000000    0.000000    0.000000    0.008770    24.795776   5.189256    5.189256    192.000000  3304.00000  0.000000    1.000000    1.000000    1.000000    1.000000    1.000000    1.000000    0.439913    12.982150  
[37m[36mINFO[0m[0m 07/26 13:31:53 | 0.661514    0.681624    0.000000    0.948837    0.146526    0.951100    0.661514    0.681624    0.982036    0.913376    100         2.395210    8.677270    0.288282    3.810379    4.572938    0.567104    0.992025    0.992025    0.000000    0.002561    0.000000    0.000000    96.000000   0.000000    12.711988   25.722220   0.000000    0.000000    0.007982    0.002561    16.000000   3.607995    0.000000    0.000000    0.000000    1.000000    0.000000    3373.36000  843.340000  0.008813    0.002459    0.019457    1.000000    1.000000    1.000000    0.000000    0.000000    0.008813    25.289674   3.810379    3.810379    192.000000  3373.36000  0.000000    1.000000    1.000000    1.000000    1.000000    1.000000    1.000000    0.501099    13.087736  
[37m[36mINFO[0m[0m 07/26 13:32:59 | 0.770256    0.803419    0.000000    0.954541    0.129222    0.948655    0.770256    0.803419    0.985030    0.929936    200         4.790419    7.942531    0.104760    3.537990    4.314899    -1.511794   0.991948    0.991948    0.000000    0.002561    0.000000    0.000000    96.000000   0.000000    11.603002   22.841657   0.000000    0.000000    0.008050    0.002561    16.000000   3.607995    0.000000    0.000000    0.000000    1.000000    0.000000    3344.56000  836.140000  0.009386    0.002436    0.020639    1.000000    1.000000    1.000000    0.000000    0.000000    0.009386    17.396171   3.537990    3.537990    192.000000  3344.56000  0.000000    1.000000    1.000000    1.000000    1.000000    1.000000    1.000000    0.498037    12.173951  
[37m[36mINFO[0m[0m 07/26 13:34:11 | 0.770789    0.797009    0.000000    0.952877    0.143438    0.933985    0.770789    0.797009    0.973054    0.951592    300         7.185629    7.667871    0.053562    3.445353    4.189476    -2.146473   1.111583    0.991232    0.481406    0.002560    0.025500    0.005100    96.000000   10.060000   11.427167   22.569974   4.728720    7.435458    0.008827    0.002560    16.000000   3.608080    3.460000    10.100000   0.000000    1.000000    0.150000    3335.44000  833.860000  0.010382    0.002597    0.023391    0.925000    0.925000    0.925000    0.500000    0.000000    0.010382    15.071182   3.445353    3.447633    192.000000  3083.82410  0.000000    0.925000    0.925000    0.925000    0.925000    0.925000    0.925000    0.540574    11.809328  
[37m[36mINFO[0m[0m 07/26 13:35:14 | 0.805970    0.829060    0.000000    0.957994    0.127662    0.933985    0.805970    0.829060    0.982036    0.957962    400         9.580838    7.579893    0.045068    3.421602    4.132092    -2.611599   1.206185    0.981638    0.898189    0.002533    0.201000    0.040200    96.000000   21.000000   11.270794   22.344466   8.520293    14.594968   0.018560    0.002533    16.000000   3.611692    7.000000    21.000000   0.000000    1.000000    0.300000    3359.44000  839.860000  0.024106    0.003774    0.071244    0.850000    0.850000    0.850000    1.000000    0.000000    0.024106    13.958206   3.421602    3.426356    192.000000  2855.52420  0.000000    0.850000    0.850000    0.850000    0.850000    0.850000    0.850000    0.480802    12.565435  
[37m[36mINFO[0m[0m 07/26 13:36:24 | 0.784648    0.820513    0.000000    0.959924    0.132880    0.958435    0.784648    0.820513    0.985030    0.936306    500         11.976048   7.496257    0.035447    3.402546    4.074723    -3.025816   1.149362    0.969188    0.720694    0.002667    0.401000    0.080200    96.000000   21.000000   11.105790   21.801397   7.989871    13.381773   0.031084    0.002670    16.000000   3.603823    7.000000    21.000000   0.000000    1.000000    0.300000    3328.72000  832.180000  0.040102    0.004672    0.126971    0.850000    0.850000    0.850000    1.000000    0.000000    0.040102    13.028604   3.402546    3.407121    192.000000  2829.41217  0.000000    0.850000    0.850000    0.850000    0.850000    0.850000    0.850000    0.541993    11.943260  
[37m[36mINFO[0m[0m 07/26 13:37:27 | 0.762260    0.788462    0.000000    0.964170    0.106807    0.958435    0.762260    0.788462    0.985030    0.949045    600         14.371257   7.463222    0.033325    3.400728    4.041976    -3.258965   1.098391    0.956510    0.567524    0.003109    0.601000    0.120200    96.000000   21.000000   11.072016   21.744140   7.835403    12.658400   0.043787    0.003114    16.000000   3.582533    7.000000    21.000000   0.000000    1.000000    0.300000    3367.60000  841.900000  0.047938    0.005590    0.162634    0.850000    0.850000    0.850000    1.000000    0.000000    0.047938    12.239990   3.400728    3.405093    192.000000  2862.46021  0.000000    0.850000    0.850000    0.850000    0.850000    0.850000    0.850000    0.478176    13.238159  
[37m[36mINFO[0m[0m 07/26 13:38:37 | 0.804904    0.829060    0.000000    0.958904    0.141817    0.958435    0.804904    0.829060    0.973054    0.945223    700         16.766467   7.390996    0.021820    3.370421    4.008023    -3.479487   1.062777    0.944224    0.474212    0.003681    0.801000    0.160200    96.000000   21.000000   11.024498   21.926325   7.853943    12.504411   0.056091    0.003686    16.000000   3.561217    7.000000    21.000000   0.000000    1.000000    0.300000    3341.12000  835.280000  0.060399    0.006589    0.204734    0.850000    0.850000    0.850000    1.000000    0.000000    0.060399    11.936629   3.370421    3.374509    192.000000  2839.95220  0.000000    0.850000    0.850000    0.850000    0.850000    0.850000    0.850000    0.530835    12.767567  
[37m[36mINFO[0m[0m 07/26 13:39:44 | 0.816098    0.844017    0.000000    0.966042    0.113541    0.965770    0.816098    0.844017    0.982036    0.950318    800         19.161677   7.388535    0.023805    3.375198    3.996158    -3.698839   1.037549    0.931882    0.422668    0.004131    0.975500    0.195100    96.000000   21.000000   10.980275   21.746448   7.815201    12.225169   0.068543    0.004134    16.000000   3.544676    7.000000    21.000000   0.000000    1.000000    0.300000    3352.64000  838.160000  0.071555    0.007578    0.244292    0.850000    0.850000    0.850000    1.000000    0.000000    0.071555    11.776259   3.375198    3.379114    192.000000  2849.74419  0.000000    0.850000    0.850000    0.850000    0.850000    0.850000    0.850000    0.506670    12.959890  
[37m[36mINFO[0m[0m 07/26 13:40:55 | 0.813433    0.829060    0.000000    0.969460    0.109056    0.965770    0.813433    0.829060    0.991018    0.951592    900         21.556886   7.327393    0.013473    3.352265    3.969773    -3.865014   1.017611    0.919856    0.391019    0.004436    1.000000    0.200000    96.000000   21.000000   10.990001   21.586165   7.781345    12.001364   0.080438    0.004439    16.000000   3.531009    7.000000    21.000000   0.000000    1.000000    0.300000    3357.44000  839.360000  0.077164    0.008385    0.264701    0.850000    0.850000    0.850000    1.000000    0.000000    0.077164    11.308177   3.352265    3.356042    192.000000  2853.82419  0.000000    0.850000    0.850000    0.850000    0.850000    0.850000    0.850000    0.524055    12.754689  
[37m[36mINFO[0m[0m 07/26 13:42:07 | 0.801706    0.820513    0.000000    0.967223    0.116819    0.963325    0.801706    0.820513    0.988024    0.950318    1000        23.952096   7.301220    0.013040    3.353368    3.945704    -4.094508   1.001596    0.910080    0.366067    0.004686    1.000000    0.200000    96.000000   21.000000   10.903838   21.285414   7.838607    12.072922   0.090321    0.004688    16.000000   3.518047    7.000000    21.000000   0.000000    1.000000    0.300000    3347.92000  836.980000  0.078769    0.009028    0.270498    0.850000    0.850000    0.850000    1.000000    0.000000    0.078769    10.855866   3.353368    3.357306    192.000000  2845.73219  0.000000    0.850000    0.850000    0.850000    0.850000    0.850000    0.850000    0.557032    11.625670  
[37m[36mINFO[0m[0m 07/26 13:43:13 | 0.820896    0.831197    0.000000    0.959741    0.148447    0.960880    0.820896    0.831197    0.982036    0.936306    1100        26.347305   7.288826    0.012253    3.355774    3.933420    -4.219774   0.985744    0.899598    0.344586    0.004926    1.000000    0.200000    96.000000   21.000000   10.967145   21.427285   7.820099    11.920719   0.100791    0.004928    16.000000   3.504991    7.000000    21.000000   0.000000    1.000000    0.300000    3364.48000  841.120000  0.085825    0.009646    0.286908    0.850000    0.850000    0.850000    1.000000    0.000000    0.085825    10.919137   3.355774    3.359529    192.000000  2859.80818  0.000000    0.850000    0.850000    0.850000    0.850000    0.850000    0.850000    0.502862    12.081501  
[37m[36mINFO[0m[0m 07/26 13:44:23 | 0.796908    0.824786    0.000000    0.961427    0.150304    0.951100    0.796908    0.824786    0.979042    0.954140    1200        28.742515   7.276579    0.017289    3.356071    3.917825    -4.374627   0.971160    0.890019    0.324565    0.005181    1.000000    0.200000    96.000000   21.000000   10.937727   21.413021   7.792932    11.784692   0.110578    0.005183    16.000000   3.491481    7.000000    21.000000   0.000000    1.000000    0.300000    3317.60000  829.400000  0.091698    0.010004    0.304400    0.850000    0.850000    0.850000    1.000000    0.000000    0.091698    10.898708   3.356071    3.359844    192.000000  2819.96019  0.000000    0.850000    0.850000    0.850000    0.850000    0.850000    0.850000    0.536855    11.947755  
[37m[36mINFO[0m[0m 07/26 13:45:37 | 0.812367    0.816239    0.000000    0.952626    0.163105    0.941320    0.812367    0.816239    0.970060    0.946497    1300        31.137725   7.271551    0.015847    3.361939    3.909704    -4.464218   0.956598    0.880694    0.303616    0.005447    1.000000    0.200000    96.000000   21.000000   10.960937   21.979026   7.759003    11.642051   0.119641    0.005450    16.000000   3.477844    7.000000    21.000000   0.000000    1.000000    0.300000    3355.28000  838.820000  0.098142    0.009782    0.313070    0.850000    0.850000    0.850000    1.000000    0.000000    0.098142    11.004190   3.361939    3.365759    192.000000  2851.98821  0.000000    0.850000    0.850000    0.850000    0.850000    0.850000    0.850000    0.564129    12.254091  
[37m[36mINFO[0m[0m 07/26 13:46:46 | 0.780384    0.775641    0.000000    0.935604    0.279173    0.892421    0.780384    0.775641    0.964072    0.950318    1400        33.532934   7.271003    0.018159    3.364046    3.905920    -4.550326   0.945840    0.873852    0.287954    0.005720    1.000000    0.200000    96.000000   21.000000   10.968645   21.843788   7.768744    11.876040   0.126565    0.005723    16.000000   3.464253    7.000000    21.000000   0.000000    1.000000    0.300000    3353.36000  838.340000  0.100502    0.010304    0.326296    0.850000    0.850000    0.850000    1.000000    0.000000    0.100502    10.888488   3.364046    3.367627    192.000000  2850.35619  0.000000    0.850000    0.850000    0.850000    0.850000    0.850000    0.850000    0.521389    12.174369  
[37m[36mINFO[0m[0m 07/26 13:47:53 | 0.751066    0.773504    0.000000    0.969553    0.128179    0.968215    0.751066    0.773504    0.985030    0.955414    1500        35.928144   7.263976    0.018404    3.363342    3.901158    -4.698151   0.934945    0.867105    0.271360    0.005992    1.000000    0.200000    96.000000   21.000000   10.974118   21.528907   7.778092    11.967147   0.133183    0.005995    16.000000   3.451016    7.000000    21.000000   0.000000    1.000000    0.300000    3369.20000  842.300000  0.104561    0.011065    0.338622    0.850000    0.850000    0.850000    1.000000    0.000000    0.104561    10.658568   3.363342    3.367009    192.000000  2863.82020  0.000000    0.850000    0.850000    0.850000    0.850000    0.850000    0.850000    0.508536    12.643779  
[37m[36mINFO[0m[0m 07/26 13:48:55 | 0.783049    0.788462    0.000000    0.956446    0.160250    0.953545    0.783049    0.788462    0.982036    0.933758    1600        38.323353   7.212707    0.014029    3.345340    3.874462    -4.889799   0.925602    0.860313    0.261156    0.006267    1.000000    0.200000    96.000000   21.000000   10.898043   21.348259   7.751393    11.745423   0.140257    0.006269    16.000000   3.437961    7.000000    21.000000   0.000000    1.000000    0.300000    3310.88000  827.720000  0.103969    0.011279    0.338241    0.850000    0.850000    0.850000    1.000000    0.000000    0.103969    10.113720   3.345340    3.348982    192.000000  2814.24821  0.000000    0.850000    0.850000    0.850000    0.850000    0.850000    0.850000    0.476697    12.281229  
[37m[36mINFO[0m[0m 07/26 13:50:06 | 0.808635    0.829060    0.000000    0.961635    0.137929    0.955990    0.808635    0.829060    0.976048    0.952866    1700        40.718563   7.199174    0.012025    3.349091    3.860499    -4.998155   0.917791    0.854371    0.253682    0.006539    1.000000    0.200000    96.000000   21.000000   10.962641   21.322395   7.749436    11.597983   0.146068    0.006542    16.000000   3.425313    7.000000    21.000000   0.000000    1.000000    0.300000    3372.96000  843.240000  0.109094    0.011682    0.352686    0.850000    0.850000    0.850000    1.000000    0.000000    0.109094    10.295423   3.349091    3.352716    192.000000  2867.01620  0.000000    0.850000    0.850000    0.850000    0.850000    0.850000    0.850000    0.545522    12.506338  
[37m[36mINFO[0m[0m 07/26 13:51:09 | 0.825693    0.846154    0.000000    0.960302    0.130222    0.951100    0.825693    0.846154    0.982036    0.947771    1800        43.113772   7.191608    0.011483    3.346125    3.857952    -5.123473   0.909159    0.848276    0.243532    0.006814    1.000000    0.200000    96.000000   21.000000   10.892199   21.680458   7.727571    11.649299   0.152104    0.006816    16.000000   3.412891    7.000000    21.000000   0.000000    1.000000    0.300000    3361.92000  840.480000  0.109485    0.011092    0.362645    0.850000    0.850000    0.850000    1.000000    0.000000    0.109485    10.355751   3.346125    3.349772    192.000000  2857.63218  0.000000    0.850000    0.850000    0.850000    0.850000    0.850000    0.850000    0.475420    13.097508  
[37m[36mINFO[0m[0m 07/26 13:52:17 | 0.810235    0.822650    0.000000    0.967235    0.114417    0.960880    0.810235    0.822650    0.979042    0.961783    1900        45.508982   7.183139    0.012362    3.349331    3.846496    -5.208682   0.900977    0.842558    0.233678    0.007075    1.000000    0.200000    96.000000   21.000000   10.975698   21.904266   7.738569    11.610660   0.157890    0.007078    16.000000   3.401146    7.000000    21.000000   0.000000    1.000000    0.300000    3323.44000  830.860000  0.112104    0.012463    0.367794    0.850000    0.850000    0.850000    1.000000    0.000000    0.112104    10.248340   3.349331    3.352700    192.000000  2824.92420  0.000000    0.850000    0.850000    0.850000    0.850000    0.850000    0.850000    0.512211    12.942652  
[37m[36mINFO[0m[0m 07/26 13:53:24 | 0.760128    0.799145    0.000000    0.961220    0.131495    0.946210    0.760128    0.799145    0.982036    0.955414    2000        47.904192   7.187923    0.010701    3.349191    3.854588    -5.339980   0.894512    0.838926    0.222344    0.007318    1.000000    0.200000    96.000000   21.000000   10.930043   21.586115   7.743203    11.602266   0.161388    0.007320    16.000000   3.390156    7.000000    21.000000   0.000000    1.000000    0.300000    3340.40000  835.100000  0.113754    0.011103    0.372646    0.850000    0.850000    0.850000    1.000000    0.000000    0.113754    9.983754    3.349191    3.352645    192.000000  2839.34020  0.000000    0.850000    0.850000    0.850000    0.850000    0.850000    0.850000    0.509238    13.465970  
[37m[36mINFO[0m[0m 07/26 13:54:28 | 0.757463    0.773504    0.000000    0.964031    0.151823    0.948655    0.757463    0.773504    0.988024    0.955414    2100        50.299401   7.160784    0.006639    3.339109    3.843135    -5.473024   0.887449    0.833289    0.216640    0.007555    1.000000    0.200000    96.000000   21.000000   10.962686   21.862897   7.702845    11.366262   0.166943    0.007558    16.000000   3.379437    7.000000    21.000000   0.000000    1.000000    0.300000    3351.84000  837.960000  0.115296    0.012284    0.373909    0.850000    0.850000    0.850000    1.000000    0.000000    0.115296    10.238020   3.339109    3.342768    192.000000  2849.06422  0.000000    0.850000    0.850000    0.850000    0.850000    0.850000    0.850000    0.477257    13.185416  
[37m[36mINFO[0m[0m 07/26 13:55:39 | 0.793177    0.797009    0.000000    0.967557    0.127038    0.968215    0.793177    0.797009    0.979042    0.955414    2200        52.694611   7.203848    0.016437    3.360845    3.855379    -5.530067   0.882646    0.829110    0.214147    0.007789    1.000000    0.200000    96.000000   21.000000   10.976784   21.606687   7.699095    11.348792   0.171359    0.007792    16.000000   3.368962    7.000000    21.000000   0.000000    1.000000    0.300000    3386.16000  846.540000  0.121641    0.013551    0.389160    0.850000    0.850000    0.850000    1.000000    0.000000    0.121641    10.179158   3.360845    3.364505    192.000000  2878.23618  0.000000    0.850000    0.850000    0.850000    0.850000    0.850000    0.850000    0.540365    12.041924  
[37m[36mINFO[0m[0m 07/26 13:56:43 | 0.806503    0.807692    0.000000    0.966500    0.126391    0.963325    0.806503    0.807692    0.982036    0.954140    2300        55.089820   7.182495    0.015751    3.359618    3.836673    -5.584651   0.876391    0.824064    0.209308    0.008018    1.000000    0.200000    96.000000   21.000000   11.082371   21.801570   7.711148    11.474651   0.176135    0.008020    16.000000   3.358775    7.000000    21.000000   0.000000    1.000000    0.300000    3381.52000  845.380000  0.121580    0.013301    0.397912    0.850000    0.850000    0.850000    1.000000    0.000000    0.121580    10.158042   3.359618    3.363220    192.000000  2874.29219  0.000000    0.850000    0.850000    0.850000    0.850000    0.850000    0.850000    0.484164    13.204144  
[37m[36mINFO[0m[0m 07/26 13:57:53 | 0.773987    0.786325    0.000000    0.966591    0.115815    0.958435    0.773987    0.786325    0.991018    0.950318    2400        57.485030   7.170078    0.012215    3.350157    3.838944    -5.740833   0.872059    0.821732    0.201307    0.008235    1.000000    0.200000    96.000000   21.000000   10.898982   21.356207   7.726894    11.640102   0.178760    0.008238    16.000000   3.348920    7.000000    21.000000   0.000000    1.000000    0.300000    3347.36000  836.840000  0.126340    0.013495    0.411518    0.850000    0.850000    0.850058    1.000000    0.000000    0.126340    10.016218   3.350157    3.353620    192.000000  2845.25668  0.000000    0.850000    0.850000    0.850000    0.850000    0.850000    0.850000    0.529132    12.155227  
[37m[36mINFO[0m[0m 07/26 13:59:03 | 0.795842    0.807692    0.000000    0.970495    0.094988    0.970660    0.795842    0.807692    0.979042    0.961783    2500        59.880240   7.130230    0.007694    3.335561    3.820011    -5.903769   0.866437    0.816102    0.201343    0.008452    1.000000    0.200000    96.000000   21.000000   10.929397   21.879732   7.699813    11.684770   0.184151    0.008455    16.000000   3.339168    7.000000    21.000000   0.000000    1.000000    0.300000    3332.72000  833.180000  0.126925    0.014164    0.409195    0.850000    0.850000    0.850022    1.000000    0.000000    0.126925    9.929953    3.335561    3.338882    192.000000  2832.81251  0.000000    0.850000    0.850000    0.850000    0.850000    0.850000    0.850000    0.539253    12.246922  
[37m[36mINFO[0m[0m 07/26 14:00:04 | 0.822495    0.846154    0.000000    0.964778    0.120366    0.955990    0.822495    0.846154    0.988024    0.950318    2600        62.275449   7.112540    0.003367    3.329170    3.813863    -5.980597   0.864611    0.814257    0.201417    0.008656    1.000000    0.200000    96.000000   21.000000   10.903313   21.654155   7.691733    11.715650   0.185985    0.008658    16.000000   3.329939    7.000000    21.000000   0.000000    1.000000    0.300000    3356.16000  839.040000  0.125706    0.013697    0.414237    0.850000    0.850000    0.850075    1.000000    0.000000    0.125706    9.938890    3.329170    3.332588    192.000000  2852.73712  0.000000    0.850000    0.850001    0.850000    0.850000    0.850001    0.850000    0.471863    12.335008  
[37m[36mINFO[0m[0m 07/26 14:01:13 | 0.824627    0.829060    0.000000    0.972686    0.103437    0.977995    0.824627    0.829060    0.991018    0.949045    2700        64.670659   7.097316    0.004572    3.329338    3.799000    -6.141298   0.860325    0.810843    0.197931    0.008846    1.000000    0.200000    96.000000   21.000000   10.883791   21.376374   7.726227    11.706095   0.189428    0.008847    16.000000   3.321076    7.000000    21.000000   0.000000    1.000000    0.300000    3356.80000  839.200000  0.116998    0.014190    0.399352    0.850000    0.850000    0.850022    1.000000    0.000000    0.116998    9.419529    3.329338    3.332959    192.000000  2853.28039  0.000000    0.850000    0.850000    0.850000    0.850000    0.850000    0.850000    0.510834    13.251966  
[37m[36mINFO[0m[0m 07/26 14:02:26 | 0.815032    0.816239    0.000000    0.967177    0.130601    0.955990    0.815032    0.816239    0.985030    0.960510    2800        67.065868   7.090268    0.001241    3.323353    3.802646    -6.260980   0.854313    0.805466    0.195387    0.009027    1.000000    0.200000    96.000000   21.000000   10.825394   21.632221   7.751874    11.775795   0.194721    0.009029    16.000000   3.312528    7.000000    21.000000   0.000000    1.000000    0.300000    3319.44000  829.860000  0.118488    0.013645    0.411846    0.850001    0.850000    0.850117    1.000000    0.000000    0.118488    9.357197    3.323353    3.326870    192.000000  2821.52622  0.000000    0.850001    0.850001    0.850001    0.850000    0.850001    0.850000    0.559358    12.711237  
[37m[36mINFO[0m[0m 07/26 14:03:34 | 0.818230    0.839744    0.000000    0.970275    0.115471    0.968215    0.818230    0.839744    0.991018    0.951592    2900        69.461078   7.081432    0.001237    3.321413    3.797281    -6.400463   0.849847    0.802712    0.188538    0.009204    1.000000    0.200000    96.000000   21.000000   10.833350   21.630808   7.783913    11.991746   0.197461    0.009206    16.000000   3.304174    7.000000    21.000000   0.000000    1.000000    0.300000    3338.32000  834.580000  0.112333    0.014302    0.403035    0.850000    0.850000    0.850067    1.000000    0.000000    0.112333    8.933737    3.321413    3.325030    192.000000  2837.57294  0.000000    0.850000    0.850000    0.850000    0.850000    0.850000    0.850000    0.506377    14.515179  
[37m[36mINFO[0m[0m 07/26 14:04:42 | 0.808635    0.814103    0.000000    0.967774    0.131004    0.963325    0.808635    0.814103    0.982036    0.957962    3000        71.856287   7.060689    0.000743    3.315861    3.783800    -6.522371   0.850000    0.804183    0.183268    0.009366    1.000000    0.200000    96.000000   21.000000   10.761437   20.879435   7.786957    12.060330   0.195940    0.009368    16.000000   3.296351    7.000000    21.000000   0.000000    1.000000    0.300000    3323.44000  830.860000  0.108104    0.014304    0.387238    0.850000    0.850000    0.850000    1.000000    0.000000    0.108104    8.760394    3.315861    3.319549    192.000000  2824.92419  0.000000    0.850000    0.850000    0.850000    0.850000    0.850000    0.850000    0.511473    12.923514  
[37m[36mINFO[0m[0m 07/26 14:05:43 | 0.822495    0.854701    0.000000    0.957618    0.142281    0.948655    0.822495    0.854701    0.970060    0.954140    3100        74.251497   7.078275    0.002829    3.322098    3.794353    -6.635575   0.844727    0.800571    0.176628    0.009515    1.000000    0.200000    96.000000   21.000000   10.767393   21.173028   7.777617    11.923056   0.199711    0.009516    16.000000   3.289032    7.000000    21.000000   0.000000    1.000000    0.300000    3332.56000  833.140000  0.110729    0.015317    0.402209    0.850001    0.850000    0.850248    1.000000    0.000000    0.110729    8.604516    3.322098    3.325713    192.000000  2832.67899  0.000000    0.850001    0.850002    0.850001    0.850000    0.850002    0.850000    0.475693    12.055080  
[37m[36mINFO[0m[0m 07/26 14:06:50 | 0.770256    0.773504    0.000000    0.960647    0.174632    0.946210    0.770256    0.773504    0.979042    0.956688    3200        76.646707   7.087300    0.006957    3.337091    3.784254    -6.621383   0.840093    0.796935    0.172631    0.009664    1.000000    0.200000    96.000000   21.000000   10.868215   21.152474   7.737143    11.746549   0.203426    0.009666    16.000000   3.281666    7.000000    21.000000   0.000000    1.000000    0.300000    3318.00000  829.500000  0.128171    0.016702    0.430797    0.850004    0.850000    0.850924    1.000000    0.000000    0.128171    9.121131    3.337091    3.340794    192.000000  2820.31288  0.000000    0.850003    0.850005    0.850003    0.850003    0.850005    0.850003    0.511369    12.042126  
[37m[36mINFO[0m[0m 07/26 14:08:01 | 0.745736    0.752137    0.000000    0.952325    0.210062    0.933985    0.745736    0.752137    0.979042    0.943949    3300        79.041916   7.118918    0.017108    3.350809    3.792515    -6.663093   0.836921    0.794522    0.169598    0.009819    1.000000    0.200000    96.000000   21.000000   10.882730   21.560013   7.699780    11.549430   0.206131    0.009821    16.000000   3.274258    7.000000    21.000000   0.000000    1.000000    0.300000    3316.64000  829.160000  0.138868    0.017422    0.444428    0.850002    0.850000    0.850645    1.000000    0.000000    0.138868    9.352733    3.350809    3.354165    192.000000  2819.15097  0.000000    0.850002    0.850003    0.850002    0.850001    0.850003    0.850001    0.537152    12.869708  
[37m[36mINFO[0m[0m 07/26 14:09:11 | 0.795309    0.811966    0.000000    0.957021    0.164153    0.941320    0.795309    0.811966    0.973054    0.956688    3400        81.437126   7.152638    0.025850    3.372107    3.795784    -6.601893   0.830202    0.789305    0.163589    0.009985    1.000000    0.200000    96.000000   21.000000   11.067928   21.962784   7.674389    11.600286   0.211133    0.009987    16.000000   3.266606    7.000000    21.000000   0.000000    1.000000    0.300000    3309.60000  827.400000  0.150731    0.017902    0.463615    0.850011    0.850000    0.852064    1.000000    0.000000    0.150731    9.836596    3.372107    3.375764    192.000000  2813.19636  0.000000    0.850012    0.850009    0.850012    0.850012    0.850009    0.850012    0.528173    13.293116  
[37m[36mINFO[0m[0m 07/26 14:10:15 | 0.803838    0.820513    0.000000    0.946037    0.252963    0.926650    0.803838    0.820513    0.970060    0.941401    3500        83.832335   7.088336    0.005963    3.337726    3.786727    -6.694003   0.828303    0.787378    0.163700    0.010148    1.000000    0.200000    96.000000   21.000000   11.036450   21.587474   7.703000    11.692743   0.212909    0.010150    16.000000   3.259173    7.000000    21.000000   0.000000    1.000000    0.300000    3369.52000  842.380000  0.146548    0.016029    0.469108    0.850008    0.850000    0.851852    1.000000    0.000000    0.146548    9.803776    3.337726    3.341013    192.000000  2864.11821  0.000000    0.850005    0.850015    0.850005    0.850006    0.850015    0.850006    0.480470    12.728156  
[37m[36mINFO[0m[0m 07/26 14:11:21 | 0.824094    0.839744    0.000000    0.960993    0.154471    0.960880    0.824094    0.839744    0.973054    0.949045    3600        86.227545   7.134966    0.018168    3.363246    3.796285    -6.753505   0.826406    0.785303    0.164411    0.010306    1.000000    0.200000    96.000000   21.000000   11.077830   21.865910   7.708361    11.715764   0.215331    0.010308    16.000000   3.251997    7.000000    21.000000   0.000000    1.000000    0.300000    3387.28000  846.820000  0.148537    0.017767    0.463425    0.850012    0.850000    0.852174    1.000000    0.000000    0.148537    9.820919    3.363246    3.366884    192.000000  2879.23010  0.000000    0.850010    0.850012    0.850010    0.850013    0.850012    0.850013    0.506297    12.432353  
[37m[36mINFO[0m[0m 07/26 14:12:32 | 0.828891    0.861111    0.000000    0.967191    0.127142    0.973105    0.828891    0.861111    0.973054    0.955414    3700        88.622754   7.076966    0.006344    3.333630    3.780891    -6.864073   0.824356    0.783427    0.163716    0.010467    1.000000    0.200000    96.000000   21.000000   10.953660   21.502097   7.733262    11.514169   0.216834    0.010468    16.000000   3.244794    7.000000    21.000000   0.000000    1.000000    0.300000    3356.96000  839.240000  0.131733    0.015943    0.452611    0.850008    0.850000    0.852006    1.000000    0.000000    0.131733    9.211325    3.333630    3.336990    192.000000  2853.44213  0.000000    0.850006    0.850008    0.850006    0.850009    0.850008    0.850009    0.538175    12.264343  
[37m[36mINFO[0m[0m 07/26 14:13:39 | 0.811301    0.844017    0.000000    0.959536    0.174499    0.963325    0.811301    0.844017    0.970060    0.945223    3800        91.017964   7.069827    0.006852    3.333317    3.774916    -6.993313   0.822173    0.781555    0.162471    0.010617    1.000000    0.200000    96.000000   21.000000   10.962077   21.429468   7.741278    11.548086   0.218843    0.010619    16.000000   3.237954    7.000000    21.000000   0.000000    1.000000    0.300000    3363.44000  840.860000  0.129238    0.017083    0.461112    0.850007    0.850000    0.851768    1.000000    0.000000    0.129238    9.207463    3.333317    3.336846    192.000000  2858.94633  0.000000    0.850005    0.850009    0.850005    0.850006    0.850009    0.850006    0.511450    13.077782  
[37m[36mINFO[0m[0m 07/26 14:14:46 | 0.801706    0.831197    0.000000    0.956838    0.150583    0.943765    0.801706    0.831197    0.970060    0.956688    3900        93.413174   7.070361    0.005569    3.329709    3.781416    -7.091153   0.818931    0.778504    0.161707    0.010765    1.000000    0.200000    96.000000   21.000000   10.993883   21.939286   7.720172    11.691096   0.221835    0.010767    16.000000   3.231297    7.000000    21.000000   0.000000    1.000000    0.300000    3333.28000  833.320000  0.138942    0.016966    0.465595    0.850013    0.850000    0.853023    1.000000    0.000000    0.138942    9.559812    3.329709    3.333177    192.000000  2833.32994  0.000000    0.850009    0.850024    0.850009    0.850004    0.850024    0.850004    0.499201    13.172328  
[37m[36mINFO[0m[0m 07/26 14:15:55 | 0.802239    0.814103    0.000000    0.953109    0.176378    0.946210    0.802239    0.814103    0.964072    0.949045    4000        95.808383   7.042075    0.002518    3.322312    3.764573    -7.185056   0.817048    0.777316    0.158928    0.010914    1.000000    0.200000    96.000000   21.000000   10.885834   21.484651   7.686502    11.540858   0.222828    0.010916    16.000000   3.224719    7.000000    21.000000   0.000000    1.000000    0.300000    3337.12000  834.280000  0.130248    0.017990    0.443421    0.850003    0.850000    0.851134    1.000000    0.000000    0.130248    9.193613    3.322312    3.325736    192.000000  2836.56369  0.000000    0.850000    0.850006    0.850000    0.850004    0.850006    0.850004    0.513216    14.653737  
[37m[36mINFO[0m[0m 07/26 14:17:06 | 0.839019    0.850427    0.000000    0.952467    0.222261    0.951100    0.839019    0.850427    0.961078    0.945223    4100        98.203593   7.034999    0.001104    3.318994    3.763746    -7.325008   0.813142    0.773851    0.157165    0.011063    1.000000    0.200000    96.000000   21.000000   10.848869   21.447888   7.700439    11.515562   0.226312    0.011064    16.000000   3.218220    7.000000    21.000000   0.000000    1.000000    0.300000    3313.76000  828.440000  0.126705    0.018184    0.436372    0.850004    0.850000    0.851108    1.000000    0.000000    0.126705    8.990752    3.318994    3.322472    192.000000  2816.71025  0.000000    0.850002    0.850009    0.850002    0.850002    0.850009    0.850002    0.540502    13.288986  
[37m[36mINFO[0m[0m 07/26 14:18:13 | 0.696162    0.745726    0.000000    0.952028    0.177331    0.933985    0.696162    0.745726    0.973054    0.949045    4200        100.598802  7.088605    0.012316    3.348941    3.776007    -7.300857   0.811270    0.773365    0.151619    0.011202    1.000000    0.200000    96.000000   21.000000   10.885565   21.454609   7.688693    11.446039   0.226784    0.011204    16.000000   3.212105    7.000000    21.000000   0.000000    1.000000    0.300000    3345.76000  836.440000  0.137453    0.019399    0.458433    0.850010    0.850000    0.852079    1.000000    0.000000    0.137453    8.746752    3.348941    3.352715    192.000000  2843.92981  0.000000    0.850015    0.850007    0.850015    0.850008    0.850007    0.850008    0.506642    12.650182  
[37m[36mINFO[0m[0m 07/26 14:19:24 | 0.776119    0.784188    0.000000    0.958824    0.203035    0.953545    0.776119    0.784188    0.970060    0.952866    4300        102.994012  7.091937    0.016436    3.353852    3.770488    -7.300448   0.805155    0.768256    0.147598    0.011331    1.000000    0.200000    96.000000   21.000000   11.004886   21.336870   7.664966    11.398947   0.232100    0.011332    16.000000   3.206411    7.000000    21.000000   0.000000    1.000000    0.300000    3340.08000  835.020000  0.151939    0.019545    0.468928    0.850013    0.850000    0.852844    1.000000    0.000000    0.151939    9.200204    3.353852    3.357475    192.000000  2839.11170  0.000000    0.850015    0.850019    0.850015    0.850003    0.850019    0.850003    0.541347    12.904621  
[37m[36mINFO[0m[0m 07/26 14:20:33 | 0.793710    0.809829    0.000000    0.959376    0.222967    0.953545    0.793710    0.809829    0.964072    0.960510    4400        105.389222  7.113777    0.023063    3.363873    3.775695    -7.295356   0.802972    0.766243    0.146915    0.011461    1.000000    0.200000    96.000000   21.000000   11.068350   21.663392   7.690105    11.462889   0.233994    0.011463    16.000000   3.200709    7.000000    21.000000   0.000000    1.000000    0.300000    3322.64000  830.660000  0.168647    0.018720    0.504717    0.850038    0.850000    0.856162    1.000000    0.000000    0.168647    9.724066    3.363873    3.367469    192.000000  2824.37231  0.000000    0.850040    0.850043    0.850040    0.850031    0.850043    0.850031    0.528334    11.946936  
[37m[36mINFO[0m[0m 07/26 14:21:37 | 0.826759    0.863248    0.000000    0.958043    0.204626    0.948655    0.826759    0.863248    0.970060    0.955414    4500        107.784431  7.075704    0.012852    3.345136    3.766932    -7.328745   0.801972    0.764349    0.150490    0.011589    1.000000    0.200000    96.000000   21.000000   11.085899   21.985623   7.694328    11.593984   0.236019    0.011590    16.000000   3.195213    7.000000    21.000000   0.000000    1.000000    0.300000    3339.28000  834.820000  0.162688    0.018643    0.528140    0.850124    0.850000    0.861775    1.000000    0.000000    0.162688    10.141274   3.345136    3.348378    192.000000  2838.79519  0.000000    0.850077    0.850195    0.850077    0.850122    0.850195    0.850122    0.480006    12.966346  
[37m[36mINFO[0m[0m 07/26 14:21:37 | SWAD valley is dead -> early stop !
[37m[36mINFO[0m[0m 07/26 14:21:37 | ---
[37m[33mWARNING[0m[0m 07/26 14:21:37 | Evaluate SWAD ...
[37m[36mINFO[0m[0m 07/26 14:21:51 | 0.836354    0.852564    0.000000    0.978023    0.077234    0.980440    0.836354    0.852564    0.988024    0.965605    [301-3900]  (N=37)
[37m[36mINFO[0m[0m 07/26 14:21:51 | oracle = 82.676%
[37m[36mINFO[0m[0m 07/26 14:21:51 | iid = 82.463%
[37m[36mINFO[0m[0m 07/26 14:21:51 | last = 82.676%
[37m[36mINFO[0m[0m 07/26 14:21:51 | last (inD) = 95.804%
[37m[36mINFO[0m[0m 07/26 14:21:51 | iid (inD) = 97.269%
[37m[36mINFO[0m[0m 07/26 14:21:51 | SWAD = 83.635%
[37m[36mINFO[0m[0m 07/26 14:21:51 | SWAD (inD) = 97.802%
[37m[36mINFO[0m[0m 07/26 14:21:52 | 
[37m[36mINFO[0m[0m 07/26 14:21:56 | Testenv name escaping te_photo -> te_photo
[37m[36mINFO[0m[0m 07/26 14:21:56 | Test envs = [2], name = te_photo
[37m[36mINFO[0m[0m 07/26 14:21:56 | Batch sizes for each domain: [32, 32, 0, 32] (total=96)
[37m[36mINFO[0m[0m 07/26 14:21:56 | steps-per-epoch for each domain: 51.22, 58.62, 98.25 -> min = 51.22
[37m[36mINFO[0m[0m 07/26 14:21:59 | # of params = 49165255
[37m[36mINFO[0m[0m 07/26 14:22:12 | test_in     test_out    train_in    train_out   tr_outloss  env0_out    env1_out    env2_in     env2_out    env3_out    step        epoch       loss        loss_cls    sup_cl_los  pre_cl_los  reg_loss    loss_isr    loss_isr_a  loss_isr_d  loss_orth   piccl_lamb  piccl_beta  valid_augm  valid_clas  delta_aug_  delta_aug_  delta_dom_  delta_dom_  projection  basis_orth  basis_rank  basis_norm  residual_b  residual_b  piccl_has_  reliable_c  reliable_c  cross_doma  valid_reli  pair_relia  pair_relia  pair_relia  pair_weigh  pair_weigh  pair_weigh  pair_weigh  pair_weigh  mean_sensi  mean_pair_  weighted_c  unweighted  self_aug_p  cross_doma  reliable_c  reliable_c  reliable_c  reliable_c  reliable_c  reliable_c  reliable_c  step_time   eval_time  
[37m[36mINFO[0m[0m 07/26 14:22:12 | 0.119760    0.131737    0.000000    0.195675    1.876097    0.212714    0.166667    0.119760    0.131737    0.207643    0           0.000000    12.254136   1.954531    5.223433    5.133738    -5.756462   0.000000    0.000000    0.000000    0.002397    0.000000    0.000000    0.000000    0.000000    0.000000    0.000000    0.000000    0.000000    0.000000    0.002397    16.000000   3.624352    0.000000    0.000000    0.000000    1.000000    0.000000    3608.00000  902.000000  0.007267    0.001850    0.019331    1.000000    1.000000    1.000000    0.000000    0.000000    0.007267    23.652506   5.223433    5.223433    192.000000  3608.00000  0.000000    1.000000    1.000000    1.000000    1.000000    1.000000    1.000000    1.023869    12.440848  
[37m[36mINFO[0m[0m 07/26 14:23:22 | 0.970060    0.958084    0.000000    0.929102    0.211906    0.931540    0.955128    0.970060    0.958084    0.900637    100         1.952410    9.100735    0.374140    3.953789    4.764194    0.861159    0.992266    0.992266    0.000000    0.002397    0.000000    0.000000    96.000000   0.000000    13.574986   26.246425   0.000000    0.000000    0.007756    0.002397    16.000000   3.624352    0.000000    0.000000    0.000000    1.000000    0.000000    3466.16000  866.540000  0.007909    0.002320    0.017757    1.000000    1.000000    1.000000    0.000000    0.000000    0.007909    26.567091   3.953789    3.953789    192.000000  3466.16000  0.000000    1.000000    1.000000    1.000000    1.000000    1.000000    1.000000    0.523582    12.059833  
[37m[36mINFO[0m[0m 07/26 14:24:23 | 0.973802    0.976048    0.000000    0.951141    0.136977    0.946210    0.965812    0.973802    0.976048    0.941401    200         3.904820    8.212388    0.119038    3.600758    4.503936    -1.134419   0.992238    0.992238    0.000000    0.002397    0.000000    0.000000    96.000000   0.000000    12.364712   23.797760   0.000000    0.000000    0.007781    0.002397    16.000000   3.624352    0.000000    0.000000    0.000000    1.000000    0.000000    3489.92000  872.480000  0.008186    0.002275    0.018363    1.000000    1.000000    1.000000    0.000000    0.000000    0.008186    18.298120   3.600758    3.600758    192.000000  3489.92000  0.000000    1.000000    1.000000    1.000000    1.000000    1.000000    1.000000    0.462967    12.370401  
[37m[36mINFO[0m[0m 07/26 14:25:31 | 0.966317    0.955090    0.000000    0.953079    0.155357    0.948655    0.961538    0.966317    0.955090    0.949045    300         5.857230    7.967592    0.075636    3.509938    4.399657    -1.858509   1.112143    0.991471    0.482687    0.002399    0.025500    0.005100    96.000000   10.000000   11.983677   23.494366   4.540396    6.715460    0.008583    0.002399    16.000000   3.624015    3.470000    10.080000   0.000000    1.000000    0.150000    3535.44000  883.860000  0.009287    0.002478    0.021037    0.925000    0.925000    0.925000    0.500000    0.000000    0.009287    15.927516   3.509938    3.512027    192.000000  3267.39606  0.000000    0.925000    0.925000    0.925000    0.925000    0.925000    0.925000    0.517058    11.858774  
[37m[36mINFO[0m[0m 07/26 14:26:38 | 0.979042    0.970060    0.000000    0.957511    0.147465    0.955990    0.963675    0.979042    0.970060    0.952866    400         7.809640    7.813664    0.048401    3.455854    4.325563    -2.341116   1.207874    0.981278    0.906382    0.002399    0.201000    0.040200    96.000000   21.000000   11.865210   22.650819   7.886156    12.501972   0.018944    0.002399    16.000000   3.623515    7.000000    21.000000   0.000000    1.000000    0.300000    3498.96000  874.740000  0.020575    0.003957    0.050607    0.850000    0.850000    0.850000    1.000000    0.000000    0.020575    14.558691   3.455854    3.459790    192.000000  2974.11616  0.000000    0.850000    0.850000    0.850000    0.850000    0.850000    0.850000    0.507959    12.947572  
[37m[36mINFO[0m[0m 07/26 14:27:43 | 0.975299    0.970060    0.000000    0.955607    0.129370    0.951100    0.967949    0.975299    0.970060    0.947771    500         9.762050    7.709068    0.036018    3.423988    4.262344    -2.707356   1.148694    0.964945    0.734996    0.002502    0.401000    0.080200    96.000000   21.000000   11.690437   22.993900   7.285912    11.328389   0.035367    0.002504    16.000000   3.617067    7.000000    21.000000   0.000000    1.000000    0.300000    3519.76000  879.940000  0.036758    0.005095    0.102834    0.850000    0.850000    0.850000    1.000000    0.000000    0.036758    13.368447   3.423988    3.427543    192.000000  2991.79616  0.000000    0.850000    0.850000    0.850000    0.850000    0.850000    0.850000    0.495406    10.997171  
[37m[36mINFO[0m[0m 07/26 14:28:53 | 0.971557    0.958084    0.000000    0.957730    0.135576    0.951100    0.967949    0.971557    0.958084    0.954140    600         11.714460   7.668818    0.035585    3.416271    4.227894    -3.065924   1.095360    0.949318    0.584168    0.002849    0.601000    0.120200    96.000000   21.000000   11.529782   22.140363   7.135770    10.715099   0.051077    0.002853    16.000000   3.598626    7.000000    21.000000   0.000000    1.000000    0.300000    3478.08000  869.520000  0.050433    0.006139    0.150660    0.850000    0.850000    0.850000    1.000000    0.000000    0.050433    12.501762   3.416271    3.419885    192.000000  2956.36817  0.000000    0.850000    0.850000    0.850000    0.850000    0.850000    0.850000    0.542262    11.213346  
[37m[36mINFO[0m[0m 07/26 14:29:55 | 0.977545    0.973054    0.000000    0.958579    0.143652    0.960880    0.965812    0.977545    0.973054    0.949045    700         13.666870   7.606172    0.024462    3.397378    4.191971    -3.294125   1.053544    0.932759    0.483142    0.003323    0.801000    0.160200    96.000000   21.000000   11.527948   22.245469   7.069317    10.479152   0.067639    0.003328    16.000000   3.577626    7.000000    21.000000   0.000000    1.000000    0.300000    3472.16000  868.040000  0.065427    0.007166    0.198661    0.850000    0.850000    0.850000    1.000000    0.000000    0.065427    12.342560   3.397378    3.400863    192.000000  2951.33617  0.000000    0.850000    0.850000    0.850000    0.850000    0.850000    0.850000    0.482612    11.923198  
[37m[36mINFO[0m[0m 07/26 14:31:01 | 0.970808    0.967066    0.000000    0.946203    0.195141    0.963325    0.952991    0.970808    0.967066    0.922293    800         15.619280   7.572341    0.022193    3.386492    4.169181    -3.537700   1.020188    0.916094    0.416375    0.003795    0.975500    0.195100    96.000000   21.000000   11.377989   21.651937   7.053484    10.414348   0.084257    0.003800    16.000000   3.557174    7.000000    21.000000   0.000000    1.000000    0.300000    3496.40000  874.100000  0.075192    0.008115    0.231907    0.850000    0.850000    0.850000    1.000000    0.000000    0.075192    11.729970   3.386492    3.389768    192.000000  2971.94016  0.000000    0.850000    0.850000    0.850000    0.850000    0.850000    0.850000    0.508029    11.386401  
[37m[36mINFO[0m[0m 07/26 14:32:07 | 0.962575    0.958084    0.000000    0.961298    0.134753    0.958435    0.963675    0.962575    0.958084    0.961783    900         17.571690   7.566694    0.023488    3.396528    4.153468    -3.661116   0.993857    0.900747    0.372439    0.004224    1.000000    0.200000    96.000000   21.000000   11.426018   22.200480   7.026580    10.425504   0.099487    0.004228    16.000000   3.537746    7.000000    21.000000   0.000000    1.000000    0.300000    3549.28000  887.320000  0.085806    0.008819    0.262495    0.850000    0.850000    0.850000    1.000000    0.000000    0.085806    11.910178   3.396528    3.399868    192.000000  3016.88814  0.000000    0.850000    0.850000    0.850000    0.850000    0.850000    0.850000    0.508534    12.089875  
[37m[36mINFO[0m[0m 07/26 14:33:20 | 0.964820    0.952096    0.000000    0.945368    0.206139    0.933985    0.965812    0.964820    0.952096    0.936306    1000        19.524100   7.543587    0.020857    3.390483    4.141371    -3.832584   0.973226    0.889049    0.336709    0.004612    1.000000    0.200000    96.000000   21.000000   11.374555   21.660799   6.993366    10.210490   0.111285    0.004616    16.000000   3.519935    7.000000    21.000000   0.000000    1.000000    0.300000    3504.56000  876.140000  0.091573    0.009468    0.275037    0.850000    0.850000    0.850000    1.000000    0.000000    0.091573    11.560354   3.390483    3.393789    192.000000  2978.87618  0.000000    0.850000    0.850000    0.850000    0.850000    0.850000    0.850000    0.563178    11.773446  
[37m[36mINFO[0m[0m 07/26 14:34:21 | 0.974551    0.967066    0.000000    0.955997    0.165522    0.943765    0.970085    0.974551    0.967066    0.954140    1100        21.476510   7.501151    0.018396    3.378038    4.116261    -4.016064   0.953720    0.876960    0.307040    0.004989    1.000000    0.200000    96.000000   21.000000   11.357243   21.601909   7.008584    10.154359   0.123295    0.004993    16.000000   3.503137    7.000000    21.000000   0.000000    1.000000    0.300000    3490.08000  872.520000  0.094838    0.009700    0.292756    0.850000    0.850000    0.850000    1.000000    0.000000    0.094838    11.180608   3.378038    3.381242    192.000000  2966.56817  0.000000    0.850000    0.850000    0.850000    0.850000    0.850000    0.850000    0.473016    11.676136  
[37m[36mINFO[0m[0m 07/26 14:35:31 | 0.972305    0.961078    0.000000    0.959736    0.148306    0.958435    0.961538    0.972305    0.961078    0.959236    1200        23.428920   7.485237    0.016398    3.376280    4.106763    -4.242955   0.940648    0.868618    0.288122    0.005363    1.000000    0.200000    96.000000   21.000000   11.255797   21.353237   7.048229    10.276643   0.131809    0.005366    16.000000   3.487073    7.000000    21.000000   0.000000    1.000000    0.300000    3492.40000  873.100000  0.098331    0.010130    0.305824    0.850000    0.850000    0.850000    1.000000    0.000000    0.098331    10.750255   3.376280    3.379421    192.000000  2968.54015  0.000000    0.850000    0.850000    0.850000    0.850000    0.850000    0.850000    0.537584    12.461580  
[37m[36mINFO[0m[0m 07/26 14:36:37 | 0.960329    0.949102    0.000000    0.960579    0.149110    0.951100    0.976496    0.960329    0.949102    0.954140    1300        25.381330   7.478711    0.022186    3.385424    4.087129    -4.383960   0.926866    0.858848    0.272071    0.005718    1.000000    0.200000    96.000000   21.000000   11.327279   22.181984   7.048749    10.284148   0.141367    0.005722    16.000000   3.472316    7.000000    21.000000   0.000000    1.000000    0.300000    3472.48000  868.120000  0.107880    0.010405    0.328740    0.850000    0.850000    0.850000    1.000000    0.000000    0.107880    10.646350   3.385424    3.388606    192.000000  2951.60815  0.000000    0.850000    0.850000    0.850000    0.850000    0.850000    0.850000    0.505985    11.909872  
[37m[36mINFO[0m[0m 07/26 14:37:44 | 0.957335    0.952096    0.000000    0.959134    0.149378    0.953545    0.978632    0.957335    0.952096    0.945223    1400        27.333740   7.458869    0.016861    3.378004    4.081849    -4.534235   0.916406    0.851328    0.260310    0.006048    1.000000    0.200000    96.000000   21.000000   11.295118   21.766964   7.031124    10.407431   0.149005    0.006051    16.000000   3.458858    7.000000    21.000000   0.000000    1.000000    0.300000    3550.24000  887.560000  0.110562    0.010940    0.341654    0.850000    0.850000    0.850000    1.000000    0.000000    0.110562    10.687322   3.378004    3.381142    192.000000  3017.70417  0.000000    0.850000    0.850000    0.850000    0.850000    0.850000    0.850000    0.508533    11.923462  
[37m[36mINFO[0m[0m 07/26 14:38:54 | 0.970060    0.955090    0.000000    0.963263    0.144464    0.960880    0.972222    0.970060    0.955090    0.956688    1500        29.286150   7.442343    0.016626    3.374787    4.069948    -4.632044   0.909918    0.846454    0.253856    0.006359    1.000000    0.200000    96.000000   21.000000   11.272887   21.655809   7.011466    10.269087   0.153906    0.006362    16.000000   3.446344    7.000000    21.000000   0.000000    1.000000    0.300000    3506.80000  876.700000  0.112379    0.010907    0.364759    0.850000    0.850000    0.850000    1.000000    0.000000    0.112379    10.590106   3.374787    3.377919    192.000000  2980.78015  0.000000    0.850000    0.850000    0.850000    0.850000    0.850000    0.850000    0.536905    12.664318  
[37m[36mINFO[0m[0m 07/26 14:40:08 | 0.964820    0.949102    0.000000    0.962298    0.134652    0.968215    0.965812    0.964820    0.949102    0.952866    1600        31.238560   7.408383    0.013874    3.363137    4.052570    -4.823840   0.901137    0.839507    0.246521    0.006646    1.000000    0.200000    96.000000   21.000000   11.198555   21.789157   7.013212    10.153856   0.160720    0.006649    16.000000   3.434788    7.000000    21.000000   0.000000    1.000000    0.300000    3477.20000  869.300000  0.111124    0.011648    0.368435    0.850000    0.850000    0.850000    1.000000    0.000000    0.111124    10.302039   3.363137    3.366291    192.000000  2955.62016  0.000000    0.850000    0.850000    0.850000    0.850000    0.850000    0.850000    0.560872    12.498238  
[37m[36mINFO[0m[0m 07/26 14:41:09 | 0.965569    0.937126    0.000000    0.960051    0.158484    0.948655    0.978632    0.965569    0.937126    0.952866    1700        33.190970   7.394248    0.013083    3.364384    4.039062    -4.914125   0.895130    0.835392    0.238950    0.006911    1.000000    0.200000    96.000000   21.000000   11.312232   22.082348   7.054022    10.270503   0.164945    0.006913    16.000000   3.424110    7.000000    21.000000   0.000000    1.000000    0.300000    3501.84000  875.460000  0.123622    0.011976    0.381448    0.850000    0.850000    0.850000    1.000000    0.000000    0.123622    10.511335   3.364384    3.367424    192.000000  2976.56418  0.000000    0.850000    0.850000    0.850000    0.850000    0.850000    0.850000    0.474458    11.724792  
[37m[36mINFO[0m[0m 07/26 14:42:20 | 0.973054    0.955090    0.000000    0.962414    0.143564    0.941320    0.976496    0.973054    0.955090    0.969427    1800        35.143380   7.400624    0.015109    3.369614    4.039588    -5.030684   0.887104    0.829119    0.231941    0.007149    1.000000    0.200000    96.000000   21.000000   11.272091   21.733065   7.030978    10.263616   0.171169    0.007151    16.000000   3.414239    7.000000    21.000000   0.000000    1.000000    0.300000    3503.68000  875.920000  0.122259    0.012525    0.409226    0.850000    0.850000    0.850027    1.000000    0.000000    0.122259    10.148766   3.369614    3.372711    192.000000  2978.12837  0.000000    0.850000    0.850000    0.850000    0.850000    0.850000    0.850000    0.534711    12.312733  
[37m[36mINFO[0m[0m 07/26 14:43:21 | 0.979790    0.964072    0.000000    0.963702    0.138760    0.951100    0.980769    0.979790    0.964072    0.959236    1900        37.095790   7.369884    0.008676    3.356939    4.029590    -5.188447   0.885190    0.827573    0.230467    0.007367    1.000000    0.200000    96.000000   21.000000   11.160585   21.267514   7.044044    10.184208   0.172746    0.007369    16.000000   3.405012    7.000000    21.000000   0.000000    1.000000    0.300000    3537.36000  884.340000  0.120438    0.012277    0.400692    0.850000    0.850000    0.850049    1.000000    0.000000    0.120438    10.024779   3.356939    3.359880    192.000000  3006.75655  0.000000    0.850000    0.850000    0.850000    0.850000    0.850000    0.850000    0.474568    11.871171  
[37m[36mINFO[0m[0m 07/26 14:44:29 | 0.976796    0.961078    0.000000    0.961428    0.149914    0.960880    0.974359    0.976796    0.961078    0.949045    2000        39.048200   7.369841    0.007612    3.354072    4.034809    -5.302615   0.878901    0.822589    0.225247    0.007567    1.000000    0.200000    96.000000   21.000000   11.219439   21.442632   7.042378    10.210987   0.177800    0.007569    16.000000   3.396264    7.000000    21.000000   0.000000    1.000000    0.300000    3518.40000  879.600000  0.122325    0.012497    0.429047    0.850001    0.850000    0.850314    1.000000    0.000000    0.122325    9.959114    3.354072    3.357031    192.000000  2990.64343  0.000000    0.850001    0.850000    0.850001    0.850002    0.850000    0.850002    0.532837    11.473734  
[37m[36mINFO[0m[0m 07/26 14:45:35 | 0.963323    0.946108    0.000000    0.959853    0.157792    0.951100    0.967949    0.963323    0.946108    0.960510    2100        41.000610   7.348555    0.003996    3.348388    4.024089    -5.419443   0.875657    0.820507    0.220600    0.007747    1.000000    0.200000    96.000000   21.000000   11.130778   21.277195   7.036939    10.248097   0.179726    0.007749    16.000000   3.388071    7.000000    21.000000   0.000000    1.000000    0.300000    3491.36000  872.840000  0.124469    0.012958    0.432572    0.850002    0.850000    0.850491    1.000000    0.000000    0.124469    9.925077    3.348388    3.351635    192.000000  2967.66253  0.000000    0.850001    0.850000    0.850001    0.850004    0.850000    0.850004    0.509477    11.651682  
[37m[36mINFO[0m[0m 07/26 14:46:40 | 0.974551    0.952096    0.000000    0.960866    0.170479    0.951100    0.978632    0.974551    0.952096    0.952866    2200        42.953020   7.336068    0.007094    3.352246    4.006027    -5.543128   0.870842    0.816941    0.215601    0.007905    1.000000    0.200000    96.000000   21.000000   11.165783   21.723603   7.023509    10.171320   0.183321    0.007907    16.000000   3.380462    7.000000    21.000000   0.000000    1.000000    0.300000    3497.12000  874.280000  0.126060    0.013948    0.450705    0.850003    0.850000    0.850897    1.000000    0.000000    0.126060    9.627085    3.352246    3.355348    192.000000  2972.56206  0.000000    0.850003    0.850000    0.850003    0.850004    0.850000    0.850004    0.502298    11.855217  
[37m[36mINFO[0m[0m 07/26 14:47:51 | 0.964820    0.964072    0.000000    0.961003    0.178164    0.951100    0.976496    0.964820    0.964072    0.955414    2300        44.905430   7.334124    0.008371    3.350799    4.005655    -5.671546   0.866866    0.815205    0.206644    0.008045    1.000000    0.200000    96.000000   21.000000   11.162126   21.803922   6.994083    10.115746   0.185098    0.008047    16.000000   3.373407    7.000000    21.000000   0.000000    1.000000    0.300000    3473.60000  868.400000  0.129403    0.014571    0.460434    0.850008    0.850000    0.852231    1.000000    0.000000    0.129403    9.658216    3.350799    3.353868    192.000000  2952.58935  0.000000    0.850009    0.850004    0.850009    0.850012    0.850004    0.850012    0.533794    11.927009  
[37m[36mINFO[0m[0m 07/26 14:48:58 | 0.957335    0.946108    0.000000    0.954161    0.172385    0.943765    0.972222    0.957335    0.946108    0.946497    2400        46.857840   7.337672    0.009421    3.358967    4.000929    -5.746185   0.860286    0.809297    0.203957    0.008178    1.000000    0.200000    96.000000   21.000000   11.222035   21.653622   7.021200    10.129784   0.191090    0.008180    16.000000   3.366609    7.000000    21.000000   0.000000    1.000000    0.300000    3482.08000  870.520000  0.130445    0.014394    0.472791    0.850017    0.850000    0.853647    1.000000    0.000000    0.130445    9.753493    3.358967    3.361919    192.000000  2959.82851  0.000000    0.850014    0.850005    0.850014    0.850030    0.850005    0.850030    0.511770    12.649621  
[37m[36mINFO[0m[0m 07/26 14:50:05 | 0.973054    0.949102    0.000000    0.957730    0.158779    0.951100    0.967949    0.973054    0.949102    0.954140    2500        48.810250   7.349574    0.021050    3.366469    3.994608    -5.823165   0.855664    0.805942    0.198887    0.008307    1.000000    0.200000    96.000000   21.000000   11.277629   21.424920   7.019702    10.103723   0.194481    0.008308    16.000000   3.359945    7.000000    21.000000   0.000000    1.000000    0.300000    3439.84000  859.960000  0.144088    0.015169    0.524683    0.850129    0.850000    0.862302    1.000000    0.000000    0.144088    9.753316    3.366469    3.369583    192.000000  2924.30893  0.000000    0.850104    0.850011    0.850104    0.850261    0.850011    0.850261    0.503799    13.353204  
[37m[36mINFO[0m[0m 07/26 14:51:11 | 0.963323    0.952096    0.000000    0.962565    0.163316    0.951100    0.978632    0.963323    0.952096    0.957962    2600        50.762660   7.349913    0.016728    3.373876    3.992501    -5.872848   0.850943    0.802048    0.195579    0.008428    1.000000    0.200000    96.000000   21.000000   11.206453   21.487839   7.063387    10.107941   0.198121    0.008429    16.000000   3.353507    7.000000    21.000000   0.000000    1.000000    0.300000    3510.64000  877.660000  0.154792    0.015136    0.547896    0.850182    0.850000    0.866573    1.000000    0.000000    0.154792    10.046333   3.373876    3.376863    192.000000  2984.69263  0.000000    0.850156    0.850056    0.850156    0.850312    0.850056    0.850312    0.509790    12.613158  
[37m[36mINFO[0m[0m 07/26 14:52:18 | 0.960329    0.943114    0.000000    0.955052    0.176459    0.948655    0.957265    0.960329    0.943114    0.959236    2700        52.715070   7.294244    0.004694    3.345400    3.978939    -6.029696   0.849988    0.801739    0.192997    0.008545    1.000000    0.200000    96.000000   21.000000   11.153739   21.842992   7.044972    10.106107   0.198413    0.008546    16.000000   3.347228    7.000000    21.000000   0.000000    1.000000    0.300000    3511.04000  877.760000  0.140884    0.015715    0.523587    0.850097    0.850000    0.863050    1.000000    0.000000    0.140884    9.459829    3.345400    3.348357    192.000000  2984.72755  0.000000    0.850073    0.850021    0.850073    0.850196    0.850021    0.850196    0.507630    12.686863  
[37m[36mINFO[0m[0m 07/26 14:53:24 | 0.947605    0.916168    0.000000    0.951093    0.191212    0.938875    0.961538    0.947605    0.916168    0.952866    2800        54.667480   7.319480    0.010202    3.360880    3.984258    -6.124092   0.845749    0.796894    0.195420    0.008657    1.000000    0.200000    96.000000   21.000000   11.206445   21.747948   7.054605    10.161082   0.203296    0.008659    16.000000   3.341003    7.000000    21.000000   0.000000    1.000000    0.300000    3493.28000  873.320000  0.148865    0.015249    0.562477    0.850296    0.850000    0.871510    1.000000    0.000000    0.148865    9.826345    3.360880    3.364011    192.000000  2970.33386  0.000000    0.850250    0.850048    0.850250    0.850577    0.850048    0.850577    0.501311    12.673599  
[37m[36mINFO[0m[0m 07/26 14:54:29 | 0.949850    0.928144    0.000000    0.952922    0.192466    0.941320    0.972222    0.949850    0.928144    0.945223    2900        56.619890   7.365718    0.024931    3.386899    3.990335    -6.170193   0.841503    0.793569    0.191736    0.008765    1.000000    0.200000    96.000000   21.000000   11.290800   22.244874   7.077639    10.171407   0.206655    0.008766    16.000000   3.334970    7.000000    21.000000   0.000000    1.000000    0.300000    3509.44000  877.360000  0.161135    0.016542    0.596816    0.850434    0.850000    0.879986    0.999800    0.000000    0.161135    10.037933   3.386899    3.389987    192.000000  2984.56708  0.000000    0.850392    0.850170    0.850392    0.850717    0.850170    0.850717    0.498573    11.937630  
[37m[36mINFO[0m[0m 07/26 14:55:43 | 0.967066    0.958084    0.000000    0.968763    0.142501    0.963325    0.978632    0.967066    0.958084    0.964331    3000        58.572300   7.298730    0.011405    3.359550    3.964878    -6.226700   0.838506    0.791553    0.187808    0.008865    1.000000    0.200000    96.000000   21.000000   11.299245   22.139719   7.108984    10.149638   0.208919    0.008866    16.000000   3.329207    7.000000    21.000000   0.000000    1.000000    0.300000    3508.72000  877.180000  0.160600    0.016519    0.592460    0.850421    0.850000    0.879085    0.999435    0.000000    0.160600    9.949658    3.359550    3.362441    192.000000  2983.90467  0.000000    0.850321    0.850094    0.850321    0.850830    0.850094    0.850830    0.571276    11.594556  
[37m[36mINFO[0m[0m 07/26 14:56:46 | 0.973054    0.970060    0.000000    0.957627    0.205184    0.948655    0.970085    0.973054    0.970060    0.954140    3100        60.524710   7.292473    0.007386    3.352418    3.970912    -6.345268   0.840023    0.793614    0.185633    0.008962    1.000000    0.200000    96.000000   21.000000   11.163899   21.924466   7.151063    10.239926   0.206655    0.008963    16.000000   3.323454    7.000000    21.000000   0.000000    1.000000    0.300000    3484.56000  871.140000  0.156369    0.015775    0.615983    0.850524    0.850000    0.885632    0.998975    0.000000    0.156369    9.586489    3.352418    3.355268    192.000000  2963.73359  0.000000    0.850338    0.850207    0.850338    0.851032    0.850207    0.851032    0.477562    13.148167  
[37m[36mINFO[0m[0m 07/26 14:57:49 | 0.961826    0.955090    0.000000    0.962585    0.147236    0.958435    0.970085    0.961826    0.955090    0.959236    3200        62.477120   7.294254    0.007221    3.351087    3.975378    -6.439045   0.831642    0.786455    0.180746    0.009067    1.000000    0.200000    96.000000   21.000000   11.223029   21.502998   7.111500    10.206935   0.213775    0.009068    16.000000   3.317589    7.000000    21.000000   0.000000    1.000000    0.300000    3499.44000  874.860000  0.150513    0.016338    0.577374    0.850256    0.850000    0.874256    0.999808    0.000000    0.150513    9.440879    3.351087    3.354081    192.000000  2975.43900  0.000000    0.850191    0.850142    0.850191    0.850430    0.850142    0.850430    0.488568    11.723298  
[37m[36mINFO[0m[0m 07/26 14:59:00 | 0.954341    0.940120    0.000000    0.965147    0.149664    0.958435    0.976496    0.954341    0.940120    0.960510    3300        64.429530   7.268677    0.006448    3.346608    3.956236    -6.552340   0.829979    0.784764    0.180860    0.009169    1.000000    0.200000    96.000000   21.000000   11.229838   21.440359   7.096957    10.182193   0.215498    0.009170    16.000000   3.311825    7.000000    21.000000   0.000000    1.000000    0.300000    3488.00000  872.000000  0.157628    0.016456    0.614257    0.850555    0.850000    0.885061    0.998826    0.000000    0.157628    9.539206    3.346608    3.349622    192.000000  2966.73940  0.000000    0.850361    0.850088    0.850361    0.851157    0.850088    0.851157    0.545722    11.842300  
[37m[36mINFO[0m[0m 07/26 15:00:01 | 0.967066    0.958084    0.000000    0.953299    0.205468    0.943765    0.965812    0.967066    0.958084    0.950318    3400        66.381940   7.282478    0.008042    3.354122    3.962027    -6.656075   0.827960    0.782941    0.180074    0.009265    1.000000    0.200000    96.000000   21.000000   11.174251   21.748102   7.106268    10.268995   0.217308    0.009266    16.000000   3.306300    7.000000    21.000000   0.000000    1.000000    0.300000    3550.88000  887.720000  0.150365    0.017476    0.567937    0.850263    0.850000    0.873338    0.999727    0.000000    0.150365    9.209455    3.354122    3.357177    192.000000  3019.17066  0.000000    0.850163    0.850098    0.850163    0.850542    0.850098    0.850542    0.473004    12.138734  
[37m[36mINFO[0m[0m 07/26 15:01:16 | 0.961826    0.940120    0.000000    0.961805    0.150564    0.953545    0.970085    0.961826    0.940120    0.961783    3500        68.334350   7.287739    0.010818    3.357864    3.961340    -6.709222   0.826654    0.782868    0.175142    0.009346    1.000000    0.200000    96.000000   21.000000   11.189752   21.858190   7.090980    10.247153   0.217500    0.009347    16.000000   3.301164    7.000000    21.000000   0.000000    1.000000    0.300000    3501.60000  875.400000  0.154001    0.017547    0.593386    0.850450    0.850000    0.880032    0.999075    0.000000    0.154001    9.067459    3.357864    3.360907    192.000000  2977.95241  0.000000    0.850333    0.850062    0.850333    0.850912    0.850062    0.850912    0.568601    12.456061  
[37m[36mINFO[0m[0m 07/26 15:02:23 | 0.952844    0.928144    0.000000    0.954182    0.181584    0.941320    0.965812    0.952844    0.928144    0.955414    3600        70.286760   7.302496    0.015663    3.371859    3.958285    -6.793941   0.820634    0.777192    0.173768    0.009424    1.000000    0.200000    96.000000   21.000000   11.182648   21.590768   7.126966    10.274851   0.222967    0.009425    16.000000   3.296087    7.000000    21.000000   0.000000    1.000000    0.300000    3512.48000  878.120000  0.154905    0.017978    0.586853    0.850338    0.850000    0.878316    0.999312    0.000000    0.154905    9.060242    3.371859    3.374844    192.000000  2986.81059  0.000000    0.850315    0.850129    0.850315    0.850566    0.850129    0.850566    0.504513    12.640558  
[37m[36mINFO[0m[0m 07/26 15:03:32 | 0.944611    0.931138    0.000000    0.953264    0.198861    0.936430    0.967949    0.944611    0.931138    0.955414    3700        72.239170   7.334173    0.024094    3.382916    3.970299    -6.770282   0.818557    0.776459    0.168389    0.009503    1.000000    0.200000    96.000000   21.000000   11.294688   21.983770   7.099289    10.289240   0.223705    0.009504    16.000000   3.291087    7.000000    21.000000   0.000000    1.000000    0.300000    3502.48000  875.620000  0.163567    0.018377    0.603851    0.850420    0.850000    0.882206    0.999274    0.000000    0.163567    9.553071    3.382916    3.385967    192.000000  2978.59433  0.000000    0.850519    0.850126    0.850519    0.850595    0.850126    0.850595    0.539567    11.035108  
[37m[36mINFO[0m[0m 07/26 15:04:38 | 0.961826    0.955090    0.000000    0.949518    0.200261    0.948655    0.950855    0.961826    0.955090    0.949045    3800        74.191580   7.265153    0.009918    3.355268    3.944316    -6.891923   0.818683    0.776231    0.169807    0.009592    1.000000    0.200000    96.000000   21.000000   11.249787   21.903108   7.110883    10.213444   0.224324    0.009593    16.000000   3.285955    7.000000    21.000000   0.000000    1.000000    0.300000    3478.64000  869.660000  0.166434    0.018317    0.618793    0.850567    0.850000    0.886255    0.998473    0.000000    0.166434    9.374689    3.355268    3.358041    192.000000  2958.82612  0.000000    0.850361    0.850340    0.850361    0.851002    0.850340    0.851002    0.505418    12.257025  
[37m[36mINFO[0m[0m 07/26 15:05:39 | 0.958832    0.937126    0.000000    0.959408    0.180415    0.943765    0.976496    0.958832    0.937126    0.957962    3900        76.143990   7.258425    0.007924    3.352836    3.943239    -6.998014   0.813217    0.771161    0.168226    0.009672    1.000000    0.200000    96.000000   21.000000   11.194064   21.562481   7.100608    10.301899   0.228990    0.009672    16.000000   3.280950    7.000000    21.000000   0.000000    1.000000    0.300000    3515.76000  878.940000  0.167149    0.018261    0.618567    0.850642    0.850000    0.886408    0.998335    0.000000    0.167149    9.112398    3.352836    3.355555    192.000000  2990.68039  0.000000    0.850474    0.850215    0.850474    0.851216    0.850215    0.851216    0.474277    11.750312  
[37m[36mINFO[0m[0m 07/26 15:06:47 | 0.967066    0.946108    0.000000    0.959853    0.167828    0.951100    0.967949    0.967066    0.946108    0.960510    4000        78.096400   7.216079    0.003417    3.335692    3.923587    -7.103028   0.813449    0.771571    0.167515    0.009754    1.000000    0.200000    96.000000   21.000000   11.161338   21.254363   7.136787    10.252937   0.228579    0.009755    16.000000   3.275922    7.000000    21.000000   0.000000    1.000000    0.300000    3453.60000  863.400000  0.161324    0.018003    0.619449    0.850485    0.850000    0.886504    0.998612    0.000000    0.161324    9.091871    3.335692    3.338683    192.000000  2937.27599  0.000000    0.850317    0.850129    0.850317    0.850988    0.850129    0.850988    0.523852    11.483217  
[37m[36mINFO[0m[0m 07/26 15:07:53 | 0.967814    0.955090    0.000000    0.964537    0.152833    0.960880    0.972222    0.967814    0.955090    0.960510    4100        80.048810   7.233890    0.001644    3.337721    3.942336    -7.221682   0.813203    0.771566    0.166546    0.009823    1.000000    0.200000    96.000000   21.000000   11.059370   21.272823   7.123743    10.326873   0.228586    0.009823    16.000000   3.271280    7.000000    21.000000   0.000000    1.000000    0.300000    3528.40000  882.100000  0.151492    0.017819    0.584072    0.850299    0.850000    0.878198    0.999660    0.000000    0.151492    8.925530    3.337721    3.340835    192.000000  3000.20758  0.000000    0.850134    0.850151    0.850134    0.850622    0.850151    0.850622    0.508825    11.970289  
[37m[36mINFO[0m[0m 07/26 15:08:58 | 0.968563    0.943114    0.000000    0.952689    0.179446    0.946210    0.961538    0.968563    0.943114    0.950318    4200        82.001220   7.258702    0.013566    3.360588    3.932688    -7.249873   0.811614    0.770712    0.163608    0.009882    1.000000    0.200000    96.000000   21.000000   11.153350   21.672997   7.083672    10.323083   0.229394    0.009882    16.000000   3.266887    7.000000    21.000000   0.000000    1.000000    0.300000    3476.24000  869.060000  0.160856    0.019750    0.610761    0.850481    0.850000    0.884653    0.998518    0.000000    0.160856    8.700014    3.360588    3.363825    192.000000  2956.49348  0.000000    0.850358    0.850093    0.850358    0.850952    0.850093    0.850952    0.499827    11.840079  
[37m[36mINFO[0m[0m 07/26 15:10:05 | 0.961826    0.949102    0.000000    0.962243    0.159859    0.953545    0.976496    0.961826    0.949102    0.956688    4300        83.953630   7.232758    0.007657    3.347261    3.926682    -7.301847   0.805559    0.766364    0.156783    0.009944    1.000000    0.200000    96.000000   21.000000   11.111909   21.556696   7.095051    10.349659   0.233952    0.009945    16.000000   3.262440    7.000000    21.000000   0.000000    1.000000    0.300000    3493.44000  873.360000  0.163515    0.019755    0.603951    0.850457    0.850000    0.882271    0.998921    0.000000    0.163515    9.009091    3.347261    3.350116    192.000000  2971.04219  0.000000    0.850283    0.850166    0.850283    0.850886    0.850166    0.850886    0.515043    12.659054  
[37m[36mINFO[0m[0m 07/26 15:11:13 | 0.963323    0.964072    0.000000    0.958600    0.180602    0.958435    0.959402    0.963323    0.964072    0.957962    4400        85.906040   7.242138    0.007816    3.349676    3.934404    -7.388961   0.804064    0.764159    0.159620    0.010005    1.000000    0.200000    96.000000   21.000000   11.179949   21.595714   7.090644    10.217196   0.236278    0.010006    16.000000   3.258105    7.000000    21.000000   0.000000    1.000000    0.300000    3504.40000  876.100000  0.155468    0.018946    0.589650    0.850345    0.850000    0.879329    0.998947    0.000000    0.155468    8.969245    3.349676    3.352777    192.000000  2979.94162  0.000000    0.850168    0.850156    0.850168    0.850703    0.850156    0.850703    0.502553    13.166162  
[37m[36mINFO[0m[0m 07/26 15:12:23 | 0.963323    0.961078    0.000000    0.962092    0.156163    0.963325    0.970085    0.963323    0.961078    0.952866    4500        87.858450   7.216649    0.003541    3.341779    3.922029    -7.485250   0.804741    0.764929    0.159247    0.010063    1.000000    0.200000    96.000000   21.000000   11.096856   21.367073   7.092349    10.190395   0.235319    0.010063    16.000000   3.253775    7.000000    21.000000   0.000000    1.000000    0.300000    3496.88000  874.220000  0.158134    0.018711    0.609297    0.850410    0.850000    0.884159    0.998810    0.000000    0.158134    8.707936    3.341779    3.344850    192.000000  2973.79514  0.000000    0.850229    0.850131    0.850229    0.850855    0.850131    0.850855    0.535903    12.633450  
[37m[36mINFO[0m[0m 07/26 15:13:36 | 0.949102    0.928144    0.000000    0.951751    0.209486    0.933985    0.972222    0.949102    0.928144    0.949045    4600        89.810860   7.253067    0.015699    3.364494    3.923910    -7.508463   0.801240    0.762261    0.155917    0.010112    1.000000    0.200000    96.000000   21.000000   11.109270   21.710587   7.073202    10.222424   0.238016    0.010112    16.000000   3.249667    7.000000    21.000000   0.000000    1.000000    0.300000    3530.40000  882.600000  0.162747    0.020450    0.594125    0.850375    0.850000    0.879859    0.999221    0.000000    0.162747    8.920293    3.364494    3.367880    192.000000  3002.17975  0.000000    0.850290    0.850226    0.850290    0.850605    0.850226    0.850605    0.551529    12.670172  
[37m[36mINFO[0m[0m 07/26 15:14:43 | 0.958832    0.937126    0.000000    0.960634    0.172257    0.955990    0.967949    0.958832    0.937126    0.957962    4700        91.763270   7.232275    0.009882    3.350038    3.923725    -7.537368   0.799778    0.761479    0.153195    0.010173    1.000000    0.200000    96.000000   21.000000   11.135019   21.579480   7.098560    10.209522   0.238805    0.010173    16.000000   3.245400    7.000000    21.000000   0.000000    1.000000    0.300000    3487.28000  871.820000  0.167721    0.019081    0.614977    0.850576    0.850000    0.885618    0.998447    0.000000    0.167721    9.215793    3.350038    3.352978    192.000000  2966.22842  0.000000    0.850476    0.850162    0.850476    0.851034    0.850162    0.851034    0.502147    13.660900  
[37m[36mINFO[0m[0m 07/26 15:15:51 | 0.956587    0.934132    0.000000    0.947073    0.234703    0.941320    0.950855    0.956587    0.934132    0.949045    4800        93.715680   7.214642    0.004797    3.344836    3.917348    -7.627268   0.797423    0.758860    0.154253    0.010241    1.000000    0.200000    96.000000   21.000000   11.136802   21.427697   7.144640    10.161726   0.241299    0.010242    16.000000   3.240927    7.000000    21.000000   0.000000    1.000000    0.300000    3475.84000  868.960000  0.160626    0.019106    0.610625    0.850472    0.850000    0.883984    0.998875    0.000000    0.160626    8.911180    3.344836    3.347728    192.000000  2956.12087  0.000000    0.850417    0.850139    0.850417    0.850815    0.850139    0.850815    0.511249    13.026123  
[37m[36mINFO[0m[0m 07/26 15:17:00 | 0.953593    0.928144    0.000000    0.963996    0.172511    0.958435    0.967949    0.953593    0.928144    0.965605    4900        95.668090   7.211811    0.006659    3.341069    3.917371    -7.714156   0.794736    0.757022    0.150858    0.010309    1.000000    0.200000    96.000000   21.000000   11.119145   21.451170   7.115458    10.122024   0.243157    0.010310    16.000000   3.236424    7.000000    21.000000   0.000000    1.000000    0.300000    3470.56000  867.640000  0.152567    0.018969    0.585493    0.850337    0.850000    0.878575    0.999220    0.000000    0.152567    8.686614    3.341069    3.344276    192.000000  2951.15508  0.000000    0.850333    0.850119    0.850333    0.850534    0.850119    0.850534    0.539354    11.329599  
[37m[36mINFO[0m[0m 07/26 15:18:03 | 0.958832    0.943114    0.000000    0.962620    0.164751    0.946210    0.972222    0.958832    0.943114    0.969427    5000        97.620500   7.206655    0.003398    3.345195    3.911770    -7.758240   0.795494    0.756745    0.154995    0.010366    1.000000    0.200000    96.000000   21.000000   11.120907   21.582010   7.083955    10.097394   0.243336    0.010366    16.000000   3.232269    7.000000    21.000000   0.000000    1.000000    0.300000    3528.48000  882.120000  0.158046    0.020421    0.594283    0.850391    0.850000    0.880464    0.998875    0.000000    0.158046    9.014325    3.345195    3.348385    192.000000  3000.60082  0.000000    0.850361    0.850094    0.850361    0.850734    0.850094    0.850734    0.478232    12.448739  
[37m[36mINFO[0m[0m 07/26 15:18:03 | ---
[37m[33mWARNING[0m[0m 07/26 15:18:03 | Evaluate SWAD ...
[37m[36mINFO[0m[0m 07/26 15:18:16 | 0.980539    0.982036    0.000000    0.974112    0.110903    0.975550    0.978632    0.980539    0.982036    0.968153    [201-5000]  (N=50)
[37m[36mINFO[0m[0m 07/26 15:18:16 | oracle = 97.380%
[37m[36mINFO[0m[0m 07/26 15:18:16 | iid = 96.707%
[37m[36mINFO[0m[0m 07/26 15:18:16 | last = 95.883%
[37m[36mINFO[0m[0m 07/26 15:18:16 | last (inD) = 96.262%
[37m[36mINFO[0m[0m 07/26 15:18:16 | iid (inD) = 96.876%
[37m[36mINFO[0m[0m 07/26 15:18:16 | SWAD = 98.054%
[37m[36mINFO[0m[0m 07/26 15:18:16 | SWAD (inD) = 97.411%
[37m[36mINFO[0m[0m 07/26 15:18:17 | 
[37m[36mINFO[0m[0m 07/26 15:18:21 | Testenv name escaping te_sketch -> te_sketch
[37m[36mINFO[0m[0m 07/26 15:18:21 | Test envs = [3], name = te_sketch
[37m[36mINFO[0m[0m 07/26 15:18:21 | Batch sizes for each domain: [32, 32, 32, 0] (total=96)
[37m[36mINFO[0m[0m 07/26 15:18:21 | steps-per-epoch for each domain: 51.22, 58.62, 41.75 -> min = 41.75
[37m[36mINFO[0m[0m 07/26 15:18:23 | # of params = 49165255
[37m[36mINFO[0m[0m 07/26 15:18:39 | test_in     test_out    train_in    train_out   tr_outloss  env0_out    env1_out    env2_out    env3_in     env3_out    step        epoch       loss        loss_cls    sup_cl_los  pre_cl_los  reg_loss    loss_isr    loss_isr_a  loss_isr_d  loss_orth   piccl_lamb  piccl_beta  valid_augm  valid_clas  delta_aug_  delta_aug_  delta_dom_  delta_dom_  projection  basis_orth  basis_rank  basis_norm  residual_b  residual_b  piccl_has_  reliable_c  reliable_c  cross_doma  valid_reli  pair_relia  pair_relia  pair_relia  pair_weigh  pair_weigh  pair_weigh  pair_weigh  pair_weigh  mean_sensi  mean_pair_  weighted_c  unweighted  self_aug_p  cross_doma  reliable_c  reliable_c  reliable_c  reliable_c  reliable_c  reliable_c  reliable_c  step_time   eval_time  
[37m[36mINFO[0m[0m 07/26 15:18:39 | 0.187341    0.178344    0.000000    0.425643    1.705725    0.369193    0.356838    0.550898    0.187341    0.178344    0           0.000000    11.839558   1.892502    5.011021    4.993599    -5.756462   0.000000    0.000000    0.000000    0.002418    0.000000    0.000000    0.000000    0.000000    0.000000    0.000000    0.000000    0.000000    0.000000    0.002418    16.000000   3.615102    0.000000    0.000000    0.000000    1.000000    0.000000    3552.00000  888.000000  0.007122    0.001918    0.018074    1.000000    1.000000    1.000000    0.000000    0.000000    0.007122    23.833860   5.011021    5.011021    192.000000  3552.00000  0.000000    1.000000    1.000000    1.000000    1.000000    1.000000    1.000000    0.864795    14.703645  
[37m[36mINFO[0m[0m 07/26 15:19:44 | 0.710560    0.713376    0.000000    0.957666    0.118114    0.948655    0.942308    0.982036    0.710560    0.713376    100         2.395210    8.610472    0.258102    3.807086    4.539825    0.545826    0.992426    0.992426    0.000000    0.002418    0.000000    0.000000    96.000000   0.000000    13.572128   26.756002   0.000000    0.000000    0.007569    0.002418    16.000000   3.615102    0.000000    0.000000    0.000000    1.000000    0.000000    3677.20000  919.300000  0.007323    0.002009    0.016252    1.000000    1.000000    1.000000    0.000000    0.000000    0.007323    26.117953   3.807086    3.807086    192.000000  3677.20000  0.000000    1.000000    1.000000    1.000000    1.000000    1.000000    1.000000    0.489025    13.589562  
[37m[36mINFO[0m[0m 07/26 15:20:53 | 0.746183    0.751592    0.000000    0.970266    0.090915    0.953545    0.972222    0.985030    0.746183    0.751592    200         4.790419    7.853646    0.072046    3.522163    4.276259    -1.682165   0.992428    0.992428    0.000000    0.002418    0.000000    0.000000    96.000000   0.000000    12.378339   24.185732   0.000000    0.000000    0.007571    0.002418    16.000000   3.615102    0.000000    0.000000    0.000000    1.000000    0.000000    3707.36000  926.840000  0.007366    0.002063    0.016246    1.000000    1.000000    1.000000    0.000000    0.000000    0.007366    17.489688   3.522163    3.522163    192.000000  3707.36000  0.000000    1.000000    1.000000    1.000000    1.000000    1.000000    1.000000    0.498084    15.091259  
[37m[36mINFO[0m[0m 07/26 15:21:56 | 0.702926    0.715924    0.000000    0.963139    0.112564    0.953545    0.965812    0.970060    0.702926    0.715924    300         7.185629    7.636211    0.041714    3.447425    4.169330    -2.320553   1.113029    0.991977    0.484207    0.002419    0.025500    0.005100    96.000000   10.220000   12.128647   23.098370   4.137893    6.013908    0.008065    0.002419    16.000000   3.614877    3.450000    10.250000   0.000000    1.000000    0.150000    3684.96000  921.240000  0.008104    0.002164    0.018286    0.925000    0.925000    0.925000    0.500000    0.000000    0.008104    15.182742   3.447425    3.449539    192.000000  3409.64406  0.000000    0.925000    0.925000    0.925000    0.925000    0.925000    0.925000    0.468496    13.719642  
[37m[36mINFO[0m[0m 07/26 15:23:10 | 0.746183    0.761783    0.000000    0.965870    0.106605    0.960880    0.963675    0.973054    0.746183    0.761783    400         9.580838    7.511044    0.023872    3.411459    4.096712    -2.832285   1.217748    0.983897    0.935402    0.002442    0.201000    0.040200    96.000000   21.000000   11.919438   22.434868   6.862608    9.920117    0.016281    0.002442    16.000000   3.612781    7.000000    21.000000   0.000000    1.000000    0.300000    3711.28000  927.820000  0.016634    0.003344    0.045794    0.850000    0.850000    0.850000    1.000000    0.000000    0.016634    13.804293   3.411459    3.415719    192.000000  3154.58812  0.000000    0.850000    0.850000    0.850000    0.850000    0.850000    0.850000    0.558326    13.737326  
[37m[36mINFO[0m[0m 07/26 15:24:20 | 0.756043    0.760510    0.000000    0.967600    0.091932    0.951100    0.963675    0.988024    0.756043    0.760510    500         11.976048   7.430737    0.015822    3.392322    4.039896    -3.135626   1.170176    0.970300    0.799505    0.002547    0.401000    0.080200    96.000000   21.000000   11.851118   22.055093   6.230477    8.920220    0.029910    0.002549    16.000000   3.607098    7.000000    21.000000   0.000000    1.000000    0.300000    3725.76000  931.440000  0.029908    0.004199    0.103695    0.850000    0.850000    0.850000    1.000000    0.000000    0.029908    13.275931   3.392322    3.396323    192.000000  3166.89612  0.000000    0.850000    0.850000    0.850000    0.850000    0.850000    0.850000    0.505289    14.887492  
[37m[36mINFO[0m[0m 07/26 15:25:28 | 0.670802    0.663694    0.000000    0.969165    0.108849    0.951100    0.974359    0.982036    0.670802    0.663694    600         14.371257   7.449578    0.029004    3.411740    4.021670    -3.311414   1.125715    0.958865    0.667400    0.002863    0.601000    0.120200    96.000000   21.000000   11.973183   22.521788   6.082721    8.781234    0.041402    0.002867    16.000000   3.591356    7.000000    21.000000   0.000000    1.000000    0.300000    3725.36000  931.340000  0.041396    0.005265    0.149956    0.850000    0.850000    0.850000    1.000000    0.000000    0.041396    12.804291   3.411740    3.415716    192.000000  3166.55611  0.000000    0.850000    0.850000    0.850000    0.850000    0.850000    0.850000    0.505647    14.271226  
[37m[36mINFO[0m[0m 07/26 15:26:37 | 0.692430    0.682803    0.000000    0.963851    0.119300    0.953545    0.967949    0.970060    0.692430    0.682803    700         16.766467   7.361526    0.013015    3.383231    3.974243    -3.517133   1.091187    0.949309    0.567513    0.003327    0.801000    0.160200    96.000000   21.000000   11.819743   22.484810   6.091612    8.642708    0.050905    0.003332    16.000000   3.571858    7.000000    21.000000   0.000000    1.000000    0.300000    3708.64000  927.160000  0.049829    0.005979    0.182076    0.850000    0.850000    0.850000    1.000000    0.000000    0.049829    12.244151   3.383231    3.386863    192.000000  3152.34410  0.000000    0.850000    0.850000    0.850000    0.850000    0.850000    0.850000    0.518545    14.160820  
[37m[36mINFO[0m[0m 07/26 15:27:45 | 0.724873    0.733758    0.000000    0.972425    0.116735    0.960880    0.974359    0.982036    0.724873    0.733758    800         19.161677   7.336144    0.009593    3.373899    3.959396    -3.785467   1.063183    0.939464    0.494879    0.003827    0.975500    0.195100    96.000000   21.000000   11.786690   21.980762   6.085045    8.539236    0.060732    0.003832    16.000000   3.552524    7.000000    21.000000   0.000000    1.000000    0.300000    3710.64000  927.660000  0.057709    0.006583    0.207688    0.850000    0.850000    0.850000    1.000000    0.000000    0.057709    11.722699   3.373899    3.377443    192.000000  3154.04411  0.000000    0.850000    0.850000    0.850000    0.850000    0.850000    0.850000    0.506009    13.398221  
[37m[36mINFO[0m[0m 07/26 15:28:53 | 0.768766    0.764331    0.000000    0.968290    0.110626    0.943765    0.970085    0.991018    0.768766    0.764331    900         21.556886   7.305910    0.007807    3.368567    3.937075    -3.881361   1.042350    0.931423    0.443707    0.004278    1.000000    0.200000    96.000000   21.000000   11.837351   22.029602   6.052435    8.475879    0.068773    0.004282    16.000000   3.535205    7.000000    21.000000   0.000000    1.000000    0.300000    3698.08000  924.520000  0.065601    0.007174    0.229266    0.850000    0.850000    0.850000    1.000000    0.000000    0.065601    12.075522   3.368567    3.372256    192.000000  3143.36812  0.000000    0.850000    0.850000    0.850000    0.850000    0.850000    0.850000    0.512796    14.257860  
[37m[36mINFO[0m[0m 07/26 15:30:01 | 0.826654    0.815287    0.000000    0.973568    0.087553    0.960880    0.965812    0.994012    0.826654    0.815287    1000        23.952096   7.270702    0.007786    3.365521    3.907644    -4.103299   1.026004    0.922666    0.413353    0.004648    1.000000    0.200000    96.000000   21.000000   11.755693   21.495491   6.042520    8.465587    0.077508    0.004652    16.000000   3.520210    7.000000    21.000000   0.000000    1.000000    0.300000    3697.76000  924.440000  0.071003    0.008029    0.253633    0.850000    0.850000    0.850000    1.000000    0.000000    0.071003    11.369848   3.365521    3.368888    192.000000  3143.09613  0.000000    0.850000    0.850000    0.850000    0.850000    0.850000    0.850000    0.504324    13.691164  
[37m[36mINFO[0m[0m 07/26 15:31:08 | 0.711514    0.710828    0.000000    0.961817    0.152502    0.955990    0.959402    0.970060    0.711514    0.710828    1100        26.347305   7.261631    0.007230    3.365669    3.901057    -4.272960   1.013312    0.915969    0.389371    0.004969    1.000000    0.200000    96.000000   21.000000   11.695291   21.530216   6.018614    8.478576    0.084248    0.004973    16.000000   3.506427    7.000000    21.000000   0.000000    1.000000    0.300000    3684.32000  921.080000  0.073415    0.007913    0.268482    0.850000    0.850000    0.850000    1.000000    0.000000    0.073415    11.168299   3.365669    3.368982    192.000000  3131.67211  0.000000    0.850000    0.850000    0.850000    0.850000    0.850000    0.850000    0.496049    14.518639  
[37m[36mINFO[0m[0m 07/26 15:32:16 | 0.714377    0.729936    0.000000    0.957514    0.132180    0.931540    0.967949    0.973054    0.714377    0.729936    1200        28.742515   7.294693    0.018229    3.389352    3.900608    -4.359282   1.003085    0.909642    0.373774    0.005261    1.000000    0.200000    96.000000   21.000000   11.758838   21.826293   6.073801    8.650643    0.090592    0.005263    16.000000   3.493374    7.000000    21.000000   0.000000    1.000000    0.300000    3708.40000  927.100000  0.082682    0.008945    0.286001    0.850000    0.850000    0.850000    1.000000    0.000000    0.082682    11.210051   3.389352    3.393081    192.000000  3152.14011  0.000000    0.850000    0.850000    0.850000    0.850000    0.850000    0.850000    0.508934    13.873875  
[37m[36mINFO[0m[0m 07/26 15:33:31 | 0.792621    0.801274    0.000000    0.971367    0.092764    0.955990    0.970085    0.988024    0.792621    0.801274    1300        31.137725   7.291219    0.020442    3.393402    3.892232    -4.458399   0.990702    0.901681    0.356081    0.005526    1.000000    0.200000    96.000000   21.000000   11.861668   21.910786   6.092613    8.688441    0.098648    0.005528    16.000000   3.481086    7.000000    21.000000   0.000000    1.000000    0.300000    3734.24000  933.560000  0.088304    0.008638    0.312202    0.850000    0.850000    0.850000    1.000000    0.000000    0.088304    11.425282   3.393402    3.396905    192.000000  3174.10413  0.000000    0.850000    0.850000    0.850000    0.850000    0.850000    0.850000    0.562808    13.842561  
[37m[36mINFO[0m[0m 07/26 15:34:38 | 0.723919    0.745223    0.000000    0.957255    0.137279    0.938875    0.950855    0.982036    0.723919    0.745223    1400        33.532934   7.267704    0.021430    3.388185    3.874562    -4.592890   0.981686    0.895933    0.343013    0.005766    1.000000    0.200000    96.000000   21.000000   11.888642   22.244626   6.090651    8.595089    0.104484    0.005769    16.000000   3.469634    7.000000    21.000000   0.000000    1.000000    0.300000    3704.40000  926.100000  0.095006    0.008885    0.330176    0.850000    0.850000    0.850000    1.000000    0.000000    0.095006    11.373402   3.388185    3.391578    192.000000  3148.74012  0.000000    0.850000    0.850000    0.850000    0.850000    0.850000    0.850000    0.496762    14.556981  
[37m[36mINFO[0m[0m 07/26 15:35:50 | 0.776081    0.770701    0.000000    0.968556    0.098907    0.953545    0.970085    0.982036    0.776081    0.770701    1500        35.928144   7.246733    0.018801    3.385694    3.860100    -4.706984   0.973372    0.890490    0.331528    0.006008    1.000000    0.200000    96.000000   21.000000   11.867077   21.876899   6.033154    8.471506    0.109873    0.006011    16.000000   3.458204    7.000000    21.000000   0.000000    1.000000    0.300000    3698.00000  924.500000  0.098096    0.009448    0.349995    0.850000    0.850000    0.850000    1.000000    0.000000    0.098096    11.243381   3.385694    3.388904    192.000000  3143.30011  0.000000    0.850000    0.850000    0.850000    0.850000    0.850000    0.850000    0.534425    13.731241  
[37m[36mINFO[0m[0m 07/26 15:36:57 | 0.740458    0.751592    0.000000    0.971816    0.098298    0.963325    0.970085    0.982036    0.740458    0.751592    1600        38.323353   7.155455    0.002448    3.345310    3.827906    -4.918182   0.965581    0.884620    0.323845    0.006244    1.000000    0.200000    96.000000   21.000000   11.790367   21.719459   6.061197    8.450806    0.115528    0.006246    16.000000   3.446959    7.000000    21.000000   0.000000    1.000000    0.300000    3654.16000  913.540000  0.088238    0.008832    0.333178    0.850000    0.850000    0.850000    1.000000    0.000000    0.088238    10.579442   3.345310    3.348365    192.000000  3106.03613  0.000000    0.850000    0.850000    0.850000    0.850000    0.850000    0.850000    0.481457    15.774190  
[37m[36mINFO[0m[0m 07/26 15:38:05 | 0.768130    0.784713    0.000000    0.971103    0.082864    0.963325    0.967949    0.982036    0.768130    0.784713    1700        40.718563   7.138671    0.001133    3.338166    3.822000    -5.149575   0.962053    0.881756    0.321187    0.006464    1.000000    0.200000    96.000000   21.000000   11.586539   21.445954   6.088870    8.432803    0.118327    0.006466    16.000000   3.436227    7.000000    21.000000   0.000000    1.000000    0.300000    3649.84000  912.460000  0.087550    0.010135    0.327301    0.850000    0.850000    0.850000    1.000000    0.000000    0.087550    9.897473    3.338166    3.341376    192.000000  3102.36413  0.000000    0.850000    0.850000    0.850000    0.850000    0.850000    0.850000    0.504681    14.571524  
[37m[36mINFO[0m[0m 07/26 15:39:18 | 0.756361    0.777070    0.000000    0.964320    0.125584    0.951100    0.965812    0.976048    0.756361    0.777070    1800        43.113772   7.162647    0.007342    3.357588    3.821496    -5.243505   0.954956    0.876813    0.312571    0.006666    1.000000    0.200000    96.000000   21.000000   11.671984   21.593673   6.064741    8.393944    0.123394    0.006668    16.000000   3.426011    7.000000    21.000000   0.000000    1.000000    0.300000    3645.92000  911.480000  0.092850    0.010447    0.338661    0.850000    0.850000    0.850000    1.000000    0.000000    0.092850    10.117396   3.357588    3.360804    192.000000  3099.03213  0.000000    0.850000    0.850000    0.850000    0.850000    0.850000    0.850000    0.547377    14.477159  
[37m[36mINFO[0m[0m 07/26 15:40:27 | 0.761132    0.770701    0.000000    0.954319    0.169768    0.926650    0.957265    0.979042    0.761132    0.770701    1900        45.508982   7.211721    0.014883    3.383168    3.837498    -5.224998   0.947187    0.872453    0.298938    0.006874    1.000000    0.200000    96.000000   21.000000   11.817947   21.808763   6.071864    8.605276    0.127853    0.006876    16.000000   3.415752    7.000000    21.000000   0.000000    1.000000    0.300000    3715.60000  928.900000  0.107226    0.011246    0.366976    0.850000    0.850000    0.850077    1.000000    0.000000    0.107226    10.750571   3.383168    3.386501    192.000000  3158.26125  0.000000    0.850001    0.850000    0.850001    0.850000    0.850000    0.850000    0.503533    14.454734  
[37m[36mINFO[0m[0m 07/26 15:41:34 | 0.751272    0.761783    0.000000    0.973198    0.100103    0.965770    0.980769    0.973054    0.751272    0.761783    2000        47.904192   7.188249    0.016973    3.381500    3.813873    -5.224508   0.938035    0.865665    0.289481    0.007080    1.000000    0.200000    96.000000   21.000000   11.954967   21.966071   6.048673    8.606373    0.134567    0.007082    16.000000   3.405611    7.000000    21.000000   0.000000    1.000000    0.300000    3674.00000  918.500000  0.125201    0.013080    0.407462    0.850001    0.850000    0.850182    1.000000    0.000000    0.125201    11.475402   3.381500    3.384470    192.000000  3122.90303  0.000000    0.850002    0.850000    0.850002    0.850000    0.850000    0.850000    0.499980    13.376464  
[37m[36mINFO[0m[0m 07/26 15:42:43 | 0.820611    0.815287    0.000000    0.972608    0.088464    0.958435    0.974359    0.985030    0.820611    0.815287    2100        50.299401   7.135785    0.003167    3.351659    3.807809    -5.493020   0.935766    0.863627    0.288558    0.007269    1.000000    0.200000    96.000000   21.000000   11.749072   21.463125   6.022721    8.401090    0.136513    0.007271    16.000000   3.396001    7.000000    21.000000   0.000000    1.000000    0.300000    3714.80000  928.700000  0.110573    0.012897    0.383585    0.850000    0.850000    0.850143    1.000000    0.000000    0.110573    10.423924   3.351659    3.354667    192.000000  3157.58128  0.000000    0.850001    0.850000    0.850001    0.850000    0.850000    0.850000    0.509867    15.162302  
[37m[36mINFO[0m[0m 07/26 15:43:52 | 0.774491    0.770701    0.000000    0.975765    0.084420    0.965770    0.976496    0.985030    0.774491    0.770701    2200        52.694611   7.139126    0.007467    3.360666    3.799267    -5.617412   0.929742    0.860131    0.278445    0.007452    1.000000    0.200000    96.000000   21.000000   11.748904   21.303831   6.018847    8.326471    0.140066    0.007454    16.000000   3.386435    7.000000    21.000000   0.000000    1.000000    0.300000    3694.40000  923.600000  0.110820    0.013289    0.389283    0.850001    0.850000    0.850246    1.000000    0.000000    0.110820    10.071904   3.360666    3.363742    192.000000  3140.24514  0.000000    0.850002    0.850000    0.850002    0.850002    0.850000    0.850002    0.519597    14.033396  
[37m[36mINFO[0m[0m 07/26 15:45:04 | 0.757316    0.778344    0.000000    0.959144    0.155099    0.936430    0.967949    0.973054    0.757316    0.778344    2300        55.089820   7.116115    0.005158    3.353253    3.787229    -5.727390   0.924683    0.855880    0.275212    0.007635    1.000000    0.200000    96.000000   21.000000   11.675762   21.593372   6.066781    8.421906    0.144286    0.007637    16.000000   3.376922    7.000000    21.000000   0.000000    1.000000    0.300000    3718.00000  929.500000  0.110797    0.013746    0.394293    0.850000    0.850000    0.850152    1.000000    0.000000    0.110797    10.194000   3.353253    3.356344    192.000000  3160.30176  0.000000    0.850001    0.850000    0.850001    0.850000    0.850000    0.850000    0.534905    13.664729  
[37m[36mINFO[0m[0m 07/26 15:46:15 | 0.725191    0.736306    0.000000    0.963425    0.130627    0.953545    0.963675    0.973054    0.725191    0.736306    2400        57.485030   7.141261    0.011350    3.365066    3.795563    -5.834373   0.920586    0.853464    0.268488    0.007810    1.000000    0.200000    96.000000   21.000000   11.762802   21.712039   6.092453    8.548426    0.146729    0.007811    16.000000   3.367655    7.000000    21.000000   0.000000    1.000000    0.300000    3672.72000  918.180000  0.117379    0.013986    0.404218    0.850001    0.850000    0.850290    1.000000    0.000000    0.117379    10.127718   3.365066    3.368425    192.000000  3121.81507  0.000000    0.850001    0.850000    0.850001    0.850001    0.850000    0.850001    0.537695    14.065412  
[37m[36mINFO[0m[0m 07/26 15:47:28 | 0.713422    0.707006    0.000000    0.971286    0.102339    0.960880    0.967949    0.985030    0.713422    0.707006    2500        59.880240   7.144032    0.012768    3.368275    3.794498    -5.890451   0.912909    0.847724    0.260741    0.007982    1.000000    0.200000    96.000000   21.000000   11.823038   21.606920   6.044690    8.408787    0.152682    0.007984    16.000000   3.358442    7.000000    21.000000   0.000000    1.000000    0.300000    3682.48000  920.620000  0.121982    0.015226    0.430234    0.850003    0.850000    0.850915    1.000000    0.000000    0.121982    10.263191   3.368275    3.371260    192.000000  3130.11926  0.000000    0.850007    0.850000    0.850007    0.850001    0.850000    0.850001    0.550771    13.869765  
[37m[36mINFO[0m[0m 07/26 15:48:40 | 0.706743    0.721019    0.000000    0.948898    0.171075    0.926650    0.967949    0.952096    0.706743    0.721019    2600        62.275449   7.148311    0.019607    3.382095    3.779442    -6.004656   0.906857    0.843280    0.254309    0.008167    1.000000    0.200000    96.000000   21.000000   11.835447   21.670743   6.058018    8.384486    0.157085    0.008169    16.000000   3.348916    7.000000    21.000000   0.000000    1.000000    0.300000    3682.08000  920.520000  0.127836    0.014990    0.445999    0.850007    0.850000    0.851675    1.000000    0.000000    0.127836    10.168391   3.382095    3.385339    192.000000  3129.79390  0.000000    0.850016    0.850000    0.850016    0.850005    0.850000    0.850005    0.540031    13.922839  
[37m[36mINFO[0m[0m 07/26 15:49:50 | 0.814249    0.811465    0.000000    0.941742    0.238879    0.929095    0.923077    0.973054    0.814249    0.811465    2700        64.670659   7.149842    0.017739    3.380139    3.785002    -6.011440   0.902268    0.840914    0.245415    0.008356    1.000000    0.200000    96.000000   21.000000   11.866847   21.424523   6.007992    8.379332    0.159477    0.008358    16.000000   3.339363    7.000000    21.000000   0.000000    1.000000    0.300000    3710.80000  927.700000  0.134493    0.016908    0.458381    0.850012    0.850000    0.852696    1.000000    0.000000    0.134493    10.498539   3.380139    3.383115    192.000000  3154.22225  0.000000    0.850026    0.850002    0.850026    0.850007    0.850002    0.850007    0.524079    13.083380  
[37m[36mINFO[0m[0m 07/26 15:50:57 | 0.753817    0.773248    0.000000    0.961326    0.186839    0.951100    0.965812    0.967066    0.753817    0.773248    2800        67.065868   7.139653    0.014715    3.373206    3.786398    -6.162634   0.898397    0.837805    0.242368    0.008538    1.000000    0.200000    96.000000   21.000000   11.833063   21.714667   6.023664    8.288096    0.162511    0.008540    16.000000   3.330216    7.000000    21.000000   0.000000    1.000000    0.300000    3695.36000  923.840000  0.130644    0.016961    0.452117    0.850019    0.850000    0.854031    1.000000    0.000000    0.130644    10.017372   3.373206    3.376389    192.000000  3141.12595  0.000000    0.850049    0.850002    0.850049    0.850005    0.850002    0.850005    0.503978    13.138852  
[37m[36mINFO[0m[0m 07/26 15:52:09 | 0.773537    0.777070    0.000000    0.957800    0.180018    0.931540    0.965812    0.976048    0.773537    0.777070    2900        69.461078   7.097883    0.005448    3.356850    3.771164    -6.235384   0.892234    0.832998    0.236943    0.008728    1.000000    0.200000    96.000000   21.000000   11.848833   21.650330   6.066118    8.415056    0.167244    0.008730    16.000000   3.320963    7.000000    21.000000   0.000000    1.000000    0.300000    3680.32000  920.080000  0.131767    0.016030    0.462448    0.850014    0.850000    0.853839    1.000000    0.000000    0.131767    10.233373   3.356850    3.359705    192.000000  3128.32247  0.000000    0.850028    0.850001    0.850028    0.850013    0.850001    0.850013    0.536837    14.393023  
[37m[36mINFO[0m[0m 07/26 15:53:13 | 0.816476    0.808917    0.000000    0.977438    0.090430    0.968215    0.970085    0.994012    0.816476    0.808917    3000        71.856287   7.102470    0.004892    3.358230    3.776694    -6.404840   0.889764    0.830903    0.235445    0.008917    1.000000    0.200000    96.000000   21.000000   11.824503   21.675281   6.100965    8.526268    0.169336    0.008919    16.000000   3.311844    7.000000    21.000000   0.000000    1.000000    0.300000    3721.52000  930.380000  0.123840    0.016172    0.441801    0.850007    0.850000    0.852367    1.000000    0.000000    0.123840    9.649152    3.358230    3.361234    192.000000  3163.31770  0.000000    0.850017    0.850002    0.850017    0.850001    0.850002    0.850001    0.474845    13.958498  
[37m[36mINFO[0m[0m 07/26 15:54:19 | 0.796120    0.793631    0.000000    0.974912    0.092130    0.965770    0.967949    0.991018    0.796120    0.793631    3100        74.251497   7.080295    0.002517    3.349264    3.767165    -6.525231   0.886389    0.828462    0.231709    0.009091    1.000000    0.200000    96.000000   21.000000   11.728212   21.570716   6.045054    8.351925    0.171667    0.009092    16.000000   3.303202    7.000000    21.000000   0.000000    1.000000    0.300000    3712.08000  928.020000  0.128574    0.016934    0.448202    0.850017    0.850000    0.853164    1.000000    0.000000    0.128574    9.660930    3.349264    3.352147    192.000000  3155.33019  0.000000    0.850034    0.850002    0.850034    0.850013    0.850002    0.850013    0.495570    13.409239  
[37m[36mINFO[0m[0m 07/26 15:55:29 | 0.802163    0.817834    0.000000    0.968841    0.135745    0.953545    0.967949    0.985030    0.802163    0.817834    3200        76.646707   7.095757    0.007317    3.358134    3.769558    -6.570902   0.881616    0.826163    0.221809    0.009258    1.000000    0.200000    96.000000   21.000000   11.756539   21.514188   6.036009    8.323388    0.173988    0.009260    16.000000   3.294907    7.000000    21.000000   0.000000    1.000000    0.300000    3687.60000  921.900000  0.132875    0.016378    0.443173    0.850009    0.850000    0.852020    1.000000    0.000000    0.132875    9.659256    3.358134    3.360982    192.000000  3134.49171  0.000000    0.850023    0.850001    0.850023    0.850003    0.850001    0.850003    0.512155    14.362832  
[37m[36mINFO[0m[0m 07/26 15:56:36 | 0.784987    0.777070    0.000000    0.974562    0.084828    0.960880    0.980769    0.982036    0.784987    0.777070    3300        79.041916   7.075736    0.004826    3.351065    3.760220    -6.670162   0.877244    0.822698    0.218186    0.009437    1.000000    0.200000    96.000000   21.000000   11.783590   21.699751   6.081201    8.345219    0.177458    0.009439    16.000000   3.286418    7.000000    21.000000   0.000000    1.000000    0.300000    3678.24000  919.560000  0.129438    0.016932    0.454051    0.850006    0.850000    0.851981    1.000000    0.000000    0.129438    9.332406    3.351065    3.354115    192.000000  3126.52629  0.000000    0.850016    0.850000    0.850016    0.850002    0.850000    0.850002    0.495521    14.196470  
[37m[36mINFO[0m[0m 07/26 15:57:44 | 0.810433    0.819108    0.000000    0.972365    0.113581    0.955990    0.970085    0.991018    0.810433    0.819108    3400        81.437126   7.068459    0.002144    3.353326    3.754283    -6.757767   0.875826    0.821802    0.216097    0.009610    1.000000    0.200000    96.000000   21.000000   11.794125   21.606098   6.083135    8.422225    0.178304    0.009612    16.000000   3.278242    7.000000    21.000000   0.000000    1.000000    0.300000    3750.40000  937.600000  0.127774    0.017872    0.445180    0.850008    0.850000    0.852369    1.000000    0.000000    0.127774    9.574571    3.353326    3.356179    192.000000  3187.87154  0.000000    0.850021    0.850000    0.850021    0.850005    0.850000    0.850005    0.503722    13.867377  
[37m[36mINFO[0m[0m 07/26 15:58:59 | 0.793575    0.803822    0.000000    0.969942    0.110287    0.955990    0.965812    0.988024    0.793575    0.803822    3500        83.832335   7.060808    0.004670    3.355250    3.743129    -6.846425   0.873794    0.820489    0.213218    0.009775    1.000000    0.200000    96.000000   21.000000   11.727566   21.389428   6.019173    8.421409    0.179661    0.009776    16.000000   3.270489    7.000000    21.000000   0.000000    1.000000    0.300000    3717.68000  929.420000  0.127744    0.018496    0.463489    0.850021    0.850000    0.854415    1.000000    0.000000    0.127744    9.582874    3.355250    3.358388    192.000000  3160.10500  0.000000    0.850045    0.850006    0.850045    0.850010    0.850006    0.850010    0.558297    13.985473  
[37m[36mINFO[0m[0m 07/26 16:00:03 | 0.788486    0.789809    0.000000    0.960489    0.138043    0.941320    0.970085    0.970060    0.788486    0.789809    3600        86.227545   7.081038    0.007143    3.361882    3.754977    -6.899526   0.867356    0.816130    0.204904    0.009942    1.000000    0.200000    96.000000   21.000000   11.859374   21.468955   6.022569    8.371407    0.184028    0.009944    16.000000   3.262907    7.000000    21.000000   0.000000    1.000000    0.300000    3698.72000  924.680000  0.137378    0.017912    0.492180    0.850046    0.850000    0.857515    1.000000    0.000000    0.137378    9.707712    3.361882    3.364963    192.000000  3144.08217  0.000000    0.850113    0.850006    0.850113    0.850019    0.850006    0.850019    0.473673    14.495155  
[37m[36mINFO[0m[0m 07/26 16:01:16 | 0.790076    0.796178    0.000000    0.956581    0.171856    0.936430    0.957265    0.976048    0.790076    0.796178    3700        88.622754   7.110830    0.016257    3.377756    3.759775    -6.884032   0.862402    0.811830    0.202288    0.010104    1.000000    0.200000    96.000000   21.000000   11.829623   21.525473   6.031174    8.327659    0.188381    0.010106    16.000000   3.255602    7.000000    21.000000   0.000000    1.000000    0.300000    3715.36000  928.840000  0.145157    0.018863    0.487956    0.850028    0.850000    0.855927    1.000000    0.000000    0.145157    9.791156    3.377756    3.380874    192.000000  3158.16146  0.000000    0.850060    0.850006    0.850060    0.850020    0.850006    0.850020    0.528681    14.513305  
[37m[36mINFO[0m[0m 07/26 16:02:21 | 0.791667    0.801274    0.000000    0.964686    0.123535    0.946210    0.965812    0.982036    0.791667    0.801274    3800        91.017964   7.096254    0.012717    3.374112    3.753119    -6.955963   0.861867    0.811411    0.201825    0.010270    1.000000    0.200000    96.000000   21.000000   11.889497   21.727871   6.070214    8.475637    0.188971    0.010271    16.000000   3.248406    7.000000    21.000000   0.000000    1.000000    0.300000    3716.64000  929.160000  0.145797    0.018870    0.501512    0.850065    0.850000    0.859259    1.000000    0.000000    0.145797    9.933852    3.374112    3.377158    192.000000  3159.38661  0.000000    0.850102    0.850006    0.850102    0.850091    0.850006    0.850091    0.472990    16.251656  
[37m[36mINFO[0m[0m 07/26 16:03:34 | 0.764313    0.768153    0.000000    0.967417    0.129278    0.953545    0.963675    0.985030    0.764313    0.768153    3900        93.413174   7.059954    0.005564    3.357233    3.742409    -7.107663   0.860489    0.809620    0.203478    0.010433    1.000000    0.200000    96.000000   21.000000   11.756192   21.769450   6.065349    8.456669    0.190576    0.010434    16.000000   3.241454    7.000000    21.000000   0.000000    1.000000    0.300000    3695.76000  923.940000  0.133271    0.018229    0.479330    0.850032    0.850000    0.856891    1.000000    0.000000    0.133271    9.658264    3.357233    3.360090    192.000000  3141.51147  0.000000    0.850067    0.850001    0.850067    0.850029    0.850001    0.850029    0.537805    13.945865  
[37m[36mINFO[0m[0m 07/26 16:04:41 | 0.819975    0.811465    0.000000    0.964077    0.120697    0.948655    0.961538    0.982036    0.819975    0.811465    4000        95.808383   7.036719    0.003555    3.349138    3.729830    -7.160869   0.859836    0.808280    0.206223    0.010574    1.000000    0.200000    96.000000   21.000000   11.833301   21.391091   6.128437    8.650673    0.191838    0.010576    16.000000   3.235192    7.000000    21.000000   0.000000    1.000000    0.300000    3652.40000  913.100000  0.140931    0.019678    0.483003    0.850038    0.850000    0.856539    1.000000    0.000000    0.140931    10.155908   3.349138    3.352157    192.000000  3104.67738  0.000000    0.850072    0.850003    0.850072    0.850037    0.850003    0.850037    0.503241    13.385651  
[37m[36mINFO[0m[0m 07/26 16:05:50 | 0.836196    0.853503    0.000000    0.970208    0.106107    0.965770    0.965812    0.979042    0.836196    0.853503    4100        98.203593   7.033150    0.001751    3.347476    3.730832    -7.268867   0.858962    0.807625    0.205345    0.010711    1.000000    0.200000    96.000000   21.000000   11.839691   21.637037   6.137539    8.641689    0.192530    0.010713    16.000000   3.229181    7.000000    21.000000   0.000000    1.000000    0.300000    3693.76000  923.440000  0.139211    0.020214    0.459117    0.850019    0.850000    0.853276    1.000000    0.000000    0.139211    10.134368   3.347476    3.350409    192.000000  3139.76815  0.000000    0.850042    0.850007    0.850042    0.850009    0.850007    0.850009    0.519498    14.630234  
[37m[36mINFO[0m[0m 07/26 16:06:55 | 0.799618    0.801274    0.000000    0.966030    0.103685    0.951100    0.967949    0.979042    0.799618    0.801274    4200        100.598802  7.024646    0.000541    3.343288    3.729193    -7.407572   0.856285    0.806309    0.199902    0.010844    1.000000    0.200000    96.000000   21.000000   11.702878   21.287410   6.128535    8.505260    0.193751    0.010845    16.000000   3.223438    7.000000    21.000000   0.000000    1.000000    0.300000    3702.40000  925.600000  0.130775    0.020046    0.453080    0.850013    0.850000    0.853241    1.000000    0.000000    0.130775    9.542401    3.343288    3.346395    192.000000  3147.08828  0.000000    0.850032    0.850000    0.850032    0.850008    0.850000    0.850008    0.476952    13.990261  
[37m[36mINFO[0m[0m 07/26 16:08:06 | 0.789440    0.808917    0.000000    0.951531    0.195387    0.931540    0.952991    0.970060    0.789440    0.808917    4300        102.994012  7.058421    0.009070    3.361028    3.737140    -7.439912   0.852365    0.804152    0.192851    0.010968    1.000000    0.200000    96.000000   21.000000   11.791262   21.508376   6.061158    8.524946    0.195981    0.010969    16.000000   3.217988    7.000000    21.000000   0.000000    1.000000    0.300000    3683.92000  920.980000  0.144123    0.020020    0.472623    0.850025    0.850000    0.854348    1.000000    0.000000    0.144123    9.240930    3.361028    3.364096    192.000000  3131.42237  0.000000    0.850051    0.850006    0.850051    0.850016    0.850006    0.850016    0.527939    13.816866  
[37m[36mINFO[0m[0m 07/26 16:09:09 | 0.782443    0.774522    0.000000    0.960062    0.175427    0.941320    0.965812    0.973054    0.782443    0.774522    4400        105.389222  7.053378    0.009838    3.358689    3.733455    -7.406239   0.848245    0.800767    0.189910    0.011080    1.000000    0.200000    96.000000   21.000000   11.866814   22.062530   6.061180    8.550254    0.199476    0.011081    16.000000   3.212889    7.000000    21.000000   0.000000    1.000000    0.300000    3681.12000  920.280000  0.156545    0.019971    0.505617    0.850041    0.850000    0.857902    1.000000    0.000000    0.156545    9.659235    3.358689    3.361552    192.000000  3129.09961  0.000000    0.850074    0.850014    0.850074    0.850034    0.850014    0.850034    0.471493    13.592464  
[37m[36mINFO[0m[0m 07/26 16:10:20 | 0.781489    0.803822    0.000000    0.963894    0.160693    0.951100    0.961538    0.979042    0.781489    0.803822    4500        107.784431  7.052362    0.006789    3.358930    3.736681    -7.547224   0.847410    0.800040    0.189478    0.011175    1.000000    0.200000    96.000000   21.000000   11.815318   21.725218   6.036266    8.306767    0.200122    0.011175    16.000000   3.208302    7.000000    21.000000   0.000000    1.000000    0.300000    3709.28000  927.320000  0.142920    0.019997    0.469983    0.850019    0.850000    0.853034    1.000000    0.000000    0.142920    9.588303    3.358930    3.361866    192.000000  3152.95476  0.000000    0.850043    0.850003    0.850043    0.850010    0.850003    0.850010    0.530884    13.664334  
[37m[36mINFO[0m[0m 07/26 16:11:30 | 0.795165    0.802548    0.000000    0.967109    0.147444    0.946210    0.970085    0.985030    0.795165    0.802548    4600        110.179641  7.035276    0.003232    3.347869    3.734908    -7.615181   0.846923    0.799249    0.190697    0.011258    1.000000    0.200000    96.000000   21.000000   11.854758   21.617233   6.020135    8.237189    0.200831    0.011259    16.000000   3.204113    7.000000    21.000000   0.000000    1.000000    0.300000    3696.00000  924.000000  0.143571    0.020009    0.494926    0.850029    0.850000    0.856286    1.000000    0.000000    0.143571    9.853089    3.347869    3.350824    192.000000  3141.70764  0.000000    0.850064    0.850011    0.850064    0.850012    0.850011    0.850012    0.521163    14.082071  
[37m[36mINFO[0m[0m 07/26 16:12:34 | 0.762723    0.770701    0.000000    0.958638    0.151349    0.941320    0.961538    0.973054    0.762723    0.770701    4700        112.574850  7.028013    0.006343    3.351276    3.722014    -7.702080   0.846318    0.798720    0.190392    0.011325    1.000000    0.200000    96.000000   21.000000   11.748396   21.365640   6.011035    8.305209    0.201462    0.011326    16.000000   3.200477    7.000000    21.000000   0.000000    1.000000    0.300000    3643.84000  910.960000  0.142595    0.019666    0.486735    0.850029    0.850000    0.855849    1.000000    0.000000    0.142595    9.433810    3.351276    3.354404    192.000000  3097.37131  0.000000    0.850069    0.850003    0.850069    0.850015    0.850003    0.850015    0.472942    14.328063  
[37m[36mINFO[0m[0m 07/26 16:13:42 | 0.711196    0.709554    0.000000    0.952524    0.256663    0.931540    0.967949    0.958084    0.711196    0.709554    4800        114.970060  7.100833    0.022754    3.382848    3.746449    -7.646598   0.841261    0.796217    0.180178    0.011398    1.000000    0.200000    96.000000   21.000000   11.843494   21.626953   6.041632    8.616425    0.204055    0.011399    16.000000   3.196756    7.000000    21.000000   0.000000    1.000000    0.300000    3678.88000  919.720000  0.162504    0.021316    0.513404    0.850057    0.850000    0.859907    1.000000    0.000000    0.162504    9.458805    3.382848    3.385944    192.000000  3127.25906  0.000000    0.850108    0.850016    0.850108    0.850046    0.850016    0.850046    0.503658    13.941630  
[37m[36mINFO[0m[0m 07/26 16:13:42 | SWAD valley is dead -> early stop !
[37m[36mINFO[0m[0m 07/26 16:13:42 | ---
[37m[33mWARNING[0m[0m 07/26 16:13:42 | Evaluate SWAD ...
[37m[36mINFO[0m[0m 07/26 16:13:56 | 0.814567    0.817834    0.000000    0.980001    0.068008    0.968215    0.980769    0.991018    0.814567    0.817834    [101-4200]  (N=43)
[37m[36mINFO[0m[0m 07/26 16:13:56 | oracle = 83.620%
[37m[36mINFO[0m[0m 07/26 16:13:56 | iid = 81.648%
[37m[36mINFO[0m[0m 07/26 16:13:56 | last = 71.120%
[37m[36mINFO[0m[0m 07/26 16:13:56 | last (inD) = 95.252%
[37m[36mINFO[0m[0m 07/26 16:13:56 | iid (inD) = 97.744%
[37m[36mINFO[0m[0m 07/26 16:13:56 | SWAD = 81.457%
[37m[36mINFO[0m[0m 07/26 16:13:56 | SWAD (inD) = 98.000%
[37m[36mINFO[0m[0m 07/26 16:13:57 | === Summary ===
[37m[36mINFO[0m[0m 07/26 16:13:57 | Command: train_all.py pacs1_piccl_reliable_a --dataset PACS --algorithm PICCL --model resnet50 --data_dir /home/hooasia/lgg/data/repro_dccl_data --output_root train_output/PACS6 --checkpoint_freq 100 --seed 0 --trial_seed 0 --deterministic --use_piccl true --piccl_use_reliable_contrast true
[37m[36mINFO[0m[0m 07/26 16:13:57 | Unique name: 260726_12-32-52_pacs1_piccl_reliable_a
[37m[36mINFO[0m[0m 07/26 16:13:57 | Out path: train_output/PACS6/260726_12-32-52_pacs1_piccl_reliable_a
[37m[36mINFO[0m[0m 07/26 16:13:57 | Algorithm: PICCL
[37m[36mINFO[0m[0m 07/26 16:13:57 | Dataset: PACS
+------------+---------+---------+---------+---------+---------+
| Selection  |   env0  |   env1  |   env2  |   env3  |   Avg.  |
+------------+---------+---------+---------+---------+---------+
|   oracle   | 88.103% | 82.676% | 97.380% | 83.620% | 87.945% |
|    iid     | 88.164% | 82.463% | 96.707% | 81.648% | 87.245% |
|    last    | 79.927% | 82.676% | 95.883% | 71.120% | 82.401% |
| last (inD) | 96.233% | 95.804% | 96.262% | 95.252% | 95.888% |
| iid (inD)  | 97.870% | 97.269% | 96.876% | 97.744% | 97.440% |
|    SWAD    | 91.214% | 83.635% | 98.054% | 81.457% | 88.590% |
| SWAD (inD) | 97.926% | 97.802% | 97.411% | 98.000% | 97.785% |
+------------+---------+---------+---------+---------+---------+
