[37m[36mINFO[0m[0m 09/03 20:14:09 | Command :: train_all.py VLCS_b5c1_lr1e3_official_align_aug0 --dataset VLCS --algorithm CIPTDCCL --data_dir /home/hooasia/lgg/data/repro_dccl_data --deterministic --trial_seed 0 --seed 0 --checkpoint_freq 100 --cipt_clip_path /home/hooasia/.cache/clip/ViT-B-16.pt --cipt_beta 4 --cipt_gamma 5 --cipt_k 4 --cipt_prompt_length 16 --cipt_prompt_init a photo of a --cipt_template_mode b5c --cipt_causal_contrastive_weight 1 --cipt_contrastive_warmup_steps 500 --cipt_aug_decomp_weight 0 --lr 1e-3 --output_root train_output/VLCS_official_align --weight_decay 0.0
Environment:
	Python: 3.10.20
	PyTorch: 2.5.1+cu121
	Torchvision: 0.20.1+cu121
	CUDA: 12.1
	CUDNN: 90100
	NumPy: 2.2.6
	PIL: 12.0.0
Args:
	TN: False
	algorithm: CIPTDCCL
	aug: 0
	checkpoint_freq: 100
	cipt_beta: 4.0
	cipt_clip_backbone: ViT-B/16
	cipt_clip_path: /home/hooasia/.cache/clip/ViT-B-16.pt
	cipt_contrastive_weight: 1.0
	cipt_debug_shapes: False
	cipt_enabled: True
	cipt_gamma: 5.0
	cipt_k: 4
	cipt_prompt_init: a photo of a
	cipt_prompt_length: 16
	cipt_tda_heads: 1
	configs: []
	data_dir: /home/hooasia/lgg/data/repro_dccl_data
	dataset: VLCS
	debug: False
	deterministic: True
	domainnet_auto_source_count: 3
	erm_baseline: weak
	evalmode: fast
	holdout_fraction: 0.2
	l: 1
	l_d: None
	l_layer: None
	label_ratio: 1.0
	lamda: 5
	log: False
	mix: 0
	model: resnet50
	model_save: None
	n_layer: 1
	name: VLCS_b5c1_lr1e3_official_align_aug0
	out_dir: train_output/VLCS_official_align/VLCS/260903_20-14-09_VLCS_b5c1_lr1e3_official_align_aug0
	out_root: train_output/VLCS_official_align/VLCS
	output_root: train_output/VLCS_official_align
	pos_mask: False
	prebuild_loader: False
	re_w: False
	sample_d: False
	seed: 0
	show: False
	source_envs: None
	start_epoch: 1000
	steps: None
	sup: True
	t: 0.1
	t_pre: 0.2
	target_env: None
	tb_freq: 10
	test_envs: None
	trial_seed: 0
	two_ce: False
	unique_name: 260903_20-14-09_VLCS_b5c1_lr1e3_official_align_aug0
	weak_erm: False
	work_dir: .
HParams:
	data_augmentation: True
	val_augment: False
	resnet18: False
	resnet_dropout: 0.0
	class_balanced: False
	optimizer: adam
	cipt_enabled: True
	cipt_clip_backbone: ViT-B/16
	cipt_clip_path: /home/hooasia/.cache/clip/ViT-B-16.pt
	cipt_beta: 4.0
	cipt_gamma: 5.0
	cipt_k: 4
	cipt_prompt_length: 16
	cipt_prompt_init: a photo of a
	[36mcipt_template_mode: b5c
	[0mcipt_tda_heads: 1
	cipt_contrastive_weight: 1.0
	cipt_debug_shapes: False
	freeze_bn: True
	pretrained: True
	[36mlr: 0.001
	[0mbatch_size: 32
	[36mweight_decay: 0.0
	[0mt: 0.1
	t_pre: 0.2
	l: 1
	l_d: 0.05
	l_layer: 1
	n_layer: 1
	sup: True
	two_ce: False
	sample_d: False
	re_w: False
	pos_mask: False
	mix: 0
	aug: 0
	model: resnet50
	label_ratio: 1.0
	TN: False
	lamda: 5
	start_epoch: 1000
	log: False
	swad: None
	swad_kwargs: 
	  n_converge: 3
	  n_tolerance: 6
	  tolerance_ratio: 0.3
	test_batchsize: 128
	indomain_test: False
	cipt_pure: False
	[36mcipt_causal_contrastive_weight: 1
	[0m[36mcipt_contrastive_warmup_steps: 500
	[0m[36mcipt_aug_decomp_weight: 0[0m
Dataset:
	[VLCS] #envs=4, #classes=5
	env0: CALTECH (#1415)
	env1: LABELME (#2656)
	env2: PASCAL (#3376)
	env3: SUN (#3282)

[37m[36mINFO[0m[0m 09/03 20:17:55 | n_steps = 5001
[37m[36mINFO[0m[0m 09/03 20:17:55 | checkpoint_freq = 100
[37m[36mINFO[0m[0m 09/03 20:17:55 | n_steps is updated to 5001 => 5001 for checkpointing
[37m[36mINFO[0m[0m 09/03 20:17:55 | Target test envs = [[0], [1], [2], [3]]
[37m[36mINFO[0m[0m 09/03 20:17:55 | 
[37m[36mINFO[0m[0m 09/03 20:19:11 | Testenv name escaping te_CALTECH -> te_CALTECH
[37m[36mINFO[0m[0m 09/03 20:19:11 | Test envs = [0], name = te_CALTECH
[37m[36mINFO[0m[0m 09/03 20:19:11 | Batch sizes for each domain: [0, 32, 32, 32] (total=96)
[37m[36mINFO[0m[0m 09/03 20:19:11 | steps-per-epoch for each domain: 66.41, 84.41, 82.06 -> min = 66.41
[37m[36mINFO[0m[0m 09/03 20:19:28 | # of params = 151206401
[37m[36mINFO[0m[0m 09/03 20:21:40 | test_in     test_out    train_in    train_out   tr_outloss  env0_in     env0_out    env1_out    env2_out    env3_out    step        epoch       total_loss  cipt_base_  cipt_cls_l  cipt_de_lo  cipt_de_or  cipt_de_au  aug_decomp  cipt_ind_l  causal_con  dccl_contr  contrastiv  pre_cl_los  reg_loss    mean_e_nor  mean_e_aug  mean_e_aug  mean_s_nor  mean_s_aug  mean_es_co  mean_e_aug  step_time   eval_time  
[37m[36mINFO[0m[0m 09/03 20:21:40 | 0.796820    0.798587    0.000000    0.632249    0.983616    0.796820    0.798587    0.715631    0.641481    0.539634    0           0.000000    9.347943    9.337330    1.193284    1.411012    1.411012    1.411358    0.000000    0.500000    0.000000    5.306592    0.002000    0.000000    0.000000    1.000000    1.000000    0.924073    1.000000    1.000000    1.000000    1.000000    1.564298    129.894028 
[37m[36mINFO[0m[0m 09/03 20:25:30 | 0.978799    0.975265    0.000000    0.840974    0.412849    0.978799    0.975265    0.790960    0.885926    0.846037    100         1.505882    2.970165    2.466272    0.453928    0.444641    0.444641    0.476919    0.000000    0.046756    0.000000    4.945649    0.103000    0.000000    0.000000    1.363521    1.331445    0.952186    1.627758    1.583934    0.099713    0.129648    1.792806    50.530834  
[37m[36mINFO[0m[0m 09/03 20:27:52 | 0.996466    0.992933    0.000000    0.856106    0.408272    0.996466    0.992933    0.815443    0.900741    0.852134    200         3.011765    3.244742    1.788910    0.364896    0.354046    0.354046    0.402071    0.000000    0.001566    0.000000    4.812116    0.303000    0.000000    0.000000    1.434476    1.400637    0.957151    1.869461    1.815099    0.000103    0.018660    0.937806    48.349341  
[37m[36mINFO[0m[0m 09/03 20:30:18 | 0.971731    0.961131    0.000000    0.858725    0.400943    0.971731    0.961131    0.802260    0.911111    0.862805    300         4.517647    4.124875    1.736399    0.353354    0.344581    0.344581    0.399383    0.000000    0.000944    0.000000    4.751155    0.503000    0.000000    0.000000    1.487772    1.449637    0.960097    1.961212    1.904144    -0.000297   0.010956    0.974695    48.619857  
[37m[36mINFO[0m[0m 09/03 20:33:46 | 0.943463    0.946996    0.000000    0.847888    0.398668    0.943463    0.946996    0.790960    0.906667    0.846037    400         6.023529    4.961940    1.658582    0.337443    0.329561    0.329561    0.382312    0.000000    0.000579    0.000000    4.701228    0.703000    0.000000    0.000000    1.530160    1.486521    0.962821    2.045873    1.985826    -0.000192   0.007677    1.547077    53.587306  
[37m[36mINFO[0m[0m 09/03 20:36:10 | 0.894876    0.886926    0.000000    0.849202    0.423530    0.894876    0.886926    0.787194    0.903704    0.856707    500         7.529412    5.819143    1.609734    0.328467    0.319818    0.319818    0.382290    0.000000    0.000399    0.000000    4.662921    0.902980    0.000000    0.000000    1.558906    1.512804    0.964394    2.102981    2.038049    -0.000453   0.004151    0.920787    51.198217  
[37m[36mINFO[0m[0m 09/03 20:38:31 | 0.964664    0.957597    0.000000    0.853255    0.417687    0.964664    0.957597    0.804143    0.911111    0.844512    600         9.035294    6.264855    1.619808    0.337067    0.320312    0.320312    0.382148    0.000000    0.000299    0.000000    4.645047    1.000000    0.000000    0.000000    1.602176    1.559437    0.966199    2.199898    2.129879    -0.000513   0.000023    0.903711    50.592199  
[37m[36mINFO[0m[0m 09/03 20:41:01 | 0.882509    0.862191    0.000000    0.841575    0.437916    0.882509    0.862191    0.785311    0.891852    0.847561    700         10.541176   6.177072    1.534268    0.321094    0.303013    0.303013    0.382801    0.000000    0.000224    0.000000    4.642804    1.000000    0.000000    0.000000    1.638876    1.590135    0.967460    2.271071    2.197882    -0.000733   -0.001986   0.925456    57.687793  
[37m[36mINFO[0m[0m 09/03 20:43:26 | 0.970848    0.964664    0.000000    0.847018    0.420200    0.970848    0.964664    0.807910    0.897778    0.835366    800         12.047059   6.080035    1.472115    0.300982    0.292562    0.292562    0.358304    0.000000    0.000177    0.000000    4.607920    1.000000    0.000000    0.000000    1.662351    1.613080    0.968267    2.331335    2.256357    0.000058    -0.002207   0.924659    52.640981  
[37m[36mINFO[0m[0m 09/03 20:45:52 | 0.898410    0.872792    0.000000    0.852001    0.399716    0.898410    0.872792    0.792844    0.914074    0.849085    900         13.552941   6.168856    1.540406    0.316081    0.305910    0.305910    0.375992    0.000000    0.000137    0.000000    4.628450    1.000000    0.000000    0.000000    1.717066    1.665137    0.969739    2.419951    2.338685    -0.000685   -0.002868   0.929809    52.764487  
[37m[36mINFO[0m[0m 09/03 20:48:15 | 0.969965    0.964664    0.000000    0.842891    0.430564    0.969965    0.964664    0.798493    0.894815    0.835366    1000        15.058824   6.020662    1.409190    0.292413    0.279055    0.279055    0.366735    0.000000    0.000111    0.000000    4.611472    1.000000    0.000000    0.000000    1.723621    1.674097    0.969176    2.564141    2.478013    -0.000266   -0.002558   0.918475    51.219296  
[37m[36mINFO[0m[0m 09/03 20:50:43 | 0.956714    0.961131    0.000000    0.852445    0.422071    0.956714    0.961131    0.806026    0.902222    0.849085    1100        16.564706   6.081117    1.474346    0.306068    0.291954    0.291954    0.369648    0.000000    0.000092    0.000000    4.606771    1.000000    0.000000    0.000000    1.764630    1.713401    0.970235    2.642569    2.548705    -0.000787   -0.003797   0.954439    52.587417  
[37m[36mINFO[0m[0m 09/03 20:53:05 | 0.944346    0.932862    0.000000    0.849022    0.412478    0.944346    0.932862    0.807910    0.900741    0.838415    1200        18.070588   5.993773    1.400524    0.289511    0.277646    0.277646    0.366334    0.000000    0.000086    0.000000    4.593249    1.000000    0.000000    0.000000    1.783431    1.736844    0.970219    2.728087    2.631294    -0.000217   -0.003757   0.932411    48.296020  
[37m[36mINFO[0m[0m 09/03 20:55:25 | 0.849823    0.837456    0.000000    0.838272    0.432533    0.849823    0.837456    0.781544    0.893333    0.839939    1300        19.576471   6.017159    1.415761    0.291742    0.280917    0.280917    0.367823    0.000000    0.000070    0.000000    4.601399    1.000000    0.000000    0.000000    1.795863    1.743272    0.970510    2.875375    2.773392    -0.000660   -0.004499   0.926022    48.230594  
[37m[36mINFO[0m[0m 09/03 20:57:47 | 0.947880    0.936396    0.000000    0.848321    0.471832    0.947880    0.936396    0.813559    0.905185    0.826220    1400        21.082353   6.076757    1.472586    0.305622    0.291660    0.291660    0.384814    0.000000    0.000065    0.000000    4.604171    1.000000    0.000000    0.000000    1.849645    1.801237    0.971647    2.946117    2.840667    -0.000576   -0.004309   0.915991    49.814337  
[37m[36mINFO[0m[0m 09/03 21:00:11 | 0.899293    0.879859    0.000000    0.849383    0.416721    0.899293    0.879859    0.798493    0.906667    0.842988    1500        22.588235   6.043774    1.428925    0.292086    0.284139    0.284139    0.377372    0.000000    0.000056    0.000000    4.614849    1.000000    0.000000    0.000000    1.850539    1.804289    0.971698    2.997628    2.889991    -0.000143   -0.003714   0.953256    48.460291  
[37m[36mINFO[0m[0m 09/03 21:02:33 | 0.903710    0.886926    0.000000    0.854566    0.439495    0.903710    0.886926    0.822976    0.899259    0.841463    1600        24.094118   5.972466    1.391556    0.290358    0.275228    0.275228    0.373235    0.000000    0.000057    0.000000    4.580910    1.000000    0.000000    0.000000    1.888632    1.840930    0.972220    3.043765    2.936046    -0.000229   -0.004247   0.923704    49.556628  
[37m[36mINFO[0m[0m 09/03 21:04:53 | 0.920495    0.915194    0.000000    0.846630    0.437886    0.920495    0.915194    0.802260    0.900741    0.836890    1700        25.600000   6.002566    1.405118    0.290130    0.278688    0.278688    0.379256    0.000000    0.000048    0.000000    4.597448    1.000000    0.000000    0.000000    1.893646    1.843771    0.971571    3.168797    3.049998    -0.000457   -0.004091   0.930094    47.367551  
[37m[36mINFO[0m[0m 09/03 21:07:18 | 0.880742    0.858657    0.000000    0.858757    0.440959    0.880742    0.858657    0.819209    0.914074    0.842988    1800        27.105882   5.949928    1.350576    0.278807    0.267888    0.267888    0.372254    0.000000    0.000043    0.000000    4.599352    1.000000    0.000000    0.000000    1.933198    1.884703    0.972219    3.335677    3.214855    -0.000819   -0.005127   0.953648    49.558490  
[37m[36mINFO[0m[0m 09/03 21:09:43 | 0.873675    0.848057    0.000000    0.848845    0.447209    0.873675    0.848057    0.806026    0.906667    0.833841    1900        28.611765   6.021144    1.412091    0.290040    0.280465    0.280465    0.378706    0.000000    0.000038    0.000000    4.609052    1.000000    0.000000    0.000000    1.963466    1.914292    0.972397    3.390097    3.264260    -0.000247   -0.003919   0.964078    48.617453  
[37m[36mINFO[0m[0m 09/03 21:12:06 | 0.803887    0.766784    0.000000    0.838469    0.457472    0.803887    0.766784    0.785311    0.897778    0.832317    2000        30.117647   5.912853    1.336292    0.273797    0.265577    0.265577    0.362855    0.000000    0.000037    0.000000    4.576561    1.000000    0.000000    0.000000    1.989941    1.947186    0.973227    3.447059    3.316417    -0.000300   -0.003698   0.938876    49.463271  
[37m[36mINFO[0m[0m 09/03 21:14:30 | 0.868375    0.833922    0.000000    0.841663    0.448592    0.868375    0.833922    0.802260    0.888889    0.833841    2100        31.623529   5.919046    1.339465    0.271383    0.266976    0.266976    0.375872    0.000000    0.000035    0.000000    4.579581    1.000000    0.000000    0.000000    1.996479    1.957503    0.972373    3.593048    3.455525    -0.000393   -0.004068   0.928733    50.307073  
[37m[36mINFO[0m[0m 09/03 21:16:53 | 0.891343    0.865724    0.000000    0.843774    0.460158    0.891343    0.865724    0.796610    0.896296    0.838415    2200        33.129412   5.938865    1.350650    0.275592    0.268723    0.268723    0.377530    0.000000    0.000033    0.000000    4.588215    1.000000    0.000000    0.000000    2.013909    1.967701    0.972376    3.747081    3.602433    -0.000650   -0.003433   0.945525    48.379715  
[37m[36mINFO[0m[0m 09/03 21:19:18 | 0.866608    0.844523    0.000000    0.849997    0.446819    0.866608    0.844523    0.792844    0.911111    0.846037    2300        34.635294   5.897982    1.331577    0.277020    0.263598    0.263598    0.365628    0.000000    0.000033    0.000000    4.566405    1.000000    0.000000    0.000000    2.048509    2.002862    0.972699    3.837104    3.690096    0.000153    -0.003139   0.963395    48.650558  
[37m[36mINFO[0m[0m 09/03 21:21:37 | 0.886926    0.858657    0.000000    0.847019    0.440558    0.886926    0.858657    0.800377    0.900741    0.839939    2400        36.141176   5.933547    1.347931    0.275191    0.268152    0.268152    0.369342    0.000000    0.000026    0.000000    4.585615    1.000000    0.000000    0.000000    2.090425    2.046009    0.973709    3.902079    3.752755    -0.000559   -0.003518   0.919429    47.490182  
[37m[36mINFO[0m[0m 09/03 21:23:57 | 0.891343    0.862191    0.000000    0.853478    0.525274    0.891343    0.862191    0.822976    0.906667    0.830793    2500        37.647059   5.817119    1.252242    0.255962    0.249033    0.249033    0.366665    0.000000    0.000029    0.000000    4.564878    1.000000    0.000000    0.000000    2.080100    2.031227    0.973203    4.017678    3.862027    -0.000156   -0.002744   0.928803    46.895952  
[37m[36mINFO[0m[0m 09/03 21:26:19 | 0.851590    0.833922    0.000000    0.848231    0.479110    0.851590    0.833922    0.804143    0.905185    0.835366    2600        39.152941   5.889745    1.306975    0.266978    0.259965    0.259965    0.374746    0.000000    0.000027    0.000000    4.582770    1.000000    0.000000    0.000000    2.115551    2.065510    0.973019    4.135874    3.970045    -0.000487   -0.002940   0.915691    50.580998  
[37m[36mINFO[0m[0m 09/03 21:28:43 | 0.879859    0.869258    0.000000    0.836614    0.471794    0.879859    0.869258    0.779661    0.894815    0.835366    2700        40.658824   5.879626    1.307771    0.265850    0.260450    0.260450    0.376819    0.000000    0.000024    0.000000    4.571854    1.000000    0.000000    0.000000    2.129905    2.088970    0.973269    4.215022    4.044242    -0.000402   -0.003163   0.934705    50.487022  
[37m[36mINFO[0m[0m 09/03 21:31:03 | 0.854240    0.851590    0.000000    0.843477    0.499543    0.854240    0.851590    0.792844    0.902222    0.835366    2800        42.164706   5.845036    1.285327    0.266386    0.254707    0.254707    0.374238    0.000000    0.000023    0.000000    4.559709    1.000000    0.000000    0.000000    2.151079    2.112392    0.973357    4.293338    4.125107    -0.000201   -0.003066   0.915647    48.837722  
[37m[36mINFO[0m[0m 09/03 21:33:25 | 0.876325    0.851590    0.000000    0.845684    0.473905    0.876325    0.851590    0.809793    0.890370    0.836890    2900        43.670588   5.877634    1.304971    0.270972    0.258470    0.258470    0.383844    0.000000    0.000024    0.000000    4.572663    1.000000    0.000000    0.000000    2.175891    2.143422    0.974092    4.369671    4.196425    -0.000251   -0.003262   0.923835    48.893842  
[37m[36mINFO[0m[0m 09/03 21:35:51 | 0.881625    0.855124    0.000000    0.851132    0.481923    0.881625    0.855124    0.802260    0.908148    0.842988    3000        45.176471   5.802446    1.240068    0.255852    0.246024    0.246024    0.350607    0.000000    0.000024    0.000000    4.562377    1.000000    0.000000    0.000000    2.179120    2.152358    0.973685    4.427037    4.255541    -0.000400   -0.003084   0.927736    53.054868  
[37m[36mINFO[0m[0m 09/03 21:39:16 | 0.848057    0.826855    0.000000    0.838299    0.480230    0.848057    0.826855    0.796610    0.884444    0.833841    3100        46.682353   5.901207    1.321902    0.271559    0.262558    0.262558    0.370711    0.000000    0.000022    0.000000    4.579305    1.000000    0.000000    0.000000    2.229656    2.195611    0.974661    4.518512    4.342982    -0.000029   -0.002815   1.534380    51.176991  
[37m[36mINFO[0m[0m 09/03 21:41:38 | 0.840106    0.816254    0.000000    0.839555    0.499029    0.840106    0.816254    0.792844    0.887407    0.838415    3200        48.188235   5.836638    1.259333    0.261853    0.249345    0.249345    0.368965    0.000000    0.000020    0.000000    4.577305    1.000000    0.000000    0.000000    2.231956    2.198998    0.974362    4.614151    4.437354    -0.000287   -0.003271   0.932508    49.528660  
[37m[36mINFO[0m[0m 09/03 21:44:06 | 0.906360    0.886926    0.000000    0.848619    0.477830    0.906360    0.886926    0.809793    0.902222    0.833841    3300        49.694118   5.853407    1.286294    0.264629    0.255392    0.255392    0.385637    0.000000    0.000020    0.000000    4.567113    1.000000    0.000000    0.000000    2.255730    2.216496    0.973988    4.671104    4.483475    -0.000036   -0.002890   0.856923    61.541837  
[37m[36mINFO[0m[0m 09/03 21:46:28 | 0.903710    0.876325    0.000000    0.848888    0.482254    0.903710    0.876325    0.806026    0.902222    0.838415    3400        51.200000   5.895798    1.318268    0.270931    0.261810    0.261810    0.384109    0.000000    0.000019    0.000000    4.577530    1.000000    0.000000    0.000000    2.294215    2.261274    0.974517    4.837892    4.650344    -0.000377   -0.003298   0.948739    47.473153  
[37m[36mINFO[0m[0m 09/03 21:48:50 | 0.862191    0.823322    0.000000    0.845870    0.473291    0.862191    0.823322    0.790960    0.905185    0.841463    3500        52.705882   5.852280    1.280777    0.265923    0.253691    0.253691    0.365376    0.000000    0.000018    0.000000    4.571502    1.000000    0.000000    0.000000    2.281583    2.255327    0.974485    4.986094    4.792468    -0.000175   -0.002620   0.934522    48.915394  
[37m[36mINFO[0m[0m 09/03 21:51:13 | 0.847173    0.809187    0.000000    0.842935    0.472082    0.847173    0.809187    0.790960    0.893333    0.844512    3600        54.211765   5.867539    1.289218    0.267692    0.255360    0.255360    0.394840    0.000000    0.000018    0.000000    4.578322    1.000000    0.000000    0.000000    2.282486    2.253632    0.973782    5.054385    4.852577    -0.000287   -0.002792   0.937246    48.722599  
[37m[36mINFO[0m[0m 09/03 21:53:37 | 0.894876    0.865724    0.000000    0.844611    0.492933    0.894876    0.865724    0.809793    0.896296    0.827744    3700        55.717647   5.900511    1.323776    0.273460    0.262557    0.262557    0.378782    0.000000    0.000018    0.000000    4.576735    1.000000    0.000000    0.000000    2.352860    2.322287    0.975385    5.127904    4.922403    -0.000468   -0.003026   0.932255    50.847416  
[37m[36mINFO[0m[0m 09/03 21:56:06 | 0.820671    0.791519    0.000000    0.841938    0.488746    0.820671    0.791519    0.800377    0.900741    0.824695    3800        57.223529   5.840757    1.276106    0.259944    0.254021    0.254021    0.372508    0.000000    0.000016    0.000000    4.564651    1.000000    0.000000    0.000000    2.349097    2.310869    0.974323    5.218209    5.001398    -0.000131   -0.002391   0.942517    54.268830  
[37m[36mINFO[0m[0m 09/03 21:58:30 | 0.871908    0.848057    0.000000    0.834508    0.509965    0.871908    0.848057    0.794727    0.896296    0.812500    3900        58.729412   5.764316    1.219377    0.246486    0.243204    0.243204    0.358167    0.000000    0.000015    0.000000    4.544939    1.000000    0.000000    0.000000    2.342498    2.312445    0.974071    5.345278    5.132987    0.000043    -0.002353   0.925310    51.972208  
[37m[36mINFO[0m[0m 09/03 22:00:56 | 0.810071    0.784452    0.000000    0.836629    0.489607    0.810071    0.784452    0.772128    0.896296    0.841463    4000        60.235294   5.873964    1.297639    0.267646    0.257480    0.257480    0.386255    0.000000    0.000015    0.000000    4.576324    1.000000    0.000000    0.000000    2.366445    2.328572    0.974033    5.459965    5.231223    -0.000450   -0.002250   0.928571    52.577300  
[37m[36mINFO[0m[0m 09/03 22:03:20 | 0.896643    0.862191    0.000000    0.843819    0.521193    0.896643    0.862191    0.821092    0.894815    0.815549    4100        61.741176   5.825470    1.257016    0.256641    0.250076    0.250076    0.392343    0.000000    0.000014    0.000000    4.568454    1.000000    0.000000    0.000000    2.419993    2.382977    0.975529    5.519833    5.297028    0.000073    -0.001642   0.929778    51.504396  
[37m[36mINFO[0m[0m 09/03 22:05:41 | 0.845406    0.812721    0.000000    0.838931    0.483081    0.845406    0.812721    0.807910    0.893333    0.815549    4200        63.247059   5.841201    1.268735    0.256350    0.253079    0.253079    0.369032    0.000000    0.000013    0.000000    4.572466    1.000000    0.000000    0.000000    2.446187    2.416126    0.975936    5.591780    5.372458    -0.000017   -0.001694   0.948623    46.369956  
[37m[36mINFO[0m[0m 09/03 22:08:03 | 0.892226    0.876325    0.000000    0.845852    0.510328    0.892226    0.876325    0.813559    0.897778    0.826220    4300        64.752941   5.857790    1.281886    0.261873    0.254987    0.254987    0.381329    0.000000    0.000013    0.000000    4.575904    1.000000    0.000000    0.000000    2.454429    2.414876    0.975282    5.732624    5.498292    -0.000340   -0.002267   0.921108    49.438899  
[37m[36mINFO[0m[0m 09/03 22:10:23 | 0.874558    0.830389    0.000000    0.846510    0.483507    0.874558    0.830389    0.807910    0.897778    0.833841    4400        66.258824   5.801690    1.230571    0.251618    0.244719    0.244719    0.385002    0.000000    0.000015    0.000000    4.571119    1.000000    0.000000    0.000000    2.417600    2.384165    0.974165    5.857418    5.618302    -0.000475   -0.002537   0.915984    47.972853  
[37m[36mINFO[0m[0m 09/03 22:12:46 | 0.733216    0.720848    0.000000    0.835160    0.515684    0.733216    0.720848    0.787194    0.884444    0.833841    4500        67.764706   5.897968    1.316673    0.269146    0.261865    0.261865    0.375778    0.000000    0.000013    0.000000    4.581294    1.000000    0.000000    0.000000    2.502347    2.465931    0.976265    5.919747    5.675435    -0.000135   -0.001965   0.931150    49.997837  
[37m[36mINFO[0m[0m 09/03 22:15:09 | 0.841873    0.823322    0.000000    0.832294    0.526573    0.841873    0.823322    0.783427    0.893333    0.820122    4600        69.270588   5.829888    1.255723    0.255318    0.250086    0.250086    0.380199    0.000000    0.000013    0.000000    4.574165    1.000000    0.000000    0.000000    2.499099    2.468392    0.975175    6.015032    5.775546    -0.000188   -0.002107   0.947918    48.840146  
[37m[36mINFO[0m[0m 09/03 22:17:34 | 0.852473    0.830389    0.000000    0.853359    0.533205    0.852473    0.830389    0.821092    0.906667    0.832317    4700        70.776471   5.831197    1.258081    0.254929    0.250772    0.250772    0.391748    0.000000    0.000013    0.000000    4.573116    1.000000    0.000000    0.000000    2.505467    2.473757    0.975106    6.203854    5.947852    -0.000007   -0.001990   0.956286    49.224983  
[37m[36mINFO[0m[0m 09/03 22:19:57 | 0.772085    0.752650    0.000000    0.838554    0.489836    0.772085    0.752650    0.785311    0.888889    0.841463    4800        72.282353   5.858102    1.271829    0.262442    0.252331    0.252331    0.390333    0.000000    0.000013    0.000000    4.586273    1.000000    0.000000    0.000000    2.500021    2.472191    0.974667    6.266622    6.008436    -0.000305   -0.002161   0.927034    50.181850  
[37m[36mINFO[0m[0m 09/03 22:22:26 | 0.807420    0.780919    0.000000    0.844746    0.482493    0.807420    0.780919    0.804143    0.897778    0.832317    4900        73.788235   5.879677    1.295963    0.264551    0.257836    0.257836    0.408121    0.000000    0.000013    0.000000    4.583714    1.000000    0.000000    0.000000    2.549047    2.529354    0.975279    6.321430    6.070948    0.000216    -0.001916   0.920239    56.733145  
[37m[36mINFO[0m[0m 09/03 22:24:50 | 0.908127    0.865724    0.000000    0.838721    0.519798    0.908127    0.865724    0.796610    0.893333    0.826220    5000        75.294118   5.839202    1.262937    0.265475    0.249350    0.249350    0.391402    0.000000    0.000012    0.000000    4.576265    1.000000    0.000000    0.000000    2.562717    2.538483    0.975104    6.388979    6.129628    -0.000227   -0.002053   0.937001    49.999495  
[37m[36mINFO[0m[0m 09/03 22:24:50 | ---
[37m[36mINFO[0m[0m 09/03 22:24:50 | oracle = 99.647%
[37m[36mINFO[0m[0m 09/03 22:24:50 | iid = 88.074%
[37m[36mINFO[0m[0m 09/03 22:24:50 | last = 90.813%
[37m[36mINFO[0m[0m 09/03 22:24:50 | last (inD) = 83.872%
[37m[36mINFO[0m[0m 09/03 22:24:50 | iid (inD) = 85.876%
[37m[36mINFO[0m[0m 09/03 22:24:50 | 
[37m[36mINFO[0m[0m 09/03 22:26:09 | Testenv name escaping te_LABELME -> te_LABELME
[37m[36mINFO[0m[0m 09/03 22:26:09 | Test envs = [1], name = te_LABELME
[37m[36mINFO[0m[0m 09/03 22:26:09 | Batch sizes for each domain: [32, 0, 32, 32] (total=96)
[37m[36mINFO[0m[0m 09/03 22:26:09 | steps-per-epoch for each domain: 35.38, 84.41, 82.06 -> min = 35.38
[37m[36mINFO[0m[0m 09/03 22:26:27 | # of params = 151206401
[37m[36mINFO[0m[0m 09/03 22:27:59 | test_in     test_out    train_in    train_out   tr_outloss  env0_out    env1_in     env1_out    env2_out    env3_out    step        epoch       total_loss  cipt_base_  cipt_cls_l  cipt_de_lo  cipt_de_or  cipt_de_au  aug_decomp  cipt_ind_l  causal_con  dccl_contr  contrastiv  pre_cl_los  reg_loss    mean_e_nor  mean_e_aug  mean_e_aug  mean_s_nor  mean_s_aug  mean_es_co  mean_e_aug  step_time   eval_time  
[37m[36mINFO[0m[0m 09/03 22:27:59 | 0.549176    0.568738    0.000000    0.664595    1.129471    0.833922    0.549176    0.568738    0.743704    0.416159    0           0.000000    11.203979   11.193399   0.793036    1.975091    1.975091    1.884346    0.000000    0.500000    0.000000    5.290231    0.002000    0.000000    0.000000    1.000000    1.000000    0.923708    1.000000    1.000000    1.000000    1.000000    1.036426    91.434545  
[37m[36mINFO[0m[0m 09/03 22:30:58 | 0.611294    0.593220    0.000000    0.919714    0.235265    0.992933    0.611294    0.593220    0.914074    0.852134    100         2.826855    1.991656    1.517869    0.250920    0.247160    0.247160    0.262632    0.000000    0.055662    0.000000    4.673552    0.103000    0.000000    0.000000    1.315240    1.295485    0.948420    1.484227    1.456177    0.135603    0.163093    0.920929    86.446375  
[37m[36mINFO[0m[0m 09/03 22:34:07 | 0.663059    0.655367    0.000000    0.926785    0.222151    0.992933    0.663059    0.655367    0.918519    0.868902    200         5.653710    2.187497    0.829341    0.165889    0.163238    0.163238    0.193139    0.000000    0.002100    0.000000    4.489287    0.303000    0.000000    0.000000    1.376667    1.349729    0.953865    1.680284    1.641749    0.000849    0.026403    0.956523    93.620693  
[37m[36mINFO[0m[0m 09/03 22:37:10 | 0.699765    0.693032    0.000000    0.918697    0.239975    0.992933    0.699765    0.693032    0.914074    0.849085    300         8.480565    3.014656    0.797440    0.163994    0.156773    0.156773    0.185439    0.000000    0.001271    0.000000    4.408895    0.503000    0.000000    0.000000    1.418568    1.390691    0.957236    1.742933    1.704946    0.001163    0.019559    0.926477    90.408462  
[37m[36mINFO[0m[0m 09/03 22:40:03 | 0.699294    0.698682    0.000000    0.922734    0.241676    0.992933    0.699294    0.698682    0.917037    0.858232    400         11.307420   3.766943    0.709178    0.146122    0.139753    0.139753    0.174974    0.000000    0.000809    0.000000    4.350694    0.703000    0.000000    0.000000    1.465375    1.435265    0.960293    1.797803    1.758219    -0.000202   0.013155    0.925086    79.719514  
[37m[36mINFO[0m[0m 09/03 22:42:56 | 0.636706    0.627119    0.000000    0.925783    0.221190    0.992933    0.636706    0.627119    0.917037    0.867378    500         14.134276   4.554625    0.655680    0.136795    0.129027    0.129027    0.166269    0.000000    0.000556    0.000000    4.317119    0.902980    0.000000    0.000000    1.519981    1.489046    0.963876    1.840787    1.801365    -0.000007   0.008540    0.935067    79.450853  
[37m[36mINFO[0m[0m 09/03 22:45:50 | 0.624000    0.610169    0.000000    0.926092    0.226351    1.000000    0.624000    0.610169    0.918519    0.859756    600         16.961131   4.984143    0.677102    0.139158    0.134022    0.134022    0.174394    0.000000    0.000371    0.000000    4.307041    1.000000    0.000000    0.000000    1.587500    1.555756    0.967099    1.876775    1.838187    0.000348    0.004880    0.914563    83.241733  
[37m[36mINFO[0m[0m 09/03 22:48:46 | 0.679529    0.681733    0.000000    0.924330    0.244478    0.992933    0.679529    0.681733    0.909630    0.870427    700         19.787986   4.898179    0.614867    0.129173    0.121075    0.121075    0.169110    0.000000    0.000279    0.000000    4.283312    1.000000    0.000000    0.000000    1.618488    1.578978    0.967236    1.921563    1.880452    0.000029    0.003439    0.948092    80.750548  
[37m[36mINFO[0m[0m 09/03 22:51:38 | 0.691294    0.687382    0.000000    0.921647    0.238328    1.000000    0.691294    0.687382    0.905185    0.859756    800         22.614841   4.896569    0.613723    0.126316    0.121586    0.121586    0.177300    0.000000    0.000213    0.000000    4.282846    1.000000    0.000000    0.000000    1.645605    1.618440    0.969057    1.952226    1.913153    -0.000538   0.000561    0.926992    79.171162  
[37m[36mINFO[0m[0m 09/03 22:54:26 | 0.637647    0.638418    0.000000    0.923404    0.245241    0.996466    0.637647    0.638418    0.917037    0.856707    900         25.441696   4.906459    0.637871    0.132290    0.126161    0.126161    0.175876    0.000000    0.000187    0.000000    4.268588    1.000000    0.000000    0.000000    1.691002    1.658236    0.970216    1.999232    1.956206    0.000316    0.001137    0.933570    75.198922  
[37m[36mINFO[0m[0m 09/03 22:57:13 | 0.637176    0.634652    0.000000    0.922098    0.264578    1.000000    0.637176    0.634652    0.911111    0.855183    1000        28.268551   4.839443    0.578651    0.118865    0.114763    0.114763    0.172112    0.000000    0.000146    0.000000    4.260792    1.000000    0.000000    0.000000    1.724625    1.698100    0.971296    2.052542    2.010330    -0.000230   -0.000895   0.922658    74.652860  
[37m[36mINFO[0m[0m 09/03 23:00:04 | 0.654118    0.645951    0.000000    0.924999    0.242316    0.996466    0.654118    0.645951    0.909630    0.868902    1100        31.095406   4.916880    0.633701    0.131948    0.125259    0.125259    0.177059    0.000000    0.000144    0.000000    4.283179    1.000000    0.000000    0.000000    1.745733    1.720227    0.971768    2.095046    2.046122    -0.000197   -0.000615   0.910785    79.830850  
[37m[36mINFO[0m[0m 09/03 23:03:11 | 0.646118    0.651601    0.000000    0.922127    0.226724    1.000000    0.646118    0.651601    0.908148    0.858232    1200        33.922261   4.890298    0.609044    0.128976    0.119878    0.119878    0.176097    0.000000    0.000111    0.000000    4.281254    1.000000    0.000000    0.000000    1.783119    1.752707    0.971955    2.154302    2.105279    -0.001084   -0.002103   0.922229    94.694932  
[37m[36mINFO[0m[0m 09/03 23:06:13 | 0.645176    0.634652    0.000000    0.924448    0.264632    0.996466    0.645176    0.634652    0.914074    0.862805    1300        36.749117   4.815417    0.562068    0.119577    0.110510    0.110510    0.164191    0.000000    0.000090    0.000000    4.253349    1.000000    0.000000    0.000000    1.827676    1.799671    0.973337    2.255904    2.205491    0.000026    -0.001381   0.919213    90.031652  
[37m[36mINFO[0m[0m 09/03 23:09:16 | 0.642824    0.645951    0.000000    0.928604    0.243846    1.000000    0.642824    0.645951    0.921481    0.864329    1400        39.575972   4.789547    0.540357    0.113329    0.106652    0.106652    0.164907    0.000000    0.000084    0.000000    4.249190    1.000000    0.000000    0.000000    1.853590    1.820902    0.973170    2.320402    2.263340    -0.000886   -0.001984   0.936900    89.189375  
[37m[36mINFO[0m[0m 09/03 23:12:11 | 0.633412    0.630885    0.000000    0.924434    0.232954    0.996466    0.633412    0.630885    0.915556    0.861280    1500        42.402827   4.820122    0.566861    0.128656    0.109461    0.109461    0.175006    0.000000    0.000072    0.000000    4.253261    1.000000    0.000000    0.000000    1.889168    1.857722    0.973593    2.388065    2.328815    -0.000412   -0.001694   0.934551    81.819196  
[37m[36mINFO[0m[0m 09/03 23:15:06 | 0.616471    0.610169    0.000000    0.916869    0.275330    0.996466    0.616471    0.610169    0.909630    0.844512    1600        45.229682   4.798617    0.546334    0.115757    0.107561    0.107561    0.161542    0.000000    0.000067    0.000000    4.252283    1.000000    0.000000    0.000000    1.920190    1.892897    0.974521    2.451125    2.391973    -0.000165   -0.002005   0.934259    80.860514  
[37m[36mINFO[0m[0m 09/03 23:18:12 | 0.652706    0.653484    0.000000    0.916927    0.267404    0.996466    0.652706    0.653484    0.903704    0.850610    1700        48.056537   4.762192    0.512459    0.106971    0.101298    0.101298    0.167073    0.000000    0.000059    0.000000    4.249733    1.000000    0.000000    0.000000    1.936045    1.916428    0.974838    2.514600    2.452386    0.000032    -0.001987   0.952650    90.595960  
[37m[36mINFO[0m[0m 09/03 23:21:01 | 0.649412    0.651601    0.000000    0.904120    0.288219    1.000000    0.649412    0.651601    0.878519    0.833841    1800        50.883392   4.818894    0.559830    0.115902    0.110917    0.110917    0.169326    0.000000    0.000052    0.000000    4.259064    1.000000    0.000000    0.000000    1.953992    1.931049    0.974938    2.639997    2.569901    -0.000550   -0.002497   0.939489    75.819324  
[37m[36mINFO[0m[0m 09/03 23:23:47 | 0.641882    0.634652    0.000000    0.918684    0.273024    1.000000    0.641882    0.634652    0.896296    0.859756    1900        53.710247   4.742520    0.497802    0.104727    0.098212    0.098212    0.167664    0.000000    0.000045    0.000000    4.244718    1.000000    0.000000    0.000000    1.982386    1.961243    0.974982    2.823350    2.749746    -0.000839   -0.003359   0.906799    74.769844  
[37m[36mINFO[0m[0m 09/03 23:26:35 | 0.656000    0.657250    0.000000    0.920574    0.263970    1.000000    0.656000    0.657250    0.911111    0.850610    2000        56.537102   4.758857    0.503596    0.105709    0.099424    0.099424    0.175789    0.000000    0.000038    0.000000    4.255261    1.000000    0.000000    0.000000    2.012514    1.999189    0.975398    2.853461    2.780179    -0.000068   -0.002660   0.935346    74.050704  
[37m[36mINFO[0m[0m 09/03 23:29:20 | 0.614118    0.608286    0.000000    0.922022    0.275514    0.996466    0.614118    0.608286    0.902222    0.867378    2100        59.363958   4.720642    0.486770    0.103499    0.095769    0.095769    0.163602    0.000000    0.000039    0.000000    4.233872    1.000000    0.000000    0.000000    2.047656    2.026758    0.975749    2.873078    2.795413    -0.000314   -0.002879   0.916501    74.272363  
[37m[36mINFO[0m[0m 09/03 23:32:10 | 0.624471    0.625235    0.000000    0.927093    0.275961    1.000000    0.624471    0.625235    0.920000    0.861280    2200        62.190813   4.741856    0.509886    0.106961    0.100689    0.100689    0.172366    0.000000    0.000034    0.000000    4.231970    1.000000    0.000000    0.000000    2.091993    2.073426    0.976309    2.907565    2.829239    -0.000332   -0.002658   0.931171    76.096712  
[37m[36mINFO[0m[0m 09/03 23:35:12 | 0.615529    0.612053    0.000000    0.922620    0.266559    1.000000    0.615529    0.612053    0.909630    0.858232    2300        65.017668   4.711680    0.479450    0.097739    0.095387    0.095387    0.161969    0.000000    0.000033    0.000000    4.232230    1.000000    0.000000    0.000000    2.111188    2.091350    0.976233    2.937150    2.860266    -0.000070   -0.002016   0.936931    88.280959  
[37m[36mINFO[0m[0m 09/03 23:38:09 | 0.642353    0.638418    0.000000    0.920588    0.277121    1.000000    0.642353    0.638418    0.909630    0.852134    2400        67.844523   4.713298    0.474770    0.102591    0.093009    0.093009    0.171148    0.000000    0.000029    0.000000    4.238527    1.000000    0.000000    0.000000    2.124401    2.109417    0.976111    2.987009    2.902961    -0.000229   -0.002099   0.923464    84.685442  
[37m[36mINFO[0m[0m 09/03 23:41:10 | 0.631059    0.632768    0.000000    0.921067    0.274537    1.000000    0.631059    0.632768    0.912593    0.850610    2500        70.671378   4.702586    0.468169    0.098866    0.092285    0.092285    0.163329    0.000000    0.000033    0.000000    4.234417    1.000000    0.000000    0.000000    2.155021    2.145372    0.976769    3.038380    2.955603    0.000158    -0.001924   0.944263    86.478875  
[37m[36mINFO[0m[0m 09/03 23:44:14 | 0.627294    0.627119    0.000000    0.924624    0.290762    1.000000    0.627294    0.627119    0.912593    0.861280    2600        73.498233   4.656741    0.442607    0.095754    0.086680    0.086680    0.160649    0.000000    0.000026    0.000000    4.214135    1.000000    0.000000    0.000000    2.170021    2.156780    0.976792    3.119421    3.033509    -0.000124   -0.002193   0.936957    90.828190  
[37m[36mINFO[0m[0m 09/03 23:47:15 | 0.668706    0.676083    0.000000    0.917145    0.304624    1.000000    0.668706    0.676083    0.897778    0.853659    2700        76.325088   4.720465    0.478536    0.104082    0.093586    0.093586    0.171582    0.000000    0.000022    0.000000    4.241929    1.000000    0.000000    0.000000    2.203227    2.191883    0.977039    3.163271    3.075732    -0.000587   -0.002421   0.923479    88.375513  
[37m[36mINFO[0m[0m 09/03 23:50:13 | 0.647529    0.657250    0.000000    0.919586    0.278716    1.000000    0.647529    0.657250    0.908148    0.850610    2800        79.151943   4.733701    0.481777    0.099768    0.095473    0.095473    0.178201    0.000000    0.000024    0.000000    4.251924    1.000000    0.000000    0.000000    2.228956    2.213382    0.977575    3.248588    3.153106    -0.000235   -0.001990   0.945368    83.020357  
[37m[36mINFO[0m[0m 09/03 23:53:06 | 0.624471    0.621469    0.000000    0.924102    0.302797    1.000000    0.624471    0.621469    0.914074    0.858232    2900        81.978799   4.722982    0.486174    0.100159    0.096479    0.096479    0.185029    0.000000    0.000020    0.000000    4.236808    1.000000    0.000000    0.000000    2.276155    2.261428    0.977731    3.309871    3.212509    -0.000235   -0.001832   0.934848    80.238814  
[37m[36mINFO[0m[0m 09/03 23:55:54 | 0.618353    0.625235    0.000000    0.923651    0.290413    1.000000    0.618353    0.625235    0.908148    0.862805    3000        84.805654   4.736456    0.492734    0.101639    0.097744    0.097744    0.177996    0.000000    0.000024    0.000000    4.243722    1.000000    0.000000    0.000000    2.289112    2.277412    0.977686    3.365522    3.270950    0.000091    -0.001869   0.918242    75.911905  
[37m[36mINFO[0m[0m 09/03 23:58:41 | 0.655529    0.653484    0.000000    0.922084    0.269789    1.000000    0.655529    0.653484    0.912593    0.853659    3100        87.632509   4.697372    0.467653    0.097307    0.092562    0.092562    0.174604    0.000000    0.000020    0.000000    4.229718    1.000000    0.000000    0.000000    2.324918    2.312712    0.977630    3.449281    3.352455    -0.000387   -0.002203   0.931662    73.789571  
[37m[36mINFO[0m[0m 09/04 00:01:27 | 0.626353    0.629002    0.000000    0.913546    0.328472    1.000000    0.626353    0.629002    0.902222    0.838415    3200        90.459364   4.680278    0.438155    0.090026    0.087009    0.087009    0.174019    0.000000    0.000018    0.000000    4.242123    1.000000    0.000000    0.000000    2.341648    2.329439    0.978311    3.514776    3.415641    0.000058    -0.001844   0.918755    73.756202  
[37m[36mINFO[0m[0m 09/04 00:04:30 | 0.632941    0.632768    0.000000    0.916580    0.290956    1.000000    0.632941    0.632768    0.903704    0.846037    3300        93.286219   4.705483    0.467469    0.097306    0.092516    0.092516    0.184519    0.000000    0.000020    0.000000    4.238014    1.000000    0.000000    0.000000    2.377815    2.366426    0.978512    3.623987    3.522201    -0.000412   -0.002212   0.947016    88.832035  
[37m[36mINFO[0m[0m 09/04 00:07:18 | 0.592471    0.583804    0.000000    0.912572    0.370958    1.000000    0.592471    0.583804    0.897778    0.839939    3400        96.113074   4.710862    0.453339    0.095496    0.089439    0.089439    0.184655    0.000000    0.000018    0.000000    4.257523    1.000000    0.000000    0.000000    2.397104    2.390866    0.978418    3.691452    3.585673    -0.000257   -0.001960   0.917945    75.970860  
[37m[36mINFO[0m[0m 09/04 00:10:06 | 0.609882    0.602637    0.000000    0.918062    0.304493    1.000000    0.609882    0.602637    0.908148    0.846037    3500        98.939929   4.749968    0.505638    0.105482    0.100014    0.100014    0.190078    0.000000    0.000020    0.000000    4.244330    1.000000    0.000000    0.000000    2.416462    2.407507    0.978262    3.764131    3.656385    0.000054    -0.001134   0.935505    74.393529  
[37m[36mINFO[0m[0m 09/04 00:13:06 | 0.644235    0.647834    0.000000    0.914676    0.336197    1.000000    0.644235    0.647834    0.890370    0.853659    3600        101.766784  4.659887    0.427727    0.093094    0.083639    0.083639    0.172691    0.000000    0.000016    0.000000    4.232160    1.000000    0.000000    0.000000    2.419586    2.407849    0.977861    3.817611    3.703655    0.000009    -0.001151   0.926036    87.572755  
[37m[36mINFO[0m[0m 09/04 00:16:09 | 0.624941    0.617702    0.000000    0.909609    0.311966    1.000000    0.624941    0.617702    0.888889    0.839939    3700        104.593640  4.626789    0.419262    0.088464    0.082678    0.082678    0.177638    0.000000    0.000017    0.000000    4.207527    1.000000    0.000000    0.000000    2.474227    2.459115    0.978834    3.878256    3.766579    -0.000127   -0.001616   0.922846    90.276827  
[37m[36mINFO[0m[0m 09/04 00:19:05 | 0.635765    0.649718    0.000000    0.916086    0.334062    1.000000    0.635765    0.649718    0.902222    0.846037    3800        107.420495  4.645144    0.414420    0.088966    0.081340    0.081340    0.168508    0.000000    0.000019    0.000000    4.230724    1.000000    0.000000    0.000000    2.460900    2.451136    0.978142    3.933069    3.824271    -0.000079   -0.001532   0.942753    81.604733  
[37m[36mINFO[0m[0m 09/04 00:22:19 | 0.636235    0.638418    0.000000    0.925090    0.349082    1.000000    0.636235    0.638418    0.917037    0.858232    3900        110.247350  4.677279    0.445711    0.093587    0.088014    0.088014    0.175176    0.000000    0.000014    0.000000    4.231568    1.000000    0.000000    0.000000    2.515218    2.503148    0.979049    4.013814    3.893831    0.000054    -0.001436   0.917925    101.914056 
[37m[36mINFO[0m[0m 09/04 00:25:18 | 0.608471    0.595104    0.000000    0.920051    0.275888    1.000000    0.608471    0.595104    0.912593    0.847561    4000        113.074205  4.673619    0.453179    0.095676    0.089355    0.089355    0.174595    0.000000    0.000017    0.000000    4.220441    1.000000    0.000000    0.000000    2.539818    2.521025    0.978881    4.127461    4.015316    -0.000402   -0.001806   0.914790    87.898792  
[37m[36mINFO[0m[0m 09/04 00:28:35 | 0.615059    0.615819    0.000000    0.916623    0.299716    1.000000    0.615059    0.615819    0.899259    0.850610    4100        115.901060  4.669938    0.440330    0.093398    0.086718    0.086718    0.179078    0.000000    0.000012    0.000000    4.229608    1.000000    0.000000    0.000000    2.563901    2.546624    0.978999    4.193474    4.068286    -0.000329   -0.001756   0.946886    102.476810 
[37m[36mINFO[0m[0m 09/04 00:31:43 | 0.651765    0.655367    0.000000    0.915084    0.328872    1.000000    0.651765    0.655367    0.900741    0.844512    4200        118.727915  4.642531    0.416623    0.086138    0.082607    0.082607    0.171622    0.000000    0.000011    0.000000    4.225908    1.000000    0.000000    0.000000    2.576316    2.569807    0.979064    4.252090    4.127596    0.000098    -0.001188   0.944772    93.569533  
[37m[36mINFO[0m[0m 09/04 00:34:54 | 0.619765    0.617702    0.000000    0.911134    0.305096    1.000000    0.619765    0.617702    0.888889    0.844512    4300        121.554770  4.702380    0.469561    0.100752    0.092185    0.092185    0.180762    0.000000    0.000014    0.000000    4.232819    1.000000    0.000000    0.000000    2.609355    2.610660    0.979376    4.365500    4.236941    -0.000047   -0.001539   0.922456    98.401144  
[37m[36mINFO[0m[0m 09/04 00:37:45 | 0.653176    0.649718    0.000000    0.913574    0.326837    1.000000    0.653176    0.649718    0.899259    0.841463    4400        124.381625  4.669005    0.435009    0.090552    0.086101    0.086101    0.187398    0.000000    0.000010    0.000000    4.233996    1.000000    0.000000    0.000000    2.622797    2.620296    0.978961    4.435532    4.302982    -0.000140   -0.001604   0.910330    79.691020  
[37m[36mINFO[0m[0m 09/04 00:40:38 | 0.627294    0.625235    0.000000    0.915664    0.299316    1.000000    0.627294    0.625235    0.893333    0.853659    4500        127.208481  4.613858    0.403429    0.084551    0.079706    0.079706    0.176159    0.000000    0.000011    0.000000    4.210429    1.000000    0.000000    0.000000    2.636027    2.637044    0.978965    4.475194    4.343274    -0.000357   -0.001918   0.952662    77.691572  
[37m[36mINFO[0m[0m 09/04 00:43:27 | 0.625882    0.634652    0.000000    0.921633    0.297484    1.000000    0.625882    0.634652    0.906667    0.858232    4600        130.035336  4.652594    0.428856    0.088865    0.084981    0.084981    0.170301    0.000000    0.000013    0.000000    4.223737    1.000000    0.000000    0.000000    2.685996    2.682095    0.979741    4.556850    4.424461    0.000065    -0.001438   0.934808    75.784831  
[37m[36mINFO[0m[0m 09/04 00:46:17 | 0.625882    0.625235    0.000000    0.922084    0.291979    1.000000    0.625882    0.625235    0.912593    0.853659    4700        132.862191  4.712233    0.477473    0.096876    0.095135    0.095135    0.181420    0.000000    0.000012    0.000000    4.234761    1.000000    0.000000    0.000000    2.701836    2.705594    0.979996    4.681805    4.547279    -0.000051   -0.001408   0.940353    75.993342  
[37m[36mINFO[0m[0m 09/04 00:49:13 | 0.609882    0.610169    0.000000    0.920631    0.294001    1.000000    0.609882    0.610169    0.905185    0.856707    4800        135.689046  4.671602    0.437997    0.090655    0.086822    0.086822    0.186245    0.000000    0.000010    0.000000    4.233606    1.000000    0.000000    0.000000    2.728758    2.727714    0.979543    4.756324    4.613678    -0.000227   -0.001524   0.937541    82.008998  
[37m[36mINFO[0m[0m 09/04 00:51:55 | 0.630118    0.623352    0.000000    0.907054    0.327038    1.000000    0.630118    0.623352    0.890370    0.830793    4900        138.515901  4.668528    0.440399    0.095636    0.086180    0.086180    0.175543    0.000000    0.000009    0.000000    4.228128    1.000000    0.000000    0.000000    2.742516    2.744286    0.979859    4.797586    4.655669    0.000177    -0.001068   0.844693    77.879969  
[37m[36mINFO[0m[0m 09/04 00:54:52 | 0.629647    0.625235    0.000000    0.919064    0.340005    1.000000    0.629647    0.625235    0.909630    0.847561    5000        141.342756  4.657735    0.424946    0.091710    0.083296    0.083296    0.182858    0.000000    0.000010    0.000000    4.232789    1.000000    0.000000    0.000000    2.757338    2.752483    0.979557    4.849740    4.703494    -0.000184   -0.001274   0.955336    81.332338  
[37m[36mINFO[0m[0m 09/04 00:54:52 | ---
[37m[36mINFO[0m[0m 09/04 00:54:52 | oracle = 69.929%
[37m[36mINFO[0m[0m 09/04 00:54:52 | iid = 64.282%
[37m[36mINFO[0m[0m 09/04 00:54:52 | last = 62.965%
[37m[36mINFO[0m[0m 09/04 00:54:52 | last (inD) = 91.906%
[37m[36mINFO[0m[0m 09/04 00:54:52 | iid (inD) = 92.860%
[37m[36mINFO[0m[0m 09/04 00:54:53 | 
[37m[36mINFO[0m[0m 09/04 00:56:13 | Testenv name escaping te_PASCAL -> te_PASCAL
[37m[36mINFO[0m[0m 09/04 00:56:13 | Test envs = [2], name = te_PASCAL
[37m[36mINFO[0m[0m 09/04 00:56:13 | Batch sizes for each domain: [32, 32, 0, 32] (total=96)
[37m[36mINFO[0m[0m 09/04 00:56:13 | steps-per-epoch for each domain: 35.38, 66.41, 82.06 -> min = 35.38
[37m[36mINFO[0m[0m 09/04 00:56:35 | # of params = 151206401
[37m[36mINFO[0m[0m 09/04 00:57:33 | test_in     test_out    train_in    train_out   tr_outloss  env0_out    env1_out    env2_in     env2_out    env3_out    step        epoch       total_loss  cipt_base_  cipt_cls_l  cipt_de_lo  cipt_de_or  cipt_de_au  aug_decomp  cipt_ind_l  causal_con  dccl_contr  contrastiv  pre_cl_los  reg_loss    mean_e_nor  mean_e_aug  mean_e_aug  mean_s_nor  mean_s_aug  mean_es_co  mean_e_aug  step_time   eval_time  
[37m[36mINFO[0m[0m 09/04 00:57:33 | 0.613476    0.619259    0.000000    0.614370    1.291358    0.727915    0.636535    0.613476    0.619259    0.478659    0           0.000000    10.393744   10.383120   1.257396    1.656430    1.656430    1.638220    0.000000    0.500000    0.000000    5.312153    0.002000    0.000000    0.000000    1.000000    1.000000    0.914573    1.000000    1.000000    1.000000    1.000000    1.021456    57.361777  
[37m[36mINFO[0m[0m 09/04 01:00:03 | 0.863384    0.877037    0.000000    0.882765    0.321026    1.000000    0.802260    0.863384    0.877037    0.846037    100         2.826855    2.621512    2.122437    0.376577    0.367599    0.367599    0.393392    0.000000    0.055093    0.000000    4.898530    0.103000    0.000000    0.000000    1.376542    1.344416    0.949815    1.581735    1.543658    0.138138    0.175136    0.942064    55.770635  
[37m[36mINFO[0m[0m 09/04 01:02:38 | 0.857090    0.865185    0.000000    0.887147    0.316510    0.996466    0.809793    0.857090    0.865185    0.855183    200         5.653710    2.747726    1.313680    0.263877    0.260471    0.260471    0.314857    0.000000    0.001583    0.000000    4.741272    0.303000    0.000000    0.000000    1.446745    1.411877    0.955826    1.824037    1.771994    0.000993    0.030204    0.945306    60.002027  
[37m[36mINFO[0m[0m 09/04 01:05:21 | 0.854498    0.866667    0.000000    0.877074    0.326940    0.996466    0.787194    0.854498    0.866667    0.847561    300         8.480565    3.612697    1.274813    0.257705    0.253067    0.253067    0.309881    0.000000    0.000968    0.000000    4.648316    0.503000    0.000000    0.000000    1.461324    1.422579    0.957691    1.894281    1.839322    -0.000297   0.020283    0.974397    65.886098  
[37m[36mINFO[0m[0m 09/04 01:08:08 | 0.835246    0.842963    0.000000    0.876100    0.361195    1.000000    0.785311    0.835246    0.842963    0.842988    400         11.307420   4.441928    1.206115    0.245945    0.239271    0.239271    0.309114    0.000000    0.000617    0.000000    4.604118    0.703000    0.000000    0.000000    1.513588    1.475500    0.961559    1.962145    1.908495    0.000545    0.012921    0.964158    70.516302  
[37m[36mINFO[0m[0m 09/04 01:10:44 | 0.830803    0.814815    0.000000    0.883471    0.308798    0.996466    0.807910    0.830803    0.814815    0.846037    500         14.134276   5.343420    1.225194    0.253014    0.242511    0.242511    0.308551    0.000000    0.000428    0.000000    4.561335    0.902980    0.000000    0.000000    1.541340    1.501709    0.963556    2.019452    1.961369    -0.000592   0.008566    0.923347    63.207933  
[37m[36mINFO[0m[0m 09/04 01:13:20 | 0.825990    0.817778    0.000000    0.882173    0.339607    0.992933    0.806026    0.825990    0.817778    0.847561    600         16.961131   5.652959    1.115416    0.230025    0.220966    0.220966    0.289592    0.000000    0.000306    0.000000    4.537542    1.000000    0.000000    0.000000    1.580141    1.541079    0.965622    2.072040    2.013080    -0.000003   0.006370    0.932985    63.408496  
[37m[36mINFO[0m[0m 09/04 01:16:01 | 0.841540    0.835556    0.000000    0.878718    0.332504    0.996466    0.789077    0.841540    0.835556    0.850610    700         19.787986   5.664079    1.129547    0.234787    0.223394    0.223394    0.279722    0.000000    0.000237    0.000000    4.534532    1.000000    0.000000    0.000000    1.609460    1.568276    0.967128    2.114392    2.053815    -0.000401   0.004744    0.955199    65.081413  
[37m[36mINFO[0m[0m 09/04 01:18:33 | 0.825250    0.831111    0.000000    0.877283    0.347598    0.996466    0.798493    0.825250    0.831111    0.836890    800         22.614841   5.640147    1.114171    0.227746    0.221365    0.221365    0.282103    0.000000    0.000193    0.000000    4.525976    1.000000    0.000000    0.000000    1.648552    1.613728    0.968796    2.150984    2.089540    0.000154    0.004749    0.938053    57.878128  
[37m[36mINFO[0m[0m 09/04 01:20:59 | 0.817475    0.822222    0.000000    0.870546    0.355108    0.992933    0.790960    0.817475    0.822222    0.827744    900         25.441696   5.617587    1.091268    0.225698    0.216198    0.216198    0.282336    0.000000    0.000156    0.000000    4.526319    1.000000    0.000000    0.000000    1.667216    1.627889    0.969139    2.207566    2.140351    -0.000305   0.003377    0.915383    54.472728  
[37m[36mINFO[0m[0m 09/04 01:23:29 | 0.830803    0.831111    0.000000    0.866762    0.397346    0.996466    0.792844    0.830803    0.831111    0.810976    1000        28.268551   5.600593    1.073870    0.224142    0.212259    0.212259    0.283214    0.000000    0.000138    0.000000    4.526723    1.000000    0.000000    0.000000    1.678417    1.641306    0.969049    2.295012    2.225206    -0.000259   0.003046    0.929067    56.975346  
[37m[36mINFO[0m[0m 09/04 01:26:01 | 0.835616    0.807407    0.000000    0.881486    0.375841    0.992933    0.819209    0.835616    0.807407    0.832317    1100        31.095406   5.561357    1.042233    0.216538    0.206287    0.206287    0.284789    0.000000    0.000110    0.000000    4.519123    1.000000    0.000000    0.000000    1.699672    1.664699    0.969619    2.385114    2.310541    -0.000509   0.001791    0.965947    55.750313  
[37m[36mINFO[0m[0m 09/04 01:28:35 | 0.835246    0.826667    0.000000    0.877164    0.374791    0.996466    0.796610    0.835246    0.826667    0.838415    1200        33.922261   5.538933    1.034930    0.211366    0.205774    0.205774    0.277250    0.000000    0.000094    0.000000    4.504004    1.000000    0.000000    0.000000    1.731042    1.696962    0.970017    2.465185    2.383853    -0.000483   0.001431    0.991698    55.069234  
[37m[36mINFO[0m[0m 09/04 01:31:07 | 0.818956    0.810370    0.000000    0.875580    0.399757    0.996466    0.811676    0.818956    0.810370    0.818598    1300        36.749117   5.509659    1.009014    0.204957    0.200915    0.200915    0.271119    0.000000    0.000079    0.000000    4.500645    1.000000    0.000000    0.000000    1.726818    1.692223    0.970389    2.538345    2.456527    0.000176    0.002290    0.932370    58.006312  
[37m[36mINFO[0m[0m 09/04 01:33:40 | 0.853388    0.856296    0.000000    0.876972    0.381227    0.992933    0.804143    0.853388    0.856296    0.833841    1400        39.575972   5.551557    1.043135    0.214301    0.207112    0.207112    0.279326    0.000000    0.000077    0.000000    4.508422    1.000000    0.000000    0.000000    1.749874    1.722997    0.970387    2.608838    2.526852    -0.000642   0.000201    0.953813    58.085450  
[37m[36mINFO[0m[0m 09/04 01:36:18 | 0.814143    0.804444    0.000000    0.879376    0.361749    0.996466    0.815443    0.814143    0.804444    0.826220    1500        42.402827   5.525677    1.020295    0.215350    0.201156    0.201156    0.277022    0.000000    0.000065    0.000000    4.505382    1.000000    0.000000    0.000000    1.778142    1.749551    0.970987    2.696000    2.607919    -0.000359   0.000632    0.962763    61.651915  
[37m[36mINFO[0m[0m 09/04 01:38:51 | 0.804887    0.797037    0.000000    0.870796    0.398711    0.996466    0.768362    0.804887    0.797037    0.847561    1600        45.229682   5.420728    0.946490    0.198793    0.186852    0.186852    0.262314    0.000000    0.000058    0.000000    4.474238    1.000000    0.000000    0.000000    1.793558    1.764131    0.970936    2.774156    2.680605    0.000004    0.001147    0.974140    55.840064  
[37m[36mINFO[0m[0m 09/04 01:41:25 | 0.790448    0.771852    0.000000    0.876704    0.363941    0.992933    0.807910    0.790448    0.771852    0.829268    1700        48.056537   5.465386    0.974478    0.200686    0.193381    0.193381    0.277029    0.000000    0.000053    0.000000    4.490908    1.000000    0.000000    0.000000    1.831242    1.801980    0.971764    2.818685    2.723447    -0.000492   0.000236    0.922574    61.352327  
[37m[36mINFO[0m[0m 09/04 01:44:02 | 0.843762    0.831111    0.000000    0.874581    0.401380    0.992933    0.798493    0.843762    0.831111    0.832317    1800        50.883392   5.514996    1.011353    0.208216    0.200723    0.200723    0.285993    0.000000    0.000049    0.000000    4.503642    1.000000    0.000000    0.000000    1.868857    1.833252    0.972498    2.881813    2.780969    -0.000099   0.001044    0.937087    63.223298  
[37m[36mINFO[0m[0m 09/04 01:46:40 | 0.791929    0.771852    0.000000    0.874862    0.388243    0.996466    0.800377    0.791929    0.771852    0.827744    1900        53.710247   5.483969    0.991912    0.205103    0.196647    0.196647    0.280195    0.000000    0.000044    0.000000    4.492057    1.000000    0.000000    0.000000    1.886870    1.856980    0.972686    2.991928    2.889976    -0.000491   0.000248    0.951704    63.018825  
[37m[36mINFO[0m[0m 09/04 01:49:19 | 0.845243    0.847407    0.000000    0.886968    0.403352    0.996466    0.822976    0.845243    0.847407    0.841463    2000        56.537102   5.500357    0.997902    0.211071    0.196659    0.196659    0.278974    0.000000    0.000039    0.000000    4.502456    1.000000    0.000000    0.000000    1.909587    1.881502    0.973330    3.080858    2.974983    -0.000155   0.000330    0.956511    62.996520  
[37m[36mINFO[0m[0m 09/04 01:51:59 | 0.791559    0.770370    0.000000    0.858828    0.397223    0.992933    0.766478    0.791559    0.770370    0.817073    2100        59.363958   5.409273    0.927521    0.193830    0.183374    0.183374    0.264944    0.000000    0.000039    0.000000    4.481752    1.000000    0.000000    0.000000    1.915285    1.887266    0.972894    3.131566    3.021435    -0.000054   0.000390    0.939538    65.831868  
[37m[36mINFO[0m[0m 09/04 01:54:36 | 0.813402    0.802963    0.000000    0.884787    0.388968    0.996466    0.828625    0.813402    0.802963    0.829268    2200        62.190813   5.415854    0.932884    0.199707    0.183253    0.183253    0.286172    0.000000    0.000033    0.000000    4.482970    1.000000    0.000000    0.000000    1.942610    1.914061    0.973399    3.208171    3.100799    -0.000241   -0.000219   0.952659    62.430934  
[37m[36mINFO[0m[0m 09/04 01:57:10 | 0.771566    0.734815    0.000000    0.862206    0.432822    0.992933    0.779661    0.771566    0.734815    0.814024    2300        65.017668   5.446417    0.959951    0.208188    0.187901    0.187901    0.288454    0.000000    0.000032    0.000000    4.486465    1.000000    0.000000    0.000000    1.963058    1.938615    0.973236    3.304184    3.186502    -0.000275   -0.000279   0.952087    58.121128  
[37m[36mINFO[0m[0m 09/04 01:59:41 | 0.806368    0.802963    0.000000    0.870737    0.402466    0.996466    0.783427    0.806368    0.802963    0.832317    2400        67.844523   5.467877    0.967727    0.216061    0.187881    0.187881    0.292183    0.000000    0.000029    0.000000    4.500149    1.000000    0.000000    0.000000    2.025198    1.999241    0.973862    3.366444    3.245624    0.000090    -0.000011   0.937389    57.831860  
[37m[36mINFO[0m[0m 09/04 02:02:15 | 0.819326    0.804444    0.000000    0.882532    0.362815    0.992933    0.811676    0.819326    0.804444    0.842988    2500        70.671378   5.398578    0.921308    0.190184    0.182748    0.182748    0.275499    0.000000    0.000027    0.000000    4.477270    1.000000    0.000000    0.000000    2.036081    2.010539    0.974276    3.411613    3.290197    -0.000383   -0.000302   0.950162    58.705730  
[37m[36mINFO[0m[0m 09/04 02:04:53 | 0.816364    0.805926    0.000000    0.878898    0.422393    0.996466    0.807910    0.816364    0.805926    0.832317    2600        73.498233   5.393394    0.906440    0.188422    0.179473    0.179473    0.279787    0.000000    0.000025    0.000000    4.486953    1.000000    0.000000    0.000000    2.051342    2.031620    0.974168    3.475194    3.354613    -0.000183   -0.000303   0.962413    61.713046  
[37m[36mINFO[0m[0m 09/04 02:07:26 | 0.797853    0.776296    0.000000    0.869362    0.395834    0.996466    0.777778    0.797853    0.776296    0.833841    2700        76.325088   5.384509    0.902560    0.183255    0.179796    0.179796    0.276621    0.000000    0.000024    0.000000    4.481949    1.000000    0.000000    0.000000    2.057958    2.040573    0.973642    3.565831    3.441361    -0.000089   -0.000383   0.950333    58.022210  
[37m[36mINFO[0m[0m 09/04 02:10:01 | 0.756387    0.721481    0.000000    0.869542    0.404219    0.996466    0.796610    0.756387    0.721481    0.815549    2800        79.151943   5.418454    0.928084    0.189987    0.184497    0.184497    0.280417    0.000000    0.000022    0.000000    4.490370    1.000000    0.000000    0.000000    2.090139    2.067156    0.974765    3.648713    3.517628    -0.000152   -0.000431   0.937771    60.659393  
[37m[36mINFO[0m[0m 09/04 02:12:38 | 0.799334    0.777778    0.000000    0.875251    0.396942    0.996466    0.798493    0.799334    0.777778    0.830793    2900        81.978799   5.420687    0.933896    0.195437    0.184590    0.184590    0.276795    0.000000    0.000020    0.000000    4.486791    1.000000    0.000000    0.000000    2.126313    2.104257    0.975602    3.731359    3.599391    -0.000070   -0.000541   0.961195    61.528640  
[37m[36mINFO[0m[0m 09/04 02:15:13 | 0.792299    0.767407    0.000000    0.872202    0.402890    0.996466    0.798493    0.792299    0.767407    0.821646    3000        84.805654   5.399586    0.916132    0.189790    0.181562    0.181562    0.286400    0.000000    0.000019    0.000000    4.483453    1.000000    0.000000    0.000000    2.116435    2.101076    0.974713    3.823324    3.688069    -0.000378   -0.000929   0.939874    60.489706  
[37m[36mINFO[0m[0m 09/04 02:17:43 | 0.781562    0.754074    0.000000    0.869243    0.452391    0.996466    0.807910    0.781562    0.754074    0.803354    3100        87.632509   5.408576    0.927741    0.186385    0.185314    0.185314    0.279460    0.000000    0.000020    0.000000    4.480836    1.000000    0.000000    0.000000    2.135021    2.119903    0.974760    4.112476    3.962532    0.000193    -0.000631   0.925659    57.483461  
[37m[36mINFO[0m[0m 09/04 02:20:15 | 0.808960    0.808889    0.000000    0.875717    0.399725    0.992933    0.800377    0.808960    0.808889    0.833841    3200        90.459364   5.382593    0.900707    0.185638    0.178745    0.178745    0.285169    0.000000    0.000018    0.000000    4.481886    1.000000    0.000000    0.000000    2.136348    2.128121    0.974650    4.234992    4.082498    -0.000203   -0.001058   0.933673    58.444502  
[37m[36mINFO[0m[0m 09/04 02:22:52 | 0.800074    0.786667    0.000000    0.883412    0.408434    0.996466    0.822976    0.800074    0.786667    0.830793    3300        93.286219   5.355590    0.876134    0.180909    0.173786    0.173786    0.279444    0.000000    0.000016    0.000000    4.479455    1.000000    0.000000    0.000000    2.150586    2.143357    0.974527    4.267978    4.107939    -0.000164   -0.000954   0.961222    60.865038  
[37m[36mINFO[0m[0m 09/04 02:25:25 | 0.818215    0.810370    0.000000    0.873995    0.414619    0.996466    0.794727    0.818215    0.810370    0.830793    3400        96.113074   5.444489    0.943198    0.196894    0.186556    0.186556    0.306139    0.000000    0.000016    0.000000    4.501291    1.000000    0.000000    0.000000    2.205785    2.196604    0.975267    4.308108    4.145206    0.000032    -0.000572   0.957258    57.858641  
[37m[36mINFO[0m[0m 09/04 02:27:58 | 0.801925    0.789630    0.000000    0.880901    0.416814    0.996466    0.815443    0.801925    0.789630    0.830793    3500        98.939929   5.414380    0.913784    0.188786    0.181231    0.181231    0.284060    0.000000    0.000014    0.000000    4.500596    1.000000    0.000000    0.000000    2.226923    2.217487    0.975714    4.349070    4.185775    -0.000158   -0.000853   0.926909    60.172481  
[37m[36mINFO[0m[0m 09/04 02:30:32 | 0.804147    0.802963    0.000000    0.876972    0.399146    0.992933    0.804143    0.804147    0.802963    0.833841    3600        101.766784  5.419319    0.929360    0.191973    0.184328    0.184328    0.293981    0.000000    0.000015    0.000000    4.489959    1.000000    0.000000    0.000000    2.238657    2.229917    0.975420    4.411677    4.249492    -0.000139   -0.000812   0.938081    60.432759  
[37m[36mINFO[0m[0m 09/04 02:32:33 | 0.791188    0.791111    0.000000    0.858230    0.442148    0.992933    0.757062    0.791188    0.791111    0.824695    3700        104.593640  5.356240    0.864758    0.178915    0.171443    0.171443    0.279313    0.000000    0.000014    0.000000    4.491482    1.000000    0.000000    0.000000    2.229643    2.228019    0.974932    4.536415    4.361664    -0.000238   -0.001128   0.681292    52.612368  
[37m[36mINFO[0m[0m 09/04 02:34:33 | 0.788597    0.783704    0.000000    0.878169    0.393573    0.992933    0.822976    0.788597    0.783704    0.818598    3800        107.420495  5.405560    0.917856    0.192875    0.181230    0.181230    0.289365    0.000000    0.000012    0.000000    4.487704    1.000000    0.000000    0.000000    2.278588    2.275034    0.976201    4.602399    4.426646    0.000020    -0.000653   0.676981    52.309330  
[37m[36mINFO[0m[0m 09/04 02:36:34 | 0.810811    0.800000    0.000000    0.864478    0.431595    0.992933    0.783427    0.810811    0.800000    0.817073    3900        110.247350  5.379852    0.892806    0.188959    0.175946    0.175946    0.292985    0.000000    0.000013    0.000000    4.487046    1.000000    0.000000    0.000000    2.280291    2.276424    0.975843    4.660365    4.489253    -0.000079   -0.000780   0.682503    52.536418  
[37m[36mINFO[0m[0m 09/04 02:38:33 | 0.794150    0.783704    0.000000    0.862128    0.394828    0.996466    0.775895    0.794150    0.783704    0.814024    4000        113.074205  5.423900    0.935479    0.200621    0.183700    0.183700    0.290004    0.000000    0.000011    0.000000    4.488421    1.000000    0.000000    0.000000    2.318351    2.318932    0.975774    4.741723    4.560897    -0.000132   -0.000708   0.666437    52.082637  
[37m[36mINFO[0m[0m 09/04 02:40:29 | 0.792669    0.782222    0.000000    0.867377    0.402062    0.992933    0.789077    0.792669    0.782222    0.820122    4100        115.901060  5.351705    0.864990    0.183633    0.170324    0.170324    0.295597    0.000000    0.000012    0.000000    4.486715    1.000000    0.000000    0.000000    2.326883    2.321184    0.975633    4.798375    4.611833    0.000187    -0.000796   0.668398    49.561722  
[37m[36mINFO[0m[0m 09/04 02:42:31 | 0.791929    0.768889    0.000000    0.880482    0.425963    0.996466    0.824859    0.791929    0.768889    0.820122    4200        118.727915  5.323574    0.850408    0.176340    0.168503    0.168503    0.274137    0.000000    0.000011    0.000000    4.473166    1.000000    0.000000    0.000000    2.333204    2.327897    0.975209    4.835889    4.648591    -0.000195   -0.000769   0.662092    55.562480  
[37m[36mINFO[0m[0m 09/04 02:44:30 | 0.784894    0.770370    0.000000    0.871037    0.452575    0.996466    0.804143    0.784894    0.770370    0.812500    4300        121.554770  5.404582    0.914674    0.188385    0.181557    0.181557    0.303770    0.000000    0.000012    0.000000    4.489908    1.000000    0.000000    0.000000    2.356305    2.350996    0.975533    4.911925    4.727324    -0.000119   -0.000740   0.670189    52.339564  
[37m[36mINFO[0m[0m 09/04 02:46:31 | 0.796001    0.776296    0.000000    0.880124    0.426642    0.996466    0.819209    0.796001    0.776296    0.824695    4400        124.381625  5.392701    0.897892    0.188726    0.177278    0.177278    0.281320    0.000000    0.000010    0.000000    4.494809    1.000000    0.000000    0.000000    2.386017    2.383182    0.976093    5.067832    4.874685    -0.000137   -0.000860   0.666207    53.643743  
[37m[36mINFO[0m[0m 09/04 02:48:30 | 0.797112    0.785185    0.000000    0.876357    0.436738    0.996466    0.807910    0.797112    0.785185    0.824695    4500        127.208481  5.324044    0.840618    0.175143    0.166356    0.166356    0.290571    0.000000    0.000010    0.000000    4.483426    1.000000    0.000000    0.000000    2.407592    2.403659    0.975938    5.110321    4.915851    -0.000111   -0.000623   0.669402    52.032044  
[37m[36mINFO[0m[0m 09/04 02:50:27 | 0.803776    0.789630    0.000000    0.868872    0.445361    0.992933    0.796610    0.803776    0.789630    0.817073    4600        130.035336  5.297371    0.828157    0.171550    0.164139    0.164139    0.294977    0.000000    0.000010    0.000000    4.469214    1.000000    0.000000    0.000000    2.406976    2.407479    0.975601    5.194780    4.993283    -0.000014   -0.000537   0.661111    50.710971  
[37m[36mINFO[0m[0m 09/04 02:52:29 | 0.777490    0.760000    0.000000    0.873548    0.412644    0.996466    0.811676    0.777490    0.760000    0.812500    4700        132.862191  5.301463    0.826654    0.169649    0.164239    0.164239    0.287024    0.000000    0.000010    0.000000    4.474809    1.000000    0.000000    0.000000    2.402416    2.404163    0.975868    5.311545    5.109002    -0.000046   -0.000840   0.659551    56.062100  
[37m[36mINFO[0m[0m 09/04 02:54:26 | 0.764532    0.748148    0.000000    0.869769    0.412634    0.992933    0.794727    0.764532    0.748148    0.821646    4800        135.689046  5.288184    0.819817    0.168419    0.162838    0.162838    0.281260    0.000000    0.000010    0.000000    4.468367    1.000000    0.000000    0.000000    2.417456    2.412569    0.975483    5.410864    5.196205    -0.000149   -0.000898   0.672894    49.903116  
[37m[36mINFO[0m[0m 09/04 02:56:26 | 0.793780    0.782222    0.000000    0.866002    0.401806    0.992933    0.783427    0.793780    0.782222    0.821646    4900        138.515901  5.418052    0.925385    0.197941    0.181849    0.181849    0.305824    0.000000    0.000010    0.000000    4.492667    1.000000    0.000000    0.000000    2.497179    2.491541    0.976638    5.505029    5.287744    0.000114    -0.000551   0.665463    53.033968  
[37m[36mINFO[0m[0m 09/04 02:58:29 | 0.794150    0.767407    0.000000    0.878975    0.397343    0.992933    0.811676    0.794150    0.767407    0.832317    5000        141.342756  5.318820    0.854536    0.181393    0.168273    0.168273    0.287032    0.000000    0.000010    0.000000    4.464284    1.000000    0.000000    0.000000    2.485618    2.490865    0.975814    5.567400    5.353085    -0.000020   -0.000843   0.669031    56.793786  
[37m[36mINFO[0m[0m 09/04 02:58:29 | ---
[37m[36mINFO[0m[0m 09/04 02:58:29 | oracle = 86.338%
[37m[36mINFO[0m[0m 09/04 02:58:29 | iid = 85.709%
[37m[36mINFO[0m[0m 09/04 02:58:29 | last = 79.415%
[37m[36mINFO[0m[0m 09/04 02:58:29 | last (inD) = 87.898%
[37m[36mINFO[0m[0m 09/04 02:58:29 | iid (inD) = 88.715%
[37m[36mINFO[0m[0m 09/04 02:58:30 | 
[37m[36mINFO[0m[0m 09/04 02:59:48 | Testenv name escaping te_SUN -> te_SUN
[37m[36mINFO[0m[0m 09/04 02:59:48 | Test envs = [3], name = te_SUN
[37m[36mINFO[0m[0m 09/04 02:59:48 | Batch sizes for each domain: [32, 32, 32, 0] (total=96)
[37m[36mINFO[0m[0m 09/04 02:59:48 | steps-per-epoch for each domain: 35.38, 66.41, 84.41 -> min = 35.38
[37m[36mINFO[0m[0m 09/04 03:00:14 | # of params = 151206401
[37m[36mINFO[0m[0m 09/04 03:01:09 | test_in     test_out    train_in    train_out   tr_outloss  env0_out    env1_out    env2_out    env3_in     env3_out    step        epoch       total_loss  cipt_base_  cipt_cls_l  cipt_de_lo  cipt_de_or  cipt_de_au  aug_decomp  cipt_ind_l  causal_con  dccl_contr  contrastiv  pre_cl_los  reg_loss    mean_e_nor  mean_e_aug  mean_e_aug  mean_s_nor  mean_s_aug  mean_es_co  mean_e_aug  step_time   eval_time  
[37m[36mINFO[0m[0m 09/04 03:01:09 | 0.455826    0.461890    0.000000    0.735373    0.853823    0.773852    0.713748    0.718519    0.455826    0.461890    0           0.000000    10.114361   10.103642   1.068769    1.633718    1.633718    1.604448    0.000000    0.500000    0.000000    5.359849    0.002000    0.000000    0.000000    1.000000    1.000000    0.929854    1.000000    1.000000    1.000000    1.000000    0.754571    54.096533  
[37m[36mINFO[0m[0m 09/04 03:03:11 | 0.752094    0.756098    0.000000    0.895526    0.278794    1.000000    0.794727    0.891852    0.752094    0.756098    100         2.826855    2.350400    1.861042    0.335127    0.324078    0.324078    0.345400    0.000000    0.045921    0.000000    4.803228    0.103000    0.000000    0.000000    1.396212    1.369451    0.954750    1.597999    1.555179    0.100270    0.125477    0.681989    54.146906  
[37m[36mINFO[0m[0m 09/04 03:05:13 | 0.793983    0.780488    0.000000    0.890942    0.288307    0.996466    0.781544    0.894815    0.793983    0.780488    200         5.653710    2.652970    1.242116    0.250763    0.246259    0.246259    0.271010    0.000000    0.001263    0.000000    4.664477    0.303000    0.000000    0.000000    1.484211    1.455707    0.960449    1.835494    1.781051    -0.000964   0.016136    0.691472    53.235387  
[37m[36mINFO[0m[0m 09/04 03:07:18 | 0.763138    0.748476    0.000000    0.901628    0.268475    1.000000    0.804143    0.900741    0.763138    0.748476    300         8.480565    3.435496    1.139535    0.233804    0.225473    0.225473    0.257961    0.000000    0.000768    0.000000    4.566848    0.503000    0.000000    0.000000    1.528537    1.498923    0.963345    1.913554    1.858591    -0.000464   0.009161    0.681369    55.918960  
[37m[36mINFO[0m[0m 09/04 03:09:20 | 0.740670    0.745427    0.000000    0.898263    0.286909    1.000000    0.798493    0.896296    0.740670    0.745427    400         11.307420   4.291073    1.113620    0.233908    0.219332    0.219332    0.257944    0.000000    0.000477    0.000000    4.520484    0.703000    0.000000    0.000000    1.573599    1.544442    0.966263    1.970511    1.916045    -0.000679   0.004103    0.671466    55.683864  
[37m[36mINFO[0m[0m 09/04 03:11:22 | 0.773420    0.762195    0.000000    0.902390    0.279942    1.000000    0.807910    0.899259    0.773420    0.762195    500         14.134276   5.104627    1.051329    0.217373    0.208029    0.208029    0.246033    0.000000    0.000368    0.000000    4.489051    0.902980    0.000000    0.000000    1.612895    1.583295    0.968094    2.022478    1.968590    0.000432    0.002757    0.681905    53.773651  
[37m[36mINFO[0m[0m 09/04 03:13:23 | 0.781417    0.771341    0.000000    0.899103    0.290365    0.996466    0.806026    0.894815    0.781417    0.771341    600         16.961131   5.445182    0.974873    0.200064    0.193402    0.193402    0.238717    0.000000    0.000240    0.000000    4.470310    1.000000    0.000000    0.000000    1.635031    1.604221    0.968935    2.060815    2.005514    -0.000419   0.000755    0.684563    52.280534  
[37m[36mINFO[0m[0m 09/04 03:15:26 | 0.780274    0.768293    0.000000    0.894574    0.280103    0.996466    0.790960    0.896296    0.780274    0.768293    700         19.787986   5.439874    0.987422    0.202036    0.196116    0.196116    0.250064    0.000000    0.000184    0.000000    4.452452    1.000000    0.000000    0.000000    1.659021    1.629515    0.969706    2.108248    2.052192    -0.000631   -0.000716   0.689933    53.597875  
[37m[36mINFO[0m[0m 09/04 03:17:27 | 0.772277    0.759146    0.000000    0.899462    0.301779    0.996466    0.804143    0.897778    0.772277    0.759146    800         22.614841   5.410714    0.966859    0.198787    0.191788    0.191788    0.240102    0.000000    0.000184    0.000000    4.443855    1.000000    0.000000    0.000000    1.697094    1.669091    0.970550    2.233905    2.172008    -0.000411   -0.001877   0.669614    54.588942  
[37m[36mINFO[0m[0m 09/04 03:19:29 | 0.719726    0.719512    0.000000    0.892507    0.299618    0.996466    0.796610    0.884444    0.719726    0.719512    900         25.441696   5.431522    0.972400    0.210305    0.190359    0.190359    0.244170    0.000000    0.000132    0.000000    4.459122    1.000000    0.000000    0.000000    1.724340    1.695682    0.971457    2.301468    2.237827    -0.000607   -0.002099   0.687261    53.363934  
[37m[36mINFO[0m[0m 09/04 03:21:29 | 0.709825    0.701220    0.000000    0.896633    0.312066    0.996466    0.806026    0.887407    0.709825    0.701220    1000        28.268551   5.352493    0.917376    0.192154    0.181171    0.181171    0.242669    0.000000    0.000108    0.000000    4.435117    1.000000    0.000000    0.000000    1.755060    1.726472    0.971709    2.354343    2.287446    -0.000220   -0.001755   0.677488    51.335733  
[37m[36mINFO[0m[0m 09/04 03:23:32 | 0.750571    0.736280    0.000000    0.899730    0.299502    0.996466    0.807910    0.894815    0.750571    0.736280    1100        31.095406   5.337185    0.903350    0.187835    0.178758    0.178758    0.241773    0.000000    0.000097    0.000000    4.433835    1.000000    0.000000    0.000000    1.790789    1.761588    0.972147    2.392484    2.324787    -0.000813   -0.002774   0.684495    55.177765  
[37m[36mINFO[0m[0m 09/04 03:25:33 | 0.731531    0.730183    0.000000    0.892775    0.333546    0.996466    0.800377    0.881481    0.731531    0.730183    1200        33.922261   5.286901    0.862223    0.176698    0.171275    0.171275    0.238303    0.000000    0.000085    0.000000    4.424678    1.000000    0.000000    0.000000    1.795317    1.767916    0.972150    2.495183    2.421787    0.000280    -0.002232   0.682906    52.551595  
[37m[36mINFO[0m[0m 09/04 03:27:33 | 0.753237    0.737805    0.000000    0.890758    0.325267    0.996466    0.792844    0.882963    0.753237    0.737805    1300        36.749117   5.325920    0.900329    0.187262    0.178180    0.178180    0.251843    0.000000    0.000070    0.000000    4.425591    1.000000    0.000000    0.000000    1.833096    1.810037    0.972861    2.622196    2.543324    -0.000878   -0.003777   0.687289    51.343221  
[37m[36mINFO[0m[0m 09/04 03:29:39 | 0.701828    0.710366    0.000000    0.884126    0.334571    1.000000    0.787194    0.865185    0.701828    0.710366    1400        39.575972   5.313843    0.887013    0.186620    0.175010    0.175010    0.241809    0.000000    0.000071    0.000000    4.426831    1.000000    0.000000    0.000000    1.854115    1.833070    0.973008    2.682950    2.602459    -0.001025   -0.004015   0.698746    56.063869  
[37m[36mINFO[0m[0m 09/04 03:31:42 | 0.716679    0.702744    0.000000    0.890116    0.357684    0.992933    0.800377    0.877037    0.716679    0.702744    1500        42.402827   5.275601    0.851657    0.176446    0.168732    0.168732    0.245364    0.000000    0.000056    0.000000    4.423945    1.000000    0.000000    0.000000    1.888114    1.860815    0.973267    2.750457    2.664248    0.000151    -0.002218   0.674470    55.134557  
[37m[36mINFO[0m[0m 09/04 03:33:47 | 0.758568    0.751524    0.000000    0.895815    0.324355    0.992933    0.804143    0.890370    0.758568    0.751524    1600        45.229682   5.283600    0.863044    0.180630    0.170540    0.170540    0.249189    0.000000    0.000051    0.000000    4.420556    1.000000    0.000000    0.000000    1.905101    1.885704    0.973600    2.803357    2.718291    0.000121    -0.002821   0.680048    57.265936  
[37m[36mINFO[0m[0m 09/04 03:35:50 | 0.759330    0.740854    0.000000    0.887887    0.335413    0.996466    0.787194    0.880000    0.759330    0.740854    1700        48.056537   5.229823    0.829121    0.172209    0.164169    0.164169    0.242419    0.000000    0.000047    0.000000    4.400702    1.000000    0.000000    0.000000    1.922205    1.904786    0.973388    2.883591    2.796837    -0.000556   -0.003307   0.688945    54.292009  
[37m[36mINFO[0m[0m 09/04 03:37:50 | 0.735339    0.728659    0.000000    0.894030    0.347410    0.996466    0.804143    0.881481    0.735339    0.728659    1800        50.883392   5.265596    0.846297    0.180464    0.166398    0.166398    0.249769    0.000000    0.000048    0.000000    4.419299    1.000000    0.000000    0.000000    1.941602    1.919425    0.972998    2.989609    2.892038    -0.000448   -0.002622   0.681875    51.894146  
[37m[36mINFO[0m[0m 09/04 03:39:53 | 0.708682    0.708841    0.000000    0.898207    0.334511    0.996466    0.800377    0.897778    0.708682    0.708841    1900        53.710247   5.186409    0.786999    0.162296    0.156123    0.156123    0.249352    0.000000    0.000042    0.000000    4.399409    1.000000    0.000000    0.000000    1.955690    1.938797    0.972941    3.106643    3.007213    -0.000846   -0.003565   0.686798    53.901311  
[37m[36mINFO[0m[0m 09/04 03:41:56 | 0.715156    0.711890    0.000000    0.892507    0.364809    0.996466    0.796610    0.884444    0.715156    0.711890    2000        56.537102   5.219242    0.802336    0.168151    0.158501    0.158501    0.241358    0.000000    0.000036    0.000000    4.416906    1.000000    0.000000    0.000000    1.981526    1.971630    0.973656    3.269832    3.166912    0.000256    -0.002417   0.673830    55.119787  
[37m[36mINFO[0m[0m 09/04 03:43:58 | 0.741051    0.727134    0.000000    0.891478    0.346373    0.996466    0.789077    0.888889    0.741051    0.727134    2100        59.363958   5.200459    0.780844    0.165008    0.153906    0.153906    0.245562    0.000000    0.000042    0.000000    4.419615    1.000000    0.000000    0.000000    1.983106    1.975981    0.972945    3.334014    3.227717    -0.000786   -0.003414   0.687706    53.377195  
[37m[36mINFO[0m[0m 09/04 03:45:58 | 0.739147    0.739329    0.000000    0.890038    0.323690    0.996466    0.796610    0.877037    0.739147    0.739329    2200        62.190813   5.215542    0.806744    0.175709    0.157717    0.157717    0.237461    0.000000    0.000034    0.000000    4.408798    1.000000    0.000000    0.000000    2.028914    2.020674    0.973805    3.429845    3.319684    -0.000619   -0.003350   0.673604    53.002618  
[37m[36mINFO[0m[0m 09/04 03:47:59 | 0.658035    0.684451    0.000000    0.871705    0.439797    1.000000    0.751412    0.863704    0.658035    0.684451    2300        65.017668   5.181091    0.778658    0.166099    0.153097    0.153097    0.248423    0.000000    0.000034    0.000000    4.402433    1.000000    0.000000    0.000000    2.062935    2.054502    0.974363    3.549235    3.430475    0.000116    -0.002417   0.684147    52.390389  
[37m[36mINFO[0m[0m 09/04 03:50:00 | 0.683168    0.690549    0.000000    0.876573    0.353171    0.992933    0.762712    0.874074    0.683168    0.690549    2400        67.844523   5.209858    0.796934    0.168539    0.157061    0.157061    0.254979    0.000000    0.000031    0.000000    4.412923    1.000000    0.000000    0.000000    2.082526    2.077021    0.974335    3.627201    3.506544    -0.000827   -0.003257   0.683888    52.797105  
[37m[36mINFO[0m[0m 09/04 03:52:06 | 0.745621    0.742378    0.000000    0.882879    0.352625    1.000000    0.762712    0.885926    0.745621    0.742378    2500        70.671378   5.230900    0.810664    0.173406    0.159278    0.159278    0.250373    0.000000    0.000029    0.000000    4.420237    1.000000    0.000000    0.000000    2.138058    2.126162    0.975198    3.661445    3.541508    0.000306    -0.001537   0.695264    55.987944  
[37m[36mINFO[0m[0m 09/04 03:54:07 | 0.704113    0.713415    0.000000    0.878167    0.382457    1.000000    0.758945    0.875556    0.704113    0.713415    2600        73.498233   5.215240    0.803993    0.175986    0.156964    0.156964    0.253825    0.000000    0.000030    0.000000    4.411247    1.000000    0.000000    0.000000    2.137749    2.126819    0.974878    3.754251    3.629133    0.000110    -0.001549   0.680335    53.544757  
[37m[36mINFO[0m[0m 09/04 03:56:08 | 0.715156    0.707317    0.000000    0.887795    0.346842    0.996466    0.792844    0.874074    0.715156    0.707317    2700        76.325088   5.153834    0.773069    0.167214    0.151431    0.151431    0.238202    0.000000    0.000026    0.000000    4.380765    1.000000    0.000000    0.000000    2.171861    2.159911    0.975317    3.823549    3.698257    -0.000555   -0.002155   0.685502    52.497176  
[37m[36mINFO[0m[0m 09/04 03:58:10 | 0.725819    0.727134    0.000000    0.888874    0.383684    0.996466    0.787194    0.882963    0.725819    0.727134    2800        79.151943   5.167087    0.753358    0.162843    0.147595    0.147595    0.255995    0.000000    0.000027    0.000000    4.413729    1.000000    0.000000    0.000000    2.186495    2.177364    0.974947    3.892542    3.761696    0.000113    -0.001499   0.673240    53.832613  
[37m[36mINFO[0m[0m 09/04 04:00:12 | 0.721249    0.719512    0.000000    0.882067    0.362915    1.000000    0.772128    0.874074    0.721249    0.719512    2900        81.978799   5.121822    0.712967    0.150902    0.140481    0.140481    0.266458    0.000000    0.000028    0.000000    4.408855    1.000000    0.000000    0.000000    2.192204    2.189633    0.974176    4.025169    3.889430    -0.000546   -0.002451   0.691490    53.614967  
[37m[36mINFO[0m[0m 09/04 04:02:11 | 0.730769    0.727134    0.000000    0.894539    0.359733    1.000000    0.794727    0.888889    0.730769    0.727134    3000        84.805654   5.188453    0.780149    0.170380    0.152413    0.152413    0.248777    0.000000    0.000023    0.000000    4.408305    1.000000    0.000000    0.000000    2.253795    2.246126    0.975794    4.139769    4.001007    -0.000459   -0.002389   0.663003    52.260025  
[37m[36mINFO[0m[0m 09/04 04:04:12 | 0.717822    0.724085    0.000000    0.888247    0.358627    0.996466    0.785311    0.882963    0.717822    0.724085    3100        87.632509   5.126751    0.719373    0.153277    0.141491    0.141491    0.253331    0.000000    0.000026    0.000000    4.407378    1.000000    0.000000    0.000000    2.247907    2.244791    0.975171    4.181166    4.045494    -0.000008   -0.001791   0.696470    51.431465  
[37m[36mINFO[0m[0m 09/04 04:06:18 | 0.691165    0.695122    0.000000    0.890624    0.387273    0.996466    0.790960    0.884444    0.691165    0.695122    3200        90.459364   5.155908    0.750208    0.153453    0.149161    0.149161    0.262673    0.000000    0.000022    0.000000    4.405700    1.000000    0.000000    0.000000    2.260335    2.259795    0.974837    4.233255    4.093196    0.000201    -0.001550   0.696835    56.146154  
[37m[36mINFO[0m[0m 09/04 04:08:23 | 0.710967    0.707317    0.000000    0.887443    0.381296    0.996466    0.774011    0.891852    0.710967    0.707317    3300        93.286219   5.149763    0.744257    0.154702    0.147363    0.147363    0.244018    0.000000    0.000021    0.000000    4.405506    1.000000    0.000000    0.000000    2.289828    2.289542    0.975279    4.355779    4.204025    -0.000232   -0.002029   0.690814    55.495669  
[37m[36mINFO[0m[0m 09/04 04:10:24 | 0.736481    0.736280    0.000000    0.882159    0.366178    1.000000    0.766478    0.880000    0.736481    0.736280    3400        96.113074   5.192782    0.782357    0.163002    0.154811    0.154811    0.262240    0.000000    0.000023    0.000000    4.410425    1.000000    0.000000    0.000000    2.308506    2.310830    0.975671    4.505271    4.350584    -0.000031   -0.001719   0.661228    55.728978  
[37m[36mINFO[0m[0m 09/04 04:12:27 | 0.717822    0.717988    0.000000    0.897995    0.350984    1.000000    0.794727    0.899259    0.717822    0.717988    3500        98.939929   5.134019    0.735499    0.153590    0.145450    0.145450    0.257560    0.000000    0.000022    0.000000    4.398521    1.000000    0.000000    0.000000    2.318320    2.315191    0.975024    4.609686    4.450292    -0.000256   -0.001524   0.693036    52.888769  
[37m[36mINFO[0m[0m 09/04 04:14:27 | 0.739147    0.734756    0.000000    0.883760    0.397672    0.996466    0.777778    0.877037    0.739147    0.734756    3600        101.766784  5.142789    0.726476    0.153898    0.143118    0.143118    0.270382    0.000000    0.000021    0.000000    4.416313    1.000000    0.000000    0.000000    2.336098    2.336020    0.975063    4.730887    4.572641    0.000248    -0.000874   0.677030    52.613217  
[37m[36mINFO[0m[0m 09/04 04:16:29 | 0.704113    0.701220    0.000000    0.894750    0.384511    0.996466    0.800377    0.887407    0.704113    0.701220    3700        104.593640  5.105989    0.718362    0.157866    0.140102    0.140102    0.260956    0.000000    0.000018    0.000000    4.387627    1.000000    0.000000    0.000000    2.378858    2.380268    0.975584    4.764491    4.605857    -0.000453   -0.001390   0.687682    53.171367  
[37m[36mINFO[0m[0m 09/04 04:18:31 | 0.699924    0.707317    0.000000    0.891936    0.390288    1.000000    0.792844    0.882963    0.699924    0.707317    3800        107.420495  5.158121    0.737131    0.151919    0.146279    0.146279    0.277435    0.000000    0.000019    0.000000    4.420991    1.000000    0.000000    0.000000    2.394312    2.398685    0.975581    4.816686    4.654349    -0.000162   -0.000961   0.690884    53.121402  
[37m[36mINFO[0m[0m 09/04 04:20:30 | 0.718203    0.721037    0.000000    0.892563    0.362607    1.000000    0.794727    0.882963    0.718203    0.721037    3900        110.247350  5.170836    0.759966    0.156759    0.150774    0.150774    0.276189    0.000000    0.000022    0.000000    4.410869    1.000000    0.000000    0.000000    2.396634    2.391004    0.975118    4.940411    4.771349    -0.000193   -0.000814   0.684133    50.570987  
[37m[36mINFO[0m[0m 09/04 04:22:34 | 0.693831    0.698171    0.000000    0.894354    0.386290    1.000000    0.806026    0.877037    0.693831    0.698171    4000        113.074205  5.131856    0.725718    0.154895    0.142683    0.142683    0.264771    0.000000    0.000018    0.000000    4.406138    1.000000    0.000000    0.000000    2.440809    2.433807    0.975605    5.071226    4.890904    -0.000146   -0.000695   0.692927    54.588876  
[37m[36mINFO[0m[0m 09/04 04:24:35 | 0.685453    0.687500    0.000000    0.888973    0.358160    1.000000    0.792844    0.874074    0.685453    0.687500    4100        115.901060  5.138181    0.733529    0.152492    0.145239    0.145239    0.260575    0.000000    0.000016    0.000000    4.404652    1.000000    0.000000    0.000000    2.464682    2.460275    0.975852    5.143622    4.968110    -0.000390   -0.001026   0.671592    53.550811  
[37m[36mINFO[0m[0m 09/04 04:26:40 | 0.704494    0.710366    0.000000    0.890454    0.374544    1.000000    0.792844    0.878519    0.704494    0.710366    4200        118.727915  5.143303    0.734610    0.152283    0.145560    0.145560    0.246448    0.000000    0.000017    0.000000    4.408693    1.000000    0.000000    0.000000    2.487541    2.489965    0.976247    5.180984    5.001229    0.000213    -0.000581   0.685155    56.162151  
[37m[36mINFO[0m[0m 09/04 04:28:42 | 0.731531    0.731707    0.000000    0.889651    0.373857    1.000000    0.781544    0.887407    0.731531    0.731707    4300        121.554770  5.180254    0.769014    0.175923    0.148253    0.148253    0.268471    0.000000    0.000016    0.000000    4.411240    1.000000    0.000000    0.000000    2.551662    2.555911    0.976993    5.230829    5.051433    -0.000182   -0.000569   0.694951    52.493190  
[37m[36mINFO[0m[0m 09/04 04:30:44 | 0.714014    0.705793    0.000000    0.888253    0.347108    1.000000    0.796610    0.868148    0.714014    0.705793    4400        124.381625  5.127964    0.724514    0.159792    0.141161    0.141161    0.255522    0.000000    0.000015    0.000000    4.403449    1.000000    0.000000    0.000000    2.531950    2.535054    0.975930    5.266429    5.088526    -0.000144   -0.000948   0.690776    53.713184  
[37m[36mINFO[0m[0m 09/04 04:32:44 | 0.689261    0.699695    0.000000    0.889960    0.402558    1.000000    0.792844    0.877037    0.689261    0.699695    4500        127.208481  5.141349    0.734891    0.158585    0.144056    0.144056    0.257260    0.000000    0.000016    0.000000    4.406458    1.000000    0.000000    0.000000    2.559627    2.570999    0.976360    5.296154    5.119044    0.000120    -0.000594   0.671371    52.280389  
[37m[36mINFO[0m[0m 09/04 04:34:44 | 0.662224    0.666159    0.000000    0.878745    0.417316    1.000000    0.774011    0.862222    0.662224    0.666159    4600        130.035336  5.120201    0.702260    0.147222    0.138739    0.138739    0.264283    0.000000    0.000017    0.000000    4.417941    1.000000    0.000000    0.000000    2.553650    2.559124    0.975844    5.325531    5.147491    -0.000280   -0.000839   0.673967    52.911024  
[37m[36mINFO[0m[0m 09/04 04:36:44 | 0.701066    0.695122    0.000000    0.873497    0.432494    1.000000    0.762712    0.857778    0.701066    0.695122    4700        132.862191  5.091804    0.690652    0.143066    0.136879    0.136879    0.263355    0.000000    0.000014    0.000000    4.401152    1.000000    0.000000    0.000000    2.573437    2.583641    0.976048    5.396366    5.210306    -0.000141   -0.001049   0.686637    50.802830  
[37m[36mINFO[0m[0m 09/04 04:38:47 | 0.739528    0.740854    0.000000    0.881883    0.375240    1.000000    0.783427    0.862222    0.739528    0.740854    4800        135.689046  5.189374    0.767754    0.157809    0.152469    0.152469    0.269075    0.000000    0.000014    0.000000    4.421620    1.000000    0.000000    0.000000    2.596964    2.619779    0.976347    5.485172    5.292374    0.000164    -0.000731   0.689385    53.845359  
[37m[36mINFO[0m[0m 09/04 04:40:48 | 0.691165    0.695122    0.000000    0.895970    0.401568    1.000000    0.807910    0.880000    0.691165    0.695122    4900        138.515901  5.102338    0.700344    0.145512    0.138688    0.138688    0.257690    0.000000    0.000015    0.000000    4.401994    1.000000    0.000000    0.000000    2.592071    2.612826    0.975793    5.682404    5.490568    -0.000058   -0.000771   0.679831    53.056714  
[37m[36mINFO[0m[0m 09/04 04:42:52 | 0.744859    0.740854    0.000000    0.888261    0.384518    1.000000    0.775895    0.888889    0.744859    0.740854    5000        141.342756  5.067062    0.671834    0.142822    0.132233    0.132233    0.264068    0.000000    0.000016    0.000000    4.395228    1.000000    0.000000    0.000000    2.601092    2.620693    0.975279    5.870992    5.667561    -0.000019   -0.000820   0.688351    55.027616  
[37m[36mINFO[0m[0m 09/04 04:42:52 | ---
[37m[36mINFO[0m[0m 09/04 04:42:52 | oracle = 79.398%
[37m[36mINFO[0m[0m 09/04 04:42:52 | iid = 77.342%
[37m[36mINFO[0m[0m 09/04 04:42:52 | last = 74.486%
[37m[36mINFO[0m[0m 09/04 04:42:52 | last (inD) = 88.826%
[37m[36mINFO[0m[0m 09/04 04:42:52 | iid (inD) = 90.239%
[37m[36mINFO[0m[0m 09/04 04:42:52 | === Summary ===
[37m[36mINFO[0m[0m 09/04 04:42:52 | Command: train_all.py VLCS_b5c1_lr1e3_official_align_aug0 --dataset VLCS --algorithm CIPTDCCL --data_dir /home/hooasia/lgg/data/repro_dccl_data --deterministic --trial_seed 0 --seed 0 --checkpoint_freq 100 --cipt_clip_path /home/hooasia/.cache/clip/ViT-B-16.pt --cipt_beta 4 --cipt_gamma 5 --cipt_k 4 --cipt_prompt_length 16 --cipt_prompt_init a photo of a --cipt_template_mode b5c --cipt_causal_contrastive_weight 1 --cipt_contrastive_warmup_steps 500 --cipt_aug_decomp_weight 0 --lr 1e-3 --output_root train_output/VLCS_official_align --weight_decay 0.0
[37m[36mINFO[0m[0m 09/04 04:42:52 | Unique name: 260903_20-14-09_VLCS_b5c1_lr1e3_official_align_aug0
[37m[36mINFO[0m[0m 09/04 04:42:52 | Out path: train_output/VLCS_official_align/VLCS/260903_20-14-09_VLCS_b5c1_lr1e3_official_align_aug0
[37m[36mINFO[0m[0m 09/04 04:42:52 | Algorithm: CIPTDCCL
[37m[36mINFO[0m[0m 09/04 04:42:52 | Dataset: VLCS
+------------+---------+---------+---------+---------+---------+
| Selection  |   env0  |   env1  |   env2  |   env3  |   Avg.  |
+------------+---------+---------+---------+---------+---------+
|   oracle   | 99.647% | 69.929% | 86.338% | 79.398% | 83.828% |
|    iid     | 88.074% | 64.282% | 85.709% | 77.342% | 78.852% |
|    last    | 90.813% | 62.965% | 79.415% | 74.486% | 76.920% |
| last (inD) | 83.872% | 91.906% | 87.898% | 88.826% | 88.126% |
| iid (inD)  | 85.876% | 92.860% | 88.715% | 90.239% | 89.422% |
+------------+---------+---------+---------+---------+---------+
