[37m[36mINFO[0m[0m 07/24 21:20:04 | Command :: train_all.py pacs2_piccl_reliable_a --dataset PACS --algorithm PICCL --model resnet50 --data_dir /home/hooasia/lgg/data/repro_dccl_data --output_root train_output/PACS5 --steps 5000 --checkpoint_freq 100 --seed 0 --trial_seed 0 --deterministic --weight_decay 0.0 --t 0.1 --use_piccl true --piccl_rank 16 --piccl_beta_max 0.20 --piccl_residual_scale 0.20 --piccl_isr_weight 0.03 --piccl_orth_weight 0.001 --piccl_warmup_ratio 0.05 --piccl_ramp_ratio 0.10 --piccl_min_domain_samples 8 --piccl_use_reliable_contrast true --piccl_reliable_contrast_min_weight 0.60 --piccl_reliable_contrast_gamma_max 0.20 --piccl_reliable_contrast_warmup_steps 1000 --piccl_reliable_contrast_ramp_steps 1000 --piccl_reliable_contrast_min_delta_norm 1e-6
Environment:
	Python: 3.10.20
	PyTorch: 2.5.1+cu121
	Torchvision: 0.20.1+cu121
	CUDA: 12.1
	CUDNN: 90100
	NumPy: 2.2.6
	PIL: 12.0.0
Args:
	TN: False
	algorithm: PICCL
	aug: 0
	checkpoint_freq: 100
	configs: []
	data_dir: /home/hooasia/lgg/data/repro_dccl_data
	dataset: PACS
	debug: False
	deterministic: True
	domainnet_auto_source_count: 3
	erm_baseline: weak
	evalmode: fast
	holdout_fraction: 0.2
	l: 1
	l_d: 0.05
	l_layer: 1
	label_ratio: 1.0
	lamda: 5
	log: False
	mix: 0
	model: resnet50
	model_save: None
	n_layer: 1
	name: pacs2_piccl_reliable_a
	out_dir: train_output/PACS5/260724_21-20-04_pacs2_piccl_reliable_a
	out_root: train_output/PACS5
	output_root: train_output/PACS5
	pos_mask: False
	prebuild_loader: False
	re_w: False
	sample_d: False
	seed: 0
	selection_key: SWAD
	show: False
	source_envs: None
	start_epoch: 1000
	steps: 5000
	sup: True
	t: 0.1
	t_pre: 0.2
	target_env: None
	tb_freq: 10
	test_envs: None
	trial_seed: 0
	two_ce: False
	unique_name: 260724_21-20-04_pacs2_piccl_reliable_a
	weak_erm: False
	work_dir: .
HParams:
	data_augmentation: True
	val_augment: False
	resnet18: False
	resnet_dropout: 0.0
	class_balanced: False
	optimizer: adam
	freeze_bn: True
	pretrained: True
	lr: 5e-05
	batch_size: 32
	[36mweight_decay: 0.0
	[0m[36mpiccl_rank: 16
	[0m[36mpiccl_beta_max: 0.2
	[0m[36mpiccl_isr_weight: 0.03
	[0m[36mpiccl_orth_weight: 0.001
	[0mpiccl_isr_aug_weight: 1.0
	piccl_isr_dom_weight: 0.25
	piccl_warmup_steps: 0
	piccl_ramp_steps: 0
	[36mpiccl_warmup_ratio: 0.05
	[0m[36mpiccl_ramp_ratio: 0.1
	[0mpiccl_min_delta_norm: 0.0001
	[36mpiccl_min_domain_samples: 8
	[0mpiccl_semantic_threshold: 0.2
	piccl_semantic_min_weight: 0.2
	[36mpiccl_residual_scale: 0.2
	[0mpiccl_strict_bypass: True
	[36muse_piccl: True
	[0m[36mpiccl_use_reliable_contrast: True
	[0m[36mpiccl_reliable_contrast_min_weight: 0.6
	[0m[36mpiccl_reliable_contrast_gamma_max: 0.2
	[0m[36mpiccl_reliable_contrast_warmup_steps: 1000
	[0m[36mpiccl_reliable_contrast_ramp_steps: 1000
	[0m[36mpiccl_reliable_contrast_min_delta_norm: 1e-06
	[0mt: 0.1
	t_pre: 0.2
	l: 1
	l_d: 0.01
	l_layer: 1
	n_layer: 1
	sup: True
	two_ce: False
	sample_d: False
	re_w: False
	pos_mask: False
	mix: 0
	aug: 0
	model: resnet50
	label_ratio: 1.0
	TN: False
	lamda: 5
	start_epoch: 1000
	log: False
	swad: LossValley
	swad_kwargs: 
	  n_converge: 3
	  n_tolerance: 6
	  tolerance_ratio: 0.3
	test_batchsize: 128
	indomain_test: False
Dataset:
	[PACS] #envs=4, #classes=7
	env0: art_painting (#2048)
	env1: cartoon (#2344)
	env2: photo (#1670)
	env3: sketch (#3929)

[37m[36mINFO[0m[0m 07/24 21:20:09 | n_steps = 5000
[37m[36mINFO[0m[0m 07/24 21:20:09 | checkpoint_freq = 100
[37m[36mINFO[0m[0m 07/24 21:20:09 | n_steps is updated to 5000 => 5001 for checkpointing
[37m[36mINFO[0m[0m 07/24 21:20:09 | Target test envs = [[0], [1], [2], [3]]
[37m[36mINFO[0m[0m 07/24 21:20:09 | 
[37m[36mINFO[0m[0m 07/24 21:20:13 | Testenv name escaping te_art_painting -> te_art_painting
[37m[36mINFO[0m[0m 07/24 21:20:13 | Test envs = [0], name = te_art_painting
[37m[36mINFO[0m[0m 07/24 21:20:13 | Batch sizes for each domain: [0, 32, 32, 32] (total=96)
[37m[36mINFO[0m[0m 07/24 21:20:13 | steps-per-epoch for each domain: 58.62, 41.75, 98.25 -> min = 41.75
[37m[36mINFO[0m[0m 07/24 21:20:15 | # of params = 49165255
[37m[36mINFO[0m[0m 07/24 21:20:29 | test_in     test_out    train_in    train_out   tr_outloss  env0_in     env0_out    env1_out    env2_out    env3_out    step        epoch       loss        loss_cls    sup_cl_los  pre_cl_los  reg_loss    loss_isr    loss_isr_a  loss_isr_d  loss_orth   piccl_lamb  piccl_beta  valid_augm  valid_clas  delta_aug_  delta_aug_  delta_dom_  delta_dom_  projection  basis_orth  basis_rank  basis_norm  residual_b  residual_b  piccl_has_  reliable_c  reliable_c  cross_doma  valid_reli  pair_relia  pair_relia  pair_relia  pair_weigh  pair_weigh  pair_weigh  pair_weigh  pair_weigh  mean_sensi  mean_pair_  weighted_c  unweighted  self_aug_p  cross_doma  reliable_c  reliable_c  reliable_c  reliable_c  reliable_c  reliable_c  reliable_c  step_time   eval_time  
[37m[36mINFO[0m[0m 07/24 21:20:29 | 0.131178    0.178484    0.000000    0.236210    1.887570    0.131178    0.178484    0.226496    0.260479    0.221656    0           0.000000    12.300487   1.940914    5.304292    5.112845    -5.756462   0.000000    0.000000    0.000000    0.002203    0.000000    0.000000    0.000000    0.000000    0.000000    0.000000    0.000000    0.000000    0.000000    0.002203    16.000000   3.639568    0.000000    0.000000    0.000000    1.000000    0.000000    3480.00000  870.000000  0.006702    0.001900    0.017287    1.000000    1.000000    1.000000    0.000000    0.000000    0.006702    22.969957   5.304292    5.304292    192.000000  3480.00000  0.000000    1.000000    1.000000    1.000000    1.000000    1.000000    1.000000    1.783603    12.471174  
[37m[36mINFO[0m[0m 07/24 21:22:01 | 0.881025    0.894866    0.000000    0.950197    0.145186    0.881025    0.894866    0.970085    0.976048    0.904459    100         2.395210    8.770340    0.326741    3.839952    4.600411    0.323610    0.992516    0.992516    0.000000    0.002203    0.000000    0.000000    96.000000   0.000000    12.034618   23.645016   0.000000    0.000000    0.007484    0.002203    16.000000   3.639568    0.000000    0.000000    0.000000    1.000000    0.000000    3330.16000  832.540000  0.007461    0.001868    0.017332    1.000000    1.000000    1.000000    0.000000    0.000000    0.007461    24.638028   3.839952    3.839952    192.000000  3330.16000  0.000000    1.000000    1.000000    1.000000    1.000000    1.000000    1.000000    0.703687    11.850522  
[37m[36mINFO[0m[0m 07/24 21:23:34 | 0.850519    0.860636    0.000000    0.967351    0.103842    0.850519    0.860636    0.965812    0.991018    0.945223    200         4.790419    7.977029    0.101356    3.542189    4.348330    -1.484555   0.992425    0.992425    0.000000    0.002203    0.000000    0.000000    96.000000   0.000000    11.126704   21.808230   0.000000    0.000000    0.007566    0.002203    16.000000   3.639568    0.000000    0.000000    0.000000    1.000000    0.000000    3380.08000  845.020000  0.007636    0.001984    0.017803    1.000000    1.000000    1.000000    0.000000    0.000000    0.007636    17.511596   3.542189    3.542189    192.000000  3380.08000  0.000000    1.000000    1.000000    1.000000    1.000000    1.000000    1.000000    0.706003    13.177921  
[37m[36mINFO[0m[0m 07/24 21:25:10 | 0.872483    0.880196    0.000000    0.951164    0.142541    0.872483    0.880196    0.948718    0.985030    0.919745    300         7.185629    7.724957    0.057591    3.462138    4.225670    -2.138815   1.115303    0.991786    0.494068    0.002207    0.025500    0.005100    96.000000   10.040000   10.870351   21.860303   4.718238    6.024246    0.008263    0.002208    16.000000   3.638997    3.470000    10.090000   0.000000    1.000000    0.000000    3395.20000  848.800000  0.008331    0.002177    0.019812    1.000000    1.000000    1.000000    0.000000    0.000000    0.008331    15.027233   3.462138    3.462138    192.000000  3395.20000  0.000000    1.000000    1.000000    1.000000    1.000000    1.000000    1.000000    0.767092    13.024146  
[37m[36mINFO[0m[0m 07/24 21:26:39 | 0.856620    0.855746    0.000000    0.971589    0.097568    0.856620    0.855746    0.972222    0.982036    0.960510    400         9.580838    7.602306    0.037115    3.420908    4.162997    -2.602859   1.216580    0.983171    0.933639    0.002270    0.201000    0.040200    96.000000   21.000000   10.639840   20.372914   8.474092    11.350578   0.017073    0.002271    16.000000   3.633189    7.000000    21.000000   0.000000    1.000000    0.000000    3391.36000  847.840000  0.017514    0.003672    0.044007    1.000000    1.000000    1.000000    0.000000    0.000000    0.017514    13.467711   3.420908    3.420908    192.000000  3391.36000  0.000000    1.000000    1.000000    1.000000    1.000000    1.000000    1.000000    0.685278    13.063046  
[37m[36mINFO[0m[0m 07/24 21:28:15 | 0.890787    0.889976    0.000000    0.974000    0.090370    0.890787    0.889976    0.974359    0.982036    0.965605    500         11.976048   7.534989    0.032301    3.402605    4.115844    -2.974667   1.164927    0.967623    0.789218    0.002421    0.401000    0.080200    96.000000   21.000000   10.495561   20.110913   8.053531    10.940559   0.032686    0.002423    16.000000   3.624454    7.000000    21.000000   0.000000    1.000000    0.000000    3409.60000  852.400000  0.033241    0.005170    0.094253    1.000000    1.000000    1.000000    0.000000    0.000000    0.033241    12.591298   3.402605    3.402605    192.000000  3409.60000  0.000000    1.000000    1.000000    1.000000    1.000000    1.000000    1.000000    0.783632    13.778167  
[37m[36mINFO[0m[0m 07/24 21:29:48 | 0.855400    0.860636    0.000000    0.971153    0.100734    0.855400    0.860636    0.970085    0.979042    0.964331    600         14.371257   7.492501    0.030205    3.397827    4.077292    -3.277988   1.108251    0.951351    0.627600    0.002780    0.601000    0.120200    96.000000   21.000000   10.367116   20.074867   7.983765    10.838389   0.049031    0.002784    16.000000   3.606458    7.000000    21.000000   0.000000    1.000000    0.000000    3367.52000  841.880000  0.047196    0.006263    0.136528    1.000000    1.000000    1.000000    0.000000    0.000000    0.047196    12.053538   3.397827    3.397827    192.000000  3367.52000  0.000000    1.000000    1.000000    1.000000    1.000000    1.000000    1.000000    0.755129    13.753462  
[37m[36mINFO[0m[0m 07/24 21:31:21 | 0.840757    0.850856    0.000000    0.973450    0.089943    0.840757    0.850856    0.978632    0.985030    0.956688    700         16.766467   7.458025    0.030775    3.388889    4.047855    -3.494806   1.059994    0.934658    0.501343    0.003325    0.801000    0.160200    96.000000   21.000000   10.396948   19.795095   7.995868    10.922120   0.065839    0.003331    16.000000   3.582472    7.000000    21.000000   0.000000    1.000000    0.000000    3355.60000  838.900000  0.060043    0.006936    0.180383    1.000000    1.000000    1.000000    0.000000    0.000000    0.060043    11.303145   3.388889    3.388889    192.000000  3355.60000  0.000000    1.000000    1.000000    1.000000    1.000000    1.000000    1.000000    0.767431    13.214751  
[37m[36mINFO[0m[0m 07/24 21:32:57 | 0.858450    0.850856    0.000000    0.965335    0.120652    0.858450    0.850856    0.970085    0.973054    0.952866    800         19.161677   7.395944    0.016724    3.367023    4.019324    -3.705321   1.022747    0.918924    0.415293    0.003941    0.975500    0.195100    96.000000   21.000000   10.365547   19.613728   8.046323    11.040830   0.081524    0.003947    16.000000   3.557605    7.000000    21.000000   0.000000    1.000000    0.000000    3383.76000  845.940000  0.073353    0.008351    0.225474    1.000000    1.000000    1.000000    0.000000    0.000000    0.073353    11.037456   3.367023    3.367023    192.000000  3383.76000  0.000000    1.000000    1.000000    1.000000    1.000000    1.000000    1.000000    0.795793    12.614763  
[37m[36mINFO[0m[0m 07/24 21:34:32 | 0.829164    0.843521    0.000000    0.967629    0.126034    0.829164    0.843521    0.970085    0.985030    0.947771    900         21.556886   7.365878    0.013047    3.360230    4.001506    -3.883323   0.997485    0.905381    0.368418    0.004505    1.000000    0.200000    96.000000   21.000000   10.303827   19.876109   8.058874    11.026277   0.095022    0.004510    16.000000   3.535640    7.000000    21.000000   0.000000    1.000000    0.000000    3347.92000  836.980000  0.084110    0.009167    0.267404    1.000000    1.000000    1.000000    0.000000    0.000000    0.084110    11.021714   3.360230    3.360230    192.000000  3347.92000  0.000000    1.000000    1.000000    1.000000    1.000000    1.000000    1.000000    0.797509    12.615325  
[37m[36mINFO[0m[0m 07/24 21:36:06 | 0.843807    0.850856    0.000000    0.967316    0.111571    0.843807    0.850856    0.959402    0.982036    0.960510    1000        23.952096   7.374152    0.017947    3.373660    3.993786    -4.059540   0.978302    0.892388    0.343656    0.004975    1.000000    0.200000    96.000000   21.000000   10.264090   20.016849   8.090419    11.018596   0.108193    0.004980    16.000000   3.517194    7.000000    21.000000   0.000000    1.000000    0.000000    3401.36000  850.340000  0.094540    0.010162    0.300114    1.000000    1.000000    1.000000    0.000000    0.000000    0.094540    10.656909   3.373660    3.373660    192.000000  3401.36000  0.000000    1.000000    1.000000    1.000000    1.000000    1.000000    1.000000    0.783807    13.003104  
[37m[36mINFO[0m[0m 07/24 21:37:38 | 0.884076    0.877751    0.000000    0.973450    0.091706    0.884076    0.877751    0.978632    0.985030    0.956688    1100        26.347305   7.317382    0.012804    3.353238    3.964356    -4.184006   0.960602    0.879949    0.322613    0.005394    1.000000    0.200000    96.000000   21.000000   10.339577   19.708066   8.089709    11.033747   0.120348    0.005398    16.000000   3.500803    7.000000    21.000000   0.000000    1.000000    0.010100    3354.56000  838.640000  0.099550    0.010434    0.324055    0.995960    0.995960    0.995960    0.000000    0.000000    0.099550    10.200798   3.353238    3.353294    192.000000  3341.00342  0.000000    0.995960    0.995960    0.995960    0.995960    0.995960    0.995960    0.761739    13.180779  
[37m[36mINFO[0m[0m 07/24 21:39:11 | 0.861501    0.860636    0.000000    0.957088    0.168657    0.861501    0.860636    0.948718    0.976048    0.946497    1200        28.742515   7.307840    0.010271    3.351947    3.961526    -4.428376   0.945802    0.868456    0.309385    0.005779    1.000000    0.200000    96.000000   21.000000   10.231937   19.461932   8.071431    10.908187   0.131912    0.005783    16.000000   3.485694    7.000000    21.000000   0.000000    1.000000    0.030100    3407.04000  851.760000  0.099271    0.010662    0.328967    0.987960    0.987960    0.987960    0.000000    0.000000    0.099271    9.779874    3.351947    3.352105    192.000000  3366.02512  0.000000    0.987960    0.987960    0.987960    0.987960    0.987960    0.987960    0.762568    13.207261  
[37m[36mINFO[0m[0m 07/24 21:40:43 | 0.866992    0.877751    0.000000    0.970176    0.117702    0.866992    0.877751    0.970085    0.985030    0.955414    1300        31.137725   7.302891    0.011047    3.354562    3.954650    -4.547924   0.936838    0.861759    0.300316    0.006122    1.000000    0.200000    96.000000   21.000000   10.210869   19.275255   8.046186    10.876075   0.138819    0.006125    16.000000   3.472262    7.000000    21.000000   0.000000    1.000000    0.050100    3397.84000  849.460000  0.107263    0.011510    0.345721    0.979960    0.979960    0.979960    0.000000    0.000000    0.107263    10.039482   3.354562    3.354841    192.000000  3329.68172  0.000000    0.979960    0.979960    0.979960    0.979960    0.979960    0.979960    0.751831    13.355753  
[37m[36mINFO[0m[0m 07/24 21:42:19 | 0.844417    0.848411    0.000000    0.960240    0.156520    0.844417    0.848411    0.970085    0.973054    0.937580    1400        33.532934   7.285270    0.009727    3.352791    3.941678    -4.682719   0.929843    0.856403    0.293760    0.006432    1.000000    0.200000    96.000000   21.000000   10.253416   19.299884   8.075219    10.997213   0.144050    0.006435    16.000000   3.460149    7.000000    21.000000   0.000000    1.000000    0.070100    3416.48000  854.120000  0.107574    0.011513    0.365081    0.971960    0.971960    0.971960    0.000000    0.000000    0.107574    9.723049    3.352791    3.353167    192.000000  3320.72150  0.000000    0.971960    0.971960    0.971960    0.971960    0.971960    0.971960    0.787443    14.209475  
[37m[36mINFO[0m[0m 07/24 21:43:53 | 0.821843    0.848411    0.000000    0.968167    0.129098    0.821843    0.848411    0.963675    0.979042    0.961783    1500        35.928144   7.281410    0.012461    3.356301    3.933077    -4.802973   0.919800    0.848507    0.285175    0.006709    1.000000    0.200000    96.000000   21.000000   10.250999   19.128458   8.086035    11.073139   0.151943    0.006711    16.000000   3.449268    7.000000    21.000000   0.000000    1.000000    0.090100    3373.28000  843.320000  0.117724    0.012140    0.379546    0.963960    0.963960    0.963960    0.000000    0.000000    0.117724    9.784045    3.356301    3.356809    192.000000  3251.72007  0.000000    0.963960    0.963960    0.963960    0.963960    0.963960    0.963960    0.757583    14.666414  
[37m[36mINFO[0m[0m 07/24 21:45:29 | 0.840146    0.863081    0.000000    0.974307    0.099788    0.840146    0.863081    0.972222    0.994012    0.956688    1600        38.323353   7.254517    0.014389    3.353304    3.908087    -4.864653   0.912535    0.843569    0.275862    0.006965    1.000000    0.200000    96.000000   21.000000   10.279256   19.607022   8.051154    10.990461   0.156893    0.006967    16.000000   3.439211    7.000000    21.000000   0.000000    1.000000    0.110100    3341.76000  835.440000  0.121576    0.013005    0.379497    0.955960    0.955960    0.955960    0.000000    0.000000    0.121576    9.721615    3.353304    3.353896    192.000000  3194.55138  0.000000    0.955960    0.955960    0.955960    0.955960    0.955960    0.955960    0.788067    14.700505  
[37m[36mINFO[0m[0m 07/24 21:47:03 | 0.884686    0.877751    0.000000    0.974871    0.095158    0.884686    0.877751    0.974359    0.991018    0.959236    1700        40.718563   7.224465    0.005254    3.337129    3.905598    -5.070201   0.905934    0.838076    0.271430    0.007205    1.000000    0.200000    96.000000   21.000000   10.265432   19.490600   8.041146    11.097919   0.162283    0.007207    16.000000   3.429726    7.000000    21.000000   0.000000    1.000000    0.130100    3372.88000  843.220000  0.118776    0.012124    0.382582    0.947960    0.947960    0.947960    0.000000    0.000000    0.118776    9.607855    3.337129    3.337750    192.000000  3197.30022  0.000000    0.947960    0.947960    0.947960    0.947960    0.947960    0.947960    0.763874    14.768815  
[37m[36mINFO[0m[0m 07/24 21:48:36 | 0.793167    0.787286    0.000000    0.948256    0.235176    0.793167    0.787286    0.952991    0.949102    0.942675    1800        43.113772   7.252633    0.013532    3.359247    3.904828    -5.212029   0.904637    0.837415    0.268886    0.007409    1.000000    0.200000    96.000000   21.000000   10.222293   19.388678   8.028309    11.080038   0.163273    0.007411    16.000000   3.421268    7.000000    21.000000   0.000000    1.000000    0.150100    3397.12000  849.280000  0.123462    0.013328    0.391072    0.939960    0.939960    0.939960    0.000000    0.000000    0.123462    9.432522    3.359247    3.360138    192.000000  3193.11191  0.000000    0.939960    0.939960    0.939960    0.939960    0.939960    0.939960    0.754719    13.929053  
[37m[36mINFO[0m[0m 07/24 21:50:10 | 0.802929    0.801956    0.000000    0.963224    0.137951    0.802929    0.801956    0.972222    0.976048    0.941401    1900        45.508982   7.248017    0.012056    3.358000    3.903177    -5.212841   0.896838    0.831468    0.261480    0.007587    1.000000    0.200000    96.000000   21.000000   10.257122   19.360042   8.027191    10.998343   0.169105    0.007589    16.000000   3.413630    7.000000    21.000000   0.000000    1.000000    0.170100    3413.44000  853.360000  0.140452    0.013642    0.425505    0.931960    0.931960    0.931960    0.000000    0.000000    0.140452    9.941553    3.358000    3.358944    192.000000  3181.13533  0.000000    0.931960    0.931960    0.931960    0.931960    0.931960    0.931960    0.753047    14.397961  
[37m[36mINFO[0m[0m 07/24 21:51:41 | 0.864552    0.865526    0.000000    0.968470    0.104407    0.864552    0.865526    0.976496    0.976048    0.952866    2000        47.904192   7.236470    0.015964    3.358127    3.889287    -5.371511   0.893306    0.829011    0.257180    0.007749    1.000000    0.200000    96.000000   21.000000   10.279147   19.443718   8.012839    11.000758   0.171474    0.007750    16.000000   3.406391    7.000000    21.000000   0.000000    1.000000    0.190100    3373.68000  843.420000  0.140371    0.013619    0.457370    0.923960    0.923960    0.923960    0.000000    0.000000    0.140371    9.851985    3.358127    3.359247    192.000000  3117.12722  0.000000    0.923960    0.923960    0.923960    0.923960    0.923960    0.923960    0.686537    13.188246  
[37m[36mINFO[0m[0m 07/24 21:53:14 | 0.845638    0.848411    0.000000    0.961367    0.129341    0.845638    0.848411    0.974359    0.967066    0.942675    2100        50.299401   7.233119    0.015569    3.356797    3.888500    -5.441387   0.888642    0.825594    0.252193    0.007894    1.000000    0.200000    96.000000   21.000000   10.241066   19.614557   8.012296    10.932741   0.174797    0.007895    16.000000   3.399636    7.000000    21.000000   0.000000    1.000000    0.200000    3387.84000  846.960000  0.144949    0.014575    0.458293    0.920000    0.920000    0.920000    0.000000    0.000000    0.144949    9.820622    3.356797    3.357958    192.000000  3116.81282  0.000000    0.920000    0.920000    0.920000    0.920000    0.920000    0.920000    0.766908    13.195058  
[37m[36mINFO[0m[0m 07/24 21:54:46 | 0.877974    0.872861    0.000000    0.968754    0.125832    0.877974    0.872861    0.970085    0.982036    0.954140    2200        52.694611   7.194952    0.008201    3.342477    3.873929    -5.619890   0.884535    0.822529    0.248026    0.008030    1.000000    0.200000    96.000000   21.000000   10.247922   19.560199   7.982163    10.805317   0.177919    0.008032    16.000000   3.392991    7.000000    21.000000   0.000000    1.000000    0.200000    3350.96000  837.740000  0.138950    0.013952    0.481806    0.920000    0.920000    0.920000    0.000000    0.000000    0.138950    9.472673    3.342477    3.343502    192.000000  3082.88322  0.000000    0.920000    0.920000    0.920000    0.920000    0.920000    0.920000    0.761620    13.410010  
[37m[36mINFO[0m[0m 07/24 21:56:23 | 0.858450    0.850856    0.000000    0.971454    0.106168    0.858450    0.850856    0.978632    0.979042    0.956688    2300        55.089820   7.172937    0.005572    3.333781    3.864512    -5.745368   0.883877    0.823254    0.242492    0.008145    1.000000    0.200000    96.000000   21.000000   10.166710   19.295256   7.980507    10.786927   0.177072    0.008146    16.000000   3.386829    7.000000    21.000000   0.000000    1.000000    0.200000    3356.00000  839.000000  0.135853    0.014919    0.467268    0.920000    0.920000    0.920000    0.000000    0.000000    0.135853    9.167705    3.333781    3.334820    192.000000  3087.52000  0.000000    0.920000    0.920000    0.920000    0.920000    0.920000    0.920000    0.794298    13.782213  
[37m[36mINFO[0m[0m 07/24 21:57:59 | 0.828554    0.841076    0.000000    0.970730    0.112150    0.828554    0.841076    0.974359    0.976048    0.961783    2400        57.485030   7.178371    0.005685    3.337258    3.867992    -5.893409   0.878739    0.819079    0.238639    0.008243    1.000000    0.200000    96.000000   21.000000   10.107934   19.092305   7.998283    10.823618   0.181193    0.008244    16.000000   3.381131    7.000000    21.000000   0.000000    1.000000    0.200000    3397.60000  849.400000  0.136239    0.015215    0.470939    0.920000    0.920000    0.920000    0.000000    0.000000    0.136239    9.022935    3.337258    3.338333    192.000000  3125.79201  0.000000    0.920000    0.920000    0.920000    0.920000    0.920000    0.920000    0.798566    13.778581  
[37m[36mINFO[0m[0m 07/24 21:59:33 | 0.810250    0.797066    0.000000    0.969040    0.122735    0.810250    0.797066    0.967949    0.985030    0.954140    2500        59.880240   7.196046    0.015337    3.355062    3.858497    -5.912584   0.875601    0.816960    0.234565    0.008335    1.000000    0.200000    96.000000   21.000000   10.187926   19.930234   7.966845    10.797862   0.183571    0.008335    16.000000   3.375543    7.000000    21.000000   0.000000    1.000000    0.200000    3359.44000  839.860000  0.152035    0.016937    0.499734    0.920000    0.920000    0.920034    0.000000    0.000000    0.152035    9.356835    3.355062    3.356244    192.000000  3090.68509  0.000000    0.920000    0.920000    0.920000    0.920000    0.920000    0.920000    0.762607    13.513210  
[37m[36mINFO[0m[0m 07/24 22:01:03 | 0.822453    0.838631    0.000000    0.962359    0.136637    0.822453    0.838631    0.961538    0.979042    0.946497    2600        62.275449   7.213596    0.016334    3.363155    3.867607    -5.956348   0.868525    0.811024    0.230005    0.008432    1.000000    0.200000    96.000000   21.000000   10.316395   19.592271   7.950280    10.841613   0.189342    0.008433    16.000000   3.369870    7.000000    21.000000   0.000000    1.000000    0.200000    3396.88000  849.220000  0.154651    0.016232    0.525401    0.920000    0.920000    0.920179    0.000000    0.000000    0.154651    9.508410    3.363155    3.364347    192.000000  3125.13104  0.000000    0.920001    0.920000    0.920001    0.920000    0.920000    0.920000    0.675671    13.662891  
[37m[36mINFO[0m[0m 07/24 22:02:34 | 0.813911    0.799511    0.000000    0.964193    0.126352    0.813911    0.799511    0.955128    0.982036    0.955414    2700        64.670659   7.187275    0.012952    3.353404    3.855414    -6.044175   0.864590    0.807983    0.226429    0.008539    1.000000    0.200000    96.000000   21.000000   10.222116   19.398691   8.022080    11.053359   0.192377    0.008540    16.000000   3.363849    7.000000    21.000000   0.000000    1.000000    0.200000    3373.36000  843.340000  0.154509    0.017298    0.542598    0.920001    0.920000    0.920374    0.000000    0.000000    0.154509    9.276948    3.353404    3.354516    192.000000  3103.49500  0.000000    0.920001    0.920002    0.920001    0.920000    0.920002    0.920000    0.674829    14.838021  
[37m[36mINFO[0m[0m 07/24 22:04:09 | 0.835876    0.833741    0.000000    0.971014    0.113837    0.835876    0.833741    0.967949    0.982036    0.963057    2800        67.065868   7.171498    0.008745    3.345024    3.854024    -6.216970   0.862216    0.807347    0.219479    0.008637    1.000000    0.200000    96.000000   21.000000   10.170787   19.315640   8.038479    11.085211   0.193145    0.008638    16.000000   3.357919    7.000000    21.000000   0.000000    1.000000    0.200000    3388.80000  847.200000  0.150181    0.016529    0.545665    0.920003    0.920000    0.920583    0.000000    0.000000    0.150181    9.148457    3.345024    3.346081    192.000000  3117.70459  0.000000    0.920003    0.920003    0.920003    0.920001    0.920003    0.920001    0.790656    12.666119  
[37m[36mINFO[0m[0m 07/24 22:05:43 | 0.816962    0.833741    0.000000    0.977972    0.076197    0.816962    0.833741    0.978632    0.982036    0.973248    2900        69.461078   7.124783    0.004812    3.328785    3.828137    -6.273680   0.859218    0.805400    0.215271    0.008723    1.000000    0.200000    96.000000   21.000000   10.186889   19.172643   8.034894    10.939659   0.194905    0.008724    16.000000   3.352291    7.000000    21.000000   0.000000    1.000000    0.200000    3321.36000  830.340000  0.140461    0.015943    0.518662    0.920002    0.920000    0.920466    0.000000    0.000000    0.140461    9.229592    3.328785    3.329819    192.000000  3055.65795  0.000000    0.920002    0.920003    0.920002    0.920001    0.920003    0.920001    0.777334    12.809268  
[37m[36mINFO[0m[0m 07/24 22:07:15 | 0.840146    0.860636    0.000000    0.967587    0.130213    0.840146    0.860636    0.974359    0.964072    0.964331    3000        71.856287   7.177654    0.010376    3.351779    3.853768    -6.391504   0.854576    0.802147    0.209713    0.008809    1.000000    0.200000    96.000000   21.000000   10.194315   19.407412   8.039786    10.882876   0.198193    0.008810    16.000000   3.346581    7.000000    21.000000   0.000000    1.000000    0.200000    3408.56000  852.140000  0.149195    0.017804    0.519842    0.920001    0.920000    0.920535    0.000000    0.000000    0.149195    9.117513    3.351779    3.352876    192.000000  3135.87983  0.000000    0.920001    0.920002    0.920001    0.920000    0.920002    0.920000    0.755163    13.249973  
[37m[36mINFO[0m[0m 07/24 22:08:46 | 0.868822    0.887531    0.000000    0.973301    0.112518    0.868822    0.887531    0.978632    0.982036    0.959236    3100        74.251497   7.165506    0.010414    3.345937    3.848219    -6.451174   0.847932    0.797386    0.202183    0.008892    1.000000    0.200000    96.000000   21.000000   10.241693   19.561502   8.013953    10.874595   0.203175    0.008893    16.000000   3.340966    7.000000    21.000000   0.000000    1.000000    0.200000    3390.88000  847.720000  0.159383    0.017663    0.567730    0.920010    0.920000    0.921873    0.000000    0.000000    0.159383    9.361876    3.345937    3.347082    192.000000  3119.64159  0.000000    0.920009    0.920019    0.920009    0.920000    0.920019    0.920000    0.753437    13.111162  
[37m[36mINFO[0m[0m 07/24 22:10:18 | 0.823063    0.838631    0.000000    0.968175    0.100217    0.823063    0.838631    0.957265    0.988024    0.959236    3200        76.646707   7.143566    0.010142    3.342122    3.831494    -6.558008   0.845997    0.796213    0.199133    0.008979    1.000000    0.200000    96.000000   21.000000   10.213162   19.421589   8.057686    11.066397   0.204361    0.008980    16.000000   3.335232    7.000000    21.000000   0.000000    1.000000    0.200000    3357.60000  839.400000  0.158558    0.018010    0.583413    0.920013    0.920000    0.922267    0.000000    0.000000    0.158558    9.267747    3.342122    3.343234    192.000000  3089.03667  0.000000    0.920008    0.920029    0.920008    0.920001    0.920029    0.920001    0.756644    13.142212  
[37m[36mINFO[0m[0m 07/24 22:11:51 | 0.856010    0.850856    0.000000    0.970030    0.111240    0.856010    0.850856    0.974359    0.979042    0.956688    3300        79.041916   7.131177    0.007035    3.336403    3.828588    -6.617970   0.844043    0.794593    0.197801    0.009064    1.000000    0.200000    96.000000   21.000000   10.161930   19.061616   8.068557    11.124867   0.205606    0.009064    16.000000   3.329503    7.000000    21.000000   0.000000    1.000000    0.200000    3363.28000  840.820000  0.158241    0.018230    0.561086    0.920015    0.920000    0.922551    0.000000    0.000000    0.158241    9.003133    3.336403    3.337456    192.000000  3094.26723  0.000000    0.920005    0.920035    0.920005    0.920002    0.920035    0.920002    0.769144    13.384946  
[37m[36mINFO[0m[0m 07/24 22:13:26 | 0.863331    0.848411    0.000000    0.967893    0.129570    0.863331    0.848411    0.967949    0.979042    0.956688    3400        81.437126   7.125497    0.005526    3.335304    3.826861    -6.746366   0.842056    0.793697    0.193433    0.009135    1.000000    0.200000    96.000000   21.000000   10.092927   19.030777   8.004434    10.984611   0.206681    0.009136    16.000000   3.324086    7.000000    21.000000   0.000000    1.000000    0.200000    3376.24000  844.060000  0.158334    0.018162    0.565942    0.920009    0.920000    0.922204    0.000000    0.000000    0.158334    9.027605    3.335304    3.336410    192.000000  3106.16923  0.000000    0.920003    0.920022    0.920003    0.920000    0.920022    0.920000    0.785491    13.034010  
[37m[36mINFO[0m[0m 07/24 22:14:56 | 0.751678    0.787286    0.000000    0.957073    0.165109    0.751678    0.787286    0.965812    0.955090    0.950318    3500        83.832335   7.147009    0.013155    3.350853    3.826004    -6.810256   0.836333    0.789044    0.189158    0.009208    1.000000    0.200000    96.000000   21.000000   10.123568   19.349118   7.941624    10.721918   0.211505    0.009208    16.000000   3.318634    7.000000    21.000000   0.000000    1.000000    0.200000    3390.72000  847.680000  0.162502    0.019286    0.565202    0.920016    0.920000    0.923216    0.000000    0.000000    0.162502    9.151358    3.350853    3.352104    192.000000  3119.51831  0.000000    0.920007    0.920037    0.920007    0.920003    0.920037    0.920003    0.661375    14.140821  
[37m[36mINFO[0m[0m 07/24 22:16:32 | 0.835876    0.833741    0.000000    0.963202    0.152613    0.835876    0.833741    0.972222    0.967066    0.950318    3600        86.227545   7.140831    0.012512    3.343997    3.827715    -6.843587   0.834454    0.788503    0.183805    0.009289    1.000000    0.200000    96.000000   21.000000   10.138596   19.214653   7.976220    10.981359   0.212190    0.009290    16.000000   3.312913    7.000000    21.000000   0.000000    1.000000    0.200000    3384.40000  846.100000  0.166159    0.019019    0.579459    0.920029    0.920000    0.923538    0.000000    0.000000    0.166159    9.012924    3.343997    3.345084    192.000000  3113.74415  0.000000    0.920022    0.920058    0.920022    0.920001    0.920058    0.920001    0.785326    13.965462  
[37m[36mINFO[0m[0m 07/24 22:18:08 | 0.869433    0.872861    0.000000    0.976571    0.084950    0.869433    0.872861    0.978632    0.988024    0.963057    3700        88.622754   7.104309    0.002651    3.330387    3.815964    -6.971520   0.833758    0.788693    0.180257    0.009369    1.000000    0.200000    96.000000   21.000000   10.183602   19.365902   8.016505    11.028360   0.211587    0.009369    16.000000   3.307295    7.000000    21.000000   0.000000    1.000000    0.200000    3385.28000  846.320000  0.159972    0.019060    0.564722    0.920011    0.920000    0.922179    0.000000    0.000000    0.159972    9.153091    3.330387    3.331351    192.000000  3114.49565  0.000000    0.920005    0.920025    0.920005    0.920002    0.920025    0.920002    0.790696    14.064959  
[37m[36mINFO[0m[0m 07/24 22:19:38 | 0.874314    0.865526    0.000000    0.974726    0.098394    0.874314    0.865526    0.982906    0.982036    0.959236    3800        91.017964   7.122605    0.003652    3.334544    3.830100    -7.057821   0.829239    0.785239    0.176001    0.009443    1.000000    0.200000    96.000000   21.000000   10.143489   19.139798   8.037054    11.065852   0.214876    0.009444    16.000000   3.301781    7.000000    21.000000   0.000000    1.000000    0.200000    3423.12000  855.780000  0.154555    0.018315    0.554538    0.920009    0.920000    0.922091    0.000000    0.000000    0.154555    8.504632    3.334544    3.335539    192.000000  3149.29939  0.000000    0.920004    0.920019    0.920004    0.920001    0.920019    0.920001    0.658115    14.678001  
[37m[36mINFO[0m[0m 07/24 22:21:15 | 0.844417    0.848411    0.000000    0.973282    0.093553    0.844417    0.848411    0.982906    0.970060    0.966879    3900        93.413174   7.095824    0.003157    3.328138    3.811472    -7.172925   0.825882    0.783129    0.171015    0.009524    1.000000    0.200000    96.000000   21.000000   10.074250   18.926593   8.052751    11.064145   0.217036    0.009525    16.000000   3.296067    7.000000    21.000000   0.000000    1.000000    0.200000    3373.12000  843.280000  0.152397    0.018446    0.562145    0.920018    0.920000    0.922929    0.000000    0.000000    0.152397    8.582701    3.328138    3.329130    192.000000  3103.33083  0.000000    0.920009    0.920040    0.920009    0.920000    0.920040    0.920000    0.786949    14.885761  
[37m[36mINFO[0m[0m 07/24 22:22:47 | 0.838316    0.845966    0.000000    0.964901    0.136093    0.838316    0.845966    0.972222    0.967066    0.955414    4000        95.808383   7.138754    0.011952    3.346451    3.827415    -7.174507   0.822352    0.780422    0.167718    0.009597    1.000000    0.200000    96.000000   21.000000   10.173449   18.974501   8.021653    11.104692   0.220094    0.009598    16.000000   3.290566    7.000000    21.000000   0.000000    1.000000    0.200000    3360.00000  840.000000  0.169658    0.019813    0.584714    0.920031    0.920000    0.924501    0.000000    0.000000    0.169658    8.800820    3.346451    3.347594    192.000000  3091.30285  0.000000    0.920018    0.920062    0.920018    0.920007    0.920062    0.920007    0.760965    12.642839  
[37m[36mINFO[0m[0m 07/24 22:24:17 | 0.813911    0.806846    0.000000    0.952542    0.198346    0.813911    0.806846    0.944444    0.973054    0.940127    4100        98.203593   7.121973    0.010458    3.348742    3.810804    -7.268249   0.821377    0.779702    0.166699    0.009669    1.000000    0.200000    96.000000   21.000000   10.187898   19.461086   7.987961    11.008605   0.220906    0.009670    16.000000   3.285164    7.000000    21.000000   0.000000    1.000000    0.200000    3387.52000  846.880000  0.170716    0.020413    0.608862    0.920056    0.920000    0.926681    0.000000    0.000000    0.170716    9.023531    3.348742    3.349843    192.000000  3116.70734  0.000000    0.920040    0.920115    0.920040    0.920009    0.920115    0.920009    0.673645    12.967418  
[37m[36mINFO[0m[0m 07/24 22:25:47 | 0.843197    0.841076    0.000000    0.968722    0.128861    0.843197    0.841076    0.972222    0.967066    0.966879    4200        100.598802  7.118212    0.008435    3.342952    3.815438    -7.309435   0.815718    0.774104    0.166455    0.009749    1.000000    0.200000    96.000000   21.000000   10.235173   19.765638   7.998368    10.993452   0.226395    0.009750    16.000000   3.279516    7.000000    21.000000   0.000000    1.000000    0.200000    3409.92000  852.480000  0.173620    0.020203    0.605714    0.920049    0.920000    0.925802    0.000000    0.000000    0.173620    9.607018    3.342952    3.344058    192.000000  3137.29477  0.000000    0.920025    0.920108    0.920025    0.920008    0.920108    0.920008    0.671355    13.947738  
[37m[36mINFO[0m[0m 07/24 22:27:23 | 0.802318    0.833741    0.000000    0.970742    0.109113    0.802318    0.833741    0.976496    0.979042    0.956688    4300        102.994012  7.111067    0.008713    3.342439    3.809274    -7.381821   0.814989    0.773425    0.166257    0.009841    1.000000    0.200000    96.000000   21.000000   10.177732   19.229849   8.016846    10.985094   0.227111    0.009842    16.000000   3.273625    7.000000    21.000000   0.000000    1.000000    0.200000    3368.96000  842.240000  0.170628    0.019572    0.595865    0.920037    0.920000    0.925235    0.000000    0.000000    0.170628    9.171578    3.342439    3.343531    192.000000  3099.56788  0.000000    0.920016    0.920083    0.920016    0.920004    0.920083    0.920004    0.787820    14.290069  
[37m[36mINFO[0m[0m 07/24 22:28:59 | 0.712630    0.750611    0.000000    0.957052    0.180565    0.712630    0.750611    0.942308    0.967066    0.961783    4400        105.389222  7.104949    0.005835    3.341291    3.807982    -7.448902   0.810676    0.770636    0.160157    0.009927    1.000000    0.200000    96.000000   21.000000   10.201074   19.669788   8.043331    11.086206   0.229735    0.009928    16.000000   3.267902    7.000000    21.000000   0.000000    1.000000    0.200000    3422.80000  855.700000  0.171428    0.019067    0.613732    0.920060    0.920000    0.927442    0.000000    0.000000    0.171428    8.948918    3.341291    3.342378    192.000000  3149.18706  0.000000    0.920030    0.920130    0.920030    0.920008    0.920130    0.920008    0.787295    14.237003  
[37m[36mINFO[0m[0m 07/24 22:30:35 | 0.846858    0.855746    0.000000    0.965046    0.138347    0.846858    0.855746    0.963675    0.976048    0.955414    4500        107.784431  7.108670    0.005958    3.340733    3.812841    -7.519503   0.810796    0.771632    0.156656    0.010008    1.000000    0.200000    96.000000   21.000000   10.164131   19.341716   8.076118    11.203356   0.228768    0.010009    16.000000   3.262405    7.000000    21.000000   0.000000    1.000000    0.200000    3386.88000  846.720000  0.177264    0.020057    0.637081    0.920104    0.920000    0.929797    0.000000    0.000000    0.177264    9.047405    3.340733    3.341734    192.000000  3116.27946  0.000000    0.920060    0.920227    0.920060    0.920004    0.920227    0.920004    0.771509    14.413001  
[37m[36mINFO[0m[0m 07/24 22:32:10 | 0.852349    0.870416    0.000000    0.954565    0.172173    0.852349    0.870416    0.957265    0.979042    0.927389    4600        110.179641  7.111226    0.008925    3.342674    3.811353    -7.595679   0.807381    0.768243    0.156554    0.010086    1.000000    0.200000    96.000000   21.000000   10.181889   19.621844   8.065989    11.056215   0.232392    0.010087    16.000000   3.257083    7.000000    21.000000   0.000000    1.000000    0.200000    3392.08000  848.020000  0.175232    0.019747    0.609061    0.920044    0.920000    0.925957    0.000000    0.000000    0.175232    9.139188    3.342674    3.343656    192.000000  3120.86129  0.000000    0.920024    0.920098    0.920024    0.920001    0.920098    0.920001    0.770462    14.399126  
[37m[36mINFO[0m[0m 07/24 22:33:47 | 0.829164    0.843521    0.000000    0.974022    0.103266    0.829164    0.843521    0.974359    0.991018    0.956688    4700        112.574850  7.070918    0.005017    3.330327    3.788450    -7.702100   0.804468    0.766249    0.152875    0.010167    1.000000    0.200000    96.000000   21.000000   10.168560   19.394503   8.107082    11.045373   0.234151    0.010168    16.000000   3.251740    7.000000    21.000000   0.000000    1.000000    0.200000    3366.80000  841.700000  0.172184    0.020040    0.589644    0.920050    0.920000    0.925472    0.000000    0.000000    0.172184    8.811472    3.330327    3.331360    192.000000  3097.62360  0.000000    0.920047    0.920093    0.920047    0.920003    0.920093    0.920003    0.786800    14.208043  
[37m[36mINFO[0m[0m 07/24 22:35:15 | 0.813301    0.819071    0.000000    0.968590    0.120583    0.813301    0.819071    0.959402    0.982036    0.964331    4800        114.970060  7.075316    0.003263    3.331778    3.793750    -7.757694   0.803058    0.765651    0.149627    0.010246    1.000000    0.200000    96.000000   21.000000   10.199107   19.403979   8.108189    11.050960   0.234616    0.010247    16.000000   3.246481    7.000000    21.000000   0.000000    1.000000    0.200000    3358.80000  839.700000  0.168442    0.019470    0.599005    0.920039    0.920000    0.926314    0.000000    0.000000    0.168442    8.793416    3.331778    3.332789    192.000000  3090.22479  0.000000    0.920025    0.920086    0.920025    0.920001    0.920086    0.920001    0.722630    13.395890  
[37m[36mINFO[0m[0m 07/24 22:36:51 | 0.833435    0.828851    0.000000    0.969016    0.138141    0.833435    0.828851    0.963675    0.979042    0.964331    4900        117.365269  7.067344    0.001160    3.327260    3.793947    -7.904870   0.800525    0.763351    0.148694    0.010319    1.000000    0.200000    96.000000   21.000000   10.092205   19.130267   8.063090    10.978244   0.236814    0.010319    16.000000   3.241344    7.000000    21.000000   0.000000    1.000000    0.200000    3383.04000  845.760000  0.167283    0.019758    0.585382    0.920025    0.920000    0.924270    0.000000    0.000000    0.167283    8.681288    3.327260    3.328264    192.000000  3112.48093  0.000000    0.920015    0.920053    0.920015    0.920003    0.920053    0.920003    0.779313    15.119826  
[37m[36mINFO[0m[0m 07/24 22:38:27 | 0.854179    0.845966    0.000000    0.974423    0.110950    0.854179    0.845966    0.970085    0.985030    0.968153    5000        119.760479  7.060501    0.000950    3.323996    3.791924    -8.030175   0.797408    0.761023    0.145541    0.010396    1.000000    0.200000    96.000000   21.000000   10.048256   18.907205   8.022102    10.914088   0.239105    0.010396    16.000000   3.236045    7.000000    21.000000   0.000000    1.000000    0.200000    3375.92000  843.980000  0.162121    0.020450    0.586833    0.920029    0.920000    0.925155    0.000000    0.000000    0.162121    8.394861    3.323996    3.325075    192.000000  3105.94286  0.000000    0.920007    0.920072    0.920007    0.920000    0.920072    0.920000    0.787084    14.956667  
[37m[36mINFO[0m[0m 07/24 22:38:27 | ---
[37m[33mWARNING[0m[0m 07/24 22:38:28 | Evaluate SWAD ...
[37m[36mINFO[0m[0m 07/24 22:38:44 | 0.897498    0.887531    0.000000    0.981679    0.067708    0.897498    0.887531    0.980769    0.991018    0.973248    [401-5000]  (N=47)
[37m[36mINFO[0m[0m 07/24 22:38:44 | oracle = 88.103%
[37m[36mINFO[0m[0m 07/24 22:38:44 | iid = 81.696%
[37m[36mINFO[0m[0m 07/24 22:38:44 | last = 85.418%
[37m[36mINFO[0m[0m 07/24 22:38:44 | last (inD) = 97.442%
[37m[36mINFO[0m[0m 07/24 22:38:44 | iid (inD) = 97.797%
[37m[36mINFO[0m[0m 07/24 22:38:44 | SWAD = 89.750%
[37m[36mINFO[0m[0m 07/24 22:38:44 | SWAD (inD) = 98.168%
[37m[36mINFO[0m[0m 07/24 22:38:45 | 
[37m[36mINFO[0m[0m 07/24 22:38:49 | Testenv name escaping te_cartoon -> te_cartoon
[37m[36mINFO[0m[0m 07/24 22:38:49 | Test envs = [1], name = te_cartoon
[37m[36mINFO[0m[0m 07/24 22:38:49 | Batch sizes for each domain: [32, 0, 32, 32] (total=96)
[37m[36mINFO[0m[0m 07/24 22:38:49 | steps-per-epoch for each domain: 51.22, 41.75, 98.25 -> min = 41.75
[37m[36mINFO[0m[0m 07/24 22:38:52 | # of params = 49165255
[37m[36mINFO[0m[0m 07/24 22:39:08 | test_in     test_out    train_in    train_out   tr_outloss  env0_out    env1_in     env1_out    env2_out    env3_out    step        epoch       loss        loss_cls    sup_cl_los  pre_cl_los  reg_loss    loss_isr    loss_isr_a  loss_isr_d  loss_orth   piccl_lamb  piccl_beta  valid_augm  valid_clas  delta_aug_  delta_aug_  delta_dom_  delta_dom_  projection  basis_orth  basis_rank  basis_norm  residual_b  residual_b  piccl_has_  reliable_c  reliable_c  cross_doma  valid_reli  pair_relia  pair_relia  pair_relia  pair_weigh  pair_weigh  pair_weigh  pair_weigh  pair_weigh  mean_sensi  mean_pair_  weighted_c  unweighted  self_aug_p  cross_doma  reliable_c  reliable_c  reliable_c  reliable_c  reliable_c  reliable_c  reliable_c  step_time   eval_time  
[37m[36mINFO[0m[0m 07/24 22:39:08 | 0.242537    0.273504    0.000000    0.203026    1.879956    0.119804    0.242537    0.273504    0.308383    0.180892    0           0.000000    12.183765   2.007856    5.189256    5.044218    -5.756462   0.000000    0.000000    0.000000    0.002561    0.000000    0.000000    0.000000    0.000000    0.000000    0.000000    0.000000    0.000000    0.000000    0.002561    16.000000   3.607995    0.000000    0.000000    0.000000    1.000000    0.000000    3304.00000  826.000000  0.008770    0.002215    0.019523    1.000000    1.000000    1.000000    0.000000    0.000000    0.008770    24.795776   5.189256    5.189256    192.000000  3304.00000  0.000000    1.000000    1.000000    1.000000    1.000000    1.000000    1.000000    0.753450    15.459201  
[37m[36mINFO[0m[0m 07/24 22:40:42 | 0.661514    0.681624    0.000000    0.948837    0.146526    0.951100    0.661514    0.681624    0.982036    0.913376    100         2.395210    8.677270    0.288282    3.810379    4.572938    0.567104    0.992025    0.992025    0.000000    0.002561    0.000000    0.000000    96.000000   0.000000    12.711988   25.722220   0.000000    0.000000    0.007982    0.002561    16.000000   3.607995    0.000000    0.000000    0.000000    1.000000    0.000000    3373.36000  843.340000  0.008813    0.002459    0.019457    1.000000    1.000000    1.000000    0.000000    0.000000    0.008813    25.289674   3.810379    3.810379    192.000000  3373.36000  0.000000    1.000000    1.000000    1.000000    1.000000    1.000000    1.000000    0.706669    15.166580  
[37m[36mINFO[0m[0m 07/24 22:42:16 | 0.770256    0.803419    0.000000    0.954541    0.129222    0.948655    0.770256    0.803419    0.985030    0.929936    200         4.790419    7.942531    0.104760    3.537990    4.314899    -1.511794   0.991948    0.991948    0.000000    0.002561    0.000000    0.000000    96.000000   0.000000    11.603002   22.841657   0.000000    0.000000    0.008050    0.002561    16.000000   3.607995    0.000000    0.000000    0.000000    1.000000    0.000000    3344.56000  836.140000  0.009386    0.002436    0.020639    1.000000    1.000000    1.000000    0.000000    0.000000    0.009386    17.396171   3.537990    3.537990    192.000000  3344.56000  0.000000    1.000000    1.000000    1.000000    1.000000    1.000000    1.000000    0.726904    13.513060  
[37m[36mINFO[0m[0m 07/24 22:43:48 | 0.767591    0.792735    0.000000    0.952028    0.152081    0.933985    0.767591    0.792735    0.973054    0.949045    300         7.185629    7.669215    0.053262    3.446945    4.189372    -2.130787   1.111582    0.991231    0.481405    0.002560    0.025500    0.005100    96.000000   10.060000   11.431515   22.593675   4.728525    7.435214    0.008828    0.002560    16.000000   3.608081    3.460000    10.100000   0.000000    1.000000    0.000000    3335.44000  833.860000  0.010380    0.002589    0.023366    1.000000    1.000000    1.000000    0.000000    0.000000    0.010380    15.068933   3.446945    3.446945    192.000000  3335.44000  0.000000    1.000000    1.000000    1.000000    1.000000    1.000000    1.000000    0.702703    13.654394  
[37m[36mINFO[0m[0m 07/24 22:45:24 | 0.810235    0.844017    0.000000    0.966718    0.093689    0.958435    0.810235    0.844017    0.985030    0.956688    400         9.580838    7.592445    0.047523    3.429109    4.134178    -2.561144   1.206129    0.981638    0.897966    0.002533    0.201000    0.040200    96.000000   21.000000   11.285626   22.366072   8.521651    14.577523   0.018561    0.002533    16.000000   3.611723    7.000000    21.000000   0.000000    1.000000    0.000000    3359.44000  839.860000  0.024438    0.003876    0.071742    1.000000    1.000000    1.000000    0.000000    0.000000    0.024438    13.847743   3.429109    3.429109    192.000000  3359.44000  0.000000    1.000000    1.000000    1.000000    1.000000    1.000000    1.000000    0.789952    14.026255  
[37m[36mINFO[0m[0m 07/24 22:47:01 | 0.817164    0.861111    0.000000    0.970585    0.104774    0.965770    0.817164    0.861111    0.988024    0.957962    500         11.976048   7.490465    0.031955    3.400878    4.073113    -2.927166   1.148747    0.968757    0.719958    0.002669    0.401000    0.080200    96.000000   21.000000   11.174470   22.226369   7.987206    13.403817   0.031520    0.002672    16.000000   3.603777    7.000000    21.000000   0.000000    1.000000    0.000000    3328.72000  832.180000  0.041316    0.004892    0.131957    1.000000    1.000000    1.000000    0.000000    0.000000    0.041316    12.928147   3.400878    3.400878    192.000000  3328.72000  0.000000    1.000000    1.000000    1.000000    1.000000    1.000000    1.000000    0.792560    14.345767  
[37m[36mINFO[0m[0m 07/24 22:48:33 | 0.808635    0.833333    0.000000    0.947289    0.153328    0.938875    0.808635    0.833333    0.973054    0.929936    600         14.371257   7.457063    0.031063    3.398167    4.040357    -3.228778   1.097253    0.955659    0.566374    0.003118    0.601000    0.120200    96.000000   21.000000   11.120176   21.881750   7.862382    12.800101   0.044635    0.003123    16.000000   3.582175    7.000000    21.000000   0.000000    1.000000    0.000000    3367.60000  841.900000  0.050203    0.005611    0.176918    1.000000    1.000000    1.000000    0.000000    0.000000    0.050203    12.227432   3.398167    3.398167    192.000000  3367.60000  0.000000    1.000000    1.000000    1.000000    1.000000    1.000000    1.000000    0.699776    14.278149  
[37m[36mINFO[0m[0m 07/24 22:50:07 | 0.781983    0.809829    0.000000    0.958945    0.129361    0.938875    0.781983    0.809829    0.994012    0.943949    700         16.766467   7.405407    0.023745    3.379765    4.010804    -3.440342   1.061541    0.943468    0.472291    0.003695    0.801000    0.160200    96.000000   21.000000   11.087260   21.835410   7.839250    12.439473   0.056860    0.003700    16.000000   3.560810    7.000000    21.000000   0.000000    1.000000    0.000000    3341.12000  835.280000  0.062482    0.006680    0.217037    1.000000    1.000000    1.000000    0.000000    0.000000    0.062482    11.749001   3.379765    3.379765    192.000000  3341.12000  0.000000    1.000000    1.000000    1.000000    1.000000    1.000000    1.000000    0.763218    14.698315  
[37m[36mINFO[0m[0m 07/24 22:51:40 | 0.803838    0.820513    0.000000    0.967706    0.106097    0.968215    0.803838    0.820513    0.982036    0.952866    800         19.161677   7.378700    0.019740    3.370556    3.994759    -3.668487   1.036417    0.930859    0.422234    0.004144    0.975500    0.195100    96.000000   21.000000   11.016220   21.736559   7.831956    12.339834   0.069525    0.004147    16.000000   3.544561    7.000000    21.000000   0.000000    1.000000    0.000000    3352.64000  838.160000  0.072282    0.007243    0.247146    1.000000    1.000000    1.000000    0.000000    0.000000    0.072282    11.446561   3.370556    3.370556    192.000000  3352.64000  0.000000    1.000000    1.000000    1.000000    1.000000    1.000000    1.000000    0.709812    14.597814  
[37m[36mINFO[0m[0m 07/24 22:53:14 | 0.785181    0.824786    0.000000    0.964284    0.113342    0.960880    0.785181    0.824786    0.988024    0.943949    900         21.556886   7.335407    0.012319    3.360344    3.970852    -3.859844   1.016232    0.918631    0.390405    0.004439    1.000000    0.200000    96.000000   21.000000   11.024325   21.610047   7.811411    12.235664   0.081648    0.004442    16.000000   3.531192    7.000000    21.000000   0.000000    1.000000    0.000000    3357.44000  839.360000  0.078292    0.008330    0.265405    1.000000    1.000000    1.000000    0.000000    0.000000    0.078292    10.916265   3.360344    3.360344    192.000000  3357.44000  0.000000    1.000000    1.000000    1.000000    1.000000    1.000000    1.000000    0.737100    14.862916  
[37m[36mINFO[0m[0m 07/24 22:54:48 | 0.788380    0.794872    0.000000    0.961818    0.136515    0.953545    0.788380    0.794872    0.979042    0.952866    1000        23.952096   7.305590    0.011394    3.357958    3.946309    -4.008269   1.000241    0.908744    0.365985    0.004680    1.000000    0.200000    96.000000   21.000000   11.013722   21.661297   7.855110    12.161418   0.091578    0.004683    16.000000   3.518375    7.000000    21.000000   0.000000    1.000000    0.000000    3347.92000  836.980000  0.082650    0.009014    0.275867    1.000000    1.000000    1.000000    0.000000    0.000000    0.082650    10.864513   3.357958    3.357958    192.000000  3347.92000  0.000000    1.000000    1.000000    1.000000    1.000000    1.000000    1.000000    0.747880    13.639736  
[37m[36mINFO[0m[0m 07/24 22:56:21 | 0.792644    0.820513    0.000000    0.942353    0.205163    0.916870    0.792644    0.820513    0.970060    0.940127    1100        26.347305   7.299951    0.015720    3.360563    3.935855    -4.170070   0.983637    0.897906    0.342923    0.004915    1.000000    0.200000    96.000000   21.000000   11.061027   21.633284   7.839919    11.859352   0.102549    0.004917    16.000000   3.505420    7.000000    21.000000   0.000000    1.000000    0.010100    3364.48000  841.120000  0.092844    0.009149    0.303752    0.995960    0.995960    0.995960    0.000000    0.000000    0.092844    10.591988   3.360563    3.360622    192.000000  3350.84845  0.000000    0.995960    0.995960    0.995960    0.995960    0.995960    0.995960    0.728427    13.931854  
[37m[36mINFO[0m[0m 07/24 22:57:56 | 0.823028    0.820513    0.000000    0.950066    0.191477    0.931540    0.823028    0.820513    0.967066    0.951592    1200        28.742515   7.300847    0.022807    3.369299    3.922809    -4.317854   0.970145    0.889809    0.321342    0.005169    1.000000    0.200000    96.000000   21.000000   11.001429   21.642233   7.793918    11.779310   0.110817    0.005172    16.000000   3.491863    7.000000    21.000000   0.000000    1.000000    0.030100    3317.60000  829.400000  0.100180    0.010152    0.327125    0.987960    0.987960    0.987960    0.000000    0.000000    0.100180    10.835772   3.369299    3.369488    192.000000  3277.70741  0.000000    0.987960    0.987960    0.987960    0.987960    0.987960    0.987960    0.780044    14.007731  
[37m[36mINFO[0m[0m 07/24 22:59:29 | 0.774520    0.792735    0.000000    0.962140    0.130811    0.960880    0.774520    0.792735    0.979042    0.946497    1300        31.137725   7.281001    0.019532    3.366871    3.910583    -4.461572   0.954156    0.879044    0.300447    0.005443    1.000000    0.200000    96.000000   21.000000   10.979326   22.003632   7.753588    11.872931   0.121424    0.005446    16.000000   3.477916    7.000000    21.000000   0.000000    1.000000    0.050100    3355.28000  838.820000  0.106711    0.010673    0.329664    0.979960    0.979960    0.979960    0.000000    0.000000    0.106711    10.638329   3.366871    3.367160    192.000000  3288.17435  0.000000    0.979960    0.979960    0.979960    0.979960    0.979960    0.979960    0.764568    14.398872  
[37m[36mINFO[0m[0m 07/24 23:01:05 | 0.804904    0.824786    0.000000    0.952799    0.145717    0.948655    0.804904    0.824786    0.967066    0.942675    1400        33.532934   7.286629    0.020819    3.375121    3.907932    -4.556382   0.943837    0.872728    0.284435    0.005719    1.000000    0.200000    96.000000   21.000000   10.971051   22.006281   7.784892    11.885257   0.127860    0.005722    16.000000   3.464194    7.000000    21.000000   0.000000    1.000000    0.070100    3353.36000  838.340000  0.115951    0.010912    0.350918    0.971960    0.971960    0.971960    0.000000    0.000000    0.115951    10.756603   3.375121    3.375566    192.000000  3259.41092  0.000000    0.971960    0.971960    0.971960    0.971960    0.971960    0.971960    0.786577    13.711860  
[37m[36mINFO[0m[0m 07/24 23:02:41 | 0.799574    0.837607    0.000000    0.965595    0.116671    0.965770    0.799574    0.837607    0.973054    0.957962    1500        35.928144   7.256011    0.015803    3.358458    3.900490    -4.670825   0.932068    0.865078    0.267961    0.006001    1.000000    0.200000    96.000000   21.000000   10.974130   21.613083   7.814848    11.797890   0.135352    0.006004    16.000000   3.450707    7.000000    21.000000   0.000000    1.000000    0.090100    3369.20000  842.300000  0.118294    0.011281    0.368476    0.963960    0.963960    0.963960    0.000000    0.000000    0.118294    10.423911   3.358458    3.358963    192.000000  3247.71418  0.000000    0.963960    0.963960    0.963960    0.963960    0.963960    0.963960    0.791271    14.069624  
[37m[36mINFO[0m[0m 07/24 23:04:14 | 0.764392    0.797009    0.000000    0.954497    0.198718    0.948655    0.764392    0.797009    0.967066    0.947771    1600        38.323353   7.219696    0.013983    3.349847    3.876671    -4.850380   0.923102    0.859450    0.254607    0.006281    1.000000    0.200000    96.000000   21.000000   10.953833   21.464298   7.796240    11.645145   0.140927    0.006284    16.000000   3.437540    7.000000    21.000000   0.000000    1.000000    0.110100    3310.88000  827.720000  0.112985    0.011142    0.366982    0.955960    0.955960    0.955960    0.000000    0.000000    0.112985    10.250375   3.349847    3.350442    192.000000  3165.04981  0.000000    0.955960    0.955960    0.955960    0.955960    0.955960    0.955960    0.729494    14.196599  
[37m[36mINFO[0m[0m 07/24 23:05:49 | 0.826759    0.837607    0.000000    0.963872    0.116115    0.958435    0.826759    0.837607    0.979042    0.954140    1700        40.718563   7.193089    0.009950    3.345900    3.859495    -4.973539   0.915769    0.853458    0.249246    0.006550    1.000000    0.200000    96.000000   21.000000   10.970550   21.376009   7.817749    11.570759   0.146835    0.006553    16.000000   3.424967    7.000000    21.000000   0.000000    1.000000    0.130100    3372.96000  843.240000  0.116603    0.011407    0.368876    0.947960    0.947960    0.947960    0.000000    0.000000    0.116603    10.135060   3.345900    3.346582    192.000000  3197.43713  0.000000    0.947960    0.947960    0.947960    0.947960    0.947960    0.947960    0.772707    14.527236  
[37m[36mINFO[0m[0m 07/24 23:07:23 | 0.814499    0.824786    0.000000    0.967167    0.104597    0.965770    0.814499    0.824786    0.979042    0.956688    1800        43.113772   7.163403    0.003335    3.331675    3.852102    -5.092552   0.906951    0.846873    0.240310    0.006822    1.000000    0.200000    96.000000   21.000000   10.910714   21.750560   7.818113    11.580443   0.153404    0.006825    16.000000   3.412637    7.000000    21.000000   0.000000    1.000000    0.150100    3361.92000  840.480000  0.110514    0.010922    0.377311    0.939960    0.939960    0.939960    0.000000    0.000000    0.110514    9.875767    3.331675    3.332421    192.000000  3160.10559  0.000000    0.939960    0.939960    0.939960    0.939960    0.939960    0.939960    0.772250    14.658092  
[37m[36mINFO[0m[0m 07/24 23:09:43 | 0.834755    0.844017    0.000000    0.967464    0.112378    0.965770    0.834755    0.844017    0.985030    0.951592    1900        45.508982   7.166166    0.009249    3.339517    3.843159    -5.274149   0.899173    0.841682    0.229964    0.007091    1.000000    0.200000    96.000000   21.000000   10.936752   21.771075   7.811464    11.717626   0.158580    0.007094    16.000000   3.400706    7.000000    21.000000   0.000000    1.000000    0.170100    3323.44000  830.860000  0.113407    0.011600    0.380903    0.931960    0.931960    0.931960    0.000000    0.000000    0.113407    9.730714    3.339517    3.340480    192.000000  3097.28524  0.000000    0.931960    0.931960    0.931960    0.931960    0.931960    0.931960    0.769823    60.089179  
[37m[36mINFO[0m[0m 07/24 23:14:15 | 0.816098    0.837607    0.000000    0.972377    0.108859    0.968215    0.816098    0.837607    0.982036    0.966879    2000        47.904192   7.160326    0.003523    3.335880    3.847882    -5.381147   0.894830    0.840094    0.218944    0.007342    1.000000    0.200000    96.000000   21.000000   10.842277   21.290721   7.737957    11.635177   0.160135    0.007345    16.000000   3.389517    7.000000    21.000000   0.000000    1.000000    0.190100    3340.40000  835.100000  0.122059    0.012711    0.406179    0.923960    0.923960    0.923960    0.000000    0.000000    0.122059    9.806226    3.335880    3.336891    192.000000  3086.49001  0.000000    0.923960    0.923960    0.923960    0.923960    0.923960    0.923960    0.981849    168.654775 
[37m[36mINFO[0m[0m 07/24 23:16:18 | 0.825160    0.846154    0.000000    0.970886    0.116490    0.973105    0.825160    0.846154    0.979042    0.960510    2100        50.299401   7.143974    0.003127    3.330924    3.838965    -5.565101   0.886718    0.833416    0.213209    0.007580    1.000000    0.200000    96.000000   21.000000   10.840822   21.710309   7.725810    11.631496   0.166767    0.007582    16.000000   3.378829    7.000000    21.000000   0.000000    1.000000    0.200000    3351.84000  837.960000  0.114464    0.012417    0.386842    0.920000    0.920000    0.920000    0.000000    0.000000    0.114464    9.263496    3.330924    3.331998    192.000000  3083.69282  0.000000    0.920000    0.920000    0.920000    0.920000    0.920000    0.920000    0.772535    41.862835  
[37m[36mINFO[0m[0m 07/24 23:18:01 | 0.824094    0.837607    0.000000    0.970446    0.114957    0.955990    0.824094    0.837607    0.991018    0.964331    2200        52.694611   7.188356    0.014114    3.351454    3.852623    -5.627775   0.881188    0.829348    0.207359    0.007812    1.000000    0.200000    96.000000   21.000000   10.886980   21.377425   7.760104    11.838840   0.170838    0.007815    16.000000   3.368413    7.000000    21.000000   0.000000    1.000000    0.200000    3386.16000  846.540000  0.122420    0.013012    0.401298    0.920000    0.920000    0.920000    0.000000    0.000000    0.122420    9.550265    3.351454    3.352664    192.000000  3115.26721  0.000000    0.920000    0.920000    0.920000    0.920000    0.920000    0.920000    0.840081    15.530129  
[37m[36mINFO[0m[0m 07/24 23:19:47 | 0.795309    0.801282    0.000000    0.958607    0.149177    0.958435    0.795309    0.801282    0.967066    0.950318    2300        55.089820   7.217380    0.028033    3.376927    3.842824    -5.665093   0.874616    0.824333    0.201131    0.008030    1.000000    0.200000    96.000000   21.000000   10.993785   21.717091   7.759006    11.880608   0.176134    0.008032    16.000000   3.358504    7.000000    21.000000   0.000000    1.000000    0.200000    3381.52000  845.380000  0.131913    0.012806    0.422508    0.920000    0.920000    0.920000    0.000000    0.000000    0.131913    9.846860    3.376927    3.378313    192.000000  3110.99841  0.000000    0.920000    0.920000    0.920000    0.920000    0.920000    0.920000    0.872951    15.604352  
[37m[36mINFO[0m[0m 07/24 23:21:31 | 0.804371    0.839744    0.000000    0.971400    0.117171    0.968215    0.804371    0.839744    0.988024    0.957962    2400        57.485030   7.195035    0.017744    3.362925    3.845118    -5.688041   0.870685    0.822734    0.191806    0.008234    1.000000    0.200000    96.000000   21.000000   10.938206   21.314525   7.743382    11.658942   0.177915    0.008236    16.000000   3.349100    7.000000    21.000000   0.000000    1.000000    0.200000    3347.36000  836.840000  0.139382    0.013927    0.435187    0.920000    0.920000    0.920000    0.000000    0.000000    0.139382    10.045204   3.362925    3.364080    192.000000  3079.57120  0.000000    0.920000    0.920000    0.920000    0.920000    0.920000    0.920000    0.873371    13.787073  
[37m[36mINFO[0m[0m 07/24 23:23:13 | 0.827825    0.861111    0.000000    0.966271    0.142421    0.958435    0.827825    0.861111    0.976048    0.964331    2500        59.880240   7.138912    0.008927    3.340153    3.822541    -5.866458   0.864939    0.817260    0.190716    0.008431    1.000000    0.200000    96.000000   21.000000   10.947230   21.721066   7.793378    11.570075   0.183083    0.008433    16.000000   3.340080    7.000000    21.000000   0.000000    1.000000    0.200000    3332.72000  833.180000  0.127696    0.013269    0.420355    0.920000    0.920000    0.920000    0.000000    0.000000    0.127696    9.547810    3.340153    3.341234    192.000000  3066.10240  0.000000    0.920000    0.920000    0.920000    0.920000    0.920000    0.920000    0.839753    14.839362  
[37m[36mINFO[0m[0m 07/24 23:25:00 | 0.824627    0.831197    0.000000    0.968450    0.126029    0.955990    0.824627    0.831197    0.985030    0.964331    2600        62.275449   7.142915    0.009054    3.347318    3.820017    -5.937206   0.863007    0.815953    0.188214    0.008622    1.000000    0.200000    96.000000   21.000000   10.964048   21.822399   7.805708    11.677399   0.184443    0.008624    16.000000   3.331245    7.000000    21.000000   0.000000    1.000000    0.200000    3356.16000  839.040000  0.133224    0.013132    0.440857    0.920000    0.920000    0.920000    0.000000    0.000000    0.133224    9.860400    3.347318    3.348459    192.000000  3087.66720  0.000000    0.920000    0.920000    0.920000    0.920000    0.920000    0.920000    0.883525    16.442268  
[37m[36mINFO[0m[0m 07/24 23:26:46 | 0.817697    0.837607    0.000000    0.960786    0.164196    0.955990    0.817697    0.837607    0.976048    0.950318    2700        64.670659   7.121551    0.010170    3.342497    3.803995    -6.085036   0.857706    0.811331    0.185503    0.008811    1.000000    0.200000    96.000000   21.000000   10.937539   21.473422   7.849449    11.853188   0.188869    0.008813    16.000000   3.322496    7.000000    21.000000   0.000000    1.000000    0.200000    3356.80000  839.200000  0.126574    0.013157    0.423322    0.920000    0.920000    0.920000    0.000000    0.000000    0.126574    9.308959    3.342497    3.343612    192.000000  3088.25602  0.000000    0.920000    0.920000    0.920000    0.920000    0.920000    0.920000    0.878590    14.953871  
[37m[36mINFO[0m[0m 07/24 23:28:29 | 0.795842    0.790598    0.000000    0.966994    0.148126    0.958435    0.795842    0.790598    0.982036    0.960510    2800        67.065868   7.146274    0.015011    3.352551    3.814897    -6.177301   0.852666    0.806551    0.184460    0.009000    1.000000    0.200000    96.000000   21.000000   10.926861   21.850196   7.810818    11.847509   0.194040    0.009001    16.000000   3.313776    7.000000    21.000000   0.000000    1.000000    0.200000    3319.44000  829.860000  0.139204    0.014535    0.447075    0.920000    0.920000    0.920000    0.000000    0.000000    0.139204    9.704802    3.352551    3.353709    192.000000  3053.88480  0.000000    0.920000    0.920000    0.920000    0.920000    0.920000    0.920000    0.840180    15.524495  
[37m[36mINFO[0m[0m 07/24 23:30:15 | 0.795842    0.788462    0.000000    0.962494    0.185278    0.946210    0.795842    0.788462    0.982036    0.959236    2900        69.461078   7.109511    0.007332    3.336455    3.802853    -6.259373   0.848513    0.803388    0.180503    0.009190    1.000000    0.200000    96.000000   21.000000   10.981246   22.102007   7.787430    11.816747   0.197131    0.009192    16.000000   3.304964    7.000000    21.000000   0.000000    1.000000    0.200000    3338.32000  834.580000  0.139528    0.014401    0.455532    0.920000    0.920000    0.920000    0.000000    0.000000    0.139528    9.610282    3.336455    3.337470    192.000000  3071.25440  0.000000    0.920000    0.920000    0.920000    0.920000    0.920000    0.920000    0.879166    15.358519  
[37m[36mINFO[0m[0m 07/24 23:31:59 | 0.829424    0.848291    0.000000    0.958514    0.186275    0.955990    0.829424    0.848291    0.973054    0.946497    3000        71.856287   7.105737    0.010703    3.340277    3.792983    -6.367603   0.848032    0.803124    0.179632    0.009366    1.000000    0.200000    96.000000   21.000000   10.940221   21.409008   7.774265    11.804679   0.197373    0.009367    16.000000   3.296663    7.000000    21.000000   0.000000    1.000000    0.200000    3323.44000  830.860000  0.139923    0.015319    0.457752    0.920000    0.920000    0.920000    0.000000    0.000000    0.139923    9.651230    3.340277    3.341415    192.000000  3057.56479  0.000000    0.920000    0.920000    0.920000    0.920000    0.920000    0.920000    0.870991    13.036874  
[37m[36mINFO[0m[0m 07/24 23:33:42 | 0.809168    0.816239    0.000000    0.949610    0.245935    0.941320    0.809168    0.816239    0.952096    0.955414    3100        74.251497   7.120769    0.010683    3.343698    3.805023    -6.387366   0.840977    0.796997    0.175920    0.009540    1.000000    0.200000    96.000000   21.000000   11.034648   21.538214   7.811035    11.682378   0.203349    0.009542    16.000000   3.288502    7.000000    21.000000   0.000000    1.000000    0.200000    3332.56000  833.140000  0.141565    0.014803    0.466910    0.920000    0.920000    0.920000    0.000000    0.000000    0.141565    9.680091    3.343698    3.344784    192.000000  3065.95520  0.000000    0.920000    0.920000    0.920000    0.920000    0.920000    0.920000    0.870164    12.802652  
[37m[36mINFO[0m[0m 07/24 23:35:22 | 0.827292    0.850427    0.000000    0.961784    0.153445    0.955990    0.827292    0.850427    0.979042    0.950318    3200        76.646707   7.094184    0.009377    3.338868    3.785674    -6.489661   0.838377    0.794715    0.174651    0.009711    1.000000    0.200000    96.000000   21.000000   10.985291   21.348708   7.804506    11.512551   0.205779    0.009713    16.000000   3.280434    7.000000    21.000000   0.000000    1.000000    0.200000    3318.00000  829.500000  0.149018    0.015543    0.485142    0.920000    0.920000    0.920000    0.000000    0.000000    0.149018    9.799828    3.338868    3.339982    192.000000  3052.56001  0.000000    0.920000    0.920000    0.920000    0.920000    0.920000    0.920000    0.842296    13.098056  
[37m[36mINFO[0m[0m 07/24 23:37:08 | 0.815032    0.822650    0.000000    0.964756    0.150152    0.955990    0.815032    0.822650    0.979042    0.959236    3300        79.041916   7.071120    0.003117    3.326987    3.782379    -6.649814   0.837522    0.794232    0.173160    0.009869    1.000000    0.200000    96.000000   21.000000   10.875589   21.565278   7.788791    11.534193   0.206016    0.009870    16.000000   3.272854    7.000000    21.000000   0.000000    1.000000    0.200000    3316.64000  829.160000  0.131204    0.015141    0.456060    0.920000    0.920000    0.920000    0.000000    0.000000    0.131204    9.248810    3.326987    3.328010    192.000000  3051.30880  0.000000    0.920000    0.920000    0.920000    0.920000    0.920000    0.920000    0.881047    14.367059  
[37m[36mINFO[0m[0m 07/24 23:38:22 | 0.807569    0.820513    0.000000    0.962094    0.145153    0.953545    0.807569    0.820513    0.976048    0.956688    3400        81.437126   7.058532    0.002837    3.323449    3.775098    -6.786788   0.833528    0.791626    0.167607    0.010028    1.000000    0.200000    96.000000   21.000000   10.849950   21.360253   7.795492    11.811543   0.208594    0.010030    16.000000   3.265262    7.000000    21.000000   0.000000    1.000000    0.200000    3309.60000  827.400000  0.129067    0.014712    0.438193    0.920000    0.920000    0.920000    0.000000    0.000000    0.129067    9.002500    3.323449    3.324482    192.000000  3044.83201  0.000000    0.920000    0.920000    0.920000    0.920000    0.920000    0.920000    0.579929    13.798635  
[37m[36mINFO[0m[0m 07/24 23:39:57 | 0.836887    0.835470    0.000000    0.967201    0.131229    0.963325    0.836887    0.835470    0.979042    0.959236    3500        83.832335   7.077196    0.004911    3.331823    3.784033    -6.849840   0.830574    0.789711    0.163453    0.010189    1.000000    0.200000    96.000000   21.000000   10.901485   21.239564   7.789112    11.924801   0.210618    0.010190    16.000000   3.257715    7.000000    21.000000   0.000000    1.000000    0.200000    3369.52000  842.380000  0.130597    0.014469    0.448727    0.920000    0.920000    0.920000    0.000000    0.000000    0.130597    8.882822    3.331823    3.332900    192.000000  3099.95840  0.000000    0.920000    0.920000    0.920000    0.920000    0.920000    0.920000    0.778038    13.961539  
[37m[36mINFO[0m[0m 07/24 23:41:30 | 0.808102    0.811966    0.000000    0.966752    0.149069    0.955990    0.808102    0.811966    0.985030    0.959236    3600        86.227545   7.100713    0.012000    3.344074    3.789065    -6.917772   0.824719    0.784857    0.159448    0.010348    1.000000    0.200000    96.000000   21.000000   10.932123   21.623253   7.796963    11.810351   0.215492    0.010349    16.000000   3.250328    7.000000    21.000000   0.000000    1.000000    0.200000    3387.28000  846.820000  0.137939    0.015601    0.457323    0.920000    0.920000    0.920000    0.000000    0.000000    0.137939    8.913230    3.344074    3.345250    192.000000  3116.29762  0.000000    0.920000    0.920000    0.920000    0.920000    0.920000    0.920000    0.761635    14.242446  
[37m[36mINFO[0m[0m 07/24 23:43:02 | 0.808635    0.826923    0.000000    0.965053    0.153731    0.955990    0.808635    0.826923    0.985030    0.954140    3700        88.622754   7.083975    0.007144    3.338788    3.782556    -6.925162   0.824273    0.784553    0.158879    0.010505    1.000000    0.200000    96.000000   21.000000   10.932273   21.500193   7.779641    11.630531   0.215666    0.010506    16.000000   3.243164    7.000000    21.000000   0.000000    1.000000    0.200000    3356.96000  839.240000  0.146520    0.016052    0.483443    0.920000    0.920000    0.920033    0.000000    0.000000    0.146520    9.464169    3.338788    3.339864    192.000000  3088.40346  0.000000    0.920000    0.920000    0.920000    0.920000    0.920000    0.920000    0.715763    13.936487  
[37m[36mINFO[0m[0m 07/24 23:44:34 | 0.776652    0.782051    0.000000    0.956666    0.172375    0.955990    0.776652    0.782051    0.970060    0.943949    3800        91.017964   7.091232    0.011649    3.346706    3.778489    -7.028257   0.821974    0.782526    0.157791    0.010653    1.000000    0.200000    96.000000   21.000000   10.968543   21.582079   7.788917    11.637069   0.218027    0.010654    16.000000   3.236387    7.000000    21.000000   0.000000    1.000000    0.200000    3363.44000  840.860000  0.147019    0.016888    0.481165    0.920000    0.920000    0.920000    0.000000    0.000000    0.147019    9.373858    3.346706    3.347789    192.000000  3094.36481  0.000000    0.920000    0.920000    0.920000    0.920000    0.920000    0.920000    0.707178    14.347591  
[37m[36mINFO[0m[0m 07/24 23:46:06 | 0.825693    0.826923    0.000000    0.964021    0.142892    0.958435    0.825693    0.826923    0.982036    0.951592    3900        93.413174   7.100091    0.012144    3.344693    3.788577    -6.985085   0.817256    0.778008    0.156992    0.010805    1.000000    0.200000    96.000000   21.000000   11.109180   22.319996   7.775974    11.708797   0.222347    0.010806    16.000000   3.229597    7.000000    21.000000   0.000000    1.000000    0.200000    3333.28000  833.320000  0.156552    0.015600    0.504110    0.920000    0.920000    0.920100    0.000000    0.000000    0.156552    9.941712    3.344693    3.345741    192.000000  3066.61901  0.000000    0.920001    0.920000    0.920001    0.920000    0.920000    0.920000    0.715368    14.251627  
[37m[36mINFO[0m[0m 07/24 23:47:38 | 0.692431    0.711538    0.000000    0.946989    0.222794    0.919315    0.692431    0.711538    0.970060    0.951592    4000        95.808383   7.082879    0.011475    3.343891    3.773979    -7.095557   0.815978    0.777199    0.155115    0.010951    1.000000    0.200000    96.000000   21.000000   10.966630   21.712919   7.780041    11.722565   0.222906    0.010953    16.000000   3.223083    7.000000    21.000000   0.000000    1.000000    0.200000    3337.12000  834.280000  0.150240    0.017646    0.477539    0.920000    0.920000    0.920017    0.000000    0.000000    0.150240    9.490655    3.343891    3.345037    192.000000  3070.15055  0.000000    0.920000    0.920000    0.920000    0.920000    0.920000    0.920000    0.722254    14.295921  
[37m[36mINFO[0m[0m 07/24 23:49:13 | 0.810235    0.818376    0.000000    0.965122    0.143511    0.951100    0.810235    0.818376    0.985030    0.959236    4100        98.203593   7.069953    0.007725    3.338411    3.770841    -7.140092   0.812198    0.773850    0.153395    0.011096    1.000000    0.200000    96.000000   21.000000   11.002032   21.975172   7.787555    11.640630   0.226401    0.011098    16.000000   3.216719    7.000000    21.000000   0.000000    1.000000    0.200000    3313.76000  828.440000  0.152862    0.018179    0.500698    0.920000    0.920000    0.920010    0.000000    0.000000    0.152862    9.578859    3.338411    3.339385    192.000000  3048.65927  0.000000    0.920000    0.920000    0.920000    0.920000    0.920000    0.920000    0.771292    15.214772  
[37m[36mINFO[0m[0m 07/24 23:50:46 | 0.807036    0.829060    0.000000    0.960647    0.167389    0.946210    0.807036    0.829060    0.979042    0.956688    4200        100.598802  7.086844    0.011010    3.348060    3.775523    -7.210776   0.811611    0.773832    0.151119    0.011241    1.000000    0.200000    96.000000   21.000000   10.998334   21.644304   7.755902    11.463000   0.226315    0.011243    16.000000   3.210465    7.000000    21.000000   0.000000    1.000000    0.200000    3345.76000  836.440000  0.152412    0.017330    0.487270    0.920000    0.920000    0.920000    0.000000    0.000000    0.152412    9.714722    3.348060    3.349127    192.000000  3078.09920  0.000000    0.920000    0.920000    0.920000    0.920000    0.920000    0.920000    0.746216    13.562263  
[37m[36mINFO[0m[0m 07/24 23:52:16 | 0.755864    0.754274    0.000000    0.940540    0.270777    0.914425    0.755864    0.754274    0.967066    0.940127    4300        102.994012  7.060221    0.007869    3.337608    3.763515    -7.297279   0.806364    0.769257    0.148427    0.011376    1.000000    0.200000    96.000000   21.000000   11.017968   21.630798   7.760464    11.685025   0.230926    0.011377    16.000000   3.204534    7.000000    21.000000   0.000000    1.000000    0.200000    3340.08000  835.020000  0.156167    0.017450    0.500539    0.920000    0.920000    0.920091    0.000000    0.000000    0.156167    9.388003    3.337608    3.338602    192.000000  3072.87439  0.000000    0.920000    0.920000    0.920000    0.920000    0.920000    0.920000    0.694720    13.707889  
[37m[36mINFO[0m[0m 07/24 23:53:45 | 0.812367    0.820513    0.000000    0.964356    0.155240    0.963325    0.812367    0.820513    0.973054    0.956688    4400        105.389222  7.062544    0.009110    3.338688    3.764349    -7.381269   0.806575    0.769827    0.146993    0.011509    1.000000    0.200000    96.000000   21.000000   10.962525   21.351623   7.806591    11.842012   0.230560    0.011510    16.000000   3.198759    7.000000    21.000000   0.000000    1.000000    0.200000    3322.64000  830.660000  0.152789    0.015664    0.497694    0.920000    0.920000    0.920092    0.000000    0.000000    0.152789    9.299200    3.338688    3.339726    192.000000  3056.82977  0.000000    0.920000    0.920000    0.920000    0.920001    0.920000    0.920001    0.694323    13.707293  
[37m[36mINFO[0m[0m 07/24 23:55:15 | 0.753198    0.762821    0.000000    0.960498    0.194756    0.946210    0.753198    0.762821    0.976048    0.959236    4500        107.784431  7.055228    0.008290    3.335082    3.762386    -7.468907   0.804913    0.768080    0.147333    0.011637    1.000000    0.200000    96.000000   21.000000   10.931598   21.472852   7.804152    11.876712   0.232234    0.011639    16.000000   3.193158    7.000000    21.000000   0.000000    1.000000    0.200000    3339.28000  834.820000  0.154554    0.016942    0.500328    0.920000    0.920000    0.920091    0.000000    0.000000    0.154554    9.162816    3.335082    3.336116    192.000000  3072.13845  0.000000    0.920000    0.920000    0.920000    0.920000    0.920000    0.920000    0.691830    13.752913  
[37m[36mINFO[0m[0m 07/24 23:56:46 | 0.822495    0.820513    0.000000    0.965146    0.132888    0.958435    0.822495    0.820513    0.979042    0.957962    4600        110.179641  7.057654    0.008483    3.338677    3.760974    -7.458828   0.803225    0.766576    0.146597    0.011748    1.000000    0.200000    96.000000   21.000000   11.011317   21.439945   7.837454    11.852353   0.233621    0.011749    16.000000   3.188157    7.000000    21.000000   0.000000    1.000000    0.200000    3351.84000  837.960000  0.155169    0.017068    0.510763    0.920000    0.920000    0.920088    0.000000    0.000000    0.155169    9.515419    3.338677    3.339737    192.000000  3083.69350  0.000000    0.920000    0.920000    0.920000    0.920000    0.920000    0.920000    0.692400    13.811670  
[37m[36mINFO[0m[0m 07/24 23:58:21 | 0.802239    0.818376    0.000000    0.955105    0.190471    0.946210    0.802239    0.818376    0.970060    0.949045    4700        112.574850  7.041455    0.005024    3.332383    3.756048    -7.607019   0.801930    0.765646    0.145135    0.011854    1.000000    0.200000    96.000000   21.000000   10.940813   21.425469   7.833700    11.897534   0.234672    0.011855    16.000000   3.183363    7.000000    21.000000   0.000000    1.000000    0.200000    3373.84000  843.460000  0.153010    0.017816    0.509941    0.920000    0.920000    0.920025    0.000000    0.000000    0.153010    9.283853    3.332383    3.333358    192.000000  3103.93300  0.000000    0.920000    0.920000    0.920000    0.920000    0.920000    0.920000    0.776221    14.516576  
[37m[36mINFO[0m[0m 07/24 23:59:55 | 0.808635    0.792735    0.000000    0.962989    0.178699    0.960880    0.808635    0.792735    0.979042    0.949045    4800        114.970060  7.046037    0.003936    3.329993    3.764704    -7.648597   0.795939    0.759810    0.144519    0.011950    1.000000    0.200000    96.000000   21.000000   10.993721   21.395682   7.795318    11.947684   0.240375    0.011951    16.000000   3.178932    7.000000    21.000000   0.000000    1.000000    0.200000    3343.28000  835.820000  0.155011    0.017276    0.510656    0.920000    0.920000    0.920060    0.000000    0.000000    0.155011    9.615594    3.329993    3.330985    192.000000  3075.81808  0.000000    0.920000    0.920000    0.920000    0.920000    0.920000    0.920000    0.766155    14.352234  
[37m[36mINFO[0m[0m 07/25 00:01:27 | 0.815565    0.833333    0.000000    0.961222    0.179452    0.965770    0.815565    0.833333    0.979042    0.938854    4900        117.365269  7.033459    0.005768    3.330581    3.750807    -7.761594   0.796882    0.761544    0.141354    0.012039    1.000000    0.200000    96.000000   21.000000   10.879827   21.633944   7.791900    12.056399   0.238792    0.012040    16.000000   3.174744    7.000000    21.000000   0.000000    1.000000    0.200000    3325.20000  831.300000  0.143835    0.016870    0.476201    0.920000    0.920000    0.920000    0.000000    0.000000    0.143835    9.012394    3.330581    3.331612    192.000000  3059.18398  0.000000    0.920000    0.920000    0.920000    0.920000    0.920000    0.920000    0.755193    14.214790  
[37m[36mINFO[0m[0m 07/25 00:03:01 | 0.758529    0.773504    0.000000    0.953900    0.234443    0.941320    0.758529    0.773504    0.970060    0.950318    5000        119.760479  7.038380    0.010080    3.338922    3.742754    -7.723733   0.794998    0.760905    0.136371    0.012119    1.000000    0.200000    96.000000   21.000000   10.973300   21.594993   7.826978    12.039698   0.239373    0.012119    16.000000   3.170909    7.000000    21.000000   0.000000    1.000000    0.200000    3312.32000  828.080000  0.153354    0.018124    0.487367    0.920000    0.920000    0.920019    0.000000    0.000000    0.153354    8.981642    3.338922    3.339922    192.000000  3047.33455  0.000000    0.920000    0.920000    0.920000    0.920000    0.920000    0.920000    0.771576    14.171788  
[37m[36mINFO[0m[0m 07/25 00:03:01 | ---
[37m[33mWARNING[0m[0m 07/25 00:03:02 | Evaluate SWAD ...
[37m[36mINFO[0m[0m 07/25 00:03:17 | 0.839019    0.850427    0.000000    0.975820    0.083137    0.975550    0.839019    0.850427    0.985030    0.966879    [101-4600]  (N=46)
[37m[36mINFO[0m[0m 07/25 00:03:17 | oracle = 81.716%
[37m[36mINFO[0m[0m 07/25 00:03:17 | iid = 81.610%
[37m[36mINFO[0m[0m 07/25 00:03:17 | last = 75.853%
[37m[36mINFO[0m[0m 07/25 00:03:17 | last (inD) = 95.390%
[37m[36mINFO[0m[0m 07/25 00:03:17 | iid (inD) = 97.238%
[37m[36mINFO[0m[0m 07/25 00:03:17 | SWAD = 83.902%
[37m[36mINFO[0m[0m 07/25 00:03:17 | SWAD (inD) = 97.582%
[37m[36mINFO[0m[0m 07/25 00:03:18 | 
[37m[36mINFO[0m[0m 07/25 00:03:22 | Testenv name escaping te_photo -> te_photo
[37m[36mINFO[0m[0m 07/25 00:03:22 | Test envs = [2], name = te_photo
[37m[36mINFO[0m[0m 07/25 00:03:22 | Batch sizes for each domain: [32, 32, 0, 32] (total=96)
[37m[36mINFO[0m[0m 07/25 00:03:22 | steps-per-epoch for each domain: 51.22, 58.62, 98.25 -> min = 51.22
[37m[36mINFO[0m[0m 07/25 00:03:25 | # of params = 49165255
[37m[36mINFO[0m[0m 07/25 00:03:39 | test_in     test_out    train_in    train_out   tr_outloss  env0_out    env1_out    env2_in     env2_out    env3_out    step        epoch       loss        loss_cls    sup_cl_los  pre_cl_los  reg_loss    loss_isr    loss_isr_a  loss_isr_d  loss_orth   piccl_lamb  piccl_beta  valid_augm  valid_clas  delta_aug_  delta_aug_  delta_dom_  delta_dom_  projection  basis_orth  basis_rank  basis_norm  residual_b  residual_b  piccl_has_  reliable_c  reliable_c  cross_doma  valid_reli  pair_relia  pair_relia  pair_relia  pair_weigh  pair_weigh  pair_weigh  pair_weigh  pair_weigh  mean_sensi  mean_pair_  weighted_c  unweighted  self_aug_p  cross_doma  reliable_c  reliable_c  reliable_c  reliable_c  reliable_c  reliable_c  reliable_c  step_time   eval_time  
[37m[36mINFO[0m[0m 07/25 00:03:39 | 0.104042    0.116766    0.000000    0.185340    1.952383    0.220049    0.147436    0.104042    0.116766    0.188535    0           0.000000    12.392203   1.935134    5.353373    5.161262    -5.756462   0.000000    0.000000    0.000000    0.002651    0.000000    0.000000    0.000000    0.000000    0.000000    0.000000    0.000000    0.000000    0.000000    0.002651    16.000000   3.593053    0.000000    0.000000    0.000000    1.000000    0.000000    3528.00000  882.000000  0.007905    0.001570    0.018622    1.000000    1.000000    1.000000    0.000000    0.000000    0.007905    23.886234   5.353373    5.353373    192.000000  3528.00000  0.000000    1.000000    1.000000    1.000000    1.000000    1.000000    1.000000    0.425366    12.836361  
[37m[36mINFO[0m[0m 07/25 00:05:16 | 0.954341    0.940120    0.000000    0.933485    0.199310    0.921760    0.955128    0.954341    0.940120    0.923567    100         1.952410    9.131577    0.387525    3.974145    4.762001    0.790612    0.991933    0.991933    0.000000    0.002651    0.000000    0.000000    96.000000   0.000000    13.423311   25.803132   0.000000    0.000000    0.008056    0.002651    16.000000   3.593053    0.000000    0.000000    0.000000    1.000000    0.000000    3482.88000  870.720000  0.008399    0.002319    0.018957    1.000000    1.000000    1.000000    0.000000    0.000000    0.008399    26.524566   3.974145    3.974145    192.000000  3482.88000  0.000000    1.000000    1.000000    1.000000    1.000000    1.000000    1.000000    0.719485    12.804477  
[37m[36mINFO[0m[0m 07/25 00:06:53 | 0.964820    0.952096    0.000000    0.944196    0.179130    0.946210    0.961538    0.964820    0.952096    0.924841    200         3.904820    8.296775    0.157314    3.636930    4.515055    -1.252325   0.991938    0.991938    0.000000    0.002651    0.000000    0.000000    96.000000   0.000000    12.218709   23.391048   0.000000    0.000000    0.008064    0.002651    16.000000   3.593053    0.000000    0.000000    0.000000    1.000000    0.000000    3499.20000  874.800000  0.008330    0.002436    0.018527    1.000000    1.000000    1.000000    0.000000    0.000000    0.008330    18.805481   3.636930    3.636930    192.000000  3499.20000  0.000000    1.000000    1.000000    1.000000    1.000000    1.000000    1.000000    0.724952    13.060870  
[37m[36mINFO[0m[0m 07/25 00:08:31 | 0.975299    0.979042    0.000000    0.947066    0.167067    0.933985    0.965812    0.975299    0.979042    0.941401    300         5.857230    7.954196    0.073807    3.508990    4.388682    -1.822765   1.111640    0.991198    0.481767    0.002652    0.025500    0.005100    96.000000   10.090000   11.939368   23.323212   4.416468    6.355138    0.008862    0.002652    16.000000   3.592971    3.480000    10.160000   0.000000    1.000000    0.000000    3489.60000  872.400000  0.009096    0.002551    0.020927    1.000000    1.000000    1.000000    0.000000    0.000000    0.009096    16.394550   3.508990    3.508990    192.000000  3489.60000  0.000000    1.000000    1.000000    1.000000    1.000000    1.000000    1.000000    0.766117    13.305483  
[37m[36mINFO[0m[0m 07/25 00:10:04 | 0.974551    0.964072    0.000000    0.956572    0.133335    0.953545    0.972222    0.974551    0.964072    0.943949    400         7.809640    7.851165    0.062218    3.479828    4.325599    -2.373659   1.207471    0.980893    0.906313    0.002652    0.201000    0.040200    96.000000   21.000000   11.732606   22.575369   7.596695    10.492588   0.019339    0.002652    16.000000   3.594255    7.000000    21.000000   0.000000    1.000000    0.000000    3539.84000  884.960000  0.020345    0.003945    0.058134    1.000000    1.000000    1.000000    0.000000    0.000000    0.020345    14.615927   3.479828    3.479828    192.000000  3539.84000  0.000000    1.000000    1.000000    1.000000    1.000000    1.000000    1.000000    0.715240    12.044006  
[37m[36mINFO[0m[0m 07/25 00:11:40 | 0.970808    0.967066    0.000000    0.966065    0.122905    0.963325    0.974359    0.970808    0.967066    0.960510    500         9.762050    7.718909    0.033933    3.421568    4.276972    -2.734786   1.148277    0.965428    0.731395    0.002758    0.401000    0.080200    96.000000   21.000000   11.609925   22.385666   7.112680    10.375872   0.034839    0.002760    16.000000   3.589582    7.000000    21.000000   0.000000    1.000000    0.000000    3499.76000  874.940000  0.035538    0.004779    0.118219    1.000000    1.000000    1.000000    0.000000    0.000000    0.035538    13.576710   3.421568    3.421568    192.000000  3499.76000  0.000000    1.000000    1.000000    1.000000    1.000000    1.000000    1.000000    0.815199    11.567552  
[37m[36mINFO[0m[0m 07/25 00:13:21 | 0.959581    0.955090    0.000000    0.961688    0.125796    0.960880    0.963675    0.959581    0.955090    0.960510    600         11.714460   7.671526    0.031391    3.414243    4.236541    -3.035856   1.094336    0.951316    0.572079    0.003100    0.601000    0.120200    96.000000   21.000000   11.500396   22.682167   7.086566    10.234069   0.048941    0.003104    16.000000   3.572436    7.000000    21.000000   0.000000    1.000000    0.000000    3523.84000  880.960000  0.047437    0.005688    0.158823    1.000000    1.000000    1.000000    0.000000    0.000000    0.047437    12.881101   3.414243    3.414243    192.000000  3523.84000  0.000000    1.000000    1.000000    1.000000    1.000000    1.000000    1.000000    0.865657    11.918682  
[37m[36mINFO[0m[0m 07/25 00:14:56 | 0.969311    0.958084    0.000000    0.948600    0.175810    0.943765    0.952991    0.969311    0.958084    0.949045    700         13.666870   7.632681    0.028422    3.406388    4.204869    -3.229494   1.053368    0.938115    0.461013    0.003610    0.801000    0.160200    96.000000   21.000000   11.529996   22.604184   7.110831    10.330476   0.062218    0.003615    16.000000   3.551016    7.000000    21.000000   0.000000    1.000000    0.000000    3490.48000  872.620000  0.057093    0.006796    0.183100    1.000000    1.000000    1.000000    0.000000    0.000000    0.057093    12.583652   3.406388    3.406388    192.000000  3490.48000  0.000000    1.000000    1.000000    1.000000    1.000000    1.000000    1.000000    0.699493    12.333487  
[37m[36mINFO[0m[0m 07/25 00:16:30 | 0.979790    0.970060    0.000000    0.962633    0.139209    0.955990    0.976496    0.979790    0.970060    0.955414    800         15.619280   7.604609    0.029478    3.400040    4.180181    -3.500137   1.022218    0.924707    0.390046    0.004153    0.975500    0.195100    96.000000   21.000000   11.464400   22.257768   7.089369    10.307231   0.075603    0.004159    16.000000   3.529321    7.000000    21.000000   0.000000    1.000000    0.000000    3480.40000  870.100000  0.064023    0.007190    0.200547    1.000000    1.000000    1.000000    0.000000    0.000000    0.064023    11.897427   3.400040    3.400040    192.000000  3480.40000  0.000000    1.000000    1.000000    1.000000    1.000000    1.000000    1.000000    0.700787    12.334895  
[37m[36mINFO[0m[0m 07/25 00:18:15 | 0.972305    0.955090    0.000000    0.958935    0.143604    0.955990    0.967949    0.972305    0.955090    0.952866    900         17.571690   7.569898    0.022969    3.394826    4.159116    -3.696562   0.998255    0.912799    0.341822    0.004619    1.000000    0.200000    96.000000   21.000000   11.379421   22.208713   7.104494    10.345779   0.087525    0.004624    16.000000   3.510054    7.000000    21.000000   0.000000    1.000000    0.000000    3525.52000  881.380000  0.069356    0.007801    0.219346    1.000000    1.000000    1.000000    0.000000    0.000000    0.069356    11.453451   3.394826    3.394826    192.000000  3525.52000  0.000000    1.000000    1.000000    1.000000    1.000000    1.000000    1.000000    0.874771    14.114406  
[37m[36mINFO[0m[0m 07/25 00:19:55 | 0.970060    0.949102    0.000000    0.959462    0.140335    0.948655    0.967949    0.970060    0.949102    0.961783    1000        19.524100   7.521759    0.020376    3.382176    4.129066    -3.923125   0.978923    0.901143    0.311121    0.005021    1.000000    0.200000    96.000000   21.000000   11.307334   22.010431   7.090319    10.258116   0.099105    0.005025    16.000000   3.492596    7.000000    21.000000   0.000000    1.000000    0.000000    3457.20000  864.300000  0.076358    0.008188    0.238998    1.000000    1.000000    1.000000    0.000000    0.000000    0.076358    10.880783   3.382176    3.382176    192.000000  3457.20000  0.000000    1.000000    1.000000    1.000000    1.000000    1.000000    1.000000    0.838227    12.989374  
[37m[36mINFO[0m[0m 07/25 00:21:39 | 0.961078    0.934132    0.000000    0.953216    0.154730    0.948655    0.959402    0.961078    0.934132    0.951592    1100        21.476510   7.504516    0.015864    3.376233    4.123646    -4.001232   0.959320    0.886246    0.292296    0.005392    1.000000    0.200000    96.000000   21.000000   11.361436   21.932815   7.112469    10.466069   0.113983    0.005395    16.000000   3.476218    7.000000    21.000000   0.000000    1.000000    0.010100    3508.16000  877.040000  0.085100    0.008728    0.265554    0.995960    0.995960    0.995960    0.000000    0.000000    0.085100    11.100430   3.376233    3.376295    192.000000  3493.89897  0.000000    0.995960    0.995960    0.995960    0.995960    0.995960    0.995960    0.873027    13.904690  
[37m[36mINFO[0m[0m 07/25 00:23:22 | 0.973054    0.958084    0.000000    0.963346    0.131636    0.955990    0.978632    0.973054    0.958084    0.955414    1200        23.428920   7.454862    0.013745    3.364769    4.090329    -4.239638   0.946994    0.876846    0.280593    0.005749    1.000000    0.200000    96.000000   21.000000   11.266320   21.831977   7.128818    10.421805   0.123565    0.005753    16.000000   3.460585    7.000000    21.000000   0.000000    1.000000    0.030100    3471.04000  867.760000  0.094882    0.009879    0.292062    0.987960    0.987960    0.987960    0.000000    0.000000    0.094882    10.751814   3.364769    3.364937    192.000000  3429.29482  0.000000    0.987960    0.987960    0.987960    0.987960    0.987960    0.987960    0.866034    12.763483  
[37m[36mINFO[0m[0m 07/25 00:25:05 | 0.973054    0.946108    0.000000    0.949224    0.228015    0.941320    0.963675    0.973054    0.946108    0.942675    1300        25.381330   7.496613    0.025092    3.390280    4.097196    -4.392762   0.932209    0.865738    0.265885    0.006100    1.000000    0.200000    96.000000   21.000000   11.237413   21.432581   7.159361    10.651526   0.134763    0.006103    16.000000   3.445642    7.000000    21.000000   0.000000    1.000000    0.050100    3471.44000  867.860000  0.098452    0.010571    0.304797    0.979960    0.979960    0.979960    0.000000    0.000000    0.098452    10.570686   3.390280    3.390588    192.000000  3401.91968  0.000000    0.979960    0.979960    0.979960    0.979960    0.979960    0.979960    0.869171    13.714478  
[37m[36mINFO[0m[0m 07/25 00:26:44 | 0.964820    0.955090    0.000000    0.960702    0.146222    0.960880    0.965812    0.964820    0.955090    0.955414    1400        27.333740   7.466311    0.017811    3.384074    4.081354    -4.456305   0.920946    0.857121    0.255299    0.006433    1.000000    0.200000    96.000000   21.000000   11.371875   21.866068   7.102127    10.372641   0.143264    0.006436    16.000000   3.431709    7.000000    21.000000   0.000000    1.000000    0.070100    3492.56000  873.140000  0.108891    0.010787    0.326649    0.971960    0.971960    0.971960    0.000000    0.000000    0.108891    10.928716   3.384074    3.384465    192.000000  3394.62153  0.000000    0.971960    0.971960    0.971960    0.971960    0.971960    0.971960    0.827821    13.048782  
[37m[36mINFO[0m[0m 07/25 00:28:26 | 0.976796    0.955090    0.000000    0.959093    0.154663    0.963325    0.957265    0.976796    0.955090    0.956688    1500        29.286150   7.417016    0.009136    3.362033    4.064712    -4.608910   0.907262    0.845314    0.247795    0.006751    1.000000    0.200000    96.000000   21.000000   11.297126   21.985924   7.110208    10.357234   0.154972    0.006754    16.000000   3.418543    7.000000    21.000000   0.000000    1.000000    0.090100    3481.12000  870.280000  0.113954    0.011025    0.341422    0.963960    0.963960    0.963960    0.000000    0.000000    0.113954    10.748763   3.362033    3.362525    192.000000  3355.61341  0.000000    0.963960    0.963960    0.963960    0.963960    0.963960    0.963960    0.855278    12.736796  
[37m[36mINFO[0m[0m 07/25 00:30:07 | 0.969311    0.952096    0.000000    0.952621    0.187341    0.941320    0.963675    0.969311    0.952096    0.952866    1600        31.238560   7.412331    0.012840    3.361060    4.059278    -4.789262   0.901273    0.841463    0.239238    0.007059    1.000000    0.200000    96.000000   21.000000   11.251567   21.778767   7.101664    10.410420   0.159032    0.007062    16.000000   3.405899    7.000000    21.000000   0.000000    1.000000    0.110100    3478.88000  869.720000  0.111992    0.011182    0.340251    0.955960    0.955960    0.955960    0.000000    0.000000    0.111992    10.102906   3.361060    3.361633    192.000000  3325.57089  0.000000    0.955960    0.955960    0.955960    0.955960    0.955960    0.955960    0.847477    13.904664  
[37m[36mINFO[0m[0m 07/25 00:31:44 | 0.969311    0.961078    0.000000    0.961140    0.156159    0.951100    0.974359    0.969311    0.961078    0.957962    1700        33.190970   7.443687    0.021016    3.382622    4.061698    -4.850622   0.894997    0.837362    0.230540    0.007333    1.000000    0.200000    96.000000   21.000000   11.355555   21.878421   7.076706    10.422882   0.162982    0.007335    16.000000   3.394546    7.000000    21.000000   0.000000    1.000000    0.130100    3493.28000  873.320000  0.122045    0.012102    0.364926    0.947960    0.947960    0.947960    0.000000    0.000000    0.122045    10.358064   3.382622    3.383335    192.000000  3311.46919  0.000000    0.947960    0.947960    0.947960    0.947960    0.947960    0.947960    0.708936    14.004503  
[37m[36mINFO[0m[0m 07/25 00:33:27 | 0.973802    0.964072    0.000000    0.961736    0.144735    0.958435    0.970085    0.973802    0.964072    0.956688    1800        35.143380   7.408307    0.016082    3.375397    4.040338    -5.011040   0.886461    0.829301    0.228639    0.007569    1.000000    0.200000    96.000000   21.000000   11.273006   21.744040   7.121674    10.549689   0.171263    0.007571    16.000000   3.384514    7.000000    21.000000   0.000000    1.000000    0.150100    3505.12000  876.280000  0.131120    0.012360    0.376622    0.939960    0.939960    0.939960    0.000000    0.000000    0.131120    10.328935   3.375397    3.376153    192.000000  3294.64643  0.000000    0.939960    0.939960    0.939960    0.939960    0.939960    0.939960    0.865993    13.602889  
[37m[36mINFO[0m[0m 07/25 00:35:11 | 0.949850    0.934132    0.000000    0.943436    0.255693    0.929095    0.957265    0.949850    0.934132    0.943949    1900        37.095790   7.410157    0.021273    3.380866    4.033007    -5.140225   0.880179    0.823650    0.226118    0.007793    1.000000    0.200000    96.000000   21.000000   11.306465   21.949542   7.146585    10.523593   0.176700    0.007795    16.000000   3.374772    7.000000    21.000000   0.000000    1.000000    0.170100    3448.08000  862.020000  0.131811    0.013218    0.377315    0.931960    0.931960    0.931960    0.000000    0.000000    0.131811    10.144327   3.380866    3.381819    192.000000  3213.44686  0.000000    0.931960    0.931960    0.931960    0.931960    0.931960    0.931960    0.871024    14.439134  
[37m[36mINFO[0m[0m 07/25 00:36:47 | 0.963323    0.955090    0.000000    0.959065    0.152137    0.948655    0.980769    0.963323    0.955090    0.947771    2000        39.048200   7.401713    0.018233    3.372243    4.036690    -5.162151   0.872011    0.817121    0.219560    0.007991    1.000000    0.200000    96.000000   21.000000   11.309806   21.608814   7.122597    10.354286   0.183176    0.007993    16.000000   3.365842    7.000000    21.000000   0.000000    1.000000    0.190100    3478.80000  869.700000  0.142956    0.013392    0.402542    0.923960    0.923960    0.923960    0.000000    0.000000    0.142956    10.602027   3.372243    3.373264    192.000000  3214.38163  0.000000    0.923960    0.923960    0.923960    0.923960    0.923960    0.923960    0.704772    12.618935  
[37m[36mINFO[0m[0m 07/25 00:38:31 | 0.969311    0.949102    0.000000    0.965722    0.130642    0.958435    0.980769    0.969311    0.949102    0.957962    2100        41.000610   7.349951    0.010229    3.356618    4.010670    -5.371538   0.871405    0.816536    0.219477    0.008169    1.000000    0.200000    96.000000   21.000000   11.279076   21.760769   7.170725    10.383935   0.183708    0.008170    16.000000   3.357590    7.000000    21.000000   0.000000    1.000000    0.200000    3473.92000  868.480000  0.136309    0.013451    0.407330    0.920000    0.920000    0.920000    0.000000    0.000000    0.136309    10.025412   3.356618    3.357638    192.000000  3196.00643  0.000000    0.920000    0.920000    0.920000    0.920000    0.920000    0.920000    0.876250    13.775013  
[37m[36mINFO[0m[0m 07/25 00:40:16 | 0.967814    0.943114    0.000000    0.957627    0.170722    0.948655    0.970085    0.967814    0.943114    0.954140    2200        42.953020   7.373960    0.015167    3.366725    4.021155    -5.508367   0.866321    0.813047    0.213098    0.008331    1.000000    0.200000    96.000000   21.000000   11.243074   21.891794   7.144647    10.384794   0.187208    0.008332    16.000000   3.349707    7.000000    21.000000   0.000000    1.000000    0.200000    3469.12000  867.280000  0.132367    0.013173    0.414188    0.920000    0.920000    0.920000    0.000000    0.000000    0.132367    9.786127    3.366725    3.367917    192.000000  3191.59041  0.000000    0.920000    0.920000    0.920000    0.920000    0.920000    0.920000    0.867292    14.873957  
[37m[36mINFO[0m[0m 07/25 00:41:57 | 0.961078    0.940120    0.000000    0.949415    0.199818    0.936430    0.955128    0.961078    0.940120    0.956688    2300        44.905430   7.359053    0.011107    3.364478    4.013432    -5.574729   0.859146    0.806667    0.209916    0.008490    1.000000    0.200000    96.000000   21.000000   11.254876   21.868458   7.138322    10.296545   0.193621    0.008492    16.000000   3.341885    7.000000    21.000000   0.000000    1.000000    0.200000    3511.44000  877.860000  0.137164    0.013136    0.424662    0.920000    0.920000    0.920000    0.000000    0.000000    0.137164    10.042653   3.364478    3.365541    192.000000  3230.52482  0.000000    0.920000    0.920000    0.920000    0.920000    0.920000    0.920000    0.839935    14.028707  
[37m[36mINFO[0m[0m 07/25 00:43:37 | 0.948353    0.937126    0.000000    0.959702    0.165600    0.951100    0.963675    0.948353    0.937126    0.964331    2400        46.857840   7.321790    0.008570    3.350776    3.993445    -5.678844   0.859327    0.807308    0.208078    0.008645    1.000000    0.200000    96.000000   21.000000   11.225967   21.376260   7.163664    10.372903   0.192938    0.008646    16.000000   3.334228    7.000000    21.000000   0.000000    1.000000    0.200000    3470.64000  867.660000  0.134826    0.013991    0.424834    0.920000    0.920000    0.920000    0.000000    0.000000    0.134826    9.762328    3.350776    3.351816    192.000000  3192.98883  0.000000    0.920000    0.920000    0.920000    0.920000    0.920000    0.920000    0.838547    12.845731  
[37m[36mINFO[0m[0m 07/25 00:45:21 | 0.966317    0.949102    0.000000    0.963380    0.171891    0.953545    0.978632    0.966317    0.949102    0.957962    2500        48.810250   7.310024    0.004561    3.346945    3.991311    -5.842177   0.854012    0.802713    0.205193    0.008781    1.000000    0.200000    96.000000   21.000000   11.136784   21.573125   7.149956    10.435393   0.197596    0.008782    16.000000   3.327104    7.000000    21.000000   0.000000    1.000000    0.200000    3505.12000  876.280000  0.135466    0.013128    0.434008    0.920000    0.920000    0.920000    0.000000    0.000000    0.135466    9.475938    3.346945    3.348006    192.000000  3224.71043  0.000000    0.920000    0.920000    0.920000    0.920000    0.920000    0.920000    0.873568    13.365615  
[37m[36mINFO[0m[0m 07/25 00:46:56 | 0.961826    0.958084    0.000000    0.967592    0.134304    0.955990    0.978632    0.961826    0.958084    0.968153    2600        50.762660   7.313506    0.004866    3.349150    3.993333    -5.928132   0.847633    0.797559    0.200295    0.008914    1.000000    0.200000    96.000000   21.000000   11.214798   21.995118   7.158492    10.408305   0.202758    0.008916    16.000000   3.320024    7.000000    21.000000   0.000000    1.000000    0.200000    3491.04000  872.760000  0.138186    0.014013    0.444658    0.920000    0.920000    0.920000    0.000000    0.000000    0.138186    9.453709    3.349150    3.350115    192.000000  3211.75681  0.000000    0.920000    0.920000    0.920000    0.920000    0.920000    0.920000    0.700526    13.657866  
[37m[36mINFO[0m[0m 07/25 00:48:39 | 0.960329    0.955090    0.000000    0.963928    0.173528    0.963325    0.967949    0.960329    0.955090    0.960510    2700        52.715070   7.291570    0.003246    3.341671    3.981950    -6.075918   0.848444    0.800184    0.193041    0.009037    1.000000    0.200000    96.000000   21.000000   11.043422   21.289733   7.165946    10.366583   0.200028    0.009038    16.000000   3.313248    7.000000    21.000000   0.000000    1.000000    0.200000    3506.16000  876.540000  0.132601    0.013827    0.437599    0.920000    0.920000    0.920000    0.000000    0.000000    0.132601    8.963657    3.341671    3.342695    192.000000  3225.66721  0.000000    0.920000    0.920000    0.920000    0.920000    0.920000    0.920000    0.868090    13.105973  
[37m[36mINFO[0m[0m 07/25 00:50:18 | 0.973802    0.958084    0.000000    0.959510    0.161810    0.946210    0.974359    0.973802    0.958084    0.957962    2800        54.667480   7.329476    0.007466    3.357258    4.000832    -6.143752   0.844935    0.797937    0.187992    0.009131    1.000000    0.200000    96.000000   21.000000   11.124455   21.723904   7.144528    10.391515   0.202438    0.009131    16.000000   3.307218    7.000000    21.000000   0.000000    1.000000    0.200000    3539.60000  884.900000  0.140861    0.015211    0.439118    0.920000    0.920000    0.920000    0.000000    0.000000    0.140861    9.308736    3.357258    3.358329    192.000000  3256.43203  0.000000    0.920000    0.920000    0.920000    0.920000    0.920000    0.920000    0.836288    12.670627  
[37m[36mINFO[0m[0m 07/25 00:52:02 | 0.975299    0.946108    0.000000    0.961736    0.183109    0.948655    0.972222    0.975299    0.946108    0.964331    2900        56.619890   7.316035    0.011302    3.362714    3.978894    -6.193654   0.835057    0.788786    0.185087    0.009207    1.000000    0.200000    96.000000   21.000000   11.209499   21.686325   7.138598    10.313071   0.211262    0.009208    16.000000   3.301628    7.000000    21.000000   0.000000    1.000000    0.200000    3509.36000  877.340000  0.156506    0.015616    0.491865    0.920000    0.920000    0.920000    0.000000    0.000000    0.156506    9.602927    3.362714    3.363740    192.000000  3228.61123  0.000000    0.920000    0.920000    0.920000    0.920000    0.920000    0.920000    0.874513    13.107806  
[37m[36mINFO[0m[0m 07/25 00:53:45 | 0.964072    0.946108    0.000000    0.959935    0.164803    0.955990    0.972222    0.964072    0.946108    0.951592    3000        58.572300   7.329009    0.019298    3.369539    3.977750    -6.266157   0.835854    0.790148    0.182825    0.009306    1.000000    0.200000    96.000000   21.000000   11.201090   21.786026   7.115166    10.354496   0.210205    0.009307    16.000000   3.295377    7.000000    21.000000   0.000000    1.000000    0.200000    3480.08000  870.020000  0.160433    0.015763    0.493416    0.920000    0.920000    0.920000    0.000000    0.000000    0.160433    9.262953    3.369539    3.370589    192.000000  3201.67362  0.000000    0.920000    0.920000    0.920000    0.920000    0.920000    0.920000    0.876830    12.421497  
[37m[36mINFO[0m[0m 07/25 00:55:28 | 0.961826    0.940120    0.000000    0.953929    0.183020    0.958435    0.959402    0.961826    0.940120    0.943949    3100        60.524710   7.296326    0.006273    3.353419    3.975449    -6.378802   0.832130    0.786996    0.180538    0.009409    1.000000    0.200000    96.000000   21.000000   11.171024   21.560065   7.123742    10.315904   0.213289    0.009410    16.000000   3.289101    7.000000    21.000000   0.000000    1.000000    0.200000    3519.20000  879.800000  0.153134    0.015655    0.487735    0.920000    0.920000    0.920000    0.000000    0.000000    0.153134    9.549981    3.353419    3.354405    192.000000  3237.66401  0.000000    0.920000    0.920000    0.920000    0.920000    0.920000    0.920000    0.872046    12.620456  
[37m[36mINFO[0m[0m 07/25 00:57:08 | 0.965569    0.940120    0.000000    0.957326    0.164243    0.948655    0.961538    0.965569    0.940120    0.961783    3200        62.477120   7.302882    0.012931    3.361800    3.968240    -6.504471   0.831540    0.786577    0.179852    0.009511    1.000000    0.200000    96.000000   21.000000   11.172848   21.504671   7.122861    10.283101   0.214105    0.009513    16.000000   3.282797    7.000000    21.000000   0.000000    1.000000    0.200000    3497.04000  874.260000  0.159255    0.015437    0.497340    0.920000    0.920000    0.920000    0.000000    0.000000    0.159255    9.304866    3.361800    3.362808    192.000000  3217.27683  0.000000    0.920000    0.920000    0.920000    0.920000    0.920000    0.920000    0.821695    12.002009  
[37m[36mINFO[0m[0m 07/25 00:58:51 | 0.973054    0.964072    0.000000    0.960291    0.155463    0.951100    0.974359    0.973054    0.964072    0.955414    3300        64.429530   7.276533    0.008336    3.348399    3.960754    -6.576638   0.826699    0.782532    0.176668    0.009621    1.000000    0.200000    96.000000   21.000000   11.119626   21.152131   7.115498    10.256484   0.217859    0.009622    16.000000   3.276341    7.000000    21.000000   0.000000    1.000000    0.200000    3476.24000  869.060000  0.162087    0.016808    0.523382    0.920000    0.920000    0.920066    0.000000    0.000000    0.162087    9.411922    3.348399    3.349413    192.000000  3198.14164  0.000000    0.920000    0.920000    0.920000    0.920000    0.920000    0.920000    0.884622    11.879914  
[37m[36mINFO[0m[0m 07/25 01:00:07 | 0.959581    0.940120    0.000000    0.959613    0.165729    0.958435    0.970085    0.959581    0.940120    0.950318    3400        66.381940   7.268204    0.006796    3.350499    3.953378    -6.724276   0.825482    0.782330    0.172606    0.009729    1.000000    0.200000    96.000000   21.000000   11.065680   21.354557   7.105953    10.294616   0.218034    0.009730    16.000000   3.269937    7.000000    21.000000   0.000000    1.000000    0.200000    3516.96000  879.240000  0.151899    0.016058    0.505374    0.920000    0.920000    0.920044    0.000000    0.000000    0.151899    9.099371    3.350499    3.351542    192.000000  3235.60357  0.000000    0.920000    0.920000    0.920000    0.920000    0.920000    0.920000    0.592102    13.300848  
[37m[36mINFO[0m[0m 07/25 01:01:38 | 0.962575    0.940120    0.000000    0.954079    0.213360    0.948655    0.965812    0.962575    0.940120    0.947771    3500        68.334350   7.261947    0.005658    3.351292    3.947722    -6.731235   0.819243    0.776853    0.169560    0.009828    1.000000    0.200000    96.000000   21.000000   11.128002   21.585235   7.074888    10.243078   0.223362    0.009829    16.000000   3.263877    7.000000    21.000000   0.000000    1.000000    0.200000    3452.48000  863.120000  0.152202    0.017227    0.519950    0.920000    0.920000    0.920085    0.000000    0.000000    0.152202    9.279121    3.351292    3.352282    192.000000  3176.28282  0.000000    0.920000    0.920000    0.920000    0.920001    0.920000    0.920001    0.761413    12.923301  
[37m[36mINFO[0m[0m 07/25 01:03:11 | 0.955090    0.931138    0.000000    0.952826    0.203849    0.946210    0.959402    0.955090    0.931138    0.952866    3600        70.286760   7.262871    0.007974    3.352614    3.946589    -6.877978   0.815445    0.773472    0.167889    0.009933    1.000000    0.200000    96.000000   21.000000   11.169784   21.602055   7.087877    10.286822   0.227098    0.009935    16.000000   3.257585    7.000000    21.000000   0.000000    1.000000    0.200000    3504.16000  876.040000  0.158571    0.016155    0.531772    0.920001    0.920000    0.920346    0.000000    0.000000    0.158571    9.135284    3.352614    3.353595    192.000000  3223.83139  0.000000    0.920000    0.920000    0.920000    0.920003    0.920000    0.920003    0.766956    13.293452  
[37m[36mINFO[0m[0m 07/25 01:04:44 | 0.959581    0.943114    0.000000    0.953333    0.181891    0.951100    0.963675    0.959581    0.943114    0.945223    3700        72.239170   7.242546    0.002729    3.342890    3.942472    -6.993413   0.812622    0.771208    0.165657    0.010040    1.000000    0.200000    96.000000   21.000000   11.064372   21.630426   7.108707    10.315885   0.229024    0.010041    16.000000   3.251323    7.000000    21.000000   0.000000    1.000000    0.200000    3513.28000  878.320000  0.157210    0.016460    0.537487    0.920001    0.920000    0.920381    0.000000    0.000000    0.157210    8.800083    3.342890    3.343856    192.000000  3232.22191  0.000000    0.920000    0.920000    0.920000    0.920003    0.920000    0.920003    0.762134    13.007763  
[37m[36mINFO[0m[0m 07/25 01:06:17 | 0.942365    0.934132    0.000000    0.946642    0.220500    0.924205    0.967949    0.942365    0.934132    0.947771    3800        74.191580   7.342748    0.029911    3.394672    3.963434    -6.957894   0.809986    0.770560    0.157700    0.010137    1.000000    0.200000    96.000000   21.000000   11.185550   21.648448   7.081596    10.260236   0.229779    0.010138    16.000000   3.245371    7.000000    21.000000   0.000000    1.000000    0.200000    3472.32000  868.080000  0.174327    0.018802    0.543997    0.920001    0.920000    0.920487    0.000000    0.000000    0.174327    9.142568    3.394672    3.395915    192.000000  3194.53927  0.000000    0.920002    0.920000    0.920002    0.920002    0.920000    0.920002    0.760834    13.402016  
[37m[36mINFO[0m[0m 07/25 01:07:51 | 0.960329    0.949102    0.000000    0.958969    0.185503    0.943765    0.970085    0.960329    0.949102    0.963057    3900        76.143990   7.269497    0.011163    3.359060    3.944362    -6.921539   0.803929    0.764546    0.157532    0.010231    1.000000    0.200000    96.000000   21.000000   11.166440   21.647230   7.074130    10.021310   0.235700    0.010232    16.000000   3.239641    7.000000    21.000000   0.000000    1.000000    0.200000    3496.16000  874.040000  0.176942    0.017887    0.577891    0.920013    0.920000    0.922385    0.000000    0.000000    0.176942    9.424279    3.359060    3.359953    192.000000  3216.51204  0.000000    0.920016    0.920000    0.920016    0.920020    0.920000    0.920020    0.778592    13.338133  
[37m[36mINFO[0m[0m 07/25 01:09:19 | 0.931138    0.895210    0.000000    0.941348    0.246619    0.916870    0.959402    0.931138    0.895210    0.947771    4000        78.096400   7.251359    0.007222    3.354169    3.936685    -7.091197   0.806134    0.766426    0.158829    0.010336    1.000000    0.200000    96.000000   21.000000   11.134230   21.585690   7.151492    10.078559   0.233946    0.010337    16.000000   3.233651    7.000000    21.000000   0.000000    1.000000    0.200000    3515.84000  878.960000  0.162551    0.016644    0.542716    0.920002    0.920000    0.920690    0.000000    0.000000    0.162551    9.007142    3.354169    3.355030    192.000000  3234.58180  0.000000    0.920002    0.920000    0.920002    0.920005    0.920000    0.920005    0.666950    13.190070  
[37m[36mINFO[0m[0m 07/25 01:10:50 | 0.967814    0.928144    0.000000    0.957880    0.176735    0.941320    0.974359    0.967814    0.928144    0.957962    4100        80.048810   7.261948    0.012121    3.358512    3.938329    -7.116208   0.804579    0.765747    0.155329    0.010434    1.000000    0.200000    96.000000   21.000000   11.145182   21.507110   7.147717    10.101528   0.234653    0.010435    16.000000   3.227984    7.000000    21.000000   0.000000    1.000000    0.200000    3480.32000  870.080000  0.178851    0.018456    0.553004    0.920001    0.920000    0.920481    0.000000    0.000000    0.178851    9.481694    3.358512    3.359442    192.000000  3201.89910  0.000000    0.920001    0.920000    0.920001    0.920003    0.920000    0.920003    0.752046    13.496501  
[37m[36mINFO[0m[0m 07/25 01:12:24 | 0.970060    0.949102    0.000000    0.964572    0.152293    0.948655    0.974359    0.970060    0.949102    0.970701    4200        82.001220   7.236936    0.007178    3.342144    3.935993    -7.239117   0.800064    0.761394    0.154679    0.010528    1.000000    0.200000    96.000000   21.000000   11.116817   21.393089   7.113926    10.041179   0.238833    0.010529    16.000000   3.222432    7.000000    21.000000   0.000000    1.000000    0.200000    3456.24000  864.060000  0.164441    0.016641    0.530208    0.920001    0.920000    0.920340    0.000000    0.000000    0.164441    9.159215    3.342144    3.343064    192.000000  3179.74452  0.000000    0.920000    0.920002    0.920000    0.920002    0.920002    0.920002    0.762116    14.291044  
[37m[36mINFO[0m[0m 07/25 01:14:00 | 0.970808    0.952096    0.000000    0.964469    0.153053    0.955990    0.974359    0.970808    0.952096    0.963057    4300        83.953630   7.220185    0.002674    3.336681    3.930696    -7.388871   0.800443    0.761620    0.155293    0.010616    1.000000    0.200000    96.000000   21.000000   11.037749   21.641814   7.092954    10.019119   0.238557    0.010617    16.000000   3.217077    7.000000    21.000000   0.000000    1.000000    0.200000    3459.92000  864.980000  0.155487    0.017321    0.524721    0.920001    0.920000    0.920500    0.000000    0.000000    0.155487    8.724966    3.336681    3.337593    192.000000  3183.13134  0.000000    0.920001    0.920001    0.920001    0.920003    0.920001    0.920003    0.796363    14.035589  
[37m[36mINFO[0m[0m 07/25 01:15:34 | 0.964072    0.928144    0.000000    0.956387    0.179117    0.936430    0.972222    0.964072    0.928144    0.960510    4400        85.906040   7.227657    0.008383    3.348983    3.920533    -7.419439   0.798058    0.759373    0.154740    0.010700    1.000000    0.200000    96.000000   21.000000   11.127489   21.121498   7.121026    10.162690   0.240907    0.010701    16.000000   3.211849    7.000000    21.000000   0.000000    1.000000    0.200000    3485.20000  871.300000  0.165089    0.017888    0.547866    0.920005    0.920000    0.921100    0.000000    0.000000    0.165089    9.047948    3.348983    3.349989    192.000000  3206.40020  0.000000    0.920004    0.920000    0.920004    0.920009    0.920000    0.920009    0.781457    12.686760  
[37m[36mINFO[0m[0m 07/25 01:17:08 | 0.961078    0.934132    0.000000    0.961243    0.147652    0.953545    0.972222    0.961078    0.934132    0.957962    4500        87.858450   7.210540    0.004129    3.342060    3.915445    -7.505877   0.798460    0.759807    0.154612    0.010774    1.000000    0.200000    96.000000   21.000000   11.053526   21.346640   7.117716    10.211125   0.240467    0.010775    16.000000   3.207021    7.000000    21.000000   0.000000    1.000000    0.200000    3495.20000  873.800000  0.171414    0.017807    0.552024    0.920005    0.920000    0.920968    0.000000    0.000000    0.171414    8.743123    3.342060    3.342957    192.000000  3215.60006  0.000000    0.920001    0.920000    0.920001    0.920014    0.920000    0.920014    0.789572    12.114441  
[37m[36mINFO[0m[0m 07/25 01:18:40 | 0.964820    0.946108    0.000000    0.959969    0.182400    0.943765    0.974359    0.964820    0.946108    0.961783    4600        89.810860   7.222131    0.006416    3.343132    3.924489    -7.574142   0.794138    0.756962    0.148704    0.010844    1.000000    0.200000    96.000000   21.000000   11.060222   21.531028   7.085168    10.087992   0.243264    0.010845    16.000000   3.202385    7.000000    21.000000   0.000000    1.000000    0.200000    3482.32000  870.580000  0.157321    0.018203    0.558266    0.920007    0.920000    0.921485    0.000000    0.000000    0.157321    8.664089    3.343132    3.344088    192.000000  3203.75885  0.000000    0.920004    0.920001    0.920004    0.920015    0.920001    0.920015    0.690459    12.346364  
[37m[36mINFO[0m[0m 07/25 01:20:13 | 0.963323    0.910180    0.000000    0.955066    0.179867    0.948655    0.963675    0.963323    0.910180    0.952866    4700        91.763270   7.232678    0.009690    3.352637    3.923080    -7.639800   0.788636    0.752690    0.143782    0.010917    1.000000    0.200000    96.000000   21.000000   11.044596   21.443293   7.106681    10.154203   0.247471    0.010917    16.000000   3.197698    7.000000    21.000000   0.000000    1.000000    0.200000    3485.20000  871.300000  0.163640    0.019120    0.546823    0.920003    0.920000    0.921073    0.000000    0.000000    0.163640    8.459802    3.352637    3.353565    192.000000  3206.39558  0.000000    0.920001    0.920001    0.920001    0.920008    0.920001    0.920008    0.701110    11.917946  
[37m[36mINFO[0m[0m 07/25 01:21:48 | 0.970060    0.931138    0.000000    0.961462    0.140486    0.948655    0.976496    0.970060    0.931138    0.959236    4800        93.715680   7.281197    0.020917    3.373559    3.939184    -7.610615   0.787751    0.752756    0.139978    0.010985    1.000000    0.200000    96.000000   21.000000   11.139462   21.613446   7.091382    10.198778   0.247777    0.010986    16.000000   3.193163    7.000000    21.000000   0.000000    1.000000    0.200000    3483.52000  870.880000  0.176650    0.019106    0.565882    0.920008    0.920000    0.921485    0.000000    0.000000    0.176650    8.466068    3.373559    3.374498    192.000000  3204.86496  0.000000    0.920006    0.920001    0.920006    0.920015    0.920001    0.920015    0.709628    12.855676  
[37m[36mINFO[0m[0m 07/25 01:23:29 | 0.965569    0.940120    0.000000    0.961380    0.152818    0.953545    0.970085    0.965569    0.940120    0.960510    4900        95.668090   7.214395    0.004949    3.345614    3.917316    -7.712537   0.787679    0.752841    0.139355    0.011062    1.000000    0.200000    96.000000   21.000000   11.132419   21.473324   7.095031    10.145756   0.247510    0.011062    16.000000   3.188517    7.000000    21.000000   0.000000    1.000000    0.200000    3477.04000  869.260000  0.160063    0.018109    0.536311    0.920006    0.920000    0.920970    0.000000    0.000000    0.160063    8.680027    3.345614    3.346460    192.000000  3198.89792  0.000000    0.920007    0.920001    0.920007    0.920010    0.920001    0.920010    0.835835    13.730157  
[37m[36mINFO[0m[0m 07/25 01:25:13 | 0.955090    0.904192    0.000000    0.947354    0.227425    0.924205    0.970085    0.955090    0.904192    0.947771    5000        97.620500   7.200214    0.003173    3.337886    3.914119    -7.852941   0.785178    0.749721    0.141830    0.011135    1.000000    0.200000    96.000000   21.000000   11.092446   21.483700   7.115474    10.157459   0.250499    0.011136    16.000000   3.183951    7.000000    21.000000   0.000000    1.000000    0.200000    3476.80000  869.200000  0.152372    0.017530    0.526943    0.920002    0.920000    0.920627    0.000000    0.000000    0.152372    8.407214    3.337886    3.338742    192.000000  3198.66337  0.000000    0.920001    0.920001    0.920001    0.920004    0.920001    0.920004    0.874867    13.660409  
[37m[36mINFO[0m[0m 07/25 01:25:13 | ---
[37m[33mWARNING[0m[0m 07/25 01:25:13 | Evaluate SWAD ...
[37m[36mINFO[0m[0m 07/25 01:25:27 | 0.980539    0.967066    0.000000    0.974146    0.101001    0.973105    0.978632    0.980539    0.967066    0.970701    [201-4900]  (N=48)
[37m[36mINFO[0m[0m 07/25 01:25:27 | oracle = 97.530%
[37m[36mINFO[0m[0m 07/25 01:25:27 | iid = 96.183%
[37m[36mINFO[0m[0m 07/25 01:25:27 | last = 95.509%
[37m[36mINFO[0m[0m 07/25 01:25:27 | last (inD) = 94.735%
[37m[36mINFO[0m[0m 07/25 01:25:27 | iid (inD) = 96.759%
[37m[36mINFO[0m[0m 07/25 01:25:27 | SWAD = 98.054%
[37m[36mINFO[0m[0m 07/25 01:25:27 | SWAD (inD) = 97.415%
[37m[36mINFO[0m[0m 07/25 01:25:28 | 
[37m[36mINFO[0m[0m 07/25 01:25:32 | Testenv name escaping te_sketch -> te_sketch
[37m[36mINFO[0m[0m 07/25 01:25:32 | Test envs = [3], name = te_sketch
[37m[36mINFO[0m[0m 07/25 01:25:32 | Batch sizes for each domain: [32, 32, 32, 0] (total=96)
[37m[36mINFO[0m[0m 07/25 01:25:32 | steps-per-epoch for each domain: 51.22, 58.62, 41.75 -> min = 41.75
[37m[36mINFO[0m[0m 07/25 01:25:35 | # of params = 49165255
[37m[36mINFO[0m[0m 07/25 01:25:52 | test_in     test_out    train_in    train_out   tr_outloss  env0_out    env1_out    env2_out    env3_in     env3_out    step        epoch       loss        loss_cls    sup_cl_los  pre_cl_los  reg_loss    loss_isr    loss_isr_a  loss_isr_d  loss_orth   piccl_lamb  piccl_beta  valid_augm  valid_clas  delta_aug_  delta_aug_  delta_dom_  delta_dom_  projection  basis_orth  basis_rank  basis_norm  residual_b  residual_b  piccl_has_  reliable_c  reliable_c  cross_doma  valid_reli  pair_relia  pair_relia  pair_relia  pair_weigh  pair_weigh  pair_weigh  pair_weigh  pair_weigh  mean_sensi  mean_pair_  weighted_c  unweighted  self_aug_p  cross_doma  reliable_c  reliable_c  reliable_c  reliable_c  reliable_c  reliable_c  reliable_c  step_time   eval_time  
[37m[36mINFO[0m[0m 07/25 01:25:52 | 0.191794    0.183439    0.000000    0.217597    1.883809    0.176039    0.177350    0.299401    0.191794    0.183439    0           0.000000    11.781932   1.968066    4.920918    4.950513    -5.756462   0.000000    0.000000    0.000000    0.002189    0.000000    0.000000    0.000000    0.000000    0.000000    0.000000    0.000000    0.000000    0.000000    0.002189    16.000000   3.640547    0.000000    0.000000    0.000000    1.000000    0.000000    3256.00000  814.000000  0.008815    0.002909    0.018841    1.000000    1.000000    1.000000    0.000000    0.000000    0.008815    23.492172   4.920918    4.920918    192.000000  3256.00000  0.000000    1.000000    1.000000    1.000000    1.000000    1.000000    1.000000    0.786285    16.195188  
[37m[36mINFO[0m[0m 07/25 01:27:24 | 0.666349    0.668790    0.000000    0.956847    0.134551    0.946210    0.957265    0.967066    0.666349    0.668790    100         2.395210    8.590133    0.269628    3.794264    4.525830    0.041041    0.992259    0.992259    0.000000    0.002189    0.000000    0.000000    96.000000   0.000000    13.153135   25.712581   0.000000    0.000000    0.007740    0.002189    16.000000   3.640547    0.000000    0.000000    0.000000    1.000000    0.000000    3712.72000  928.180000  0.007668    0.002155    0.017845    1.000000    1.000000    1.000000    0.000000    0.000000    0.007668    24.122006   3.794264    3.794264    192.000000  3712.72000  0.000000    1.000000    1.000000    1.000000    1.000000    1.000000    1.000000    0.658968    16.273061  
[37m[36mINFO[0m[0m 07/25 01:28:54 | 0.652990    0.650955    0.000000    0.951267    0.150338    0.938875    0.950855    0.964072    0.652990    0.650955    200         4.790419    7.865824    0.081871    3.524693    4.275965    -1.670588   0.992267    0.992267    0.000000    0.002189    0.000000    0.000000    96.000000   0.000000    12.427934   23.935656   0.000000    0.000000    0.007725    0.002189    16.000000   3.640547    0.000000    0.000000    0.000000    1.000000    0.000000    3698.88000  924.720000  0.007725    0.002212    0.018081    1.000000    1.000000    1.000000    0.000000    0.000000    0.007725    16.893865   3.524693    3.524693    192.000000  3698.88000  0.000000    1.000000    1.000000    1.000000    1.000000    1.000000    1.000000    0.667337    14.322351  
[37m[36mINFO[0m[0m 07/25 01:30:28 | 0.783715    0.783439    0.000000    0.968049    0.097023    0.958435    0.963675    0.982036    0.783715    0.783439    300         7.185629    7.641366    0.037717    3.452768    4.172366    -2.243030   1.112107    0.991756    0.481404    0.002195    0.025500    0.005100    96.000000   10.190000   12.194336   23.016242   4.022527    5.785286    0.008273    0.002195    16.000000   3.639999    3.440000    10.220000   0.000000    1.000000    0.000000    3736.56000  934.140000  0.008356    0.002388    0.018706    1.000000    1.000000    1.000000    0.000000    0.000000    0.008356    15.112645   3.452768    3.452768    192.000000  3736.56000  0.000000    1.000000    1.000000    1.000000    1.000000    1.000000    1.000000    0.726527    14.817497  
[37m[36mINFO[0m[0m 07/25 01:32:03 | 0.809796    0.817834    0.000000    0.965787    0.107584    0.948655    0.963675    0.985030    0.809796    0.817834    400         9.580838    7.539125    0.031226    3.421835    4.106371    -2.758313   1.210654    0.984251    0.905611    0.002267    0.201000    0.040200    96.000000   21.000000   12.044889   22.809094   6.815785    9.840535    0.015894    0.002268    16.000000   3.634454    7.000000    21.000000   0.000000    1.000000    0.000000    3713.44000  928.360000  0.015586    0.003400    0.048010    1.000000    1.000000    1.000000    0.000000    0.000000    0.015586    13.523477   3.421835    3.421835    192.000000  3713.44000  0.000000    1.000000    1.000000    1.000000    1.000000    1.000000    1.000000    0.778152    15.015747  
[37m[36mINFO[0m[0m 07/25 01:33:35 | 0.804071    0.802548    0.000000    0.971485    0.100820    0.948655    0.980769    0.985030    0.804071    0.802548    500         11.976048   7.458145    0.026854    3.406937    4.041645    -3.122671   1.160259    0.972576    0.750728    0.002453    0.401000    0.080200    96.000000   21.000000   11.932249   22.697282   6.265667    9.140450    0.027596    0.002455    16.000000   3.623763    7.000000    21.000000   0.000000    1.000000    0.000000    3685.52000  921.380000  0.025722    0.004442    0.102184    1.000000    1.000000    1.000000    0.000000    0.000000    0.025722    12.703810   3.406937    3.406937    192.000000  3685.52000  0.000000    1.000000    1.000000    1.000000    1.000000    1.000000    1.000000    0.721795    14.757870  
[37m[36mINFO[0m[0m 07/25 01:35:10 | 0.770674    0.773248    0.000000    0.974033    0.100384    0.958435    0.978632    0.985030    0.770674    0.773248    600         14.371257   7.458436    0.028652    3.419460    4.022676    -3.248452   1.117538    0.961316    0.624886    0.002792    0.601000    0.120200    96.000000   21.000000   11.985651   22.275774   6.124027    8.959010    0.038938    0.002796    16.000000   3.608062    7.000000    21.000000   0.000000    1.000000    0.000000    3732.56000  933.140000  0.038853    0.005229    0.149833    1.000000    1.000000    1.000000    0.000000    0.000000    0.038853    12.509396   3.419460    3.419460    192.000000  3732.56000  0.000000    1.000000    1.000000    1.000000    1.000000    1.000000    1.000000    0.765269    15.339137  
[37m[36mINFO[0m[0m 07/25 01:36:42 | 0.765267    0.737580    0.000000    0.967109    0.114426    0.946210    0.970085    0.985030    0.765267    0.737580    700         16.766467   7.387409    0.020105    3.390305    3.985618    -3.474468   1.087659    0.952941    0.538874    0.003179    0.801000    0.160200    96.000000   21.000000   11.946925   22.411540   6.120054    9.084285    0.047247    0.003183    16.000000   3.592890    7.000000    21.000000   0.000000    1.000000    0.000000    3674.24000  918.560000  0.047033    0.006049    0.181217    1.000000    1.000000    1.000000    0.000000    0.000000    0.047033    12.128875   3.390305    3.390305    192.000000  3674.24000  0.000000    1.000000    1.000000    1.000000    1.000000    1.000000    1.000000    0.729262    15.288937  
[37m[36mINFO[0m[0m 07/25 01:38:14 | 0.768766    0.770701    0.000000    0.971286    0.105609    0.960880    0.967949    0.985030    0.768766    0.770701    800         19.161677   7.353687    0.016167    3.389773    3.953323    -3.674225   1.065004    0.944249    0.483018    0.003528    0.975500    0.195100    96.000000   21.000000   11.877692   22.513666   6.130980    9.008655    0.055978    0.003531    16.000000   3.579375    7.000000    21.000000   0.000000    1.000000    0.000000    3707.68000  926.920000  0.054086    0.006871    0.203226    1.000000    1.000000    1.000000    0.000000    0.000000    0.054086    11.757852   3.389773    3.389773    192.000000  3707.68000  0.000000    1.000000    1.000000    1.000000    1.000000    1.000000    1.000000    0.689205    15.193035  
[37m[36mINFO[0m[0m 07/25 01:39:50 | 0.812023    0.808917    0.000000    0.968087    0.121489    0.955990    0.972222    0.976048    0.812023    0.808917    900         21.556886   7.299026    0.007861    3.368250    3.930993    -3.955978   1.049272    0.937926    0.445384    0.003799    1.000000    0.200000    96.000000   21.000000   11.724739   22.091012   6.156192    8.763987    0.062244    0.003802    16.000000   3.567993    7.000000    21.000000   0.000000    1.000000    0.000000    3687.68000  921.920000  0.057736    0.007499    0.212833    1.000000    1.000000    1.000000    0.000000    0.000000    0.057736    10.849015   3.368250    3.368250    192.000000  3687.68000  0.000000    1.000000    1.000000    1.000000    1.000000    1.000000    1.000000    0.779893    15.475446  
[37m[36mINFO[0m[0m 07/25 01:41:27 | 0.809796    0.825478    0.000000    0.973709    0.099159    0.960880    0.972222    0.988024    0.809796    0.825478    1000        23.952096   7.288636    0.008643    3.370230    3.919795    -4.111447   1.035932    0.931395    0.418147    0.004013    1.000000    0.200000    96.000000   21.000000   11.774070   21.776611   6.157835    8.805834    0.068747    0.004015    16.000000   3.558120    7.000000    21.000000   0.000000    1.000000    0.000000    3682.80000  920.700000  0.065355    0.008530    0.228455    1.000000    1.000000    1.000000    0.000000    0.000000    0.065355    10.874137   3.370230    3.370230    192.000000  3682.80000  0.000000    1.000000    1.000000    1.000000    1.000000    1.000000    1.000000    0.776504    15.600031  
[37m[36mINFO[0m[0m 07/25 01:43:04 | 0.762723    0.759236    0.000000    0.964644    0.126585    0.948655    0.972222    0.973054    0.762723    0.759236    1100        26.347305   7.266149    0.009650    3.370369    3.897333    -4.186325   1.021900    0.925155    0.386980    0.004197    1.000000    0.200000    96.000000   21.000000   11.892268   22.261984   6.126352    8.680194    0.075023    0.004199    16.000000   3.548609    7.000000    21.000000   0.000000    1.000000    0.010100    3677.20000  919.300000  0.073121    0.009444    0.258213    0.995960    0.995960    0.995960    0.000000    0.000000    0.073121    11.076676   3.370369    3.370423    192.000000  3662.30348  0.000000    0.995960    0.995960    0.995960    0.995960    0.995960    0.995960    0.780543    15.983471  
[37m[36mINFO[0m[0m 07/25 01:44:40 | 0.787532    0.779618    0.000000    0.970509    0.114868    0.955990    0.976496    0.979042    0.787532    0.779618    1200        28.742515   7.256816    0.014025    3.373821    3.882410    -4.377474   1.011021    0.918404    0.370470    0.004373    1.000000    0.200000    96.000000   21.000000   11.866773   21.916307   6.148705    8.693452    0.081792    0.004375    16.000000   3.538778    7.000000    21.000000   0.000000    1.000000    0.030100    3653.20000  913.300000  0.076698    0.009511    0.277192    0.987960    0.987960    0.987960    0.000000    0.000000    0.076698    10.793944   3.373821    3.373990    192.000000  3609.36159  0.000000    0.987960    0.987960    0.987960    0.987960    0.987960    0.987960    0.773485    15.775258  
[37m[36mINFO[0m[0m 07/25 01:46:14 | 0.769402    0.768153    0.000000    0.970407    0.129946    0.953545    0.978632    0.979042    0.769402    0.768153    1300        31.137725   7.250982    0.011773    3.377084    3.876705    -4.462999   1.001500    0.913662    0.351354    0.004545    1.000000    0.200000    96.000000   21.000000   11.806205   21.700306   6.163671    8.771795    0.086517    0.004547    16.000000   3.528698    7.000000    21.000000   0.000000    1.000000    0.050100    3729.20000  932.300000  0.082785    0.009481    0.292497    0.979960    0.979960    0.979960    0.000000    0.000000    0.082785    10.825794   3.377084    3.377350    192.000000  3654.48436  0.000000    0.979960    0.979960    0.979960    0.979960    0.979960    0.979960    0.733298    16.198999  
[37m[36mINFO[0m[0m 07/25 01:47:44 | 0.769084    0.783439    0.000000    0.969245    0.114393    0.946210    0.976496    0.985030    0.769084    0.783439    1400        33.532934   7.226239    0.009498    3.370051    3.863085    -4.611369   0.990451    0.907049    0.333611    0.004721    1.000000    0.200000    96.000000   21.000000   11.835118   21.714718   6.174436    8.718848    0.093218    0.004723    16.000000   3.518307    7.000000    21.000000   0.000000    1.000000    0.070100    3671.36000  917.840000  0.088023    0.011251    0.300909    0.971960    0.971960    0.971960    0.000000    0.000000    0.088023    10.550881   3.370051    3.370417    192.000000  3568.45149  0.000000    0.971960    0.971960    0.971960    0.971960    0.971960    0.971960    0.671987    15.021000  
[37m[36mINFO[0m[0m 07/25 01:49:19 | 0.737277    0.726115    0.000000    0.968312    0.122708    0.951100    0.965812    0.988024    0.737277    0.726115    1500        35.928144   7.205355    0.007728    3.367523    3.847853    -4.720479   0.981716    0.902235    0.317927    0.004903    1.000000    0.200000    96.000000   21.000000   11.871578   21.658086   6.178322    8.758687    0.098005    0.004905    16.000000   3.507481    7.000000    21.000000   0.000000    1.000000    0.090100    3702.64000  925.660000  0.089339    0.011155    0.301158    0.963960    0.963960    0.963960    0.000000    0.000000    0.089339    10.449870   3.367523    3.368008    192.000000  3569.20461  0.000000    0.963960    0.963960    0.963960    0.963960    0.963960    0.963960    0.762011    15.361450  
[37m[36mINFO[0m[0m 07/25 01:50:55 | 0.803435    0.816561    0.000000    0.972365    0.100874    0.955990    0.970085    0.991018    0.803435    0.816561    1600        38.323353   7.198532    0.010642    3.367496    3.840051    -4.882974   0.972253    0.894934    0.309275    0.005099    1.000000    0.200000    96.000000   21.000000   11.829057   21.765089   6.187157    8.959081    0.105336    0.005102    16.000000   3.496131    7.000000    21.000000   0.000000    1.000000    0.110100    3704.08000  926.020000  0.095512    0.010693    0.321503    0.955960    0.955960    0.955960    0.000000    0.000000    0.095512    10.059240   3.367496    3.368056    192.000000  3540.88686  0.000000    0.955960    0.955960    0.955960    0.955960    0.955960    0.955960    0.783159    15.509084  
[37m[36mINFO[0m[0m 07/25 01:52:27 | 0.741412    0.741401    0.000000    0.960797    0.169226    0.948655    0.963675    0.970060    0.741412    0.741401    1700        40.718563   7.189647    0.005836    3.362984    3.842156    -5.029055   0.965203    0.890187    0.300062    0.005305    1.000000    0.200000    96.000000   21.000000   11.802280   21.502076   6.186424    8.979324    0.109989    0.005307    16.000000   3.484492    7.000000    21.000000   0.000000    1.000000    0.130100    3711.20000  927.800000  0.094648    0.012342    0.328813    0.947960    0.947960    0.947960    0.000000    0.000000    0.094648    10.125740   3.362984    3.363659    192.000000  3518.12933  0.000000    0.947960    0.947960    0.947960    0.947960    0.947960    0.947960    0.664804    15.758411  
[37m[36mINFO[0m[0m 07/25 01:54:04 | 0.783715    0.780892    0.000000    0.966030    0.113560    0.951100    0.967949    0.979042    0.783715    0.780892    1800        43.113772   7.187810    0.012581    3.367272    3.830539    -5.128085   0.956478    0.884872    0.286422    0.005509    1.000000    0.200000    96.000000   21.000000   11.858383   21.674976   6.170446    8.840286    0.115398    0.005511    16.000000   3.473011    7.000000    21.000000   0.000000    1.000000    0.150100    3653.20000  913.300000  0.101647    0.012325    0.352263    0.939960    0.939960    0.939960    0.000000    0.000000    0.101647    10.163446   3.367272    3.368109    192.000000  3433.88736  0.000000    0.939960    0.939960    0.939960    0.939960    0.939960    0.939960    0.778033    15.768435  
[37m[36mINFO[0m[0m 07/25 01:55:36 | 0.805662    0.793631    0.000000    0.968152    0.130774    0.960880    0.961538    0.982036    0.805662    0.793631    1900        45.508982   7.138894    0.006013    3.351080    3.806375    -5.306200   0.949405    0.879464    0.279764    0.005710    1.000000    0.200000    96.000000   21.000000   11.747864   21.338180   6.126741    8.757310    0.120752    0.005712    16.000000   3.461741    7.000000    21.000000   0.000000    1.000000    0.170100    3679.36000  919.840000  0.097325    0.012490    0.343255    0.931960    0.931960    0.931960    0.000000    0.000000    0.097325    9.596405    3.351080    3.351897    192.000000  3429.04277  0.000000    0.931960    0.931960    0.931960    0.931960    0.931960    0.931960    0.687444    15.862089  
[37m[36mINFO[0m[0m 07/25 01:57:10 | 0.796120    0.801274    0.000000    0.967843    0.120379    0.953545    0.967949    0.982036    0.796120    0.801274    2000        47.904192   7.191226    0.019190    3.379830    3.817671    -5.373712   0.942219    0.874653    0.270266    0.005910    1.000000    0.200000    96.000000   21.000000   11.811053   21.826813   6.114209    8.783208    0.125693    0.005912    16.000000   3.450628    7.000000    21.000000   0.000000    1.000000    0.190100    3675.28000  918.820000  0.106304    0.013387    0.353129    0.923960    0.923960    0.923960    0.000000    0.000000    0.106304    10.042450   3.379830    3.380961    192.000000  3395.80842  0.000000    0.923960    0.923960    0.923960    0.923960    0.923960    0.923960    0.750118    15.825296  
[37m[36mINFO[0m[0m 07/25 01:58:47 | 0.742684    0.751592    0.000000    0.951508    0.218805    0.924205    0.957265    0.973054    0.742684    0.751592    2100        50.299401   7.162428    0.007524    3.366367    3.814452    -5.397786   0.935258    0.869233    0.264101    0.006115    1.000000    0.200000    96.000000   21.000000   11.870320   21.839602   6.165611    9.001909    0.131015    0.006117    16.000000   3.439441    7.000000    21.000000   0.000000    1.000000    0.200000    3696.24000  924.060000  0.107301    0.013338    0.366062    0.920000    0.920000    0.920000    0.000000    0.000000    0.107301    10.169331   3.366367    3.367381    192.000000  3400.54083  0.000000    0.920000    0.920000    0.920000    0.920000    0.920000    0.920000    0.779931    16.040011  
[37m[36mINFO[0m[0m 07/25 02:00:24 | 0.808524    0.783439    0.000000    0.963162    0.145190    0.960880    0.961538    0.967066    0.808524    0.783439    2200        52.694611   7.197637    0.018918    3.389770    3.816319    -5.526491   0.929611    0.865257    0.257416    0.006324    1.000000    0.200000    96.000000   21.000000   11.812196   21.711085   6.180720    8.947098    0.135122    0.006326    16.000000   3.428259    7.000000    21.000000   0.000000    1.000000    0.200000    3715.60000  928.900000  0.115473    0.014498    0.372571    0.920000    0.920000    0.920000    0.000000    0.000000    0.115473    10.139452   3.389770    3.390910    192.000000  3418.35202  0.000000    0.920000    0.920000    0.920000    0.920000    0.920000    0.920000    0.784388    14.908641  
[37m[36mINFO[0m[0m 07/25 02:01:57 | 0.792303    0.807643    0.000000    0.959247    0.162664    0.938875    0.965812    0.973054    0.792303    0.807643    2300        55.089820   7.143750    0.011998    3.365718    3.795183    -5.687472   0.923966    0.860542    0.253698    0.006530    1.000000    0.200000    96.000000   21.000000   11.785194   21.181697   6.166804    8.866952    0.139771    0.006532    16.000000   3.417248    7.000000    21.000000   0.000000    1.000000    0.200000    3638.16000  909.540000  0.113217    0.013505    0.386014    0.920000    0.920000    0.920000    0.000000    0.000000    0.113217    9.604192    3.365718    3.366827    192.000000  3347.10723  0.000000    0.920000    0.920000    0.920000    0.920000    0.920000    0.920000    0.749972    15.249872  
[37m[36mINFO[0m[0m 07/25 02:03:30 | 0.780534    0.770701    0.000000    0.960328    0.136403    0.951100    0.965812    0.964072    0.780534    0.770701    2400        57.485030   7.136641    0.010653    3.366131    3.790072    -5.773380   0.917109    0.855702    0.245626    0.006737    1.000000    0.200000    96.000000   21.000000   11.800046   21.808341   6.171451    9.042083    0.144621    0.006739    16.000000   3.406330    7.000000    21.000000   0.000000    1.000000    0.200000    3673.52000  918.380000  0.120652    0.015215    0.406669    0.920000    0.920000    0.920000    0.000000    0.000000    0.120652    9.793760    3.366131    3.367168    192.000000  3379.63843  0.000000    0.920000    0.920000    0.920000    0.920000    0.920000    0.920000    0.750731    15.251728  
[37m[36mINFO[0m[0m 07/25 02:05:06 | 0.801845    0.792357    0.000000    0.966560    0.102565    0.953545    0.970085    0.976048    0.801845    0.792357    2500        59.880240   7.099789    0.003134    3.350345    3.778277    -5.934672   0.912403    0.851629    0.243098    0.006952    1.000000    0.200000    96.000000   21.000000   11.685403   21.335488   6.153787    9.011465    0.148505    0.006954    16.000000   3.395268    7.000000    21.000000   0.000000    1.000000    0.200000    3688.96000  922.240000  0.114498    0.014284    0.406092    0.920000    0.920000    0.920000    0.000000    0.000000    0.114498    9.459001    3.350345    3.351296    192.000000  3393.84321  0.000000    0.920000    0.920000    0.920000    0.920000    0.920000    0.920000    0.770462    15.580737  
[37m[36mINFO[0m[0m 07/25 02:06:36 | 0.782125    0.789809    0.000000    0.958236    0.174213    0.965770    0.950855    0.958084    0.782125    0.789809    2600        62.275449   7.146856    0.016102    3.373369    3.790493    -6.031477   0.906660    0.846947    0.238852    0.007166    1.000000    0.200000    96.000000   21.000000   11.758913   21.346363   6.109128    8.948600    0.153341    0.007168    16.000000   3.384435    7.000000    21.000000   0.000000    1.000000    0.200000    3710.96000  927.740000  0.120703    0.015856    0.412953    0.920000    0.920000    0.920000    0.000000    0.000000    0.120703    9.330345    3.373369    3.374462    192.000000  3414.08321  0.000000    0.920000    0.920000    0.920000    0.920000    0.920000    0.920000    0.665600    15.254184  
[37m[36mINFO[0m[0m 07/25 02:08:13 | 0.793893    0.792357    0.000000    0.962038    0.127013    0.951100    0.967949    0.967066    0.793893    0.792357    2700        64.670659   7.145455    0.016530    3.373204    3.788695    -5.998478   0.900095    0.841929    0.232665    0.007386    1.000000    0.200000    96.000000   21.000000   11.914114   22.094172   6.159934    8.905535    0.158487    0.007388    16.000000   3.373524    7.000000    21.000000   0.000000    1.000000    0.200000    3673.20000  918.300000  0.128133    0.015252    0.416287    0.920000    0.920000    0.920000    0.000000    0.000000    0.128133    10.176098   3.373204    3.374328    192.000000  3379.34401  0.000000    0.920000    0.920000    0.920000    0.920000    0.920000    0.920000    0.778847    15.647187  
[37m[36mINFO[0m[0m 07/25 02:09:44 | 0.807888    0.812739    0.000000    0.970003    0.110223    0.960880    0.970085    0.979042    0.807888    0.812739    2800        67.065868   7.108821    0.005385    3.358130    3.780152    -6.165108   0.893206    0.836777    0.225712    0.007609    1.000000    0.200000    96.000000   21.000000   11.893508   21.404475   6.215233    8.986271    0.163366    0.007612    16.000000   3.362683    7.000000    21.000000   0.000000    1.000000    0.200000    3727.28000  931.820000  0.121309    0.014686    0.417313    0.920000    0.920000    0.920000    0.000000    0.000000    0.121309    9.411853    3.358130    3.359109    192.000000  3429.09762  0.000000    0.920000    0.920000    0.920000    0.920000    0.920000    0.920000    0.654682    16.164162  
[37m[36mINFO[0m[0m 07/25 02:11:20 | 0.804389    0.812739    0.000000    0.968029    0.120370    0.968215    0.965812    0.970060    0.804389    0.812739    2900        69.461078   7.091869    0.002285    3.349744    3.776289    -6.313140   0.889190    0.834284    0.219624    0.007838    1.000000    0.200000    96.000000   21.000000   11.818111   21.585907   6.225036    9.156569    0.165855    0.007840    16.000000   3.351812    7.000000    21.000000   0.000000    1.000000    0.200000    3709.36000  927.340000  0.118342    0.015051    0.425765    0.920000    0.920000    0.920000    0.000000    0.000000    0.118342    9.110081    3.349744    3.350692    192.000000  3412.61123  0.000000    0.920000    0.920000    0.920000    0.920000    0.920000    0.920000    0.773184    15.951910  
[37m[36mINFO[0m[0m 07/25 02:12:54 | 0.712468    0.732484    0.000000    0.966053    0.135304    0.958435    0.963675    0.976048    0.712468    0.732484    3000        71.856287   7.063944    0.002149    3.342882    3.756585    -6.427765   0.886599    0.832251    0.217394    0.008058    1.000000    0.200000    96.000000   21.000000   11.771675   21.298390   6.199966    8.975682    0.167877    0.008060    16.000000   3.341426    7.000000    21.000000   0.000000    1.000000    0.200000    3665.76000  916.440000  0.120565    0.015387    0.410664    0.920000    0.920000    0.920000    0.000000    0.000000    0.120565    9.093173    3.342882    3.343827    192.000000  3372.49924  0.000000    0.920000    0.920000    0.920000    0.920000    0.920000    0.920000    0.753805    16.216549  
[37m[36mINFO[0m[0m 07/25 02:14:31 | 0.843511    0.842038    0.000000    0.971450    0.093671    0.968215    0.970085    0.976048    0.843511    0.842038    3100        74.251497   7.086754    0.006456    3.357497    3.761454    -6.508242   0.880715    0.827401    0.213255    0.008271    1.000000    0.200000    96.000000   21.000000   11.761187   21.217618   6.158108    8.833611    0.172796    0.008273    16.000000   3.331453    7.000000    21.000000   0.000000    1.000000    0.200000    3696.72000  924.180000  0.128690    0.016517    0.436369    0.920000    0.920000    0.920000    0.000000    0.000000    0.128690    9.205744    3.357497    3.358476    192.000000  3400.98241  0.000000    0.920000    0.920000    0.920000    0.920000    0.920000    0.920000    0.778556    16.116588  
[37m[36mINFO[0m[0m 07/25 02:16:06 | 0.773537    0.789809    0.000000    0.969005    0.122345    0.960880    0.970085    0.976048    0.773537    0.789809    3200        76.646707   7.092114    0.007378    3.359771    3.764262    -6.560208   0.876584    0.824861    0.206890    0.008475    1.000000    0.200000    96.000000   21.000000   11.799634   21.673766   6.173253    8.880900    0.175369    0.008477    16.000000   3.321915    7.000000    21.000000   0.000000    1.000000    0.200000    3691.60000  922.900000  0.135751    0.017094    0.457297    0.920000    0.920000    0.920000    0.000000    0.000000    0.135751    9.315380    3.359771    3.360735    192.000000  3396.27204  0.000000    0.920000    0.920000    0.920000    0.920000    0.920000    0.920000    0.750413    16.428371  
[37m[36mINFO[0m[0m 07/25 02:17:42 | 0.757316    0.764331    0.000000    0.973792    0.118551    0.973105    0.972222    0.976048    0.757316    0.764331    3300        79.041916   7.096613    0.006393    3.362558    3.767789    -6.620759   0.869058    0.818866    0.200768    0.008665    1.000000    0.200000    96.000000   21.000000   11.853085   21.816465   6.157087    8.931329    0.181336    0.008666    16.000000   3.312965    7.000000    21.000000   0.000000    1.000000    0.200000    3713.92000  928.480000  0.137568    0.016960    0.449414    0.920000    0.920000    0.920000    0.000000    0.000000    0.137568    9.544086    3.362558    3.363545    192.000000  3416.80642  0.000000    0.920000    0.920000    0.920000    0.920000    0.920000    0.920000    0.768774    16.282223  
[37m[36mINFO[0m[0m 07/25 02:19:12 | 0.797074    0.802548    0.000000    0.960576    0.152469    0.953545    0.955128    0.973054    0.797074    0.802548    3400        81.437126   7.088690    0.007912    3.365277    3.756413    -6.690392   0.866111    0.817525    0.194345    0.008847    1.000000    0.200000    96.000000   21.000000   11.906412   22.279309   6.165620    8.801990    0.182793    0.008849    16.000000   3.304443    7.000000    21.000000   0.000000    1.000000    0.200000    3695.52000  923.880000  0.137623    0.015916    0.464535    0.920000    0.920000    0.920000    0.000000    0.000000    0.137623    9.286558    3.365277    3.366184    192.000000  3399.87842  0.000000    0.920000    0.920000    0.920000    0.920000    0.920000    0.920000    0.727909    13.681350  
[37m[36mINFO[0m[0m 07/25 02:20:12 | 0.799936    0.802548    0.000000    0.964034    0.129371    0.951100    0.967949    0.973054    0.799936    0.802548    3500        83.832335   7.062283    0.004849    3.354446    3.745253    -6.817086   0.863217    0.815676    0.190165    0.009015    1.000000    0.200000    96.000000   21.000000   11.777158   21.911357   6.170428    8.795393    0.184586    0.009017    16.000000   3.296503    7.000000    21.000000   0.000000    1.000000    0.200000    3668.32000  917.080000  0.133993    0.016946    0.445242    0.920000    0.920000    0.920000    0.000000    0.000000    0.133993    9.011297    3.354446    3.355355    192.000000  3374.85442  0.000000    0.920000    0.920000    0.920000    0.920000    0.920000    0.920000    0.446408    13.233286  
[37m[36mINFO[0m[0m 07/25 02:21:12 | 0.809796    0.835669    0.000000    0.971918    0.119866    0.965770    0.967949    0.982036    0.809796    0.835669    3600        86.227545   7.036608    0.003092    3.340436    3.736818    -6.954765   0.860025    0.813002    0.188092    0.009198    1.000000    0.200000    96.000000   21.000000   11.740379   21.519656   6.144177    8.856197    0.187159    0.009200    16.000000   3.288328    7.000000    21.000000   0.000000    1.000000    0.200000    3655.28000  913.820000  0.127459    0.016709    0.423720    0.920000    0.920000    0.920000    0.000000    0.000000    0.127459    8.734497    3.340436    3.341312    192.000000  3362.85763  0.000000    0.920000    0.920000    0.920000    0.920000    0.920000    0.920000    0.448273    13.063609  
[37m[36mINFO[0m[0m 07/25 02:22:13 | 0.840967    0.836943    0.000000    0.970920    0.124871    0.965770    0.967949    0.979042    0.840967    0.836943    3700        88.622754   7.077572    0.010775    3.356151    3.754999    -7.006958   0.856939    0.811036    0.183612    0.009376    1.000000    0.200000    96.000000   21.000000   11.826086   21.735640   6.155297    8.788361    0.189138    0.009377    16.000000   3.280400    7.000000    21.000000   0.000000    1.000000    0.200000    3652.08000  913.020000  0.133132    0.016165    0.445896    0.920000    0.920000    0.920004    0.000000    0.000000    0.133132    8.984102    3.356151    3.357101    192.000000  3359.91366  0.000000    0.920000    0.920000    0.920000    0.920000    0.920000    0.920000    0.446711    14.189415  
[37m[36mINFO[0m[0m 07/25 02:23:13 | 0.819338    0.817834    0.000000    0.971229    0.122347    0.973105    0.961538    0.979042    0.819338    0.817834    3800        91.017964   7.059831    0.001767    3.350520    3.752225    -7.031284   0.854089    0.808560    0.182114    0.009538    1.000000    0.200000    96.000000   21.000000   11.825070   21.840300   6.189817    8.867970    0.191589    0.009540    16.000000   3.273031    7.000000    21.000000   0.000000    1.000000    0.200000    3697.60000  924.400000  0.133761    0.016730    0.446090    0.920000    0.920000    0.920000    0.000000    0.000000    0.133761    9.155095    3.350520    3.351371    192.000000  3401.79203  0.000000    0.920000    0.920000    0.920000    0.920000    0.920000    0.920000    0.446635    13.342178  
[37m[36mINFO[0m[0m 07/25 02:24:14 | 0.841285    0.835669    0.000000    0.946788    0.218744    0.933985    0.942308    0.964072    0.841285    0.835669    3900        93.413174   7.072528    0.005011    3.361846    3.751493    -7.136308   0.851058    0.806255    0.179210    0.009689    1.000000    0.200000    96.000000   21.000000   11.793790   21.470837   6.163157    8.884520    0.193972    0.009690    16.000000   3.266084    7.000000    21.000000   0.000000    1.000000    0.200000    3696.88000  924.220000  0.140963    0.017212    0.451892    0.920000    0.920000    0.920000    0.000000    0.000000    0.140963    9.014827    3.361846    3.362794    192.000000  3401.12964  0.000000    0.920000    0.920000    0.920000    0.920000    0.920000    0.920000    0.449270    13.480803  
[37m[36mINFO[0m[0m 07/25 02:25:14 | 0.786578    0.751592    0.000000    0.962469    0.139245    0.951100    0.957265    0.979042    0.786578    0.751592    4000        95.808383   7.063621    0.005455    3.359156    3.745591    -7.202211   0.847702    0.803458    0.176976    0.009834    1.000000    0.200000    96.000000   21.000000   11.817480   21.452422   6.169768    8.808031    0.196729    0.009836    16.000000   3.259453    7.000000    21.000000   0.000000    1.000000    0.200000    3703.60000  925.900000  0.141805    0.016456    0.461066    0.920000    0.920000    0.920000    0.000000    0.000000    0.141805    9.106790    3.359156    3.360076    192.000000  3407.31204  0.000000    0.920000    0.920000    0.920000    0.920000    0.920000    0.920000    0.444545    13.918937  
[37m[36mINFO[0m[0m 07/25 02:26:15 | 0.818066    0.785987    0.000000    0.965622    0.153087    0.958435    0.974359    0.964072    0.818066    0.785987    4100        98.203593   7.106339    0.018830    3.380926    3.752915    -7.166525   0.844143    0.800320    0.175293    0.009975    1.000000    0.200000    96.000000   21.000000   11.864201   21.650134   6.118378    8.765391    0.200080    0.009976    16.000000   3.253041    7.000000    21.000000   0.000000    1.000000    0.200000    3658.56000  914.640000  0.164703    0.018061    0.501667    0.920000    0.920000    0.920030    0.000000    0.000000    0.164703    9.842499    3.380926    3.381952    192.000000  3365.87553  0.000000    0.920000    0.920000    0.920000    0.920000    0.920000    0.920000    0.447838    13.620909  
[37m[36mINFO[0m[0m 07/25 02:27:16 | 0.770992    0.774522    0.000000    0.943482    0.238950    0.926650    0.963675    0.940120    0.770992    0.774522    4200        100.598802  7.082308    0.013981    3.369590    3.745942    -7.249187   0.842518    0.798613    0.175621    0.010103    1.000000    0.200000    96.000000   21.000000   11.866284   21.732150   6.097839    8.644817    0.201719    0.010105    16.000000   3.247054    7.000000    21.000000   0.000000    1.000000    0.200000    3695.52000  923.880000  0.166413    0.018597    0.494901    0.920000    0.920000    0.920000    0.000000    0.000000    0.166413    9.638283    3.369590    3.370588    192.000000  3399.87842  0.000000    0.920000    0.920000    0.920000    0.920000    0.920000    0.920000    0.448182    14.316189  
[37m[36mINFO[0m[0m 07/25 02:28:17 | 0.792303    0.806369    0.000000    0.958455    0.152929    0.943765    0.961538    0.970060    0.792303    0.806369    4300        102.994012  7.089424    0.011985    3.375830    3.749113    -7.266391   0.838322    0.794935    0.173548    0.010224    1.000000    0.200000    96.000000   21.000000   11.896441   21.636773   6.130681    8.762001    0.205300    0.010225    16.000000   3.241387    7.000000    21.000000   0.000000    1.000000    0.200000    3737.44000  934.360000  0.164193    0.016642    0.492615    0.920000    0.920000    0.920000    0.000000    0.000000    0.164193    9.500623    3.375830    3.376800    192.000000  3438.44482  0.000000    0.920000    0.920000    0.920000    0.920000    0.920000    0.920000    0.445694    13.849356  
[37m[36mINFO[0m[0m 07/25 02:29:18 | 0.752226    0.750318    0.000000    0.954871    0.182973    0.936430    0.955128    0.973054    0.752226    0.750318    4400        105.389222  7.067692    0.008301    3.359576    3.748787    -7.410494   0.837423    0.794717    0.170823    0.010344    1.000000    0.200000    96.000000   21.000000   11.905687   21.901409   6.177884    8.884988    0.205526    0.010346    16.000000   3.235808    7.000000    21.000000   0.000000    1.000000    0.200000    3714.80000  928.700000  0.147903    0.016022    0.494101    0.920000    0.920000    0.920006    0.000000    0.000000    0.147903    9.017089    3.359576    3.360474    192.000000  3417.61607  0.000000    0.920000    0.920000    0.920000    0.920000    0.920000    0.920000    0.448392    14.204860  
[37m[36mINFO[0m[0m 07/25 02:29:18 | SWAD valley is dead -> early stop !
[37m[36mINFO[0m[0m 07/25 02:29:18 | ---
[37m[33mWARNING[0m[0m 07/25 02:29:18 | Evaluate SWAD ...
[37m[36mINFO[0m[0m 07/25 02:29:33 | 0.824746    0.826752    0.000000    0.977681    0.082766    0.970660    0.974359    0.988024    0.824746    0.826752    [201-3800]  (N=36)
[37m[36mINFO[0m[0m 07/25 02:29:33 | oracle = 84.351%
[37m[36mINFO[0m[0m 07/25 02:29:33 | iid = 77.067%
[37m[36mINFO[0m[0m 07/25 02:29:33 | last = 75.223%
[37m[36mINFO[0m[0m 07/25 02:29:33 | last (inD) = 95.487%
[37m[36mINFO[0m[0m 07/25 02:29:33 | iid (inD) = 97.403%
[37m[36mINFO[0m[0m 07/25 02:29:33 | SWAD = 82.475%
[37m[36mINFO[0m[0m 07/25 02:29:33 | SWAD (inD) = 97.768%
[37m[36mINFO[0m[0m 07/25 02:29:33 | === Summary ===
[37m[36mINFO[0m[0m 07/25 02:29:33 | Command: train_all.py pacs2_piccl_reliable_a --dataset PACS --algorithm PICCL --model resnet50 --data_dir /home/hooasia/lgg/data/repro_dccl_data --output_root train_output/PACS5 --steps 5000 --checkpoint_freq 100 --seed 0 --trial_seed 0 --deterministic --weight_decay 0.0 --t 0.1 --use_piccl true --piccl_rank 16 --piccl_beta_max 0.20 --piccl_residual_scale 0.20 --piccl_isr_weight 0.03 --piccl_orth_weight 0.001 --piccl_warmup_ratio 0.05 --piccl_ramp_ratio 0.10 --piccl_min_domain_samples 8 --piccl_use_reliable_contrast true --piccl_reliable_contrast_min_weight 0.60 --piccl_reliable_contrast_gamma_max 0.20 --piccl_reliable_contrast_warmup_steps 1000 --piccl_reliable_contrast_ramp_steps 1000 --piccl_reliable_contrast_min_delta_norm 1e-6
[37m[36mINFO[0m[0m 07/25 02:29:33 | Unique name: 260724_21-20-04_pacs2_piccl_reliable_a
[37m[36mINFO[0m[0m 07/25 02:29:33 | Out path: train_output/PACS5/260724_21-20-04_pacs2_piccl_reliable_a
[37m[36mINFO[0m[0m 07/25 02:29:33 | Algorithm: PICCL
[37m[36mINFO[0m[0m 07/25 02:29:33 | Dataset: PACS
+------------+---------+---------+---------+---------+---------+
| Selection  |   env0  |   env1  |   env2  |   env3  |   Avg.  |
+------------+---------+---------+---------+---------+---------+
|   oracle   | 88.103% | 81.716% | 97.530% | 84.351% | 87.925% |
|    iid     | 81.696% | 81.610% | 96.183% | 77.067% | 84.139% |
|    last    | 85.418% | 75.853% | 95.509% | 75.223% | 83.001% |
| last (inD) | 97.442% | 95.390% | 94.735% | 95.487% | 95.764% |
| iid (inD)  | 97.797% | 97.238% | 96.759% | 97.403% | 97.299% |
|    SWAD    | 89.750% | 83.902% | 98.054% | 82.475% | 88.545% |
| SWAD (inD) | 98.168% | 97.582% | 97.415% | 97.768% | 97.733% |
+------------+---------+---------+---------+---------+---------+
