[37m[36mINFO[0m[0m 09/03 20:10:37 | Command :: train_all.py pacs_b5c1_lr1e3_official_align_aug0 --dataset PACS --algorithm CIPTDCCL --data_dir /home/hooasia/lgg/data/repro_dccl_data --deterministic --trial_seed 0 --seed 0 --checkpoint_freq 100 --cipt_clip_path /home/hooasia/.cache/clip/ViT-B-16.pt --cipt_beta 4 --cipt_gamma 5 --cipt_k 4 --cipt_prompt_length 16 --cipt_prompt_init a photo of a --cipt_template_mode b5c --cipt_causal_contrastive_weight 1 --cipt_contrastive_warmup_steps 500 --cipt_aug_decomp_weight 0 --lr 1e-3 --output_root train_output/PACS_official_align --weight_decay 0.0
Environment:
	Python: 3.10.20
	PyTorch: 2.5.1+cu121
	Torchvision: 0.20.1+cu121
	CUDA: 12.1
	CUDNN: 90100
	NumPy: 2.2.6
	PIL: 12.0.0
Args:
	TN: False
	algorithm: CIPTDCCL
	aug: 0
	checkpoint_freq: 100
	cipt_beta: 4.0
	cipt_clip_backbone: ViT-B/16
	cipt_clip_path: /home/hooasia/.cache/clip/ViT-B-16.pt
	cipt_contrastive_weight: 1.0
	cipt_debug_shapes: False
	cipt_enabled: True
	cipt_gamma: 5.0
	cipt_k: 4
	cipt_prompt_init: a photo of a
	cipt_prompt_length: 16
	cipt_tda_heads: 1
	configs: []
	data_dir: /home/hooasia/lgg/data/repro_dccl_data
	dataset: PACS
	debug: False
	deterministic: True
	domainnet_auto_source_count: 3
	erm_baseline: weak
	evalmode: fast
	holdout_fraction: 0.2
	l: 1
	l_d: None
	l_layer: None
	label_ratio: 1.0
	lamda: 5
	log: False
	mix: 0
	model: resnet50
	model_save: None
	n_layer: 1
	name: pacs_b5c1_lr1e3_official_align_aug0
	out_dir: train_output/PACS_official_align/PACS/260903_20-10-36_pacs_b5c1_lr1e3_official_align_aug0
	out_root: train_output/PACS_official_align/PACS
	output_root: train_output/PACS_official_align
	pos_mask: False
	prebuild_loader: False
	re_w: False
	sample_d: False
	seed: 0
	show: False
	source_envs: None
	start_epoch: 1000
	steps: None
	sup: True
	t: 0.1
	t_pre: 0.2
	target_env: None
	tb_freq: 10
	test_envs: None
	trial_seed: 0
	two_ce: False
	unique_name: 260903_20-10-36_pacs_b5c1_lr1e3_official_align_aug0
	weak_erm: False
	work_dir: .
HParams:
	data_augmentation: True
	val_augment: False
	resnet18: False
	resnet_dropout: 0.0
	class_balanced: False
	optimizer: adam
	cipt_enabled: True
	cipt_clip_backbone: ViT-B/16
	cipt_clip_path: /home/hooasia/.cache/clip/ViT-B-16.pt
	cipt_beta: 4.0
	cipt_gamma: 5.0
	cipt_k: 4
	cipt_prompt_length: 16
	cipt_prompt_init: a photo of a
	[36mcipt_template_mode: b5c
	[0mcipt_tda_heads: 1
	cipt_contrastive_weight: 1.0
	cipt_debug_shapes: False
	freeze_bn: True
	pretrained: True
	[36mlr: 0.001
	[0mbatch_size: 32
	[36mweight_decay: 0.0
	[0mt: 0.1
	t_pre: 0.2
	l: 1
	l_d: 0.01
	l_layer: 1
	n_layer: 1
	sup: True
	two_ce: False
	sample_d: False
	re_w: False
	pos_mask: False
	mix: 0
	aug: 0
	model: resnet50
	label_ratio: 1.0
	TN: False
	lamda: 5
	start_epoch: 1000
	log: False
	swad: None
	swad_kwargs: 
	  n_converge: 3
	  n_tolerance: 6
	  tolerance_ratio: 0.3
	test_batchsize: 128
	indomain_test: False
	cipt_pure: False
	[36mcipt_causal_contrastive_weight: 1
	[0m[36mcipt_contrastive_warmup_steps: 500
	[0m[36mcipt_aug_decomp_weight: 0[0m
Dataset:
	[PACS] #envs=4, #classes=7
	env0: art_painting (#2048)
	env1: cartoon (#2344)
	env2: photo (#1670)
	env3: sketch (#3929)

[37m[36mINFO[0m[0m 09/03 20:10:41 | n_steps = 5001
[37m[36mINFO[0m[0m 09/03 20:10:41 | checkpoint_freq = 100
[37m[36mINFO[0m[0m 09/03 20:10:41 | n_steps is updated to 5001 => 5001 for checkpointing
[37m[36mINFO[0m[0m 09/03 20:10:41 | Target test envs = [[0], [1], [2], [3]]
[37m[36mINFO[0m[0m 09/03 20:10:41 | 
[37m[36mINFO[0m[0m 09/03 20:10:46 | Testenv name escaping te_art_painting -> te_art_painting
[37m[36mINFO[0m[0m 09/03 20:10:46 | Test envs = [0], name = te_art_painting
[37m[36mINFO[0m[0m 09/03 20:10:46 | Batch sizes for each domain: [0, 32, 32, 32] (total=96)
[37m[36mINFO[0m[0m 09/03 20:10:46 | steps-per-epoch for each domain: 58.62, 41.75, 98.25 -> min = 41.75
[37m[36mINFO[0m[0m 09/03 20:11:12 | # of params = 151206401
[37m[36mINFO[0m[0m 09/03 20:11:36 | test_in     test_out    train_in    train_out   tr_outloss  env0_in     env0_out    env1_out    env2_out    env3_out    step        epoch       total_loss  cipt_base_  cipt_cls_l  cipt_de_lo  cipt_de_or  cipt_de_au  aug_decomp  cipt_ind_l  causal_con  dccl_contr  contrastiv  pre_cl_los  reg_loss    mean_e_nor  mean_e_aug  mean_e_aug  mean_s_nor  mean_s_aug  mean_es_co  mean_e_aug  step_time   eval_time  
[37m[36mINFO[0m[0m 09/03 20:11:36 | 0.718731    0.753056    0.000000    0.735342    1.299393    0.718731    0.753056    0.797009    0.778443    0.630573    0           0.000000    8.785599    8.776164    0.798583    1.369395    1.369395    1.372189    0.000000    0.500000    0.000000    4.717150    0.002000    0.000000    0.000000    1.000000    1.000000    0.943299    1.000000    1.000000    1.000000    1.000000    2.306088    21.262476  
[37m[36mINFO[0m[0m 09/03 20:13:03 | 0.970714    0.980440    0.000000    0.984001    0.051001    0.970714    0.980440    0.997863    1.000000    0.954140    100         2.395210    1.119614    0.731997    0.097627    0.106991    0.106991    0.123609    0.000000    0.041282    0.000000    3.854165    0.103000    0.000000    0.000000    1.224641    1.207635    0.953286    1.706379    1.657349    0.079406    0.129376    0.660940    21.044266  
[37m[36mINFO[0m[0m 09/03 20:14:30 | 0.974985    0.982885    0.000000    0.974933    0.080650    0.974985    0.982885    0.993590    1.000000    0.931210    200         4.790419    1.327464    0.229362    0.046235    0.044585    0.044585    0.061611    0.000000    0.000957    0.000000    3.630177    0.303000    0.000000    0.000000    1.271857    1.256337    0.957438    1.940373    1.872143    0.001582    0.048471    0.660607    21.245982  
[37m[36mINFO[0m[0m 09/03 20:15:57 | 0.981086    0.985330    0.000000    0.984426    0.052459    0.981086    0.985330    0.997863    1.000000    0.955414    300         7.185629    1.996418    0.205914    0.044428    0.039784    0.039784    0.054790    0.000000    0.000470    0.000000    3.561797    0.503000    0.000000    0.000000    1.334406    1.319766    0.962725    2.002304    1.930344    -0.000260   0.035740    0.655287    21.190208  
[37m[36mINFO[0m[0m 09/03 20:17:24 | 0.972544    0.980440    0.000000    0.980179    0.060673    0.972544    0.980440    0.997863    1.000000    0.942675    400         9.580838    2.650871    0.178152    0.038785    0.034494    0.034494    0.053001    0.000000    0.000278    0.000000    3.517729    0.703000    0.000000    0.000000    1.419890    1.404352    0.967430    2.045989    1.968744    -0.000700   0.029296    0.653160    21.080657  
[37m[36mINFO[0m[0m 09/03 20:18:50 | 0.976815    0.980440    0.000000    0.984426    0.051007    0.976815    0.980440    0.997863    1.000000    0.955414    500         11.976048   3.321739    0.157877    0.033759    0.030792    0.030792    0.051546    0.000000    0.000190    0.000000    3.503912    0.902980    0.000000    0.000000    1.481396    1.468967    0.970534    2.075648    1.997301    -0.000500   0.025211    0.654884    20.942590  
[37m[36mINFO[0m[0m 09/03 20:20:22 | 0.978646    0.980440    0.000000    0.984426    0.047523    0.978646    0.980440    0.997863    1.000000    0.955414    600         14.371257   3.627695    0.146328    0.034923    0.027669    0.027669    0.047680    0.000000    0.000146    0.000000    3.481367    1.000000    0.000000    0.000000    1.554077    1.541942    0.973458    2.108737    2.027350    -0.000830   0.021827    0.705527    21.566797  
[37m[36mINFO[0m[0m 09/03 20:22:21 | 0.978035    0.977995    0.000000    0.983576    0.047617    0.978035    0.977995    0.997863    1.000000    0.952866    700         16.766467   3.638515    0.160034    0.035778    0.030914    0.030914    0.048693    0.000000    0.000120    0.000000    3.478482    1.000000    0.000000    0.000000    1.611634    1.598727    0.975469    2.142944    2.059093    -0.000966   0.019713    0.664491    52.843996  
[37m[36mINFO[0m[0m 09/03 20:23:59 | 0.978646    0.975550    0.000000    0.984426    0.048412    0.978646    0.975550    0.997863    1.000000    0.955414    800         19.161677   3.635526    0.156412    0.040236    0.028930    0.028930    0.048454    0.000000    0.000091    0.000000    3.479115    1.000000    0.000000    0.000000    1.658913    1.648166    0.975521    2.183926    2.097191    -0.000315   0.018352    0.747719    23.146116  
[37m[36mINFO[0m[0m 09/03 20:25:47 | 0.978035    0.980440    0.000000    0.986124    0.045928    0.978035    0.980440    0.997863    1.000000    0.960510    900         21.556886   3.615035    0.149048    0.037195    0.027867    0.027867    0.045276    0.000000    0.000077    0.000000    3.465987    1.000000    0.000000    0.000000    1.746817    1.737054    0.977829    2.214356    2.125687    -0.000509   0.016360    0.831886    23.868044  
[37m[36mINFO[0m[0m 09/03 20:27:42 | 0.978035    0.973105    0.000000    0.984289    0.042536    0.978035    0.973105    1.000000    1.000000    0.952866    1000        23.952096   3.603900    0.139109    0.032338    0.026615    0.026615    0.046907    0.000000    0.000062    0.000000    3.464791    1.000000    0.000000    0.000000    1.767685    1.757253    0.977898    2.257207    2.163791    -0.000363   0.015330    0.922722    23.655107  
[37m[36mINFO[0m[0m 09/03 20:29:44 | 0.978035    0.975550    0.000000    0.981453    0.058069    0.978035    0.975550    0.997863    1.000000    0.946497    1100        26.347305   3.587272    0.122028    0.028114    0.023414    0.023414    0.040857    0.000000    0.000052    0.000000    3.465243    1.000000    0.000000    0.000000    1.793218    1.782847    0.978061    2.400086    2.300710    -0.000518   0.013144    0.959950    25.542377  
[37m[36mINFO[0m[0m 09/03 20:31:34 | 0.971934    0.975550    0.000000    0.986549    0.040727    0.971934    0.975550    0.997863    1.000000    0.961783    1200        28.742515   3.591177    0.129065    0.029619    0.024807    0.024807    0.044366    0.000000    0.000043    0.000000    3.462112    1.000000    0.000000    0.000000    1.834701    1.823120    0.978967    2.415872    2.313771    -0.000461   0.012473    0.835136    25.957534  
[37m[36mINFO[0m[0m 09/03 20:33:16 | 0.954240    0.953545    0.000000    0.968701    0.124031    0.954240    0.953545    0.991453    1.000000    0.914650    1300        31.137725   3.582765    0.125670    0.030669    0.023703    0.023703    0.045555    0.000000    0.000038    0.000000    3.457095    1.000000    0.000000    0.000000    1.873035    1.865660    0.979246    2.427921    2.325638    -0.000183   0.011987    0.782139    23.492960  
[37m[36mINFO[0m[0m 09/03 20:35:10 | 0.977425    0.973105    0.000000    0.985700    0.046717    0.977425    0.973105    0.997863    1.000000    0.959236    1400        33.532934   3.564090    0.110788    0.032409    0.019552    0.019552    0.040537    0.000000    0.000034    0.000000    3.453302    1.000000    0.000000    0.000000    1.940355    1.933774    0.980401    2.437573    2.335406    -0.000274   0.011189    0.862060    27.758150  
[37m[36mINFO[0m[0m 09/03 20:37:01 | 0.977425    0.977995    0.000000    0.984426    0.056560    0.977425    0.977995    0.997863    1.000000    0.955414    1500        35.928144   3.530323    0.086253    0.021254    0.016211    0.016211    0.037347    0.000000    0.000031    0.000000    3.444069    1.000000    0.000000    0.000000    1.950926    1.942927    0.980546    2.453419    2.350057    -0.000283   0.010557    0.833795    27.522538  
[37m[36mINFO[0m[0m 09/03 20:38:51 | 0.973764    0.973105    0.000000    0.983439    0.050939    0.973764    0.973105    1.000000    1.000000    0.950318    1600        38.323353   3.542931    0.093226    0.020822    0.018065    0.018065    0.035154    0.000000    0.000029    0.000000    3.449705    1.000000    0.000000    0.000000    1.985678    1.976747    0.980609    2.474735    2.370333    -0.000294   0.010349    0.843815    26.253007  
[37m[36mINFO[0m[0m 09/03 20:40:47 | 0.971934    0.965770    0.000000    0.980604    0.069158    0.971934    0.965770    0.997863    1.000000    0.943949    1700        40.718563   3.570195    0.118401    0.028281    0.022495    0.022495    0.045341    0.000000    0.000028    0.000000    3.451794    1.000000    0.000000    0.000000    2.012892    1.998757    0.980841    2.492730    2.384399    -0.000130   0.010355    0.911946    24.570206  
[37m[36mINFO[0m[0m 09/03 20:42:45 | 0.975595    0.975550    0.000000    0.972798    0.095357    0.975595    0.975550    0.991453    0.997006    0.929936    1800        43.113772   3.546263    0.095779    0.024801    0.017716    0.017716    0.041519    0.000000    0.000023    0.000000    3.450484    1.000000    0.000000    0.000000    2.037322    2.027072    0.980937    2.537876    2.426508    -0.000042   0.009755    0.915800    26.529905  
[37m[36mINFO[0m[0m 09/03 20:44:33 | 0.972544    0.973105    0.000000    0.985563    0.056182    0.972544    0.973105    1.000000    1.000000    0.956688    1900        45.508982   3.529477    0.089666    0.022260    0.016826    0.016826    0.041624    0.000000    0.000020    0.000000    3.439810    1.000000    0.000000    0.000000    2.077665    2.064246    0.981651    2.615749    2.498516    -0.000368   0.007795    0.823336    25.439876  
[37m[36mINFO[0m[0m 09/03 20:46:22 | 0.978646    0.975550    0.000000    0.985700    0.051253    0.978646    0.975550    0.997863    1.000000    0.959236    2000        47.904192   3.519993    0.081684    0.021529    0.015015    0.015015    0.036714    0.000000    0.000019    0.000000    3.438309    1.000000    0.000000    0.000000    2.110704    2.101289    0.981759    2.650572    2.532362    -0.000181   0.007661    0.806648    28.186260  
[37m[36mINFO[0m[0m 09/03 20:48:14 | 0.975595    0.975550    0.000000    0.985700    0.049771    0.975595    0.975550    0.997863    1.000000    0.959236    2100        50.299401   3.517792    0.080080    0.019989    0.015000    0.015000    0.041588    0.000000    0.000018    0.000000    3.437712    1.000000    0.000000    0.000000    2.143647    2.132427    0.981850    2.691202    2.567806    -0.000064   0.007178    0.881678    23.316159  
[37m[36mINFO[0m[0m 09/03 20:50:15 | 0.976205    0.970660    0.000000    0.984563    0.053190    0.976205    0.970660    0.995726    1.000000    0.957962    2200        52.694611   3.506210    0.071701    0.016697    0.013732    0.013732    0.039105    0.000000    0.000015    0.000000    3.434509    1.000000    0.000000    0.000000    2.157862    2.146635    0.981624    2.864631    2.731885    -0.000361   0.005888    0.959419    25.692698  
[37m[36mINFO[0m[0m 09/03 20:52:12 | 0.975595    0.970660    0.000000    0.988535    0.042341    0.975595    0.970660    1.000000    1.000000    0.965605    2300        55.089820   3.519458    0.076126    0.020591    0.013866    0.013866    0.039928    0.000000    0.000014    0.000000    3.443332    1.000000    0.000000    0.000000    2.179129    2.167830    0.981675    2.920582    2.782250    -0.000178   0.005787    0.872247    29.816673  
[37m[36mINFO[0m[0m 09/03 20:53:59 | 0.973764    0.977995    0.000000    0.982864    0.065402    0.973764    0.977995    0.995726    1.000000    0.952866    2400        57.485030   3.501229    0.067769    0.017293    0.012603    0.012603    0.037428    0.000000    0.000013    0.000000    3.433460    1.000000    0.000000    0.000000    2.232167    2.218236    0.982264    2.933886    2.794410    -0.000115   0.005473    0.810710    25.557994  
[37m[36mINFO[0m[0m 09/03 20:55:50 | 0.963392    0.963325    0.000000    0.979043    0.075746    0.963392    0.963325    0.995726    1.000000    0.941401    2500        59.880240   3.508839    0.072454    0.020769    0.012905    0.012905    0.045430    0.000000    0.000013    0.000000    3.436385    1.000000    0.000000    0.000000    2.270241    2.252229    0.982209    2.946238    2.802628    -0.000136   0.005524    0.843870    26.368922  
[37m[36mINFO[0m[0m 09/03 20:57:42 | 0.972544    0.973105    0.000000    0.985987    0.047121    0.972544    0.973105    1.000000    1.000000    0.957962    2600        62.275449   3.490936    0.063665    0.016292    0.011828    0.011828    0.038672    0.000000    0.000012    0.000000    3.427271    1.000000    0.000000    0.000000    2.283687    2.270181    0.982240    3.001189    2.855529    -0.000171   0.004992    0.895505    22.786646  
[37m[36mINFO[0m[0m 09/03 20:59:41 | 0.970104    0.960880    0.000000    0.985700    0.040165    0.970104    0.960880    0.997863    1.000000    0.959236    2700        64.670659   3.520334    0.080041    0.020511    0.014869    0.014869    0.045559    0.000000    0.000010    0.000000    3.440293    1.000000    0.000000    0.000000    2.317390    2.300280    0.982583    3.123582    2.969210    -0.000056   0.004573    0.945022    24.135534  
[37m[36mINFO[0m[0m 09/03 21:01:36 | 0.972544    0.968215    0.000000    0.989384    0.044339    0.972544    0.968215    1.000000    1.000000    0.968153    2800        67.065868   3.519187    0.075204    0.020643    0.013626    0.013626    0.045078    0.000000    0.000011    0.000000    3.443983    1.000000    0.000000    0.000000    2.351493    2.334254    0.982274    3.149269    2.995051    0.000074    0.004804    0.870132    28.577417  
[37m[36mINFO[0m[0m 09/03 21:03:26 | 0.972544    0.973105    0.000000    0.986124    0.046381    0.972544    0.973105    0.997863    1.000000    0.960510    2900        69.461078   3.503425    0.068702    0.019534    0.012280    0.012280    0.044563    0.000000    0.000010    0.000000    3.434722    1.000000    0.000000    0.000000    2.377245    2.357092    0.982439    3.171511    3.014812    -0.000262   0.004232    0.825351    26.902604  
[37m[36mINFO[0m[0m 09/03 21:05:15 | 0.970104    0.968215    0.000000    0.986549    0.050048    0.970104    0.968215    0.997863    1.000000    0.961783    3000        71.856287   3.513908    0.077171    0.020116    0.014252    0.014252    0.043579    0.000000    0.000010    0.000000    3.436736    1.000000    0.000000    0.000000    2.420789    2.403514    0.982496    3.187544    3.029105    0.000026    0.004036    0.824624    26.401118  
[37m[36mINFO[0m[0m 09/03 21:07:11 | 0.970714    0.970660    0.000000    0.985700    0.050946    0.970714    0.970660    0.997863    1.000000    0.959236    3100        74.251497   3.513761    0.073742    0.023120    0.012646    0.012646    0.044193    0.000000    0.000008    0.000000    3.440019    1.000000    0.000000    0.000000    2.455124    2.437268    0.982889    3.213811    3.052402    -0.000081   0.003835    0.919114    24.586689  
[37m[36mINFO[0m[0m 09/03 21:09:10 | 0.976815    0.973105    0.000000    0.984275    0.060226    0.976815    0.973105    0.993590    1.000000    0.959236    3200        76.646707   3.497868    0.065102    0.019744    0.011330    0.011330    0.040131    0.000000    0.000008    0.000000    3.432765    1.000000    0.000000    0.000000    2.476715    2.457447    0.982742    3.257451    3.090925    -0.000044   0.003710    0.941429    24.760207  
[37m[36mINFO[0m[0m 09/03 21:11:05 | 0.973764    0.975550    0.000000    0.986837    0.046115    0.973764    0.975550    1.000000    1.000000    0.960510    3300        79.041916   3.518009    0.079719    0.020813    0.014716    0.014716    0.046665    0.000000    0.000008    0.000000    3.438291    1.000000    0.000000    0.000000    2.510989    2.496094    0.982917    3.348513    3.177599    -0.000096   0.003191    0.861268    28.293465  
[37m[36mINFO[0m[0m 09/03 21:12:53 | 0.973154    0.970660    0.000000    0.985549    0.054145    0.973154    0.970660    0.993590    1.000000    0.963057    3400        81.437126   3.505449    0.070999    0.022036    0.012232    0.012232    0.044398    0.000000    0.000007    0.000000    3.434450    1.000000    0.000000    0.000000    2.566477    2.544098    0.983121    3.414817    3.234851    -0.000021   0.003374    0.810141    26.941027  
[37m[36mINFO[0m[0m 09/03 21:14:42 | 0.970714    0.968215    0.000000    0.976622    0.088975    0.970714    0.968215    0.995726    0.994012    0.940127    3500        83.832335   3.489722    0.055655    0.014083    0.010384    0.010384    0.043108    0.000000    0.000007    0.000000    3.434067    1.000000    0.000000    0.000000    2.576969    2.556678    0.983063    3.484620    3.306466    -0.000379   0.002804    0.841258    25.609332  
[37m[36mINFO[0m[0m 09/03 21:16:39 | 0.973154    0.973105    0.000000    0.982291    0.065150    0.973154    0.973105    0.995726    0.997006    0.954140    3600        86.227545   3.498258    0.062413    0.019533    0.010712    0.010712    0.043010    0.000000    0.000006    0.000000    3.435845    1.000000    0.000000    0.000000    2.621991    2.598909    0.983699    3.558541    3.375822    0.000227    0.003149    0.932528    23.623565  
[37m[36mINFO[0m[0m 09/03 21:18:40 | 0.960342    0.968215    0.000000    0.985549    0.049013    0.960342    0.968215    0.993590    1.000000    0.963057    3700        88.622754   3.506304    0.070268    0.026937    0.010823    0.010823    0.040318    0.000000    0.000007    0.000000    3.436036    1.000000    0.000000    0.000000    2.641797    2.614133    0.983059    3.632839    3.442383    -0.000226   0.002485    0.941857    26.143329  
[37m[36mINFO[0m[0m 09/03 21:20:30 | 0.974375    0.973105    0.000000    0.983428    0.051678    0.974375    0.973105    0.997863    0.997006    0.955414    3800        91.017964   3.506135    0.069315    0.022115    0.011792    0.011792    0.043480    0.000000    0.000006    0.000000    3.436820    1.000000    0.000000    0.000000    2.671416    2.648439    0.983397    3.687378    3.492984    -0.000154   0.002319    0.843907    26.012507  
[37m[36mINFO[0m[0m 09/03 21:22:20 | 0.973154    0.970660    0.000000    0.985700    0.054272    0.973154    0.970660    0.997863    1.000000    0.959236    3900        93.413174   3.480501    0.043886    0.010663    0.008299    0.008299    0.053012    0.000000    0.000005    0.000000    3.436615    1.000000    0.000000    0.000000    2.678209    2.653776    0.982868    3.740976    3.541197    -0.000019   0.002444    0.820708    27.598667  
[37m[36mINFO[0m[0m 09/03 21:24:08 | 0.970714    0.968215    0.000000    0.980031    0.087462    0.970714    0.968215    0.997863    0.997006    0.945223    4000        95.808383   3.482934    0.056956    0.017337    0.009898    0.009898    0.038024    0.000000    0.000005    0.000000    3.425978    1.000000    0.000000    0.000000    2.721824    2.696003    0.983587    3.891144    3.678740    -0.000067   0.002129    0.858435    22.678694  
[37m[36mINFO[0m[0m 09/03 21:26:04 | 0.970714    0.968215    0.000000    0.984277    0.058598    0.970714    0.968215    0.997863    0.997006    0.957962    4100        98.203593   3.486084    0.053806    0.013753    0.010007    0.010007    0.049267    0.000000    0.000005    0.000000    3.432279    1.000000    0.000000    0.000000    2.731478    2.705087    0.982892    3.935927    3.720913    -0.000036   0.002199    0.924808    22.623476  
[37m[36mINFO[0m[0m 09/03 21:28:01 | 0.971934    0.973105    0.000000    0.977332    0.084747    0.971934    0.973105    0.993590    0.997006    0.941401    4200        100.598802  3.490025    0.056715    0.013906    0.010696    0.010696    0.041955    0.000000    0.000005    0.000000    3.433310    1.000000    0.000000    0.000000    2.747925    2.722677    0.983653    3.952074    3.736222    0.000044    0.002345    0.908493    26.344836  
[37m[36mINFO[0m[0m 09/03 21:29:50 | 0.971324    0.965770    0.000000    0.984702    0.058730    0.971324    0.965770    0.997863    0.997006    0.959236    4300        102.994012  3.492616    0.061915    0.017472    0.011105    0.011105    0.041700    0.000000    0.000005    0.000000    3.430701    1.000000    0.000000    0.000000    2.790663    2.769009    0.983476    3.995926    3.773188    0.000044    0.002308    0.824224    26.678741  
[37m[36mINFO[0m[0m 09/03 21:31:42 | 0.972544    0.973105    0.000000    0.985700    0.053511    0.972544    0.973105    0.997863    1.000000    0.959236    4400        105.389222  3.473903    0.051754    0.015759    0.008993    0.008993    0.042382    0.000000    0.000005    0.000000    3.422148    1.000000    0.000000    0.000000    2.831481    2.806751    0.983674    4.099427    3.869951    -0.000059   0.001971    0.826448    28.949702  
[37m[36mINFO[0m[0m 09/03 21:33:31 | 0.974375    0.973105    0.000000    0.983565    0.063951    0.974375    0.973105    0.995726    0.997006    0.957962    4500        107.784431  3.490341    0.058216    0.018728    0.009866    0.009866    0.052341    0.000000    0.000005    0.000000    3.432124    1.000000    0.000000    0.000000    2.866984    2.838364    0.983517    4.169485    3.934774    -0.000060   0.002079    0.855992    24.041214  
[37m[36mINFO[0m[0m 09/03 21:35:28 | 0.970104    0.968215    0.000000    0.987823    0.054478    0.970104    0.968215    0.997863    1.000000    0.965605    4600        110.179641  3.482366    0.054632    0.015181    0.009856    0.009856    0.044552    0.000000    0.000005    0.000000    3.427734    1.000000    0.000000    0.000000    2.901262    2.874111    0.983536    4.286070    4.042844    -0.000093   0.001838    0.907022    25.778211  
[37m[36mINFO[0m[0m 09/03 21:37:08 | 0.970104    0.970660    0.000000    0.987111    0.053766    0.970104    0.970660    0.995726    1.000000    0.965605    4700        112.574850  3.485109    0.056380    0.013961    0.010600    0.010600    0.045289    0.000000    0.000004    0.000000    3.428729    1.000000    0.000000    0.000000    2.903864    2.873048    0.983479    4.340327    4.094820    -0.000044   0.001790    0.780543    21.884380  
[37m[36mINFO[0m[0m 09/03 21:39:00 | 0.973764    0.970660    0.000000    0.983714    0.059541    0.973764    0.970660    0.995726    1.000000    0.955414    4800        114.970060  3.487440    0.059397    0.014860    0.011129    0.011129    0.049093    0.000000    0.000004    0.000000    3.428043    1.000000    0.000000    0.000000    2.931630    2.903719    0.984178    4.384610    4.133638    -0.000073   0.001604    0.865917    24.495042  
[37m[36mINFO[0m[0m 09/03 21:40:58 | 0.967663    0.965770    0.000000    0.982440    0.069303    0.967663    0.965770    0.995726    1.000000    0.951592    4900        117.365269  3.498590    0.060707    0.020273    0.010102    0.010102    0.056162    0.000000    0.000005    0.000000    3.437883    1.000000    0.000000    0.000000    2.989533    2.957566    0.983823    4.445072    4.182439    0.000130    0.001846    0.911645    26.876300  
[37m[36mINFO[0m[0m 09/03 21:42:47 | 0.971324    0.973105    0.000000    0.983989    0.064491    0.971324    0.973105    0.995726    0.997006    0.959236    5000        119.760479  3.495953    0.066522    0.024028    0.010618    0.010618    0.044812    0.000000    0.000004    0.000000    3.429431    1.000000    0.000000    0.000000    3.031122    3.001351    0.984039    4.469674    4.217686    -0.000005   0.001666    0.814677    27.816261  
[37m[36mINFO[0m[0m 09/03 21:42:47 | ---
[37m[36mINFO[0m[0m 09/03 21:42:47 | oracle = 98.109%
[37m[36mINFO[0m[0m 09/03 21:42:47 | iid = 97.254%
[37m[36mINFO[0m[0m 09/03 21:42:47 | last = 97.132%
[37m[36mINFO[0m[0m 09/03 21:42:47 | last (inD) = 98.399%
[37m[36mINFO[0m[0m 09/03 21:42:47 | iid (inD) = 98.938%
[37m[36mINFO[0m[0m 09/03 21:42:47 | 
[37m[36mINFO[0m[0m 09/03 21:42:53 | Testenv name escaping te_cartoon -> te_cartoon
[37m[36mINFO[0m[0m 09/03 21:42:53 | Test envs = [1], name = te_cartoon
[37m[36mINFO[0m[0m 09/03 21:42:53 | Batch sizes for each domain: [32, 0, 32, 32] (total=96)
[37m[36mINFO[0m[0m 09/03 21:42:53 | steps-per-epoch for each domain: 51.22, 41.75, 98.25 -> min = 41.75
[37m[36mINFO[0m[0m 09/03 21:43:24 | # of params = 151206401
[37m[36mINFO[0m[0m 09/03 21:43:53 | test_in     test_out    train_in    train_out   tr_outloss  env0_out    env1_in     env1_out    env2_out    env3_out    step        epoch       total_loss  cipt_base_  cipt_cls_l  cipt_de_lo  cipt_de_or  cipt_de_au  aug_decomp  cipt_ind_l  causal_con  dccl_contr  contrastiv  pre_cl_los  reg_loss    mean_e_nor  mean_e_aug  mean_e_aug  mean_s_nor  mean_s_aug  mean_es_co  mean_e_aug  step_time   eval_time  
[37m[36mINFO[0m[0m 09/03 21:43:53 | 0.298507    0.273504    0.000000    0.354138    1.742004    0.334963    0.298507    0.273504    0.479042    0.248408    0           0.000000    11.105501   11.095554   0.646987    1.987142    1.987142    1.963012    0.000000    0.500000    0.000000    4.973635    0.002000    0.000000    0.000000    1.000000    1.000000    0.930133    1.000000    1.000000    1.000000    1.000000    0.819693    28.910709  
[37m[36mINFO[0m[0m 09/03 21:45:54 | 0.989339    0.995726    0.000000    0.976851    0.066489    0.985330    0.989339    0.995726    1.000000    0.945223    100         2.395210    1.426519    1.023517    0.151998    0.146316    0.146316    0.164645    0.000000    0.057251    0.000000    4.029711    0.103000    0.000000    0.000000    1.168676    1.150830    0.939320    1.634618    1.565456    0.134079    0.204854    0.943169    26.620311  
[37m[36mINFO[0m[0m 09/03 21:47:51 | 0.984009    0.989316    0.000000    0.971824    0.076746    0.980440    0.984009    0.989316    1.000000    0.935032    200         4.790419    1.388196    0.264291    0.053756    0.050887    0.050887    0.072012    0.000000    0.001398    0.000000    3.719032    0.303000    0.000000    0.000000    1.190100    1.179356    0.945523    1.863244    1.768613    0.001554    0.066749    0.876756    29.151806  
[37m[36mINFO[0m[0m 09/03 21:49:44 | 0.989872    0.993590    0.000000    0.979823    0.052782    0.985330    0.989872    0.993590    1.000000    0.954140    300         7.185629    2.056711    0.242501    0.049266    0.047438    0.047438    0.065708    0.000000    0.000696    0.000000    3.610361    0.503000    0.000000    0.000000    1.238439    1.233581    0.952713    1.924984    1.822665    0.000061    0.048232    0.817335    31.381181  
[37m[36mINFO[0m[0m 09/03 21:51:36 | 0.989339    0.993590    0.000000    0.979789    0.062212    0.987775    0.989339    0.993590    1.000000    0.951592    400         9.580838    2.712454    0.212779    0.043797    0.041699    0.041699    0.061986    0.000000    0.000437    0.000000    3.557043    0.703000    0.000000    0.000000    1.302697    1.298858    0.959708    1.966458    1.861693    -0.000834   0.037029    0.833079    27.959517  
[37m[36mINFO[0m[0m 09/03 21:53:34 | 0.984009    0.991453    0.000000    0.982727    0.049510    0.990220    0.984009    0.991453    1.000000    0.957962    500         11.976048   3.352361    0.175259    0.035924    0.034479    0.034479    0.053592    0.000000    0.000283    0.000000    3.519334    0.902980    0.000000    0.000000    1.378616    1.373141    0.964880    2.001210    1.890504    -0.000756   0.032045    0.912826    26.604391  
[37m[36mINFO[0m[0m 09/03 21:55:37 | 0.986674    0.993590    0.000000    0.981419    0.059436    0.992665    0.986674    0.993590    1.000000    0.951592    600         14.371257   3.652731    0.153508    0.031310    0.030278    0.030278    0.047547    0.000000    0.000217    0.000000    3.499223    1.000000    0.000000    0.000000    1.432441    1.426609    0.968221    2.032723    1.919228    -0.000830   0.026689    0.934138    30.295027  
[37m[36mINFO[0m[0m 09/03 21:57:33 | 0.983475    0.989316    0.000000    0.978974    0.051399    0.985330    0.983475    0.989316    1.000000    0.951592    700         16.766467   3.677460    0.185829    0.038667    0.036580    0.036580    0.055376    0.000000    0.000168    0.000000    3.491631    1.000000    0.000000    0.000000    1.475813    1.470236    0.969650    2.065247    1.946754    -0.000665   0.023196    0.883038    27.689429  
[37m[36mINFO[0m[0m 09/03 21:59:25 | 0.988273    0.989316    0.000000    0.978974    0.057235    0.985330    0.988273    0.989316    1.000000    0.951592    800         19.161677   3.627694    0.142776    0.029439    0.028165    0.028165    0.052201    0.000000    0.000135    0.000000    3.484918    1.000000    0.000000    0.000000    1.512349    1.507362    0.971462    2.095297    1.971704    -0.001031   0.020759    0.832207    28.538827  
[37m[36mINFO[0m[0m 09/03 22:01:15 | 0.987207    0.997863    0.000000    0.981488    0.053197    0.987775    0.987207    0.997863    1.000000    0.956688    900         21.556886   3.601525    0.127515    0.027454    0.024878    0.024878    0.049067    0.000000    0.000110    0.000000    3.474010    1.000000    0.000000    0.000000    1.540170    1.534871    0.972803    2.119319    1.993908    0.000119    0.020252    0.837029    25.761484  
[37m[36mINFO[0m[0m 09/03 22:03:11 | 0.984542    0.987179    0.000000    0.981453    0.049505    0.990220    0.984542    0.987179    1.000000    0.954140    1000        23.952096   3.594857    0.128068    0.027687    0.024982    0.024982    0.045659    0.000000    0.000091    0.000000    3.466790    1.000000    0.000000    0.000000    1.570749    1.566992    0.973554    2.146293    2.018977    -0.000765   0.017783    0.910175    25.387825  
[37m[36mINFO[0m[0m 09/03 22:05:09 | 0.986674    0.987179    0.000000    0.984001    0.050550    0.990220    0.986674    0.987179    1.000000    0.961783    1100        26.347305   3.578608    0.113898    0.024323    0.022298    0.022298    0.046211    0.000000    0.000077    0.000000    3.464710    1.000000    0.000000    0.000000    1.596490    1.589898    0.973949    2.173440    2.043887    -0.000563   0.017122    0.923084    25.503152  
[37m[36mINFO[0m[0m 09/03 22:07:03 | 0.977079    0.982906    0.000000    0.980421    0.059952    0.992665    0.977079    0.982906    0.997006    0.951592    1200        28.742515   3.592449    0.129469    0.028711    0.025101    0.025101    0.047105    0.000000    0.000071    0.000000    3.462980    1.000000    0.000000    0.000000    1.634295    1.630938    0.975075    2.194743    2.061615    -0.000268   0.015646    0.866479    27.924047  
[37m[36mINFO[0m[0m 09/03 22:08:54 | 0.982409    0.991453    0.000000    0.981878    0.052678    0.990220    0.982409    0.991453    1.000000    0.955414    1300        31.137725   3.588732    0.127698    0.030728    0.024170    0.024170    0.046273    0.000000    0.000058    0.000000    3.461033    1.000000    0.000000    0.000000    1.667747    1.660400    0.975865    2.223602    2.086310    -0.000138   0.014729    0.801794    30.386142  
[37m[36mINFO[0m[0m 09/03 22:10:45 | 0.985075    0.995726    0.000000    0.982303    0.047654    0.990220    0.985075    0.995726    1.000000    0.956688    1400        33.532934   3.575218    0.114137    0.026288    0.021899    0.021899    0.044039    0.000000    0.000050    0.000000    3.461081    1.000000    0.000000    0.000000    1.714527    1.706718    0.976424    2.249719    2.110139    -0.000544   0.013089    0.833623    27.188944  
[37m[36mINFO[0m[0m 09/03 22:12:38 | 0.984542    0.989316    0.000000    0.984035    0.055503    0.987775    0.984542    0.989316    1.000000    0.964331    1500        35.928144   3.540185    0.093336    0.021646    0.017866    0.017866    0.045032    0.000000    0.000045    0.000000    3.446849    1.000000    0.000000    0.000000    1.736878    1.726958    0.976962    2.265256    2.123533    -0.000350   0.012616    0.893078    24.504059  
[37m[36mINFO[0m[0m 09/03 22:14:36 | 0.985075    0.989316    0.000000    0.978193    0.066174    0.980440    0.985075    0.989316    1.000000    0.954140    1600        38.323353   3.554101    0.095919    0.022590    0.018283    0.018283    0.047870    0.000000    0.000039    0.000000    3.458182    1.000000    0.000000    0.000000    1.767975    1.759086    0.977422    2.290799    2.147662    0.000027    0.011908    0.926888    25.260725  
[37m[36mINFO[0m[0m 09/03 22:16:36 | 0.986674    0.991453    0.000000    0.984460    0.050323    0.987775    0.986674    0.991453    1.000000    0.965605    1700        40.718563   3.539660    0.091965    0.019985    0.017949    0.017949    0.041017    0.000000    0.000037    0.000000    3.447695    1.000000    0.000000    0.000000    1.783800    1.774609    0.977620    2.318968    2.169598    -0.000353   0.010636    0.860816    33.086885  
[37m[36mINFO[0m[0m 09/03 22:18:24 | 0.984542    0.989316    0.000000    0.982405    0.048013    0.982885    0.984542    0.989316    1.000000    0.964331    1800        43.113772   3.583489    0.123305    0.028338    0.023693    0.023693    0.055711    0.000000    0.000039    0.000000    3.460184    1.000000    0.000000    0.000000    1.806713    1.798893    0.977428    2.388096    2.234159    -0.000498   0.009371    0.812790    27.400509  
[37m[36mINFO[0m[0m 09/03 22:20:15 | 0.985075    0.993590    0.000000    0.978262    0.071905    0.975550    0.985075    0.993590    1.000000    0.959236    1900        45.508982   3.548852    0.095008    0.023199    0.017913    0.017913    0.053170    0.000000    0.000031    0.000000    3.453843    1.000000    0.000000    0.000000    1.847409    1.838018    0.978071    2.463719    2.300532    -0.000404   0.007666    0.851452    25.729863  
[37m[36mINFO[0m[0m 09/03 22:22:14 | 0.980277    0.991453    0.000000    0.982371    0.059386    0.985330    0.980277    0.991453    1.000000    0.961783    2000        47.904192   3.560684    0.108698    0.026178    0.020596    0.020596    0.046063    0.000000    0.000027    0.000000    3.451986    1.000000    0.000000    0.000000    1.885977    1.881211    0.978712    2.487333    2.323641    -0.000143   0.007983    0.920534    26.587121  
[37m[36mINFO[0m[0m 09/03 22:24:13 | 0.981876    0.987179    0.000000    0.983220    0.056719    0.985330    0.981876    0.987179    1.000000    0.964331    2100        50.299401   3.550934    0.102467    0.027795    0.018636    0.018636    0.047431    0.000000    0.000026    0.000000    3.448467    1.000000    0.000000    0.000000    1.899430    1.893520    0.979019    2.513515    2.345660    -0.000135   0.007586    0.922769    26.861899  
[37m[36mINFO[0m[0m 09/03 22:25:45 | 0.985075    0.991453    0.000000    0.979892    0.056832    0.980440    0.985075    0.991453    1.000000    0.959236    2200        52.694611   3.553148    0.102180    0.026101    0.018988    0.018988    0.050620    0.000000    0.000025    0.000000    3.450968    1.000000    0.000000    0.000000    1.962073    1.953082    0.979021    2.545871    2.374822    -0.000295   0.007074    0.694752    22.767286  
[37m[36mINFO[0m[0m 09/03 22:27:23 | 0.978678    0.980769    0.000000    0.980490    0.057536    0.987775    0.978678    0.980769    0.997006    0.956688    2300        55.089820   3.529959    0.090399    0.021955    0.017084    0.017084    0.037832    0.000000    0.000021    0.000000    3.439560    1.000000    0.000000    0.000000    1.974529    1.964692    0.979338    2.574711    2.398024    -0.000316   0.006830    0.714572    25.853210  
[37m[36mINFO[0m[0m 09/03 22:29:15 | 0.984009    0.987179    0.000000    0.984001    0.054835    0.990220    0.984009    0.987179    1.000000    0.961783    2400        57.485030   3.547107    0.099500    0.023987    0.018854    0.018854    0.041086    0.000000    0.000020    0.000000    3.447607    1.000000    0.000000    0.000000    2.009811    2.003159    0.979840    2.602656    2.425051    -0.000087   0.006696    0.850272    26.753275  
[37m[36mINFO[0m[0m 09/03 22:30:58 | 0.984542    0.993590    0.000000    0.980214    0.067605    0.987775    0.984542    0.993590    1.000000    0.952866    2500        59.880240   3.518028    0.071457    0.016485    0.013720    0.013720    0.045960    0.000000    0.000018    0.000000    3.446570    1.000000    0.000000    0.000000    2.008897    2.000738    0.979292    2.625539    2.444117    -0.000122   0.006148    0.789035    24.912202  
[37m[36mINFO[0m[0m 09/03 22:33:01 | 0.985075    0.987179    0.000000    0.981981    0.060862    0.982885    0.985075    0.987179    1.000000    0.963057    2600        62.275449   3.528459    0.087441    0.023441    0.015978    0.015978    0.044877    0.000000    0.000018    0.000000    3.441018    1.000000    0.000000    0.000000    2.053694    2.045195    0.980079    2.671647    2.483896    -0.000113   0.005914    0.956863    26.895826  
[37m[36mINFO[0m[0m 09/03 22:34:43 | 0.977079    0.978632    0.000000    0.980065    0.064275    0.987775    0.977079    0.978632    0.997006    0.955414    2700        64.670659   3.533192    0.085733    0.021721    0.015980    0.015980    0.050202    0.000000    0.000019    0.000000    3.447459    1.000000    0.000000    0.000000    2.065385    2.056599    0.979724    2.701809    2.511786    -0.000681   0.005300    0.760272    25.610894  
[37m[36mINFO[0m[0m 09/03 22:36:38 | 0.981876    0.978632    0.000000    0.975255    0.071182    0.977995    0.981876    0.978632    1.000000    0.947771    2800        67.065868   3.550491    0.100659    0.027047    0.018380    0.018380    0.053934    0.000000    0.000019    0.000000    3.449832    1.000000    0.000000    0.000000    2.113584    2.110089    0.980290    2.775086    2.576350    0.000076    0.005049    0.870878    28.494962  
[37m[36mINFO[0m[0m 09/03 22:38:33 | 0.963753    0.974359    0.000000    0.968990    0.108899    0.990220    0.963753    0.974359    0.997006    0.919745    2900        69.461078   3.541702    0.094742    0.025663    0.017250    0.017250    0.051431    0.000000    0.000016    0.000000    3.446959    1.000000    0.000000    0.000000    2.141141    2.131256    0.979722    2.824988    2.619544    -0.000171   0.004846    0.855867    29.306288  
[37m[36mINFO[0m[0m 09/03 22:40:13 | 0.984009    0.987179    0.000000    0.982727    0.055310    0.990220    0.984009    0.987179    1.000000    0.957962    3000        71.856287   3.516752    0.075043    0.020857    0.013528    0.013528    0.050554    0.000000    0.000015    0.000000    3.441710    1.000000    0.000000    0.000000    2.177989    2.164710    0.980216    2.858328    2.652623    -0.000075   0.004571    0.754637    24.680447  
[37m[36mINFO[0m[0m 09/03 22:42:12 | 0.980810    0.989316    0.000000    0.982371    0.060149    0.985330    0.980810    0.989316    1.000000    0.961783    3100        74.251497   3.498906    0.062629    0.014889    0.011919    0.011919    0.043558    0.000000    0.000013    0.000000    3.436277    1.000000    0.000000    0.000000    2.208022    2.200070    0.981063    2.895822    2.681914    -0.000018   0.004441    0.911697    27.162273  
[37m[36mINFO[0m[0m 09/03 22:44:00 | 0.974947    0.980769    0.000000    0.980031    0.063178    0.990220    0.974947    0.980769    0.997006    0.952866    3200        76.646707   3.494875    0.061812    0.014491    0.011815    0.011815    0.041515    0.000000    0.000012    0.000000    3.433063    1.000000    0.000000    0.000000    2.224997    2.212761    0.980945    2.959117    2.739435    -0.000372   0.003848    0.805350    27.876383  
[37m[36mINFO[0m[0m 09/03 22:45:43 | 0.979744    0.978632    0.000000    0.977735    0.070033    0.982885    0.979744    0.978632    1.000000    0.950318    3300        79.041916   3.488080    0.056704    0.015090    0.010390    0.010390    0.041129    0.000000    0.000011    0.000000    3.431376    1.000000    0.000000    0.000000    2.252191    2.241605    0.981507    3.008016    2.784557    -0.000000   0.004057    0.786736    24.397861  
[37m[36mINFO[0m[0m 09/03 22:47:43 | 0.976546    0.974359    0.000000    0.978584    0.068426    0.982885    0.976546    0.974359    1.000000    0.952866    3400        81.437126   3.509739    0.071334    0.023085    0.012049    0.012049    0.050258    0.000000    0.000011    0.000000    3.438406    1.000000    0.000000    0.000000    2.272902    2.269936    0.980954    3.044042    2.817740    -0.000062   0.003936    0.932641    26.692849  
[37m[36mINFO[0m[0m 09/03 22:49:28 | 0.970149    0.976496    0.000000    0.975922    0.093978    0.980440    0.970149    0.976496    0.997006    0.950318    3500        83.832335   3.537186    0.094013    0.024363    0.017396    0.017396    0.057501    0.000000    0.000013    0.000000    3.443173    1.000000    0.000000    0.000000    2.302769    2.293399    0.981324    3.113405    2.876710    -0.000371   0.003631    0.768736    27.642891  
[37m[36mINFO[0m[0m 09/03 22:51:22 | 0.977079    0.982906    0.000000    0.982371    0.054158    0.985330    0.977079    0.982906    1.000000    0.961783    3600        86.227545   3.506037    0.069081    0.020407    0.012156    0.012156    0.041736    0.000000    0.000010    0.000000    3.436957    1.000000    0.000000    0.000000    2.364244    2.354168    0.982220    3.158528    2.917742    -0.000077   0.003675    0.852963    29.211880  
[37m[36mINFO[0m[0m 09/03 22:53:20 | 0.975480    0.982906    0.000000    0.985241    0.050327    0.992665    0.975480    0.982906    1.000000    0.963057    3700        88.622754   3.501438    0.063912    0.013473    0.012596    0.012596    0.047057    0.000000    0.000011    0.000000    3.437526    1.000000    0.000000    0.000000    2.343954    2.333138    0.981418    3.231978    2.981773    -0.000298   0.003038    0.913150    26.409396  
[37m[36mINFO[0m[0m 09/03 22:55:02 | 0.979211    0.976496    0.000000    0.977769    0.089979    0.980440    0.979211    0.976496    1.000000    0.952866    3800        91.017964   3.478419    0.049458    0.011950    0.009365    0.009365    0.046777    0.000000    0.000009    0.000000    3.428961    1.000000    0.000000    0.000000    2.335721    2.329564    0.981001    3.448195    3.179496    -0.000121   0.002444    0.753602    26.020432  
[37m[36mINFO[0m[0m 09/03 22:56:51 | 0.980810    0.985043    0.000000    0.979789    0.071487    0.987775    0.980810    0.985043    1.000000    0.951592    3900        93.413174   3.524801    0.091097    0.027862    0.015798    0.015798    0.042750    0.000000    0.000009    0.000000    3.433704    1.000000    0.000000    0.000000    2.410958    2.399619    0.981943    3.489504    3.212822    -0.000215   0.002473    0.855951    23.655772  
[37m[36mINFO[0m[0m 09/03 22:58:45 | 0.978145    0.974359    0.000000    0.983611    0.058177    0.987775    0.978145    0.974359    1.000000    0.963057    4000        95.808383   3.496300    0.059957    0.015073    0.011211    0.011211    0.051557    0.000000    0.000008    0.000000    3.436343    1.000000    0.000000    0.000000    2.423777    2.411640    0.981471    3.522501    3.243851    -0.000096   0.002048    0.870960    27.431265  
[37m[36mINFO[0m[0m 09/03 23:00:25 | 0.979211    0.980769    0.000000    0.983186    0.066889    0.987775    0.979211    0.980769    1.000000    0.961783    4100        98.203593   3.491309    0.053636    0.013435    0.010041    0.010041    0.050736    0.000000    0.000008    0.000000    3.437673    1.000000    0.000000    0.000000    2.441321    2.431299    0.981710    3.553303    3.271645    -0.000096   0.001979    0.729436    26.420857  
[37m[36mINFO[0m[0m 09/03 23:02:23 | 0.976546    0.982906    0.000000    0.984850    0.055367    0.990220    0.976546    0.982906    1.000000    0.964331    4200        100.598802  3.483480    0.053426    0.014894    0.009623    0.009623    0.042669    0.000000    0.000008    0.000000    3.430055    1.000000    0.000000    0.000000    2.479883    2.467074    0.981890    3.583392    3.302957    -0.000111   0.002334    0.883617    29.634354  
[37m[36mINFO[0m[0m 09/03 23:04:10 | 0.972281    0.980769    0.000000    0.982544    0.070296    0.992665    0.972281    0.980769    0.997006    0.957962    4300        102.994012  3.485121    0.048260    0.013180    0.008761    0.008761    0.049285    0.000000    0.000007    0.000000    3.436861    1.000000    0.000000    0.000000    2.481487    2.470604    0.982023    3.622250    3.331671    0.000008    0.002156    0.800361    26.657414  
[37m[36mINFO[0m[0m 09/03 23:05:58 | 0.978145    0.976496    0.000000    0.983542    0.063161    0.992665    0.978145    0.976496    1.000000    0.957962    4400        105.389222  3.509128    0.072207    0.019359    0.013203    0.013203    0.049974    0.000000    0.000007    0.000000    3.436922    1.000000    0.000000    0.000000    2.521100    2.508979    0.981989    3.678290    3.380274    -0.000269   0.002083    0.814860    27.165634  
[37m[36mINFO[0m[0m 09/03 23:07:56 | 0.977079    0.976496    0.000000    0.976392    0.104304    0.987775    0.977079    0.976496    1.000000    0.941401    4500        107.784431  3.494890    0.064412    0.018742    0.011407    0.011407    0.048440    0.000000    0.000008    0.000000    3.430478    1.000000    0.000000    0.000000    2.527376    2.516894    0.982047    3.750474    3.447589    -0.000231   0.001937    0.920857    25.915386  
[37m[36mINFO[0m[0m 09/03 23:09:37 | 0.978678    0.976496    0.000000    0.979433    0.067358    0.982885    0.978678    0.976496    1.000000    0.955414    4600        110.179641  3.493816    0.064701    0.023188    0.010370    0.010370    0.045656    0.000000    0.000006    0.000000    3.429115    1.000000    0.000000    0.000000    2.578651    2.571151    0.982691    3.864792    3.549320    0.000053    0.002094    0.744833    26.719418  
[37m[36mINFO[0m[0m 09/03 23:11:33 | 0.978145    0.980769    0.000000    0.983967    0.061544    0.992665    0.978145    0.980769    1.000000    0.959236    4700        112.574850  3.482164    0.054274    0.016678    0.009392    0.009392    0.042100    0.000000    0.000006    0.000000    3.427890    1.000000    0.000000    0.000000    2.605689    2.594356    0.982447    3.897925    3.576948    -0.000049   0.002047    0.903206    25.426802  
[37m[36mINFO[0m[0m 09/03 23:13:26 | 0.980277    0.978632    0.000000    0.982405    0.061850    0.982885    0.980277    0.978632    1.000000    0.964331    4800        114.970060  3.487625    0.052540    0.015493    0.009254    0.009254    0.058616    0.000000    0.000006    0.000000    3.435085    1.000000    0.000000    0.000000    2.628079    2.614261    0.981972    3.944184    3.618631    -0.000123   0.001845    0.872910    25.100303  
[37m[36mINFO[0m[0m 09/03 23:15:12 | 0.971215    0.976496    0.000000    0.978332    0.083268    0.990220    0.971215    0.976496    0.997006    0.947771    4900        117.365269  3.497489    0.064325    0.019343    0.011238    0.011238    0.051123    0.000000    0.000006    0.000000    3.433164    1.000000    0.000000    0.000000    2.640388    2.630636    0.981815    4.018578    3.685726    -0.000196   0.001453    0.770102    28.820442  
[37m[36mINFO[0m[0m 09/03 23:17:10 | 0.971215    0.972222    0.000000    0.976426    0.084737    0.985330    0.971215    0.972222    1.000000    0.943949    5000        119.760479  3.479255    0.044321    0.012477    0.007954    0.007954    0.048719    0.000000    0.000005    0.000000    3.434934    1.000000    0.000000    0.000000    2.652261    2.642112    0.981497    4.043289    3.710619    0.000050    0.001590    0.938970    24.029759  
[37m[36mINFO[0m[0m 09/03 23:17:10 | ---
[37m[36mINFO[0m[0m 09/03 23:17:10 | oracle = 98.721%
[37m[36mINFO[0m[0m 09/03 23:17:10 | iid = 97.548%
[37m[36mINFO[0m[0m 09/03 23:17:10 | last = 97.122%
[37m[36mINFO[0m[0m 09/03 23:17:10 | last (inD) = 97.643%
[37m[36mINFO[0m[0m 09/03 23:17:10 | iid (inD) = 98.524%
[37m[36mINFO[0m[0m 09/03 23:17:10 | 
[37m[36mINFO[0m[0m 09/03 23:17:14 | Testenv name escaping te_photo -> te_photo
[37m[36mINFO[0m[0m 09/03 23:17:14 | Test envs = [2], name = te_photo
[37m[36mINFO[0m[0m 09/03 23:17:14 | Batch sizes for each domain: [32, 32, 0, 32] (total=96)
[37m[36mINFO[0m[0m 09/03 23:17:14 | steps-per-epoch for each domain: 51.22, 58.62, 98.25 -> min = 51.22
[37m[36mINFO[0m[0m 09/03 23:17:40 | # of params = 151206401
[37m[36mINFO[0m[0m 09/03 23:18:07 | test_in     test_out    train_in    train_out   tr_outloss  env0_out    env1_out    env2_in     env2_out    env3_out    step        epoch       total_loss  cipt_base_  cipt_cls_l  cipt_de_lo  cipt_de_or  cipt_de_au  aug_decomp  cipt_ind_l  causal_con  dccl_contr  contrastiv  pre_cl_los  reg_loss    mean_e_nor  mean_e_aug  mean_e_aug  mean_s_nor  mean_s_aug  mean_es_co  mean_e_aug  step_time   eval_time  
[37m[36mINFO[0m[0m 09/03 23:18:07 | 0.627994    0.610778    0.000000    0.474759    1.478048    0.325183    0.557692    0.627994    0.610778    0.541401    0           0.000000    12.389667   12.380112   0.457675    2.355609    2.355609    2.330596    0.000000    0.500000    0.000000    4.777521    0.002000    0.000000    0.000000    1.000000    1.000000    0.929281    1.000000    1.000000    1.000000    1.000000    0.736783    25.801723  
[37m[36mINFO[0m[0m 09/03 23:20:04 | 0.998503    1.000000    0.000000    0.977022    0.070812    0.992665    0.995726    0.998503    1.000000    0.942675    100         1.952410    1.305797    0.899293    0.130646    0.126774    0.126774    0.148205    0.000000    0.052310    0.000000    4.045526    0.103000    0.000000    0.000000    1.229506    1.215109    0.948146    1.623799    1.583341    0.109510    0.152780    0.935766    23.900217  
[37m[36mINFO[0m[0m 09/03 23:21:50 | 0.998503    1.000000    0.000000    0.979077    0.061049    0.987775    0.997863    0.998503    1.000000    0.951592    200         3.904820    1.364595    0.237985    0.047410    0.046250    0.046250    0.070520    0.000000    0.001115    0.000000    3.725791    0.303000    0.000000    0.000000    1.224175    1.210529    0.950563    1.838897    1.781603    0.003352    0.048610    0.790586    26.546863  
[37m[36mINFO[0m[0m 09/03 23:23:37 | 0.998503    1.000000    0.000000    0.979111    0.061206    0.985330    0.997863    0.998503    1.000000    0.954140    300         5.857230    2.048290    0.219493    0.044506    0.043032    0.043032    0.069149    0.000000    0.000572    0.000000    3.636556    0.503000    0.000000    0.000000    1.239515    1.227299    0.953970    1.896636    1.832851    0.000141    0.035495    0.839162    23.607443  
[37m[36mINFO[0m[0m 09/03 23:25:36 | 0.997754    1.000000    0.000000    0.978193    0.074485    0.990220    0.997863    0.997754    1.000000    0.946497    400         7.809640    2.736335    0.215024    0.044034    0.042276    0.042276    0.063058    0.000000    0.000378    0.000000    3.588038    0.703000    0.000000    0.000000    1.305675    1.297194    0.960782    1.944936    1.877560    -0.000560   0.028184    0.930382    25.099817  
[37m[36mINFO[0m[0m 09/03 23:27:19 | 0.999251    1.000000    0.000000    0.980385    0.057153    0.985330    0.997863    0.999251    1.000000    0.957962    500         9.762050    3.388968    0.181003    0.037499    0.035557    0.035557    0.067130    0.000000    0.000256    0.000000    3.553180    0.902980    0.000000    0.000000    1.379298    1.369441    0.964590    1.973437    1.904155    -0.000589   0.023965    0.776632    25.256521  
[37m[36mINFO[0m[0m 09/03 23:29:05 | 0.994012    1.000000    0.000000    0.969824    0.088760    0.980440    0.991453    0.994012    1.000000    0.937580    600         11.714460   3.706560    0.168516    0.037332    0.032543    0.032543    0.063932    0.000000    0.000202    0.000000    3.538044    1.000000    0.000000    0.000000    1.435712    1.425660    0.967287    1.994632    1.924497    -0.001039   0.019618    0.842663    21.785695  
[37m[36mINFO[0m[0m 09/03 23:31:01 | 0.996257    1.000000    0.000000    0.980317    0.064299    0.990220    0.997863    0.996257    1.000000    0.952866    700         13.666870   3.702249    0.177266    0.041841    0.033671    0.033671    0.060409    0.000000    0.000148    0.000000    3.524983    1.000000    0.000000    0.000000    1.522803    1.510717    0.970566    2.015983    1.943432    -0.000174   0.018535    0.906239    25.386720  
[37m[36mINFO[0m[0m 09/03 23:32:41 | 0.997754    1.000000    0.000000    0.974050    0.060107    0.982885    0.997863    0.997754    1.000000    0.941401    800         15.619280   3.678557    0.159267    0.033416    0.031303    0.031303    0.054881    0.000000    0.000128    0.000000    3.519290    1.000000    0.000000    0.000000    1.555345    1.541021    0.972533    2.036023    1.960833    -0.000796   0.016450    0.764370    24.117575  
[37m[36mINFO[0m[0m 09/03 23:34:34 | 0.996257    0.997006    0.000000    0.977734    0.077175    0.992665    0.997863    0.996257    0.997006    0.942675    900         17.571690   3.674404    0.160433    0.036461    0.030861    0.030861    0.059279    0.000000    0.000105    0.000000    3.513971    1.000000    0.000000    0.000000    1.601817    1.588618    0.973160    2.050056    1.974469    -0.000177   0.015315    0.891923    23.287428  
[37m[36mINFO[0m[0m 09/03 23:36:21 | 0.997006    1.000000    0.000000    0.982049    0.051717    0.987775    0.997863    0.997006    1.000000    0.960510    1000        19.524100   3.648388    0.144763    0.035013    0.027337    0.027337    0.057940    0.000000    0.000080    0.000000    3.503625    1.000000    0.000000    0.000000    1.655715    1.640982    0.974548    2.070028    1.994664    -0.000502   0.013108    0.834506    23.388504  
[37m[36mINFO[0m[0m 09/03 23:38:03 | 0.997006    1.000000    0.000000    0.975748    0.069791    0.982885    0.997863    0.997006    1.000000    0.946497    1100        21.476510   3.621749    0.126814    0.027750    0.024680    0.024680    0.049616    0.000000    0.000068    0.000000    3.494936    1.000000    0.000000    0.000000    1.693999    1.679438    0.975702    2.080905    2.004873    0.000025    0.012198    0.795196    22.497672  
[37m[36mINFO[0m[0m 09/03 23:40:03 | 0.996257    0.997006    0.000000    0.981269    0.062954    0.992665    0.995726    0.996257    0.997006    0.955414    1200        23.428920   3.616586    0.124155    0.027490    0.024089    0.024089    0.053413    0.000000    0.000062    0.000000    3.492431    1.000000    0.000000    0.000000    1.715375    1.697116    0.975460    2.108175    2.028509    -0.000697   0.010945    0.931355    26.982730  
[37m[36mINFO[0m[0m 09/03 23:41:42 | 0.996257    1.000000    0.000000    0.979111    0.067809    0.985330    0.997863    0.996257    1.000000    0.954140    1300        25.381330   3.614418    0.120789    0.026264    0.023563    0.023563    0.049875    0.000000    0.000055    0.000000    3.493629    1.000000    0.000000    0.000000    1.747628    1.730183    0.976134    2.125302    2.046953    0.000001    0.010615    0.751768    23.994333  
[37m[36mINFO[0m[0m 09/03 23:43:34 | 0.995509    1.000000    0.000000    0.976735    0.076672    0.982885    0.995726    0.995509    1.000000    0.951592    1400        27.333740   3.634599    0.135567    0.029878    0.026363    0.026363    0.062269    0.000000    0.000048    0.000000    3.499032    1.000000    0.000000    0.000000    1.765931    1.746898    0.975843    2.165398    2.083735    -0.000253   0.009500    0.894125    22.842117  
[37m[36mINFO[0m[0m 09/03 23:45:25 | 0.996257    0.997006    0.000000    0.979536    0.062202    0.985330    0.997863    0.996257    0.997006    0.955414    1500        29.286150   3.645224    0.150723    0.034749    0.028934    0.028934    0.053974    0.000000    0.000047    0.000000    3.494500    1.000000    0.000000    0.000000    1.814723    1.799361    0.977022    2.199702    2.114917    -0.000796   0.008367    0.856531    24.358044  
[37m[36mINFO[0m[0m 09/03 23:47:09 | 0.995509    1.000000    0.000000    0.977940    0.064489    0.977995    0.997863    0.995509    1.000000    0.957962    1600        31.238560   3.593122    0.101780    0.023788    0.019449    0.019449    0.057215    0.000000    0.000039    0.000000    3.491341    1.000000    0.000000    0.000000    1.832395    1.815685    0.976335    2.220646    2.133005    -0.000035   0.008015    0.791027    24.858150  
[37m[36mINFO[0m[0m 09/03 23:49:05 | 0.994012    0.994012    0.000000    0.973303    0.091513    0.985330    0.995726    0.994012    0.994012    0.938854    1700        33.190970   3.601561    0.108128    0.024757    0.020800    0.020800    0.058046    0.000000    0.000034    0.000000    3.493433    1.000000    0.000000    0.000000    1.863713    1.849401    0.976954    2.247652    2.160720    -0.000303   0.007581    0.931879    23.181825  
[37m[36mINFO[0m[0m 09/03 23:50:48 | 0.991766    0.994012    0.000000    0.978824    0.065354    0.985330    0.995726    0.991766    0.994012    0.955414    1800        35.143380   3.579319    0.093714    0.022811    0.017688    0.017688    0.056541    0.000000    0.000031    0.000000    3.485605    1.000000    0.000000    0.000000    1.884299    1.871977    0.977353    2.279597    2.189511    -0.000190   0.007162    0.768747    25.695390  
[37m[36mINFO[0m[0m 09/03 23:52:39 | 0.994012    0.994012    0.000000    0.981337    0.064496    0.987775    0.995726    0.994012    0.994012    0.960510    1900        37.095790   3.552718    0.072935    0.017555    0.013812    0.013812    0.052933    0.000000    0.000026    0.000000    3.479783    1.000000    0.000000    0.000000    1.898082    1.878638    0.977677    2.329975    2.237057    -0.000392   0.006153    0.877444    23.653967  
[37m[36mINFO[0m[0m 09/03 23:54:30 | 0.994012    0.994012    0.000000    0.977009    0.070371    0.982885    0.991453    0.994012    0.994012    0.956688    2000        39.048200   3.576908    0.098410    0.026026    0.018064    0.018064    0.054458    0.000000    0.000025    0.000000    3.478498    1.000000    0.000000    0.000000    1.938894    1.922341    0.978008    2.401700    2.302794    -0.000353   0.006001    0.875632    23.218357  
[37m[36mINFO[0m[0m 09/03 23:56:10 | 0.991766    0.988024    0.000000    0.978652    0.083554    0.987775    0.997863    0.991766    0.988024    0.950318    2100        41.000610   3.576332    0.097567    0.024673    0.018196    0.018196    0.054885    0.000000    0.000022    0.000000    3.478765    1.000000    0.000000    0.000000    1.967262    1.952807    0.978428    2.434002    2.333497    0.000065    0.005977    0.752686    24.919097  
[37m[36mINFO[0m[0m 09/03 23:58:02 | 0.985030    0.985030    0.000000    0.982152    0.066142    0.990220    0.995726    0.985030    0.985030    0.960510    2200        42.953020   3.593190    0.113062    0.031664    0.020322    0.020322    0.048291    0.000000    0.000022    0.000000    3.480129    1.000000    0.000000    0.000000    2.016560    1.998809    0.979131    2.457147    2.355767    -0.000090   0.005378    0.912851    20.872783  
[37m[36mINFO[0m[0m 09/03 23:59:51 | 0.995509    0.994012    0.000000    0.979077    0.084534    0.987775    0.997863    0.995509    0.994012    0.951592    2300        44.905430   3.550646    0.075494    0.019985    0.013852    0.013852    0.056208    0.000000    0.000020    0.000000    3.475152    1.000000    0.000000    0.000000    2.034786    2.014515    0.978514    2.518863    2.411263    -0.000252   0.004702    0.840444    24.635125  
[37m[36mINFO[0m[0m 09/04 00:01:30 | 0.994760    0.994012    0.000000    0.974050    0.091160    0.982885    0.997863    0.994760    0.994012    0.941401    2400        46.857840   3.593530    0.109766    0.028175    0.020376    0.020376    0.062077    0.000000    0.000018    0.000000    3.483764    1.000000    0.000000    0.000000    2.066878    2.046869    0.978862    2.580266    2.472987    -0.000292   0.004190    0.784951    20.590050  
[37m[36mINFO[0m[0m 09/04 00:03:27 | 0.991766    0.985030    0.000000    0.969941    0.092377    0.982885    0.995726    0.991766    0.985030    0.931210    2500        48.810250   3.559605    0.085091    0.021748    0.015817    0.015817    0.053352    0.000000    0.000015    0.000000    3.474515    1.000000    0.000000    0.000000    2.087062    2.072819    0.979029    2.600087    2.490258    -0.000045   0.003913    0.947788    22.615295  
[37m[36mINFO[0m[0m 09/04 00:05:11 | 0.994012    0.991018    0.000000    0.978399    0.063571    0.985330    0.995726    0.994012    0.991018    0.954140    2600        50.762660   3.568003    0.099225    0.026400    0.018188    0.018188    0.051942    0.000000    0.000015    0.000000    3.468778    1.000000    0.000000    0.000000    2.133098    2.108357    0.979523    2.627946    2.512446    -0.000205   0.003715    0.784395    25.500188  
[37m[36mINFO[0m[0m 09/04 00:06:59 | 0.991766    0.994012    0.000000    0.977974    0.064766    0.985330    0.995726    0.991766    0.994012    0.952866    2700        52.715070   3.559519    0.079493    0.018570    0.015212    0.015212    0.058968    0.000000    0.000015    0.000000    3.480026    1.000000    0.000000    0.000000    2.143314    2.126075    0.979187    2.676509    2.561126    -0.000051   0.003653    0.852633    22.321171  
[37m[36mINFO[0m[0m 09/04 00:08:56 | 0.993263    0.994012    0.000000    0.978180    0.070612    0.980440    0.993590    0.993263    0.994012    0.960510    2800        54.667480   3.562920    0.083786    0.019229    0.016122    0.016122    0.050284    0.000000    0.000014    0.000000    3.479134    1.000000    0.000000    0.000000    2.163585    2.142445    0.979913    2.759957    2.640457    -0.000374   0.003032    0.901345    26.589014  
[37m[36mINFO[0m[0m 09/04 00:10:35 | 0.991018    0.994012    0.000000    0.976769    0.089752    0.980440    0.995726    0.991018    0.994012    0.954140    2900        56.619890   3.552617    0.083715    0.022139    0.015378    0.015378    0.061289    0.000000    0.000012    0.000000    3.468902    1.000000    0.000000    0.000000    2.178130    2.160895    0.979921    2.794668    2.669824    0.000036    0.003185    0.755393    23.617056  
[37m[36mINFO[0m[0m 09/04 00:12:28 | 0.990269    0.991018    0.000000    0.979282    0.068410    0.982885    0.995726    0.990269    0.991018    0.959236    3000        58.572300   3.567335    0.096271    0.031862    0.016086    0.016086    0.053289    0.000000    0.000013    0.000000    3.471064    1.000000    0.000000    0.000000    2.242071    2.224860    0.980347    2.821880    2.696821    -0.000168   0.002899    0.889417    23.668285  
[37m[36mINFO[0m[0m 09/04 00:14:15 | 0.991766    0.991018    0.000000    0.978502    0.073023    0.977995    0.995726    0.991766    0.991018    0.961783    3100        60.524710   3.525244    0.060586    0.012508    0.012005    0.012005    0.056614    0.000000    0.000012    0.000000    3.464659    1.000000    0.000000    0.000000    2.210676    2.193342    0.979422    2.933202    2.800981    -0.000315   0.002420    0.826320    25.149873  
[37m[36mINFO[0m[0m 09/04 00:15:57 | 0.983533    0.985030    0.000000    0.978296    0.106669    0.982885    0.997863    0.983533    0.985030    0.954140    3200        62.477120   3.529931    0.061266    0.014917    0.011574    0.011574    0.055517    0.000000    0.000010    0.000000    3.468665    1.000000    0.000000    0.000000    2.224889    2.208296    0.979244    3.051827    2.910296    -0.000291   0.002253    0.810147    21.065051  
[37m[36mINFO[0m[0m 09/04 00:17:56 | 0.991766    0.994012    0.000000    0.978467    0.068755    0.980440    0.995726    0.991766    0.994012    0.959236    3300        64.429530   3.534365    0.068561    0.022143    0.011592    0.011592    0.058005    0.000000    0.000010    0.000000    3.465804    1.000000    0.000000    0.000000    2.256839    2.235305    0.979760    3.063630    2.922710    -0.000096   0.002436    0.929042    25.266623  
[37m[36mINFO[0m[0m 09/04 00:19:38 | 0.991766    0.985030    0.000000    0.974255    0.094003    0.987775    0.993590    0.991766    0.985030    0.941401    3400        66.381940   3.559155    0.083616    0.021834    0.015435    0.015435    0.064664    0.000000    0.000008    0.000000    3.475538    1.000000    0.000000    0.000000    2.315288    2.292683    0.979653    3.079916    2.934068    0.000040    0.002710    0.769293    24.992817  
[37m[36mINFO[0m[0m 09/04 00:21:37 | 0.985030    0.985030    0.000000    0.973050    0.089614    0.982885    0.993590    0.985030    0.985030    0.942675    3500        68.334350   3.552875    0.077882    0.021675    0.014042    0.014042    0.057792    0.000000    0.000008    0.000000    3.474993    1.000000    0.000000    0.000000    2.345658    2.325920    0.979752    3.103844    2.960601    -0.000044   0.002104    0.877438    31.384428  
[37m[36mINFO[0m[0m 09/04 00:23:22 | 0.991766    0.991018    0.000000    0.975324    0.088046    0.982885    0.997863    0.991766    0.991018    0.945223    3600        70.286760   3.515946    0.058006    0.014488    0.010869    0.010869    0.052257    0.000000    0.000008    0.000000    3.457940    1.000000    0.000000    0.000000    2.351634    2.332164    0.980625    3.121392    2.978712    -0.000086   0.002034    0.825802    23.028693  
[37m[36mINFO[0m[0m 09/04 00:25:07 | 0.949850    0.955090    0.000000    0.976618    0.081659    0.980440    0.991453    0.949850    0.955090    0.957962    3700        72.239170   3.532224    0.071375    0.019042    0.013073    0.013073    0.052214    0.000000    0.000008    0.000000    3.460848    1.000000    0.000000    0.000000    2.402699    2.381386    0.980560    3.150964    3.005546    -0.000110   0.001936    0.799485    24.829541  
[37m[36mINFO[0m[0m 09/04 00:27:06 | 0.981287    0.985030    0.000000    0.971351    0.100727    0.982885    0.993590    0.981287    0.985030    0.937580    3800        74.191580   3.553912    0.086899    0.024208    0.015662    0.015662    0.057393    0.000000    0.000009    0.000000    3.467014    1.000000    0.000000    0.000000    2.433621    2.405594    0.980922    3.206197    3.056464    0.000012    0.002237    0.932097    25.645487  
[37m[36mINFO[0m[0m 09/04 00:28:44 | 0.982036    0.985030    0.000000    0.976310    0.091007    0.982885    0.995726    0.982036    0.985030    0.950318    3900        76.143990   3.556300    0.084729    0.023461    0.015308    0.015308    0.057523    0.000000    0.000008    0.000000    3.471571    1.000000    0.000000    0.000000    2.481348    2.458564    0.980588    3.272004    3.117253    -0.000151   0.001665    0.734348    24.137839  
[37m[36mINFO[0m[0m 09/04 00:30:42 | 0.984281    0.985030    0.000000    0.975105    0.088727    0.977995    0.995726    0.984281    0.985030    0.951592    4000        78.096400   3.546490    0.075988    0.018938    0.014253    0.014253    0.059875    0.000000    0.000008    0.000000    3.470502    1.000000    0.000000    0.000000    2.491350    2.462447    0.980452    3.347091    3.185910    -0.000209   0.001454    0.921574    25.723985  
[37m[36mINFO[0m[0m 09/04 00:32:25 | 0.976796    0.985030    0.000000    0.973338    0.103756    0.982885    0.995726    0.976796    0.985030    0.941401    4100        80.048810   3.541811    0.074012    0.022638    0.012834    0.012834    0.063064    0.000000    0.000008    0.000000    3.467800    1.000000    0.000000    0.000000    2.496368    2.472487    0.980840    3.428532    3.262336    -0.000160   0.001321    0.786284    24.658903  
[37m[36mINFO[0m[0m 09/04 00:34:22 | 0.986527    0.988024    0.000000    0.975139    0.084535    0.975550    0.995726    0.986527    0.988024    0.954140    4200        82.001220   3.534012    0.069541    0.020895    0.012153    0.012153    0.057058    0.000000    0.000006    0.000000    3.464472    1.000000    0.000000    0.000000    2.528839    2.502476    0.981053    3.478728    3.306357    0.000021    0.001657    0.854525    31.360581  
[37m[36mINFO[0m[0m 09/04 00:36:12 | 0.982036    0.982036    0.000000    0.972913    0.086997    0.982885    0.995726    0.982036    0.982036    0.940127    4300        83.953630   3.524246    0.054221    0.012162    0.010507    0.010507    0.059821    0.000000    0.000006    0.000000    3.470025    1.000000    0.000000    0.000000    2.540572    2.515050    0.980333    3.518365    3.347120    -0.000152   0.001310    0.856386    24.690900  
[37m[36mINFO[0m[0m 09/04 00:37:53 | 0.983533    0.985030    0.000000    0.976837    0.077223    0.975550    0.995726    0.983533    0.985030    0.959236    4400        85.906040   3.503634    0.044449    0.011885    0.008134    0.008134    0.053401    0.000000    0.000006    0.000000    3.459185    1.000000    0.000000    0.000000    2.547521    2.519075    0.980522    3.646220    3.463468    -0.000059   0.001378    0.763158    24.693289  
[37m[36mINFO[0m[0m 09/04 00:39:51 | 0.985030    0.988024    0.000000    0.978467    0.071292    0.980440    0.995726    0.985030    0.988024    0.959236    4500        87.858450   3.546675    0.076681    0.020998    0.013914    0.013914    0.067525    0.000000    0.000006    0.000000    3.469994    1.000000    0.000000    0.000000    2.599732    2.574936    0.980958    3.685112    3.501718    -0.000021   0.001531    0.934020    24.008315  
[37m[36mINFO[0m[0m 09/04 00:41:37 | 0.979790    0.985030    0.000000    0.972865    0.097200    0.975550    0.991453    0.979790    0.985030    0.951592    4600        89.810860   3.513099    0.049900    0.013735    0.009034    0.009034    0.062018    0.000000    0.000006    0.000000    3.463199    1.000000    0.000000    0.000000    2.606349    2.579250    0.980648    3.714420    3.532916    -0.000152   0.001186    0.809766    25.500306  
[37m[36mINFO[0m[0m 09/04 00:43:20 | 0.981287    0.982036    0.000000    0.970571    0.111299    0.977995    0.993590    0.981287    0.982036    0.940127    4700        91.763270   3.529429    0.060514    0.016293    0.011047    0.011047    0.066136    0.000000    0.000006    0.000000    3.468915    1.000000    0.000000    0.000000    2.614171    2.587950    0.980250    3.771391    3.585406    0.000069    0.001177    0.806647    22.403624  
[37m[36mINFO[0m[0m 09/04 00:45:17 | 0.984281    0.982036    0.000000    0.973968    0.088701    0.977995    0.993590    0.984281    0.982036    0.950318    4800        93.715680   3.512995    0.052398    0.016178    0.009048    0.009048    0.053453    0.000000    0.000005    0.000000    3.460597    1.000000    0.000000    0.000000    2.643835    2.613764    0.981083    3.828413    3.635229    -0.000155   0.000963    0.934916    23.270962  
[37m[36mINFO[0m[0m 09/04 00:47:02 | 0.984281    0.982036    0.000000    0.976447    0.091280    0.982885    0.993590    0.984281    0.982036    0.952866    4900        95.668090   3.529975    0.063140    0.017684    0.011358    0.011358    0.064620    0.000000    0.000005    0.000000    3.466835    1.000000    0.000000    0.000000    2.683340    2.654015    0.981223    3.885768    3.690484    -0.000069   0.001199    0.780948    26.762752  
[37m[36mINFO[0m[0m 09/04 00:48:49 | 0.979790    0.985030    0.000000    0.979570    0.073217    0.982885    0.997863    0.979790    0.985030    0.957962    5000        97.620500   3.521522    0.061119    0.020672    0.010105    0.010105    0.069227    0.000000    0.000005    0.000000    3.460403    1.000000    0.000000    0.000000    2.717517    2.686365    0.981175    3.910604    3.710024    -0.000073   0.001353    0.840495    22.855252  
[37m[36mINFO[0m[0m 09/04 00:48:49 | ---
[37m[36mINFO[0m[0m 09/04 00:48:49 | oracle = 99.850%
[37m[36mINFO[0m[0m 09/04 00:48:49 | iid = 98.503%
[37m[36mINFO[0m[0m 09/04 00:48:49 | last = 97.979%
[37m[36mINFO[0m[0m 09/04 00:48:49 | last (inD) = 97.957%
[37m[36mINFO[0m[0m 09/04 00:48:49 | iid (inD) = 98.215%
[37m[36mINFO[0m[0m 09/04 00:48:49 | 
[37m[36mINFO[0m[0m 09/04 00:48:54 | Testenv name escaping te_sketch -> te_sketch
[37m[36mINFO[0m[0m 09/04 00:48:54 | Test envs = [3], name = te_sketch
[37m[36mINFO[0m[0m 09/04 00:48:54 | Batch sizes for each domain: [32, 32, 32, 0] (total=96)
[37m[36mINFO[0m[0m 09/04 00:48:54 | steps-per-epoch for each domain: 51.22, 58.62, 41.75 -> min = 41.75
[37m[36mINFO[0m[0m 09/04 00:49:19 | # of params = 151206401
[37m[36mINFO[0m[0m 09/04 00:49:54 | test_in     test_out    train_in    train_out   tr_outloss  env0_out    env1_out    env2_out    env3_in     env3_out    step        epoch       total_loss  cipt_base_  cipt_cls_l  cipt_de_lo  cipt_de_or  cipt_de_au  aug_decomp  cipt_ind_l  causal_con  dccl_contr  contrastiv  pre_cl_los  reg_loss    mean_e_nor  mean_e_aug  mean_e_aug  mean_s_nor  mean_s_aug  mean_es_co  mean_e_aug  step_time   eval_time  
[37m[36mINFO[0m[0m 09/04 00:49:54 | 0.220738    0.247134    0.000000    0.512836    1.235335    0.528117    0.354701    0.655689    0.220738    0.247134    0           0.000000    11.496402   11.486973   0.577012    2.102490    2.102490    2.062513    0.000000    0.500000    0.000000    4.714694    0.002000    0.000000    0.000000    1.000000    1.000000    0.907462    1.000000    1.000000    1.000000    1.000000    0.627720    34.096868  
[37m[36mINFO[0m[0m 09/04 00:51:46 | 0.882316    0.899363    0.000000    0.992871    0.016832    0.982885    0.995726    1.000000    0.882316    0.899363    100         2.395210    0.907829    0.524471    0.050063    0.061180    0.061180    0.078671    0.000000    0.045938    0.000000    3.822497    0.103000    0.000000    0.000000    1.256105    1.231198    0.936405    1.620447    1.512364    0.095949    0.176356    0.838330    28.580524  
[37m[36mINFO[0m[0m 09/04 00:53:53 | 0.885178    0.886624    0.000000    0.995213    0.011023    0.987775    0.997863    1.000000    0.885178    0.886624    200         4.790419    1.117730    0.032259    0.005630    0.005389    0.005389    0.025408    0.000000    0.001015    0.000000    3.588484    0.303000    0.000000    0.000000    1.279575    1.262058    0.942774    1.843175    1.703328    0.002151    0.065350    0.938971    32.716338  
[37m[36mINFO[0m[0m 09/04 00:55:31 | 0.897901    0.909554    0.000000    0.995213    0.012004    0.987775    0.997863    1.000000    0.897901    0.909554    300         7.185629    1.769923    0.008673    0.001174    0.001270    0.001270    0.022504    0.000000    0.000484    0.000000    3.503805    0.503000    0.000000    0.000000    1.344046    1.333090    0.952337    1.895366    1.749699    -0.000324   0.047164    0.709512    26.925133  
[37m[36mINFO[0m[0m 09/04 00:57:14 | 0.896947    0.903185    0.000000    0.996028    0.009315    0.990220    0.997863    1.000000    0.896947    0.903185    400         9.580838    2.444447    0.006418    0.000585    0.001105    0.001105    0.020272    0.000000    0.000282    0.000000    3.468226    0.703000    0.000000    0.000000    1.421651    1.409050    0.959823    1.923958    1.774402    -0.000762   0.038470    0.725460    30.086217  
[37m[36mINFO[0m[0m 09/04 00:59:20 | 0.896310    0.898089    0.000000    0.995925    0.013376    0.987775    1.000000    1.000000    0.896310    0.898089    500         11.976048   3.113700    0.004324    0.000134    0.000826    0.000826    0.016755    0.000000    0.000177    0.000000    3.443697    0.902980    0.000000    0.000000    1.498819    1.480791    0.966017    1.954940    1.804807    -0.000723   0.032707    0.906668    36.135796  
[37m[36mINFO[0m[0m 09/04 01:01:21 | 0.885496    0.889172    0.000000    0.995213    0.019479    0.987775    0.997863    1.000000    0.885496    0.889172    600         14.371257   3.427985    0.002351    0.000127    0.000394    0.000394    0.016305    0.000000    0.000129    0.000000    3.425635    1.000000    0.000000    0.000000    1.558398    1.536931    0.969724    1.979911    1.823948    -0.000628   0.028145    0.825467    37.737938  
[37m[36mINFO[0m[0m 09/04 01:03:18 | 0.901081    0.905732    0.000000    0.995925    0.014047    0.987775    1.000000    1.000000    0.901081    0.905732    700         16.766467   3.410933    0.002685    0.000085    0.000532    0.000532    0.013169    0.000000    0.000095    0.000000    3.408248    1.000000    0.000000    0.000000    1.604306    1.577573    0.971986    1.999442    1.841352    -0.000343   0.025029    0.840091    32.950169  
[37m[36mINFO[0m[0m 09/04 01:05:19 | 0.888359    0.885350    0.000000    0.995213    0.018380    0.987775    0.997863    1.000000    0.888359    0.885350    800         19.161677   3.410860    0.001843    0.000091    0.000338    0.000338    0.011056    0.000000    0.000080    0.000000    3.409017    1.000000    0.000000    0.000000    1.642330    1.613286    0.974277    2.019752    1.861803    -0.000249   0.021631    0.906903    30.598905  
[37m[36mINFO[0m[0m 09/04 01:07:31 | 0.888359    0.892994    0.000000    0.995213    0.019961    0.987775    0.997863    1.000000    0.888359    0.892994    900         21.556886   3.407248    0.003549    0.000106    0.000785    0.000785    0.015921    0.000000    0.000061    0.000000    3.403699    1.000000    0.000000    0.000000    1.675921    1.643730    0.975237    2.044787    1.882454    -0.000458   0.019029    0.944535    37.019593  
[37m[36mINFO[0m[0m 09/04 01:09:27 | 0.903944    0.907006    0.000000    0.995925    0.010621    0.987775    1.000000    1.000000    0.903944    0.907006    1000        23.952096   3.403331    0.001633    0.000340    0.000257    0.000257    0.016762    0.000000    0.000053    0.000000    3.401698    1.000000    0.000000    0.000000    1.704024    1.673226    0.976246    2.072532    1.905924    -0.000222   0.017197    0.847511    31.845778  
[37m[36mINFO[0m[0m 09/04 01:11:25 | 0.905534    0.913376    0.000000    0.993686    0.012856    0.985330    0.995726    1.000000    0.905534    0.913376    1100        26.347305   3.399634    0.001903    0.000065    0.000405    0.000405    0.014663    0.000000    0.000043    0.000000    3.397731    1.000000    0.000000    0.000000    1.721630    1.692322    0.977160    2.086666    1.918399    -0.000193   0.015043    0.828102    34.511104  
[37m[36mINFO[0m[0m 09/04 01:13:24 | 0.889313    0.900637    0.000000    0.994398    0.016822    0.985330    0.997863    1.000000    0.889313    0.900637    1200        28.742515   3.399557    0.002071    0.000257    0.000408    0.000408    0.018914    0.000000    0.000036    0.000000    3.397485    1.000000    0.000000    0.000000    1.743762    1.716459    0.977989    2.113617    1.944209    -0.000194   0.012798    0.883506    31.408849  
[37m[36mINFO[0m[0m 09/04 01:15:38 | 0.896947    0.901911    0.000000    0.994398    0.010699    0.985330    0.997863    1.000000    0.896947    0.901911    1300        31.137725   3.389345    0.001779    0.000057    0.000391    0.000391    0.009218    0.000000    0.000032    0.000000    3.387567    1.000000    0.000000    0.000000    1.756810    1.729237    0.978726    2.135379    1.960362    -0.000195   0.011969    0.945059    38.737387  
[37m[36mINFO[0m[0m 09/04 01:17:41 | 0.883906    0.887898    0.000000    0.994398    0.019486    0.985330    0.997863    1.000000    0.883906    0.887898    1400        33.532934   3.387259    0.000717    0.000056    0.000129    0.000129    0.011397    0.000000    0.000029    0.000000    3.386542    1.000000    0.000000    0.000000    1.790175    1.757754    0.979345    2.151731    1.977350    -0.000168   0.010868    0.893431    33.963531  
[37m[36mINFO[0m[0m 09/04 01:19:41 | 0.884860    0.885350    0.000000    0.994398    0.015330    0.985330    0.997863    1.000000    0.884860    0.885350    1500        35.928144   3.394847    0.001364    0.000033    0.000300    0.000300    0.015480    0.000000    0.000026    0.000000    3.393483    1.000000    0.000000    0.000000    1.807369    1.777749    0.979561    2.164515    1.983359    -0.000103   0.010414    0.845804    35.854381  
[37m[36mINFO[0m[0m 09/04 01:21:41 | 0.900127    0.903185    0.000000    0.994398    0.014449    0.985330    0.997863    1.000000    0.900127    0.903185    1600        38.323353   3.388922    0.001258    0.000044    0.000276    0.000276    0.009638    0.000000    0.000022    0.000000    3.387665    1.000000    0.000000    0.000000    1.810949    1.782063    0.980318    2.185480    2.005983    -0.000087   0.008821    0.825284    37.365896  
[37m[36mINFO[0m[0m 09/04 01:23:39 | 0.897583    0.905732    0.000000    0.994398    0.011079    0.985330    0.997863    1.000000    0.897583    0.905732    1700        40.718563   3.389677    0.001297    0.000090    0.000276    0.000276    0.012235    0.000000    0.000020    0.000000    3.388380    1.000000    0.000000    0.000000    1.819585    1.790888    0.980296    2.206219    2.021884    -0.000085   0.008638    0.875936    29.922790  
[37m[36mINFO[0m[0m 09/04 01:25:46 | 0.893448    0.900637    0.000000    0.993583    0.015398    0.982885    0.997863    1.000000    0.893448    0.900637    1800        43.113772   3.387131    0.002377    0.000157    0.000532    0.000532    0.014549    0.000000    0.000018    0.000000    3.384754    1.000000    0.000000    0.000000    1.845396    1.817873    0.981014    2.234665    2.049494    -0.000137   0.007772    0.970030    29.534736  
[37m[36mINFO[0m[0m 09/04 01:27:55 | 0.905216    0.915924    0.000000    0.995213    0.012595    0.987775    0.997863    1.000000    0.905216    0.915924    1900        45.508982   3.388064    0.000758    0.000034    0.000160    0.000160    0.013212    0.000000    0.000017    0.000000    3.387306    1.000000    0.000000    0.000000    1.860295    1.828403    0.980608    2.259776    2.066661    -0.000115   0.007496    0.953589    33.618254  
[37m[36mINFO[0m[0m 09/04 01:29:54 | 0.886132    0.891720    0.000000    0.994398    0.018323    0.985330    0.997863    1.000000    0.886132    0.891720    2000        47.904192   3.386225    0.001562    0.000121    0.000341    0.000341    0.012109    0.000000    0.000015    0.000000    3.384664    1.000000    0.000000    0.000000    1.866226    1.838154    0.981422    2.280851    2.086375    -0.000060   0.006771    0.833916    36.422194  
[37m[36mINFO[0m[0m 09/04 01:31:53 | 0.896628    0.909554    0.000000    0.995213    0.011961    0.987775    0.997863    1.000000    0.896628    0.909554    2100        50.299401   3.377679    0.001675    0.000034    0.000393    0.000393    0.009351    0.000000    0.000014    0.000000    3.376005    1.000000    0.000000    0.000000    1.884325    1.859265    0.982345    2.313051    2.113758    -0.000057   0.006105    0.833574    35.213992  
[37m[36mINFO[0m[0m 09/04 01:33:49 | 0.885814    0.895541    0.000000    0.994398    0.024683    0.985330    0.997863    1.000000    0.885814    0.895541    2200        52.694611   3.373152    0.000595    0.000032    0.000125    0.000125    0.008257    0.000000    0.000013    0.000000    3.372556    1.000000    0.000000    0.000000    1.898920    1.868747    0.982252    2.342953    2.140178    -0.000049   0.006258    0.868102    29.218451  
[37m[36mINFO[0m[0m 09/04 01:35:55 | 0.884860    0.892994    0.000000    0.995213    0.021113    0.987775    0.997863    1.000000    0.884860    0.892994    2300        55.089820   3.387922    0.000502    0.000013    0.000107    0.000107    0.014834    0.000000    0.000012    0.000000    3.387419    1.000000    0.000000    0.000000    1.914028    1.886068    0.982220    2.344213    2.143036    -0.000075   0.005156    0.955505    30.504943  
[37m[36mINFO[0m[0m 09/04 01:38:03 | 0.899491    0.915924    0.000000    0.995213    0.015437    0.987775    0.997863    1.000000    0.899491    0.915924    2400        57.485030   3.380367    0.001568    0.000031    0.000370    0.000370    0.012421    0.000000    0.000012    0.000000    3.378799    1.000000    0.000000    0.000000    1.920451    1.897529    0.982316    2.372787    2.166101    -0.000026   0.005753    0.930268    34.816947  
[37m[36mINFO[0m[0m 09/04 01:40:00 | 0.900763    0.912102    0.000000    0.995213    0.014242    0.987775    0.997863    1.000000    0.900763    0.912102    2500        59.880240   3.380218    0.000603    0.000022    0.000132    0.000132    0.009495    0.000000    0.000010    0.000000    3.379615    1.000000    0.000000    0.000000    1.924726    1.897176    0.982682    2.396596    2.188179    -0.000135   0.005712    0.817968    35.351942  
[37m[36mINFO[0m[0m 09/04 01:41:56 | 0.889949    0.898089    0.000000    0.992768    0.022569    0.980440    0.997863    1.000000    0.889949    0.898089    2600        62.275449   3.379457    0.003706    0.001254    0.000600    0.000600    0.008553    0.000000    0.000010    0.000000    3.375752    1.000000    0.000000    0.000000    1.943476    1.908265    0.982847    2.413856    2.202359    -0.000195   0.005279    0.820019    33.420043  
[37m[36mINFO[0m[0m 09/04 01:43:55 | 0.902672    0.915924    0.000000    0.995316    0.008974    0.990220    0.995726    1.000000    0.902672    0.915924    2700        64.670659   3.465836    0.065365    0.047683    0.004387    0.004387    0.017681    0.000000    0.000027    0.000000    3.400471    1.000000    0.000000    0.000000    2.194703    2.147439    0.983344    2.543782    2.311696    -0.000174   0.002463    0.900022    29.811470  
[37m[36mINFO[0m[0m 09/04 01:46:03 | 0.901081    0.915924    0.000000    0.994215    0.026888    0.987775    0.997863    0.997006    0.901081    0.915924    2800        67.065868   3.392562    0.003136    0.000808    0.000571    0.000571    0.009690    0.000000    0.000009    0.000000    3.389425    1.000000    0.000000    0.000000    2.389617    2.348320    0.984665    2.799464    2.533599    -0.000308   0.001324    0.944876    33.293383  
[37m[36mINFO[0m[0m 09/04 01:48:06 | 0.903944    0.909554    0.000000    0.996843    0.014615    0.992665    0.997863    1.000000    0.903944    0.909554    2900        69.461078   3.393202    0.001259    0.000343    0.000220    0.000220    0.015326    0.000000    0.000007    0.000000    3.391943    1.000000    0.000000    0.000000    2.405658    2.360551    0.984814    2.826979    2.554894    -0.000136   0.002251    0.865896    36.363697  
[37m[36mINFO[0m[0m 09/04 01:50:04 | 0.911896    0.928662    0.000000    0.996843    0.012177    0.992665    0.997863    1.000000    0.911896    0.928662    3000        71.856287   3.381474    0.000822    0.000050    0.000185    0.000185    0.010570    0.000000    0.000006    0.000000    3.380651    1.000000    0.000000    0.000000    2.398453    2.351640    0.985409    2.846260    2.575580    -0.000096   0.002514    0.823892    35.022400  
[37m[36mINFO[0m[0m 09/04 01:52:04 | 0.897583    0.908280    0.000000    0.996843    0.013465    0.992665    0.997863    1.000000    0.897583    0.908280    3100        74.251497   3.381828    0.001188    0.000090    0.000267    0.000267    0.009621    0.000000    0.000006    0.000000    3.380639    1.000000    0.000000    0.000000    2.391407    2.347270    0.985524    2.874968    2.596748    -0.000067   0.002397    0.901381    29.680528  
[37m[36mINFO[0m[0m 09/04 01:54:15 | 0.904580    0.913376    0.000000    0.996843    0.013917    0.992665    0.997863    1.000000    0.904580    0.913376    3200        76.646707   3.379903    0.000652    0.000036    0.000147    0.000147    0.010744    0.000000    0.000005    0.000000    3.379252    1.000000    0.000000    0.000000    2.380228    2.340324    0.985314    2.901481    2.622065    -0.000074   0.002302    0.939337    37.013649  
[37m[36mINFO[0m[0m 09/04 01:56:19 | 0.907443    0.917197    0.000000    0.995316    0.016736    0.990220    0.995726    1.000000    0.907443    0.917197    3300        79.041916   3.375863    0.000515    0.000045    0.000111    0.000111    0.011961    0.000000    0.000005    0.000000    3.375347    1.000000    0.000000    0.000000    2.381462    2.342415    0.985032    2.922585    2.636500    -0.000057   0.002514    0.893581    35.344229  
[37m[36mINFO[0m[0m 09/04 01:58:15 | 0.906807    0.917197    0.000000    0.996028    0.013399    0.990220    0.997863    1.000000    0.906807    0.917197    3400        81.437126   3.379098    0.000471    0.000029    0.000104    0.000104    0.013026    0.000000    0.000005    0.000000    3.378627    1.000000    0.000000    0.000000    2.384936    2.340900    0.985152    2.928027    2.643292    -0.000065   0.002733    0.830555    33.101313  
[37m[36mINFO[0m[0m 09/04 02:00:13 | 0.908079    0.918471    0.000000    0.995213    0.015926    0.987775    0.997863    1.000000    0.908079    0.918471    3500        83.832335   3.379089    0.000770    0.000029    0.000179    0.000179    0.010966    0.000000    0.000005    0.000000    3.378320    1.000000    0.000000    0.000000    2.387181    2.343613    0.985563    2.941696    2.656662    -0.000014   0.002535    0.830970    34.360646  
[37m[36mINFO[0m[0m 09/04 02:02:14 | 0.907761    0.918471    0.000000    0.996843    0.014673    0.992665    0.997863    1.000000    0.907761    0.918471    3600        86.227545   3.380144    0.000440    0.000034    0.000096    0.000096    0.010714    0.000000    0.000004    0.000000    3.379704    1.000000    0.000000    0.000000    2.376733    2.333816    0.985111    2.969232    2.678731    -0.000074   0.002439    0.906495    30.150512  
[37m[36mINFO[0m[0m 09/04 02:04:21 | 0.906807    0.917197    0.000000    0.996028    0.013193    0.990220    0.997863    1.000000    0.906807    0.917197    3700        88.622754   3.382751    0.000671    0.000024    0.000156    0.000156    0.010196    0.000000    0.000004    0.000000    3.382080    1.000000    0.000000    0.000000    2.383122    2.339140    0.985668    2.985658    2.695145    -0.000053   0.002423    0.953539    32.174589  
[37m[36mINFO[0m[0m 09/04 02:06:22 | 0.905534    0.919745    0.000000    0.995213    0.015196    0.987775    0.997863    1.000000    0.905534    0.919745    3800        91.017964   3.375746    0.000447    0.000021    0.000101    0.000101    0.011796    0.000000    0.000004    0.000000    3.375299    1.000000    0.000000    0.000000    2.368124    2.329922    0.984824    3.009887    2.713383    0.000014    0.002117    0.874837    33.065868  
[37m[36mINFO[0m[0m 09/04 02:08:19 | 0.913168    0.926115    0.000000    0.995213    0.013749    0.987775    0.997863    1.000000    0.913168    0.926115    3900        93.413174   3.377799    0.001044    0.000032    0.000248    0.000248    0.010232    0.000000    0.000004    0.000000    3.376755    1.000000    0.000000    0.000000    2.382679    2.346457    0.985593    3.034725    2.736069    -0.000079   0.002088    0.832485    33.324680  
[37m[36mINFO[0m[0m 09/04 02:10:16 | 0.912214    0.924841    0.000000    0.995316    0.016144    0.990220    0.995726    1.000000    0.912214    0.924841    4000        95.808383   3.384782    0.001313    0.000102    0.000298    0.000298    0.009337    0.000000    0.000004    0.000000    3.383469    1.000000    0.000000    0.000000    2.385515    2.345807    0.985363    3.075431    2.771269    -0.000043   0.002409    0.840752    33.806057  
[37m[36mINFO[0m[0m 09/04 02:12:25 | 0.903308    0.921019    0.000000    0.996028    0.013257    0.990220    0.997863    1.000000    0.903308    0.921019    4100        98.203593   3.377299    0.000651    0.000033    0.000150    0.000150    0.006408    0.000000    0.000004    0.000000    3.376649    1.000000    0.000000    0.000000    2.388091    2.351776    0.985685    3.118581    2.808251    -0.000102   0.002167    0.965934    31.845518  
[37m[36mINFO[0m[0m 09/04 02:14:31 | 0.901399    0.913376    0.000000    0.996028    0.021245    0.990220    0.997863    1.000000    0.901399    0.913376    4200        100.598802  3.379878    0.000685    0.000091    0.000144    0.000144    0.013039    0.000000    0.000004    0.000000    3.379193    1.000000    0.000000    0.000000    2.405840    2.378016    0.985453    3.132189    2.823997    0.000054    0.001947    0.918240    33.764114  
[37m[36mINFO[0m[0m 09/04 02:16:27 | 0.905216    0.923567    0.000000    0.996028    0.016713    0.990220    0.997863    1.000000    0.905216    0.923567    4300        102.994012  3.375305    0.000980    0.000126    0.000210    0.000210    0.010160    0.000000    0.000003    0.000000    3.374325    1.000000    0.000000    0.000000    2.424848    2.382108    0.985782    3.162636    2.845354    -0.000082   0.002294    0.817003    34.608453  
[37m[36mINFO[0m[0m 09/04 02:18:24 | 0.907761    0.922293    0.000000    0.998370    0.011233    0.995110    1.000000    1.000000    0.907761    0.922293    4400        105.389222  3.377290    0.000648    0.000059    0.000143    0.000143    0.011797    0.000000    0.000003    0.000000    3.376643    1.000000    0.000000    0.000000    2.443342    2.411536    0.985929    3.199275    2.877651    0.000003    0.002107    0.827273    34.456124  
[37m[36mINFO[0m[0m 09/04 02:20:24 | 0.906170    0.921019    0.000000    0.995213    0.023508    0.987775    0.997863    1.000000    0.906170    0.921019    4500        107.784431  3.380814    0.002023    0.000927    0.000270    0.000270    0.013773    0.000000    0.000003    0.000000    3.378791    1.000000    0.000000    0.000000    2.451430    2.415385    0.985352    3.233815    2.909121    -0.000077   0.002203    0.896743    30.105415  
[37m[36mINFO[0m[0m 09/04 02:22:33 | 0.881997    0.892994    0.000000    0.992871    0.023799    0.982885    0.995726    1.000000    0.881997    0.892994    4600        110.179641  3.385884    0.004241    0.000608    0.000903    0.000903    0.011438    0.000000    0.000004    0.000000    3.381643    1.000000    0.000000    0.000000    2.479419    2.447458    0.985885    3.280223    2.950842    -0.000070   0.001746    0.963461    32.570414  
[37m[36mINFO[0m[0m 09/04 02:24:39 | 0.902036    0.917197    0.000000    0.996843    0.020346    0.992665    0.997863    1.000000    0.902036    0.917197    4700        112.574850  3.388069    0.006084    0.002183    0.000966    0.000966    0.007464    0.000000    0.000007    0.000000    3.381985    1.000000    0.000000    0.000000    2.516864    2.490626    0.985643    3.506274    3.145773    -0.000150   0.000878    0.901397    35.836418  
[37m[36mINFO[0m[0m 09/04 02:26:37 | 0.904262    0.921019    0.000000    0.996843    0.016183    0.992665    0.997863    1.000000    0.904262    0.921019    4800        114.970060  3.380808    0.000403    0.000055    0.000084    0.000084    0.007629    0.000000    0.000002    0.000000    3.380405    1.000000    0.000000    0.000000    2.547996    2.509004    0.985683    3.559986    3.196587    -0.000039   0.001583    0.820782    35.524816  
[37m[36mINFO[0m[0m 09/04 02:28:35 | 0.901081    0.913376    0.000000    0.996843    0.017579    0.992665    0.997863    1.000000    0.901081    0.913376    4900        117.365269  3.375739    0.000688    0.000053    0.000156    0.000156    0.010807    0.000000    0.000002    0.000000    3.375051    1.000000    0.000000    0.000000    2.580600    2.540506    0.986016    3.588821    3.215192    -0.000050   0.001522    0.832835    35.405855  
[37m[36mINFO[0m[0m 09/04 02:30:34 | 0.880407    0.894268    0.000000    0.996028    0.021186    0.990220    0.997863    1.000000    0.880407    0.894268    5000        119.760479  3.372846    0.000813    0.000028    0.000193    0.000193    0.011008    0.000000    0.000002    0.000000    3.372033    1.000000    0.000000    0.000000    2.586408    2.542160    0.986163    3.623131    3.252298    -0.000032   0.001623    0.890409    29.665057  
[37m[36mINFO[0m[0m 09/04 02:30:34 | ---
[37m[36mINFO[0m[0m 09/04 02:30:34 | oracle = 91.190%
[37m[36mINFO[0m[0m 09/04 02:30:34 | iid = 90.776%
[37m[36mINFO[0m[0m 09/04 02:30:34 | last = 88.041%
[37m[36mINFO[0m[0m 09/04 02:30:34 | last (inD) = 99.603%
[37m[36mINFO[0m[0m 09/04 02:30:34 | iid (inD) = 99.837%
[37m[36mINFO[0m[0m 09/04 02:30:34 | === Summary ===
[37m[36mINFO[0m[0m 09/04 02:30:34 | Command: train_all.py pacs_b5c1_lr1e3_official_align_aug0 --dataset PACS --algorithm CIPTDCCL --data_dir /home/hooasia/lgg/data/repro_dccl_data --deterministic --trial_seed 0 --seed 0 --checkpoint_freq 100 --cipt_clip_path /home/hooasia/.cache/clip/ViT-B-16.pt --cipt_beta 4 --cipt_gamma 5 --cipt_k 4 --cipt_prompt_length 16 --cipt_prompt_init a photo of a --cipt_template_mode b5c --cipt_causal_contrastive_weight 1 --cipt_contrastive_warmup_steps 500 --cipt_aug_decomp_weight 0 --lr 1e-3 --output_root train_output/PACS_official_align --weight_decay 0.0
[37m[36mINFO[0m[0m 09/04 02:30:34 | Unique name: 260903_20-10-36_pacs_b5c1_lr1e3_official_align_aug0
[37m[36mINFO[0m[0m 09/04 02:30:34 | Out path: train_output/PACS_official_align/PACS/260903_20-10-36_pacs_b5c1_lr1e3_official_align_aug0
[37m[36mINFO[0m[0m 09/04 02:30:34 | Algorithm: CIPTDCCL
[37m[36mINFO[0m[0m 09/04 02:30:34 | Dataset: PACS
+------------+---------+---------+---------+---------+---------+
| Selection  |   env0  |   env1  |   env2  |   env3  |   Avg.  |
+------------+---------+---------+---------+---------+---------+
|   oracle   | 98.109% | 98.721% | 99.850% | 91.190% | 96.967% |
|    iid     | 97.254% | 97.548% | 98.503% | 90.776% | 96.020% |
|    last    | 97.132% | 97.122% | 97.979% | 88.041% | 95.068% |
| last (inD) | 98.399% | 97.643% | 97.957% | 99.603% | 98.400% |
| iid (inD)  | 98.938% | 98.524% | 98.215% | 99.837% | 98.879% |
+------------+---------+---------+---------+---------+---------+
