[37m[36mINFO[0m[0m 07/17 18:13:50 | Command :: train_all.py 3pacs_piccl_no_gt --dataset PACS --algorithm PICCL --model resnet50 --deterministic --trial_seed 0 --seed 0 --checkpoint_freq 100 --steps 5000 --data_dir /home/hooasia/lgg/data/repro_dccl_data --use_piccl true --piccl_strict_bypass false --output_root train_output/PACS1 --l 1 --l_d 0 --l_layer 1 --t 0.1 --t_pre 0.2 --piccl_fusion_mode residual_gate --piccl_gt_mode keep --piccl_rank 16 --piccl_isr_weight 0.05 --piccl_orth_weight 0.0001 --piccl_residual_scale 0.25 --piccl_gate_bias -2.5 --piccl_basis_receive_task_grad false
Environment:
	Python: 3.10.20
	PyTorch: 2.5.1+cu121
	Torchvision: 0.20.1+cu121
	CUDA: 12.1
	CUDNN: 90100
	NumPy: 2.2.6
	PIL: 12.0.0
Args:
	TN: False
	algorithm: PICCL
	aug: 0
	checkpoint_freq: 100
	configs: []
	data_dir: /home/hooasia/lgg/data/repro_dccl_data
	dataset: PACS
	debug: False
	deterministic: True
	domainnet_auto_source_count: 3
	erm_baseline: weak
	evalmode: fast
	holdout_fraction: 0.2
	l: 1.0
	l_d: 0.0
	l_layer: 1.0
	label_ratio: 1.0
	lamda: 5
	log: False
	mix: 0
	model: resnet50
	model_save: None
	n_layer: None
	name: 3pacs_piccl_no_gt
	out_dir: train_output/PACS1/260717_18-13-49_3pacs_piccl_no_gt
	out_root: train_output/PACS1
	output_root: train_output/PACS1
	pos_mask: False
	prebuild_loader: False
	re_w: False
	sample_d: False
	seed: 0
	show: False
	source_envs: None
	start_epoch: 1000
	steps: 5000
	sup: True
	t: 0.1
	t_pre: 0.2
	target_env: None
	tb_freq: 10
	test_envs: None
	trial_seed: 0
	two_ce: False
	unique_name: 260717_18-13-49_3pacs_piccl_no_gt
	weak_erm: False
	work_dir: .
HParams:
	data_augmentation: True
	val_augment: False
	resnet18: False
	resnet_dropout: 0.0
	class_balanced: False
	optimizer: adam
	freeze_bn: True
	pretrained: True
	lr: 5e-05
	batch_size: 32
	weight_decay: 0.0
	[36mpiccl_rank: 16
	[0mpiccl_alpha_max: 0.5
	piccl_warmup_ratio: 0.1
	piccl_ramp_ratio: 0.2
	piccl_proto_momentum: 0.99
	piccl_num_interventions: 1
	piccl_ccc_weight: 1.0
	piccl_int_weight: 0.1
	piccl_ref_weight: 1.0
	[36mpiccl_isr_weight: 0.05
	[0m[36mpiccl_orth_weight: 0.0001
	[0mpiccl_eps: 1e-08
	[36mpiccl_gt_mode: keep
	[0m[36mpiccl_basis_receive_task_grad: False
	[0mpiccl_min_valid_domains: 2
	piccl_total_steps: 1
	[36muse_piccl: True
	[0m[36mpiccl_fusion_mode: residual_gate
	[0mpiccl_lr_multiplier: 1.0
	piccl_loss_warmup_ratio: 0.0
	piccl_feature_warmup_ratio: 0.0
	piccl_delayed_start_ratio: 0.0
	[36mpiccl_residual_scale: 0.25
	[0m[36mpiccl_gate_bias: -2.5
	[0mpiccl_connectivity_weight: 1.0
	piccl_diagnostic_interval: 0
	[36mpiccl_strict_bypass: False
	[0mt: 0.1
	t_pre: 0.2
	l: 1.0
	l_d: 0.0
	l_layer: 1.0
	n_layer: 1
	sup: True
	two_ce: False
	sample_d: False
	re_w: False
	pos_mask: False
	mix: 0
	aug: 0
	model: resnet50
	label_ratio: 1.0
	TN: False
	lamda: 5
	start_epoch: 1000
	log: False
	swad: LossValley
	swad_kwargs: 
	  n_converge: 3
	  n_tolerance: 6
	  tolerance_ratio: 0.3
	test_batchsize: 128
	indomain_test: False
Dataset:
	[PACS] #envs=4, #classes=7
	env0: art_painting (#2048)
	env1: cartoon (#2344)
	env2: photo (#1670)
	env3: sketch (#3929)

[37m[36mINFO[0m[0m 07/17 18:13:54 | n_steps = 5000
[37m[36mINFO[0m[0m 07/17 18:13:54 | checkpoint_freq = 100
[37m[36mINFO[0m[0m 07/17 18:13:54 | n_steps is updated to 5000 => 5001 for checkpointing
[37m[36mINFO[0m[0m 07/17 18:13:54 | Target test envs = [[0], [1], [2], [3]]
[37m[36mINFO[0m[0m 07/17 18:13:54 | 
[37m[36mINFO[0m[0m 07/17 18:13:58 | Testenv name escaping te_art_painting -> te_art_painting
[37m[36mINFO[0m[0m 07/17 18:13:58 | Test envs = [0], name = te_art_painting
[37m[36mINFO[0m[0m 07/17 18:13:58 | Batch sizes for each domain: [0, 32, 32, 32] (total=96)
[37m[36mINFO[0m[0m 07/17 18:13:58 | steps-per-epoch for each domain: 58.62, 41.75, 98.25 -> min = 41.75
[37m[36mINFO[0m[0m 07/17 18:14:00 | # of params = 53365703
[37m[36mINFO[0m[0m 07/17 18:14:14 | test_in     test_out    train_in    train_out   tr_outloss  env0_in     env0_out    env1_out    env2_out    env3_out    step        epoch       loss        loss_cls    loss_isr    loss_orth   loss_gt     piccl_alph  paired_res  domain_res  valid_doma  basis_orth  response_c  raw_interv  mediator_i  ce_loss     sup_cl_los  pre_cl_los  dccl_total  weighted_l  weighted_l  piccl_feat  residual_s  residual_d  fused_orig  piccl_exec  original_f  piccl_feat  feature_de  feature_de  original_f  gate_mean   gate_std    gate_min    gate_max    backbone_g  piccl_grad  classifier  has_nan_or  param_grou  param_grou  param_grou  param_grou  param_grou  param_grou  param_grou  param_grou  param_grou  step_time   eval_time  
[37m[36mINFO[0m[0m 07/17 18:14:14 | 0.131178    0.178484    0.000000    0.236210    1.887570    0.131178    0.178484    0.226496    0.260479    0.221656    0           0.000000    12.358064   1.940914    0.000000    0.126582    0.000000    0.000000    0.000000    0.000000    21.000000   0.115786    0.000000    0.918931    0.918931    1.940914    5.304292    5.112845    12.358051   0.000000    0.000013    0.000000    0.250000    0.000000    1.000000    1.000000    24.181402   45.253296   0.000000    0.000000    1.000000    0.075858    0.000000    0.075858    0.075858    10.497466   0.000156    3.423702    0.000000    0.000050    0.000500    0.000005    0.000500    0.000500    0.000005    0.000050    0.000050    0.000050    1.842534    12.177950  
[37m[36mINFO[0m[0m 07/17 18:15:39 | 0.778523    0.775061    0.000000    0.947566    0.168404    0.778523    0.775061    0.927350    0.979042    0.936306    100         2.395210    8.822162    0.325361    0.979446    0.074177    0.000000    0.000000    15.486118   3.812286    21.000000   0.073601    0.020988    0.971364    0.970706    0.325361    3.842760    4.605061    8.773182    0.048972    0.000007    1.000000    0.250000    1.617202    0.999809    1.000000    66.335143   45.262965   1.617202    0.024222    0.999809    0.101119    0.068880    0.009132    0.786799    15.777178   0.043211    3.285332    0.000000    0.000050    0.000500    0.000005    0.000500    0.000500    0.000005    0.000050    0.000050    0.000050    0.664243    12.120086  
[37m[36mINFO[0m[0m 07/17 18:17:11 | 0.777303    0.757946    0.000000    0.953863    0.147479    0.777303    0.757946    0.952991    0.985030    0.923567    200         4.790419    8.012455    0.093165    0.895957    0.070756    0.000000    0.000000    16.052186   8.493671    21.000000   0.071185    0.105197    0.980763    0.980271    0.093165    3.531009    4.343476    7.967650    0.044798    0.000007    1.000000    0.250000    3.668999    0.999287    1.000000    76.145360   45.266538   3.668999    0.047704    0.999287    0.155474    0.176887    0.000345    0.998875    12.365984   0.026714    1.308898    0.000000    0.000050    0.000500    0.000005    0.000500    0.000500    0.000005    0.000050    0.000050    0.000050    0.759760    12.585265  
[37m[36mINFO[0m[0m 07/17 18:18:41 | 0.817572    0.811736    0.000000    0.950884    0.160954    0.817572    0.811736    0.963675    0.973054    0.915924    300         7.185629    7.806678    0.060925    0.787855    0.161509    0.000000    0.000000    16.193989   10.713448   21.000000   0.162762    0.213136    0.983739    0.983244    0.060925    3.470736    4.235608    7.767269    0.039393    0.000016    1.000000    0.250000    5.118617    0.998847    1.000000    81.003818   45.272597   5.118617    0.062992    0.998847    0.202283    0.235538    0.000081    0.999990    11.117150   0.022148    0.862123    0.000000    0.000050    0.000500    0.000005    0.000500    0.000500    0.000005    0.000050    0.000050    0.000050    0.751673    12.635156  
[37m[36mINFO[0m[0m 07/17 18:20:13 | 0.848078    0.845966    0.000000    0.956250    0.136519    0.848078    0.845966    0.950855    0.979042    0.938854    400         9.580838    7.694960    0.052160    0.702338    0.283829    0.000000    0.000000    16.141743   11.626441   21.000000   0.284937    0.298525    0.985204    0.984700    0.052160    3.436268    4.171386    7.659814    0.035117    0.000028    1.000000    0.250000    5.593955    0.998633    1.000000    80.068256   45.278690   5.593955    0.069607    0.998633    0.226768    0.259646    0.000043    0.999998    11.062322   0.020841    0.813311    0.000000    0.000050    0.000500    0.000005    0.000500    0.000500    0.000005    0.000050    0.000050    0.000050    0.767662    12.373675  
[37m[36mINFO[0m[0m 07/17 18:21:48 | 0.848078    0.853301    0.000000    0.960224    0.129497    0.848078    0.853301    0.959402    0.976048    0.945223    500         11.976048   7.604240    0.043362    0.623294    0.380310    0.000000    0.000000    16.298917   12.214581   21.000000   0.381104    0.377413    0.986765    0.986321    0.043362    3.406491    4.123184    7.573037    0.031165    0.000038    1.000000    0.250000    6.147509    0.998446    1.000000    81.260880   45.283773   6.147509    0.075341    0.998446    0.247830    0.280735    0.000015    1.000000    9.767615    0.017864    0.648368    0.000000    0.000050    0.000500    0.000005    0.000500    0.000500    0.000005    0.000050    0.000050    0.000050    0.794919    12.994973  
[37m[36mINFO[0m[0m 07/17 18:23:22 | 0.800488    0.806846    0.000000    0.961535    0.129753    0.800488    0.806846    0.970085    0.982036    0.932484    600         14.371257   7.539929    0.038715    0.573644    0.437583    0.000000    0.025250    16.570137   12.365171   21.000000   0.437937    0.426841    0.987046    0.986558    0.038715    3.398223    4.074265    7.511203    0.028682    0.000044    1.000000    0.250000    6.607466    0.998293    1.000000    81.872543   45.288978   6.607466    0.080107    0.998293    0.263422    0.294452    0.000008    1.000000    10.325751   0.017731    0.604656    0.000000    0.000050    0.000500    0.000005    0.000500    0.000500    0.000005    0.000050    0.000050    0.000050    0.781723    12.728472  
[37m[36mINFO[0m[0m 07/17 18:24:58 | 0.846248    0.865526    0.000000    0.955372    0.179503    0.846248    0.865526    0.933761    0.982036    0.950318    700         16.766467   7.501989    0.029785    0.544961    0.448784    0.000000    0.075250    16.198557   12.371765   21.000000   0.448658    0.455371    0.987488    0.986946    0.029785    3.389388    4.055523    7.474696    0.027248    0.000045    1.000000    0.250000    6.586236    0.998159    1.000000    80.002523   45.293191   6.586236    0.081752    0.998159    0.277359    0.306121    0.000014    1.000000    9.532762    0.015312    0.447543    0.000000    0.000050    0.000500    0.000005    0.000500    0.000500    0.000005    0.000050    0.000050    0.000050    0.795340    13.349392  
[37m[36mINFO[0m[0m 07/17 18:26:34 | 0.860281    0.880196    0.000000    0.964224    0.119752    0.860281    0.880196    0.976496    0.976048    0.940127    800         19.161677   7.469852    0.030650    0.531636    0.424630    0.000000    0.125250    15.786435   12.057252   21.000000   0.424284    0.468602    0.988627    0.988094    0.030650    3.384184    4.028393    7.443227    0.026582    0.000042    1.000000    0.250000    6.567973    0.998104    1.000000    78.832003   45.296189   6.567973    0.083102    0.998104    0.281704    0.311660    0.000011    1.000000    8.840791    0.014862    0.442491    0.000000    0.000050    0.000500    0.000005    0.000500    0.000500    0.000005    0.000050    0.000050    0.000050    0.786411    12.041229  
[37m[36mINFO[0m[0m 07/17 18:28:13 | 0.840146    0.858191    0.000000    0.971165    0.113037    0.840146    0.858191    0.972222    0.982036    0.959236    900         21.556886   7.417335    0.017995    0.503091    0.379190    0.000000    0.175250    16.494102   12.376661   21.000000   0.378665    0.497110    0.989348    0.988797    0.017995    3.366117    4.008030    7.392142    0.025155    0.000038    1.000000    0.250000    7.745619    0.997847    1.000000    85.381047   45.302425   7.745619    0.090377    0.997847    0.303494    0.330749    0.000004    1.000000    6.983519    0.013235    0.304740    0.000000    0.000050    0.000500    0.000005    0.000500    0.000500    0.000005    0.000050    0.000050    0.000050    0.846157    11.977946  
[37m[36mINFO[0m[0m 07/17 18:29:46 | 0.846858    0.877751    0.000000    0.965069    0.138145    0.846858    0.877751    0.967949    0.982036    0.945223    1000        23.952096   7.383280    0.012762    0.497868    0.325174    0.000000    0.225250    16.229821   13.024610   21.000000   0.324624    0.502302    0.990234    0.989658    0.012762    3.355408    3.990184    7.358354    0.024893    0.000033    1.000000    0.250000    7.631213    0.997794    1.000000    84.124050   45.307982   7.631213    0.090494    0.997794    0.310883    0.336051    0.000004    1.000000    6.086090    0.011517    0.222192    0.000000    0.000050    0.000500    0.000005    0.000500    0.000500    0.000005    0.000050    0.000050    0.000050    0.720037    11.951935  
[37m[36mINFO[0m[0m 07/17 18:31:23 | 0.814521    0.826406    0.000000    0.965494    0.151743    0.814521    0.826406    0.967949    0.982036    0.946497    1100        26.347305   7.405758    0.019821    0.485693    0.272873    0.000000    0.275250    16.389030   13.225328   21.000000   0.272384    0.514464    0.989717    0.989039    0.019821    3.374482    3.987143    7.381446    0.024285    0.000027    1.000000    0.250000    7.360692    0.997803    1.000000    81.307279   45.310609   7.360692    0.090246    0.997803    0.306969    0.333781    0.000002    1.000000    7.839236    0.012538    0.276262    0.000000    0.000050    0.000500    0.000005    0.000500    0.000500    0.000005    0.000050    0.000050    0.000050    0.818762    12.394354  
[37m[36mINFO[0m[0m 07/17 18:33:00 | 0.829774    0.838631    0.000000    0.970748    0.120306    0.829774    0.838631    0.965812    0.991018    0.955414    1200        28.742515   7.372208    0.019587    0.489733    0.226273    0.000000    0.325250    15.889373   13.052188   21.000000   0.225838    0.510421    0.989947    0.989220    0.019587    3.370870    3.957241    7.347699    0.024487    0.000023    1.000000    0.250000    7.193627    0.997781    1.000000    79.902476   45.311217   7.193627    0.089735    0.997781    0.305230    0.335601    0.000001    1.000000    7.635433    0.012520    0.288070    0.000000    0.000050    0.000500    0.000005    0.000500    0.000500    0.000005    0.000050    0.000050    0.000050    0.797227    13.619014  
[37m[36mINFO[0m[0m 07/17 18:34:39 | 0.893838    0.885086    0.000000    0.968621    0.123639    0.893838    0.885086    0.980769    0.976048    0.949045    1300        31.137725   7.359288    0.020626    0.484650    0.186433    0.000000    0.375250    15.833002   12.000343   21.000000   0.186074    0.515499    0.990967    0.990241    0.020626    3.362831    3.951579    7.335037    0.024232    0.000019    1.000000    0.250000    7.283791    0.997720    1.000000    80.299691   45.314970   7.283791    0.090279    0.997720    0.312068    0.341335    0.000002    1.000000    7.762109    0.012542    0.280014    0.000000    0.000050    0.000500    0.000005    0.000500    0.000500    0.000005    0.000050    0.000050    0.000050    0.832421    12.920986  
[37m[36mINFO[0m[0m 07/17 18:36:17 | 0.828554    0.831296    0.000000    0.958966    0.158384    0.828554    0.831296    0.970085    0.973054    0.933758    1400        33.532934   7.375269    0.026423    0.490621    0.155496    0.000000    0.425250    15.577527   11.917471   21.000000   0.155219    0.509537    0.989791    0.988903    0.026423    3.374908    3.949391    7.350722    0.024531    0.000016    1.000000    0.250000    6.452065    0.997847    1.000000    73.897250   45.309509   6.452065    0.086430    0.997847    0.291675    0.327749    0.000002    1.000000    8.627063    0.012844    0.310408    0.000000    0.000050    0.000500    0.000005    0.000500    0.000500    0.000005    0.000050    0.000050    0.000050    0.822596    13.290589  
[37m[36mINFO[0m[0m 07/17 18:37:48 | 0.848688    0.863081    0.000000    0.974014    0.102918    0.848688    0.863081    0.980769    0.982036    0.959236    1500        35.928144   7.305659    0.009092    0.488356    0.129065    0.000000    0.475250    15.824234   11.486058   21.000000   0.128823    0.511788    0.992191    0.991404    0.009092    3.347377    3.924760    7.281228    0.024418    0.000013    1.000000    0.250000    7.293121    0.997638    1.000000    79.558612   45.313197   7.293121    0.091257    0.997638    0.309683    0.344020    0.000000    1.000000    3.816643    0.009381    0.120785    0.000000    0.000050    0.000500    0.000005    0.000500    0.000500    0.000005    0.000050    0.000050    0.000050    0.694492    13.368293  
[37m[36mINFO[0m[0m 07/17 18:39:18 | 0.880415    0.885086    0.000000    0.968035    0.158178    0.880415    0.885086    0.978632    0.970060    0.955414    1600        38.323353   7.313343    0.012596    0.472815    0.105899    0.000000    0.500000    16.553532   11.542039   21.000000   0.105670    0.527331    0.991229    0.990326    0.012596    3.355322    3.921774    7.289692    0.023641    0.000011    1.000000    0.250000    7.783633    0.997467    1.000000    81.866329   45.315269   7.783633    0.094787    0.997467    0.318493    0.351174    0.000000    1.000000    6.597836    0.011841    0.222233    0.000000    0.000050    0.000500    0.000005    0.000500    0.000500    0.000005    0.000050    0.000050    0.000050    0.682723    13.593029  
[37m[36mINFO[0m[0m 07/17 18:40:47 | 0.782184    0.804401    0.000000    0.942246    0.296063    0.782184    0.804401    0.952991    0.922156    0.951592    1700        40.718563   7.293565    0.011667    0.456969    0.085977    0.000000    0.500000    16.747303   12.083957   21.000000   0.085829    0.543184    0.991667    0.990773    0.011667    3.346910    3.912130    7.270708    0.022848    0.000009    1.000000    0.250000    7.813582    0.997456    1.000000    82.231143   45.319067   7.813582    0.094843    0.997456    0.323086    0.355907    0.000000    1.000000    5.244485    0.010779    0.186201    0.000000    0.000050    0.000500    0.000005    0.000500    0.000500    0.000005    0.000050    0.000050    0.000050    0.680715    13.890341  
[37m[36mINFO[0m[0m 07/17 18:42:18 | 0.761440    0.797066    0.000000    0.969601    0.154956    0.761440    0.797066    0.965812    0.985030    0.957962    1800        43.113772   7.263048    0.004801    0.461764    0.073832    0.000000    0.500000    16.457355   12.404064   21.000000   0.073716    0.538382    0.992887    0.992078    0.004801    3.338385    3.896766    7.239952    0.023088    0.000007    1.000000    0.250000    7.910063    0.997426    1.000000    82.630000   45.322136   7.910063    0.095620    0.997426    0.329085    0.360054    0.000000    1.000000    4.093930    0.008927    0.085174    0.000000    0.000050    0.000500    0.000005    0.000500    0.000500    0.000005    0.000050    0.000050    0.000050    0.745352    13.765939  
[37m[36mINFO[0m[0m 07/17 18:43:46 | 0.851129    0.855746    0.000000    0.967333    0.146390    0.851129    0.855746    0.974359    0.976048    0.951592    1900        45.508982   7.295693    0.017498    0.446138    0.062887    0.000000    0.500000    16.802830   12.496529   21.000000   0.062777    0.554015    0.991354    0.990432    0.017498    3.358882    3.897000    7.273380    0.022307    0.000006    1.000000    0.250000    8.032212    0.997326    1.000000    82.859472   45.324128   8.032212    0.096584    0.997326    0.331076    0.362705    0.000000    1.000000    7.328890    0.012002    0.250866    0.000000    0.000050    0.000500    0.000005    0.000500    0.000500    0.000005    0.000050    0.000050    0.000050    0.677685    13.712326  
[37m[36mINFO[0m[0m 07/17 18:45:16 | 0.810860    0.833741    0.000000    0.966206    0.173865    0.810860    0.833741    0.970085    0.982036    0.946497    2000        47.904192   7.268497    0.010101    0.440337    0.051275    0.000000    0.500000    16.990387   12.150125   21.000000   0.051164    0.559814    0.992005    0.991134    0.010101    3.343191    3.893183    7.246475    0.022017    0.000005    1.000000    0.250000    7.779058    0.997393    1.000000    81.334760   45.322389   7.779058    0.095161    0.997393    0.326306    0.361367    0.000000    1.000000    5.260216    0.010037    0.149151    0.000000    0.000050    0.000500    0.000005    0.000500    0.000500    0.000005    0.000050    0.000050    0.000050    0.732742    13.687906  
[37m[36mINFO[0m[0m 07/17 18:46:46 | 0.837096    0.865526    0.000000    0.974139    0.123404    0.837096    0.865526    0.976496    0.979042    0.966879    2100        50.299401   7.274647    0.013427    0.447481    0.041986    0.000000    0.500000    16.503058   12.709283   21.000000   0.041907    0.552669    0.991992    0.991136    0.013427    3.356542    3.882300    7.252269    0.022374    0.000004    1.000000    0.250000    7.629921    0.997421    1.000000    80.428624   45.324046   7.629921    0.094691    0.997421    0.322407    0.360616    0.000000    1.000000    6.517746    0.010922    0.205747    0.000000    0.000050    0.000500    0.000005    0.000500    0.000500    0.000005    0.000050    0.000050    0.000050    0.735927    13.901895  
[37m[36mINFO[0m[0m 07/17 18:48:12 | 0.768151    0.767726    0.000000    0.960919    0.171320    0.768151    0.767726    0.946581    0.982036    0.954140    2200        52.694611   7.267869    0.014638    0.442931    0.033895    0.000000    0.500000    16.302940   12.839826   21.000000   0.033821    0.557208    0.991725    0.990831    0.014638    3.354830    3.876250    7.245719    0.022147    0.000003    1.000000    0.250000    7.397415    0.997458    1.000000    78.868904   45.323577   7.397415    0.093313    0.997458    0.319027    0.358632    0.000000    1.000000    6.747354    0.010872    0.192772    0.000000    0.000050    0.000500    0.000005    0.000500    0.000500    0.000005    0.000050    0.000050    0.000050    0.668042    12.893094  
[37m[36mINFO[0m[0m 07/17 18:49:39 | 0.841977    0.833741    0.000000    0.966771    0.161513    0.841977    0.833741    0.976496    0.976048    0.947771    2300        55.089820   7.335640    0.034036    0.446248    0.028742    0.000000    0.500000    16.120268   13.307639   21.000000   0.028712    0.553905    0.989512    0.988475    0.034036    3.379839    3.899450    7.313325    0.022312    0.000003    1.000000    0.250000    6.882920    0.997535    1.000000    74.333146   45.319824   6.882920    0.091342    0.997535    0.300587    0.345152    0.000000    1.000000    9.554234    0.014290    0.341985    0.000000    0.000050    0.000500    0.000005    0.000500    0.000500    0.000005    0.000050    0.000050    0.000050    0.673907    12.902360  
[37m[36mINFO[0m[0m 07/17 18:51:11 | 0.844417    0.858191    0.000000    0.970043    0.134876    0.844417    0.858191    0.980769    0.979042    0.950318    2400        57.485030   7.283003    0.020490    0.444977    0.027176    0.000000    0.500000    15.594245   13.911093   21.000000   0.027170    0.555171    0.991265    0.990375    0.020490    3.366496    3.873765    7.260752    0.022249    0.000003    1.000000    0.250000    6.676445    0.997635    1.000000    73.911876   45.317857   6.676445    0.090082    0.997635    0.296400    0.346012    0.000000    1.000000    7.802300    0.011673    0.234619    0.000000    0.000050    0.000500    0.000005    0.000500    0.000500    0.000005    0.000050    0.000050    0.000050    0.752922    13.248873  
[37m[36mINFO[0m[0m 07/17 18:52:42 | 0.843197    0.841076    0.000000    0.970605    0.127390    0.843197    0.841076    0.978632    0.979042    0.954140    2500        59.880240   7.240389    0.010977    0.442905    0.026122    0.000000    0.500000    15.522089   14.071479   21.000000   0.026105    0.557224    0.992634    0.991822    0.010977    3.344076    3.863188    7.218241    0.022145    0.000003    1.000000    0.250000    6.896642    0.997544    1.000000    75.442605   45.320853   6.896642    0.090989    0.997544    0.310256    0.355628    0.000000    1.000000    5.011225    0.009691    0.148026    0.000000    0.000050    0.000500    0.000005    0.000500    0.000500    0.000005    0.000050    0.000050    0.000050    0.750253    13.089629  
[37m[36mINFO[0m[0m 07/17 18:53:51 | 0.880415    0.892421    0.000000    0.968182    0.118975    0.880415    0.892421    0.974359    0.976048    0.954140    2600        62.275449   7.270699    0.017729    0.440813    0.024032    0.000000    0.500000    15.630455   13.735587   21.000000   0.024010    0.559320    0.991458    0.990539    0.017729    3.360245    3.870681    7.248656    0.022041    0.000002    1.000000    0.250000    6.736594    0.997535    1.000000    73.890130   45.318923   6.736594    0.090964    0.997535    0.306732    0.353242    0.000000    1.000000    6.386022    0.010992    0.212230    0.000000    0.000050    0.000500    0.000005    0.000500    0.000500    0.000005    0.000050    0.000050    0.000050    0.559204    11.685000  
[37m[36mINFO[0m[0m 07/17 18:54:49 | 0.847468    0.853301    0.000000    0.968319    0.169376    0.847468    0.853301    0.972222    0.976048    0.956688    2700        64.670659   7.212961    0.006770    0.429712    0.021943    0.000000    0.500000    16.264847   14.895289   21.000000   0.021921    0.570410    0.993261    0.992478    0.006770    3.337104    3.847600    7.191473    0.021486    0.000002    1.000000    0.250000    7.801477    0.997357    1.000000    81.171830   45.326645   7.801477    0.095923    0.997357    0.328528    0.370450    0.000000    1.000000    4.174360    0.009014    0.106317    0.000000    0.000050    0.000500    0.000005    0.000500    0.000500    0.000005    0.000050    0.000050    0.000050    0.429030    12.733763  
[37m[36mINFO[0m[0m 07/17 18:55:46 | 0.816351    0.838631    0.000000    0.972438    0.089777    0.816351    0.838631    0.972222    0.982036    0.963057    2800        67.065868   7.222065    0.009921    0.435950    0.020028    0.000000    0.500000    15.852438   14.918644   21.000000   0.020018    0.564172    0.993351    0.992563    0.009921    3.339666    3.850679    7.200266    0.021797    0.000002    1.000000    0.250000    7.636867    0.997378    1.000000    79.865183   45.327697   7.636867    0.095308    0.997378    0.326989    0.369041    0.000000    1.000000    3.992156    0.009179    0.112945    0.000000    0.000050    0.000500    0.000005    0.000500    0.000500    0.000005    0.000050    0.000050    0.000050    0.427183    12.812386  
[37m[36mINFO[0m[0m 07/17 18:56:43 | 0.857230    0.853301    0.000000    0.978718    0.108859    0.857230    0.853301    0.982906    0.994012    0.959236    2900        69.461078   7.206077    0.002840    0.447210    0.019541    0.000000    0.500000    15.377351   14.420608   21.000000   0.019536    0.552906    0.994110    0.993358    0.002840    3.329482    3.851393    7.183715    0.022361    0.000002    1.000000    0.250000    6.574662    0.997568    1.000000    72.963981   45.328345   6.574662    0.089864    0.997568    0.313947    0.357288    0.000000    1.000000    1.859885    0.007601    0.038539    0.000000    0.000050    0.000500    0.000005    0.000500    0.000500    0.000005    0.000050    0.000050    0.000050    0.428589    12.540181  
[37m[36mINFO[0m[0m 07/17 18:57:39 | 0.849908    0.860636    0.000000    0.976712    0.139647    0.849908    0.860636    0.985043    0.982036    0.963057    3000        71.856287   7.207956    0.004912    0.435904    0.018913    0.000000    0.500000    15.906046   14.322764   21.000000   0.018906    0.564207    0.993644    0.992833    0.004912    3.336256    3.844991    7.186158    0.021795    0.000002    1.000000    0.250000    7.121765    0.997441    1.000000    76.635021   45.334608   7.121765    0.092744    0.997441    0.328579    0.368861    0.000000    1.000000    3.336317    0.008140    0.067469    0.000000    0.000050    0.000500    0.000005    0.000500    0.000500    0.000005    0.000050    0.000050    0.000050    0.428102    10.861169  
[37m[36mINFO[0m[0m 07/17 18:58:35 | 0.835265    0.848411    0.000000    0.964811    0.177922    0.835265    0.848411    0.982906    0.979042    0.932484    3100        74.251497   7.199919    0.009101    0.431955    0.017362    0.000000    0.500000    16.151057   14.398168   21.000000   0.017343    0.568157    0.993333    0.992500    0.009101    3.338825    3.830393    7.178319    0.021598    0.000002    1.000000    0.250000    7.681452    0.997288    1.000000    79.582026   45.336854   7.681452    0.096348    0.997288    0.336347    0.375778    0.000000    1.000000    4.250137    0.009187    0.109180    0.000000    0.000050    0.000500    0.000005    0.000500    0.000500    0.000005    0.000050    0.000050    0.000050    0.428439    11.453573  
[37m[36mINFO[0m[0m 07/17 18:59:32 | 0.824283    0.855746    0.000000    0.966762    0.167161    0.824283    0.855746    0.978632    0.970060    0.951592    3200        76.646707   7.216262    0.010524    0.431411    0.015869    0.000000    0.500000    16.198097   13.856575   21.000000   0.015858    0.568717    0.991658    0.990685    0.010524    3.349374    3.834791    7.194690    0.021571    0.000002    1.000000    0.250000    7.115624    0.997347    1.000000    75.513843   45.332514   7.115624    0.093930    0.997347    0.323601    0.368064    0.000000    1.000000    5.822917    0.010094    0.144758    0.000000    0.000050    0.000500    0.000005    0.000500    0.000500    0.000005    0.000050    0.000050    0.000050    0.427913    11.536097  
[37m[36mINFO[0m[0m 07/17 19:00:28 | 0.837096    0.843521    0.000000    0.968746    0.149841    0.837096    0.843521    0.976496    0.973054    0.956688    3300        79.041916   7.251427    0.020684    0.451567    0.015462    0.000000    0.500000    15.349212   12.676831   21.000000   0.015460    0.548572    0.990915    0.989921    0.020684    3.365165    3.842998    7.228847    0.022578    0.000002    1.000000    0.250000    5.958764    0.997528    1.000000    67.699943   45.331030   5.958764    0.087362    0.997528    0.306589    0.353263    0.000000    1.000000    8.328221    0.012277    0.247505    0.000000    0.000050    0.000500    0.000005    0.000500    0.000500    0.000005    0.000050    0.000050    0.000050    0.427108    11.545614  
[37m[36mINFO[0m[0m 07/17 19:01:24 | 0.859060    0.863081    0.000000    0.969162    0.115285    0.859060    0.863081    0.982906    0.964072    0.960510    3400        81.437126   7.250130    0.024876    0.467634    0.014968    0.000000    0.500000    14.689483   12.204148   21.000000   0.014968    0.532504    0.991406    0.990456    0.024876    3.362051    3.839820    7.226747    0.023382    0.000001    1.000000    0.250000    5.340756    0.997657    1.000000    62.985693   45.327549   5.340756    0.084132    0.997657    0.284901    0.337750    0.000000    1.000000    6.876397    0.012025    0.250412    0.000000    0.000050    0.000500    0.000005    0.000500    0.000500    0.000005    0.000050    0.000050    0.000050    0.426030    11.602137  
[37m[36mINFO[0m[0m 07/17 19:02:20 | 0.835265    0.843521    0.000000    0.961750    0.197699    0.835265    0.843521    0.978632    0.946108    0.960510    3500        83.832335   7.204583    0.006164    0.450635    0.015766    0.000000    0.500000    15.479754   12.051619   21.000000   0.015767    0.549487    0.993135    0.992300    0.006164    3.339086    3.836801    7.182050    0.022532    0.000002    1.000000    0.250000    6.518854    0.997494    1.000000    71.537492   45.335404   6.518854    0.090851    0.997494    0.309567    0.361517    0.000000    1.000000    3.257121    0.008277    0.068070    0.000000    0.000050    0.000500    0.000005    0.000500    0.000500    0.000005    0.000050    0.000050    0.000050    0.428293    11.520801  
[37m[36mINFO[0m[0m 07/17 19:03:16 | 0.848688    0.831296    0.000000    0.960911    0.167879    0.848688    0.831296    0.952991    0.973054    0.956688    3600        86.227545   7.214630    0.011338    0.430984    0.014432    0.000000    0.500000    16.008223   12.808378   21.000000   0.014417    0.569142    0.992283    0.991367    0.011338    3.348365    3.833377    7.193079    0.021549    0.000001    1.000000    0.250000    7.185914    0.997307    1.000000    75.421810   45.335331   7.185914    0.094791    0.997307    0.320625    0.371180    0.000000    1.000000    5.594697    0.009984    0.118113    0.000000    0.000050    0.000500    0.000005    0.000500    0.000500    0.000005    0.000050    0.000050    0.000050    0.426713    11.852316  
[37m[36mINFO[0m[0m 07/17 19:04:12 | 0.824283    0.831296    0.000000    0.971302    0.128422    0.824283    0.831296    0.970085    0.982036    0.961783    3700        88.622754   7.180776    0.004851    0.452845    0.013475    0.000000    0.500000    15.063102   12.510581   21.000000   0.013466    0.547272    0.993594    0.992799    0.004851    3.335497    3.817785    7.158133    0.022642    0.000001    1.000000    0.250000    6.351622    0.997481    1.000000    71.142093   45.334902   6.351622    0.089100    0.997481    0.316806    0.368626    0.000000    1.000000    3.109580    0.008286    0.066264    0.000000    0.000050    0.000500    0.000005    0.000500    0.000500    0.000005    0.000050    0.000050    0.000050    0.426290    11.674893  
[37m[36mINFO[0m[0m 07/17 19:05:09 | 0.809640    0.814181    0.000000    0.968038    0.179123    0.809640    0.814181    0.959402    0.988024    0.956688    3800        91.017964   7.181814    0.006990    0.437246    0.012507    0.000000    0.500000    15.836760   12.723920   21.000000   0.012498    0.562867    0.993740    0.992951    0.006990    3.334626    3.818335    7.159951    0.021862    0.000001    1.000000    0.250000    7.330094    0.997282    1.000000    76.743909   45.340461   7.330094    0.095205    0.997282    0.329769    0.379268    0.000000    1.000000    3.971139    0.008691    0.089639    0.000000    0.000050    0.000500    0.000005    0.000500    0.000500    0.000005    0.000050    0.000050    0.000050    0.427775    11.976096  
[37m[36mINFO[0m[0m 07/17 19:06:05 | 0.802318    0.821516    0.000000    0.966046    0.147828    0.802318    0.821516    0.967949    0.976048    0.954140    3900        93.413174   7.189454    0.010419    0.434664    0.011455    0.000000    0.500000    15.949555   12.865869   21.000000   0.011448    0.565459    0.992394    0.991448    0.010419    3.340256    3.817045    7.167720    0.021733    0.000001    1.000000    0.250000    7.085539    0.997265    1.000000    74.165225   45.341845   7.085539    0.095243    0.997265    0.323291    0.374169    0.000000    1.000000    4.977521    0.009215    0.108362    0.000000    0.000050    0.000500    0.000005    0.000500    0.000500    0.000005    0.000050    0.000050    0.000050    0.428481    10.722772  
[37m[36mINFO[0m[0m 07/17 19:07:00 | 0.794387    0.823961    0.000000    0.963903    0.144850    0.794387    0.823961    0.972222    0.964072    0.955414    4000        95.808383   7.217897    0.016560    0.441442    0.010937    0.000000    0.500000    15.409684   12.700506   21.000000   0.010931    0.558692    0.991019    0.989971    0.016560    3.356301    3.822963    7.195824    0.022072    0.000001    1.000000    0.250000    6.197292    0.997379    1.000000    67.654531   45.330957   6.197292    0.091238    0.997379    0.302904    0.359370    0.000000    1.000000    6.419015    0.010575    0.151868    0.000000    0.000050    0.000500    0.000005    0.000500    0.000500    0.000005    0.000050    0.000050    0.000050    0.426771    11.000050  
[37m[36mINFO[0m[0m 07/17 19:07:57 | 0.845027    0.860636    0.000000    0.969010    0.129512    0.845027    0.860636    0.974359    0.967066    0.965605    4100        98.203593   7.178862    0.006818    0.430392    0.010948    0.000000    0.500000    15.837779   12.671707   21.000000   0.010953    0.569728    0.992958    0.992078    0.006818    3.337007    3.813516    7.157341    0.021520    0.000001    1.000000    0.250000    6.556737    0.997378    1.000000    71.390478   45.337473   6.556737    0.091710    0.997378    0.318278    0.372599    0.000000    1.000000    3.922050    0.008309    0.073033    0.000000    0.000050    0.000500    0.000005    0.000500    0.000500    0.000005    0.000050    0.000050    0.000050    0.428960    11.436310  
[37m[36mINFO[0m[0m 07/17 19:08:53 | 0.848078    0.850856    0.000000    0.967343    0.145328    0.848078    0.850856    0.972222    0.982036    0.947771    4200        100.598802  7.189272    0.008318    0.439224    0.011323    0.000000    0.500000    15.388159   12.932064   21.000000   0.011325    0.560892    0.992671    0.991783    0.008318    3.343907    3.815084    7.167309    0.021961    0.000001    1.000000    0.250000    6.260975    0.997397    1.000000    68.726141   45.337571   6.260975    0.090914    0.997397    0.310025    0.366185    0.000000    1.000000    4.104788    0.008555    0.075201    0.000000    0.000050    0.000500    0.000005    0.000500    0.000500    0.000005    0.000050    0.000050    0.000050    0.428740    11.506076  
[37m[36mINFO[0m[0m 07/17 19:09:49 | 0.807810    0.833741    0.000000    0.966779    0.133919    0.807810    0.833741    0.970085    0.985030    0.945223    4300        102.994012  7.179273    0.009957    0.436289    0.011310    0.000000    0.500000    15.728766   12.527208   21.000000   0.011311    0.563829    0.992655    0.991722    0.009957    3.337982    3.809519    7.157458    0.021814    0.000001    1.000000    0.250000    6.706161    0.997276    1.000000    71.530545   45.341398   6.706161    0.093551    0.997276    0.320276    0.375062    0.000000    1.000000    4.302499    0.008958    0.114917    0.000000    0.000050    0.000500    0.000005    0.000500    0.000500    0.000005    0.000050    0.000050    0.000050    0.427848    11.251108  
[37m[36mINFO[0m[0m 07/17 19:10:45 | 0.814521    0.821516    0.000000    0.967906    0.153360    0.814521    0.821516    0.974359    0.979042    0.950318    4400        105.389222  7.170039    0.004957    0.426336    0.011329    0.000000    0.500000    16.601806   12.758442   21.000000   0.011326    0.573776    0.993904    0.993046    0.004957    3.332956    3.810809    7.148722    0.021317    0.000001    1.000000    0.250000    7.745895    0.997129    1.000000    78.556127   45.345274   7.745895    0.098380    0.997129    0.336666    0.388586    0.000000    1.000000    3.173398    0.008295    0.084189    0.000000    0.000050    0.000500    0.000005    0.000500    0.000500    0.000005    0.000050    0.000050    0.000050    0.426450    11.516844  
[37m[36mINFO[0m[0m 07/17 19:11:41 | 0.809030    0.831296    0.000000    0.967464    0.148215    0.809030    0.831296    0.959402    0.985030    0.957962    4500        107.784431  7.163927    0.003350    0.427118    0.011172    0.000000    0.500000    16.209301   13.775112   21.000000   0.011171    0.572993    0.993974    0.993126    0.003350    3.332544    3.806676    7.142570    0.021356    0.000001    1.000000    0.250000    7.882841    0.997105    1.000000    79.109130   45.350236   7.882841    0.099471    0.997105    0.339773    0.390408    0.000000    1.000000    2.198387    0.007549    0.045799    0.000000    0.000050    0.000500    0.000005    0.000500    0.000500    0.000005    0.000050    0.000050    0.000050    0.429377    11.644799  
[37m[36mINFO[0m[0m 07/17 19:12:38 | 0.809640    0.841076    0.000000    0.969732    0.146629    0.809640    0.841076    0.974359    0.973054    0.961783    4600        110.179641  7.162299    0.004561    0.426513    0.010796    0.000000    0.500000    16.373884   13.540913   21.000000   0.010794    0.573597    0.993251    0.992325    0.004561    3.334652    3.801760    7.140972    0.021326    0.000001    1.000000    0.250000    7.263684    0.997185    1.000000    75.115218   45.350909   7.263684    0.096528    0.997185    0.334320    0.385251    0.000000    1.000000    2.938385    0.007905    0.047055    0.000000    0.000050    0.000500    0.000005    0.000500    0.000500    0.000005    0.000050    0.000050    0.000050    0.428585    11.715618  
[37m[36mINFO[0m[0m 07/17 19:13:34 | 0.792556    0.799511    0.000000    0.949012    0.229062    0.792556    0.799511    0.955128    0.967066    0.924841    4700        112.574850  7.178173    0.011057    0.435083    0.010380    0.000000    0.500000    16.025588   13.269884   21.000000   0.010370    0.565042    0.991688    0.990654    0.011057    3.341465    3.803895    7.156417    0.021754    0.000001    1.000000    0.250000    6.803848    0.997243    1.000000    71.907590   45.347118   6.803848    0.094267    0.997243    0.325135    0.379331    0.000000    1.000000    5.443158    0.009311    0.109069    0.000000    0.000050    0.000500    0.000005    0.000500    0.000500    0.000005    0.000050    0.000050    0.000050    0.428809    11.679273  
[37m[36mINFO[0m[0m 07/17 19:14:31 | 0.846858    0.870416    0.000000    0.972865    0.127014    0.846858    0.870416    0.976496    0.979042    0.963057    4800        114.970060  7.188368    0.011316    0.440566    0.009755    0.000000    0.500000    15.898265   12.808852   21.000000   0.009750    0.559559    0.991536    0.990504    0.011316    3.347578    3.807444    7.166339    0.022028    0.000001    1.000000    0.250000    6.930520    0.997171    1.000000    72.147089   45.345435   6.930520    0.095524    0.997171    0.319741    0.377107    0.000000    1.000000    5.643556    0.010002    0.130781    0.000000    0.000050    0.000500    0.000005    0.000500    0.000500    0.000005    0.000050    0.000050    0.000050    0.428639    11.858108  
[37m[36mINFO[0m[0m 07/17 19:15:27 | 0.834045    0.848411    0.000000    0.972575    0.133044    0.834045    0.848411    0.970085    0.982036    0.965605    4900        117.365269  7.155009    0.006247    0.441826    0.009043    0.000000    0.500000    15.720023   13.716218   21.000000   0.009037    0.558294    0.993263    0.992361    0.006247    3.337249    3.789421    7.132917    0.022091    0.000001    1.000000    0.250000    7.328427    0.997172    1.000000    75.160912   45.351093   7.328427    0.097055    0.997172    0.327235    0.384533    0.000000    1.000000    3.512696    0.008579    0.074993    0.000000    0.000050    0.000500    0.000005    0.000500    0.000500    0.000005    0.000050    0.000050    0.000050    0.427072    12.276745  
[37m[36mINFO[0m[0m 07/17 19:16:24 | 0.831605    0.841076    0.000000    0.970454    0.152760    0.831605    0.841076    0.974359    0.979042    0.957962    5000        119.760479  7.152293    0.004664    0.451754    0.009095    0.000000    0.500000    15.092702   13.533123   21.000000   0.009099    0.548361    0.993963    0.993116    0.004664    3.329769    3.795271    7.129705    0.022588    0.000001    1.000000    0.250000    6.460510    0.997336    1.000000    70.249395   45.352521   6.460510    0.091770    0.997336    0.324950    0.380679    0.000000    1.000000    2.761818    0.008122    0.072117    0.000000    0.000050    0.000500    0.000005    0.000500    0.000500    0.000005    0.000050    0.000050    0.000050    0.427383    12.271731  
[37m[36mINFO[0m[0m 07/17 19:16:25 | ---
[37m[33mWARNING[0m[0m 07/17 19:16:25 | Evaluate SWAD ...
[37m[36mINFO[0m[0m 07/17 19:16:37 | 0.899329    0.894866    0.000000    0.983952    0.124631    0.899329    0.894866    0.985043    0.991018    0.975796    [201-5000]  (N=49)
[37m[36mINFO[0m[0m 07/17 19:16:37 | oracle = 88.041%
[37m[36mINFO[0m[0m 07/17 19:16:37 | iid = 85.723%
[37m[36mINFO[0m[0m 07/17 19:16:37 | last = 83.160%
[37m[36mINFO[0m[0m 07/17 19:16:37 | last (inD) = 97.045%
[37m[36mINFO[0m[0m 07/17 19:16:37 | iid (inD) = 97.872%
[37m[36mINFO[0m[0m 07/17 19:16:37 | SWAD = 89.933%
[37m[36mINFO[0m[0m 07/17 19:16:37 | SWAD (inD) = 98.395%
[37m[36mINFO[0m[0m 07/17 19:16:37 | 
[37m[36mINFO[0m[0m 07/17 19:16:42 | Testenv name escaping te_cartoon -> te_cartoon
[37m[36mINFO[0m[0m 07/17 19:16:42 | Test envs = [1], name = te_cartoon
[37m[36mINFO[0m[0m 07/17 19:16:42 | Batch sizes for each domain: [32, 0, 32, 32] (total=96)
[37m[36mINFO[0m[0m 07/17 19:16:42 | steps-per-epoch for each domain: 51.22, 41.75, 98.25 -> min = 41.75
[37m[36mINFO[0m[0m 07/17 19:16:44 | # of params = 53365703
[37m[36mINFO[0m[0m 07/17 19:16:57 | test_in     test_out    train_in    train_out   tr_outloss  env0_out    env1_in     env1_out    env2_out    env3_out    step        epoch       loss        loss_cls    loss_isr    loss_orth   loss_gt     piccl_alph  paired_res  domain_res  valid_doma  basis_orth  response_c  raw_interv  mediator_i  ce_loss     sup_cl_los  pre_cl_los  dccl_total  weighted_l  weighted_l  piccl_feat  residual_s  residual_d  fused_orig  piccl_exec  original_f  piccl_feat  feature_de  feature_de  original_f  gate_mean   gate_std    gate_min    gate_max    backbone_g  piccl_grad  classifier  has_nan_or  param_grou  param_grou  param_grou  param_grou  param_grou  param_grou  param_grou  param_grou  param_grou  step_time   eval_time  
[37m[36mINFO[0m[0m 07/17 19:16:57 | 0.203625    0.190171    0.000000    0.302488    1.855003    0.293399    0.203625    0.190171    0.419162    0.194904    0           0.000000    12.301852   1.996451    0.000000    0.149580    0.000000    0.000000    0.000000    0.000000    20.000000   0.137917    0.000000    0.913917    0.913917    1.996451    5.277705    5.027680    12.301837   0.000000    0.000015    0.000000    0.250000    0.000000    1.000000    1.000000    25.206272   45.253387   0.000000    0.000000    1.000000    0.075858    0.000000    0.075858    0.075858    14.754700   0.000171    3.896585    0.000000    0.000050    0.000500    0.000005    0.000500    0.000500    0.000005    0.000050    0.000050    0.000050    0.414604    12.491324  
[37m[36mINFO[0m[0m 07/17 19:17:53 | 0.775053    0.801282    0.000000    0.948262    0.161743    0.931540    0.775053    0.801282    0.982036    0.931210    100         2.395210    8.734820    0.282158    0.977122    0.089390    0.000000    0.000000    16.637676   5.351454    20.970000   0.088683    0.023375    0.971979    0.971383    0.282158    3.818703    4.585094    8.685955    0.048856    0.000009    1.000000    0.250000    1.816867    0.999798    1.000000    72.092974   45.263107   1.816867    0.024840    0.999798    0.100974    0.071625    0.010339    0.760967    17.001976   0.042509    2.837372    0.000000    0.000050    0.000500    0.000005    0.000500    0.000500    0.000005    0.000050    0.000050    0.000050    0.426410    11.352686  
[37m[36mINFO[0m[0m 07/17 19:18:49 | 0.754264    0.758547    0.000000    0.963652    0.115853    0.955990    0.754264    0.758547    0.991018    0.943949    200         4.790419    7.971379    0.092880    0.893996    0.073331    0.000000    0.000000    16.561851   9.120029    21.000000   0.073647    0.107096    0.981302    0.980835    0.092880    3.518621    4.315171    7.926672    0.044700    0.000007    1.000000    0.250000    3.777648    0.999265    1.000000    77.375636   45.267048   3.777648    0.048440    0.999265    0.157222    0.177707    0.000699    0.997466    14.222656   0.026267    1.332081    0.000000    0.000050    0.000500    0.000005    0.000500    0.000500    0.000005    0.000050    0.000050    0.000050    0.427085    11.358644  
[37m[36mINFO[0m[0m 07/17 19:19:45 | 0.797974    0.818376    0.000000    0.951762    0.179462    0.924205    0.797974    0.818376    0.982036    0.949045    300         7.185629    7.808330    0.070390    0.788576    0.160971    0.000000    0.000000    16.600412   10.548242   21.000000   0.162323    0.212421    0.983398    0.982887    0.070390    3.475988    4.222508    7.768886    0.039429    0.000016    1.000000    0.250000    4.819377    0.998866    1.000000    78.414370   45.271741   4.819377    0.060951    0.998866    0.201309    0.232452    0.000222    0.999878    12.635382   0.023397    0.981352    0.000000    0.000050    0.000500    0.000005    0.000500    0.000500    0.000005    0.000050    0.000050    0.000050    0.426802    11.401552  
[37m[36mINFO[0m[0m 07/17 19:20:41 | 0.710021    0.724359    0.000000    0.958121    0.121425    0.946210    0.710021    0.724359    0.988024    0.940127    400         9.580838    7.712002    0.067629    0.702137    0.304825    0.000000    0.000000    16.552737   11.840589   21.000000   0.306184    0.298693    0.984793    0.984262    0.067629    3.451174    4.158062    7.676865    0.035107    0.000030    1.000000    0.250000    5.556836    0.998580    1.000000    79.507104   45.276268   5.556836    0.069601    0.998580    0.230153    0.264964    0.000075    0.999988    13.754857   0.023350    0.927096    0.000000    0.000050    0.000500    0.000005    0.000500    0.000500    0.000005    0.000050    0.000050    0.000050    0.426878    11.536469  
[37m[36mINFO[0m[0m 07/17 19:21:37 | 0.794776    0.807692    0.000000    0.967325    0.117532    0.955990    0.794776    0.807692    0.988024    0.957962    500         11.976048   7.541208    0.033384    0.628045    0.422094    0.000000    0.000000    16.899428   12.225194   21.000000   0.423064    0.372589    0.987649    0.987193    0.033384    3.396886    4.079494    7.509763    0.031402    0.000042    1.000000    0.250000    6.840008    0.998253    1.000000    85.693878   45.281910   6.840008    0.079328    0.998253    0.258904    0.294502    0.000009    1.000000    9.382418    0.017510    0.536102    0.000000    0.000050    0.000500    0.000005    0.000500    0.000500    0.000005    0.000050    0.000050    0.000050    0.424735    11.407152  
[37m[36mINFO[0m[0m 07/17 19:22:33 | 0.807569    0.809829    0.000000    0.957330    0.160044    0.951100    0.807569    0.809829    0.982036    0.938854    600         14.371257   7.495023    0.027327    0.579782    0.486428    0.000000    0.025250    16.899266   13.103207   21.000000   0.486725    0.420618    0.987785    0.987300    0.027327    3.389774    4.048884    7.465985    0.028989    0.000049    1.000000    0.250000    6.793676    0.998175    1.000000    83.603171   45.287020   6.793676    0.080940    0.998175    0.271784    0.303522    0.000009    1.000000    9.546251    0.015909    0.435110    0.000000    0.000050    0.000500    0.000005    0.000500    0.000500    0.000005    0.000050    0.000050    0.000050    0.425492    11.705281  
[37m[36mINFO[0m[0m 07/17 19:23:29 | 0.772388    0.788462    0.000000    0.945417    0.193653    0.931540    0.772388    0.788462    0.976048    0.928662    700         16.766467   7.520397    0.043821    0.552231    0.493891    0.000000    0.075250    17.044214   13.241086   21.000000   0.493766    0.448046    0.986502    0.985880    0.043821    3.416219    4.032697    7.492736    0.027612    0.000049    1.000000    0.250000    6.659188    0.998135    1.000000    80.847785   45.289602   6.659188    0.081882    0.998135    0.270436    0.304980    0.000004    1.000000    12.873068   0.018535    0.591694    0.000000    0.000050    0.000500    0.000005    0.000500    0.000500    0.000005    0.000050    0.000050    0.000050    0.424943    11.881456  
[37m[36mINFO[0m[0m 07/17 19:24:26 | 0.850213    0.867521    0.000000    0.966683    0.125026    0.960880    0.850213    0.867521    0.985030    0.954140    800         19.161677   7.406436    0.020164    0.535233    0.459358    0.000000    0.125250    17.128066   13.984217   21.000000   0.458821    0.464989    0.989904    0.989427    0.020164    3.366639    3.992826    7.379629    0.026762    0.000046    1.000000    0.250000    7.429135    0.997959    1.000000    85.510995   45.294570   7.429135    0.086202    0.997959    0.288416    0.320826    0.000003    1.000000    6.860652    0.012838    0.308064    0.000000    0.000050    0.000500    0.000005    0.000500    0.000500    0.000005    0.000050    0.000050    0.000050    0.426461    12.202824  
[37m[36mINFO[0m[0m 07/17 19:25:23 | 0.833156    0.852564    0.000000    0.954131    0.168925    0.953545    0.833156    0.852564    0.961078    0.947771    900         21.556886   7.386264    0.023245    0.522988    0.397627    0.000000    0.175250    17.084779   14.360200   21.000000   0.396951    0.477215    0.989308    0.988739    0.023245    3.370984    3.965846    7.360075    0.026149    0.000040    1.000000    0.250000    7.320751    0.997908    1.000000    83.985638   45.298334   7.320751    0.086951    0.997908    0.294171    0.326345    0.000002    1.000000    9.206310    0.013302    0.341420    0.000000    0.000050    0.000500    0.000005    0.000500    0.000500    0.000005    0.000050    0.000050    0.000050    0.426542    12.494315  
[37m[36mINFO[0m[0m 07/17 19:26:19 | 0.740405    0.764957    0.000000    0.951329    0.217902    0.953545    0.740405    0.764957    0.973054    0.927389    1000        23.952096   7.388603    0.023716    0.529589    0.327661    0.000000    0.225250    16.858497   13.641234   21.000000   0.326970    0.470615    0.989577    0.988951    0.023716    3.376248    3.962127    7.362091    0.026479    0.000033    1.000000    0.250000    7.085162    0.997897    1.000000    81.867131   45.297669   7.085162    0.086220    0.997897    0.292085    0.326354    0.000001    1.000000    8.646095    0.013420    0.354592    0.000000    0.000050    0.000500    0.000005    0.000500    0.000500    0.000005    0.000050    0.000050    0.000050    0.425750    11.361747  
[37m[36mINFO[0m[0m 07/17 19:27:15 | 0.804904    0.831197    0.000000    0.965478    0.147754    0.955990    0.804904    0.831197    0.985030    0.955414    1100        26.347305   7.342429    0.014439    0.514156    0.263079    0.000000    0.275250    16.953263   13.663321   21.000000   0.262486    0.486038    0.990356    0.989735    0.014439    3.361827    3.940429    7.316695    0.025708    0.000026    1.000000    0.250000    7.631986    0.997764    1.000000    85.030912   45.302260   7.631986    0.089556    0.997764    0.305017    0.337817    0.000001    1.000000    7.590711    0.012143    0.250451    0.000000    0.000050    0.000500    0.000005    0.000500    0.000500    0.000005    0.000050    0.000050    0.000050    0.426647    11.278941  
[37m[36mINFO[0m[0m 07/17 19:28:11 | 0.810768    0.824786    0.000000    0.970895    0.116801    0.963325    0.810768    0.824786    0.985030    0.964331    1200        28.742515   7.334798    0.019887    0.506292    0.210915    0.000000    0.325250    16.842261   14.153293   21.000000   0.210455    0.493896    0.990265    0.989573    0.019887    3.361933    3.927643    7.309463    0.025315    0.000021    1.000000    0.250000    7.491300    0.997734    1.000000    83.259344   45.304952   7.491300    0.089624    0.997734    0.305425    0.338708    0.000001    1.000000    8.464985    0.012736    0.292244    0.000000    0.000050    0.000500    0.000005    0.000500    0.000500    0.000005    0.000050    0.000050    0.000050    0.426637    11.601484  
[37m[36mINFO[0m[0m 07/17 19:29:07 | 0.810768    0.820513    0.000000    0.965937    0.162152    0.953545    0.810768    0.820513    0.985030    0.959236    1300        31.137725   7.299001    0.011872    0.501638    0.170130    0.000000    0.375250    16.608724   13.800835   21.000000   0.169773    0.498537    0.991140    0.990440    0.011872    3.350763    3.911267    7.273902    0.025082    0.000017    1.000000    0.250000    7.152580    0.997764    1.000000    80.876701   45.306576   7.152580    0.088173    0.997764    0.305245    0.338446    0.000001    1.000000    6.601557    0.010816    0.201374    0.000000    0.000050    0.000500    0.000005    0.000500    0.000500    0.000005    0.000050    0.000050    0.000050    0.425295    11.687650  
[37m[36mINFO[0m[0m 07/17 19:30:03 | 0.824627    0.826923    0.000000    0.968199    0.122374    0.963325    0.824627    0.826923    0.982036    0.959236    1400        33.532934   7.368105    0.036346    0.497997    0.137012    0.000000    0.425250    16.255044   13.730769   21.000000   0.136730    0.502182    0.989064    0.988131    0.036346    3.388115    3.918729    7.343191    0.024900    0.000014    1.000000    0.250000    6.381281    0.997796    1.000000    74.389487   45.303130   6.381281    0.084923    0.997796    0.292152    0.327813    0.000002    1.000000    11.294967   0.014891    0.383606    0.000000    0.000050    0.000500    0.000005    0.000500    0.000500    0.000005    0.000050    0.000050    0.000050    0.426228    11.629806  
[37m[36mINFO[0m[0m 07/17 19:31:00 | 0.805437    0.831197    0.000000    0.955402    0.195978    0.946210    0.805437    0.831197    0.976048    0.943949    1500        35.928144   7.299378    0.015245    0.490298    0.116681    0.000000    0.475250    16.205332   12.946411   21.000000   0.116538    0.509880    0.990692    0.989853    0.015245    3.360607    3.898998    7.274851    0.024515    0.000012    1.000000    0.250000    6.568350    0.997754    1.000000    76.382234   45.303552   6.568350    0.085683    0.997754    0.296865    0.335462    0.000001    1.000000    7.812288    0.011517    0.214482    0.000000    0.000050    0.000500    0.000005    0.000500    0.000500    0.000005    0.000050    0.000050    0.000050    0.426998    11.839017  
[37m[36mINFO[0m[0m 07/17 19:31:56 | 0.768657    0.784188    0.000000    0.960190    0.154262    0.968215    0.768657    0.784188    0.976048    0.936306    1600        38.323353   7.282639    0.018423    0.477525    0.102543    0.000000    0.500000    16.738228   13.069893   21.000000   0.102397    0.522639    0.991165    0.990307    0.018423    3.362027    3.878303    7.258753    0.023876    0.000010    1.000000    0.250000    7.276484    0.997568    1.000000    80.340921   45.303236   7.276484    0.090360    0.997568    0.304876    0.345215    0.000000    1.000000    7.673589    0.011854    0.248205    0.000000    0.000050    0.000500    0.000005    0.000500    0.000500    0.000005    0.000050    0.000050    0.000050    0.425649    12.034099  
[37m[36mINFO[0m[0m 07/17 19:32:54 | 0.796375    0.826923    0.000000    0.963023    0.187575    0.958435    0.796375    0.826923    0.979042    0.951592    1700        40.718563   7.255970    0.010692    0.461322    0.089922    0.000000    0.500000    17.307426   14.072956   21.000000   0.089822    0.538837    0.991942    0.991123    0.010692    3.349502    3.872700    7.232895    0.023066    0.000009    1.000000    0.250000    8.434456    0.997344    1.000000    86.967541   45.307318   8.434456    0.096742    0.997344    0.320052    0.358199    0.000000    1.000000    6.765876    0.011257    0.202843    0.000000    0.000050    0.000500    0.000005    0.000500    0.000500    0.000005    0.000050    0.000050    0.000050    0.426907    13.083062  
[37m[36mINFO[0m[0m 07/17 19:33:51 | 0.801706    0.816239    0.000000    0.962267    0.166847    0.960880    0.801706    0.816239    0.973054    0.952866    1800        43.113772   7.261299    0.014113    0.463858    0.082798    0.000000    0.500000    16.899140   14.627935   21.000000   0.082760    0.536290    0.991420    0.990531    0.014113    3.353184    3.870801    7.238098    0.023193    0.000008    1.000000    0.250000    7.659480    0.997439    1.000000    81.547774   45.308263   7.659480    0.093599    0.997439    0.313327    0.352509    0.000000    1.000000    7.370463    0.010994    0.194567    0.000000    0.000050    0.000500    0.000005    0.000500    0.000500    0.000005    0.000050    0.000050    0.000050    0.425423    12.969419  
[37m[36mINFO[0m[0m 07/17 19:34:49 | 0.820896    0.844017    0.000000    0.958019    0.193649    0.941320    0.820896    0.844017    0.976048    0.956688    1900        45.508982   7.238400    0.014940    0.467224    0.082491    0.000000    0.500000    16.816142   13.925486   21.000000   0.082530    0.532933    0.991195    0.990323    0.014940    3.348227    3.851864    7.215030    0.023361    0.000008    1.000000    0.250000    7.575385    0.997434    1.000000    81.247116   45.307365   7.575385    0.092806    0.997434    0.312875    0.353065    0.000000    1.000000    7.292961    0.010868    0.181728    0.000000    0.000050    0.000500    0.000005    0.000500    0.000500    0.000005    0.000050    0.000050    0.000050    0.426951    12.521073  
[37m[36mINFO[0m[0m 07/17 19:35:46 | 0.784115    0.803419    0.000000    0.967474    0.128300    0.955990    0.784115    0.803419    0.991018    0.955414    2000        47.904192   7.220056    0.007156    0.461701    0.090776    0.000000    0.500000    16.771775   13.839576   21.000000   0.090877    0.538443    0.992672    0.991881    0.007156    3.339248    3.850558    7.196962    0.023085    0.000009    1.000000    0.250000    7.545166    0.997463    1.000000    81.006172   45.310946   7.545166    0.092835    0.997463    0.312896    0.354937    0.000000    1.000000    4.401969    0.009261    0.112586    0.000000    0.000050    0.000500    0.000005    0.000500    0.000500    0.000005    0.000050    0.000050    0.000050    0.427468    12.612579  
[37m[36mINFO[0m[0m 07/17 19:36:42 | 0.824094    0.822650    0.000000    0.965571    0.138556    0.958435    0.824094    0.822650    0.979042    0.959236    2100        50.299401   7.290057    0.026782    0.469743    0.097764    0.000000    0.500000    16.505522   13.621448   21.000000   0.097826    0.530404    0.989836    0.988838    0.026782    3.377167    3.862610    7.266560    0.023487    0.000010    1.000000    0.250000    6.670980    0.997596    1.000000    74.397007   45.307827   6.670980    0.088823    0.997596    0.296571    0.341266    0.000000    1.000000    10.490251   0.013255    0.280079    0.000000    0.000050    0.000500    0.000005    0.000500    0.000500    0.000005    0.000050    0.000050    0.000050    0.423324    12.543556  
[37m[36mINFO[0m[0m 07/17 19:37:39 | 0.819829    0.846154    0.000000    0.951821    0.213511    0.929095    0.819829    0.846154    0.976048    0.950318    2200        52.694611   7.263247    0.026191    0.480201    0.113418    0.000000    0.500000    15.770020   11.959546   21.000000   0.113631    0.519963    0.990037    0.989084    0.026191    3.367317    3.845717    7.239225    0.024010    0.000011    1.000000    0.250000    5.241694    0.997907    1.000000    65.660466   45.298499   5.241694    0.079359    0.997907    0.271878    0.322406    0.000000    1.000000    9.702117    0.012667    0.293876    0.000000    0.000050    0.000500    0.000005    0.000500    0.000500    0.000005    0.000050    0.000050    0.000050    0.425198    12.513113  
[37m[36mINFO[0m[0m 07/17 19:38:36 | 0.802772    0.820513    0.000000    0.961715    0.179018    0.960880    0.802772    0.820513    0.979042    0.945223    2300        55.089820   7.193195    0.009370    0.466114    0.129908    0.000000    0.500000    16.200705   12.031869   21.000000   0.130050    0.534030    0.992426    0.991648    0.009370    3.336179    3.824328    7.169876    0.023306    0.000013    1.000000    0.250000    6.231752    0.997765    1.000000    73.587774   45.306740   6.231752    0.084527    0.997765    0.294156    0.344893    0.000000    1.000000    5.760550    0.009374    0.121536    0.000000    0.000050    0.000500    0.000005    0.000500    0.000500    0.000005    0.000050    0.000050    0.000050    0.428301    11.495176  
[37m[36mINFO[0m[0m 07/17 19:39:32 | 0.804904    0.820513    0.000000    0.964275    0.162429    0.958435    0.804904    0.820513    0.970060    0.964331    2400        57.485030   7.199464    0.008502    0.469889    0.142276    0.000000    0.500000    16.109247   12.088692   21.000000   0.142354    0.530243    0.992926    0.992166    0.008502    3.341864    3.825589    7.175956    0.023494    0.000014    1.000000    0.250000    6.760984    0.997610    1.000000    76.741168   45.309720   6.760984    0.087867    0.997610    0.306578    0.354746    0.000000    1.000000    5.364510    0.009553    0.128251    0.000000    0.000050    0.000500    0.000005    0.000500    0.000500    0.000005    0.000050    0.000050    0.000050    0.426169    11.517542  
[37m[36mINFO[0m[0m 07/17 19:40:28 | 0.809701    0.835470    0.000000    0.962508    0.183925    0.963325    0.809701    0.835470    0.970060    0.954140    2500        59.880240   7.182578    0.003137    0.468972    0.146240    0.000000    0.500000    16.123187   12.568209   21.000000   0.146277    0.531151    0.993362    0.992614    0.003137    3.331951    3.824027    7.159114    0.023449    0.000015    1.000000    0.250000    6.779823    0.997602    1.000000    76.742761   45.313485   6.779823    0.088211    0.997602    0.312411    0.358200    0.000000    1.000000    3.296856    0.008129    0.060774    0.000000    0.000050    0.000500    0.000005    0.000500    0.000500    0.000005    0.000050    0.000050    0.000050    0.425669    11.894832  
[37m[36mINFO[0m[0m 07/17 19:41:24 | 0.767058    0.782051    0.000000    0.955781    0.202816    0.938875    0.767058    0.782051    0.973054    0.955414    2600        62.275449   7.189377    0.008033    0.467109    0.150402    0.000000    0.500000    16.038964   13.195633   21.000000   0.150429    0.533009    0.992881    0.992079    0.008033    3.339330    3.818644    7.166006    0.023355    0.000015    1.000000    0.250000    6.337872    0.997650    1.000000    72.816630   45.314135   6.337872    0.086807    0.997650    0.304110    0.350449    0.000000    1.000000    4.784965    0.009068    0.091569    0.000000    0.000050    0.000500    0.000005    0.000500    0.000500    0.000005    0.000050    0.000050    0.000050    0.427604    11.920384  
[37m[36mINFO[0m[0m 07/17 19:42:21 | 0.810768    0.831197    0.000000    0.961945    0.149415    0.953545    0.810768    0.831197    0.973054    0.959236    2700        64.670659   7.223333    0.019206    0.465912    0.150468    0.000000    0.500000    16.173179   12.998734   21.000000   0.150446    0.534223    0.991004    0.990074    0.019206    3.355172    3.825645    7.200023    0.023296    0.000015    1.000000    0.250000    6.430990    0.997569    1.000000    72.900377   45.309080   6.430990    0.087827    0.997569    0.300878    0.349969    0.000000    1.000000    8.501866    0.011341    0.212904    0.000000    0.000050    0.000500    0.000005    0.000500    0.000500    0.000005    0.000050    0.000050    0.000050    0.425916    12.211738  
[37m[36mINFO[0m[0m 07/17 19:43:18 | 0.827292    0.837607    0.000000    0.964573    0.167390    0.958435    0.827292    0.837607    0.976048    0.959236    2800        67.065868   7.204896    0.014820    0.461717    0.147149    0.000000    0.500000    16.268095   12.829683   21.000000   0.147089    0.538421    0.991458    0.990572    0.014820    3.353903    3.813073    7.181795    0.023086    0.000015    1.000000    0.250000    6.093502    0.997702    1.000000    71.379960   45.307735   6.093502    0.085116    0.997702    0.293139    0.346100    0.000000    1.000000    7.191579    0.010455    0.177625    0.000000    0.000050    0.000500    0.000005    0.000500    0.000500    0.000005    0.000050    0.000050    0.000050    0.426781    12.225179  
[37m[36mINFO[0m[0m 07/17 19:44:15 | 0.756930    0.784188    0.000000    0.957699    0.188095    0.953545    0.756930    0.784188    0.973054    0.946497    2900        69.461078   7.174768    0.009528    0.464056    0.138082    0.000000    0.500000    16.152714   12.331506   21.000000   0.137978    0.536069    0.992762    0.991970    0.009528    3.337884    3.804140    7.151552    0.023203    0.000014    1.000000    0.250000    6.019977    0.997711    1.000000    71.052778   45.309090   6.019977    0.084305    0.997711    0.299175    0.349566    0.000000    1.000000    5.026854    0.009539    0.128539    0.000000    0.000050    0.000500    0.000005    0.000500    0.000500    0.000005    0.000050    0.000050    0.000050    0.426181    12.321172  
[37m[36mINFO[0m[0m 07/17 19:45:12 | 0.804904    0.814103    0.000000    0.962484    0.167618    0.955990    0.804904    0.814103    0.976048    0.955414    3000        71.856287   7.175822    0.012075    0.460228    0.129202    0.000000    0.500000    16.123724   12.312268   21.000000   0.129137    0.539899    0.992279    0.991411    0.012075    3.340244    3.800479    7.152798    0.023011    0.000013    1.000000    0.250000    6.089171    0.997673    1.000000    70.844559   45.310197   6.089171    0.085562    0.997673    0.299890    0.350863    0.000000    1.000000    5.371478    0.009689    0.140529    0.000000    0.000050    0.000500    0.000005    0.000500    0.000500    0.000005    0.000050    0.000050    0.000050    0.426940    12.438526  
[37m[36mINFO[0m[0m 07/17 19:46:08 | 0.797974    0.801282    0.000000    0.957826    0.203650    0.953545    0.797974    0.801282    0.967066    0.952866    3100        74.251497   7.157613    0.005735    0.449455    0.122345    0.000000    0.500000    16.856600   12.199823   21.000000   0.122246    0.550668    0.992752    0.991912    0.005735    3.333487    3.795906    7.135128    0.022473    0.000012    1.000000    0.250000    6.989863    0.997477    1.000000    77.335789   45.316373   6.989863    0.090205    0.997477    0.317543    0.367731    0.000000    1.000000    4.344310    0.008924    0.095529    0.000000    0.000050    0.000500    0.000005    0.000500    0.000500    0.000005    0.000050    0.000050    0.000050    0.426535    11.189664  
[37m[36mINFO[0m[0m 07/17 19:47:04 | 0.783049    0.805556    0.000000    0.950388    0.239008    0.938875    0.783049    0.805556    0.967066    0.945223    3200        76.646707   7.194275    0.012430    0.457207    0.111699    0.000000    0.500000    16.812391   12.009828   21.000000   0.111597    0.542931    0.990882    0.989917    0.012430    3.354422    3.804551    7.171403    0.022860    0.000011    1.000000    0.250000    6.621485    0.997481    1.000000    73.645305   45.313690   6.621485    0.089364    0.997481    0.304703    0.358151    0.000000    1.000000    7.798463    0.010622    0.133693    0.000000    0.000050    0.000500    0.000005    0.000500    0.000500    0.000005    0.000050    0.000050    0.000050    0.427253    11.355324  
[37m[36mINFO[0m[0m 07/17 19:48:00 | 0.723881    0.741453    0.000000    0.944856    0.239343    0.929095    0.723881    0.741453    0.964072    0.941401    3300        79.041916   7.215917    0.021142    0.455750    0.099682    0.000000    0.500000    16.673893   11.700112   21.000000   0.099559    0.544391    0.990449    0.989500    0.021142    3.365427    3.806550    7.193120    0.022788    0.000010    1.000000    0.250000    6.316949    0.997555    1.000000    71.481594   45.312767   6.316949    0.087851    0.997555    0.293321    0.351981    0.000000    1.000000    8.889800    0.011414    0.184732    0.000000    0.000050    0.000500    0.000005    0.000500    0.000500    0.000005    0.000050    0.000050    0.000050    0.426817    11.591722  
[37m[36mINFO[0m[0m 07/17 19:48:56 | 0.730277    0.739316    0.000000    0.923191    0.424922    0.926650    0.730277    0.739316    0.946108    0.896815    3400        81.437126   7.205464    0.020533    0.477962    0.091197    0.000000    0.500000    15.396654   11.560809   21.000000   0.091124    0.522179    0.990745    0.989824    0.020533    3.354496    3.806528    7.181557    0.023898    0.000009    1.000000    0.250000    4.903990    0.997882    1.000000    62.527527   45.300627   4.903990    0.078174    0.997882    0.271157    0.331910    0.000000    1.000000    8.203941    0.010655    0.187566    0.000000    0.000050    0.000500    0.000005    0.000500    0.000500    0.000005    0.000050    0.000050    0.000050    0.427824    11.464262  
[37m[36mINFO[0m[0m 07/17 19:49:51 | 0.791578    0.782051    0.000000    0.960854    0.186328    0.951100    0.791578    0.782051    0.976048    0.955414    3500        83.832335   7.151412    0.009497    0.463057    0.081908    0.000000    0.500000    15.888873   12.026844   21.000000   0.081802    0.537066    0.992607    0.991789    0.009497    3.337614    3.781140    7.128251    0.023153    0.000008    1.000000    0.250000    5.896859    0.997676    1.000000    69.289690   45.306322   5.896859    0.084976    0.997676    0.290664    0.351514    0.000000    1.000000    4.895288    0.008924    0.109854    0.000000    0.000050    0.000500    0.000005    0.000500    0.000500    0.000005    0.000050    0.000050    0.000050    0.426624    11.183578  
[37m[36mINFO[0m[0m 07/17 19:50:47 | 0.827292    0.841880    0.000000    0.952591    0.275658    0.943765    0.827292    0.841880    0.970060    0.943949    3600        86.227545   7.151279    0.004735    0.440294    0.071480    0.000000    0.500000    17.224730   12.500051   21.000000   0.071397    0.559823    0.993374    0.992591    0.004735    3.334605    3.789917    7.129257    0.022015    0.000007    1.000000    0.250000    7.112504    0.997451    1.000000    77.401827   45.312957   7.112504    0.091664    0.997451    0.310171    0.369301    0.000000    1.000000    3.839244    0.008288    0.064803    0.000000    0.000050    0.000500    0.000005    0.000500    0.000500    0.000005    0.000050    0.000050    0.000050    0.425227    11.628228  
[37m[36mINFO[0m[0m 07/17 19:50:48 | SWAD valley is dead -> early stop !
[37m[36mINFO[0m[0m 07/17 19:50:48 | ---
[37m[33mWARNING[0m[0m 07/17 19:50:48 | Evaluate SWAD ...
[37m[36mINFO[0m[0m 07/17 19:50:59 | 0.841151    0.850427    0.000000    0.976635    0.131606    0.977995    0.841151    0.850427    0.985030    0.966879    [101-3000]  (N=31)
[37m[36mINFO[0m[0m 07/17 19:50:59 | oracle = 85.021%
[37m[36mINFO[0m[0m 07/17 19:50:59 | iid = 81.077%
[37m[36mINFO[0m[0m 07/17 19:50:59 | last = 82.729%
[37m[36mINFO[0m[0m 07/17 19:50:59 | last (inD) = 95.259%
[37m[36mINFO[0m[0m 07/17 19:50:59 | iid (inD) = 97.090%
[37m[36mINFO[0m[0m 07/17 19:50:59 | SWAD = 84.115%
[37m[36mINFO[0m[0m 07/17 19:50:59 | SWAD (inD) = 97.663%
[37m[36mINFO[0m[0m 07/17 19:51:00 | 
[37m[36mINFO[0m[0m 07/17 19:51:04 | Testenv name escaping te_photo -> te_photo
[37m[36mINFO[0m[0m 07/17 19:51:04 | Test envs = [2], name = te_photo
[37m[36mINFO[0m[0m 07/17 19:51:04 | Batch sizes for each domain: [32, 32, 0, 32] (total=96)
[37m[36mINFO[0m[0m 07/17 19:51:04 | steps-per-epoch for each domain: 51.22, 58.62, 98.25 -> min = 51.22
[37m[36mINFO[0m[0m 07/17 19:51:07 | # of params = 53365703
[37m[36mINFO[0m[0m 07/17 19:51:19 | test_in     test_out    train_in    train_out   tr_outloss  env0_out    env1_out    env2_in     env2_out    env3_out    step        epoch       loss        loss_cls    loss_isr    loss_orth   loss_gt     piccl_alph  paired_res  domain_res  valid_doma  basis_orth  response_c  raw_interv  mediator_i  ce_loss     sup_cl_los  pre_cl_los  dccl_total  weighted_l  weighted_l  piccl_feat  residual_s  residual_d  fused_orig  piccl_exec  original_f  piccl_feat  feature_de  feature_de  original_f  gate_mean   gate_std    gate_min    gate_max    backbone_g  piccl_grad  classifier  has_nan_or  param_grou  param_grou  param_grou  param_grou  param_grou  param_grou  param_grou  param_grou  param_grou  step_time   eval_time  
[37m[36mINFO[0m[0m 07/17 19:51:19 | 0.130240    0.146707    0.000000    0.205613    2.003818    0.176039    0.138889    0.130240    0.146707    0.301911    0           0.000000    12.285067   1.921423    0.000000    0.117788    0.000000    0.000000    0.000000    0.000000    20.000000   0.107342    0.000000    0.910289    0.910289    1.921423    5.264270    5.099362    12.285055   0.000000    0.000012    0.000000    0.250000    0.000000    1.000000    1.000000    24.936985   45.253357   0.000000    0.000000    1.000000    0.075858    0.000000    0.075858    0.075858    10.976439   0.000153    3.107296    0.000000    0.000050    0.000500    0.000005    0.000500    0.000500    0.000005    0.000050    0.000050    0.000050    0.421349    11.793637  
[37m[36mINFO[0m[0m 07/17 19:52:15 | 0.964072    0.949102    0.000000    0.924575    0.205547    0.909535    0.944444    0.964072    0.949102    0.919745    100         1.952410    9.226537    0.420087    0.976832    0.073503    0.000000    0.000000    16.328597   4.210977    20.940000   0.073047    0.023672    0.965548    0.964707    0.420087    3.989651    4.767950    9.177688    0.048842    0.000007    1.000000    0.250000    1.322777    0.999844    1.000000    61.377145   45.262657   1.322777    0.021473    0.999844    0.094918    0.056377    0.011245    0.720752    17.429417   0.042534    3.518588    0.000000    0.000050    0.000500    0.000005    0.000500    0.000500    0.000005    0.000050    0.000050    0.000050    0.426347    11.670061  
[37m[36mINFO[0m[0m 07/17 19:53:12 | 0.969311    0.967066    0.000000    0.952312    0.147674    0.953545    0.965812    0.969311    0.967066    0.937580    200         3.904820    8.316737    0.142154    0.895047    0.075792    0.000000    0.000000    16.711010   7.248822    21.000000   0.076242    0.106019    0.975991    0.975308    0.142154    3.616336    4.513486    8.271977    0.044752    0.000008    1.000000    0.250000    2.869525    0.999422    1.000000    68.134879   45.267672   2.869525    0.041681    0.999422    0.140943    0.155377    0.000978    0.997075    16.330398   0.028220    1.679378    0.000000    0.000050    0.000500    0.000005    0.000500    0.000500    0.000005    0.000050    0.000050    0.000050    0.428074    12.266193  
[37m[36mINFO[0m[0m 07/17 19:54:09 | 0.970808    0.961078    0.000000    0.936889    0.197267    0.938875    0.938034    0.970808    0.961078    0.933758    300         5.857230    8.036607    0.080285    0.791108    0.163230    0.000000    0.000000    17.287725   9.080435    21.000000   0.164387    0.209883    0.980361    0.979704    0.080285    3.516140    4.400610    7.997035    0.039555    0.000016    1.000000    0.250000    4.525006    0.998898    1.000000    75.163132   45.275684   4.525006    0.060009    0.998898    0.196674    0.229293    0.000216    0.999984    14.332304   0.024431    1.025815    0.000000    0.000050    0.000500    0.000005    0.000500    0.000500    0.000005    0.000050    0.000050    0.000050    0.427912    11.998472  
[37m[36mINFO[0m[0m 07/17 19:55:05 | 0.977545    0.964072    0.000000    0.955641    0.131674    0.958435    0.965812    0.977545    0.964072    0.942675    400         7.809640    7.876238    0.058897    0.702743    0.274805    0.000000    0.000000    17.338510   10.396548   21.000000   0.275815    0.298114    0.982567    0.981890    0.058897    3.463239    4.318937    7.841073    0.035137    0.000027    1.000000    0.250000    5.548356    0.998525    1.000000    77.687873   45.282422   5.548356    0.071216    0.998525    0.233379    0.268387    0.000040    0.999999    12.216300   0.022519    0.927073    0.000000    0.000050    0.000500    0.000005    0.000500    0.000500    0.000005    0.000050    0.000050    0.000050    0.428030    10.553218  
[37m[36mINFO[0m[0m 07/17 19:56:00 | 0.974551    0.970060    0.000000    0.954730    0.156935    0.960880    0.952991    0.974551    0.970060    0.950318    500         9.762050    7.803327    0.047221    0.638825    0.356010    0.000000    0.000000    17.202736   11.097602   21.000000   0.356589    0.361814    0.982976    0.982235    0.047221    3.445528    4.278601    7.771350    0.031941    0.000036    1.000000    0.250000    5.759724    0.998348    1.000000    76.043932   45.290340   5.759724    0.075343    0.998348    0.253726    0.284804    0.000016    1.000000    12.925742   0.020070    0.662931    0.000000    0.000050    0.000500    0.000005    0.000500    0.000500    0.000005    0.000050    0.000050    0.000050    0.426715    10.524900  
[37m[36mINFO[0m[0m 07/17 19:56:55 | 0.969311    0.958084    0.000000    0.955456    0.160095    0.951100    0.963675    0.969311    0.958084    0.951592    600         11.714460   7.740580    0.040918    0.584669    0.394101    0.000000    0.025250    17.458183   10.931990   21.000000   0.394305    0.415775    0.983768    0.983009    0.040918    3.428114    4.242275    7.711308    0.029233    0.000039    1.000000    0.250000    6.056660    0.998148    1.000000    76.013203   45.297548   6.056660    0.079450    0.998148    0.271834    0.301112    0.000014    1.000000    12.182787   0.018005    0.593876    0.000000    0.000050    0.000500    0.000005    0.000500    0.000500    0.000005    0.000050    0.000050    0.000050    0.428150    10.564424  
[37m[36mINFO[0m[0m 07/17 19:57:50 | 0.976796    0.949102    0.000000    0.966078    0.132895    0.963325    0.980769    0.976796    0.949102    0.954140    700         13.666870   7.657929    0.027429    0.535557    0.397717    0.000000    0.075250    18.130863   11.316619   21.000000   0.397565    0.464756    0.985949    0.985250    0.027429    3.405986    4.197697    7.631111    0.026778    0.000040    1.000000    0.250000    7.192232    0.997850    1.000000    82.331628   45.304957   7.192232    0.087111    0.997850    0.298601    0.324334    0.000003    1.000000    10.031036   0.015996    0.422358    0.000000    0.000050    0.000500    0.000005    0.000500    0.000500    0.000005    0.000050    0.000050    0.000050    0.425722    10.638467  
[37m[36mINFO[0m[0m 07/17 19:58:45 | 0.972305    0.952096    0.000000    0.949600    0.187291    0.943765    0.957265    0.972305    0.952096    0.947771    800         15.619280   7.636303    0.029161    0.520056    0.366374    0.000000    0.125250    17.884761   12.397739   21.000000   0.365945    0.480177    0.986005    0.985201    0.029161    3.400198    4.180904    7.610263    0.026003    0.000037    1.000000    0.250000    7.294353    0.997777    1.000000    81.033142   45.310738   7.294353    0.089777    0.997777    0.301097    0.327816    0.000001    1.000000    10.240293   0.015532    0.410505    0.000000    0.000050    0.000500    0.000005    0.000500    0.000500    0.000005    0.000050    0.000050    0.000050    0.426131    10.790530  
[37m[36mINFO[0m[0m 07/17 19:59:41 | 0.978293    0.973054    0.000000    0.959784    0.154567    0.955990    0.967949    0.978293    0.973054    0.955414    900         17.571690   7.605813    0.022581    0.502196    0.318979    0.000000    0.175250    18.085452   12.717488   21.000000   0.318471    0.498006    0.986809    0.985978    0.022581    3.393699    4.164391    7.580671    0.025110    0.000032    1.000000    0.250000    7.234700    0.997697    1.000000    79.849390   45.316679   7.234700    0.090196    0.997697    0.310020    0.334638    0.000001    1.000000    9.527555    0.014374    0.338178    0.000000    0.000050    0.000500    0.000005    0.000500    0.000500    0.000005    0.000050    0.000050    0.000050    0.428204    10.947040  
[37m[36mINFO[0m[0m 07/17 20:00:36 | 0.967814    0.961078    0.000000    0.959120    0.171571    0.953545    0.972222    0.967814    0.961078    0.951592    1000        19.524100   7.559925    0.018712    0.487838    0.266346    0.000000    0.225250    18.457795   12.684163   21.000000   0.265816    0.512333    0.987505    0.986645    0.018712    3.383669    4.133126    7.535506    0.024392    0.000027    1.000000    0.250000    7.754336    0.997556    1.000000    82.581471   45.321997   7.754336    0.093550    0.997556    0.321565    0.343961    0.000000    1.000000    8.858434    0.013337    0.278579    0.000000    0.000050    0.000500    0.000005    0.000500    0.000500    0.000005    0.000050    0.000050    0.000050    0.427232    11.118166  
[37m[36mINFO[0m[0m 07/17 20:01:32 | 0.964820    0.964072    0.000000    0.958408    0.167855    0.953545    0.970085    0.964820    0.964072    0.951592    1100        21.476510   7.572519    0.028555    0.493536    0.217832    0.000000    0.275250    17.857315   12.899909   21.000000   0.217405    0.506627    0.986586    0.985566    0.028555    3.400701    4.118564    7.547820    0.024677    0.000022    1.000000    0.250000    7.496183    0.997551    1.000000    80.337984   45.322974   7.496183    0.092961    0.997551    0.314464    0.341429    0.000000    1.000000    10.458100   0.015484    0.402257    0.000000    0.000050    0.000500    0.000005    0.000500    0.000500    0.000005    0.000050    0.000050    0.000050    0.428683    11.249481  
[37m[36mINFO[0m[0m 07/17 20:02:28 | 0.981287    0.970060    0.000000    0.962380    0.156011    0.963325    0.972222    0.981287    0.970060    0.951592    1200        23.428920   7.552720    0.024593    0.492675    0.179949    0.000000    0.325250    17.671662   12.012139   21.000000   0.179612    0.507488    0.986971    0.985911    0.024593    3.387842    4.115633    7.528069    0.024634    0.000018    1.000000    0.250000    7.075892    0.997561    1.000000    76.772706   45.323963   7.075892    0.091547    0.997561    0.309712    0.338632    0.000000    1.000000    9.134976    0.014184    0.358513    0.000000    0.000050    0.000500    0.000005    0.000500    0.000500    0.000005    0.000050    0.000050    0.000050    0.427485    11.162200  
[37m[36mINFO[0m[0m 07/17 20:03:25 | 0.966317    0.958084    0.000000    0.959764    0.172741    0.948655    0.976496    0.966317    0.958084    0.954140    1300        25.381330   7.501804    0.013885    0.477612    0.149082    0.000000    0.375250    18.078140   11.583883   21.000000   0.148793    0.522541    0.989340    0.988371    0.013885    3.370041    4.093983    7.477908    0.023881    0.000015    1.000000    0.250000    7.771818    0.997402    1.000000    80.992063   45.328332   7.771818    0.095531    0.997402    0.323893    0.351633    0.000000    1.000000    6.556444    0.011647    0.200327    0.000000    0.000050    0.000500    0.000005    0.000500    0.000500    0.000005    0.000050    0.000050    0.000050    0.426935    11.768690  
[37m[36mINFO[0m[0m 07/17 20:04:21 | 0.957335    0.958084    0.000000    0.946066    0.204665    0.924205    0.963675    0.957335    0.958084    0.950318    1400        27.333740   7.521294    0.021643    0.462867    0.121475    0.000000    0.425250    18.366582   12.414285   21.000000   0.121225    0.537288    0.988634    0.987490    0.021643    3.379978    4.096517    7.498138    0.023143    0.000012    1.000000    0.250000    8.335313    0.997221    1.000000    83.303862   45.330958   8.335313    0.099631    0.997221    0.331110    0.357775    0.000000    1.000000    9.424326    0.013546    0.292714    0.000000    0.000050    0.000500    0.000005    0.000500    0.000500    0.000005    0.000050    0.000050    0.000050    0.428341    11.593575  
[37m[36mINFO[0m[0m 07/17 20:05:17 | 0.957335    0.931138    0.000000    0.955285    0.190584    0.953545    0.965812    0.957335    0.931138    0.946497    1500        29.286150   7.508378    0.025260    0.477711    0.102067    0.000000    0.475250    17.180648   12.339217   21.000000   0.101911    0.522456    0.988026    0.986735    0.025260    3.386504    4.072718    7.484482    0.023886    0.000010    1.000000    0.250000    6.960410    0.997381    1.000000    74.325830   45.325324   6.960410    0.093325    0.997381    0.314416    0.346213    0.000000    1.000000    8.855121    0.013693    0.307731    0.000000    0.000050    0.000500    0.000005    0.000500    0.000500    0.000005    0.000050    0.000050    0.000050    0.427060    11.676865  
[37m[36mINFO[0m[0m 07/17 20:06:13 | 0.961826    0.946108    0.000000    0.958798    0.182503    0.936430    0.974359    0.961826    0.946108    0.965605    1600        31.238560   7.497504    0.017110    0.460477    0.085763    0.000000    0.500000    17.992025   12.761202   21.000000   0.085597    0.539678    0.988913    0.987648    0.017110    3.379918    4.077444    7.474472    0.023024    0.000009    1.000000    0.250000    8.014126    0.997153    1.000000    80.786268   45.330423   8.014126    0.098812    0.997153    0.329089    0.359434    0.000000    1.000000    7.649893    0.012646    0.235395    0.000000    0.000050    0.000500    0.000005    0.000500    0.000500    0.000005    0.000050    0.000050    0.000050    0.425915    11.326526  
[37m[36mINFO[0m[0m 07/17 20:07:09 | 0.976796    0.970060    0.000000    0.964298    0.177497    0.958435    0.976496    0.976796    0.970060    0.957962    1700        33.190970   7.483508    0.021171    0.459174    0.070676    0.000000    0.500000    17.636779   13.042213   21.000000   0.070547    0.540985    0.989118    0.987860    0.021171    3.375592    4.063779    7.460542    0.022959    0.000007    1.000000    0.250000    7.709740    0.997177    1.000000    78.736494   45.329783   7.709740    0.097559    0.997177    0.326119    0.358818    0.000000    1.000000    8.319056    0.013382    0.260202    0.000000    0.000050    0.000500    0.000005    0.000500    0.000500    0.000005    0.000050    0.000050    0.000050    0.427804    11.079340  
[37m[36mINFO[0m[0m 07/17 20:08:05 | 0.968563    0.961078    0.000000    0.953346    0.174580    0.941320    0.972222    0.968563    0.961078    0.946497    1800        35.143380   7.471063    0.028630    0.469186    0.060429    0.000000    0.500000    17.149034   12.516358   21.000000   0.060352    0.530968    0.988423    0.987125    0.028630    3.378378    4.040590    7.447598    0.023459    0.000006    1.000000    0.250000    7.125931    0.997261    1.000000    74.683137   45.331531   7.125931    0.094263    0.997261    0.319027    0.352267    0.000000    1.000000    9.871826    0.013908    0.284116    0.000000    0.000050    0.000500    0.000005    0.000500    0.000500    0.000005    0.000050    0.000050    0.000050    0.427013    11.137822  
[37m[36mINFO[0m[0m 07/17 20:09:01 | 0.953593    0.937126    0.000000    0.938259    0.243317    0.914425    0.955128    0.953593    0.937126    0.945223    1900        37.095790   7.446442    0.019466    0.475085    0.053740    0.000000    0.500000    16.758525   11.810577   21.000000   0.053673    0.525069    0.988515    0.987235    0.019466    3.372828    4.030387    7.422682    0.023754    0.000005    1.000000    0.250000    6.490087    0.997361    1.000000    71.017224   45.332083   6.490087    0.091148    0.997361    0.314187    0.350097    0.000000    1.000000    8.666656    0.012601    0.240262    0.000000    0.000050    0.000500    0.000005    0.000500    0.000500    0.000005    0.000050    0.000050    0.000050    0.427243    11.528648  
[37m[36mINFO[0m[0m 07/17 20:09:57 | 0.964072    0.961078    0.000000    0.947388    0.190682    0.951100    0.963675    0.964072    0.961078    0.927389    2000        39.048200   7.461264    0.024847    0.466277    0.045874    0.000000    0.500000    16.761811   11.343826   21.000000   0.045785    0.533873    0.988654    0.987349    0.024847    3.375379    4.037720    7.437946    0.023314    0.000005    1.000000    0.250000    6.533696    0.997310    1.000000    70.837119   45.329892   6.533696    0.091920    0.997310    0.312138    0.350144    0.000000    1.000000    9.478749    0.013458    0.274845    0.000000    0.000050    0.000500    0.000005    0.000500    0.000500    0.000005    0.000050    0.000050    0.000050    0.427915    11.163526  
[37m[36mINFO[0m[0m 07/17 20:10:53 | 0.956587    0.943114    0.000000    0.950634    0.176606    0.941320    0.961538    0.956587    0.943114    0.949045    2100        41.000610   7.445234    0.026241    0.462707    0.037321    0.000000    0.500000    16.797536   11.856296   21.000000   0.037249    0.537440    0.988575    0.987264    0.026241    3.379812    4.016042    7.422095    0.023135    0.000004    1.000000    0.250000    6.620765    0.997281    1.000000    70.875665   45.329397   6.620765    0.093027    0.997281    0.312073    0.351341    0.000000    1.000000    9.622222    0.013846    0.310119    0.000000    0.000050    0.000500    0.000005    0.000500    0.000500    0.000005    0.000050    0.000050    0.000050    0.427460    11.316998  
[37m[36mINFO[0m[0m 07/17 20:11:49 | 0.964072    0.946108    0.000000    0.946573    0.213428    0.938875    0.965812    0.964072    0.946108    0.935032    2200        42.953020   7.422237    0.014914    0.460488    0.031734    0.000000    0.500000    16.987904   11.788165   21.000000   0.031684    0.539650    0.989385    0.988156    0.014914    3.363542    4.020753    7.399209    0.023024    0.000003    1.000000    0.250000    6.615894    0.997315    1.000000    71.468068   45.335302   6.615894    0.091988    0.997315    0.317153    0.355918    0.000000    1.000000    7.066536    0.011266    0.160235    0.000000    0.000050    0.000500    0.000005    0.000500    0.000500    0.000005    0.000050    0.000050    0.000050    0.428734    11.943206  
[37m[36mINFO[0m[0m 07/17 20:12:46 | 0.966317    0.958084    0.000000    0.959784    0.176657    0.955990    0.967949    0.966317    0.958084    0.955414    2300        44.905430   7.412840    0.014561    0.464572    0.026762    0.000000    0.500000    16.907110   11.532057   21.000000   0.026720    0.535563    0.989779    0.988550    0.014561    3.363272    4.011776    7.389609    0.023229    0.000003    1.000000    0.250000    6.832653    0.997235    1.000000    72.637571   45.336438   6.832653    0.093842    0.997235    0.322234    0.360435    0.000000    1.000000    6.856112    0.011515    0.182233    0.000000    0.000050    0.000500    0.000005    0.000500    0.000500    0.000005    0.000050    0.000050    0.000050    0.427846    11.876976  
[37m[36mINFO[0m[0m 07/17 20:13:43 | 0.960329    0.937126    0.000000    0.961161    0.159750    0.958435    0.965812    0.960329    0.937126    0.959236    2400        46.857840   7.388727    0.008318    0.447216    0.023590    0.000000    0.500000    17.729899   11.467254   21.000000   0.023563    0.552912    0.990974    0.989813    0.008318    3.353117    4.004928    7.366364    0.022361    0.000002    1.000000    0.250000    7.623377    0.997117    1.000000    78.037618   45.342438   7.623377    0.097517    0.997117    0.338350    0.373397    0.000000    1.000000    4.780189    0.010394    0.108999    0.000000    0.000050    0.000500    0.000005    0.000500    0.000500    0.000005    0.000050    0.000050    0.000050    0.428690    12.019718  
[37m[36mINFO[0m[0m 07/17 20:14:38 | 0.943862    0.922156    0.000000    0.951545    0.188193    0.929095    0.976496    0.943862    0.922156    0.949045    2500        48.810250   7.406756    0.015035    0.465931    0.020860    0.000000    0.500000    16.626631   11.096785   21.000000   0.020834    0.534201    0.989388    0.988048    0.015035    3.367744    4.000679    7.383458    0.023297    0.000002    1.000000    0.250000    6.566173    0.997198    1.000000    69.960304   45.338593   6.566173    0.093408    0.997198    0.322130    0.359110    0.000000    1.000000    7.492405    0.011746    0.183954    0.000000    0.000050    0.000500    0.000005    0.000500    0.000500    0.000005    0.000050    0.000050    0.000050    0.428572    10.723281  
[37m[36mINFO[0m[0m 07/17 20:15:34 | 0.931886    0.910180    0.000000    0.945813    0.266367    0.931540    0.959402    0.931886    0.910180    0.946497    2600        50.762660   7.397242    0.018241    0.467196    0.018204    0.000000    0.500000    16.459951   10.780097   21.000000   0.018179    0.532938    0.990128    0.988911    0.018241    3.363531    3.992107    7.373880    0.023360    0.000002    1.000000    0.250000    6.280608    0.997272    1.000000    68.304295   45.339060   6.280608    0.091690    0.997272    0.317089    0.356468    0.000000    1.000000    6.227885    0.011028    0.178982    0.000000    0.000050    0.000500    0.000005    0.000500    0.000500    0.000005    0.000050    0.000050    0.000050    0.428195    10.878511  
[37m[36mINFO[0m[0m 07/17 20:16:30 | 0.960329    0.940120    0.000000    0.966455    0.168642    0.965770    0.974359    0.960329    0.940120    0.959236    2700        52.715070   7.358185    0.009648    0.453809    0.016125    0.000000    0.500000    17.085786   11.351635   21.000000   0.016108    0.546316    0.991147    0.990000    0.009648    3.349099    3.976747    7.335493    0.022690    0.000002    1.000000    0.250000    7.407105    0.997095    1.000000    75.387778   45.345963   7.407105    0.097831    0.997095    0.334557    0.370887    0.000000    1.000000    4.651927    0.010095    0.110988    0.000000    0.000050    0.000500    0.000005    0.000500    0.000500    0.000005    0.000050    0.000050    0.000050    0.427115    11.267944  
[37m[36mINFO[0m[0m 07/17 20:17:25 | 0.965569    0.934132    0.000000    0.963079    0.174665    0.953545    0.970085    0.965569    0.934132    0.965605    2800        54.667480   7.369455    0.005989    0.454519    0.014744    0.000000    0.500000    16.980461   11.831254   21.000000   0.014731    0.545601    0.991283    0.990108    0.005989    3.348156    3.992582    7.346728    0.022726    0.000001    1.000000    0.250000    7.205974    0.997099    1.000000    74.355502   45.350108   7.205974    0.096712    0.997099    0.340464    0.373954    0.000000    1.000000    4.166108    0.009806    0.084592    0.000000    0.000050    0.000500    0.000005    0.000500    0.000500    0.000005    0.000050    0.000050    0.000050    0.426927    11.219099  
[37m[36mINFO[0m[0m 07/17 20:18:21 | 0.940868    0.925150    0.000000    0.955312    0.227296    0.943765    0.980769    0.940868    0.925150    0.941401    2900        56.619890   7.381547    0.013276    0.447794    0.013666    0.000000    0.500000    17.377248   11.452386   21.000000   0.013658    0.552331    0.990288    0.989020    0.013276    3.361591    3.984289    7.359156    0.022390    0.000001    1.000000    0.250000    7.215633    0.997046    1.000000    73.712016   45.350355   7.215633    0.097279    0.997046    0.336842    0.372424    0.000000    1.000000    6.633750    0.011357    0.145024    0.000000    0.000050    0.000500    0.000005    0.000500    0.000500    0.000005    0.000050    0.000050    0.000050    0.426005    11.343292  
[37m[36mINFO[0m[0m 07/17 20:19:17 | 0.965569    0.937126    0.000000    0.958360    0.161044    0.955990    0.963675    0.965569    0.937126    0.955414    3000        58.572300   7.417075    0.023211    0.449986    0.012278    0.000000    0.500000    17.372076   11.434995   21.000000   0.012261    0.550153    0.988575    0.987200    0.023211    3.379872    3.991491    7.394574    0.022499    0.000001    1.000000    0.250000    6.906647    0.997090    1.000000    71.593934   45.346758   6.906647    0.096038    0.997090    0.324760    0.366750    0.000000    1.000000    8.688079    0.013230    0.243380    0.000000    0.000050    0.000500    0.000005    0.000500    0.000500    0.000005    0.000050    0.000050    0.000050    0.427900    11.397874  
[37m[36mINFO[0m[0m 07/17 20:20:13 | 0.957335    0.934132    0.000000    0.961517    0.195189    0.953545    0.967949    0.957335    0.934132    0.963057    3100        60.524710   7.365676    0.011868    0.467039    0.011220    0.000000    0.500000    16.543365   10.893707   21.000000   0.011214    0.533085    0.990285    0.989053    0.011868    3.356844    3.973611    7.342323    0.023352    0.000001    1.000000    0.250000    6.238467    0.997233    1.000000    67.640729   45.348187   6.238467    0.091873    0.997233    0.320387    0.362794    0.000000    1.000000    5.884855    0.010368    0.136999    0.000000    0.000050    0.000500    0.000005    0.000500    0.000500    0.000005    0.000050    0.000050    0.000050    0.428253    11.279206  
[37m[36mINFO[0m[0m 07/17 20:21:10 | 0.961078    0.946108    0.000000    0.959339    0.191156    0.948655    0.976496    0.961078    0.946108    0.952866    3200        62.477120   7.357461    0.007598    0.452016    0.010550    0.000000    0.500000    17.139152   10.970822   21.000000   0.010544    0.548101    0.991769    0.990641    0.007598    3.352904    3.974358    7.334860    0.022601    0.000001    1.000000    0.250000    7.002147    0.997095    1.000000    72.954337   45.355138   7.002147    0.095762    0.997095    0.339522    0.377506    0.000000    1.000000    3.920080    0.009832    0.098938    0.000000    0.000050    0.000500    0.000005    0.000500    0.000500    0.000005    0.000050    0.000050    0.000050    0.426084    11.802588  
[37m[36mINFO[0m[0m 07/17 20:22:07 | 0.964820    0.928144    0.000000    0.953874    0.183493    0.953545    0.967949    0.964820    0.928144    0.940127    3300        64.429530   7.386291    0.016182    0.457846    0.009825    0.000000    0.500000    17.102279   10.956675   21.000000   0.009818    0.542277    0.989585    0.988253    0.016182    3.368310    3.978906    7.363398    0.022892    0.000001    1.000000    0.250000    6.754165    0.997055    1.000000    70.299761   45.354714   6.754165    0.095614    0.997055    0.331995    0.371351    0.000000    1.000000    7.843642    0.011873    0.176871    0.000000    0.000050    0.000500    0.000005    0.000500    0.000500    0.000005    0.000050    0.000050    0.000050    0.429118    12.241639  
[37m[36mINFO[0m[0m 07/17 20:23:03 | 0.973054    0.955090    0.000000    0.960681    0.194766    0.953545    0.974359    0.973054    0.955090    0.954140    3400        66.381940   7.326605    0.009734    0.473809    0.009155    0.000000    0.500000    16.258420   10.646721   21.000000   0.009147    0.526309    0.990368    0.989078    0.009734    3.350235    3.942944    7.302913    0.023690    0.000001    1.000000    0.250000    5.916350    0.997217    1.000000    64.899316   45.353824   5.916350    0.090806    0.997217    0.320979    0.362742    0.000000    1.000000    5.016681    0.010118    0.107446    0.000000    0.000050    0.000500    0.000005    0.000500    0.000500    0.000005    0.000050    0.000050    0.000050    0.426642    12.071415  
[37m[36mINFO[0m[0m 07/17 20:24:00 | 0.954341    0.937126    0.000000    0.963195    0.161329    0.955990    0.974359    0.954341    0.937126    0.959236    3500        68.334350   7.357085    0.015950    0.465770    0.008308    0.000000    0.500000    16.443764   10.807288   21.000000   0.008300    0.534351    0.990128    0.988852    0.015950    3.360810    3.957036    7.333796    0.023289    0.000001    1.000000    0.250000    6.195609    0.997166    1.000000    66.725717   45.358895   6.195609    0.092326    0.997166    0.326279    0.367493    0.000000    1.000000    7.777675    0.011933    0.169965    0.000000    0.000050    0.000500    0.000005    0.000500    0.000500    0.000005    0.000050    0.000050    0.000050    0.427771    12.065720  
[37m[36mINFO[0m[0m 07/17 20:24:57 | 0.955090    0.925150    0.000000    0.964551    0.184026    0.951100    0.980769    0.955090    0.925150    0.961783    3600        70.286760   7.382580    0.020287    0.463140    0.007718    0.000000    0.500000    16.443051   11.186521   21.000000   0.007712    0.536993    0.988934    0.987545    0.020287    3.379461    3.959673    7.359422    0.023157    0.000001    1.000000    0.250000    6.133250    0.997105    1.000000    65.946552   45.352882   6.133250    0.092823    0.997105    0.317967    0.365386    0.000000    1.000000    9.278559    0.013057    0.207184    0.000000    0.000050    0.000500    0.000005    0.000500    0.000500    0.000005    0.000050    0.000050    0.000050    0.427409    12.059265  
[37m[36mINFO[0m[0m 07/17 20:25:54 | 0.950599    0.940120    0.000000    0.949559    0.229872    0.938875    0.972222    0.950599    0.940120    0.937580    3700        72.239170   7.378360    0.020117    0.471448    0.006881    0.000000    0.500000    16.049586   11.339285   21.000000   0.006872    0.528679    0.989670    0.988358    0.020117    3.370179    3.964490    7.354787    0.023572    0.000001    1.000000    0.250000    5.680155    0.997181    1.000000    62.846720   45.349201   5.680155    0.090195    0.997181    0.309332    0.359000    0.000000    1.000000    7.880434    0.012331    0.208854    0.000000    0.000050    0.000500    0.000005    0.000500    0.000500    0.000005    0.000050    0.000050    0.000050    0.427571    12.191401  
[37m[36mINFO[0m[0m 07/17 20:26:49 | 0.960329    0.958084    0.000000    0.963688    0.150266    0.960880    0.972222    0.960329    0.958084    0.957962    3800        74.191580   7.362405    0.018053    0.467226    0.005973    0.000000    0.500000    16.277050   11.089797   21.000000   0.005966    0.532891    0.990126    0.988837    0.018053    3.364313    3.956677    7.339043    0.023361    0.000001    1.000000    0.250000    5.868638    0.997124    1.000000    63.767300   45.351919   5.868638    0.091739    0.997124    0.310801    0.361120    0.000000    1.000000    7.014348    0.011644    0.176145    0.000000    0.000050    0.000500    0.000005    0.000500    0.000500    0.000005    0.000050    0.000050    0.000050    0.428491    10.960950  
[37m[36mINFO[0m[0m 07/17 20:27:45 | 0.955838    0.922156    0.000000    0.958038    0.201261    0.948655    0.963675    0.955838    0.922156    0.961783    3900        76.143990   7.318524    0.009554    0.463873    0.005281    0.000000    0.500000    16.279559   11.521856   21.000000   0.005274    0.536242    0.990488    0.989233    0.009554    3.354386    3.931389    7.295330    0.023194    0.000001    1.000000    0.250000    6.385331    0.997030    1.000000    67.160358   45.356181   6.385331    0.094854    0.997030    0.321622    0.370612    0.000000    1.000000    5.245657    0.010300    0.102012    0.000000    0.000050    0.000500    0.000005    0.000500    0.000500    0.000005    0.000050    0.000050    0.000050    0.428371    11.285669  
[37m[36mINFO[0m[0m 07/17 20:28:42 | 0.965569    0.946108    0.000000    0.965661    0.160651    0.960880    0.967949    0.965569    0.946108    0.968153    4000        78.096400   7.284106    0.003729    0.449074    0.004562    0.000000    0.500000    17.213996   12.285751   21.000000   0.004554    0.551032    0.992798    0.991731    0.003729    3.332266    3.925657    7.261652    0.022454    0.000000    1.000000    0.250000    7.518622    0.996956    1.000000    75.642580   45.366990   7.518622    0.099222    0.996956    0.348392    0.390886    0.000000    1.000000    2.185765    0.008542    0.038488    0.000000    0.000050    0.000500    0.000005    0.000500    0.000500    0.000005    0.000050    0.000050    0.000050    0.429200    11.589768  
[37m[36mINFO[0m[0m 07/17 20:29:38 | 0.969311    0.934132    0.000000    0.964435    0.142203    0.948655    0.976496    0.969311    0.934132    0.968153    4100        80.048810   7.289818    0.002055    0.455847    0.003897    0.000000    0.500000    17.101609   12.631750   21.000000   0.003894    0.544256    0.992807    0.991704    0.002055    3.335491    3.929480    7.267025    0.022792    0.000000    1.000000    0.250000    7.456591    0.996905    1.000000    74.317084   45.369400   7.456591    0.100166    0.996905    0.346367    0.388350    0.000000    1.000000    1.735004    0.008322    0.026036    0.000000    0.000050    0.000500    0.000005    0.000500    0.000500    0.000005    0.000050    0.000050    0.000050    0.427923    11.373679  
[37m[36mINFO[0m[0m 07/17 20:30:34 | 0.956587    0.934132    0.000000    0.946998    0.236812    0.938875    0.965812    0.956587    0.934132    0.936306    4200        82.001220   7.339968    0.014051    0.467987    0.003568    0.000000    0.500000    16.413214   12.597032   21.000000   0.003564    0.532131    0.990706    0.989380    0.014051    3.364698    3.937820    7.316569    0.023399    0.000000    1.000000    0.250000    6.207931    0.997000    1.000000    65.473425   45.364650   6.207931    0.094560    0.997000    0.327351    0.373102    0.000000    1.000000    5.730639    0.010976    0.130404    0.000000    0.000050    0.000500    0.000005    0.000500    0.000500    0.000005    0.000050    0.000050    0.000050    0.427778    11.347221  
[37m[36mINFO[0m[0m 07/17 20:31:30 | 0.965569    0.952096    0.000000    0.957695    0.194476    0.953545    0.967949    0.965569    0.952096    0.951592    4300        83.953630   7.341211    0.016750    0.466376    0.003383    0.000000    0.500000    16.393781   11.808893   21.000000   0.003380    0.533747    0.989227    0.987818    0.016750    3.366360    3.934782    7.317892    0.023319    0.000000    1.000000    0.250000    6.008868    0.997012    1.000000    64.200381   45.358950   6.008868    0.093420    0.997012    0.321387    0.370484    0.000000    1.000000    8.347621    0.012175    0.169011    0.000000    0.000050    0.000500    0.000005    0.000500    0.000500    0.000005    0.000050    0.000050    0.000050    0.427986    11.674044  
[37m[36mINFO[0m[0m 07/17 20:32:27 | 0.937126    0.919162    0.000000    0.930513    0.311729    0.902200    0.959402    0.937126    0.919162    0.929936    4400        85.906040   7.367911    0.022186    0.455296    0.003140    0.000000    0.500000    16.876279   12.134454   21.000000   0.003140    0.544833    0.988619    0.987183    0.022186    3.376096    3.946864    7.345146    0.022765    0.000000    1.000000    0.250000    6.798836    0.996819    1.000000    67.605782   45.353840   6.798836    0.099991    0.996819    0.317614    0.369999    0.000000    1.000000    9.395833    0.012937    0.190998    0.000000    0.000050    0.000500    0.000005    0.000500    0.000500    0.000005    0.000050    0.000050    0.000050    0.427482    12.022574  
[37m[36mINFO[0m[0m 07/17 20:33:23 | 0.944611    0.934132    0.000000    0.955148    0.217635    0.943765    0.970085    0.944611    0.934132    0.951592    4500        87.858450   7.347512    0.019004    0.472338    0.002868    0.000000    0.500000    15.762043   12.068767   21.000000   0.002862    0.527793    0.989812    0.988479    0.019004    3.367904    3.936986    7.323895    0.023617    0.000000    1.000000    0.250000    5.599079    0.997097    1.000000    61.364671   45.353898   5.599079    0.091074    0.997097    0.307518    0.362953    0.000000    1.000000    6.840989    0.011886    0.170257    0.000000    0.000050    0.000500    0.000005    0.000500    0.000500    0.000005    0.000050    0.000050    0.000050    0.426736    11.780107  
[37m[36mINFO[0m[0m 07/17 20:34:18 | 0.953593    0.943114    0.000000    0.957421    0.194446    0.943765    0.974359    0.953593    0.943114    0.954140    4600        89.810860   7.304360    0.003463    0.471267    0.002403    0.000000    0.500000    16.175639   11.848909   21.000000   0.002401    0.528845    0.992122    0.990988    0.003463    3.343820    3.933512    7.280796    0.023563    0.000000    1.000000    0.250000    6.306693    0.997024    1.000000    66.840668   45.363876   6.306693    0.094238    0.997024    0.326071    0.379111    0.000000    1.000000    2.926058    0.008885    0.047373    0.000000    0.000050    0.000500    0.000005    0.000500    0.000500    0.000005    0.000050    0.000050    0.000050    0.425771    10.652822  
[37m[36mINFO[0m[0m 07/17 20:35:14 | 0.962575    0.946108    0.000000    0.961770    0.178142    0.955990    0.970085    0.962575    0.946108    0.959236    4700        91.763270   7.296525    0.003195    0.477573    0.002339    0.000000    0.500000    15.918203   11.854717   21.000000   0.002339    0.522532    0.992313    0.991149    0.003195    3.341418    3.928034    7.272646    0.023879    0.000000    1.000000    0.250000    6.097872    0.997010    1.000000    64.997409   45.371492   6.097872    0.093707    0.997010    0.327415    0.378019    0.000000    1.000000    2.489431    0.008775    0.038277    0.000000    0.000050    0.000500    0.000005    0.000500    0.000500    0.000005    0.000050    0.000050    0.000050    0.427041    10.909377  
[37m[36mINFO[0m[0m 07/17 20:36:10 | 0.952844    0.943114    0.000000    0.948669    0.227603    0.938875    0.952991    0.952844    0.943114    0.954140    4800        93.715680   7.286129    0.008719    0.478390    0.001972    0.000000    0.500000    16.027849   11.853672   21.000000   0.001967    0.521717    0.990954    0.989654    0.008719    3.342699    3.910792    7.262210    0.023919    0.000000    1.000000    0.250000    5.981956    0.996940    1.000000    63.475897   45.369621   5.981956    0.093956    0.996940    0.322830    0.374434    0.000000    1.000000    4.719236    0.009776    0.080322    0.000000    0.000050    0.000500    0.000005    0.000500    0.000500    0.000005    0.000050    0.000050    0.000050    0.429142    11.360582  
[37m[36mINFO[0m[0m 07/17 20:37:06 | 0.936377    0.910180    0.000000    0.959250    0.173819    0.936430    0.987179    0.936377    0.910180    0.954140    4900        95.668090   7.322403    0.014800    0.485522    0.001626    0.000000    0.500000    15.690598   11.690900   21.000000   0.001624    0.514601    0.989392    0.987918    0.014800    3.362884    3.920442    7.298127    0.024276    0.000000    1.000000    0.250000    5.324212    0.996978    1.000000    58.564822   45.366083   5.324212    0.090654    0.996978    0.308594    0.363432    0.000000    1.000000    6.751924    0.011228    0.117543    0.000000    0.000050    0.000500    0.000005    0.000500    0.000500    0.000005    0.000050    0.000050    0.000050    0.429308    11.538865  
[37m[36mINFO[0m[0m 07/17 20:38:03 | 0.967814    0.934132    0.000000    0.945868    0.264576    0.936430    0.950855    0.967814    0.934132    0.950318    5000        97.620500   7.293702    0.005174    0.466718    0.001549    0.000000    0.500000    16.224005   11.958697   21.000000   0.001548    0.533397    0.991572    0.990336    0.005174    3.347707    3.917486    7.270366    0.023336    0.000000    1.000000    0.250000    6.332259    0.996916    1.000000    66.131601   45.366975   6.332259    0.095472    0.996916    0.325373    0.380173    0.000000    1.000000    4.006569    0.009460    0.055131    0.000000    0.000050    0.000500    0.000005    0.000500    0.000500    0.000005    0.000050    0.000050    0.000050    0.428186    11.497078  
[37m[36mINFO[0m[0m 07/17 20:38:03 | ---
[37m[33mWARNING[0m[0m 07/17 20:38:03 | Evaluate SWAD ...
[37m[36mINFO[0m[0m 07/17 20:38:14 | 0.976796    0.973054    0.000000    0.974180    0.201171    0.970660    0.978632    0.976796    0.973054    0.973248    [301-4900]  (N=46)
[37m[36mINFO[0m[0m 07/17 20:38:14 | oracle = 97.829%
[37m[36mINFO[0m[0m 07/17 20:38:14 | iid = 96.033%
[37m[36mINFO[0m[0m 07/17 20:38:14 | last = 96.781%
[37m[36mINFO[0m[0m 07/17 20:38:14 | last (inD) = 94.587%
[37m[36mINFO[0m[0m 07/17 20:38:14 | iid (inD) = 96.645%
[37m[36mINFO[0m[0m 07/17 20:38:14 | SWAD = 97.680%
[37m[36mINFO[0m[0m 07/17 20:38:14 | SWAD (inD) = 97.418%
[37m[36mINFO[0m[0m 07/17 20:38:15 | 
[37m[36mINFO[0m[0m 07/17 20:38:19 | Testenv name escaping te_sketch -> te_sketch
[37m[36mINFO[0m[0m 07/17 20:38:19 | Test envs = [3], name = te_sketch
[37m[36mINFO[0m[0m 07/17 20:38:19 | Batch sizes for each domain: [32, 32, 32, 0] (total=96)
[37m[36mINFO[0m[0m 07/17 20:38:19 | steps-per-epoch for each domain: 51.22, 58.62, 41.75 -> min = 41.75
[37m[36mINFO[0m[0m 07/17 20:38:22 | # of params = 53365703
[37m[36mINFO[0m[0m 07/17 20:38:35 | test_in     test_out    train_in    train_out   tr_outloss  env0_out    env1_out    env2_out    env3_in     env3_out    step        epoch       loss        loss_cls    loss_isr    loss_orth   loss_gt     piccl_alph  paired_res  domain_res  valid_doma  basis_orth  response_c  raw_interv  mediator_i  ce_loss     sup_cl_los  pre_cl_los  dccl_total  weighted_l  weighted_l  piccl_feat  residual_s  residual_d  fused_orig  piccl_exec  original_f  piccl_feat  feature_de  feature_de  original_f  gate_mean   gate_std    gate_min    gate_max    backbone_g  piccl_grad  classifier  has_nan_or  param_grou  param_grou  param_grou  param_grou  param_grou  param_grou  param_grou  param_grou  param_grou  step_time   eval_time  
[37m[36mINFO[0m[0m 07/17 20:38:35 | 0.135814    0.133758    0.000000    0.238269    1.881359    0.227384    0.202991    0.284431    0.135814    0.133758    0           0.000000    12.181781   2.033236    0.000000    0.098356    0.000000    0.000000    0.000000    0.000000    20.000000   0.089139    0.000000    0.907520    0.907520    2.033236    5.114505    5.034031    12.181771   0.000000    0.000010    0.000000    0.250000    0.000000    1.000000    1.000000    25.899992   45.253410   0.000000    0.000000    1.000000    0.075858    0.000000    0.075858    0.075858    8.796937    0.000136    4.616428    0.000000    0.000050    0.000500    0.000005    0.000500    0.000500    0.000005    0.000050    0.000050    0.000050    0.406825    13.443587  
[37m[36mINFO[0m[0m 07/17 20:39:34 | 0.706425    0.718471    0.000000    0.959899    0.114844    0.933985    0.963675    0.982036    0.706425    0.718471    100         2.395210    8.648961    0.266072    0.972489    0.063236    0.000000    0.000000    16.798515   3.655811    21.000000   0.062935    0.028085    0.968512    0.967778    0.266072    3.794624    4.539634    8.600331    0.048624    0.000006    1.000000    0.250000    1.796339    0.999785    1.000000    69.487589   45.262862   1.796339    0.025689    0.999785    0.102036    0.077340    0.009186    0.769672    16.535036   0.036624    2.338970    0.000000    0.000050    0.000500    0.000005    0.000500    0.000500    0.000005    0.000050    0.000050    0.000050    0.427893    13.453494  
[37m[36mINFO[0m[0m 07/17 20:40:32 | 0.737595    0.759236    0.000000    0.938156    0.190599    0.904645    0.918803    0.991018    0.737595    0.759236    200         4.790419    7.961459    0.087453    0.879032    0.073868    0.000000    0.000000    17.146322   7.631816    21.000000   0.074324    0.121950    0.978951    0.978374    0.087453    3.531767    4.298280    7.917500    0.043952    0.000007    1.000000    0.250000    3.972751    0.999209    1.000000    77.737487   45.267473   3.972751    0.050571    0.999209    0.159575    0.185746    0.000280    0.998839    14.650769   0.027459    1.230994    0.000000    0.000050    0.000500    0.000005    0.000500    0.000500    0.000005    0.000050    0.000050    0.000050    0.429202    13.377838  
[37m[36mINFO[0m[0m 07/17 20:41:30 | 0.796756    0.803822    0.000000    0.965619    0.105491    0.941320    0.976496    0.979042    0.796756    0.803822    300         7.185629    7.726709    0.050107    0.787579    0.155214    0.000000    0.000000    17.320068   9.540691    21.000000   0.156225    0.213255    0.981820    0.981234    0.050107    3.454156    4.183051    7.687315    0.039379    0.000016    1.000000    0.250000    5.203256    0.998772    1.000000    79.977150   45.274322   5.203256    0.064854    0.998772    0.208528    0.243838    0.000054    0.999923    12.175025   0.020933    0.730911    0.000000    0.000050    0.000500    0.000005    0.000500    0.000500    0.000005    0.000050    0.000050    0.000050    0.427151    13.430051  
[37m[36mINFO[0m[0m 07/17 20:42:29 | 0.776399    0.805096    0.000000    0.960553    0.102554    0.946210    0.959402    0.976048    0.776399    0.805096    400         9.580838    7.611308    0.041840    0.709887    0.246332    0.000000    0.000000    17.841646   10.403296   21.000000   0.247107    0.290938    0.983151    0.982525    0.041840    3.427601    4.106348    7.575789    0.035494    0.000025    1.000000    0.250000    6.269192    0.998429    1.000000    82.697577   45.281230   6.269192    0.075128    0.998429    0.241672    0.276586    0.000013    0.999995    11.927567   0.021047    0.651556    0.000000    0.000050    0.000500    0.000005    0.000500    0.000500    0.000005    0.000050    0.000050    0.000050    0.428641    14.069007  
[37m[36mINFO[0m[0m 07/17 20:43:26 | 0.772265    0.783439    0.000000    0.968087    0.136293    0.955990    0.972222    0.976048    0.772265    0.783439    500         11.976048   7.531425    0.023842    0.649313    0.314349    0.000000    0.000000    17.382398   10.550928   21.000000   0.314945    0.351321    0.985327    0.984751    0.023842    3.408595    4.066491    7.498928    0.032466    0.000031    1.000000    0.250000    6.421250    0.998262    1.000000    81.115079   45.289009   6.421250    0.078912    0.998262    0.263573    0.296534    0.000014    0.999997    9.890955    0.015956    0.400950    0.000000    0.000050    0.000500    0.000005    0.000500    0.000500    0.000005    0.000050    0.000050    0.000050    0.428877    12.337387  
[37m[36mINFO[0m[0m 07/17 20:44:24 | 0.781807    0.794904    0.000000    0.966213    0.137230    0.948655    0.967949    0.982036    0.781807    0.794904    600         14.371257   7.488515    0.030390    0.606897    0.362061    0.000000    0.025250    17.339295   10.492059   21.000000   0.362396    0.393513    0.985753    0.985140    0.030390    3.410704    4.017040    7.458134    0.030345    0.000036    1.000000    0.250000    6.445785    0.998174    1.000000    79.321846   45.294642   6.445785    0.081022    0.998174    0.272832    0.304561    0.000011    0.999999    10.297357   0.016754    0.461676    0.000000    0.000050    0.000500    0.000005    0.000500    0.000500    0.000005    0.000050    0.000050    0.000050    0.428488    12.591919  
[37m[36mINFO[0m[0m 07/17 20:45:21 | 0.770992    0.778344    0.000000    0.972403    0.101277    0.953545    0.978632    0.985030    0.770992    0.778344    700         16.766467   7.402932    0.013964    0.587962    0.379897    0.000000    0.075250    17.210282   10.711188   21.000000   0.379907    0.412304    0.987574    0.987009    0.013964    3.377381    3.982151    7.373496    0.029398    0.000038    1.000000    0.250000    7.146455    0.997999    1.000000    82.580481   45.301872   7.146455    0.086165    0.997999    0.290720    0.318599    0.000006    1.000000    6.783666    0.012106    0.226441    0.000000    0.000050    0.000500    0.000005    0.000500    0.000500    0.000005    0.000050    0.000050    0.000050    0.427704    12.741425  
[37m[36mINFO[0m[0m 07/17 20:46:18 | 0.761132    0.769427    0.000000    0.970715    0.100883    0.960880    0.972222    0.979042    0.761132    0.769427    800         19.161677   7.331664    0.005606    0.571179    0.362094    0.000000    0.125250    17.641673   10.851609   21.000000   0.361752    0.429003    0.989320    0.988773    0.005606    3.354524    3.942940    7.303069    0.028559    0.000036    1.000000    0.250000    7.949244    0.997811    1.000000    86.570104   45.310229   7.949244    0.091519    0.997811    0.311230    0.333168    0.000002    1.000000    4.151136    0.010359    0.121692    0.000000    0.000050    0.000500    0.000005    0.000500    0.000500    0.000005    0.000050    0.000050    0.000050    0.428327    12.705123  
[37m[36mINFO[0m[0m 07/17 20:47:16 | 0.758270    0.769427    0.000000    0.960451    0.133145    0.943765    0.961538    0.976048    0.758270    0.769427    900         21.556886   7.390879    0.021455    0.559438    0.321169    0.000000    0.175250    18.022039   11.455569   21.000000   0.320712    0.440729    0.986605    0.985810    0.021455    3.396939    3.944480    7.362875    0.027972    0.000032    1.000000    0.250000    7.457140    0.997833    1.000000    81.916186   45.313790   7.457140    0.090544    0.997833    0.306189    0.329958    0.000001    1.000000    10.424138   0.013956    0.299332    0.000000    0.000050    0.000500    0.000005    0.000500    0.000500    0.000005    0.000050    0.000050    0.000050    0.427927    12.841709  
[37m[36mINFO[0m[0m 07/17 20:48:13 | 0.737913    0.741401    0.000000    0.965912    0.138506    0.958435    0.957265    0.982036    0.737913    0.741401    1000        23.952096   7.364663    0.020971    0.556113    0.272584    0.000000    0.225250    18.035430   11.360619   21.000000   0.272087    0.444066    0.986698    0.985861    0.020971    3.390406    3.925453    7.336830    0.027806    0.000027    1.000000    0.250000    7.475909    0.997804    1.000000    81.059845   45.316091   7.475909    0.091749    0.997804    0.301857    0.331572    0.000001    1.000000    8.691776    0.013153    0.301397    0.000000    0.000050    0.000500    0.000005    0.000500    0.000500    0.000005    0.000050    0.000050    0.000050    0.426401    12.990835  
[37m[36mINFO[0m[0m 07/17 20:49:11 | 0.772265    0.777070    0.000000    0.961323    0.130793    0.933985    0.967949    0.982036    0.772265    0.777070    1100        26.347305   7.335537    0.016670    0.545011    0.223443    0.000000    0.275250    18.327126   11.355591   21.000000   0.222961    0.455180    0.988101    0.987239    0.016670    3.383429    3.908165    7.308264    0.027251    0.000022    1.000000    0.250000    8.080599    0.997662    1.000000    84.114076   45.320678   8.080599    0.095624    0.997662    0.313745    0.341942    0.000000    1.000000    7.573288    0.012101    0.219824    0.000000    0.000050    0.000500    0.000005    0.000500    0.000500    0.000005    0.000050    0.000050    0.000050    0.427067    13.191852  
[37m[36mINFO[0m[0m 07/17 20:50:09 | 0.650763    0.656051    0.000000    0.940047    0.292872    0.919315    0.933761    0.967066    0.650763    0.656051    1200        28.742515   7.342110    0.022851    0.528992    0.179770    0.000000    0.325250    18.421144   11.407497   21.000000   0.179381    0.471206    0.987632    0.986661    0.022851    3.388791    3.904001    7.315642    0.026450    0.000018    1.000000    0.250000    8.058646    0.997579    1.000000    83.414573   45.322720   8.058646    0.096212    0.997579    0.317247    0.347394    0.000000    1.000000    9.034628    0.013725    0.270939    0.000000    0.000050    0.000500    0.000005    0.000500    0.000500    0.000005    0.000050    0.000050    0.000050    0.427053    13.176206  
[37m[36mINFO[0m[0m 07/17 20:51:07 | 0.667621    0.661146    0.000000    0.961083    0.147535    0.948655    0.961538    0.973054    0.667621    0.661146    1300        31.137725   7.319472    0.015998    0.520162    0.144402    0.000000    0.375250    18.822853   11.343732   21.000000   0.144092    0.480052    0.988263    0.987262    0.015998    3.385279    3.892172    7.293449    0.026008    0.000014    1.000000    0.250000    8.393505    0.997434    1.000000    85.844597   45.322970   8.393505    0.097323    0.997434    0.324937    0.356419    0.000000    1.000000    8.442154    0.012610    0.231065    0.000000    0.000050    0.000500    0.000005    0.000500    0.000500    0.000005    0.000050    0.000050    0.000050    0.426944    13.166076  
[37m[36mINFO[0m[0m 07/17 20:52:05 | 0.833333    0.828025    0.000000    0.964994    0.123428    0.953545    0.959402    0.982036    0.833333    0.828025    1400        33.532934   7.276585    0.011251    0.526842    0.118468    0.000000    0.425250    17.744928   11.028080   21.000000   0.118254    0.473347    0.989567    0.988546    0.011251    3.369108    3.869872    7.250231    0.026342    0.000012    1.000000    0.250000    7.469227    0.997590    1.000000    79.493511   45.326040   7.469227    0.093639    0.997590    0.313781    0.347696    0.000000    1.000000    5.970237    0.010475    0.156540    0.000000    0.000050    0.000500    0.000005    0.000500    0.000500    0.000005    0.000050    0.000050    0.000050    0.426037    13.637805  
[37m[36mINFO[0m[0m 07/17 20:53:03 | 0.804071    0.807643    0.000000    0.969900    0.118899    0.958435    0.972222    0.979042    0.804071    0.807643    1500        35.928144   7.231571    0.003507    0.521131    0.100862    0.000000    0.475250    17.783544   10.709872   21.000000   0.100721    0.479037    0.991061    0.990012    0.003507    3.354142    3.847856    7.205505    0.026057    0.000010    1.000000    0.250000    8.265022    0.997383    1.000000    83.158835   45.331278   8.265022    0.099177    0.997383    0.329445    0.357865    0.000000    1.000000    3.183388    0.008633    0.060533    0.000000    0.000050    0.000500    0.000005    0.000500    0.000500    0.000005    0.000050    0.000050    0.000050    0.427188    13.580331  
[37m[36mINFO[0m[0m 07/17 20:54:01 | 0.811069    0.822930    0.000000    0.971492    0.119111    0.965770    0.963675    0.985030    0.811069    0.822930    1600        38.323353   7.222520    0.007157    0.519649    0.088932    0.000000    0.500000    17.811264   10.791117   21.000000   0.088819    0.480508    0.990899    0.989752    0.007157    3.353143    3.836229    7.196529    0.025982    0.000009    1.000000    0.250000    7.936451    0.997379    1.000000    80.631410   45.334828   7.936451    0.098005    0.997379    0.329190    0.355981    0.000000    1.000000    3.660385    0.009488    0.092100    0.000000    0.000050    0.000500    0.000005    0.000500    0.000500    0.000005    0.000050    0.000050    0.000050    0.426906    13.871746  
[37m[36mINFO[0m[0m 07/17 20:54:59 | 0.741094    0.742675    0.000000    0.952654    0.189956    0.941320    0.946581    0.970060    0.741094    0.742675    1700        40.718563   7.230803    0.011704    0.505610    0.076690    0.000000    0.500000    18.527237   11.120232   21.000000   0.076558    0.494552    0.990108    0.988914    0.011704    3.364317    3.829493    7.205514    0.025281    0.000008    1.000000    0.250000    8.812199    0.997185    1.000000    85.695282   45.337805   8.812199    0.102575    0.997185    0.341602    0.366978    0.000000    1.000000    6.912507    0.011445    0.156455    0.000000    0.000050    0.000500    0.000005    0.000500    0.000500    0.000005    0.000050    0.000050    0.000050    0.426699    12.893414  
[37m[36mINFO[0m[0m 07/17 20:55:57 | 0.752545    0.771975    0.000000    0.957845    0.237945    0.946210    0.957265    0.970060    0.752545    0.771975    1800        43.113772   7.254184    0.018341    0.499047    0.064489    0.000000    0.500000    18.629096   11.022930   21.000000   0.064389    0.501127    0.988429    0.987157    0.018341    3.378935    3.831949    7.229225    0.024952    0.000006    1.000000    0.250000    8.260814    0.997237    1.000000    82.215057   45.333567   8.260814    0.100195    0.997237    0.327543    0.361385    0.000000    1.000000    9.125591    0.013344    0.249989    0.000000    0.000050    0.000500    0.000005    0.000500    0.000500    0.000005    0.000050    0.000050    0.000050    0.428825    12.952560  
[37m[36mINFO[0m[0m 07/17 20:56:54 | 0.741730    0.750318    0.000000    0.971286    0.151954    0.960880    0.967949    0.985030    0.741730    0.750318    1900        45.508982   7.246133    0.015489    0.497404    0.055758    0.000000    0.500000    18.554306   10.992964   21.000000   0.055685    0.502760    0.988783    0.987522    0.015489    3.378230    3.827539    7.221258    0.024870    0.000006    1.000000    0.250000    8.075841    0.997305    1.000000    81.213934   45.336646   8.075841    0.099041    0.997305    0.322398    0.360697    0.000000    1.000000    7.200646    0.011292    0.168675    0.000000    0.000050    0.000500    0.000005    0.000500    0.000500    0.000005    0.000050    0.000050    0.000050    0.428208    13.106078  
[37m[36mINFO[0m[0m 07/17 20:57:52 | 0.831107    0.838217    0.000000    0.974665    0.111715    0.963325    0.978632    0.982036    0.831107    0.838217    2000        47.904192   7.217266    0.005657    0.493765    0.048983    0.000000    0.500000    18.631232   11.095132   21.000000   0.048919    0.506387    0.990318    0.989125    0.005657    3.364269    3.822647    7.192573    0.024688    0.000005    1.000000    0.250000    8.292184    0.997255    1.000000    82.415249   45.342464   8.292184    0.100228    0.997255    0.330839    0.365676    0.000000    1.000000    4.876925    0.009646    0.071955    0.000000    0.000050    0.000500    0.000005    0.000500    0.000500    0.000005    0.000050    0.000050    0.000050    0.427895    13.137490  
[37m[36mINFO[0m[0m 07/17 20:58:50 | 0.816158    0.808917    0.000000    0.960272    0.169245    0.946210    0.946581    0.988024    0.816158    0.808917    2100        50.299401   7.208360    0.008313    0.494216    0.044346    0.000000    0.500000    18.337831   11.508780   21.000000   0.044319    0.505939    0.990446    0.989247    0.008313    3.367005    3.808327    7.183645    0.024711    0.000004    1.000000    0.250000    8.257036    0.997215    1.000000    81.767165   45.346343   8.257036    0.100577    0.997215    0.334534    0.367358    0.000000    1.000000    5.366391    0.010150    0.093865    0.000000    0.000050    0.000500    0.000005    0.000500    0.000500    0.000005    0.000050    0.000050    0.000050    0.427866    13.239694  
[37m[36mINFO[0m[0m 07/17 20:59:48 | 0.779580    0.750318    0.000000    0.947679    0.239028    0.931540    0.959402    0.952096    0.779580    0.750318    2200        52.694611   7.222712    0.016312    0.489650    0.042867    0.000000    0.500000    18.401939   11.441789   21.000000   0.042862    0.510509    0.989084    0.987785    0.016312    3.372346    3.809567    7.198225    0.024483    0.000004    1.000000    0.250000    7.665067    0.997297    1.000000    78.299059   45.345893   7.665067    0.097591    0.997297    0.324985    0.361756    0.000000    1.000000    7.936845    0.012177    0.201990    0.000000    0.000050    0.000500    0.000005    0.000500    0.000500    0.000005    0.000050    0.000050    0.000050    0.427368    13.375429  
[37m[36mINFO[0m[0m 07/17 21:00:46 | 0.795483    0.800000    0.000000    0.962815    0.205791    0.955990    0.959402    0.973054    0.795483    0.800000    2300        55.089820   7.237555    0.020741    0.486281    0.044199    0.000000    0.500000    17.894888   11.558782   21.000000   0.044237    0.513885    0.988381    0.987060    0.020741    3.385707    3.806788    7.213236    0.024314    0.000004    1.000000    0.250000    7.185864    0.997360    1.000000    75.045141   45.339894   7.185864    0.095353    0.997360    0.313965    0.356759    0.000000    1.000000    7.987786    0.012256    0.193918    0.000000    0.000050    0.000500    0.000005    0.000500    0.000500    0.000005    0.000050    0.000050    0.000050    0.427588    13.709849  
[37m[36mINFO[0m[0m 07/17 21:01:45 | 0.701336    0.692994    0.000000    0.958153    0.235799    0.953545    0.950855    0.970060    0.701336    0.692994    2400        57.485030   7.226785    0.018875    0.468138    0.049472    0.000000    0.500000    19.037954   12.390768   21.000000   0.049521    0.532016    0.989450    0.988204    0.018875    3.379332    3.805165    7.203373    0.023407    0.000005    1.000000    0.250000    8.989351    0.997065    1.000000    86.091734   45.342859   8.989351    0.103990    0.997065    0.336731    0.376740    0.000000    1.000000    8.198984    0.012162    0.182517    0.000000    0.000050    0.000500    0.000005    0.000500    0.000500    0.000005    0.000050    0.000050    0.000050    0.427567    14.111425  
[37m[36mINFO[0m[0m 07/17 21:02:44 | 0.835242    0.836943    0.000000    0.973077    0.094044    0.955990    0.972222    0.991018    0.835242    0.836943    2500        59.880240   7.199241    0.014125    0.501645    0.055073    0.000000    0.500000    17.544448   11.426386   21.000000   0.055158    0.498504    0.989180    0.987916    0.014125    3.363742    3.796286    7.174153    0.025082    0.000006    1.000000    0.250000    6.648878    0.997503    1.000000    71.613016   45.337750   6.648878    0.092411    0.997503    0.304928    0.351029    0.000000    1.000000    6.459519    0.010657    0.140164    0.000000    0.000050    0.000500    0.000005    0.000500    0.000500    0.000005    0.000050    0.000050    0.000050    0.426361    13.908381  
[37m[36mINFO[0m[0m 07/17 21:03:41 | 0.805344    0.788535    0.000000    0.956639    0.189887    0.924205    0.963675    0.982036    0.805344    0.788535    2600        62.275449   7.172314    0.005320    0.489305    0.067578    0.000000    0.500000    17.902542   11.538597   21.000000   0.067738    0.510825    0.991429    0.990311    0.005320    3.354331    3.788190    7.147842    0.024465    0.000007    1.000000    0.250000    7.568117    0.997309    1.000000    78.192105   45.345496   7.568117    0.096609    0.997309    0.327628    0.369361    0.000000    1.000000    3.487131    0.008751    0.057071    0.000000    0.000050    0.000500    0.000005    0.000500    0.000500    0.000005    0.000050    0.000050    0.000050    0.427077    12.465375  
[37m[36mINFO[0m[0m 07/17 21:04:38 | 0.785305    0.773248    0.000000    0.956273    0.194778    0.929095    0.963675    0.976048    0.785305    0.773248    2700        64.670659   7.189578    0.011863    0.479168    0.084811    0.000000    0.500000    18.204644   11.527331   21.000000   0.084985    0.520970    0.989254    0.987909    0.011863    3.369094    3.784654    7.165611    0.023958    0.000008    1.000000    0.250000    7.227479    0.997302    1.000000    74.640606   45.345777   7.227479    0.096402    0.997302    0.319460    0.362377    0.000000    1.000000    6.973988    0.010889    0.124946    0.000000    0.000050    0.000500    0.000005    0.000500    0.000500    0.000005    0.000050    0.000050    0.000050    0.427753    12.851297  
[37m[36mINFO[0m[0m 07/17 21:05:36 | 0.753817    0.747771    0.000000    0.922181    0.339121    0.887531    0.935897    0.943114    0.753817    0.747771    2800        67.065868   7.179875    0.014085    0.455841    0.099561    0.000000    0.500000    19.237304   12.057463   21.000000   0.099685    0.544295    0.990049    0.988783    0.014085    3.363791    3.779198    7.157073    0.022792    0.000010    1.000000    0.250000    8.466651    0.997072    1.000000    82.907019   45.346422   8.466651    0.101886    0.997072    0.337561    0.379675    0.000000    1.000000    6.464489    0.011075    0.161163    0.000000    0.000050    0.000500    0.000005    0.000500    0.000500    0.000005    0.000050    0.000050    0.000050    0.428685    12.860995  
[37m[36mINFO[0m[0m 07/17 21:06:33 | 0.715967    0.717197    0.000000    0.962858    0.199568    0.953545    0.952991    0.982036    0.715967    0.717197    2900        69.461078   7.179110    0.004767    0.458049    0.114139    0.000000    0.500000    19.158760   12.096209   21.000000   0.114287    0.542086    0.991037    0.989901    0.004767    3.362684    3.788745    7.156196    0.022902    0.000011    1.000000    0.250000    8.890761    0.997042    1.000000    84.828614   45.348515   8.890761    0.104089    0.997042    0.337794    0.381472    0.000000    1.000000    3.559865    0.009229    0.055837    0.000000    0.000050    0.000500    0.000005    0.000500    0.000500    0.000005    0.000050    0.000050    0.000050    0.426617    12.872387  
[37m[36mINFO[0m[0m 07/17 21:07:31 | 0.774173    0.791083    0.000000    0.946355    0.240754    0.916870    0.955128    0.967066    0.774173    0.791083    3000        71.856287   7.192476    0.016132    0.460950    0.127014    0.000000    0.500000    19.220231   11.985438   21.000000   0.127123    0.539185    0.988964    0.987604    0.016132    3.372757    3.780527    7.169415    0.023048    0.000013    1.000000    0.250000    8.126789    0.997093    1.000000    79.087707   45.348864   8.126789    0.102485    0.997093    0.324329    0.371124    0.000000    1.000000    9.181606    0.012265    0.176489    0.000000    0.000050    0.000500    0.000005    0.000500    0.000500    0.000005    0.000050    0.000050    0.000050    0.426578    12.904471  
[37m[36mINFO[0m[0m 07/17 21:08:29 | 0.739504    0.733758    0.000000    0.954235    0.199026    0.931540    0.970085    0.961078    0.739504    0.733758    3100        74.251497   7.228931    0.029049    0.489978    0.137395    0.000000    0.500000    17.288536   11.412027   21.000000   0.137495    0.510182    0.987801    0.986374    0.029049    3.395364    3.780005    7.204418    0.024499    0.000014    1.000000    0.250000    6.046301    0.997426    1.000000    66.947757   45.338669   6.046301    0.089931    0.997426    0.298828    0.351909    0.000000    1.000000    9.791660    0.013374    0.247840    0.000000    0.000050    0.000500    0.000005    0.000500    0.000500    0.000005    0.000050    0.000050    0.000050    0.427632    13.249425  
[37m[36mINFO[0m[0m 07/17 21:08:29 | SWAD valley is dead -> early stop !
[37m[36mINFO[0m[0m 07/17 21:08:29 | ---
[37m[33mWARNING[0m[0m 07/17 21:08:29 | Evaluate SWAD ...
[37m[36mINFO[0m[0m 07/17 21:08:42 | 0.822201    0.817834    0.000000    0.981551    0.134295    0.977995    0.978632    0.988024    0.822201    0.817834    [301-2500]  (N=23)
[37m[36mINFO[0m[0m 07/17 21:08:42 | oracle = 83.111%
[37m[36mINFO[0m[0m 07/17 21:08:42 | iid = 83.111%
[37m[36mINFO[0m[0m 07/17 21:08:42 | last = 73.950%
[37m[36mINFO[0m[0m 07/17 21:08:42 | last (inD) = 95.423%
[37m[36mINFO[0m[0m 07/17 21:08:42 | iid (inD) = 97.466%
[37m[36mINFO[0m[0m 07/17 21:08:42 | SWAD = 82.220%
[37m[36mINFO[0m[0m 07/17 21:08:42 | SWAD (inD) = 98.155%
[37m[36mINFO[0m[0m 07/17 21:08:43 | === Summary ===
[37m[36mINFO[0m[0m 07/17 21:08:43 | Command: train_all.py 3pacs_piccl_no_gt --dataset PACS --algorithm PICCL --model resnet50 --deterministic --trial_seed 0 --seed 0 --checkpoint_freq 100 --steps 5000 --data_dir /home/hooasia/lgg/data/repro_dccl_data --use_piccl true --piccl_strict_bypass false --output_root train_output/PACS1 --l 1 --l_d 0 --l_layer 1 --t 0.1 --t_pre 0.2 --piccl_fusion_mode residual_gate --piccl_gt_mode keep --piccl_rank 16 --piccl_isr_weight 0.05 --piccl_orth_weight 0.0001 --piccl_residual_scale 0.25 --piccl_gate_bias -2.5 --piccl_basis_receive_task_grad false
[37m[36mINFO[0m[0m 07/17 21:08:43 | Unique name: 260717_18-13-49_3pacs_piccl_no_gt
[37m[36mINFO[0m[0m 07/17 21:08:43 | Out path: train_output/PACS1/260717_18-13-49_3pacs_piccl_no_gt
[37m[36mINFO[0m[0m 07/17 21:08:43 | Algorithm: PICCL
[37m[36mINFO[0m[0m 07/17 21:08:43 | Dataset: PACS
+------------+---------+---------+---------+---------+---------+
| Selection  |   env0  |   env1  |   env2  |   env3  |   Avg.  |
+------------+---------+---------+---------+---------+---------+
|   oracle   | 88.041% | 85.021% | 97.829% | 83.111% | 88.501% |
|    iid     | 85.723% | 81.077% | 96.033% | 83.111% | 86.486% |
|    last    | 83.160% | 82.729% | 96.781% | 73.950% | 84.155% |
| last (inD) | 97.045% | 95.259% | 94.587% | 95.423% | 95.579% |
| iid (inD)  | 97.872% | 97.090% | 96.645% | 97.466% | 97.268% |
|    SWAD    | 89.933% | 84.115% | 97.680% | 82.220% | 88.487% |
| SWAD (inD) | 98.395% | 97.663% | 97.418% | 98.155% | 97.908% |
+------------+---------+---------+---------+---------+---------+
