[37m[36mINFO[0m[0m 09/02 10:33:57 | Command :: train_all.py pacs_visual_normalize_only_aug0 --dataset PACS --algorithm CIPTDCCL --data_dir /home/hooasia/lgg/data/repro_dccl_data --deterministic --trial_seed 0 --seed 0 --checkpoint_freq 100 --cipt_clip_path /home/hooasia/.cache/clip/ViT-B-16.pt --cipt_beta 4 --cipt_gamma 5 --cipt_k 4 --cipt_prompt_length 16 --cipt_prompt_init a photo of a --cipt_template_mode b5c --cipt_pure false --cipt_causal_contrastive_weight 1 --cipt_contrastive_warmup_steps 500 --cipt_aug_decomp_weight 0.0 --lr 0.001 --weight_decay 0.0 --output_root train_output/PACS_visual_normalize_only_aug0
Environment:
	Python: 3.10.20
	PyTorch: 2.5.1+cu121
	Torchvision: 0.20.1+cu121
	CUDA: 12.1
	CUDNN: 90100
	NumPy: 2.2.6
	PIL: 12.0.0
Args:
	TN: False
	algorithm: CIPTDCCL
	aug: 0
	checkpoint_freq: 100
	cipt_beta: 4.0
	cipt_clip_backbone: ViT-B/16
	cipt_clip_path: /home/hooasia/.cache/clip/ViT-B-16.pt
	cipt_contrastive_weight: 1.0
	cipt_debug_shapes: False
	cipt_enabled: True
	cipt_gamma: 5.0
	cipt_k: 4
	cipt_prompt_init: a photo of a
	cipt_prompt_length: 16
	cipt_tda_heads: 1
	configs: []
	data_dir: /home/hooasia/lgg/data/repro_dccl_data
	dataset: PACS
	debug: False
	deterministic: True
	domainnet_auto_source_count: 3
	erm_baseline: weak
	evalmode: fast
	holdout_fraction: 0.2
	l: 1
	l_d: None
	l_layer: None
	label_ratio: 1.0
	lamda: 5
	log: False
	mix: 0
	model: resnet50
	model_save: None
	n_layer: 1
	name: pacs_visual_normalize_only_aug0
	out_dir: train_output/PACS_visual_normalize_only_aug0/PACS/260902_10-33-57_pacs_visual_normalize_only_aug0
	out_root: train_output/PACS_visual_normalize_only_aug0/PACS
	output_root: train_output/PACS_visual_normalize_only_aug0
	pos_mask: False
	prebuild_loader: False
	re_w: False
	sample_d: False
	seed: 0
	show: False
	source_envs: None
	start_epoch: 1000
	steps: None
	sup: True
	t: 0.1
	t_pre: 0.2
	target_env: None
	tb_freq: 10
	test_envs: None
	trial_seed: 0
	two_ce: False
	unique_name: 260902_10-33-57_pacs_visual_normalize_only_aug0
	weak_erm: False
	work_dir: .
HParams:
	data_augmentation: True
	val_augment: False
	resnet18: False
	resnet_dropout: 0.0
	class_balanced: False
	optimizer: adam
	cipt_enabled: True
	cipt_clip_backbone: ViT-B/16
	cipt_clip_path: /home/hooasia/.cache/clip/ViT-B-16.pt
	cipt_beta: 4.0
	cipt_gamma: 5.0
	cipt_k: 4
	cipt_prompt_length: 16
	cipt_prompt_init: a photo of a
	[36mcipt_template_mode: b5c
	[0mcipt_tda_heads: 1
	cipt_contrastive_weight: 1.0
	cipt_debug_shapes: False
	freeze_bn: True
	pretrained: True
	[36mlr: 0.001
	[0mbatch_size: 32
	[36mweight_decay: 0.0
	[0mt: 0.1
	t_pre: 0.2
	l: 1
	l_d: 0.01
	l_layer: 1
	n_layer: 1
	sup: True
	two_ce: False
	sample_d: False
	re_w: False
	pos_mask: False
	mix: 0
	aug: 0
	model: resnet50
	label_ratio: 1.0
	TN: False
	lamda: 5
	start_epoch: 1000
	log: False
	swad: None
	swad_kwargs: 
	  n_converge: 3
	  n_tolerance: 6
	  tolerance_ratio: 0.3
	test_batchsize: 128
	indomain_test: False
	[36mcipt_pure: False
	[0m[36mcipt_causal_contrastive_weight: 1
	[0m[36mcipt_contrastive_warmup_steps: 500
	[0m[36mcipt_aug_decomp_weight: 0.0[0m
Dataset:
	[PACS] #envs=4, #classes=7
	env0: art_painting (#2048)
	env1: cartoon (#2344)
	env2: photo (#1670)
	env3: sketch (#3929)

[37m[36mINFO[0m[0m 09/02 10:34:37 | n_steps = 5001
[37m[36mINFO[0m[0m 09/02 10:34:37 | checkpoint_freq = 100
[37m[36mINFO[0m[0m 09/02 10:34:37 | n_steps is updated to 5001 => 5001 for checkpointing
[37m[36mINFO[0m[0m 09/02 10:34:37 | Target test envs = [[0], [1], [2], [3]]
[37m[36mINFO[0m[0m 09/02 10:34:37 | 
[37m[36mINFO[0m[0m 09/02 10:34:41 | Testenv name escaping te_art_painting -> te_art_painting
[37m[36mINFO[0m[0m 09/02 10:34:41 | Test envs = [0], name = te_art_painting
[37m[36mINFO[0m[0m 09/02 10:34:41 | Batch sizes for each domain: [0, 32, 32, 32] (total=96)
[37m[36mINFO[0m[0m 09/02 10:34:41 | steps-per-epoch for each domain: 58.62, 41.75, 98.25 -> min = 41.75
[37m[36mINFO[0m[0m 09/02 10:35:06 | # of params = 151206401
[37m[36mINFO[0m[0m 09/02 10:35:31 | test_in     test_out    train_in    train_out   tr_outloss  env0_in     env0_out    env1_out    env2_out    env3_out    step        epoch       total_loss  cipt_base_  cipt_cls_l  cipt_de_lo  cipt_de_or  cipt_de_au  aug_decomp  cipt_ind_l  causal_con  dccl_contr  contrastiv  pre_cl_los  reg_loss    mean_e_nor  mean_e_aug  mean_e_aug  mean_s_nor  mean_s_aug  mean_es_co  mean_e_aug  step_time   eval_time  
[37m[36mINFO[0m[0m 09/02 10:35:31 | 0.187919    0.178484    0.000000    0.224459    1.918674    0.187919    0.178484    0.153846    0.323353    0.196178    0           0.000000    11.268433   11.258743   2.089643    2.291603    2.291603    2.272243    0.000000    0.000537    0.000000    4.844704    0.002000    0.000000    0.000000    0.817856    0.819679    0.971680    0.838000    0.837637    0.009852    0.005054    1.377004    23.328710  
[37m[36mINFO[0m[0m 09/02 10:37:31 | 0.965833    0.982885    0.000000    0.983576    0.051280    0.965833    0.982885    0.997863    1.000000    0.952866    100         2.395210    1.040266    0.656645    0.156180    0.124892    0.124892    0.145381    0.000000    0.000180    0.000000    3.824848    0.103000    0.000000    0.000000    0.896288    0.893078    0.967308    1.252086    1.228963    0.001332    0.001763    0.956716    25.223284  
[37m[36mINFO[0m[0m 09/02 10:39:28 | 0.975595    0.975550    0.000000    0.973659    0.087177    0.975595    0.975550    0.993590    1.000000    0.927389    200         4.790419    1.317642    0.227045    0.047309    0.044862    0.044862    0.063590    0.000000    0.000058    0.000000    3.605300    0.303000    0.000000    0.000000    0.894422    0.890308    0.966406    1.373037    1.339641    0.000188    0.003394    0.935164    22.971028  
[37m[36mINFO[0m[0m 09/02 10:41:28 | 0.980476    0.977995    0.000000    0.980878    0.053506    0.980476    0.977995    0.993590    1.000000    0.949045    300         7.185629    1.987663    0.206332    0.044588    0.040386    0.040386    0.056326    0.000000    0.000040    0.000000    3.543255    0.503000    0.000000    0.000000    0.925659    0.918324    0.969675    1.400519    1.365549    0.000222    0.003507    0.937870    26.573155  
[37m[36mINFO[0m[0m 09/02 10:44:16 | 0.972544    0.977995    0.000000    0.980179    0.063353    0.972544    0.977995    0.997863    1.000000    0.942675    400         9.580838    2.652885    0.187961    0.040300    0.036879    0.036879    0.056688    0.000000    0.000029    0.000000    3.506510    0.703000    0.000000    0.000000    0.984799    0.974845    0.972924    1.425991    1.387887    0.000206    0.003011    0.924584    74.768952  
[37m[36mINFO[0m[0m 09/02 10:46:15 | 0.976815    0.977995    0.000000    0.985275    0.049960    0.976815    0.977995    0.997863    1.000000    0.957962    500         11.976048   3.309923    0.155112    0.032578    0.030605    0.030605    0.052016    0.000000    0.000023    0.000000    3.493887    0.902980    0.000000    0.000000    1.025792    1.016426    0.975009    1.443368    1.404246    -0.000009   0.002450    0.924315    26.518400  
[37m[36mINFO[0m[0m 09/02 10:48:11 | 0.978646    0.975550    0.000000    0.984850    0.046939    0.978646    0.975550    0.997863    1.000000    0.956688    600         14.371257   3.636166    0.161498    0.036079    0.031329    0.031329    0.052047    0.000000    0.000020    0.000000    3.474668    1.000000    0.000000    0.000000    1.088718    1.078006    0.977591    1.484316    1.441648    0.000124    0.002083    0.910727    25.214790  
[37m[36mINFO[0m[0m 09/02 10:50:08 | 0.977425    0.977995    0.000000    0.984001    0.048952    0.977425    0.977995    0.997863    1.000000    0.954140    700         16.766467   3.636558    0.163844    0.035692    0.032018    0.032018    0.050818    0.000000    0.000016    0.000000    3.472715    1.000000    0.000000    0.000000    1.135112    1.124063    0.979136    1.518883    1.473305    0.000240    0.002065    0.915773    25.816694  
[37m[36mINFO[0m[0m 09/02 10:52:07 | 0.976815    0.975550    0.000000    0.984850    0.044555    0.976815    0.975550    0.997863    1.000000    0.956688    800         19.161677   3.640157    0.166128    0.040726    0.031334    0.031334    0.051024    0.000000    0.000013    0.000000    3.474029    1.000000    0.000000    0.000000    1.179977    1.170780    0.979119    1.551482    1.503157    0.000012    0.001517    0.928814    25.512529  
[37m[36mINFO[0m[0m 09/02 10:54:05 | 0.979256    0.982885    0.000000    0.984850    0.049104    0.979256    0.982885    0.997863    1.000000    0.956688    900         21.556886   3.613337    0.150888    0.035049    0.028945    0.028945    0.046828    0.000000    0.000012    0.000000    3.462450    1.000000    0.000000    0.000000    1.250515    1.241793    0.980968    1.597426    1.545449    0.000122    0.001626    0.919887    25.893518  
[37m[36mINFO[0m[0m 09/02 10:56:03 | 0.976205    0.973105    0.000000    0.979180    0.063259    0.976205    0.973105    0.993590    1.000000    0.943949    1000        23.952096   3.626750    0.164966    0.032909    0.032969    0.032969    0.054741    0.000000    0.000036    0.000000    3.461784    1.000000    0.000000    0.000000    1.262097    1.253049    0.980732    1.715413    1.654532    -0.000355   0.000819    0.921164    25.700388  
[37m[36mINFO[0m[0m 09/02 10:57:59 | 0.976815    0.975550    0.000000    0.982727    0.053024    0.976815    0.975550    0.997863    1.000000    0.950318    1100        26.347305   3.600743    0.138295    0.035698    0.025625    0.025625    0.043554    0.000000    0.000020    0.000000    3.462447    1.000000    0.000000    0.000000    1.296170    1.288782    0.980801    2.061525    1.981521    0.000033    0.000881    0.919063    24.523578  
[37m[36mINFO[0m[0m 09/02 10:59:56 | 0.972544    0.975550    0.000000    0.987398    0.041591    0.972544    0.975550    0.997863    1.000000    0.964331    1200        28.742515   3.595654    0.136312    0.031361    0.026226    0.026226    0.047272    0.000000    0.000010    0.000000    3.459342    1.000000    0.000000    0.000000    1.337437    1.329280    0.981699    2.081931    1.998726    -0.000113   0.000943    0.917531    25.523615  
[37m[36mINFO[0m[0m 09/02 11:01:55 | 0.965833    0.970660    0.000000    0.979043    0.079406    0.965833    0.970660    0.995726    1.000000    0.941401    1300        31.137725   3.587190    0.132745    0.031256    0.025363    0.025363    0.048537    0.000000    0.000008    0.000000    3.454445    1.000000    0.000000    0.000000    1.372917    1.367860    0.981844    2.092846    2.009230    0.000062    0.001127    0.922717    26.419773  
[37m[36mINFO[0m[0m 09/02 11:03:53 | 0.977425    0.975550    0.000000    0.985275    0.047621    0.977425    0.975550    0.997863    1.000000    0.957962    1400        33.532934   3.559272    0.108416    0.027501    0.020220    0.020220    0.042002    0.000000    0.000007    0.000000    3.450856    1.000000    0.000000    0.000000    1.426450    1.421628    0.982712    2.097537    2.014043    -0.000021   0.000965    0.915578    26.465010  
[37m[36mINFO[0m[0m 09/02 11:05:52 | 0.978035    0.977995    0.000000    0.984713    0.055663    0.978035    0.977995    1.000000    1.000000    0.954140    1500        35.928144   3.528148    0.086811    0.020324    0.016614    0.016614    0.038608    0.000000    0.000006    0.000000    3.441337    1.000000    0.000000    0.000000    1.438240    1.431686    0.982960    2.101956    2.018296    0.000017    0.001136    0.922188    26.410208  
[37m[36mINFO[0m[0m 09/02 11:07:48 | 0.974985    0.973105    0.000000    0.983864    0.050483    0.974985    0.973105    1.000000    1.000000    0.951592    1600        38.323353   3.545266    0.098043    0.022056    0.018988    0.018988    0.035755    0.000000    0.000007    0.000000    3.447223    1.000000    0.000000    0.000000    1.470819    1.463230    0.982964    2.110862    2.026642    0.000077    0.001207    0.905460    25.904670  
[37m[36mINFO[0m[0m 09/02 11:09:45 | 0.971324    0.965770    0.000000    0.979755    0.067804    0.971324    0.965770    0.997863    1.000000    0.941401    1700        40.718563   3.570314    0.120582    0.028110    0.023111    0.023111    0.046583    0.000000    0.000006    0.000000    3.449732    1.000000    0.000000    0.000000    1.492686    1.480838    0.983038    2.119586    2.032925    0.000015    0.000886    0.912006    25.786458  
[37m[36mINFO[0m[0m 09/02 11:11:44 | 0.977425    0.977995    0.000000    0.978330    0.075740    0.977425    0.977995    0.993590    1.000000    0.941401    1800        43.113772   3.544522    0.096403    0.024653    0.017931    0.017931    0.040723    0.000000    0.000005    0.000000    3.448118    1.000000    0.000000    0.000000    1.518166    1.509128    0.983120    2.134320    2.046969    0.000061    0.000860    0.931439    25.641799  
[37m[36mINFO[0m[0m 09/02 11:13:42 | 0.971324    0.973105    0.000000    0.985987    0.058812    0.971324    0.973105    1.000000    1.000000    0.957962    1900        45.508982   3.529452    0.091270    0.022218    0.017256    0.017256    0.041882    0.000000    0.000006    0.000000    3.438182    1.000000    0.000000    0.000000    1.556852    1.545720    0.983833    2.149117    2.060035    -0.000007   0.000596    0.915834    26.101732  
[37m[36mINFO[0m[0m 09/02 11:15:40 | 0.976205    0.977995    0.000000    0.985987    0.049539    0.976205    0.977995    1.000000    1.000000    0.957962    2000        47.904192   3.523004    0.086230    0.021587    0.016154    0.016154    0.037861    0.000000    0.000005    0.000000    3.436774    1.000000    0.000000    0.000000    1.589200    1.580579    0.983903    2.165183    2.076158    -0.000039   0.000542    0.929871    25.277228  
[37m[36mINFO[0m[0m 09/02 11:17:38 | 0.974985    0.977995    0.000000    0.985275    0.054608    0.974985    0.977995    0.997863    1.000000    0.957962    2100        50.299401   3.517661    0.081644    0.019463    0.015539    0.015539    0.040819    0.000000    0.000005    0.000000    3.436017    1.000000    0.000000    0.000000    1.622247    1.611670    0.983998    2.215838    2.120560    -0.000033   0.000659    0.928825    25.450665  
[37m[36mINFO[0m[0m 09/02 11:19:36 | 0.976205    0.975550    0.000000    0.984987    0.050111    0.976205    0.975550    0.995726    1.000000    0.959236    2200        52.694611   3.516340    0.083500    0.017992    0.016368    0.016368    0.041821    0.000000    0.000007    0.000000    3.432840    1.000000    0.000000    0.000000    1.631794    1.622006    0.983638    2.400456    2.294581    0.000111    0.001037    0.919877    25.778938  
[37m[36mINFO[0m[0m 09/02 11:21:33 | 0.973764    0.973105    0.000000    0.986837    0.039983    0.973764    0.973105    1.000000    1.000000    0.960510    2300        55.089820   3.523172    0.081060    0.022008    0.014759    0.014759    0.040195    0.000000    0.000004    0.000000    3.442112    1.000000    0.000000    0.000000    1.650311    1.641461    0.983587    2.533930    2.417989    0.000014    0.000798    0.910132    26.009345  
[37m[36mINFO[0m[0m 09/02 11:23:33 | 0.975595    0.975550    0.000000    0.984987    0.046102    0.975595    0.975550    0.995726    1.000000    0.959236    2400        57.485030   3.507094    0.075200    0.020548    0.013658    0.013658    0.037336    0.000000    0.000004    0.000000    3.431895    1.000000    0.000000    0.000000    1.713739    1.702153    0.984324    2.536985    2.420642    -0.000037   0.000444    0.925107    27.366709  
[37m[36mINFO[0m[0m 09/02 11:25:31 | 0.960342    0.963325    0.000000    0.974509    0.086886    0.960342    0.963325    0.993590    1.000000    0.929936    2500        59.880240   3.512222    0.077384    0.021676    0.013923    0.013923    0.045530    0.000000    0.000003    0.000000    3.434838    1.000000    0.000000    0.000000    1.740904    1.726594    0.984038    2.538960    2.419845    0.000112    0.000623    0.918800    25.952529  
[37m[36mINFO[0m[0m 09/02 11:27:28 | 0.967663    0.965770    0.000000    0.985987    0.045035    0.967663    0.965770    1.000000    1.000000    0.957962    2600        62.275449   3.497174    0.070804    0.020765    0.012505    0.012505    0.039757    0.000000    0.000004    0.000000    3.426371    1.000000    0.000000    0.000000    1.763970    1.753157    0.984095    2.551167    2.432692    -0.000037   0.000377    0.924858    24.891925  
[37m[36mINFO[0m[0m 09/02 11:29:26 | 0.972544    0.965770    0.000000    0.981590    0.055396    0.972544    0.965770    0.995726    1.000000    0.949045    2700        64.670659   3.533825    0.094487    0.029679    0.016198    0.016198    0.045212    0.000000    0.000003    0.000000    3.439338    1.000000    0.000000    0.000000    1.809496    1.795255    0.984471    2.595947    2.473903    0.000089    0.000487    0.918642    25.780407  
[37m[36mINFO[0m[0m 09/02 11:31:25 | 0.971324    0.968215    0.000000    0.986549    0.046037    0.971324    0.968215    0.997863    1.000000    0.961783    2800        67.065868   3.524219    0.080642    0.021516    0.014778    0.014778    0.045907    0.000000    0.000003    0.000000    3.443577    1.000000    0.000000    0.000000    1.843141    1.828318    0.984074    2.616270    2.494417    -0.000102   0.000284    0.926290    25.776910  
[37m[36mINFO[0m[0m 09/02 11:33:23 | 0.973764    0.970660    0.000000    0.986974    0.039309    0.973764    0.970660    0.997863    1.000000    0.963057    2900        69.461078   3.521702    0.086929    0.024092    0.015705    0.015705    0.047391    0.000000    0.000003    0.000000    3.434773    1.000000    0.000000    0.000000    1.873816    1.856562    0.984268    2.654373    2.528335    0.000058    0.000316    0.926942    25.600827  
[37m[36mINFO[0m[0m 09/02 11:35:22 | 0.970104    0.968215    0.000000    0.986549    0.049393    0.970104    0.968215    0.997863    1.000000    0.961783    3000        71.856287   3.514625    0.078388    0.018716    0.014914    0.014914    0.043120    0.000000    0.000003    0.000000    3.436237    1.000000    0.000000    0.000000    1.909788    1.894842    0.984131    2.679697    2.550947    -0.000059   0.000293    0.932756    25.618308  
[37m[36mINFO[0m[0m 09/02 11:37:20 | 0.971324    0.968215    0.000000    0.985275    0.046226    0.971324    0.968215    0.997863    1.000000    0.957962    3100        74.251497   3.522982    0.083186    0.025823    0.014337    0.014337    0.044990    0.000000    0.000003    0.000000    3.439796    1.000000    0.000000    0.000000    1.943767    1.928121    0.984483    2.709019    2.576773    0.000049    0.000227    0.918161    25.975102  
[37m[36mINFO[0m[0m 09/02 11:39:17 | 0.974375    0.968215    0.000000    0.985837    0.051570    0.974375    0.968215    0.995726    1.000000    0.961783    3200        76.646707   3.500902    0.068735    0.021862    0.011715    0.011715    0.039398    0.000000    0.000003    0.000000    3.432167    1.000000    0.000000    0.000000    1.968782    1.951858    0.984327    2.755189    2.617561    -0.000084   0.000090    0.914763    25.713478  
[37m[36mINFO[0m[0m 09/02 11:41:16 | 0.970104    0.965770    0.000000    0.984001    0.045341    0.970104    0.965770    0.997863    1.000000    0.954140    3300        79.041916   3.525960    0.088203    0.022771    0.016354    0.016354    0.048122    0.000000    0.000003    0.000000    3.437757    1.000000    0.000000    0.000000    2.000424    1.987167    0.984473    2.850523    2.707412    -0.000070   0.000196    0.939861    25.598178  
[37m[36mINFO[0m[0m 09/02 11:43:17 | 0.971934    0.968215    0.000000    0.986398    0.054227    0.971934    0.968215    0.993590    1.000000    0.965605    3400        81.437126   3.506733    0.072908    0.020873    0.013005    0.013005    0.044481    0.000000    0.000003    0.000000    3.433825    1.000000    0.000000    0.000000    2.048738    2.029781    0.984560    2.959353    2.804305    0.000177    0.000267    0.935070    26.965610  
[37m[36mINFO[0m[0m 09/02 11:45:16 | 0.971324    0.968215    0.000000    0.975485    0.085466    0.971324    0.968215    0.993590    0.994012    0.938854    3500        83.832335   3.497882    0.063800    0.016505    0.011820    0.011820    0.045256    0.000000    0.000003    0.000000    3.434082    1.000000    0.000000    0.000000    2.070145    2.052938    0.984675    2.990658    2.838305    -0.000032   0.000091    0.935474    25.750664  
[37m[36mINFO[0m[0m 09/02 11:47:15 | 0.973154    0.963325    0.000000    0.983565    0.057171    0.973154    0.963325    0.995726    0.997006    0.957962    3600        86.227545   3.507414    0.071167    0.021054    0.012525    0.012525    0.043022    0.000000    0.000003    0.000000    3.436247    1.000000    0.000000    0.000000    2.119589    2.099844    0.985276    3.029182    2.874490    0.000022    0.000151    0.924762    25.948400  
[37m[36mINFO[0m[0m 09/02 11:49:12 | 0.971934    0.973105    0.000000    0.984426    0.056941    0.971934    0.973105    0.997863    1.000000    0.955414    3700        88.622754   3.497554    0.062528    0.015794    0.011679    0.011679    0.040936    0.000000    0.000003    0.000000    3.435026    1.000000    0.000000    0.000000    2.125513    2.101958    0.984452    3.099012    2.936698    -0.000084   -0.000171   0.917293    25.039982  
[37m[36mINFO[0m[0m 09/02 11:51:12 | 0.969494    0.977995    0.000000    0.983001    0.066066    0.969494    0.977995    0.993590    1.000000    0.955414    3800        91.017964   3.520453    0.083697    0.024821    0.014716    0.014716    0.042552    0.000000    0.000002    0.000000    3.436756    1.000000    0.000000    0.000000    2.153051    2.134673    0.984810    3.201860    3.031559    0.000092    0.000013    0.943753    26.385485  
[37m[36mINFO[0m[0m 09/02 11:53:10 | 0.973154    0.970660    0.000000    0.985275    0.054594    0.973154    0.970660    0.997863    1.000000    0.957962    3900        93.413174   3.490922    0.053846    0.015537    0.009575    0.009575    0.050271    0.000000    0.000002    0.000000    3.437076    1.000000    0.000000    0.000000    2.177547    2.157202    0.984402    3.229301    3.054569    -0.000101   -0.000181   0.933347    24.792796  
[37m[36mINFO[0m[0m 09/02 11:55:08 | 0.970104    0.970660    0.000000    0.981878    0.079672    0.970104    0.970660    0.997863    1.000000    0.947771    4000        95.808383   3.482945    0.057437    0.016314    0.010278    0.010278    0.036694    0.000000    0.000002    0.000000    3.425508    1.000000    0.000000    0.000000    2.217294    2.194908    0.985060    3.275698    3.096608    0.000002    0.000096    0.915447    25.552763  
[37m[36mINFO[0m[0m 09/02 11:57:05 | 0.969494    0.963325    0.000000    0.984702    0.053630    0.969494    0.963325    0.997863    0.997006    0.959236    4100        98.203593   3.490469    0.059080    0.014282    0.011197    0.011197    0.047955    0.000000    0.000002    0.000000    3.431389    1.000000    0.000000    0.000000    2.224046    2.200758    0.984280    3.339453    3.155759    -0.000040   -0.000112   0.920779    25.386267  
[37m[36mINFO[0m[0m 09/02 11:59:01 | 0.972544    0.968215    0.000000    0.980741    0.071325    0.972544    0.968215    0.995726    1.000000    0.946497    4200        100.598802  3.497673    0.063891    0.016020    0.011965    0.011965    0.040566    0.000000    0.000002    0.000000    3.433782    1.000000    0.000000    0.000000    2.244581    2.222534    0.985010    3.383229    3.196238    0.000032    0.000056    0.915883    24.377290  
[37m[36mINFO[0m[0m 09/02 12:01:00 | 0.971324    0.970660    0.000000    0.984414    0.063170    0.971324    0.970660    0.995726    0.997006    0.960510    4300        102.994012  3.491316    0.061142    0.017148    0.010996    0.010996    0.040374    0.000000    0.000002    0.000000    3.430173    1.000000    0.000000    0.000000    2.277266    2.258491    0.984666    3.426870    3.233675    0.000026    -0.000039   0.930133    25.820934  
[37m[36mINFO[0m[0m 09/02 12:02:57 | 0.967053    0.960880    0.000000    0.986549    0.049404    0.967053    0.960880    0.997863    1.000000    0.961783    4400        105.389222  3.482875    0.061410    0.023048    0.009588    0.009588    0.039781    0.000000    0.000002    0.000000    3.421466    1.000000    0.000000    0.000000    2.318961    2.298687    0.984863    3.509255    3.310435    -0.000047   -0.000046   0.919953    25.012904  
[37m[36mINFO[0m[0m 09/02 12:04:54 | 0.971324    0.973105    0.000000    0.980581    0.078116    0.971324    0.973105    0.993590    0.994012    0.954140    4500        107.784431  3.493887    0.062126    0.020362    0.010439    0.010439    0.050304    0.000000    0.000002    0.000000    3.431761    1.000000    0.000000    0.000000    2.367957    2.344136    0.984871    3.570384    3.366327    0.000048    -0.000068   0.913571    25.662887  
[37m[36mINFO[0m[0m 09/02 12:06:51 | 0.968273    0.968215    0.000000    0.986549    0.053336    0.968273    0.968215    0.997863    1.000000    0.961783    4600        110.179641  3.502695    0.075994    0.032500    0.010871    0.010871    0.042801    0.000000    0.000002    0.000000    3.426702    1.000000    0.000000    0.000000    2.426744    2.403489    0.985021    3.650985    3.440155    -0.000044   -0.000226   0.911600    26.186823  
[37m[36mINFO[0m[0m 09/02 12:08:49 | 0.965833    0.963325    0.000000    0.985700    0.046527    0.965833    0.963325    0.997863    1.000000    0.959236    4700        112.574850  3.495518    0.067547    0.018403    0.012284    0.012284    0.044733    0.000000    0.000002    0.000000    3.427971    1.000000    0.000000    0.000000    2.450650    2.423699    0.984997    3.679443    3.467410    0.000025    -0.000105   0.911343    26.359756  
[37m[36mINFO[0m[0m 09/02 12:10:47 | 0.971934    0.968215    0.000000    0.982864    0.056971    0.971934    0.968215    0.995726    1.000000    0.952866    4800        114.970060  3.507356    0.079065    0.019372    0.014921    0.014921    0.046772    0.000000    0.000002    0.000000    3.428291    1.000000    0.000000    0.000000    2.482318    2.456995    0.985633    3.725935    3.509205    0.000094    0.000043    0.916048    26.323802  
[37m[36mINFO[0m[0m 09/02 12:12:35 | 0.968883    0.970660    0.000000    0.981866    0.069998    0.968883    0.970660    0.995726    0.997006    0.952866    4900        117.365269  3.519146    0.081309    0.020330    0.015228    0.015228    0.055726    0.000000    0.000013    0.000000    3.437837    1.000000    0.000000    0.000000    2.514608    2.487197    0.984863    4.064076    3.821891    -0.000128   -0.000137   0.829263    25.384099  
[37m[36mINFO[0m[0m 09/02 12:14:35 | 0.970104    0.975550    0.000000    0.982853    0.063630    0.970104    0.975550    0.993590    0.997006    0.957962    5000        119.760479  3.507560    0.077744    0.021909    0.013954    0.013954    0.044830    0.000000    0.000004    0.000000    3.429816    1.000000    0.000000    0.000000    2.557140    2.532474    0.985195    4.259485    4.017004    -0.000055   0.000038    0.932983    25.973655  
[37m[36mINFO[0m[0m 09/02 12:14:35 | ---
[37m[36mINFO[0m[0m 09/02 12:14:35 | oracle = 96.583%
[37m[36mINFO[0m[0m 09/02 12:14:35 | iid = 97.254%
[37m[36mINFO[0m[0m 09/02 12:14:35 | last = 97.010%
[37m[36mINFO[0m[0m 09/02 12:14:35 | last (inD) = 98.285%
[37m[36mINFO[0m[0m 09/02 12:14:35 | iid (inD) = 98.740%
[37m[36mINFO[0m[0m 09/02 12:14:35 | 
[37m[36mINFO[0m[0m 09/02 12:14:39 | Testenv name escaping te_cartoon -> te_cartoon
[37m[36mINFO[0m[0m 09/02 12:14:39 | Test envs = [1], name = te_cartoon
[37m[36mINFO[0m[0m 09/02 12:14:39 | Batch sizes for each domain: [32, 0, 32, 32] (total=96)
[37m[36mINFO[0m[0m 09/02 12:14:39 | steps-per-epoch for each domain: 51.22, 41.75, 98.25 -> min = 41.75
[37m[36mINFO[0m[0m 09/02 12:15:01 | # of params = 151206401
[37m[36mINFO[0m[0m 09/02 12:15:29 | test_in     test_out    train_in    train_out   tr_outloss  env0_out    env1_in     env1_out    env2_out    env3_out    step        epoch       total_loss  cipt_base_  cipt_cls_l  cipt_de_lo  cipt_de_or  cipt_de_au  aug_decomp  cipt_ind_l  causal_con  dccl_contr  contrastiv  pre_cl_los  reg_loss    mean_e_nor  mean_e_aug  mean_e_aug  mean_s_nor  mean_s_aug  mean_es_co  mean_e_aug  step_time   eval_time  
[37m[36mINFO[0m[0m 09/02 12:15:29 | 0.157783    0.166667    0.000000    0.182379    1.956051    0.168704    0.157783    0.166667    0.188623    0.189809    0           0.000000    13.188785   13.178860   2.345541    2.706995    2.706995    2.610612    0.000000    0.001068    0.000000    4.962246    0.002000    0.000000    0.000000    0.803384    0.802915    0.963933    0.832457    0.833332    -0.037943   -0.042800   0.794272    27.504762  
[37m[36mINFO[0m[0m 09/02 12:17:30 | 0.987207    0.991453    0.000000    0.980995    0.057883    0.992665    0.987207    0.991453    1.000000    0.950318    100         2.395210    1.434744    1.047404    0.244742    0.200349    0.200349    0.215218    0.000000    0.000253    0.000000    3.886024    0.103000    0.000000    0.000000    0.866972    0.866150    0.956918    1.318153    1.265374    -0.002971   -0.005044   0.927950    27.796579  
[37m[36mINFO[0m[0m 09/02 12:19:29 | 0.982942    0.985043    0.000000    0.974337    0.070560    0.982885    0.982942    0.985043    1.000000    0.940127    200         4.790419    1.349690    0.254639    0.054237    0.050009    0.050009    0.070016    0.000000    0.000073    0.000000    3.620711    0.303000    0.000000    0.000000    0.885342    0.888490    0.960251    1.461721    1.392786    0.000468    -0.000981   0.912875    27.538289  
[37m[36mINFO[0m[0m 09/02 12:21:30 | 0.986141    0.989316    0.000000    0.976851    0.054037    0.985330    0.986141    0.989316    1.000000    0.945223    300         7.185629    2.025455    0.237969    0.050121    0.046901    0.046901    0.064437    0.000000    0.000049    0.000000    3.556332    0.503000    0.000000    0.000000    0.929381    0.931659    0.965480    1.505792    1.430444    0.000147    -0.001034   0.929278    27.791024  
[37m[36mINFO[0m[0m 09/02 12:23:30 | 0.982942    0.985043    0.000000    0.982303    0.058600    0.990220    0.982942    0.985043    1.000000    0.956688    400         9.580838    2.687540    0.212634    0.045760    0.041678    0.041678    0.061132    0.000000    0.000033    0.000000    3.521373    0.703000    0.000000    0.000000    0.979212    0.978192    0.970413    1.530517    1.453163    0.000288    -0.000302   0.917288    28.349437  
[37m[36mINFO[0m[0m 09/02 12:25:29 | 0.978678    0.982906    0.000000    0.983967    0.049419    0.992665    0.978678    0.982906    1.000000    0.959236    500         11.976048   3.326941    0.172661    0.036893    0.033910    0.033910    0.052452    0.000000    0.000026    0.000000    3.493964    0.902980    0.000000    0.000000    1.038166    1.033648    0.973640    1.556099    1.474195    0.000277    -0.000281   0.924333    26.623285  
[37m[36mINFO[0m[0m 09/02 12:27:29 | 0.985075    0.989316    0.000000    0.981878    0.058643    0.990220    0.985075    0.989316    1.000000    0.955414    600         14.371257   3.636567    0.156548    0.033120    0.030829    0.030829    0.048589    0.000000    0.000022    0.000000    3.480019    1.000000    0.000000    0.000000    1.079856    1.073852    0.975917    1.582049    1.497385    0.000323    -0.000503   0.929315    27.459093  
[37m[36mINFO[0m[0m 09/02 12:29:27 | 0.981876    0.987179    0.000000    0.980995    0.053242    0.992665    0.981876    0.987179    1.000000    0.950318    700         16.766467   3.663566    0.185869    0.039489    0.036571    0.036571    0.056350    0.000000    0.000019    0.000000    3.477697    1.000000    0.000000    0.000000    1.108369    1.102559    0.976291    1.609600    1.520833    0.000087    -0.000691   0.923211    25.528228  
[37m[36mINFO[0m[0m 09/02 12:31:25 | 0.984542    0.987179    0.000000    0.978125    0.060158    0.985330    0.984542    0.987179    1.000000    0.949045    800         19.161677   3.613330    0.141304    0.029609    0.027902    0.027902    0.052134    0.000000    0.000017    0.000000    3.472026    1.000000    0.000000    0.000000    1.138679    1.133954    0.977475    1.639547    1.545849    -0.000072   -0.001140   0.914693    26.698845  
[37m[36mINFO[0m[0m 09/02 12:33:24 | 0.985608    0.989316    0.000000    0.978584    0.057217    0.982885    0.985608    0.989316    1.000000    0.952866    900         21.556886   3.586997    0.124625    0.028089    0.024116    0.024116    0.049116    0.000000    0.000014    0.000000    3.462372    1.000000    0.000000    0.000000    1.154109    1.149475    0.978079    1.668897    1.573309    0.000242    -0.000653   0.930077    25.419203  
[37m[36mINFO[0m[0m 09/02 12:35:23 | 0.976013    0.982906    0.000000    0.983186    0.048707    0.987775    0.976013    0.982906    1.000000    0.961783    1000        23.952096   3.583064    0.126515    0.028069    0.024596    0.024596    0.045990    0.000000    0.000013    0.000000    3.456549    1.000000    0.000000    0.000000    1.188061    1.185163    0.978754    1.703389    1.604546    -0.000046   -0.000951   0.928245    26.712398  
[37m[36mINFO[0m[0m 09/02 12:37:23 | 0.985608    0.987179    0.000000    0.983186    0.051491    0.987775    0.985608    0.987179    1.000000    0.961783    1100        26.347305   3.576455    0.120748    0.026187    0.023622    0.023622    0.047333    0.000000    0.000014    0.000000    3.455707    1.000000    0.000000    0.000000    1.215283    1.209318    0.978925    1.743683    1.640874    0.000167    -0.000811   0.920732    26.981486  
[37m[36mINFO[0m[0m 09/02 12:39:20 | 0.968550    0.978632    0.000000    0.980604    0.053099    0.990220    0.968550    0.978632    1.000000    0.951592    1200        28.742515   3.587373    0.132529    0.030968    0.025375    0.025375    0.047491    0.000000    0.000012    0.000000    3.454844    1.000000    0.000000    0.000000    1.252277    1.249396    0.979699    1.787258    1.678468    0.000179    -0.000916   0.911753    26.285589  
[37m[36mINFO[0m[0m 09/02 12:41:21 | 0.978145    0.991453    0.000000    0.980673    0.053379    0.985330    0.978145    0.991453    1.000000    0.956688    1300        31.137725   3.581702    0.128058    0.030946    0.024267    0.024267    0.046622    0.000000    0.000009    0.000000    3.453644    1.000000    0.000000    0.000000    1.280817    1.274729    0.980135    1.824287    1.710642    0.000028    -0.000827   0.932480    27.428538  
[37m[36mINFO[0m[0m 09/02 12:43:18 | 0.982409    0.991453    0.000000    0.985241    0.043921    0.992665    0.982409    0.991453    1.000000    0.963057    1400        33.532934   3.569319    0.114913    0.026864    0.022001    0.022001    0.043731    0.000000    0.000009    0.000000    3.454407    1.000000    0.000000    0.000000    1.327610    1.321010    0.980563    1.865227    1.747863    0.000174    -0.000907   0.916713    25.853867  
[37m[36mINFO[0m[0m 09/02 12:45:18 | 0.984542    0.989316    0.000000    0.983220    0.054757    0.985330    0.984542    0.989316    1.000000    0.964331    1500        35.928144   3.536370    0.095683    0.021500    0.018533    0.018533    0.045238    0.000000    0.000010    0.000000    3.440687    1.000000    0.000000    0.000000    1.349021    1.340410    0.980860    1.893892    1.772934    0.000001    -0.001099   0.931090    26.752147  
[37m[36mINFO[0m[0m 09/02 12:47:18 | 0.982409    0.985043    0.000000    0.980741    0.059814    0.980440    0.982409    0.985043    1.000000    0.961783    1600        38.323353   3.545849    0.093545    0.022184    0.017828    0.017828    0.047847    0.000000    0.000010    0.000000    3.452303    1.000000    0.000000    0.000000    1.376956    1.370136    0.981150    1.943832    1.818730    0.000085    -0.000984   0.934843    25.893364  
[37m[36mINFO[0m[0m 09/02 12:49:18 | 0.983475    0.989316    0.000000    0.984460    0.049482    0.987775    0.983475    0.989316    1.000000    0.965605    1700        40.718563   3.534705    0.093490    0.021195    0.018062    0.018062    0.041422    0.000000    0.000009    0.000000    3.441215    1.000000    0.000000    0.000000    1.389583    1.382623    0.981159    1.990100    1.857591    0.000082    -0.000813   0.932824    26.601930  
[37m[36mINFO[0m[0m 09/02 12:51:15 | 0.980277    0.987179    0.000000    0.981132    0.046037    0.982885    0.980277    0.987179    1.000000    0.960510    1800        43.113772   3.575782    0.121456    0.030868    0.022627    0.022627    0.052704    0.000000    0.000016    0.000000    3.454325    1.000000    0.000000    0.000000    1.418064    1.411998    0.980977    2.044147    1.907989    0.000015    -0.000619   0.920527    25.245208  
[37m[36mINFO[0m[0m 09/02 12:53:14 | 0.977612    0.985043    0.000000    0.980317    0.056586    0.980440    0.977612    0.985043    1.000000    0.960510    1900        45.508982   3.548384    0.099700    0.026719    0.018234    0.018234    0.051901    0.000000    0.000009    0.000000    3.448684    1.000000    0.000000    0.000000    1.456362    1.448917    0.981476    2.099231    1.956024    0.000269    -0.000128   0.928269    26.500861  
[37m[36mINFO[0m[0m 09/02 12:55:12 | 0.980810    0.987179    0.000000    0.981166    0.058613    0.980440    0.980810    0.987179    1.000000    0.963057    2000        47.904192   3.562525    0.114609    0.029463    0.021274    0.021274    0.046526    0.000000    0.000010    0.000000    3.447916    1.000000    0.000000    0.000000    1.501833    1.496759    0.982076    2.124709    1.980045    -0.000078   -0.000941   0.924833    25.610390  
[37m[36mINFO[0m[0m 09/02 12:57:13 | 0.979744    0.982906    0.000000    0.982371    0.059414    0.985330    0.979744    0.982906    1.000000    0.961783    2100        50.299401   3.542024    0.097161    0.025247    0.017968    0.017968    0.046895    0.000000    0.000008    0.000000    3.444862    1.000000    0.000000    0.000000    1.515733    1.509240    0.982033    2.168721    2.018410    0.000071    -0.000692   0.926145    27.604552  
[37m[36mINFO[0m[0m 09/02 12:59:12 | 0.977612    0.978632    0.000000    0.979043    0.070423    0.980440    0.977612    0.978632    1.000000    0.956688    2200        52.694611   3.549688    0.102342    0.025369    0.019235    0.019235    0.051689    0.000000    0.000007    0.000000    3.447347    1.000000    0.000000    0.000000    1.571904    1.563059    0.981965    2.214080    2.058942    0.000078    -0.000596   0.929750    26.449867  
[37m[36mINFO[0m[0m 09/02 13:01:11 | 0.982942    0.978632    0.000000    0.981097    0.058192    0.985330    0.982942    0.978632    1.000000    0.957962    2300        55.089820   3.535912    0.099776    0.025632    0.018528    0.018528    0.037286    0.000000    0.000006    0.000000    3.436136    1.000000    0.000000    0.000000    1.588491    1.579068    0.982140    2.265216    2.102242    0.000067    -0.000876   0.923645    26.824282  
[37m[36mINFO[0m[0m 09/02 13:03:11 | 0.984009    0.987179    0.000000    0.984850    0.053801    0.990220    0.984009    0.987179    1.000000    0.964331    2400        57.485030   3.547470    0.103233    0.024354    0.019714    0.019714    0.040481    0.000000    0.000005    0.000000    3.444237    1.000000    0.000000    0.000000    1.621909    1.615594    0.982526    2.318713    2.151834    -0.000012   -0.000875   0.939355    25.624135  
[37m[36mINFO[0m[0m 09/02 13:05:10 | 0.980810    0.987179    0.000000    0.979182    0.066954    0.990220    0.980810    0.987179    0.997006    0.950318    2500        59.880240   3.518999    0.076211    0.019166    0.014255    0.014255    0.045123    0.000000    0.000005    0.000000    3.442788    1.000000    0.000000    0.000000    1.629033    1.621278    0.981966    2.361101    2.188907    -0.000053   -0.000842   0.924048    26.475575  
[37m[36mINFO[0m[0m 09/02 13:07:08 | 0.984009    0.987179    0.000000    0.982796    0.050875    0.985330    0.984009    0.987179    1.000000    0.963057    2600        62.275449   3.551795    0.113327    0.046172    0.016781    0.016781    0.044403    0.000000    0.000006    0.000000    3.438468    1.000000    0.000000    0.000000    1.682935    1.675023    0.982769    2.403362    2.226056    0.000119    -0.000258   0.915096    26.325328  
[37m[36mINFO[0m[0m 09/02 13:09:05 | 0.980277    0.985043    0.000000    0.984850    0.045798    0.990220    0.980277    0.985043    1.000000    0.964331    2700        64.670659   3.573177    0.128886    0.045249    0.020892    0.020892    0.048090    0.000000    0.000014    0.000000    3.444290    1.000000    0.000000    0.000000    1.734484    1.724419    0.982779    2.483600    2.300535    0.000194    -0.000032   0.920790    25.499665  
[37m[36mINFO[0m[0m 09/02 13:11:04 | 0.982942    0.991453    0.000000    0.983220    0.054366    0.985330    0.982942    0.991453    1.000000    0.964331    2800        67.065868   3.559003    0.112179    0.029059    0.020767    0.020767    0.052508    0.000000    0.000011    0.000000    3.446824    1.000000    0.000000    0.000000    1.766009    1.764032    0.982817    2.749521    2.543203    0.000119    -0.000187   0.926650    26.388453  
[37m[36mINFO[0m[0m 09/02 13:13:03 | 0.973348    0.976496    0.000000    0.977908    0.080491    0.990220    0.973348    0.976496    0.997006    0.946497    2900        69.461078   3.549183    0.104587    0.025339    0.019804    0.019804    0.050579    0.000000    0.000006    0.000000    3.444596    1.000000    0.000000    0.000000    1.804584    1.795684    0.982382    2.790062    2.576599    0.000026    -0.000342   0.936885    25.025668  
[37m[36mINFO[0m[0m 09/02 13:15:04 | 0.981876    0.985043    0.000000    0.983152    0.051120    0.990220    0.981876    0.985043    1.000000    0.959236    3000        71.856287   3.515541    0.076562    0.019982    0.014139    0.014139    0.049231    0.000000    0.000005    0.000000    3.438978    1.000000    0.000000    0.000000    1.833290    1.819931    0.982617    2.807605    2.595648    -0.000110   -0.000827   0.938671    27.038207  
[37m[36mINFO[0m[0m 09/02 13:17:03 | 0.978678    0.982906    0.000000    0.983003    0.059580    0.990220    0.978678    0.982906    0.997006    0.961783    3100        74.251497   3.504230    0.069973    0.016022    0.013481    0.013481    0.042662    0.000000    0.000005    0.000000    3.434258    1.000000    0.000000    0.000000    1.864914    1.855428    0.983425    2.829513    2.611761    0.000079    -0.000610   0.924300    26.644881  
[37m[36mINFO[0m[0m 09/02 13:19:05 | 0.972281    0.982906    0.000000    0.980031    0.065005    0.990220    0.972281    0.982906    0.997006    0.952866    3200        76.646707   3.498443    0.067259    0.016103    0.012783    0.012783    0.041387    0.000000    0.000005    0.000000    3.431185    1.000000    0.000000    0.000000    1.882516    1.869429    0.983263    2.838306    2.620627    -0.000088   -0.000757   0.937163    27.705653  
[37m[36mINFO[0m[0m 09/02 13:21:08 | 0.982942    0.980769    0.000000    0.983611    0.058870    0.987775    0.982942    0.980769    1.000000    0.963057    3300        79.041916   3.496004    0.066154    0.015476    0.012664    0.012664    0.041556    0.000000    0.000004    0.000000    3.429851    1.000000    0.000000    0.000000    1.913382    1.902185    0.983771    2.862331    2.643387    0.000002    -0.000753   0.923646    31.128293  
[37m[36mINFO[0m[0m 09/02 13:23:10 | 0.978145    0.980769    0.000000    0.985241    0.055295    0.992665    0.978145    0.980769    1.000000    0.963057    3400        81.437126   3.514497    0.077233    0.018627    0.014647    0.014647    0.050729    0.000000    0.000004    0.000000    3.437263    1.000000    0.000000    0.000000    1.932151    1.927994    0.983109    2.890528    2.669544    -0.000007   -0.000724   0.947811    26.860553  
[37m[36mINFO[0m[0m 09/02 13:25:11 | 0.968550    0.976496    0.000000    0.968450    0.106534    0.968215    0.968550    0.976496    0.997006    0.940127    3500        83.832335   3.539151    0.097494    0.022221    0.018812    0.018812    0.057258    0.000000    0.000005    0.000000    3.441657    1.000000    0.000000    0.000000    1.965813    1.955843    0.983575    2.941501    2.712299    0.000059    -0.000353   0.932722    27.523502  
[37m[36mINFO[0m[0m 09/02 13:27:10 | 0.976546    0.982906    0.000000    0.984035    0.052784    0.987775    0.976546    0.982906    1.000000    0.964331    3600        86.227545   3.502941    0.068037    0.018646    0.012342    0.012342    0.039843    0.000000    0.000005    0.000000    3.434904    1.000000    0.000000    0.000000    2.027500    2.016475    0.984348    2.987101    2.753559    -0.000098   -0.000617   0.935944    25.368052  
[37m[36mINFO[0m[0m 09/02 13:29:08 | 0.969083    0.978632    0.000000    0.977127    0.077997    0.985330    0.969083    0.978632    0.997006    0.949045    3700        88.622754   3.503449    0.067733    0.015972    0.012936    0.012936    0.045827    0.000000    0.000003    0.000000    3.435715    1.000000    0.000000    0.000000    2.012578    2.001160    0.983621    3.026377    2.786809    0.000072    -0.000546   0.921850    26.598991  
[37m[36mINFO[0m[0m 09/02 13:31:07 | 0.978678    0.976496    0.000000    0.982830    0.061884    0.982885    0.978678    0.976496    1.000000    0.965605    3800        91.017964   3.499227    0.070987    0.019504    0.012866    0.012866    0.046153    0.000000    0.000004    0.000000    3.428240    1.000000    0.000000    0.000000    2.035429    2.026192    0.983472    3.089312    2.846052    0.000070    -0.000380   0.934849    25.441255  
[37m[36mINFO[0m[0m 09/02 13:33:05 | 0.979744    0.985043    0.000000    0.977310    0.082321    0.982885    0.979744    0.985043    1.000000    0.949045    3900        93.413174   3.515803    0.084179    0.021708    0.015614    0.015614    0.041263    0.000000    0.000003    0.000000    3.431624    1.000000    0.000000    0.000000    2.077868    2.065860    0.983819    3.132961    2.882496    -0.000068   -0.000496   0.916412    26.088120  
[37m[36mINFO[0m[0m 09/02 13:35:04 | 0.979744    0.978632    0.000000    0.985241    0.053581    0.992665    0.979744    0.978632    1.000000    0.963057    4000        95.808383   3.498871    0.064327    0.018317    0.011499    0.011499    0.050332    0.000000    0.000003    0.000000    3.434544    1.000000    0.000000    0.000000    2.087014    2.075628    0.983269    3.187154    2.931618    -0.000035   -0.000625   0.919892    26.746958  
[37m[36mINFO[0m[0m 09/02 13:37:03 | 0.981343    0.982906    0.000000    0.980707    0.074035    0.982885    0.981343    0.982906    1.000000    0.959236    4100        98.203593   3.494996    0.058745    0.013767    0.011241    0.011241    0.048443    0.000000    0.000003    0.000000    3.436251    1.000000    0.000000    0.000000    2.108204    2.099167    0.983522    3.256681    2.994273    -0.000055   -0.000616   0.930443    26.098131  
[37m[36mINFO[0m[0m 09/02 13:39:02 | 0.979744    0.985043    0.000000    0.984885    0.055048    0.987775    0.979744    0.985043    1.000000    0.966879    4200        100.598802  3.494530    0.065301    0.016140    0.012285    0.012285    0.043150    0.000000    0.000004    0.000000    3.429229    1.000000    0.000000    0.000000    2.144575    2.132524    0.983632    3.301705    3.038968    -0.000023   -0.000522   0.914593    27.659655  
[37m[36mINFO[0m[0m 09/02 13:41:01 | 0.972281    0.978632    0.000000    0.982120    0.067874    0.992665    0.972281    0.978632    0.997006    0.956688    4300        102.994012  3.496469    0.060231    0.016868    0.010837    0.010837    0.045810    0.000000    0.000003    0.000000    3.436238    1.000000    0.000000    0.000000    2.157994    2.147837    0.983786    3.408516    3.130515    0.000042    -0.000389   0.934748    25.654399  
[37m[36mINFO[0m[0m 09/02 13:43:01 | 0.974414    0.978632    0.000000    0.981063    0.079291    0.987775    0.974414    0.978632    1.000000    0.955414    4400        105.389222  3.500196    0.066041    0.015232    0.012698    0.012698    0.045411    0.000000    0.000004    0.000000    3.434155    1.000000    0.000000    0.000000    2.179875    2.167691    0.983477    3.459351    3.174551    0.000004    -0.000570   0.925494    26.876861  
[37m[36mINFO[0m[0m 09/02 13:44:59 | 0.978145    0.974359    0.000000    0.983611    0.052585    0.987775    0.978145    0.974359    1.000000    0.963057    4500        107.784431  3.518977    0.090306    0.035848    0.013609    0.013609    0.046945    0.000000    0.000004    0.000000    3.428671    1.000000    0.000000    0.000000    2.198399    2.188163    0.983773    3.520894    3.232128    -0.000114   -0.000834   0.915989    26.680363  
[37m[36mINFO[0m[0m 09/02 13:46:59 | 0.981343    0.976496    0.000000    0.983220    0.056353    0.985330    0.981343    0.976496    1.000000    0.964331    4600        110.179641  3.519383    0.091949    0.031492    0.015102    0.015102    0.043596    0.000000    0.000010    0.000000    3.427434    1.000000    0.000000    0.000000    2.281037    2.271561    0.984620    3.720199    3.413430    0.000102    -0.000448   0.928201    26.733280  
[37m[36mINFO[0m[0m 09/02 13:48:59 | 0.966418    0.972222    0.000000    0.980180    0.073554    0.990220    0.966418    0.972222    1.000000    0.950318    4700        112.574850  3.485517    0.059338    0.020082    0.009811    0.009811    0.038936    0.000000    0.000003    0.000000    3.426178    1.000000    0.000000    0.000000    2.287840    2.277581    0.984091    3.900868    3.576795    -0.000121   -0.000860   0.935524    26.685889  
[37m[36mINFO[0m[0m 09/02 13:50:58 | 0.977079    0.978632    0.000000    0.981522    0.059692    0.985330    0.977079    0.978632    1.000000    0.959236    4800        114.970060  3.492146    0.058195    0.016792    0.010348    0.010348    0.055250    0.000000    0.000003    0.000000    3.433951    1.000000    0.000000    0.000000    2.310493    2.298737    0.983585    3.913279    3.587426    -0.000047   -0.000727   0.915826    27.058200  
[37m[36mINFO[0m[0m 09/02 13:52:44 | 0.973348    0.978632    0.000000    0.980995    0.066860    0.992665    0.973348    0.978632    1.000000    0.950318    4900        117.365269  3.508010    0.075811    0.023541    0.013064    0.013064    0.049573    0.000000    0.000003    0.000000    3.432199    1.000000    0.000000    0.000000    2.331983    2.323608    0.983448    3.935107    3.607740    -0.000040   -0.000625   0.800561    25.951031  
[37m[36mINFO[0m[0m 09/02 13:54:41 | 0.969616    0.972222    0.000000    0.975577    0.094949    0.985330    0.969616    0.972222    1.000000    0.941401    5000        119.760479  3.486130    0.051604    0.014371    0.009305    0.009305    0.045935    0.000000    0.000002    0.000000    3.434527    1.000000    0.000000    0.000000    2.351981    2.341077    0.983195    3.941848    3.616126    -0.000031   -0.000784   0.910649    26.593302  
[37m[36mINFO[0m[0m 09/02 13:54:41 | ---
[37m[36mINFO[0m[0m 09/02 13:54:41 | oracle = 98.721%
[37m[36mINFO[0m[0m 09/02 13:54:41 | iid = 98.241%
[37m[36mINFO[0m[0m 09/02 13:54:41 | last = 96.962%
[37m[36mINFO[0m[0m 09/02 13:54:41 | last (inD) = 97.558%
[37m[36mINFO[0m[0m 09/02 13:54:41 | iid (inD) = 98.524%
[37m[36mINFO[0m[0m 09/02 13:54:42 | 
[37m[36mINFO[0m[0m 09/02 13:54:47 | Testenv name escaping te_photo -> te_photo
[37m[36mINFO[0m[0m 09/02 13:54:47 | Test envs = [2], name = te_photo
[37m[36mINFO[0m[0m 09/02 13:54:47 | Batch sizes for each domain: [32, 32, 0, 32] (total=96)
[37m[36mINFO[0m[0m 09/02 13:54:47 | steps-per-epoch for each domain: 51.22, 58.62, 98.25 -> min = 51.22
[37m[36mINFO[0m[0m 09/02 13:55:07 | # of params = 151206401
[37m[36mINFO[0m[0m 09/02 13:55:33 | test_in     test_out    train_in    train_out   tr_outloss  env0_out    env1_out    env2_in     env2_out    env3_out    step        epoch       total_loss  cipt_base_  cipt_cls_l  cipt_de_lo  cipt_de_or  cipt_de_au  aug_decomp  cipt_ind_l  causal_con  dccl_contr  contrastiv  pre_cl_los  reg_loss    mean_e_nor  mean_e_aug  mean_e_aug  mean_s_nor  mean_s_aug  mean_es_co  mean_e_aug  step_time   eval_time  
[37m[36mINFO[0m[0m 09/02 13:55:33 | 0.122006    0.128743    0.000000    0.205105    2.973416    0.229829    0.188034    0.122006    0.128743    0.197452    0           0.000000    13.612921   13.603091   2.650863    2.736915    2.736915    2.792114    0.000000    0.000914    0.000000    4.914986    0.002000    0.000000    0.000000    0.818004    0.820919    0.964447    0.835649    0.837173    -0.026722   -0.034110   0.689801    24.668689  
[37m[36mINFO[0m[0m 09/02 13:57:30 | 0.997754    1.000000    0.000000    0.977734    0.074267    0.992665    0.997863    0.997754    1.000000    0.942675    100         1.952410    1.325150    0.926197    0.219004    0.176322    0.176322    0.201350    0.000000    0.000381    0.000000    3.996433    0.103000    0.000000    0.000000    0.937672    0.932409    0.967214    1.294435    1.269049    0.006574    0.000676    0.923400    25.105632  
[37m[36mINFO[0m[0m 09/02 13:59:29 | 0.997754    1.000000    0.000000    0.977803    0.062260    0.987775    0.997863    0.997754    1.000000    0.947771    200         3.904820    1.353210    0.238131    0.049941    0.046941    0.046941    0.071381    0.000000    0.000085    0.000000    3.686067    0.303000    0.000000    0.000000    0.878114    0.872377    0.962200    1.412246    1.376711    -0.000162   -0.005463   0.939035    24.350550  
[37m[36mINFO[0m[0m 09/02 14:01:24 | 0.998503    1.000000    0.000000    0.979536    0.060381    0.985330    0.997863    0.998503    1.000000    0.955414    300         5.857230    2.037128    0.218690    0.046351    0.043010    0.043010    0.069907    0.000000    0.000060    0.000000    3.615647    0.503000    0.000000    0.000000    0.863118    0.854963    0.961954    1.435207    1.396295    -0.000432   -0.004322   0.908413    25.073057  
[37m[36mINFO[0m[0m 09/02 14:03:21 | 0.997006    1.000000    0.000000    0.980707    0.070923    0.992665    0.997863    0.997006    1.000000    0.951592    400         7.809640    2.726812    0.214283    0.044839    0.042305    0.042305    0.062700    0.000000    0.000045    0.000000    3.575361    0.703000    0.000000    0.000000    0.899138    0.891084    0.966806    1.448162    1.407988    -0.000298   -0.003366   0.916254    25.105488  
[37m[36mINFO[0m[0m 09/02 14:05:16 | 0.997754    1.000000    0.000000    0.979570    0.055382    0.982885    0.997863    0.997754    1.000000    0.957962    500         9.762050    3.391985    0.191559    0.040949    0.037610    0.037610    0.069792    0.000000    0.000034    0.000000    3.544786    0.902980    0.000000    0.000000    0.942551    0.933241    0.969289    1.467223    1.425608    -0.000133   -0.002847   0.914989    23.591967  
[37m[36mINFO[0m[0m 09/02 14:07:13 | 0.990269    0.997006    0.000000    0.972557    0.085722    0.987775    0.993590    0.990269    0.997006    0.936306    600         11.714460   3.698777    0.167780    0.038633    0.032251    0.032251    0.063480    0.000000    0.000028    0.000000    3.530997    1.000000    0.000000    0.000000    0.984479    0.974869    0.971240    1.486554    1.443397    -0.000142   -0.002260   0.914208    25.200387  
[37m[36mINFO[0m[0m 09/02 14:09:10 | 0.997006    1.000000    0.000000    0.980741    0.061315    0.990220    0.997863    0.997006    1.000000    0.954140    700         13.666870   3.705320    0.184919    0.042883    0.035481    0.035481    0.061925    0.000000    0.000023    0.000000    3.520401    1.000000    0.000000    0.000000    1.045234    1.033850    0.974089    1.502564    1.457828    -0.000239   -0.002116   0.925256    24.711314  
[37m[36mINFO[0m[0m 09/02 14:11:06 | 0.997006    1.000000    0.000000    0.973625    0.060132    0.982885    0.997863    0.997006    1.000000    0.940127    800         15.619280   3.677041    0.162470    0.034022    0.032090    0.032090    0.055476    0.000000    0.000018    0.000000    3.514570    1.000000    0.000000    0.000000    1.069194    1.057002    0.975792    1.528756    1.480880    -0.000059   -0.001877   0.913155    24.140661  
[37m[36mINFO[0m[0m 09/02 14:13:03 | 0.995509    1.000000    0.000000    0.977906    0.074422    0.990220    0.995726    0.995509    1.000000    0.947771    900         17.571690   3.675160    0.165562    0.037084    0.032099    0.032099    0.061134    0.000000    0.000017    0.000000    3.509597    1.000000    0.000000    0.000000    1.104141    1.092424    0.976165    1.549711    1.500342    -0.000134   -0.001713   0.926808    24.179209  
[37m[36mINFO[0m[0m 09/02 14:15:00 | 0.995509    1.000000    0.000000    0.982152    0.052364    0.990220    0.995726    0.995509    1.000000    0.960510    1000        19.524100   3.656039    0.155259    0.036477    0.029678    0.029678    0.060716    0.000000    0.000014    0.000000    3.500780    1.000000    0.000000    0.000000    1.147876    1.135348    0.977355    1.590643    1.538847    -0.000094   -0.001548   0.936599    23.353610  
[37m[36mINFO[0m[0m 09/02 14:16:55 | 0.996257    1.000000    0.000000    0.974865    0.075838    0.985330    0.997863    0.996257    1.000000    0.941401    1100        21.476510   3.620906    0.129451    0.028448    0.025236    0.025236    0.049530    0.000000    0.000012    0.000000    3.491455    1.000000    0.000000    0.000000    1.180072    1.167750    0.978413    1.619840    1.565157    -0.000122   -0.001634   0.913156    23.461809  
[37m[36mINFO[0m[0m 09/02 14:18:52 | 0.997006    1.000000    0.000000    0.979604    0.063747    0.990220    0.995726    0.997006    1.000000    0.952866    1200        23.428920   3.623932    0.134394    0.029075    0.026316    0.026316    0.055286    0.000000    0.000011    0.000000    3.489537    1.000000    0.000000    0.000000    1.195999    1.181251    0.977955    1.679158    1.619218    -0.000173   -0.001670   0.926902    24.211988  
[37m[36mINFO[0m[0m 09/02 14:20:48 | 0.997006    1.000000    0.000000    0.978262    0.067439    0.985330    0.997863    0.997006    1.000000    0.951592    1300        25.381330   3.614812    0.123938    0.027142    0.024188    0.024188    0.050644    0.000000    0.000009    0.000000    3.490874    1.000000    0.000000    0.000000    1.221560    1.208098    0.978495    1.725957    1.664078    0.000035    -0.001407   0.920188    24.044145  
[37m[36mINFO[0m[0m 09/02 14:22:44 | 0.994760    1.000000    0.000000    0.975461    0.074690    0.982885    0.995726    0.994760    1.000000    0.947771    1400        27.333740   3.634391    0.137573    0.030684    0.026711    0.026711    0.063058    0.000000    0.000009    0.000000    3.496818    1.000000    0.000000    0.000000    1.237536    1.222588    0.978172    1.740430    1.676786    -0.000041   -0.001401   0.919058    24.256948  
[37m[36mINFO[0m[0m 09/02 14:24:42 | 0.996257    1.000000    0.000000    0.979536    0.062221    0.985330    0.997863    0.996257    1.000000    0.955414    1500        29.286150   3.652356    0.159588    0.036917    0.030656    0.030656    0.054750    0.000000    0.000009    0.000000    3.492768    1.000000    0.000000    0.000000    1.278240    1.266002    0.979226    1.763883    1.697602    -0.000229   -0.001492   0.935360    24.739612  
[37m[36mINFO[0m[0m 09/02 14:26:38 | 0.996257    1.000000    0.000000    0.978755    0.061601    0.980440    0.997863    0.996257    1.000000    0.957962    1600        31.238560   3.597148    0.107798    0.024745    0.020753    0.020753    0.058904    0.000000    0.000008    0.000000    3.489350    1.000000    0.000000    0.000000    1.293359    1.280327    0.978472    1.830467    1.758031    -0.000082   -0.001515   0.917707    24.502710  
[37m[36mINFO[0m[0m 09/02 14:28:35 | 0.988772    0.991018    0.000000    0.974543    0.083701    0.987775    0.995726    0.988772    0.991018    0.940127    1700        33.190970   3.605826    0.114008    0.025669    0.022076    0.022076    0.059439    0.000000    0.000007    0.000000    3.491818    1.000000    0.000000    0.000000    1.321825    1.310411    0.979088    1.872054    1.797928    0.000053    -0.001133   0.917595    24.694116  
[37m[36mINFO[0m[0m 09/02 14:30:32 | 0.991766    0.994012    0.000000    0.978146    0.068980    0.982885    0.993590    0.991766    0.994012    0.957962    1800        35.143380   3.584664    0.100386    0.024989    0.018841    0.018841    0.057205    0.000000    0.000007    0.000000    3.484278    1.000000    0.000000    0.000000    1.341931    1.332349    0.979389    1.905902    1.828562    -0.000075   -0.001299   0.928846    24.116503  
[37m[36mINFO[0m[0m 09/02 14:32:27 | 0.993263    0.991018    0.000000    0.980454    0.061111    0.990220    0.995726    0.993263    0.991018    0.955414    1900        37.095790   3.555737    0.077335    0.019534    0.014442    0.014442    0.054931    0.000000    0.000007    0.000000    3.478402    1.000000    0.000000    0.000000    1.359190    1.344353    0.979696    1.957527    1.876704    -0.000175   -0.001484   0.920869    23.203433  
[37m[36mINFO[0m[0m 09/02 14:34:23 | 0.994760    0.994012    0.000000    0.977755    0.061678    0.980440    0.993590    0.994760    0.994012    0.959236    2000        39.048200   3.578401    0.101669    0.027811    0.018458    0.018458    0.054544    0.000000    0.000005    0.000000    3.476732    1.000000    0.000000    0.000000    1.395415    1.381956    0.979920    2.019264    1.931909    -0.000049   -0.001288   0.912337    24.061677  
[37m[36mINFO[0m[0m 09/02 14:36:19 | 0.990269    0.991018    0.000000    0.978789    0.075768    0.987775    0.995726    0.990269    0.991018    0.952866    2100        41.000610   3.580616    0.103208    0.026255    0.019232    0.019232    0.054210    0.000000    0.000005    0.000000    3.477409    1.000000    0.000000    0.000000    1.419842    1.407914    0.980263    2.067994    1.977215    -0.000050   -0.001126   0.920090    24.157538  
[37m[36mINFO[0m[0m 09/02 14:38:15 | 0.991766    0.994012    0.000000    0.980166    0.057380    0.990220    0.993590    0.991766    0.994012    0.956688    2200        42.953020   3.595476    0.116617    0.033721    0.020717    0.020717    0.048302    0.000000    0.000006    0.000000    3.478860    1.000000    0.000000    0.000000    1.456320    1.442166    0.980827    2.105616    2.012524    -0.000088   -0.001148   0.921389    23.953898  
[37m[36mINFO[0m[0m 09/02 14:40:11 | 0.995509    1.000000    0.000000    0.978433    0.064967    0.982885    0.995726    0.995509    1.000000    0.956688    2300        44.905430   3.556632    0.082369    0.021988    0.015089    0.015089    0.056350    0.000000    0.000005    0.000000    3.474263    1.000000    0.000000    0.000000    1.484167    1.468903    0.980350    2.151459    2.053287    0.000008    -0.000840   0.928492    23.280899  
[37m[36mINFO[0m[0m 09/02 14:42:07 | 0.991018    0.991018    0.000000    0.973899    0.076285    0.982885    0.993590    0.991018    0.991018    0.945223    2400        46.857840   3.599596    0.116756    0.033600    0.020783    0.020783    0.061048    0.000000    0.000005    0.000000    3.482840    1.000000    0.000000    0.000000    1.513484    1.497931    0.980529    2.194057    2.096009    -0.000161   -0.001091   0.917119    24.379826  
[37m[36mINFO[0m[0m 09/02 14:44:06 | 0.987275    0.985030    0.000000    0.963167    0.114040    0.980440    0.989316    0.987275    0.985030    0.919745    2500        48.810250   3.566446    0.092901    0.022464    0.017604    0.017604    0.052951    0.000000    0.000004    0.000000    3.473545    1.000000    0.000000    0.000000    1.533601    1.522379    0.980745    2.222279    2.121270    -0.000057   -0.000912   0.947048    24.253168  
[37m[36mINFO[0m[0m 09/02 14:46:02 | 0.994012    0.994012    0.000000    0.978399    0.060026    0.985330    0.995726    0.994012    0.994012    0.954140    2600        50.762660   3.571122    0.103254    0.026580    0.019163    0.019163    0.051541    0.000000    0.000005    0.000000    3.467867    1.000000    0.000000    0.000000    1.574714    1.554943    0.981172    2.269659    2.161786    0.000016    -0.000793   0.912886    24.632881  
[37m[36mINFO[0m[0m 09/02 14:48:00 | 0.991018    0.994012    0.000000    0.979639    0.061577    0.987775    0.995726    0.991018    0.994012    0.955414    2700        52.715070   3.567769    0.088336    0.020604    0.016928    0.016928    0.059060    0.000000    0.000004    0.000000    3.479433    1.000000    0.000000    0.000000    1.588009    1.573944    0.980900    2.319520    2.210852    -0.000078   -0.000943   0.936517    24.504523  
[37m[36mINFO[0m[0m 09/02 14:50:01 | 0.992515    0.994012    0.000000    0.978077    0.066736    0.977995    0.995726    0.992515    0.994012    0.960510    2800        54.667480   3.570748    0.092498    0.021152    0.017831    0.017831    0.050428    0.000000    0.000004    0.000000    3.478251    1.000000    0.000000    0.000000    1.609442    1.592793    0.981585    2.406130    2.292195    -0.000066   -0.001071   0.928428    27.439928  
[37m[36mINFO[0m[0m 09/02 14:52:00 | 0.992515    0.994012    0.000000    0.976666    0.080307    0.977995    0.997863    0.992515    0.994012    0.954140    2900        56.619890   3.557326    0.089003    0.023461    0.016381    0.016381    0.060190    0.000000    0.000004    0.000000    3.468323    1.000000    0.000000    0.000000    1.622903    1.608924    0.981475    2.451016    2.331579    -0.000041   -0.000955   0.938536    25.187959  
[37m[36mINFO[0m[0m 09/02 14:53:56 | 0.988024    0.991018    0.000000    0.978146    0.064638    0.982885    0.993590    0.988024    0.991018    0.957962    3000        58.572300   3.578455    0.108388    0.037862    0.017628    0.017628    0.051771    0.000000    0.000003    0.000000    3.470067    1.000000    0.000000    0.000000    1.680755    1.666565    0.981963    2.496362    2.374978    -0.000146   -0.000842   0.924096    23.750583  
[37m[36mINFO[0m[0m 09/02 14:55:54 | 0.993263    0.994012    0.000000    0.978077    0.065331    0.977995    0.995726    0.993263    0.994012    0.960510    3100        60.524710   3.530394    0.066264    0.015741    0.012626    0.012626    0.055171    0.000000    0.000003    0.000000    3.464130    1.000000    0.000000    0.000000    1.674735    1.659520    0.981338    2.527490    2.402822    0.000087    -0.000474   0.934098    24.484661  
[37m[36mINFO[0m[0m 09/02 14:57:50 | 0.983533    0.988024    0.000000    0.978009    0.097628    0.982885    0.995726    0.983533    0.988024    0.955414    3200        62.477120   3.540216    0.071861    0.016868    0.013745    0.013745    0.055268    0.000000    0.000003    0.000000    3.468355    1.000000    0.000000    0.000000    1.691115    1.675476    0.981005    2.603492    2.472241    -0.000156   -0.000767   0.918928    23.978371  
[37m[36mINFO[0m[0m 09/02 14:59:46 | 0.992515    0.991018    0.000000    0.978009    0.074769    0.982885    0.995726    0.992515    0.991018    0.955414    3300        64.429530   3.543146    0.077438    0.019554    0.014467    0.014467    0.055608    0.000000    0.000003    0.000000    3.465708    1.000000    0.000000    0.000000    1.710706    1.691770    0.981203    2.687906    2.551724    -0.000056   -0.000833   0.919408    24.116216  
[37m[36mINFO[0m[0m 09/02 15:01:45 | 0.993263    0.988024    0.000000    0.977974    0.074770    0.985330    0.995726    0.993263    0.988024    0.952866    3400        66.381940   3.567119    0.091434    0.022344    0.017269    0.017269    0.062603    0.000000    0.000002    0.000000    3.475685    1.000000    0.000000    0.000000    1.764482    1.745579    0.981145    2.746957    2.603100    -0.000037   -0.000661   0.946212    24.290443  
[37m[36mINFO[0m[0m 09/02 15:03:42 | 0.985778    0.988024    0.000000    0.976057    0.066801    0.980440    0.993590    0.985778    0.988024    0.954140    3500        68.334350   3.558689    0.083826    0.021645    0.015541    0.015541    0.056674    0.000000    0.000003    0.000000    3.474863    1.000000    0.000000    0.000000    1.783361    1.766274    0.981081    2.784352    2.641595    -0.000096   -0.000597   0.934778    24.053756  
[37m[36mINFO[0m[0m 09/02 15:05:39 | 0.985778    0.985030    0.000000    0.975036    0.075066    0.982885    0.995726    0.985778    0.985030    0.946497    3600        70.286760   3.527055    0.069718    0.022504    0.011800    0.011800    0.050850    0.000000    0.000003    0.000000    3.457337    1.000000    0.000000    0.000000    1.795926    1.779898    0.982050    2.811640    2.668293    0.000034    -0.000537   0.926248    24.334127  
[37m[36mINFO[0m[0m 09/02 15:07:35 | 0.991766    0.994012    0.000000    0.973831    0.090042    0.977995    0.995726    0.991766    0.994012    0.947771    3700        72.239170   3.551009    0.090572    0.034517    0.014010    0.014010    0.047483    0.000000    0.000003    0.000000    3.460437    1.000000    0.000000    0.000000    1.869688    1.850488    0.982209    2.858234    2.711447    -0.000088   -0.000578   0.920727    23.905283  
[37m[36mINFO[0m[0m 09/02 15:09:32 | 0.989521    0.988024    0.000000    0.975070    0.097467    0.990220    0.993590    0.989521    0.988024    0.941401    3800        74.191580   3.556420    0.089934    0.026416    0.015876    0.015876    0.054860    0.000000    0.000003    0.000000    3.466486    1.000000    0.000000    0.000000    1.882975    1.858937    0.982260    2.903620    2.752406    -0.000057   -0.000446   0.924953    23.957409  
[37m[36mINFO[0m[0m 09/02 15:11:28 | 0.985778    0.985030    0.000000    0.979282    0.080294    0.982885    0.995726    0.985778    0.985030    0.959236    3900        76.143990   3.558471    0.087269    0.025311    0.015486    0.015486    0.053956    0.000000    0.000003    0.000000    3.471202    1.000000    0.000000    0.000000    1.915129    1.895668    0.981749    2.946039    2.791236    -0.000047   -0.000631   0.924116    23.777253  
[37m[36mINFO[0m[0m 09/02 15:13:25 | 0.985030    0.991018    0.000000    0.972591    0.089222    0.975550    0.995726    0.985030    0.991018    0.946497    4000        78.096400   3.560161    0.089039    0.022601    0.016604    0.016604    0.059203    0.000000    0.000004    0.000000    3.471123    1.000000    0.000000    0.000000    1.930303    1.907265    0.981711    3.033248    2.871193    -0.000075   -0.000605   0.934896    23.772151  
[37m[36mINFO[0m[0m 09/02 15:15:21 | 0.976048    0.979042    0.000000    0.970961    0.092915    0.980440    0.993590    0.976048    0.979042    0.938854    4100        80.048810   3.551226    0.082474    0.024862    0.014399    0.014399    0.063770    0.000000    0.000003    0.000000    3.468751    1.000000    0.000000    0.000000    1.947406    1.928402    0.981976    3.134316    2.966204    -0.000142   -0.000663   0.929659    23.189668  
[37m[36mINFO[0m[0m 09/02 15:17:19 | 0.991766    0.994012    0.000000    0.976803    0.073407    0.977995    0.995726    0.991766    0.994012    0.956688    4200        82.001220   3.539149    0.074488    0.020291    0.013546    0.013546    0.056740    0.000000    0.000003    0.000000    3.464662    1.000000    0.000000    0.000000    1.983743    1.962791    0.982252    3.196445    3.021461    -0.000018   -0.000466   0.929770    24.246469  
[37m[36mINFO[0m[0m 09/02 15:19:17 | 0.985030    0.985030    0.000000    0.972947    0.084212    0.980440    0.995726    0.985030    0.985030    0.942675    4300        83.953630   3.532074    0.061959    0.013966    0.011995    0.011995    0.059883    0.000000    0.000002    0.000000    3.470115    1.000000    0.000000    0.000000    1.991127    1.970381    0.981408    3.260324    3.083827    -0.000053   -0.000479   0.944392    23.673267  
[37m[36mINFO[0m[0m 09/02 15:21:14 | 0.985778    0.991018    0.000000    0.977194    0.078661    0.980440    0.995726    0.985778    0.991018    0.955414    4400        85.906040   3.504585    0.045059    0.010143    0.008726    0.008726    0.053359    0.000000    0.000003    0.000000    3.459526    1.000000    0.000000    0.000000    1.992170    1.968618    0.981530    3.360677    3.174019    -0.000037   -0.000580   0.928488    24.104995  
[37m[36mINFO[0m[0m 09/02 15:23:10 | 0.994012    0.988024    0.000000    0.977755    0.075572    0.980440    0.993590    0.994012    0.988024    0.959236    4500        87.858450   3.563451    0.092482    0.025306    0.016789    0.016789    0.066666    0.000000    0.000004    0.000000    3.470969    1.000000    0.000000    0.000000    2.051917    2.032010    0.982131    3.451346    3.259880    -0.000086   -0.000576   0.924493    23.989386  
[37m[36mINFO[0m[0m 09/02 15:25:07 | 0.985778    0.982036    0.000000    0.971167    0.086194    0.975550    0.991453    0.985778    0.982036    0.946497    4600        89.810860   3.524765    0.061309    0.015948    0.011337    0.011337    0.060954    0.000000    0.000002    0.000000    3.463456    1.000000    0.000000    0.000000    2.064440    2.041455    0.981807    3.496547    3.305494    -0.000058   -0.000538   0.932479    23.078847  
[37m[36mINFO[0m[0m 09/02 15:27:04 | 0.988024    0.985030    0.000000    0.972660    0.102798    0.980440    0.993590    0.988024    0.985030    0.943949    4700        91.763270   3.532715    0.063912    0.015396    0.012126    0.012126    0.062083    0.000000    0.000002    0.000000    3.468803    1.000000    0.000000    0.000000    2.073992    2.051042    0.981373    3.537252    3.342527    -0.000040   -0.000504   0.932614    23.984605  
[37m[36mINFO[0m[0m 09/02 15:29:01 | 0.991018    0.988024    0.000000    0.968906    0.101646    0.975550    0.993590    0.991018    0.988024    0.937580    4800        93.715680   3.527847    0.066189    0.019312    0.011716    0.011716    0.051585    0.000000    0.000002    0.000000    3.461658    1.000000    0.000000    0.000000    2.112832    2.088309    0.982315    3.564458    3.364628    0.000022    -0.000320   0.922278    24.411890  
[37m[36mINFO[0m[0m 09/02 15:30:45 | 0.992515    0.988024    0.000000    0.976379    0.072901    0.977995    0.995726    0.992515    0.988024    0.955414    4900        95.668090   3.542143    0.074663    0.020906    0.013436    0.013436    0.061058    0.000000    0.000002    0.000000    3.467480    1.000000    0.000000    0.000000    2.155405    2.130011    0.982385    3.596249    3.395691    0.000011    -0.000422   0.802773    24.085940  
[37m[36mINFO[0m[0m 09/02 15:32:42 | 0.985778    0.988024    0.000000    0.979214    0.068950    0.977995    0.997863    0.985778    0.988024    0.961783    5000        97.620500   3.537692    0.075998    0.023471    0.013129    0.013129    0.066338    0.000000    0.000002    0.000000    3.461695    1.000000    0.000000    0.000000    2.187519    2.160901    0.982304    3.613457    3.408927    -0.000113   -0.000480   0.931254    23.736609  
[37m[36mINFO[0m[0m 09/02 15:32:42 | ---
[37m[36mINFO[0m[0m 09/02 15:32:42 | oracle = 99.775%
[37m[36mINFO[0m[0m 09/02 15:32:42 | iid = 99.551%
[37m[36mINFO[0m[0m 09/02 15:32:42 | last = 98.578%
[37m[36mINFO[0m[0m 09/02 15:32:42 | last (inD) = 97.921%
[37m[36mINFO[0m[0m 09/02 15:32:42 | iid (inD) = 98.215%
[37m[36mINFO[0m[0m 09/02 15:32:42 | 
[37m[36mINFO[0m[0m 09/02 15:32:47 | Testenv name escaping te_sketch -> te_sketch
[37m[36mINFO[0m[0m 09/02 15:32:47 | Test envs = [3], name = te_sketch
[37m[36mINFO[0m[0m 09/02 15:32:47 | Batch sizes for each domain: [32, 32, 32, 0] (total=96)
[37m[36mINFO[0m[0m 09/02 15:32:47 | steps-per-epoch for each domain: 51.22, 58.62, 41.75 -> min = 41.75
[37m[36mINFO[0m[0m 09/02 15:33:13 | # of params = 151206401
[37m[36mINFO[0m[0m 09/02 15:33:47 | test_in     test_out    train_in    train_out   tr_outloss  env0_out    env1_out    env2_out    env3_in     env3_out    step        epoch       total_loss  cipt_base_  cipt_cls_l  cipt_de_lo  cipt_de_or  cipt_de_au  aug_decomp  cipt_ind_l  causal_con  dccl_contr  contrastiv  pre_cl_los  reg_loss    mean_e_nor  mean_e_aug  mean_e_aug  mean_s_nor  mean_s_aug  mean_es_co  mean_e_aug  step_time   eval_time  
[37m[36mINFO[0m[0m 09/02 15:33:47 | 0.020992    0.024204    0.000000    0.152631    2.300134    0.139364    0.138889    0.179641    0.020992    0.024204    0           0.000000    15.723387   15.713596   2.804240    3.226165    3.226165    3.244300    0.000000    0.000939    0.000000    4.894982    0.002000    0.000000    0.000000    0.845227    0.841365    0.956772    0.806901    0.808508    -0.033293   -0.028432   1.045118    33.255282  
[37m[36mINFO[0m[0m 09/02 15:35:53 | 0.894720    0.908280    0.000000    0.993686    0.020731    0.985330    0.995726    1.000000    0.894720    0.908280    100         2.395210    1.097925    0.720968    0.185816    0.133357    0.133357    0.155455    0.000000    0.000345    0.000000    3.788743    0.103000    0.000000    0.000000    0.965658    0.943952    0.957085    1.261632    1.172780    0.003685    -0.004667   0.920464    34.241719  
[37m[36mINFO[0m[0m 09/02 15:38:01 | 0.887723    0.890446    0.000000    0.996028    0.012928    0.990220    0.997863    1.000000    0.887723    0.890446    200         4.790419    1.108582    0.033066    0.007061    0.006388    0.006388    0.028673    0.000000    0.000091    0.000000    3.554228    0.303000    0.000000    0.000000    0.932775    0.914163    0.954957    1.377293    1.270218    -0.000370   -0.005975   0.936934    33.272722  
[37m[36mINFO[0m[0m 09/02 15:40:06 | 0.898537    0.910828    0.000000    0.995213    0.014145    0.987775    0.997863    1.000000    0.898537    0.910828    300         7.185629    1.759589    0.006780    0.001002    0.001370    0.001370    0.023835    0.000000    0.000060    0.000000    3.486588    0.503000    0.000000    0.000000    0.937530    0.921164    0.960351    1.403569    1.293224    -0.000290   -0.006027   0.925030    32.706125  
[37m[36mINFO[0m[0m 09/02 15:42:10 | 0.892176    0.892994    0.000000    0.996028    0.013566    0.990220    0.997863    1.000000    0.892176    0.892994    400         9.580838    2.437826    0.005538    0.000520    0.001202    0.001202    0.020434    0.000000    0.000042    0.000000    3.460007    0.703000    0.000000    0.000000    0.964401    0.946657    0.965703    1.424161    1.310497    -0.000221   -0.005926   0.924685    31.461564  
[37m[36mINFO[0m[0m 09/02 15:44:15 | 0.898219    0.901911    0.000000    0.994398    0.016482    0.985330    0.997863    1.000000    0.898219    0.901911    500         11.976048   3.110141    0.005291    0.000173    0.001242    0.001242    0.018217    0.000000    0.000030    0.000000    3.438641    0.902980    0.000000    0.000000    0.994717    0.974782    0.970295    1.456064    1.340093    -0.000150   -0.005065   0.922872    33.209877  
[37m[36mINFO[0m[0m 09/02 15:46:21 | 0.898219    0.904459    0.000000    0.994398    0.018288    0.985330    0.997863    1.000000    0.898219    0.904459    600         14.371257   3.424667    0.002597    0.000268    0.000553    0.000553    0.016625    0.000000    0.000023    0.000000    3.422070    1.000000    0.000000    0.000000    1.019245    0.999569    0.973098    1.482776    1.361058    -0.000048   -0.004507   0.922404    33.743166  
[37m[36mINFO[0m[0m 09/02 15:48:25 | 0.900763    0.904459    0.000000    0.995213    0.016029    0.987775    0.997863    1.000000    0.900763    0.904459    700         16.766467   3.408574    0.003305    0.000138    0.000768    0.000768    0.013918    0.000000    0.000019    0.000000    3.405269    1.000000    0.000000    0.000000    1.039823    1.017166    0.974822    1.495778    1.372061    -0.000069   -0.003877   0.911660    32.565846  
[37m[36mINFO[0m[0m 09/02 15:50:31 | 0.889631    0.889172    0.000000    0.994398    0.020177    0.985330    0.997863    1.000000    0.889631    0.889172    800         19.161677   3.408750    0.002351    0.000140    0.000532    0.000532    0.011167    0.000000    0.000017    0.000000    3.406399    1.000000    0.000000    0.000000    1.058146    1.035214    0.976820    1.525234    1.399162    -0.000126   -0.003499   0.936894    32.704172  
[37m[36mINFO[0m[0m 09/02 15:52:38 | 0.886132    0.887898    0.000000    0.995213    0.021498    0.987775    0.997863    1.000000    0.886132    0.887898    900         21.556886   3.402548    0.001351    0.000086    0.000299    0.000299    0.015275    0.000000    0.000014    0.000000    3.401197    1.000000    0.000000    0.000000    1.075370    1.051383    0.977650    1.538074    1.409662    -0.000014   -0.002887   0.934787    33.097387  
[37m[36mINFO[0m[0m 09/02 15:54:43 | 0.898537    0.900637    0.000000    0.995925    0.012591    0.987775    1.000000    1.000000    0.898537    0.900637    1000        23.952096   3.400645    0.001606    0.000054    0.000373    0.000373    0.017522    0.000000    0.000012    0.000000    3.399039    1.000000    0.000000    0.000000    1.088184    1.065834    0.978461    1.551017    1.419755    -0.000019   -0.002119   0.921075    32.888231  
[37m[36mINFO[0m[0m 09/02 15:56:48 | 0.905852    0.915924    0.000000    0.994501    0.016145    0.987775    0.995726    1.000000    0.905852    0.915924    1100        26.347305   3.397395    0.001894    0.000044    0.000448    0.000448    0.013542    0.000000    0.000011    0.000000    3.395502    1.000000    0.000000    0.000000    1.094667    1.073856    0.979160    1.568524    1.434993    -0.000082   -0.002134   0.928422    32.207069  
[37m[36mINFO[0m[0m 09/02 15:58:53 | 0.909669    0.918471    0.000000    0.996131    0.016914    0.992665    0.995726    1.000000    0.909669    0.918471    1200        28.742515   3.399823    0.003291    0.000731    0.000627    0.000627    0.020052    0.000000    0.000010    0.000000    3.396532    1.000000    0.000000    0.000000    1.108622    1.089664    0.979818    1.592890    1.458068    0.000022    -0.002005   0.933569    31.650176  
[37m[36mINFO[0m[0m 09/02 16:00:58 | 0.900127    0.905732    0.000000    0.995213    0.012772    0.987775    0.997863    1.000000    0.900127    0.905732    1300        31.137725   3.388969    0.002494    0.000166    0.000571    0.000571    0.010063    0.000000    0.000009    0.000000    3.386475    1.000000    0.000000    0.000000    1.116388    1.097790    0.980432    1.625013    1.483671    0.000010    -0.001447   0.918238    33.146113  
[37m[36mINFO[0m[0m 09/02 16:03:03 | 0.896947    0.899363    0.000000    0.995213    0.017067    0.987775    0.997863    1.000000    0.896947    0.899363    1400        33.532934   3.385545    0.000678    0.000053    0.000147    0.000147    0.010588    0.000000    0.000008    0.000000    3.384867    1.000000    0.000000    0.000000    1.135754    1.114210    0.980979    1.640482    1.498832    -0.000040   -0.001394   0.920264    32.273291  
[37m[36mINFO[0m[0m 09/02 16:05:08 | 0.889949    0.896815    0.000000    0.994398    0.015668    0.985330    0.997863    1.000000    0.889949    0.896815    1500        35.928144   3.393424    0.001524    0.000052    0.000359    0.000359    0.015356    0.000000    0.000007    0.000000    3.391900    1.000000    0.000000    0.000000    1.144750    1.125402    0.981127    1.650724    1.503930    -0.000005   -0.001343   0.923869    33.036235  
[37m[36mINFO[0m[0m 09/02 16:07:13 | 0.902672    0.907006    0.000000    0.995213    0.016251    0.987775    0.997863    1.000000    0.902672    0.907006    1600        38.323353   3.387550    0.001369    0.000057    0.000320    0.000320    0.009599    0.000000    0.000006    0.000000    3.386180    1.000000    0.000000    0.000000    1.145364    1.127072    0.981752    1.672698    1.526220    -0.000004   -0.001228   0.921684    32.406139  
[37m[36mINFO[0m[0m 09/02 16:09:20 | 0.901399    0.910828    0.000000    0.994501    0.012313    0.987775    0.995726    1.000000    0.901399    0.910828    1700        40.718563   3.389278    0.002093    0.000080    0.000495    0.000495    0.012127    0.000000    0.000006    0.000000    3.387185    1.000000    0.000000    0.000000    1.150516    1.132645    0.981702    1.698065    1.546554    0.000006    -0.001138   0.940039    33.078348  
[37m[36mINFO[0m[0m 09/02 16:11:27 | 0.890267    0.907006    0.000000    0.993583    0.017893    0.982885    0.997863    1.000000    0.890267    0.907006    1800        43.113772   3.388715    0.003546    0.001470    0.000510    0.000510    0.014954    0.000000    0.000007    0.000000    3.385169    1.000000    0.000000    0.000000    1.174444    1.156736    0.982268    1.722406    1.569323    -0.000020   -0.000579   0.941055    32.873589  
[37m[36mINFO[0m[0m 09/02 16:13:34 | 0.898855    0.914650    0.000000    0.994398    0.010569    0.985330    0.997863    1.000000    0.898855    0.914650    1900        45.508982   3.391586    0.003968    0.001364    0.000644    0.000644    0.015051    0.000000    0.000005    0.000000    3.387619    1.000000    0.000000    0.000000    1.198855    1.178146    0.981871    1.755303    1.594543    -0.000008   -0.000671   0.935388    33.725622  
[37m[36mINFO[0m[0m 09/02 16:15:40 | 0.897583    0.915924    0.000000    0.994398    0.015575    0.985330    0.997863    1.000000    0.897583    0.915924    2000        47.904192   3.386244    0.001747    0.000441    0.000321    0.000321    0.012560    0.000000    0.000005    0.000000    3.384497    1.000000    0.000000    0.000000    1.205288    1.187012    0.982805    1.789996    1.625784    -0.000078   -0.000917   0.918489    34.136890  
[37m[36mINFO[0m[0m 09/02 16:17:45 | 0.900127    0.910828    0.000000    0.996740    0.013187    0.990220    1.000000    1.000000    0.900127    0.910828    2100        50.299401   3.377528    0.001820    0.000214    0.000396    0.000396    0.010350    0.000000    0.000004    0.000000    3.375707    1.000000    0.000000    0.000000    1.219915    1.203378    0.983696    1.814384    1.646117    0.000045    -0.000660   0.923084    32.457180  
[37m[36mINFO[0m[0m 09/02 16:19:51 | 0.890267    0.903185    0.000000    0.994398    0.020050    0.985330    0.997863    1.000000    0.890267    0.903185    2200        52.694611   3.372893    0.001077    0.000067    0.000248    0.000248    0.008899    0.000000    0.000004    0.000000    3.371816    1.000000    0.000000    0.000000    1.228464    1.207771    0.983483    1.840629    1.669105    -0.000040   -0.000790   0.933296    32.245953  
[37m[36mINFO[0m[0m 09/02 16:21:56 | 0.882634    0.892994    0.000000    0.994398    0.020117    0.985330    0.997863    1.000000    0.882634    0.892994    2300        55.089820   3.387498    0.000776    0.000043    0.000179    0.000179    0.013691    0.000000    0.000004    0.000000    3.386722    1.000000    0.000000    0.000000    1.237516    1.219051    0.983391    1.852872    1.681201    0.000003    -0.000556   0.918139    33.395574  
[37m[36mINFO[0m[0m 09/02 16:24:00 | 0.900127    0.915924    0.000000    0.996028    0.015715    0.990220    0.997863    1.000000    0.900127    0.915924    2400        57.485030   3.379375    0.001353    0.000039    0.000324    0.000324    0.011664    0.000000    0.000003    0.000000    3.378022    1.000000    0.000000    0.000000    1.241747    1.226283    0.983463    1.875301    1.699603    -0.000010   -0.000388   0.922142    31.901678  
[37m[36mINFO[0m[0m 09/02 16:26:05 | 0.900445    0.910828    0.000000    0.995213    0.014327    0.987775    0.997863    1.000000    0.900445    0.910828    2500        59.880240   3.379879    0.000928    0.000038    0.000219    0.000219    0.009853    0.000000    0.000003    0.000000    3.378952    1.000000    0.000000    0.000000    1.244284    1.225202    0.983808    1.899014    1.720704    -0.000023   -0.000453   0.927289    32.274276  
[37m[36mINFO[0m[0m 09/02 16:28:11 | 0.902354    0.910828    0.000000    0.996028    0.020934    0.990220    0.997863    1.000000    0.902354    0.910828    2600        62.275449   3.380000    0.004620    0.001190    0.000853    0.000853    0.008816    0.000000    0.000003    0.000000    3.375380    1.000000    0.000000    0.000000    1.255393    1.231806    0.983873    1.922507    1.740923    0.000043    -0.000198   0.932209    32.941705  
[37m[36mINFO[0m[0m 09/02 16:30:16 | 0.897583    0.907006    0.000000    0.996028    0.015723    0.990220    0.997863    1.000000    0.897583    0.907006    2700        64.670659   3.398543    0.004413    0.001130    0.000816    0.000816    0.014902    0.000000    0.000004    0.000000    3.394130    1.000000    0.000000    0.000000    1.322136    1.295267    0.983485    1.970219    1.780741    -0.000066   -0.000534   0.923881    32.332076  
[37m[36mINFO[0m[0m 09/02 16:32:20 | 0.902672    0.913376    0.000000    0.996028    0.017663    0.990220    0.997863    1.000000    0.902672    0.913376    2800        67.065868   3.385939    0.001407    0.000065    0.000332    0.000332    0.007799    0.000000    0.000003    0.000000    3.384532    1.000000    0.000000    0.000000    1.328593    1.304265    0.984295    2.012667    1.819365    -0.000025   -0.000246   0.917999    32.027105  
[37m[36mINFO[0m[0m 09/02 16:34:24 | 0.903626    0.910828    0.000000    0.996028    0.018552    0.990220    0.997863    1.000000    0.903626    0.910828    2900        69.461078   3.391074    0.001840    0.000080    0.000437    0.000437    0.013170    0.000000    0.000003    0.000000    3.389234    1.000000    0.000000    0.000000    1.346169    1.322225    0.984540    2.048504    1.848825    0.000052    -0.000131   0.919821    32.693042  
[37m[36mINFO[0m[0m 09/02 16:36:28 | 0.911896    0.927389    0.000000    0.996028    0.013900    0.990220    0.997863    1.000000    0.911896    0.927389    3000        71.856287   3.380509    0.000947    0.000038    0.000225    0.000225    0.009779    0.000000    0.000002    0.000000    3.379562    1.000000    0.000000    0.000000    1.350130    1.327813    0.985024    2.083991    1.882047    0.000013    -0.000137   0.913464    32.623271  
[37m[36mINFO[0m[0m 09/02 16:38:33 | 0.901399    0.908280    0.000000    0.995213    0.018430    0.987775    0.997863    1.000000    0.901399    0.908280    3100        74.251497   3.380735    0.000739    0.000054    0.000169    0.000169    0.009736    0.000000    0.000002    0.000000    3.379996    1.000000    0.000000    0.000000    1.360461    1.340762    0.985242    2.102046    1.894965    -0.000052   -0.000221   0.930982    31.731156  
[37m[36mINFO[0m[0m 09/02 16:40:39 | 0.902990    0.914650    0.000000    0.995213    0.019733    0.987775    0.997863    1.000000    0.902990    0.914650    3200        76.646707   3.380469    0.001647    0.000046    0.000398    0.000398    0.011389    0.000000    0.000002    0.000000    3.378821    1.000000    0.000000    0.000000    1.364307    1.346227    0.985045    2.132807    1.923242    -0.000001   -0.000150   0.929577    32.219729  
[37m[36mINFO[0m[0m 09/02 16:42:45 | 0.910623    0.924841    0.000000    0.994501    0.022287    0.987775    0.995726    1.000000    0.910623    0.924841    3300        79.041916   3.375653    0.000865    0.000043    0.000203    0.000203    0.010747    0.000000    0.000002    0.000000    3.374787    1.000000    0.000000    0.000000    1.373604    1.355320    0.984810    2.169397    1.951917    -0.000002   -0.000146   0.941322    31.867308  
[37m[36mINFO[0m[0m 09/02 16:44:51 | 0.911260    0.923567    0.000000    0.995316    0.017893    0.990220    0.995726    1.000000    0.911260    0.923567    3400        81.437126   3.379426    0.001017    0.000028    0.000245    0.000245    0.011837    0.000000    0.000002    0.000000    3.378410    1.000000    0.000000    0.000000    1.386734    1.363901    0.985064    2.189675    1.970980    -0.000009   -0.000186   0.934487    33.119493  
[37m[36mINFO[0m[0m 09/02 16:46:56 | 0.906170    0.921019    0.000000    0.996028    0.022490    0.990220    0.997863    1.000000    0.906170    0.921019    3500        83.832335   3.379155    0.000978    0.000029    0.000235    0.000235    0.010951    0.000000    0.000002    0.000000    3.378177    1.000000    0.000000    0.000000    1.399184    1.376176    0.985604    2.214580    1.993024    0.000013    0.000030    0.924074    32.926774  
[37m[36mINFO[0m[0m 09/02 16:49:01 | 0.908715    0.915924    0.000000    0.996028    0.016480    0.990220    0.997863    1.000000    0.908715    0.915924    3600        86.227545   3.380773    0.000991    0.000026    0.000239    0.000239    0.010509    0.000000    0.000002    0.000000    3.379782    1.000000    0.000000    0.000000    1.401828    1.379732    0.985198    2.247269    2.020311    -0.000023   -0.000156   0.929290    31.964189  
[37m[36mINFO[0m[0m 09/02 16:51:07 | 0.900127    0.922293    0.000000    0.995213    0.019368    0.987775    0.997863    1.000000    0.900127    0.922293    3700        88.622754   3.384194    0.001471    0.000101    0.000340    0.000340    0.011011    0.000000    0.000002    0.000000    3.382724    1.000000    0.000000    0.000000    1.417032    1.393813    0.985589    2.280111    2.050293    0.000008    -0.000062   0.935689    31.725930  
[37m[36mINFO[0m[0m 09/02 16:53:12 | 0.905852    0.923567    0.000000    0.995213    0.018269    0.987775    0.997863    1.000000    0.905852    0.923567    3800        91.017964   3.376671    0.001069    0.000053    0.000252    0.000252    0.012138    0.000000    0.000001    0.000000    3.375602    1.000000    0.000000    0.000000    1.416713    1.397964    0.984923    2.323778    2.085786    -0.000012   -0.000171   0.936080    31.806239  
[37m[36mINFO[0m[0m 09/02 16:55:19 | 0.913486    0.924841    0.000000    0.994501    0.035203    0.987775    0.995726    1.000000    0.913486    0.924841    3900        93.413174   3.378097    0.001228    0.000109    0.000278    0.000278    0.010242    0.000000    0.000001    0.000000    3.376869    1.000000    0.000000    0.000000    1.438608    1.419082    0.985870    2.357910    2.116403    -0.000014   -0.000077   0.935759    32.836827  
[37m[36mINFO[0m[0m 09/02 16:57:23 | 0.870547    0.882803    0.000000    0.993788    0.017816    0.987775    0.993590    1.000000    0.870547    0.882803    4000        95.808383   3.444796    0.047863    0.013840    0.008457    0.008457    0.020959    0.000000    0.000039    0.000000    3.396933    1.000000    0.000000    0.000000    1.553450    1.534039    0.984150    2.620874    2.347348    -0.000124   -0.000987   0.909838    32.912576  
[37m[36mINFO[0m[0m 09/02 16:59:28 | 0.898855    0.912102    0.000000    0.995316    0.009039    0.990220    0.995726    1.000000    0.898855    0.912102    4100        98.203593   3.467749    0.079842    0.059276    0.005119    0.005119    0.018498    0.000000    0.000018    0.000000    3.387907    1.000000    0.000000    0.000000    1.897224    1.875247    0.985945    3.092708    2.759275    0.000028    -0.001333   0.931997    31.902505  
[37m[36mINFO[0m[0m 09/02 17:01:33 | 0.892812    0.896815    0.000000    0.996028    0.017057    0.990220    0.997863    1.000000    0.892812    0.896815    4200        100.598802  3.388855    0.003142    0.001394    0.000432    0.000432    0.014878    0.000000    0.000004    0.000000    3.385713    1.000000    0.000000    0.000000    2.061478    2.034748    0.986647    3.275411    2.921497    -0.000042   -0.001076   0.937689    31.701921  
[37m[36mINFO[0m[0m 09/02 17:03:39 | 0.908079    0.921019    0.000000    0.996843    0.014281    0.992665    0.997863    1.000000    0.908079    0.921019    4300        102.994012  3.377624    0.000503    0.000206    0.000071    0.000071    0.010348    0.000000    0.000002    0.000000    3.377121    1.000000    0.000000    0.000000    2.053110    2.012030    0.987133    3.287344    2.927249    -0.000023   -0.000740   0.933748    32.477864  
[37m[36mINFO[0m[0m 09/02 17:05:44 | 0.904580    0.913376    0.000000    0.996843    0.013022    0.992665    0.997863    1.000000    0.904580    0.913376    4400        105.389222  3.378062    0.000217    0.000065    0.000035    0.000035    0.013072    0.000000    0.000002    0.000000    3.377845    1.000000    0.000000    0.000000    2.044070    2.006775    0.987357    3.288306    2.928346    -0.000022   -0.000532   0.920738    32.778502  
[37m[36mINFO[0m[0m 09/02 17:07:49 | 0.901081    0.913376    0.000000    0.996843    0.012507    0.992665    0.997863    1.000000    0.901081    0.913376    4500        107.784431  3.378664    0.000149    0.000037    0.000026    0.000026    0.014064    0.000000    0.000002    0.000000    3.378515    1.000000    0.000000    0.000000    2.020365    1.979596    0.986794    3.295805    2.936657    0.000001    -0.000630   0.923611    32.477357  
[37m[36mINFO[0m[0m 09/02 17:09:53 | 0.896947    0.909554    0.000000    0.995213    0.016332    0.987775    0.997863    1.000000    0.896947    0.909554    4600        110.179641  3.381734    0.000227    0.000045    0.000044    0.000044    0.012397    0.000000    0.000002    0.000000    3.381507    1.000000    0.000000    0.000000    2.008703    1.973546    0.987237    3.294974    2.937260    -0.000024   -0.000587   0.928442    31.349657  
[37m[36mINFO[0m[0m 09/02 17:11:59 | 0.904580    0.919745    0.000000    0.996843    0.014067    0.992665    0.997863    1.000000    0.904580    0.919745    4700        112.574850  3.382622    0.002052    0.000061    0.000495    0.000495    0.008177    0.000000    0.000002    0.000000    3.380569    1.000000    0.000000    0.000000    1.989112    1.956108    0.987200    3.306134    2.942952    0.000016    -0.000396   0.931995    32.693168  
[37m[36mINFO[0m[0m 09/02 17:14:03 | 0.902990    0.912102    0.000000    0.996843    0.011918    0.992665    0.997863    1.000000    0.902990    0.912102    4800        114.970060  3.380883    0.000688    0.000131    0.000137    0.000137    0.007552    0.000000    0.000001    0.000000    3.380195    1.000000    0.000000    0.000000    1.978225    1.940941    0.986884    3.346606    2.981362    -0.000008   -0.000527   0.914280    32.391131  
[37m[36mINFO[0m[0m 09/02 17:15:56 | 0.904580    0.913376    0.000000    0.996843    0.014705    0.992665    0.997863    1.000000    0.904580    0.913376    4900        117.365269  3.375169    0.000204    0.000071    0.000032    0.000032    0.010889    0.000000    0.000001    0.000000    3.374965    1.000000    0.000000    0.000000    1.993027    1.957757    0.987060    3.366823    2.993703    -0.000009   -0.000409   0.875431    25.140818  
[37m[36mINFO[0m[0m 09/02 17:17:28 | 0.892494    0.899363    0.000000    0.996028    0.018866    0.990220    0.997863    1.000000    0.892494    0.899363    5000        119.760479  3.372011    0.000126    0.000028    0.000023    0.000023    0.011746    0.000000    0.000001    0.000000    3.371885    1.000000    0.000000    0.000000    1.986209    1.948835    0.987146    3.363188    2.997244    -0.000007   -0.000501   0.658096    26.180494  
[37m[36mINFO[0m[0m 09/02 17:17:28 | ---
[37m[36mINFO[0m[0m 09/02 17:17:28 | oracle = 91.190%
[37m[36mINFO[0m[0m 09/02 17:17:28 | iid = 90.808%
[37m[36mINFO[0m[0m 09/02 17:17:28 | last = 89.249%
[37m[36mINFO[0m[0m 09/02 17:17:28 | last (inD) = 99.603%
[37m[36mINFO[0m[0m 09/02 17:17:28 | iid (inD) = 99.684%
[37m[36mINFO[0m[0m 09/02 17:17:28 | === Summary ===
[37m[36mINFO[0m[0m 09/02 17:17:28 | Command: train_all.py pacs_visual_normalize_only_aug0 --dataset PACS --algorithm CIPTDCCL --data_dir /home/hooasia/lgg/data/repro_dccl_data --deterministic --trial_seed 0 --seed 0 --checkpoint_freq 100 --cipt_clip_path /home/hooasia/.cache/clip/ViT-B-16.pt --cipt_beta 4 --cipt_gamma 5 --cipt_k 4 --cipt_prompt_length 16 --cipt_prompt_init a photo of a --cipt_template_mode b5c --cipt_pure false --cipt_causal_contrastive_weight 1 --cipt_contrastive_warmup_steps 500 --cipt_aug_decomp_weight 0.0 --lr 0.001 --weight_decay 0.0 --output_root train_output/PACS_visual_normalize_only_aug0
[37m[36mINFO[0m[0m 09/02 17:17:28 | Unique name: 260902_10-33-57_pacs_visual_normalize_only_aug0
[37m[36mINFO[0m[0m 09/02 17:17:28 | Out path: train_output/PACS_visual_normalize_only_aug0/PACS/260902_10-33-57_pacs_visual_normalize_only_aug0
[37m[36mINFO[0m[0m 09/02 17:17:28 | Algorithm: CIPTDCCL
[37m[36mINFO[0m[0m 09/02 17:17:28 | Dataset: PACS
+------------+---------+---------+---------+---------+---------+
| Selection  |   env0  |   env1  |   env2  |   env3  |   Avg.  |
+------------+---------+---------+---------+---------+---------+
|   oracle   | 96.583% | 98.721% | 99.775% | 91.190% | 96.567% |
|    iid     | 97.254% | 98.241% | 99.551% | 90.808% | 96.464% |
|    last    | 97.010% | 96.962% | 98.578% | 89.249% | 95.450% |
| last (inD) | 98.285% | 97.558% | 97.921% | 99.603% | 98.342% |
| iid (inD)  | 98.740% | 98.524% | 98.215% | 99.684% | 98.791% |
+------------+---------+---------+---------+---------+---------+
