[37m[36mINFO[0m[0m 08/06 22:52:02 | Command :: train_all.py pacs_piccl_isr_05 --algorithm PICCL --data_dir /home/hooasia/lgg/data/repro_dccl_data --output_root train_output/PACS_piccl_loss --steps 5000 --checkpoint_freq 100 --deterministic --piccl_isr_weight 0.5 --piccl_gt_mode keep
Environment:
	Python: 3.10.20
	PyTorch: 2.5.1+cu121
	Torchvision: 0.20.1+cu121
	CUDA: 12.1
	CUDNN: 90100
	NumPy: 2.2.6
	PIL: 12.0.0
Args:
	TN: False
	algorithm: PICCL
	aug: 0
	checkpoint_freq: 100
	configs: []
	data_dir: /home/hooasia/lgg/data/repro_dccl_data
	dataset: PACS
	debug: False
	deterministic: True
	domainnet_auto_source_count: 3
	erm_baseline: weak
	evalmode: fast
	holdout_fraction: 0.2
	l: 1
	l_d: 0.05
	l_layer: 1
	label_ratio: 1.0
	lamda: 5
	log: False
	mix: 0
	model: resnet50
	model_save: None
	n_layer: 1
	name: pacs_piccl_isr_05
	out_dir: train_output/PACS_piccl_loss/260806_22-52-02_pacs_piccl_isr_05
	out_root: train_output/PACS_piccl_loss
	output_root: train_output/PACS_piccl_loss
	pos_mask: False
	prebuild_loader: False
	re_w: False
	sample_d: False
	seed: 0
	show: False
	source_envs: None
	start_epoch: 1000
	steps: 5000
	sup: True
	t: 0.1
	t_pre: 0.2
	target_env: None
	tb_freq: 10
	test_envs: None
	trial_seed: 0
	two_ce: False
	unique_name: 260806_22-52-02_pacs_piccl_isr_05
	weak_erm: False
	work_dir: .
HParams:
	data_augmentation: True
	val_augment: False
	resnet18: False
	resnet_dropout: 0.0
	class_balanced: False
	optimizer: adam
	freeze_bn: True
	pretrained: True
	lr: 5e-05
	batch_size: 32
	weight_decay: 0.0
	piccl_rank: 16
	piccl_alpha_max: 0.5
	piccl_warmup_ratio: 0.1
	piccl_ramp_ratio: 0.2
	piccl_proto_momentum: 0.99
	[36mpiccl_isr_weight: 0.5
	[0mpiccl_orth_weight: 0.001
	piccl_eps: 1e-08
	[36mpiccl_gt_mode: keep
	[0mpiccl_basis_receive_task_grad: False
	piccl_min_valid_domains: 2
	piccl_total_steps: 1
	use_piccl: True
	piccl_lr_multiplier: 1.0
	piccl_delayed_start_ratio: 0.0
	piccl_residual_scale: 0.1
	piccl_strict_bypass: False
	t: 0.1
	t_pre: 0.2
	l: 1
	l_d: 0.01
	l_layer: 1
	n_layer: 1
	sup: True
	two_ce: False
	sample_d: False
	re_w: False
	pos_mask: False
	mix: 0
	aug: 0
	model: resnet50
	label_ratio: 1.0
	TN: False
	lamda: 5
	start_epoch: 1000
	log: False
	swad: LossValley
	swad_kwargs: 
	  n_converge: 3
	  n_tolerance: 6
	  tolerance_ratio: 0.3
	test_batchsize: 128
	indomain_test: False
Dataset:
	[PACS] #envs=4, #classes=7
	env0: art_painting (#2048)
	env1: cartoon (#2344)
	env2: photo (#1670)
	env3: sketch (#3929)

[37m[36mINFO[0m[0m 08/06 22:52:07 | n_steps = 5000
[37m[36mINFO[0m[0m 08/06 22:52:07 | checkpoint_freq = 100
[37m[36mINFO[0m[0m 08/06 22:52:07 | n_steps is updated to 5000 => 5001 for checkpointing
[37m[36mINFO[0m[0m 08/06 22:52:07 | Target test envs = [[0], [1], [2], [3]]
[37m[36mINFO[0m[0m 08/06 22:52:07 | 
[37m[36mINFO[0m[0m 08/06 22:52:11 | Testenv name escaping te_art_painting -> te_art_painting
[37m[36mINFO[0m[0m 08/06 22:52:11 | Test envs = [0], name = te_art_painting
[37m[36mINFO[0m[0m 08/06 22:52:11 | Batch sizes for each domain: [0, 32, 32, 32] (total=96)
[37m[36mINFO[0m[0m 08/06 22:52:11 | steps-per-epoch for each domain: 58.62, 41.75, 98.25 -> min = 41.75
[37m[36mINFO[0m[0m 08/06 22:52:13 | # of params = 49169351
[37m[36mINFO[0m[0m 08/06 22:52:27 | test_in     test_out    train_in    train_out   tr_outloss  env0_in     env0_out    env1_out    env2_out    env3_out    step        epoch       loss        loss_cls    loss_isr    loss_orth   loss_gt     piccl_alph  paired_res  domain_res  valid_doma  basis_orth  response_c  raw_interv  mediator_i  ce_loss     sup_cl_los  pre_cl_los  dccl_total  weighted_l  weighted_l  residual_d  fused_orig  piccl_exec  original_f  piccl_feat  feature_de  feature_de  original_f  backbone_g  piccl_grad  classifier  has_nan_or  param_grou  param_grou  param_grou  param_grou  param_grou  param_grou  param_grou  param_grou  step_time   eval_time  
[37m[36mINFO[0m[0m 08/06 22:52:27 | 0.140940    0.207824    0.000000    0.265389    1.845603    0.140940    0.207824    0.230769    0.383234    0.182166    0           0.000000    13.780907   1.977375    0.000000    0.126582    -5.756462   0.000000    0.000000    0.000000    21.000000   0.115652    0.000000    0.918931    0.845456    1.977375    6.460320    5.400650    13.780780   0.000000    0.000127    32.331383   0.732690    1.000000    24.181402   45.253296   32.331383   1.337035    0.732690    21.482584   0.231327    7.317249    0.000000    0.000050    0.000500    0.000005    0.000500    0.000500    0.000005    0.000050    0.000050    1.820014    11.859547  
[37m[36mINFO[0m[0m 08/06 22:53:57 | 0.881025    0.885086    0.000000    0.947194    0.172251    0.881025    0.885086    0.948718    0.982036    0.910828    100         2.395210    9.346402    0.319320    0.978414    0.074341    -1.755283   0.000000    10.816584   2.764999    21.000000   0.073793    0.022042    0.970980    0.951211    0.319320    3.883021    4.672332    8.857121    0.489207    0.000074    28.911270   0.783549    1.000000    33.479493   45.268519   28.911270   0.871087    0.783549    16.252622   0.073390    2.617332    0.000000    0.000050    0.000500    0.000005    0.000500    0.000500    0.000005    0.000050    0.000050    0.753544    12.789331  
[37m[36mINFO[0m[0m 08/06 22:55:27 | 0.869433    0.867971    0.000000    0.958537    0.128576    0.869433    0.867971    0.961538    0.979042    0.935032    200         4.790419    8.491040    0.104049    0.905759    0.082318    -2.494701   0.000000    10.487029   5.812670    21.000000   0.083113    0.095150    0.978208    0.965401    0.104049    3.556489    4.402487    8.038078    0.452880    0.000082    28.714765   0.801712    1.000000    28.024465   45.274373   28.714765   1.028260    0.801712    14.213810   0.071120    1.364512    0.000000    0.000050    0.000500    0.000005    0.000500    0.000500    0.000005    0.000050    0.000050    0.707927    13.978113  
[37m[36mINFO[0m[0m 08/06 22:56:57 | 0.851129    0.867971    0.000000    0.970902    0.092776    0.851129    0.867971    0.978632    0.985030    0.949045    300         7.185629    8.182965    0.058050    0.830383    0.256690    -2.981190   0.000000    10.315727   7.034893    21.000000   0.259049    0.170270    0.979407    0.967795    0.058050    3.468259    4.271021    7.767517    0.415191    0.000257    29.608072   0.805992    1.000000    24.562002   45.277242   29.608072   1.209645    0.805992    11.627057   0.064881    0.902047    0.000000    0.000050    0.000500    0.000005    0.000500    0.000500    0.000005    0.000050    0.000050    0.726985    13.818602  
[37m[36mINFO[0m[0m 08/06 22:58:29 | 0.827334    0.833741    0.000000    0.967766    0.115940    0.827334    0.833741    0.967949    0.985030    0.950318    400         9.580838    8.050017    0.046506    0.780114    0.467412    -3.250498   0.000000    10.228656   7.592926    21.000000   0.469139    0.220326    0.980706    0.970232    0.046506    3.438007    4.207485    7.659493    0.390057    0.000467    30.405674   0.809476    1.000000    22.449332   45.278612   30.405674   1.357492    0.809476    11.325432   0.059293    0.777934    0.000000    0.000050    0.000500    0.000005    0.000500    0.000500    0.000005    0.000050    0.000050    0.757607    13.582832  
[37m[36mINFO[0m[0m 08/06 23:00:02 | 0.879195    0.865526    0.000000    0.969041    0.109235    0.879195    0.865526    0.972222    0.982036    0.952866    500         11.976048   7.934074    0.032682    0.750351    0.607247    -3.446604   0.000000    10.171197   7.848253    21.000000   0.608337    0.249951    0.982042    0.972566    0.032682    3.407025    4.153050    7.558291    0.375176    0.000607    30.528095   0.813008    1.000000    21.856307   45.281035   30.528095   1.399800    0.813008    9.452129    0.054486    0.587917    0.000000    0.000050    0.000500    0.000005    0.000500    0.000500    0.000005    0.000050    0.000050    0.739658    14.238281  
[37m[36mINFO[0m[0m 08/06 23:01:35 | 0.876144    0.870416    0.000000    0.964347    0.149593    0.876144    0.870416    0.967949    0.976048    0.949045    600         14.371257   7.851720    0.024628    0.730792    0.685359    -3.708444   0.025250    10.063133   8.008518    21.000000   0.685801    0.269461    0.981951    0.972690    0.024628    3.391838    4.106257    7.485639    0.365396    0.000685    31.335007   0.817372    1.000000    20.022229   45.282587   31.335007   1.567942    0.817372    8.372987    0.052307    0.472729    0.000000    0.000050    0.000500    0.000005    0.000500    0.000500    0.000005    0.000050    0.000050    0.763796    14.343485  
[37m[36mINFO[0m[0m 08/06 23:03:06 | 0.863941    0.867971    0.000000    0.973025    0.099701    0.863941    0.867971    0.978632    0.985030    0.955414    700         16.766467   7.808270    0.026848    0.713113    0.702739    -3.865676   0.075250    10.122124   8.124838    21.000000   0.702658    0.287134    0.981491    0.971734    0.026848    3.387308    4.075511    7.451010    0.356557    0.000703    31.661435   0.817868    1.000000    19.380463   45.283577   31.661435   1.640007    0.817868    9.087108    0.053504    0.502760    0.000000    0.000050    0.000500    0.000005    0.000500    0.000500    0.000005    0.000050    0.000050    0.727815    13.772068  
[37m[36mINFO[0m[0m 08/06 23:04:38 | 0.857840    0.867971    0.000000    0.969765    0.134214    0.857840    0.867971    0.976496    0.985030    0.947771    800         19.161677   7.744065    0.015103    0.697289    0.675650    -4.002825   0.125250    10.155348   8.193684    21.000000   0.675210    0.302944    0.982539    0.972948    0.015103    3.372434    4.047236    7.394745    0.348644    0.000676    31.791239   0.816659    1.000000    19.157428   45.282947   31.791239   1.662442    0.816659    7.198835    0.052355    0.306268    0.000000    0.000050    0.000500    0.000005    0.000500    0.000500    0.000005    0.000050    0.000050    0.730360    14.502343  
[37m[36mINFO[0m[0m 08/06 23:06:10 | 0.825503    0.836186    0.000000    0.965644    0.143273    0.825503    0.836186    0.972222    0.982036    0.942675    900         21.556886   7.728982    0.020481    0.685012    0.617071    -4.170331   0.175250    10.081230   8.214114    21.000000   0.616384    0.315197    0.982673    0.972791    0.020481    3.374956    4.032125    7.385859    0.342506    0.000617    32.124549   0.816561    1.000000    18.657126   45.283892   32.124549   1.727732    0.816561    8.176972    0.053039    0.371361    0.000000    0.000050    0.000500    0.000005    0.000500    0.000500    0.000005    0.000050    0.000050    0.730698    14.350233  
[37m[36mINFO[0m[0m 08/06 23:07:40 | 0.838316    0.838631    0.000000    0.957386    0.196813    0.838316    0.838631    0.976496    0.958084    0.937580    1000        23.952096   7.693433    0.014369    0.671826    0.546417    -4.298472   0.225250    10.091039   8.242597    21.000000   0.545728    0.328368    0.983016    0.972849    0.014369    3.371083    4.014506    7.356974    0.335913    0.000546    32.255981   0.817062    1.000000    18.333540   45.285128   32.255981   1.764372    0.817062    7.860745    0.052492    0.343086    0.000000    0.000050    0.000500    0.000005    0.000500    0.000500    0.000005    0.000050    0.000050    0.729501    13.809067  
[37m[36mINFO[0m[0m 08/06 23:09:09 | 0.825503    0.845966    0.000000    0.960226    0.144439    0.825503    0.845966    0.963675    0.973054    0.943949    1100        26.347305   7.696666    0.030520    0.660626    0.480270    -4.430765   0.275250    10.188475   8.259978    21.000000   0.479594    0.339559    0.982022    0.970996    0.030520    3.386153    3.993507    7.365873    0.330313    0.000480    32.338177   0.813694    1.000000    18.355908   45.281655   32.338177   1.769263    0.813694    9.991485    0.054645    0.537715    0.000000    0.000050    0.000500    0.000005    0.000500    0.000500    0.000005    0.000050    0.000050    0.708899    13.671656  
[37m[36mINFO[0m[0m 08/06 23:10:41 | 0.864552    0.853301    0.000000    0.970018    0.127746    0.864552    0.853301    0.972222    0.976048    0.961783    1200        28.742515   7.660405    0.019041    0.648405    0.412124    -4.533169   0.325250    10.171276   8.243257    21.000000   0.411467    0.351772    0.983696    0.972858    0.019041    3.372951    3.989129    7.335790    0.324203    0.000412    32.226151   0.809589    1.000000    18.730832   45.278730   32.226151   1.724347    0.809589    8.015757    0.053481    0.358220    0.000000    0.000050    0.000500    0.000005    0.000500    0.000500    0.000005    0.000050    0.000050    0.729552    14.403644  
[37m[36mINFO[0m[0m 08/06 23:12:12 | 0.820012    0.841076    0.000000    0.970889    0.124223    0.820012    0.841076    0.972222    0.985030    0.955414    1300        31.137725   7.619992    0.010267    0.640453    0.350115    -4.654021   0.375250    10.084454   8.268428    21.000000   0.349545    0.359714    0.984425    0.973183    0.010267    3.360399    3.975289    7.299415    0.320226    0.000350    32.772033   0.807040    1.000000    17.901355   45.278208   32.772033   1.835635    0.807040    5.681110    0.052774    0.244843    0.000000    0.000050    0.000500    0.000005    0.000500    0.000500    0.000005    0.000050    0.000050    0.726036    14.675545  
[37m[36mINFO[0m[0m 08/06 23:13:44 | 0.855400    0.841076    0.000000    0.966893    0.148301    0.855400    0.841076    0.963675    0.979042    0.957962    1400        33.532934   7.585157    0.006047    0.636213    0.297091    -4.835336   0.425250    10.090144   8.298330    21.000000   0.296601    0.363945    0.984884    0.972705    0.006047    3.350333    3.958726    7.266754    0.318106    0.000297    33.246493   0.798211    1.000000    17.399974   45.279037   33.246493   1.914261    0.798211    4.757283    0.051931    0.146159    0.000000    0.000050    0.000500    0.000005    0.000500    0.000500    0.000005    0.000050    0.000050    0.739967    15.305262  
[37m[36mINFO[0m[0m 08/06 23:15:18 | 0.848688    0.855746    0.000000    0.964183    0.149341    0.848688    0.855746    0.957265    0.976048    0.959236    1500        35.928144   7.609863    0.021100    0.626798    0.251842    -4.900489   0.475250    10.158476   8.289272    21.000000   0.251427    0.373356    0.983950    0.970987    0.021100    3.369693    3.954424    7.296212    0.313399    0.000252    33.154704   0.790532    1.000000    17.932239   45.276813   33.154704   1.852120    0.790532    8.531610    0.054360    0.414485    0.000000    0.000050    0.000500    0.000005    0.000500    0.000500    0.000005    0.000050    0.000050    0.773012    14.465194  
[37m[36mINFO[0m[0m 08/06 23:16:37 | 0.854790    0.848411    0.000000    0.972153    0.134045    0.854790    0.848411    0.974359    0.979042    0.963057    1600        38.323353   7.545892    0.014006    0.620720    0.214700    -5.017466   0.500000    10.136218   8.241038    21.000000   0.214377    0.379427    0.985097    0.972311    0.014006    3.349050    3.922436    7.235318    0.310360    0.000215    33.469674   0.786542    1.000000    17.525327   45.273673   33.469674   1.914899    0.786542    6.427302    0.053567    0.304616    0.000000    0.000050    0.000500    0.000005    0.000500    0.000500    0.000005    0.000050    0.000050    0.624580    13.512142  
[37m[36mINFO[0m[0m 08/06 23:18:15 | 0.863941    0.867971    0.000000    0.972315    0.123727    0.863941    0.867971    0.980769    0.982036    0.954140    1700        40.718563   7.529021    0.005661    0.616364    0.186652    -5.153229   0.500000    10.174885   8.243361    21.000000   0.186415    0.383775    0.984974    0.971727    0.005661    3.343542    3.922982    7.220652    0.308182    0.000187    33.697406   0.786761    1.000000    17.048002   45.271997   33.697406   1.980338    0.786761    4.576233    0.052706    0.137434    0.000000    0.000050    0.000500    0.000005    0.000500    0.000500    0.000005    0.000050    0.000050    0.805871    14.764133  
[37m[36mINFO[0m[0m 08/06 23:19:53 | 0.855400    0.865526    0.000000    0.958795    0.200375    0.855400    0.865526    0.970085    0.961078    0.945223    1800        43.113772   7.532727    0.011042    0.614471    0.166809    -5.314033   0.500000    10.108494   8.224341    21.000000   0.166625    0.385658    0.984756    0.971651    0.011042    3.349385    3.918038    7.225325    0.307236    0.000167    34.051136   0.786247    1.000000    16.403963   45.270745   34.051136   2.079961    0.786247    6.003709    0.053132    0.225345    0.000000    0.000050    0.000500    0.000005    0.000500    0.000500    0.000005    0.000050    0.000050    0.805349    13.930582  
[37m[36mINFO[0m[0m 08/06 23:21:32 | 0.830995    0.814181    0.000000    0.964631    0.163473    0.830995    0.814181    0.961538    0.982036    0.950318    1900        45.508982   7.547888    0.016400    0.610808    0.150605    -5.402207   0.500000    10.114877   8.238783    21.000000   0.150475    0.389315    0.984775    0.972339    0.016400    3.361600    3.918355    7.242333    0.305404    0.000151    33.992837   0.790392    1.000000    16.382317   45.268800   33.992837   2.081195    0.790392    7.473376    0.053800    0.319519    0.000000    0.000050    0.000500    0.000005    0.000500    0.000500    0.000005    0.000050    0.000050    0.835998    13.225557  
[37m[36mINFO[0m[0m 08/06 23:23:03 | 0.827334    0.850856    0.000000    0.964329    0.136261    0.827334    0.850856    0.976496    0.961078    0.955414    2000        47.904192   7.533540    0.021632    0.607846    0.136886    -5.481067   0.500000    10.119966   8.223393    21.000000   0.136716    0.392274    0.985084    0.973112    0.021632    3.359403    3.903256    7.229480    0.303923    0.000137    33.720123   0.791544    1.000000    16.860843   45.263457   33.720123   2.005598    0.791544    7.284994    0.054484    0.383162    0.000000    0.000050    0.000500    0.000005    0.000500    0.000500    0.000005    0.000050    0.000050    0.711589    12.526829  
[37m[36mINFO[0m[0m 08/06 23:24:37 | 0.799878    0.797066    0.000000    0.967891    0.129701    0.799878    0.797066    0.963675    0.982036    0.957962    2100        50.299401   7.507689    0.010952    0.605282    0.119698    -5.573148   0.500000    10.123437   8.261492    21.000000   0.119558    0.394833    0.985658    0.973828    0.010952    3.350883    3.898825    7.204928    0.302641    0.000120    33.700577   0.795951    1.000000    16.734588   45.263171   33.700577   2.019651    0.795951    6.219836    0.053227    0.239387    0.000000    0.000050    0.000500    0.000005    0.000500    0.000500    0.000005    0.000050    0.000050    0.786178    12.233319  
[37m[36mINFO[0m[0m 08/06 23:26:13 | 0.842587    0.838631    0.000000    0.964192    0.150153    0.842587    0.838631    0.978632    0.961078    0.952866    2200        52.694611   7.498456    0.012605    0.604027    0.108675    -5.698193   0.500000    10.161186   8.235257    21.000000   0.108590    0.396082    0.984639    0.972392    0.012605    3.350964    3.889746    7.196333    0.302014    0.000109    34.088669   0.794487    1.000000    16.076911   45.265128   34.088669   2.125378    0.794487    6.373745    0.053402    0.263274    0.000000    0.000050    0.000500    0.000005    0.000500    0.000500    0.000005    0.000050    0.000050    0.820931    12.115295  
[37m[36mINFO[0m[0m 08/06 23:27:51 | 0.793167    0.821516    0.000000    0.952131    0.212101    0.793167    0.821516    0.950855    0.973054    0.932484    2300        55.089820   7.496991    0.016091    0.602853    0.104671    -5.790461   0.500000    10.134467   8.221858    21.000000   0.104644    0.397257    0.984892    0.972721    0.016091    3.351825    3.885448    7.195460    0.301426    0.000105    34.144099   0.794391    1.000000    15.944344   45.260026   34.144099   2.150329    0.794391    6.745769    0.054254    0.271509    0.000000    0.000050    0.000500    0.000005    0.000500    0.000500    0.000005    0.000050    0.000050    0.823612    12.673874  
[37m[36mINFO[0m[0m 08/06 23:29:21 | 0.836486    0.828851    0.000000    0.951964    0.204795    0.836486    0.828851    0.959402    0.955090    0.941401    2400        57.485030   7.547005    0.033556    0.599919    0.099752    -5.816008   0.500000    10.187338   8.235933    21.000000   0.099702    0.400190    0.984157    0.972570    0.033556    3.376157    3.895392    7.246945    0.299960    0.000100    33.584778   0.798326    1.000000    16.835831   45.247495   33.584778   2.008720    0.798326    10.611958   0.057218    0.563090    0.000000    0.000050    0.000500    0.000005    0.000500    0.000500    0.000005    0.000050    0.000050    0.708120    13.054899  
[37m[36mINFO[0m[0m 08/06 23:30:55 | 0.846248    0.841076    0.000000    0.976285    0.106638    0.846248    0.841076    0.980769    0.985030    0.963057    2500        59.880240   7.461809    0.011702    0.601383    0.093535    -5.949866   0.500000    10.097767   8.214464    21.000000   0.093460    0.398723    0.986211    0.975526    0.011702    3.343669    3.865151    7.161024    0.300692    0.000094    33.831202   0.801580    1.000000    16.247110   45.242167   33.831202   2.088616    0.801580    4.505579    0.053747    0.198557    0.000000    0.000050    0.000500    0.000005    0.000500    0.000500    0.000005    0.000050    0.000050    0.774510    14.167182  
[37m[36mINFO[0m[0m 08/06 23:32:31 | 0.817572    0.838631    0.000000    0.968317    0.152405    0.817572    0.838631    0.967949    0.979042    0.957962    2600        62.275449   7.453972    0.005421    0.601926    0.085637    -6.102504   0.500000    10.096816   8.219051    21.000000   0.085537    0.398177    0.985916    0.974355    0.005421    3.339364    3.869163    7.152924    0.300963    0.000086    34.377215   0.798873    1.000000    15.344899   45.241942   34.377215   2.242968    0.798873    4.087367    0.053173    0.134822    0.000000    0.000050    0.000500    0.000005    0.000500    0.000500    0.000005    0.000050    0.000050    0.801697    13.150823  
[37m[36mINFO[0m[0m 08/06 23:34:00 | 0.835265    0.841076    0.000000    0.972452    0.128196    0.835265    0.841076    0.978632    0.982036    0.956688    2700        64.670659   7.445527    0.008021    0.601869    0.073782    -6.175473   0.500000    10.035759   8.217260    21.000000   0.073666    0.398232    0.986808    0.976080    0.008021    3.337592    3.860661    7.144519    0.300934    0.000074    34.352016   0.800109    1.000000    15.347515   45.241123   34.352016   2.240963    0.800109    4.147957    0.053387    0.178204    0.000000    0.000050    0.000500    0.000005    0.000500    0.000500    0.000005    0.000050    0.000050    0.693997    14.076203  
[37m[36mINFO[0m[0m 08/06 23:35:31 | 0.781574    0.799511    0.000000    0.950830    0.234975    0.781574    0.799511    0.938034    0.973054    0.941401    2800        67.065868   7.469956    0.013973    0.601895    0.064777    -6.267791   0.500000    10.055677   8.216162    21.000000   0.064710    0.398205    0.985667    0.975187    0.013973    3.350547    3.867102    7.168944    0.300947    0.000065    34.413489   0.804069    1.000000    15.151432   45.235128   34.413489   2.278547    0.804069    6.425223    0.054270    0.298685    0.000000    0.000050    0.000500    0.000005    0.000500    0.000500    0.000005    0.000050    0.000050    0.695400    14.959887  
[37m[36mINFO[0m[0m 08/06 23:37:03 | 0.836486    0.819071    0.000000    0.962197    0.167125    0.836486    0.819071    0.955128    0.976048    0.955414    2900        69.461078   7.434803    0.012872    0.599556    0.057568    -6.351548   0.500000    10.075431   8.220558    21.000000   0.057497    0.400544    0.985827    0.975424    0.012872    3.342349    3.843261    7.134967    0.299778    0.000058    34.351603   0.802659    1.000000    15.304070   45.234111   34.351603   2.248004    0.802659    6.339460    0.054391    0.262212    0.000000    0.000050    0.000500    0.000005    0.000500    0.000500    0.000005    0.000050    0.000050    0.749730    14.271256  
[37m[36mINFO[0m[0m 08/06 23:38:30 | 0.816351    0.816626    0.000000    0.968042    0.142742    0.816351    0.816626    0.967949    0.982036    0.954140    3000        71.856287   7.473270    0.014266    0.599264    0.048776    -6.405122   0.500000    10.091876   8.213137    21.000000   0.048655    0.400834    0.985789    0.975513    0.014266    3.356703    3.866672    7.173589    0.299632    0.000049    34.239969   0.808558    1.000000    15.296994   45.222698   34.239969   2.252451    0.808558    5.671142    0.054219    0.241182    0.000000    0.000050    0.000500    0.000005    0.000500    0.000500    0.000005    0.000050    0.000050    0.688476    12.822557  
[37m[36mINFO[0m[0m 08/06 23:40:00 | 0.822453    0.838631    0.000000    0.968583    0.120571    0.822453    0.838631    0.970085    0.970060    0.965605    3100        74.251497   7.458956    0.017174    0.597784    0.037845    -6.498201   0.500000    10.128334   8.231123    21.000000   0.037756    0.402315    0.985833    0.975306    0.017174    3.347631    3.860203    7.160026    0.298892    0.000038    34.235865   0.807410    1.000000    15.328945   45.217104   34.235865   2.255903    0.807410    5.918975    0.054525    0.302329    0.000000    0.000050    0.000500    0.000005    0.000500    0.000500    0.000005    0.000050    0.000050    0.747913    13.099337  
[37m[36mINFO[0m[0m 08/06 23:41:28 | 0.826724    0.838631    0.000000    0.973002    0.139630    0.826724    0.838631    0.974359    0.979042    0.965605    3200        76.646707   7.412347    0.005970    0.598388    0.029905    -6.593017   0.500000    10.125135   8.249739    21.000000   0.029837    0.401711    0.986627    0.976440    0.005970    3.335017    3.838066    7.113123    0.299194    0.000030    33.985633   0.806918    1.000000    15.775308   45.216908   33.985633   2.162581    0.806918    3.359975    0.053072    0.131570    0.000000    0.000050    0.000500    0.000005    0.000500    0.000500    0.000005    0.000050    0.000050    0.674677    13.297396  
[37m[36mINFO[0m[0m 08/06 23:43:01 | 0.823673    0.828851    0.000000    0.967482    0.175707    0.823673    0.828851    0.974359    0.979042    0.949045    3300        79.041916   7.398523    0.003929    0.599916    0.024841    -6.729685   0.500000    10.030771   8.277230    21.000000   0.024797    0.400180    0.987191    0.977030    0.003929    3.328724    3.833184    7.098540    0.299958    0.000025    34.391765   0.805949    1.000000    15.050434   45.217035   34.391765   2.288690    0.805949    2.414012    0.052980    0.097356    0.000000    0.000050    0.000500    0.000005    0.000500    0.000500    0.000005    0.000050    0.000050    0.773001    13.518826  
[37m[36mINFO[0m[0m 08/06 23:44:29 | 0.816962    0.828851    0.000000    0.970722    0.138483    0.816962    0.828851    0.980769    0.967066    0.964331    3400        81.437126   7.412547    0.006113    0.599252    0.019925    -6.818469   0.500000    10.030387   8.249353    21.000000   0.019878    0.400843    0.985780    0.974949    0.006113    3.337631    3.837342    7.112901    0.299626    0.000020    34.699424   0.806517    1.000000    14.535206   45.212728   34.699424   2.392859    0.806517    3.374249    0.053389    0.121456    0.000000    0.000050    0.000500    0.000005    0.000500    0.000500    0.000005    0.000050    0.000050    0.681842    13.799772  
[37m[36mINFO[0m[0m 08/06 23:45:58 | 0.851129    0.860636    0.000000    0.972855    0.137913    0.851129    0.860636    0.978632    0.973054    0.966879    3500        83.832335   7.406846    0.007180    0.598064    0.015581    -6.926323   0.500000    10.011406   8.231073    21.000000   0.015541    0.402031    0.985529    0.974584    0.007180    3.338838    3.831043    7.107799    0.299032    0.000016    34.740583   0.805903    1.000000    14.478691   45.211398   34.740583   2.402522    0.805903    4.560507    0.053595    0.169487    0.000000    0.000050    0.000500    0.000005    0.000500    0.000500    0.000005    0.000050    0.000050    0.707186    13.554584  
[37m[36mINFO[0m[0m 08/06 23:47:30 | 0.841977    0.855746    0.000000    0.960791    0.196789    0.841977    0.855746    0.970085    0.967066    0.945223    3600        86.227545   7.434791    0.017277    0.597867    0.012176    -6.907282   0.500000    10.077711   8.221975    21.000000   0.012146    0.402232    0.985870    0.975911    0.017277    3.347899    3.839742    7.135845    0.298934    0.000012    34.170236   0.810247    1.000000    15.336232   45.210595   34.170236   2.235117    0.810247    6.346090    0.055393    0.328715    0.000000    0.000050    0.000500    0.000005    0.000500    0.000500    0.000005    0.000050    0.000050    0.749657    13.797060  
[37m[36mINFO[0m[0m 08/06 23:49:01 | 0.854179    0.850856    0.000000    0.970031    0.138380    0.854179    0.850856    0.978632    0.976048    0.955414    3700        88.622754   7.416066    0.011571    0.599615    0.009053    -6.955301   0.500000    10.114150   8.242087    21.000000   0.009025    0.400484    0.986306    0.976315    0.011571    3.343587    3.830645    7.116249    0.299807    0.000009    34.234373   0.810423    1.000000    15.192588   45.198865   34.234373   2.258771    0.810423    5.450112    0.054152    0.227544    0.000000    0.000050    0.000500    0.000005    0.000500    0.000500    0.000005    0.000050    0.000050    0.748796    14.085847  
[37m[36mINFO[0m[0m 08/06 23:49:01 | SWAD valley is dead -> early stop !
[37m[36mINFO[0m[0m 08/06 23:49:01 | ---
[37m[33mWARNING[0m[0m 08/06 23:49:02 | Evaluate SWAD ...
[37m[36mINFO[0m[0m 08/06 23:49:16 | 0.899939    0.882641    0.000000    0.982815    0.080625    0.899939    0.882641    0.982906    0.991018    0.974522    [201-3100]  (N=30)
[37m[36mINFO[0m[0m 08/06 23:49:16 | oracle = 88.103%
[37m[36mINFO[0m[0m 08/06 23:49:16 | iid = 84.625%
[37m[36mINFO[0m[0m 08/06 23:49:16 | last = 85.418%
[37m[36mINFO[0m[0m 08/06 23:49:16 | last (inD) = 97.003%
[37m[36mINFO[0m[0m 08/06 23:49:16 | iid (inD) = 97.629%
[37m[36mINFO[0m[0m 08/06 23:49:16 | SWAD = 89.994%
[37m[36mINFO[0m[0m 08/06 23:49:16 | SWAD (inD) = 98.282%
[37m[36mINFO[0m[0m 08/06 23:49:16 | 
[37m[36mINFO[0m[0m 08/06 23:49:21 | Testenv name escaping te_cartoon -> te_cartoon
[37m[36mINFO[0m[0m 08/06 23:49:21 | Test envs = [1], name = te_cartoon
[37m[36mINFO[0m[0m 08/06 23:49:21 | Batch sizes for each domain: [32, 0, 32, 32] (total=96)
[37m[36mINFO[0m[0m 08/06 23:49:21 | steps-per-epoch for each domain: 51.22, 41.75, 98.25 -> min = 41.75
[37m[36mINFO[0m[0m 08/06 23:49:24 | # of params = 49169351
[37m[36mINFO[0m[0m 08/06 23:49:39 | test_in     test_out    train_in    train_out   tr_outloss  env0_out    env1_in     env1_out    env2_out    env3_out    step        epoch       loss        loss_cls    loss_isr    loss_orth   loss_gt     piccl_alph  paired_res  domain_res  valid_doma  basis_orth  response_c  raw_interv  mediator_i  ce_loss     sup_cl_los  pre_cl_los  dccl_total  weighted_l  weighted_l  residual_d  fused_orig  piccl_exec  original_f  piccl_feat  feature_de  feature_de  original_f  backbone_g  piccl_grad  classifier  has_nan_or  param_grou  param_grou  param_grou  param_grou  param_grou  param_grou  param_grou  param_grou  step_time   eval_time  
[37m[36mINFO[0m[0m 08/06 23:49:39 | 0.252665    0.277778    0.000000    0.327479    1.803568    0.344743    0.252665    0.277778    0.398204    0.239490    0           0.000000    13.614187   1.989335    0.000000    0.098452    -5.756462   0.000000    0.000000    0.000000    21.000000   0.089031    0.000000    0.909845    0.820799    1.989335    6.325103    5.357216    13.614089   0.000000    0.000098    32.607433   0.720074    1.000000    25.188854   45.253357   32.607433   1.294518    0.720074    24.258018   0.219220    7.081497    0.000000    0.000050    0.000500    0.000005    0.000500    0.000500    0.000005    0.000050    0.000050    0.844645    14.233839  
[37m[36mINFO[0m[0m 08/06 23:51:14 | 0.752665    0.794872    0.000000    0.950248    0.141923    0.941320    0.752665    0.794872    0.982036    0.927389    100         2.395210    9.242268    0.289080    0.970788    0.064134    -1.584438   0.000000    11.648742   2.685049    21.000000   0.063808    0.029827    0.971156    0.952300    0.289080    3.843724    4.639851    8.756810    0.485394    0.000064    28.691277   0.789348    1.000000    33.636834   45.269591   28.691277   0.862868    0.789348    17.705992   0.074347    2.282903    0.000000    0.000050    0.000500    0.000005    0.000500    0.000500    0.000005    0.000050    0.000050    0.781929    14.481762  
[37m[36mINFO[0m[0m 08/06 23:52:56 | 0.772388    0.814103    0.000000    0.955182    0.137422    0.943765    0.772388    0.814103    0.988024    0.933758    200         4.790419    8.378515    0.082759    0.899038    0.078238    -2.544904   0.000000    11.098462   5.505087    21.000000   0.079069    0.101638    0.978094    0.965852    0.082759    3.531732    4.339876    7.928917    0.449519    0.000078    28.684784   0.808017    1.000000    27.041980   45.276990   28.684784   1.067145    0.808017    14.876289   0.064790    1.060262    0.000000    0.000050    0.000500    0.000005    0.000500    0.000500    0.000005    0.000050    0.000050    0.843163    14.010715  
[37m[36mINFO[0m[0m 08/06 23:54:32 | 0.680171    0.724359    0.000000    0.951235    0.170814    0.931540    0.680171    0.724359    0.982036    0.940127    300         7.185629    8.188761    0.071689    0.849591    0.218473    -2.869687   0.000000    10.930872   6.690479    21.000000   0.219922    0.150853    0.979944    0.969262    0.071689    3.483567    4.237188    7.763747    0.424795    0.000218    29.263141   0.813677    1.000000    24.714124   45.279481   29.263141   1.189028    0.813677    14.026375   0.055945    0.961699    0.000000    0.000050    0.000500    0.000005    0.000500    0.000500    0.000005    0.000050    0.000050    0.812425    12.482654  
[37m[36mINFO[0m[0m 08/06 23:56:04 | 0.737740    0.764957    0.000000    0.955185    0.171285    0.951100    0.737740    0.764957    0.973054    0.941401    400         9.580838    8.028615    0.046820    0.809836    0.321510    -3.170416   0.000000    10.933909   7.263638    21.000000   0.322202    0.190594    0.979944    0.969402    0.046820    3.439877    4.168383    7.623376    0.404918    0.000322    30.032037   0.813896    1.000000    22.869253   45.280715   30.032037   1.316798    0.813896    12.217198   0.052648    0.733604    0.000000    0.000050    0.000500    0.000005    0.000500    0.000500    0.000005    0.000050    0.000050    0.727456    12.217577  
[37m[36mINFO[0m[0m 08/06 23:57:36 | 0.767058    0.803419    0.000000    0.956812    0.149398    0.948655    0.767058    0.803419    0.988024    0.933758    500         11.976048   7.933438    0.045652    0.773273    0.379930    -3.421731   0.000000    10.871493   7.551108    21.000000   0.380458    0.227117    0.980922    0.971330    0.045652    3.421863    4.113124    7.546422    0.386637    0.000380    30.432688   0.819526    1.000000    21.670978   45.283318   30.432688   1.411692    0.819526    11.878265   0.054034    0.757363    0.000000    0.000050    0.000500    0.000005    0.000500    0.000500    0.000005    0.000050    0.000050    0.727130    12.789369  
[37m[36mINFO[0m[0m 08/06 23:59:16 | 0.772388    0.807692    0.000000    0.965651    0.133838    0.963325    0.772388    0.807692    0.982036    0.951592    600         14.371257   7.872912    0.041351    0.743202    0.433980    -3.552026   0.025250    10.927329   7.681348    21.000000   0.434511    0.257118    0.981601    0.972381    0.041351    3.413542    4.081505    7.500877    0.371601    0.000434    30.658861   0.820344    1.000000    21.091731   45.281428   30.658861   1.457606    0.820344    12.621342   0.053634    0.656390    0.000000    0.000050    0.000500    0.000005    0.000500    0.000500    0.000005    0.000050    0.000050    0.836763    13.649423  
[37m[36mINFO[0m[0m 08/07 00:00:49 | 0.799574    0.820513    0.000000    0.968199    0.119265    0.963325    0.799574    0.820513    0.982036    0.959236    700         16.766467   7.773921    0.025000    0.719857    0.475956    -3.735364   0.075250    10.946582   7.762026    21.000000   0.476221    0.280417    0.982870    0.974325    0.025000    3.387803    4.038067    7.413517    0.359929    0.000476    30.843701   0.823506    1.000000    20.562100   45.283350   30.843701   1.503539    0.823506    8.807089    0.051502    0.446432    0.000000    0.000050    0.000500    0.000005    0.000500    0.000500    0.000005    0.000050    0.000050    0.727966    13.648737  
[37m[36mINFO[0m[0m 08/07 00:02:24 | 0.831023    0.850427    0.000000    0.961359    0.136110    0.955990    0.831023    0.850427    0.979042    0.949045    800         19.161677   7.706580    0.015880    0.703899    0.488570    -3.979449   0.125250    10.781471   7.832011    21.000000   0.488590    0.296342    0.983497    0.975020    0.015880    3.371028    4.007029    7.354142    0.351950    0.000489    31.636833   0.822865    1.000000    19.085049   45.282121   31.636833   1.660417    0.822865    7.136110    0.050767    0.353692    0.000000    0.000050    0.000500    0.000005    0.000500    0.000500    0.000005    0.000050    0.000050    0.798306    13.001727  
[37m[36mINFO[0m[0m 08/07 00:04:00 | 0.755330    0.775641    0.000000    0.960485    0.129302    0.948655    0.755330    0.775641    0.985030    0.947771    900         21.556886   7.686332    0.020931    0.686754    0.487220    -4.109518   0.175250    10.842337   7.892611    21.000000   0.487189    0.313476    0.982655    0.973442    0.020931    3.372599    3.990032    7.342468    0.343377    0.000487    31.859372   0.821758    1.000000    18.768952   45.282028   31.859372   1.703919    0.821758    8.640927    0.052499    0.395527    0.000000    0.000050    0.000500    0.000005    0.000500    0.000500    0.000005    0.000050    0.000050    0.797090    13.719696  
[37m[36mINFO[0m[0m 08/07 00:05:36 | 0.784115    0.811966    0.000000    0.962244    0.153599    0.973105    0.784115    0.811966    0.976048    0.937580    1000        23.952096   7.669280    0.019862    0.674555    0.479047    -4.191929   0.225250    10.866479   7.937244    21.000000   0.478869    0.325658    0.982878    0.973447    0.019862    3.374661    3.978920    7.331524    0.337277    0.000479    31.802188   0.820404    1.000000    18.968941   45.280550   31.802188   1.686056    0.820404    9.244539    0.052415    0.382823    0.000000    0.000050    0.000500    0.000005    0.000500    0.000500    0.000005    0.000050    0.000050    0.801035    12.830310  
[37m[36mINFO[0m[0m 08/07 00:07:17 | 0.823028    0.844017    0.000000    0.952499    0.172347    0.941320    0.823028    0.844017    0.976048    0.940127    1100        26.347305   7.653081    0.027486    0.659245    0.468627    -4.347878   0.275250    10.917248   7.934259    21.000000   0.468678    0.340955    0.983331    0.974080    0.027486    3.380741    3.958242    7.322990    0.329622    0.000469    32.046889   0.822134    1.000000    18.472623   45.279805   32.046889   1.741599    0.822134    10.013247   0.053786    0.447636    0.000000    0.000050    0.000500    0.000005    0.000500    0.000500    0.000005    0.000050    0.000050    0.848695    13.611365  
[37m[36mINFO[0m[0m 08/07 00:08:58 | 0.807569    0.816239    0.000000    0.964170    0.154898    0.958435    0.807569    0.816239    0.985030    0.949045    1200        28.742515   7.589283    0.013963    0.649149    0.467031    -4.500340   0.325250    10.859672   7.898081    21.000000   0.466886    0.351037    0.984136    0.974727    0.013963    3.359703    3.935579    7.264242    0.324575    0.000467    32.558182   0.818236    1.000000    17.738703   45.275058   32.558182   1.839897    0.818236    6.995547    0.053081    0.271503    0.000000    0.000050    0.000500    0.000005    0.000500    0.000500    0.000005    0.000050    0.000050    0.849951    13.158664  
[37m[36mINFO[0m[0m 08/07 00:10:32 | 0.823028    0.850427    0.000000    0.961073    0.155993    0.965770    0.823028    0.850427    0.976048    0.941401    1300        31.137725   7.607971    0.024682    0.641139    0.447490    -4.576622   0.375250    10.906552   7.868744    21.000000   0.447237    0.359032    0.983220    0.972926    0.024682    3.375254    3.932784    7.286954    0.320570    0.000447    32.520923   0.814418    1.000000    18.093816   45.274576   32.520923   1.806323    0.814418    9.798812    0.054023    0.432311    0.000000    0.000050    0.000500    0.000005    0.000500    0.000500    0.000005    0.000050    0.000050    0.749778    12.228950  
[37m[36mINFO[0m[0m 08/07 00:12:09 | 0.847548    0.861111    0.000000    0.951696    0.237506    0.936430    0.847548    0.861111    0.967066    0.951592    1400        33.532934   7.599892    0.025661    0.630010    0.419306    -4.689364   0.425250    10.984145   7.887633    21.000000   0.419067    0.370153    0.983658    0.973009    0.025661    3.372971    3.932729    7.284468    0.315005    0.000419    32.749648   0.811046    1.000000    17.784527   45.271436   32.749648   1.849592    0.811046    9.624175    0.055413    0.469623    0.000000    0.000050    0.000500    0.000005    0.000500    0.000500    0.000005    0.000050    0.000050    0.813689    13.174887  
[37m[36mINFO[0m[0m 08/07 00:13:45 | 0.819829    0.826923    0.000000    0.958158    0.186511    0.951100    0.819829    0.826923    0.973054    0.950318    1500        35.928144   7.535701    0.015053    0.626486    0.399099    -4.781277   0.475250    10.973258   7.905089    21.000000   0.398904    0.373665    0.984037    0.972619    0.015053    3.355581    3.899239    7.222059    0.313243    0.000399    32.765740   0.804219    1.000000    18.140542   45.268799   32.765740   1.813886    0.804219    7.590817    0.054130    0.302855    0.000000    0.000050    0.000500    0.000005    0.000500    0.000500    0.000005    0.000050    0.000050    0.807063    12.690564  
[37m[36mINFO[0m[0m 08/07 00:15:26 | 0.790512    0.799145    0.000000    0.958238    0.188201    0.955990    0.790512    0.799145    0.976048    0.942675    1600        38.323353   7.485798    0.007940    0.623395    0.376232    -4.969822   0.500000    10.865726   7.872620    21.000000   0.375928    0.376744    0.985386    0.974175    0.007940    3.341819    3.873663    7.173724    0.311697    0.000376    33.122181   0.800840    1.000000    17.590209   45.267769   33.122181   1.892071    0.800840    5.421161    0.053083    0.167253    0.000000    0.000050    0.000500    0.000005    0.000500    0.000500    0.000005    0.000050    0.000050    0.846627    13.272223  
[37m[36mINFO[0m[0m 08/07 00:17:05 | 0.818763    0.839744    0.000000    0.962140    0.164066    0.960880    0.818763    0.839744    0.979042    0.946497    1700        40.718563   7.492740    0.009087    0.618771    0.340518    -5.119322   0.500000    10.837594   7.896221    21.000000   0.340194    0.381360    0.985235    0.973793    0.009087    3.347099    3.878021    7.183013    0.309386    0.000341    33.621598   0.797005    1.000000    16.779831   45.267859   33.621598   2.008625    0.797005    5.224162    0.053320    0.185464    0.000000    0.000050    0.000500    0.000005    0.000500    0.000500    0.000005    0.000050    0.000050    0.828285    12.944527  
[37m[36mINFO[0m[0m 08/07 00:18:45 | 0.827292    0.829060    0.000000    0.961383    0.177418    0.963325    0.827292    0.829060    0.973054    0.947771    1800        43.113772   7.465901    0.005990    0.616579    0.313821    -5.294306   0.500000    10.806713   7.929345    21.000000   0.313556    0.383546    0.985521    0.974260    0.005990    3.338169    3.866082    7.157297    0.308290    0.000314    34.136210   0.798397    1.000000    15.775208   45.266119   34.136210   2.166159    0.798397    4.022040    0.053033    0.121650    0.000000    0.000050    0.000500    0.000005    0.000500    0.000500    0.000005    0.000050    0.000050    0.849150    12.551492  
[37m[36mINFO[0m[0m 08/07 00:20:28 | 0.821962    0.824786    0.000000    0.952957    0.182736    0.938875    0.821962    0.824786    0.976048    0.943949    1900        45.508982   7.523465    0.027906    0.613034    0.283034    -5.323041   0.500000    10.924982   7.936216    21.000000   0.282712    0.387085    0.983944    0.972611    0.027906    3.367582    3.874407    7.216665    0.306517    0.000283    33.698501   0.801295    1.000000    16.498516   45.264105   33.698501   2.052900    0.801295    9.482985    0.055342    0.421377    0.000000    0.000050    0.000500    0.000005    0.000500    0.000500    0.000005    0.000050    0.000050    0.861790    13.879265  
[37m[36mINFO[0m[0m 08/07 00:22:11 | 0.816098    0.829060    0.000000    0.960498    0.172307    0.946210    0.816098    0.829060    0.976048    0.959236    2000        47.904192   7.494488    0.023209    0.611905    0.255240    -5.396384   0.500000    10.959059   7.946039    21.000000   0.254982    0.388213    0.984574    0.973406    0.023209    3.358681    3.860354    7.188280    0.305952    0.000255    33.089776   0.803703    1.000000    17.483746   45.259407   33.089776   1.901974    0.803703    9.051993    0.055166    0.449667    0.000000    0.000050    0.000500    0.000005    0.000500    0.000500    0.000005    0.000050    0.000050    0.869581    13.613355  
[37m[36mINFO[0m[0m 08/07 00:23:45 | 0.820896    0.822650    0.000000    0.952536    0.211324    0.946210    0.820896    0.822650    0.961078    0.950318    2100        50.299401   7.495752    0.018658    0.611168    0.227039    -5.505137   0.500000    10.868173   7.962323    21.000000   0.226760    0.388943    0.983871    0.972244    0.018658    3.361779    3.864556    7.189941    0.305584    0.000227    33.424882   0.805021    1.000000    16.869555   45.256940   33.424882   1.988147    0.805021    8.946237    0.054395    0.360713    0.000000    0.000050    0.000500    0.000005    0.000500    0.000500    0.000005    0.000050    0.000050    0.740606    13.022760  
[37m[36mINFO[0m[0m 08/07 00:25:23 | 0.791578    0.814103    0.000000    0.937454    0.283971    0.931540    0.791578    0.814103    0.961078    0.919745    2200        52.694611   7.483692    0.021678    0.608204    0.201568    -5.567979   0.500000    10.992283   7.930160    21.000000   0.201349    0.391905    0.984903    0.974429    0.021678    3.361507    3.851882    7.179388    0.304102    0.000202    33.094681   0.810531    1.000000    17.228104   45.250079   33.094681   1.928456    0.810531    8.471581    0.054682    0.375962    0.000000    0.000050    0.000500    0.000005    0.000500    0.000500    0.000005    0.000050    0.000050    0.816071    14.145476  
[37m[36mINFO[0m[0m 08/07 00:26:59 | 0.788380    0.811966    0.000000    0.954117    0.232329    0.936430    0.788380    0.811966    0.973054    0.952866    2300        55.089820   7.483342    0.024775    0.606869    0.184702    -5.650187   0.500000    11.014451   7.910630    21.000000   0.184514    0.393239    0.984521    0.974060    0.024775    3.364571    3.846879    7.179723    0.303435    0.000185    33.030825   0.811436    1.000000    17.322208   45.243454   33.030825   1.911657    0.811436    9.725437    0.055229    0.404149    0.000000    0.000050    0.000500    0.000005    0.000500    0.000500    0.000005    0.000050    0.000050    0.800074    11.907650  
[37m[36mINFO[0m[0m 08/07 00:28:38 | 0.782516    0.797009    0.000000    0.966420    0.149643    0.958435    0.782516    0.797009    0.979042    0.961783    2400        57.485030   7.462915    0.018638    0.608661    0.161318    -5.797073   0.500000    10.877026   7.913249    21.000000   0.161102    0.391443    0.985581    0.975450    0.018638    3.361223    3.836532    7.158423    0.304331    0.000161    33.533910   0.813336    1.000000    16.346590   45.236440   33.533910   2.058597    0.813336    7.723472    0.054208    0.342687    0.000000    0.000050    0.000500    0.000005    0.000500    0.000500    0.000005    0.000050    0.000050    0.848000    12.244868  
[37m[36mINFO[0m[0m 08/07 00:30:19 | 0.799574    0.818376    0.000000    0.968853    0.138319    0.968215    0.799574    0.818376    0.988024    0.950318    2500        59.880240   7.423223    0.008198    0.609627    0.142461    -5.924218   0.500000    10.851480   7.944645    21.000000   0.142279    0.390474    0.986182    0.975838    0.008198    3.340909    3.828402    7.118267    0.304813    0.000142    33.800799   0.811198    1.000000    15.928644   45.235246   33.800799   2.126642    0.811198    4.439396    0.052778    0.175243    0.000000    0.000050    0.000500    0.000005    0.000500    0.000500    0.000005    0.000050    0.000050    0.849283    12.974283  
[37m[36mINFO[0m[0m 08/07 00:31:52 | 0.848081    0.844017    0.000000    0.965202    0.159289    0.955990    0.848081    0.844017    0.988024    0.951592    2600        62.275449   7.422885    0.009124    0.604707    0.124430    -6.050484   0.500000    10.919308   7.946312    21.000000   0.124268    0.395393    0.985852    0.975400    0.009124    3.341070    3.830718    7.120407    0.302353    0.000124    34.336834   0.810985    1.000000    15.041528   45.234570   34.336834   2.286117    0.810985    5.446743    0.053170    0.191615    0.000000    0.000050    0.000500    0.000005    0.000500    0.000500    0.000005    0.000050    0.000050    0.722761    12.846916  
[37m[36mINFO[0m[0m 08/07 00:33:26 | 0.802772    0.822650    0.000000    0.946163    0.247487    0.938875    0.802772    0.822650    0.976048    0.923567    2700        64.670659   7.412763    0.008503    0.607042    0.109255    -6.159382   0.500000    10.898113   7.934886    21.000000   0.109098    0.393056    0.985092    0.974451    0.008503    3.340334    3.821889    7.109132    0.303521    0.000109    34.503241   0.811242    1.000000    14.744193   45.231522   34.503241   2.344661    0.811242    5.791781    0.053147    0.196633    0.000000    0.000050    0.000500    0.000005    0.000500    0.000500    0.000005    0.000050    0.000050    0.758970    12.704286  
[37m[36mINFO[0m[0m 08/07 00:35:07 | 0.803305    0.803419    0.000000    0.950478    0.203092    0.933985    0.803305    0.803419    0.976048    0.941401    2800        67.065868   7.444161    0.020392    0.606788    0.093612    -6.227816   0.500000    10.882904   7.908775    21.000000   0.093470    0.393310    0.984633    0.974134    0.020392    3.356982    3.825578    7.140674    0.303394    0.000094    34.100643   0.812260    1.000000    15.410468   45.232422   34.100643   2.219439    0.812260    8.868118    0.054755    0.361695    0.000000    0.000050    0.000500    0.000005    0.000500    0.000500    0.000005    0.000050    0.000050    0.858237    12.610235  
[37m[36mINFO[0m[0m 08/07 00:36:24 | 0.800107    0.801282    0.000000    0.948907    0.217610    0.933985    0.800107    0.801282    0.970060    0.942675    2900        69.461078   7.428408    0.020759    0.606104    0.079986    -6.194419   0.500000    10.953943   7.926218    21.000000   0.079844    0.393994    0.985105    0.975626    0.020759    3.356040    3.810421    7.125276    0.303052    0.000080    33.362682   0.818281    1.000000    16.472138   45.222155   33.362682   2.034539    0.818281    8.505440    0.054661    0.380536    0.000000    0.000050    0.000500    0.000005    0.000500    0.000500    0.000005    0.000050    0.000050    0.584944    13.760746  
[37m[36mINFO[0m[0m 08/07 00:37:53 | 0.765458    0.775641    0.000000    0.956918    0.224187    0.948655    0.765458    0.775641    0.973054    0.949045    3000        71.856287   7.385501    0.008022    0.605983    0.065694    -6.371418   0.500000    10.928670   7.975656    21.000000   0.065569    0.394114    0.986071    0.976306    0.008022    3.341839    3.796296    7.082444    0.302992    0.000066    33.636249   0.815333    1.000000    16.068800   45.220913   33.636249   2.098746    0.815333    6.199925    0.053214    0.196264    0.000000    0.000050    0.000500    0.000005    0.000500    0.000500    0.000005    0.000050    0.000050    0.710600    13.965278  
[37m[36mINFO[0m[0m 08/07 00:39:25 | 0.799574    0.803419    0.000000    0.934966    0.357760    0.924205    0.799574    0.803419    0.943114    0.937580    3100        74.251497   7.392007    0.009746    0.605878    0.056587    -6.488870   0.500000    10.872379   7.936877    21.000000   0.056510    0.394218    0.986891    0.977705    0.009746    3.336753    3.807402    7.089012    0.302939    0.000057    33.880626   0.817364    1.000000    15.560072   45.217498   33.880626   2.181670    0.817364    4.424927    0.053234    0.182239    0.000000    0.000050    0.000500    0.000005    0.000500    0.000500    0.000005    0.000050    0.000050    0.757268    14.007326  
[37m[36mINFO[0m[0m 08/07 00:40:56 | 0.782516    0.801282    0.000000    0.949998    0.251634    0.936430    0.782516    0.801282    0.967066    0.946497    3200        76.646707   7.423327    0.023370    0.605115    0.048404    -6.512645   0.500000    10.961394   7.921763    21.000000   0.048319    0.394983    0.984561    0.974298    0.023370    3.360193    3.802285    7.120721    0.302557    0.000048    33.651546   0.815583    1.000000    16.023662   45.208112   33.651546   2.105132    0.815583    9.589450    0.054730    0.387558    0.000000    0.000050    0.000500    0.000005    0.000500    0.000500    0.000005    0.000050    0.000050    0.716598    14.158948  
[37m[36mINFO[0m[0m 08/07 00:42:30 | 0.792111    0.801282    0.000000    0.957894    0.202301    0.948655    0.792111    0.801282    0.967066    0.957962    3300        79.041916   7.384431    0.005862    0.607692    0.038279    -6.601538   0.500000    10.865185   7.962627    21.000000   0.038171    0.392404    0.986484    0.977160    0.005862    3.337643    3.803057    7.080547    0.303846    0.000038    33.703200   0.819533    1.000000    15.741292   45.210238   33.703200   2.146166    0.819533    3.961647    0.052553    0.129034    0.000000    0.000050    0.000500    0.000005    0.000500    0.000500    0.000005    0.000050    0.000050    0.761706    14.851326  
[37m[36mINFO[0m[0m 08/07 00:44:02 | 0.796908    0.801282    0.000000    0.960695    0.216476    0.960880    0.796908    0.801282    0.967066    0.954140    3400        81.437126   7.360353    0.001062    0.607286    0.029508    -6.768311   0.500000    10.877684   7.986178    21.000000   0.029436    0.392809    0.986965    0.977551    0.001062    3.328674    3.794627    7.056681    0.303643    0.000030    34.405730   0.817711    1.000000    14.655864   45.211328   34.405730   2.350384    0.817711    1.494682    0.051989    0.024400    0.000000    0.000050    0.000500    0.000005    0.000500    0.000500    0.000005    0.000050    0.000050    0.717661    16.182738  
[37m[36mINFO[0m[0m 08/07 00:45:33 | 0.793710    0.790598    0.000000    0.964988    0.170099    0.968215    0.793710    0.790598    0.970060    0.956688    3500        83.832335   7.367417    0.002401    0.605852    0.023946    -6.880729   0.500000    10.798054   7.979997    21.000000   0.023898    0.394241    0.986542    0.977149    0.002401    3.328052    3.802821    7.064467    0.302926    0.000024    34.799311   0.817982    1.000000    14.041576   45.209872   34.799311   2.482407    0.817982    1.963189    0.052094    0.051646    0.000000    0.000050    0.000500    0.000005    0.000500    0.000500    0.000005    0.000050    0.000050    0.711931    15.138424  
[37m[36mINFO[0m[0m 08/07 00:47:01 | 0.804371    0.807692    0.000000    0.941094    0.271995    0.921760    0.804371    0.807692    0.946108    0.955414    3600        86.227545   7.393866    0.020449    0.607404    0.019326    -6.929944   0.500000    10.871172   7.968209    21.000000   0.019291    0.392690    0.984586    0.974811    0.020449    3.350411    3.788583    7.090144    0.303702    0.000019    34.459094   0.820348    1.000000    14.523017   45.200703   34.459094   2.389503    0.820348    7.773330    0.053790    0.333983    0.000000    0.000050    0.000500    0.000005    0.000500    0.000500    0.000005    0.000050    0.000050    0.684802    14.572653  
[37m[36mINFO[0m[0m 08/07 00:48:29 | 0.793177    0.809829    0.000000    0.947382    0.236694    0.929095    0.793177    0.809829    0.955090    0.957962    3700        88.622754   7.417781    0.024484    0.604429    0.016237    -6.855957   0.500000    10.946730   7.946239    21.000000   0.016206    0.395671    0.983948    0.974693    0.024484    3.360604    3.799022    7.115551    0.302214    0.000016    33.597856   0.827243    1.000000    15.805620   45.187181   33.597856   2.139718    0.827243    10.793908   0.055700    0.452728    0.000000    0.000050    0.000500    0.000005    0.000500    0.000500    0.000005    0.000050    0.000050    0.684650    14.965418  
[37m[36mINFO[0m[0m 08/07 00:50:02 | 0.801173    0.816239    0.000000    0.954349    0.216877    0.948655    0.801173    0.816239    0.964072    0.950318    3800        91.017964   7.400256    0.020824    0.602960    0.013018    -6.929018   0.500000    10.983112   7.905542    21.000000   0.012986    0.397137    0.985236    0.976052    0.020824    3.354770    3.792460    7.098763    0.301480    0.000013    33.437270   0.826695    1.000000    15.974641   45.183259   33.437270   2.099121    0.826695    8.465843    0.054508    0.360734    0.000000    0.000050    0.000500    0.000005    0.000500    0.000500    0.000005    0.000050    0.000050    0.753653    13.662597  
[37m[36mINFO[0m[0m 08/07 00:51:31 | 0.828891    0.824786    0.000000    0.963872    0.187607    0.958435    0.828891    0.824786    0.979042    0.954140    3900        93.413174   7.391967    0.015706    0.603852    0.010514    -6.969289   0.500000    10.992699   7.909656    21.000000   0.010494    0.396244    0.985477    0.976492    0.015706    3.352129    3.791888    7.090031    0.301926    0.000011    33.131060   0.827315    1.000000    16.523171   45.182247   33.131060   2.015896    0.827315    7.469700    0.054277    0.291778    0.000000    0.000050    0.000500    0.000005    0.000500    0.000500    0.000005    0.000050    0.000050    0.701564    13.785607  
[37m[36mINFO[0m[0m 08/07 00:52:59 | 0.788380    0.809829    0.000000    0.954932    0.204721    0.938875    0.788380    0.809829    0.973054    0.952866    4000        95.808383   7.352576    0.009711    0.606627    0.008575    -7.078253   0.500000    10.929533   7.937882    21.000000   0.008559    0.393469    0.986880    0.978237    0.009711    3.336482    3.773843    7.049254    0.303314    0.000009    33.137276   0.825624    1.000000    16.462587   45.182637   33.137276   2.025456    0.825624    5.362890    0.053063    0.186502    0.000000    0.000050    0.000500    0.000005    0.000500    0.000500    0.000005    0.000050    0.000050    0.696049    14.047413  
[37m[36mINFO[0m[0m 08/07 00:54:31 | 0.829424    0.844017    0.000000    0.958858    0.187907    0.951100    0.829424    0.844017    0.970060    0.955414    4100        98.203593   7.352111    0.008283    0.604472    0.006981    -7.183299   0.500000    10.933905   7.941816    21.000000   0.006964    0.395623    0.986437    0.977470    0.008283    3.335972    3.777446    7.049868    0.302236    0.000007    33.938213   0.825623    1.000000    15.109489   45.164166   33.938213   2.250525    0.825623    4.678135    0.052931    0.180934    0.000000    0.000050    0.000500    0.000005    0.000500    0.000500    0.000005    0.000050    0.000050    0.756878    13.772877  
[37m[36mINFO[0m[0m 08/07 00:56:04 | 0.832090    0.839744    0.000000    0.956413    0.210696    0.943765    0.832090    0.839744    0.970060    0.955414    4200        100.598802  7.346366    0.010979    0.604807    0.005641    -7.297081   0.500000    10.946923   7.950022    21.000000   0.005629    0.395287    0.986788    0.978130    0.010979    3.333690    3.772259    7.043957    0.302403    0.000006    34.143862   0.824991    1.000000    14.776342   45.167363   34.143862   2.312859    0.824991    3.934560    0.053080    0.172941    0.000000    0.000050    0.000500    0.000005    0.000500    0.000500    0.000005    0.000050    0.000050    0.762992    14.062515  
[37m[36mINFO[0m[0m 08/07 00:57:32 | 0.852878    0.882479    0.000000    0.950664    0.282522    0.938875    0.852878    0.882479    0.964072    0.949045    4300        102.994012  7.348235    0.010032    0.606907    0.004503    -7.332136   0.500000    10.925725   7.930548    21.000000   0.004492    0.393186    0.986187    0.977492    0.010032    3.338440    3.769626    7.044777    0.303453    0.000005    33.918034   0.826376    1.000000    15.141363   45.168230   33.918034   2.246578    0.826376    4.948304    0.052992    0.200895    0.000000    0.000050    0.000500    0.000005    0.000500    0.000500    0.000005    0.000050    0.000050    0.678697    14.159625  
[37m[36mINFO[0m[0m 08/07 00:59:03 | 0.801706    0.822650    0.000000    0.965205    0.194033    0.963325    0.801706    0.822650    0.973054    0.959236    4400        105.389222  7.342135    0.003533    0.605546    0.003441    -7.439741   0.500000    10.881866   7.931228    21.000000   0.003431    0.394549    0.986553    0.977740    0.003533    3.332353    3.777870    7.039359    0.302773    0.000003    34.116690   0.827108    1.000000    14.774669   45.171254   34.116690   2.312432    0.827108    2.403800    0.052258    0.070921    0.000000    0.000050    0.000500    0.000005    0.000500    0.000500    0.000005    0.000050    0.000050    0.753763    13.746715  
[37m[36mINFO[0m[0m 08/07 01:00:32 | 0.828891    0.835470    0.000000    0.949529    0.261154    0.948655    0.828891    0.835470    0.961078    0.938854    4500        107.784431  7.345204    0.010597    0.606022    0.002441    -7.496936   0.500000    10.884546   7.945661    21.000000   0.002433    0.394072    0.984737    0.975550    0.010597    3.341128    3.765435    7.042191    0.303011    0.000002    34.609826   0.828680    1.000000    13.972445   45.160198   34.609826   2.482141    0.828680    6.141112    0.053398    0.185265    0.000000    0.000050    0.000500    0.000005    0.000500    0.000500    0.000005    0.000050    0.000050    0.690792    14.601440  
[37m[36mINFO[0m[0m 08/07 01:02:01 | 0.775053    0.797009    0.000000    0.960005    0.240987    0.951100    0.775053    0.797009    0.976048    0.952866    4600        110.179641  7.372219    0.016894    0.606405    0.001932    -7.428468   0.500000    10.911789   7.963405    21.000000   0.001930    0.393690    0.984449    0.975280    0.016894    3.354591    3.771815    7.069015    0.303202    0.000002    34.001842   0.830703    1.000000    14.829857   45.150201   34.001842   2.299010    0.830703    7.777986    0.053767    0.262555    0.000000    0.000050    0.000500    0.000005    0.000500    0.000500    0.000005    0.000050    0.000050    0.684361    14.865733  
[37m[36mINFO[0m[0m 08/07 01:03:32 | 0.728145    0.730769    0.000000    0.954244    0.258993    0.936430    0.728145    0.730769    0.967066    0.959236    4700        112.574850  7.372202    0.014481    0.606038    0.001620    -7.466203   0.500000    10.955589   7.947670    21.000000   0.001614    0.394058    0.985520    0.976863    0.014481    3.354229    3.775134    7.069182    0.303019    0.000002    33.672927   0.833748    1.000000    15.252412   45.147258   33.672927   2.215851    0.833748    6.984895    0.053712    0.253953    0.000000    0.000050    0.000500    0.000005    0.000500    0.000500    0.000005    0.000050    0.000050    0.731242    14.887881  
[37m[36mINFO[0m[0m 08/07 01:05:05 | 0.792111    0.790598    0.000000    0.956745    0.238379    0.941320    0.792111    0.790598    0.976048    0.952866    4800        114.970060  7.330231    0.007321    0.605211    0.001111    -7.621649   0.500000    10.920411   7.956759    21.000000   0.001107    0.394883    0.986557    0.978363    0.007321    3.334386    3.762134    7.027624    0.302606    0.000001    33.929165   0.833469    1.000000    14.864951   45.141855   33.929165   2.290888    0.833469    4.020910    0.052811    0.162786    0.000000    0.000050    0.000500    0.000005    0.000500    0.000500    0.000005    0.000050    0.000050    0.771039    13.761987  
[37m[36mINFO[0m[0m 08/07 01:06:36 | 0.817697    0.816239    0.000000    0.961589    0.223710    0.948655    0.817697    0.816239    0.973054    0.963057    4900        117.365269  7.327894    0.002429    0.607741    0.000824    -7.732158   0.500000    10.858328   7.946228    21.000000   0.000822    0.392353    0.986739    0.978290    0.002429    3.330050    3.768865    7.024023    0.303870    0.000001    34.203282   0.830451    1.000000    14.513099   45.148976   34.203282   2.359553    0.830451    2.496172    0.052020    0.059081    0.000000    0.000050    0.000500    0.000005    0.000500    0.000500    0.000005    0.000050    0.000050    0.740582    13.850220  
[37m[36mINFO[0m[0m 08/07 01:08:04 | 0.799574    0.805556    0.000000    0.952338    0.283182    0.931540    0.799574    0.805556    0.970060    0.955414    5000        119.760479  7.345724    0.013160    0.608046    0.000691    -7.672799   0.500000    10.923614   7.956853    21.000000   0.000691    0.392047    0.985294    0.976811    0.013160    3.344582    3.760687    7.041701    0.304023    0.000001    33.870072   0.832469    1.000000    14.984143   45.133313   33.870072   2.267667    0.832469    7.726519    0.053624    0.238628    0.000000    0.000050    0.000500    0.000005    0.000500    0.000500    0.000005    0.000050    0.000050    0.683310    14.033692  
[37m[36mINFO[0m[0m 08/07 01:08:04 | SWAD valley is dead -> early stop !
[37m[36mINFO[0m[0m 08/07 01:08:04 | ---
[37m[33mWARNING[0m[0m 08/07 01:08:04 | Evaluate SWAD ...
[37m[36mINFO[0m[0m 08/07 01:08:18 | 0.836354    0.852564    0.000000    0.976359    0.109189    0.977995    0.836354    0.852564    0.988024    0.963057    [101-4400]  (N=45)
[37m[36mINFO[0m[0m 08/07 01:08:18 | oracle = 85.288%
[37m[36mINFO[0m[0m 08/07 01:08:18 | iid = 79.957%
[37m[36mINFO[0m[0m 08/07 01:08:18 | last = 79.957%
[37m[36mINFO[0m[0m 08/07 01:08:18 | last (inD) = 95.234%
[37m[36mINFO[0m[0m 08/07 01:08:18 | iid (inD) = 96.885%
[37m[36mINFO[0m[0m 08/07 01:08:18 | SWAD = 83.635%
[37m[36mINFO[0m[0m 08/07 01:08:18 | SWAD (inD) = 97.636%
[37m[36mINFO[0m[0m 08/07 01:08:19 | 
[37m[36mINFO[0m[0m 08/07 01:08:23 | Testenv name escaping te_photo -> te_photo
[37m[36mINFO[0m[0m 08/07 01:08:23 | Test envs = [2], name = te_photo
[37m[36mINFO[0m[0m 08/07 01:08:23 | Batch sizes for each domain: [32, 32, 0, 32] (total=96)
[37m[36mINFO[0m[0m 08/07 01:08:23 | steps-per-epoch for each domain: 51.22, 58.62, 98.25 -> min = 51.22
[37m[36mINFO[0m[0m 08/07 01:08:26 | # of params = 49169351
[37m[36mINFO[0m[0m 08/07 01:08:39 | test_in     test_out    train_in    train_out   tr_outloss  env0_out    env1_out    env2_in     env2_out    env3_out    step        epoch       loss        loss_cls    loss_isr    loss_orth   loss_gt     piccl_alph  paired_res  domain_res  valid_doma  basis_orth  response_c  raw_interv  mediator_i  ce_loss     sup_cl_los  pre_cl_los  dccl_total  weighted_l  weighted_l  residual_d  fused_orig  piccl_exec  original_f  piccl_feat  feature_de  feature_de  original_f  backbone_g  piccl_grad  classifier  has_nan_or  param_grou  param_grou  param_grou  param_grou  param_grou  param_grou  param_grou  param_grou  step_time   eval_time  
[37m[36mINFO[0m[0m 08/07 01:08:39 | 0.136228    0.134731    0.000000    0.193530    1.916452    0.190709    0.211538    0.136228    0.134731    0.178344    0           0.000000    13.824937   2.103168    0.000000    0.126456    -5.756462   0.000000    0.000000    0.000000    21.000000   0.115381    0.000000    0.905629    0.816602    2.103168    6.298517    5.480690    13.824810   0.000000    0.000126    32.417751   0.726297    1.000000    25.084858   45.253372   32.417751   1.292323    0.726297    23.954178   0.212971    5.717891    0.000000    0.000050    0.000500    0.000005    0.000500    0.000500    0.000005    0.000050    0.000050    0.780137    13.148953  
[37m[36mINFO[0m[0m 08/07 01:10:10 | 0.978293    0.958084    0.000000    0.943793    0.180323    0.933985    0.957265    0.978293    0.958084    0.940127    100         1.952410    9.769228    0.407122    0.975251    0.078248    -1.553487   0.000000    12.090181   2.501085    21.000000   0.077747    0.025278    0.967601    0.944252    0.407122    4.040669    4.849270    9.281525    0.487625    0.000078    29.610915   0.768907    1.000000    33.995257   45.268179   29.610915   0.878515    0.768907    17.153693   0.077566    2.776625    0.000000    0.000050    0.000500    0.000005    0.000500    0.000500    0.000005    0.000050    0.000050    0.749680    13.077646  
[37m[36mINFO[0m[0m 08/07 01:11:43 | 0.963323    0.946108    0.000000    0.919075    0.253900    0.916870    0.935897    0.963323    0.946108    0.904459    200         3.904820    8.776112    0.134897    0.896593    0.085096    -2.245705   0.000000    11.581513   5.091179    21.000000   0.085853    0.104314    0.974642    0.958132    0.134897    3.644238    4.571053    8.327730    0.448297    0.000085    29.387350   0.786082    1.000000    28.119092   45.276794   29.387350   1.048909    0.786082    17.487634   0.073688    1.526095    0.000000    0.000050    0.000500    0.000005    0.000500    0.000500    0.000005    0.000050    0.000050    0.770521    13.132753  
[37m[36mINFO[0m[0m 08/07 01:13:15 | 0.978293    0.967066    0.000000    0.954929    0.154309    0.948655    0.965812    0.978293    0.967066    0.950318    300         5.857230    8.477390    0.103762    0.825486    0.222560    -2.697251   0.000000    11.351390   6.120293    21.000000   0.224149    0.175089    0.976552    0.962677    0.103762    3.540364    4.447271    8.064424    0.412743    0.000223    29.831487   0.798788    1.000000    24.760612   45.278949   29.831487   1.207820    0.798788    16.729285   0.067507    1.428687    0.000000    0.000050    0.000500    0.000005    0.000500    0.000500    0.000005    0.000050    0.000050    0.768245    13.210891  
[37m[36mINFO[0m[0m 08/07 01:14:45 | 0.973054    0.964072    0.000000    0.948272    0.148891    0.938875    0.965812    0.973054    0.964072    0.940127    400         7.809640    8.287285    0.064180    0.778423    0.360941    -3.055111   0.000000    11.283350   6.616942    21.000000   0.362130    0.222032    0.978107    0.965569    0.064180    3.486829    4.377255    7.897713    0.389212    0.000361    30.198707   0.803345    1.000000    23.363354   45.279253   30.198707   1.294334    0.803345    13.761505   0.060375    0.970461    0.000000    0.000050    0.000500    0.000005    0.000500    0.000500    0.000005    0.000050    0.000050    0.733837    13.634823  
[37m[36mINFO[0m[0m 08/07 01:16:14 | 0.970808    0.946108    0.000000    0.936136    0.229728    0.924205    0.952991    0.970808    0.946108    0.931210    500         9.762050    8.138035    0.044100    0.743844    0.467546    -3.320777   0.000000    11.178393   6.857658    21.000000   0.468515    0.256490    0.979010    0.967539    0.044100    3.436425    4.318328    7.765645    0.371922    0.000468    30.850283   0.808995    1.000000    21.465634   45.281357   30.850283   1.442161    0.808995    10.869608   0.056661    0.727783    0.000000    0.000050    0.000500    0.000005    0.000500    0.000500    0.000005    0.000050    0.000050    0.701745    13.792817  
[37m[36mINFO[0m[0m 08/07 01:17:43 | 0.973054    0.961078    0.000000    0.956292    0.153762    0.960880    0.955128    0.973054    0.961078    0.952866    600         11.714460   8.061069    0.038606    0.719176    0.546651    -3.518293   0.025250    11.166326   6.989043    21.000000   0.547191    0.281093    0.979569    0.968351    0.038606    3.426534    4.270976    7.700934    0.359588    0.000547    31.260086   0.808548    1.000000    20.682321   45.282374   31.260086   1.514031    0.808548    11.665902   0.054777    0.652721    0.000000    0.000050    0.000500    0.000005    0.000500    0.000500    0.000005    0.000050    0.000050    0.733544    13.800855  
[37m[36mINFO[0m[0m 08/07 01:19:10 | 0.973802    0.955090    0.000000    0.950278    0.201573    0.946210    0.959402    0.973802    0.955090    0.945223    700         13.666870   8.004371    0.035091    0.700587    0.577825    -3.704290   0.075250    11.222094   7.070302    21.000000   0.577933    0.299651    0.979776    0.968675    0.035091    3.415482    4.239968    7.653499    0.350294    0.000578    31.571325   0.812270    1.000000    19.820225   45.283079   31.571325   1.597743    0.812270    10.588471   0.054478    0.620077    0.000000    0.000050    0.000500    0.000005    0.000500    0.000500    0.000005    0.000050    0.000050    0.671191    13.250148  
[37m[36mINFO[0m[0m 08/07 01:20:40 | 0.963323    0.949102    0.000000    0.959579    0.171299    0.951100    0.972222    0.963323    0.949102    0.955414    800         15.619280   7.928472    0.017041    0.685097    0.571787    -3.898043   0.125250    11.155768   7.138105    21.000000   0.571534    0.315122    0.980612    0.969763    0.017041    3.391656    4.215634    7.585351    0.342549    0.000572    31.987336   0.814126    1.000000    18.960304   45.282425   31.987336   1.690979    0.814126    8.724768    0.052582    0.354864    0.000000    0.000050    0.000500    0.000005    0.000500    0.000500    0.000005    0.000050    0.000050    0.739618    12.540365  
[37m[36mINFO[0m[0m 08/07 01:22:12 | 0.945359    0.931138    0.000000    0.948374    0.204659    0.941320    0.963675    0.945359    0.931138    0.940127    900         17.571690   7.889797    0.022599    0.672648    0.534108    -4.044109   0.175250    11.171499   7.153519    21.000000   0.533665    0.327559    0.981260    0.970262    0.022599    3.387628    4.183153    7.552938    0.336324    0.000534    32.016424   0.812641    1.000000    18.974231   45.284485   32.016424   1.690265    0.812641    8.987817    0.053231    0.436655    0.000000    0.000050    0.000500    0.000005    0.000500    0.000500    0.000005    0.000050    0.000050    0.769452    12.775696  
[37m[36mINFO[0m[0m 08/07 01:23:41 | 0.976796    0.967066    0.000000    0.965996    0.126895    0.958435    0.976496    0.976796    0.967066    0.963057    1000        19.524100   7.891385    0.028053    0.660881    0.483380    -4.174297   0.225250    11.148964   7.147323    21.000000   0.482817    0.339316    0.980959    0.969175    0.028053    3.402340    4.171810    7.560460    0.330441    0.000483    32.118854   0.810726    1.000000    18.889308   45.282145   32.118854   1.703402    0.810726    10.144694   0.054243    0.494471    0.000000    0.000050    0.000500    0.000005    0.000500    0.000500    0.000005    0.000050    0.000050    0.724760    13.096552  
[37m[36mINFO[0m[0m 08/07 01:25:08 | 0.979042    0.952096    0.000000    0.956031    0.174001    0.941320    0.970085    0.979042    0.952096    0.956688    1100        21.476510   7.849444    0.022563    0.650550    0.424311    -4.314754   0.275250    11.151206   7.149677    21.000000   0.423725    0.349637    0.981361    0.969314    0.022563    3.392211    4.152117    7.523744    0.325275    0.000424    32.445122   0.809131    1.000000    18.409025   45.283311   32.445122   1.765401    0.809131    9.617435    0.053653    0.429859    0.000000    0.000050    0.000500    0.000005    0.000500    0.000500    0.000005    0.000050    0.000050    0.694371    12.921380  
[37m[36mINFO[0m[0m 08/07 01:26:37 | 0.981287    0.964072    0.000000    0.960497    0.178096    0.946210    0.972222    0.981287    0.964072    0.963057    1200        23.428920   7.797903    0.015625    0.641083    0.366644    -4.448485   0.325250    11.182724   7.159220    21.000000   0.366044    0.359091    0.981733    0.969514    0.015625    3.378447    4.127408    7.476995    0.320542    0.000367    32.619981   0.809213    1.000000    18.130453   45.284505   32.619981   1.806972    0.809213    8.775740    0.053020    0.319955    0.000000    0.000050    0.000500    0.000005    0.000500    0.000500    0.000005    0.000050    0.000050    0.703457    13.177569  
[37m[36mINFO[0m[0m 08/07 01:28:07 | 0.967066    0.970060    0.000000    0.950121    0.194064    0.938875    0.970085    0.967066    0.970060    0.941401    1300        25.381330   7.809726    0.023221    0.632062    0.308788    -4.596992   0.375250    11.201649   7.178851    21.000000   0.308244    0.368102    0.981171    0.967689    0.023221    3.390164    4.125971    7.493386    0.316031    0.000309    33.091864   0.802228    1.000000    17.558578   45.283824   33.091864   1.893345    0.802228    10.589743   0.054283    0.498487    0.000000    0.000050    0.000500    0.000005    0.000500    0.000500    0.000005    0.000050    0.000050    0.749128    13.106935  
[37m[36mINFO[0m[0m 08/07 01:29:37 | 0.976796    0.970060    0.000000    0.963366    0.123836    0.953545    0.972222    0.976796    0.970060    0.964331    1400        27.333740   7.784134    0.021366    0.625429    0.255290    -4.667967   0.425250    11.183443   7.191379    21.000000   0.254784    0.374728    0.982472    0.969185    0.021366    3.386337    4.110141    7.471164    0.312715    0.000255    32.737558   0.798065    1.000000    18.466962   45.279443   32.737558   1.776307    0.798065    8.785255    0.053957    0.421446    0.000000    0.000050    0.000500    0.000005    0.000500    0.000500    0.000005    0.000050    0.000050    0.717382    13.588462  
[37m[36mINFO[0m[0m 08/07 01:31:06 | 0.970808    0.952096    0.000000    0.953483    0.203203    0.941320    0.970085    0.970808    0.952096    0.949045    1500        29.286150   7.727613    0.014320    0.620185    0.210998    -4.816293   0.475250    11.162469   7.215276    21.000000   0.210610    0.379964    0.983833    0.970707    0.014320    3.368228    4.082924    7.417310    0.310093    0.000211    33.290127   0.793846    1.000000    17.638501   45.278783   33.290127   1.890953    0.793846    6.715083    0.053309    0.283635    0.000000    0.000050    0.000500    0.000005    0.000500    0.000500    0.000005    0.000050    0.000050    0.711134    13.805727  
[37m[36mINFO[0m[0m 08/07 01:32:38 | 0.968563    0.967066    0.000000    0.955100    0.195629    0.955990    0.961538    0.968563    0.967066    0.947771    1600        31.238560   7.717678    0.010259    0.612582    0.175662    -4.962896   0.500000    11.166416   7.214565    21.000000   0.175344    0.387559    0.983536    0.969531    0.010259    3.366158    4.084423    7.411211    0.306291    0.000176    33.708654   0.789076    1.000000    17.039529   45.276956   33.708654   1.982143    0.789076    6.795787    0.053236    0.249960    0.000000    0.000050    0.000500    0.000005    0.000500    0.000500    0.000005    0.000050    0.000050    0.762150    13.732638  
[37m[36mINFO[0m[0m 08/07 01:34:07 | 0.972305    0.958084    0.000000    0.959278    0.157285    0.960880    0.961538    0.972305    0.958084    0.955414    1700        33.190970   7.689708    0.010448    0.609942    0.145442    -5.105076   0.500000    11.104253   7.206723    21.000000   0.145147    0.390187    0.983598    0.969651    0.010448    3.364282    4.060913    7.384592    0.304971    0.000145    33.834372   0.788650    1.000000    16.747652   45.277309   33.834372   2.022849    0.788650    5.802232    0.052737    0.214014    0.000000    0.000050    0.000500    0.000005    0.000500    0.000500    0.000005    0.000050    0.000050    0.706161    14.269220  
[37m[36mINFO[0m[0m 08/07 01:35:37 | 0.958832    0.943114    0.000000    0.941348    0.287506    0.936430    0.955128    0.958832    0.943114    0.932484    1800        35.143380   7.694118    0.012259    0.604982    0.119117    -5.249776   0.500000    11.063320   7.187448    21.000000   0.118872    0.395144    0.983297    0.968926    0.012259    3.366517    4.065230    7.391508    0.302491    0.000119    34.280383   0.787557    1.000000    16.019740   45.277432   34.280383   2.149538    0.787557    6.732288    0.053556    0.229992    0.000000    0.000050    0.000500    0.000005    0.000500    0.000500    0.000005    0.000050    0.000050    0.725436    12.559760  
[37m[36mINFO[0m[0m 08/07 01:37:08 | 0.955838    0.946108    0.000000    0.953127    0.177690    0.946210    0.967949    0.955838    0.946108    0.945223    1900        37.095790   7.742387    0.033184    0.603108    0.096537    -5.244086   0.500000    11.198888   7.166951    21.000000   0.096344    0.397016    0.982172    0.967576    0.033184    3.393689    4.066304    7.440737    0.301554    0.000097    33.367129   0.789543    1.000000    17.760939   45.276165   33.367129   1.886628    0.789543    11.185198   0.055950    0.534145    0.000000    0.000050    0.000500    0.000005    0.000500    0.000500    0.000005    0.000050    0.000050    0.753682    12.984750  
[37m[36mINFO[0m[0m 08/07 01:38:38 | 0.942365    0.922156    0.000000    0.926150    0.343387    0.909535    0.952991    0.942365    0.922156    0.915924    2000        39.048200   7.728249    0.032131    0.600155    0.078695    -5.310527   0.500000    11.207706   7.185790    21.000000   0.078539    0.399966    0.983012    0.969647    0.032131    3.389348    4.059719    7.428093    0.300078    0.000079    33.058746   0.796925    1.000000    18.118115   45.269631   33.058746   1.830487    0.796925    9.908222    0.055984    0.524026    0.000000    0.000050    0.000500    0.000005    0.000500    0.000500    0.000005    0.000050    0.000050    0.733100    12.863409  
[37m[36mINFO[0m[0m 08/07 01:40:07 | 0.955090    0.946108    0.000000    0.951402    0.208663    0.955990    0.952991    0.955090    0.946108    0.945223    2100        41.000610   7.676256    0.017795    0.597029    0.068368    -5.461288   0.500000    11.207057   7.249681    21.000000   0.068309    0.403087    0.984014    0.970706    0.017795    3.374543    4.039948    7.377673    0.298515    0.000068    33.367810   0.799017    1.000000    17.300172   45.260931   33.367810   1.933766    0.799017    8.445471    0.054265    0.354961    0.000000    0.000050    0.000500    0.000005    0.000500    0.000500    0.000005    0.000050    0.000050    0.708868    13.200468  
[37m[36mINFO[0m[0m 08/07 01:41:35 | 0.970808    0.946108    0.000000    0.965503    0.148239    0.953545    0.978632    0.970808    0.946108    0.964331    2200        42.953020   7.678260    0.025157    0.594719    0.061537    -5.553647   0.500000    11.219459   7.275961    21.000000   0.061463    0.405394    0.983967    0.970936    0.025157    3.379162    4.032056    7.380839    0.297359    0.000062    33.467468   0.800880    1.000000    17.079544   45.253413   33.467468   1.965992    0.800880    9.272780    0.055199    0.417426    0.000000    0.000050    0.000500    0.000005    0.000500    0.000500    0.000005    0.000050    0.000050    0.712965    13.122727  
[37m[36mINFO[0m[0m 08/07 01:43:06 | 0.945359    0.916168    0.000000    0.960175    0.183017    0.948655    0.970085    0.945359    0.916168    0.961783    2300        44.905430   7.674004    0.023192    0.594545    0.053167    -5.671917   0.500000    11.264066   7.299027    21.000000   0.053066    0.405566    0.984023    0.970240    0.023192    3.376073    4.034131    7.376678    0.297273    0.000053    33.606607   0.800527    1.000000    16.754041   45.251347   33.606607   2.012386    0.800527    8.388073    0.055445    0.424318    0.000000    0.000050    0.000500    0.000005    0.000500    0.000500    0.000005    0.000050    0.000050    0.740689    14.385338  
[37m[36mINFO[0m[0m 08/07 01:44:34 | 0.975299    0.955090    0.000000    0.964873    0.192193    0.948655    0.982906    0.975299    0.955090    0.963057    2400        46.857840   7.615452    0.005636    0.594193    0.043552    -5.826019   0.500000    11.153400   7.323815    21.000000   0.043483    0.405914    0.984966    0.971727    0.005636    3.354362    4.016574    7.318312    0.297097    0.000044    34.231550   0.801193    1.000000    15.566975   45.246569   34.231550   2.205817    0.801193    4.113186    0.052907    0.118509    0.000000    0.000050    0.000500    0.000005    0.000500    0.000500    0.000005    0.000050    0.000050    0.698175    13.611017  
[37m[36mINFO[0m[0m 08/07 01:46:04 | 0.965569    0.964072    0.000000    0.959887    0.175934    0.958435    0.965812    0.965569    0.964072    0.955414    2500        48.810250   7.621179    0.013061    0.594388    0.037236    -5.914925   0.500000    11.067035   7.314585    21.000000   0.037169    0.405718    0.983690    0.970083    0.013061    3.360612    4.009424    7.323948    0.297194    0.000037    34.314504   0.798966    1.000000    15.530901   45.243465   34.314504   2.215656    0.798966    7.311513    0.054125    0.290052    0.000000    0.000050    0.000500    0.000005    0.000500    0.000500    0.000005    0.000050    0.000050    0.711684    13.749146  
[37m[36mINFO[0m[0m 08/07 01:47:37 | 0.973054    0.961078    0.000000    0.955942    0.209054    0.958435    0.974359    0.973054    0.961078    0.935032    2600        50.762660   7.588114    0.005601    0.592136    0.032730    -6.038018   0.500000    11.149573   7.266171    21.000000   0.032699    0.407967    0.984434    0.971141    0.005601    3.348529    3.998263    7.292013    0.296068    0.000033    34.336518   0.800177    1.000000    15.444474   45.247968   34.336518   2.227408    0.800177    4.435130    0.053056    0.144579    0.000000    0.000050    0.000500    0.000005    0.000500    0.000500    0.000005    0.000050    0.000050    0.760850    13.960063  
[37m[36mINFO[0m[0m 08/07 01:49:04 | 0.965569    0.964072    0.000000    0.936410    0.303692    0.904645    0.952991    0.965569    0.964072    0.951592    2700        52.715070   7.606799    0.010638    0.590781    0.029417    -6.130155   0.500000    11.074619   7.244527    21.000000   0.029381    0.409321    0.983387    0.969801    0.010638    3.359775    4.002267    7.311379    0.295390    0.000029    34.587848   0.800938    1.000000    15.014934   45.248932   34.587848   2.308189    0.800938    6.837854    0.053848    0.236982    0.000000    0.000050    0.000500    0.000005    0.000500    0.000500    0.000005    0.000050    0.000050    0.672848    14.043811  
[37m[36mINFO[0m[0m 08/07 01:50:34 | 0.964072    0.928144    0.000000    0.960140    0.172686    0.951100    0.970085    0.964072    0.928144    0.959236    2800        54.667480   7.660992    0.031162    0.588837    0.026054    -6.145474   0.500000    11.224162   7.275043    21.000000   0.026027    0.411266    0.983474    0.971149    0.031162    3.383284    4.013557    7.366548    0.294418    0.000026    33.798439   0.806775    1.000000    16.152671   45.239059   33.798439   2.104048    0.806775    9.956175    0.056391    0.501536    0.000000    0.000050    0.000500    0.000005    0.000500    0.000500    0.000005    0.000050    0.000050    0.731201    12.568257  
[37m[36mINFO[0m[0m 08/07 01:51:59 | 0.958084    0.943114    0.000000    0.951874    0.240296    0.943765    0.961538    0.958084    0.943114    0.950318    2900        56.619890   7.617342    0.017889    0.592593    0.022565    -6.265676   0.500000    11.116288   7.272559    21.000000   0.022523    0.407507    0.983526    0.970556    0.017889    3.366675    3.999116    7.321023    0.296297    0.000023    34.210459   0.805630    1.000000    15.432988   45.233008   34.210459   2.224859    0.805630    8.250485    0.054542    0.321406    0.000000    0.000050    0.000500    0.000005    0.000500    0.000500    0.000005    0.000050    0.000050    0.709470    11.647240  
[37m[36mINFO[0m[0m 08/07 01:52:57 | 0.967066    0.955090    0.000000    0.947902    0.243034    0.943765    0.957265    0.967066    0.955090    0.942675    3000        58.572300   7.597707    0.013626    0.589860    0.019127    -6.333951   0.500000    11.139496   7.267694    21.000000   0.019096    0.410241    0.983970    0.971351    0.013626    3.358555    3.993916    7.302758    0.294930    0.000019    34.246619   0.808025    1.000000    15.368710   45.228233   34.246619   2.236520    0.808025    7.210110    0.054203    0.284366    0.000000    0.000050    0.000500    0.000005    0.000500    0.000500    0.000005    0.000050    0.000050    0.448192    11.360799  
[37m[36mINFO[0m[0m 08/07 01:53:56 | 0.945359    0.925150    0.000000    0.956579    0.193753    0.951100    0.959402    0.945359    0.925150    0.959236    3100        60.524710   7.595325    0.015284    0.590390    0.015989    -6.432553   0.500000    11.094829   7.277928    21.000000   0.015960    0.409710    0.984166    0.971810    0.015284    3.366359    3.982798    7.300115    0.295195    0.000016    34.495732   0.810013    1.000000    14.895587   45.226102   34.495732   2.320061    0.810013    7.633075    0.054506    0.292809    0.000000    0.000050    0.000500    0.000005    0.000500    0.000500    0.000005    0.000050    0.000050    0.449622    11.673521  
[37m[36mINFO[0m[0m 08/07 01:54:55 | 0.964820    0.949102    0.000000    0.964962    0.156611    0.960880    0.972222    0.964820    0.949102    0.961783    3200        62.477120   7.564996    0.007142    0.588802    0.014424    -6.530129   0.500000    11.105217   7.294629    21.000000   0.014411    0.411296    0.984938    0.973022    0.007142    3.354413    3.974327    7.270581    0.294401    0.000014    34.448345   0.811043    1.000000    14.888283   45.226964   34.448345   2.316557    0.811043    4.055739    0.053431    0.151673    0.000000    0.000050    0.000500    0.000005    0.000500    0.000500    0.000005    0.000050    0.000050    0.449141    12.715113  
[37m[36mINFO[0m[0m 08/07 01:55:53 | 0.965569    0.934132    0.000000    0.961312    0.208134    0.938875    0.974359    0.965569    0.934132    0.970701    3300        64.429530   7.548497    0.003836    0.588654    0.012680    -6.647955   0.500000    11.133859   7.294010    21.000000   0.012666    0.411443    0.984521    0.971816    0.003836    3.345319    3.971481    7.254157    0.294327    0.000013    34.991950   0.807807    1.000000    14.064952   45.227450   34.991950   2.492856    0.807807    3.676220    0.053141    0.099402    0.000000    0.000050    0.000500    0.000005    0.000500    0.000500    0.000005    0.000050    0.000050    0.447450    11.743786  
[37m[36mINFO[0m[0m 08/07 01:56:52 | 0.955090    0.931138    0.000000    0.954442    0.220500    0.960880    0.950855    0.955090    0.931138    0.951592    3400        66.381940   7.590883    0.021758    0.588012    0.011160    -6.664136   0.500000    11.174843   7.298929    21.000000   0.011144    0.412087    0.983396    0.971104    0.021758    3.370214    3.971535    7.296866    0.294006    0.000011    34.376294   0.809915    1.000000    15.022807   45.217456   34.376294   2.298532    0.809915    9.377160    0.055558    0.377559    0.000000    0.000050    0.000500    0.000005    0.000500    0.000500    0.000005    0.000050    0.000050    0.450294    12.009702  
[37m[36mINFO[0m[0m 08/07 01:57:51 | 0.959581    0.946108    0.000000    0.956606    0.178263    0.941320    0.974359    0.959581    0.946108    0.954140    3500        68.334350   7.575474    0.021392    0.590003    0.009752    -6.711663   0.500000    11.150233   7.301191    21.000000   0.009741    0.410097    0.983979    0.972148    0.021392    3.361633    3.964554    7.280462    0.295002    0.000010    34.230955   0.813465    1.000000    15.201594   45.209707   34.230955   2.258167    0.813465    9.849414    0.055272    0.397188    0.000000    0.000050    0.000500    0.000005    0.000500    0.000500    0.000005    0.000050    0.000050    0.447555    11.884144  
[37m[36mINFO[0m[0m 08/07 01:58:50 | 0.958832    0.946108    0.000000    0.960414    0.163221    0.951100    0.965812    0.958832    0.946108    0.964331    3600        70.286760   7.558162    0.014204    0.589074    0.008726    -6.766618   0.500000    11.145327   7.297726    21.000000   0.008713    0.411024    0.983455    0.971335    0.014204    3.358653    3.958426    7.263616    0.294537    0.000009    34.208982   0.816028    1.000000    15.143665   45.202910   34.208982   2.263700    0.816028    6.669460    0.054565    0.267138    0.000000    0.000050    0.000500    0.000005    0.000500    0.000500    0.000005    0.000050    0.000050    0.451252    12.225254  
[37m[36mINFO[0m[0m 08/07 01:59:51 | 0.967814    0.958084    0.000000    0.951737    0.217998    0.933985    0.965812    0.967814    0.958084    0.955414    3700        72.239170   7.554583    0.013136    0.587408    0.007551    -6.899263   0.500000    11.159814   7.311804    21.000000   0.007540    0.412689    0.984226    0.972221    0.013136    3.358660    3.958068    7.260871    0.293704    0.000008    34.629899   0.814261    1.000000    14.477599   45.204034   34.629899   2.396855    0.814261    5.627197    0.053959    0.208049    0.000000    0.000050    0.000500    0.000005    0.000500    0.000500    0.000005    0.000050    0.000050    0.447960    13.992408  
[37m[36mINFO[0m[0m 08/07 02:00:49 | 0.946856    0.943114    0.000000    0.957894    0.211196    0.951100    0.978632    0.946856    0.943114    0.943949    3800        74.191580   7.550805    0.005154    0.587701    0.006347    -6.993895   0.500000    11.069817   7.313818    21.000000   0.006336    0.412396    0.984071    0.972104    0.005154    3.352345    3.969388    7.256948    0.293851    0.000006    35.063373   0.815589    1.000000    13.702550   45.202778   35.063373   2.569043    0.815589    4.807812    0.053566    0.139018    0.000000    0.000050    0.000500    0.000005    0.000500    0.000500    0.000005    0.000050    0.000050    0.447308    11.295684  
[37m[36mINFO[0m[0m 08/07 02:01:47 | 0.962575    0.934132    0.000000    0.968729    0.157602    0.965770    0.978632    0.962575    0.934132    0.961783    3900        76.143990   7.536628    0.007703    0.587396    0.005387    -7.059789   0.500000    11.123805   7.326478    21.000000   0.005379    0.412701    0.984606    0.973141    0.007703    3.348425    3.957394    7.242925    0.293698    0.000005    34.807471   0.815886    1.000000    14.139684   45.206613   34.807471   2.466864    0.815886    4.222807    0.053433    0.141703    0.000000    0.000050    0.000500    0.000005    0.000500    0.000500    0.000005    0.000050    0.000050    0.451177    11.348700  
[37m[36mINFO[0m[0m 08/07 02:02:45 | 0.946108    0.937126    0.000000    0.958627    0.202994    0.948655    0.974359    0.946108    0.937126    0.952866    4000        78.096400   7.528587    0.006427    0.589420    0.004737    -7.169606   0.500000    11.072080   7.311807    21.000000   0.004731    0.410675    0.984612    0.972960    0.006427    3.349476    3.949665    7.233872    0.294710    0.000005    35.056220   0.813873    1.000000    13.770830   45.208509   35.056220   2.552258    0.813873    4.691363    0.053373    0.146455    0.000000    0.000050    0.000500    0.000005    0.000500    0.000500    0.000005    0.000050    0.000050    0.447439    11.342413  
[37m[36mINFO[0m[0m 08/07 02:03:44 | 0.962575    0.952096    0.000000    0.970372    0.138715    0.970660    0.985043    0.962575    0.952096    0.955414    4100        80.048810   7.547518    0.012729    0.589455    0.004064    -7.183151   0.500000    11.137247   7.295599    21.000000   0.004058    0.410641    0.984481    0.972988    0.012729    3.357032    3.954856    7.252786    0.294728    0.000004    34.368364   0.815880    1.000000    14.838491   45.200742   34.368364   2.322224    0.815880    5.618206    0.054218    0.228111    0.000000    0.000050    0.000500    0.000005    0.000500    0.000500    0.000005    0.000050    0.000050    0.451007    11.657024  
[37m[36mINFO[0m[0m 08/07 02:04:43 | 0.955090    0.949102    0.000000    0.953552    0.224152    0.946210    0.967949    0.955090    0.949102    0.946497    4200        82.001220   7.562040    0.016999    0.590471    0.003505    -7.260313   0.500000    11.113163   7.271882    21.000000   0.003498    0.409624    0.984197    0.973171    0.016999    3.362312    3.960093    7.266801    0.295236    0.000004    34.769478   0.819642    1.000000    14.120757   45.193630   34.769478   2.476401    0.819642    6.777736    0.055367    0.329990    0.000000    0.000050    0.000500    0.000005    0.000500    0.000500    0.000005    0.000050    0.000050    0.446150    12.268128  
[37m[36mINFO[0m[0m 08/07 02:05:42 | 0.961078    0.943114    0.000000    0.962839    0.158664    0.960880    0.972222    0.961078    0.943114    0.955414    4300        83.953630   7.533926    0.009647    0.588805    0.002703    -7.297919   0.500000    11.140795   7.282806    21.000000   0.002696    0.411292    0.984244    0.973052    0.009647    3.354467    3.948386    7.239521    0.294403    0.000003    34.401588   0.817083    1.000000    14.750080   45.187837   34.401588   2.337982    0.817083    5.267317    0.054036    0.207393    0.000000    0.000050    0.000500    0.000005    0.000500    0.000500    0.000005    0.000050    0.000050    0.448111    12.105153  
[37m[36mINFO[0m[0m 08/07 02:06:40 | 0.943114    0.919162    0.000000    0.943464    0.292777    0.919315    0.972222    0.943114    0.919162    0.938854    4400        85.906040   7.520709    0.009205    0.588907    0.002282    -7.418764   0.500000    11.137201   7.295214    21.000000   0.002279    0.411188    0.984233    0.972777    0.009205    3.347972    3.943264    7.226253    0.294454    0.000002    34.797383   0.817107    1.000000    14.116959   45.192316   34.797383   2.472107    0.817107    5.315234    0.053721    0.187981    0.000000    0.000050    0.000500    0.000005    0.000500    0.000500    0.000005    0.000050    0.000050    0.448692    11.976450  
[37m[36mINFO[0m[0m 08/07 02:07:39 | 0.943862    0.922156    0.000000    0.945505    0.224627    0.924205    0.965812    0.943862    0.922156    0.946497    4500        87.858450   7.594044    0.033467    0.588110    0.002056    -7.336996   0.500000    11.134175   7.288694    21.000000   0.002054    0.411987    0.982639    0.971124    0.033467    3.385324    3.954566    7.299987    0.294055    0.000002    34.364712   0.822749    1.000000    14.632958   45.157717   34.364712   2.356264    0.822749    11.946150   0.057186    0.513344    0.000000    0.000050    0.000500    0.000005    0.000500    0.000500    0.000005    0.000050    0.000050    0.446207    11.811316  
[37m[36mINFO[0m[0m 08/07 02:08:38 | 0.953593    0.919162    0.000000    0.954148    0.230571    0.943765    0.965812    0.953593    0.919162    0.952866    4600        89.810860   7.531987    0.011481    0.589800    0.001991    -7.435613   0.500000    11.132548   7.318776    21.000000   0.001990    0.410296    0.984551    0.973801    0.011481    3.352727    3.947233    7.237085    0.294900    0.000002    34.166694   0.824635    1.000000    14.829481   45.153618   34.166694   2.311696    0.824635    5.812917    0.054374    0.232048    0.000000    0.000050    0.000500    0.000005    0.000500    0.000500    0.000005    0.000050    0.000050    0.448927    12.409339  
[37m[36mINFO[0m[0m 08/07 02:09:37 | 0.960329    0.934132    0.000000    0.950463    0.241637    0.933985    0.965812    0.960329    0.934132    0.951592    4700        91.763270   7.526624    0.012009    0.587835    0.001700    -7.412119   0.500000    11.246164   7.328329    21.000000   0.001696    0.412262    0.983400    0.971675    0.012009    3.359426    3.935391    7.232705    0.293917    0.000002    33.908795   0.821831    1.000000    15.380471   45.155909   33.908795   2.210498    0.821831    7.258418    0.054725    0.222887    0.000000    0.000050    0.000500    0.000005    0.000500    0.000500    0.000005    0.000050    0.000050    0.445587    12.968418  
[37m[36mINFO[0m[0m 08/07 02:10:35 | 0.945359    0.946108    0.000000    0.955812    0.201871    0.936430    0.967949    0.945359    0.946108    0.963057    4800        93.715680   7.547358    0.021873    0.589393    0.001336    -7.495214   0.500000    11.135612   7.337460    21.000000   0.001332    0.410703    0.984254    0.973654    0.021873    3.369627    3.936112    7.252660    0.294696    0.000001    33.792113   0.828393    1.000000    15.300339   45.127507   33.792113   2.217103    0.828393    7.369139    0.055850    0.356742    0.000000    0.000050    0.000500    0.000005    0.000500    0.000500    0.000005    0.000050    0.000050    0.448831    10.887227  
[37m[36mINFO[0m[0m 08/07 02:11:34 | 0.961078    0.943114    0.000000    0.954710    0.226650    0.933985    0.965812    0.961078    0.943114    0.964331    4900        95.668090   7.500693    0.005775    0.588060    0.001094    -7.576566   0.500000    11.181530   7.377475    21.000000   0.001093    0.412035    0.985391    0.974577    0.005775    3.345167    3.931486    7.206662    0.294030    0.000001    34.078734   0.822480    1.000000    15.000095   45.148374   34.078734   2.279034    0.822480    4.359057    0.053264    0.120303    0.000000    0.000050    0.000500    0.000005    0.000500    0.000500    0.000005    0.000050    0.000050    0.446502    12.177818  
[37m[36mINFO[0m[0m 08/07 02:12:32 | 0.962575    0.952096    0.000000    0.960175    0.209997    0.948655    0.970085    0.962575    0.952096    0.961783    5000        97.620500   7.524665    0.011438    0.588162    0.001146    -7.646249   0.500000    11.117554   7.342841    21.000000   0.001146    0.411934    0.984285    0.972968    0.011438    3.356534    3.939073    7.230583    0.294081    0.000001    34.572333   0.826911    1.000000    14.083815   45.129201   34.572333   2.462149    0.826911    6.146935    0.054611    0.226083    0.000000    0.000050    0.000500    0.000005    0.000500    0.000500    0.000005    0.000050    0.000050    0.448626    11.133047  
[37m[36mINFO[0m[0m 08/07 02:12:32 | ---
[37m[33mWARNING[0m[0m 08/07 02:12:32 | Evaluate SWAD ...
[37m[36mINFO[0m[0m 08/07 02:12:44 | 0.976796    0.964072    0.000000    0.974571    0.111095    0.973105    0.978632    0.976796    0.964072    0.971975    [301-5000]  (N=48)
[37m[36mINFO[0m[0m 08/07 02:12:44 | oracle = 96.707%
[37m[36mINFO[0m[0m 08/07 02:12:44 | iid = 96.257%
[37m[36mINFO[0m[0m 08/07 02:12:44 | last = 96.257%
[37m[36mINFO[0m[0m 08/07 02:12:44 | last (inD) = 96.017%
[37m[36mINFO[0m[0m 08/07 02:12:44 | iid (inD) = 97.037%
[37m[36mINFO[0m[0m 08/07 02:12:44 | SWAD = 97.680%
[37m[36mINFO[0m[0m 08/07 02:12:44 | SWAD (inD) = 97.457%
[37m[36mINFO[0m[0m 08/07 02:12:44 | 
[37m[36mINFO[0m[0m 08/07 02:12:49 | Testenv name escaping te_sketch -> te_sketch
[37m[36mINFO[0m[0m 08/07 02:12:49 | Test envs = [3], name = te_sketch
[37m[36mINFO[0m[0m 08/07 02:12:49 | Batch sizes for each domain: [32, 32, 32, 0] (total=96)
[37m[36mINFO[0m[0m 08/07 02:12:49 | steps-per-epoch for each domain: 51.22, 58.62, 41.75 -> min = 41.75
[37m[36mINFO[0m[0m 08/07 02:12:51 | # of params = 49169351
[37m[36mINFO[0m[0m 08/07 02:13:05 | test_in     test_out    train_in    train_out   tr_outloss  env0_out    env1_out    env2_out    env3_in     env3_out    step        epoch       loss        loss_cls    loss_isr    loss_orth   loss_gt     piccl_alph  paired_res  domain_res  valid_doma  basis_orth  response_c  raw_interv  mediator_i  ce_loss     sup_cl_los  pre_cl_los  dccl_total  weighted_l  weighted_l  residual_d  fused_orig  piccl_exec  original_f  piccl_feat  feature_de  feature_de  original_f  backbone_g  piccl_grad  classifier  has_nan_or  param_grou  param_grou  param_grou  param_grou  param_grou  param_grou  param_grou  param_grou  step_time   eval_time  
[37m[36mINFO[0m[0m 08/07 02:13:05 | 0.152036    0.157962    0.000000    0.385560    1.685947    0.310513    0.331197    0.514970    0.152036    0.157962    0           0.000000    13.459999   2.073826    0.000000    0.119573    -5.756462   0.000000    0.000000    0.000000    20.000000   0.108954    0.000000    0.894839    0.789266    2.073826    6.125488    5.318130    13.459880   0.000000    0.000120    32.587414   0.709158    1.000000    26.562666   45.253479   32.587414   1.226813    0.709158    20.423216   0.208183    7.075349    0.000000    0.000050    0.000500    0.000005    0.000500    0.000500    0.000005    0.000050    0.000050    0.443102    13.818037  
[37m[36mINFO[0m[0m 08/07 02:14:05 | 0.714695    0.709554    0.000000    0.949356    0.146074    0.933985    0.938034    0.976048    0.714695    0.709554    100         2.395210    9.213395    0.274365    0.978384    0.065703    -1.768238   0.000000    12.112637   2.320644    21.000000   0.065118    0.022071    0.968216    0.947861    0.274365    3.850894    4.616561    8.724137    0.489192    0.000066    28.486169   0.795311    1.000000    34.545463   45.270457   28.486169   0.832781    0.795311    16.616274   0.070624    2.184345    0.000000    0.000050    0.000500    0.000005    0.000500    0.000500    0.000005    0.000050    0.000050    0.451499    13.503987  
[37m[36mINFO[0m[0m 08/07 02:15:06 | 0.765267    0.779618    0.000000    0.958070    0.129158    0.941320    0.950855    0.982036    0.765267    0.779618    200         4.790419    8.394389    0.082994    0.907997    0.091495    -2.562024   0.000000    11.822728   4.471814    21.000000   0.092673    0.092833    0.975062    0.961104    0.082994    3.546935    4.335991    7.940299    0.453998    0.000091    28.389928   0.809270    1.000000    28.179593   45.277379   28.389928   1.012195    0.809270    15.026872   0.067464    1.102518    0.000000    0.000050    0.000500    0.000005    0.000500    0.000500    0.000005    0.000050    0.000050    0.448006    13.554605  
[37m[36mINFO[0m[0m 08/07 02:16:06 | 0.779262    0.773248    0.000000    0.967577    0.112778    0.943765    0.967949    0.991018    0.779262    0.773248    300         7.185629    8.169440    0.062220    0.851496    0.252498    -2.965419   0.000000    11.768996   5.437598    21.000000   0.254035    0.148960    0.976497    0.963345    0.062220    3.482539    4.228335    7.743439    0.425748    0.000252    29.421756   0.808325    1.000000    24.910646   45.280239   29.421756   1.184473    0.808325    13.779448   0.055591    0.906190    0.000000    0.000050    0.000500    0.000005    0.000500    0.000500    0.000005    0.000050    0.000050    0.446856    13.617885  
[37m[36mINFO[0m[0m 08/07 02:17:06 | 0.762723    0.789809    0.000000    0.963871    0.139882    0.943765    0.965812    0.982036    0.762723    0.789809    400         9.580838    8.002912    0.035138    0.819549    0.359036    -3.199609   0.000000    11.762277   5.808809    21.000000   0.359683    0.180805    0.978204    0.966496    0.035138    3.438842    4.150794    7.592779    0.409774    0.000359    29.889229   0.812415    1.000000    23.458418   45.281212   29.889229   1.278047    0.812415    10.404501   0.049386    0.608916    0.000000    0.000050    0.000500    0.000005    0.000500    0.000500    0.000005    0.000050    0.000050    0.447193    13.858936  
[37m[36mINFO[0m[0m 08/07 02:18:07 | 0.666349    0.680255    0.000000    0.946054    0.204421    0.926650    0.944444    0.967066    0.666349    0.680255    500         11.976048   7.919600    0.033204    0.793587    0.400365    -3.452601   0.000000    11.622281   6.010401    21.000000   0.400610    0.206745    0.977966    0.966193    0.033204    3.425479    4.098248    7.522406    0.396793    0.000400    30.572374   0.811145    1.000000    21.974548   45.282667   30.572374   1.393435    0.811145    11.997909   0.050077    0.557409    0.000000    0.000050    0.000500    0.000005    0.000500    0.000500    0.000005    0.000050    0.000050    0.446894    14.204557  
[37m[36mINFO[0m[0m 08/07 02:19:09 | 0.722964    0.731210    0.000000    0.966008    0.131036    0.943765    0.972222    0.982036    0.722964    0.731210    600         14.371257   7.838786    0.024225    0.769599    0.413362    -3.612913   0.025250    11.684255   6.131975    21.000000   0.413366    0.230707    0.977759    0.965743    0.024225    3.412522    4.052956    7.453573    0.384799    0.000413    30.807378   0.811752    1.000000    21.352531   45.284519   30.807378   1.447046    0.811752    9.635374    0.049236    0.436441    0.000000    0.000050    0.000500    0.000005    0.000500    0.000500    0.000005    0.000050    0.000050    0.446214    14.794206  
[37m[36mINFO[0m[0m 08/07 02:20:10 | 0.768766    0.761783    0.000000    0.969207    0.105759    0.948655    0.967949    0.991018    0.768766    0.761783    700         16.766467   7.751496    0.013390    0.748664    0.407249    -3.817703   0.075250    11.632775   6.199145    21.000000   0.407193    0.251613    0.980306    0.969336    0.013390    3.386903    4.014641    7.376757    0.374332    0.000407    31.111352   0.812411    1.000000    20.706947   45.285715   31.111352   1.506230    0.812411    6.752502    0.049076    0.276377    0.000000    0.000050    0.000500    0.000005    0.000500    0.000500    0.000005    0.000050    0.000050    0.446839    14.365966  
[37m[36mINFO[0m[0m 08/07 02:21:11 | 0.799618    0.800000    0.000000    0.969393    0.106798    0.963325    0.965812    0.979042    0.799618    0.800000    800         19.161677   7.676037    0.004240    0.730829    0.405959    -4.057433   0.125250    11.542348   6.205644    21.000000   0.405948    0.269411    0.980843    0.969501    0.004240    3.371734    3.974817    7.310217    0.365415    0.000406    31.804903   0.810149    1.000000    19.429472   45.287357   31.804903   1.641455    0.810149    4.664372    0.048699    0.121301    0.000000    0.000050    0.000500    0.000005    0.000500    0.000500    0.000005    0.000050    0.000050    0.446849    13.330319  
[37m[36mINFO[0m[0m 08/07 02:22:11 | 0.783715    0.761783    0.000000    0.971103    0.107303    0.963325    0.967949    0.982036    0.783715    0.761783    900         21.556886   7.723745    0.025936    0.715392    0.401750    -4.110336   0.175250    11.645691   6.224784    21.000000   0.401679    0.284827    0.978863    0.966054    0.025936    3.402720    3.978095    7.365647    0.357696    0.000402    31.767391   0.811747    1.000000    19.500440   45.288559   31.767391   1.635396    0.811747    10.661193   0.052790    0.458401    0.000000    0.000050    0.000500    0.000005    0.000500    0.000500    0.000005    0.000050    0.000050    0.446964    13.421923  
[37m[36mINFO[0m[0m 08/07 02:23:11 | 0.812977    0.807643    0.000000    0.958776    0.179350    0.924205    0.970085    0.982036    0.812977    0.807643    1000        23.952096   7.625766    0.006886    0.702718    0.397520    -4.210789   0.225250    11.689831   6.199025    21.000000   0.397538    0.297482    0.981040    0.969074    0.006886    3.376964    3.932267    7.274009    0.351359    0.000398    31.643373   0.813276    1.000000    19.699531   45.287223   31.643373   1.608937    0.813276    5.387487    0.050283    0.155146    0.000000    0.000050    0.000500    0.000005    0.000500    0.000500    0.000005    0.000050    0.000050    0.448028    13.643330  
[37m[36mINFO[0m[0m 08/07 02:24:11 | 0.724555    0.705732    0.000000    0.937964    0.270611    0.907090    0.948718    0.958084    0.724555    0.705732    1100        26.347305   7.638303    0.022199    0.691114    0.411432    -4.369258   0.275250    11.744559   6.231267    21.000000   0.411666    0.309075    0.979509    0.966011    0.022199    3.396512    3.917317    7.292335    0.345557    0.000411    32.198144   0.809934    1.000000    18.782607   45.286760   32.198144   1.720216    0.809934    9.837333    0.053187    0.359173    0.000000    0.000050    0.000500    0.000005    0.000500    0.000500    0.000005    0.000050    0.000050    0.446673    13.764108  
[37m[36mINFO[0m[0m 08/07 02:25:12 | 0.691158    0.696815    0.000000    0.962549    0.152874    0.946210    0.959402    0.982036    0.691158    0.696815    1200        28.742515   7.666757    0.039508    0.682668    0.430375    -4.358700   0.325250    11.792116   6.211184    21.000000   0.430462    0.317513    0.980220    0.967090    0.039508    3.412713    3.916359    7.324992    0.341334    0.000430    31.420194   0.811774    1.000000    20.258588   45.285137   31.420194   1.557845    0.811774    12.685903   0.056290    0.635761    0.000000    0.000050    0.000500    0.000005    0.000500    0.000500    0.000005    0.000050    0.000050    0.447101    13.773694  
[37m[36mINFO[0m[0m 08/07 02:26:12 | 0.803117    0.787261    0.000000    0.972284    0.101291    0.960880    0.967949    0.988024    0.803117    0.787261    1300        31.137725   7.598179    0.022106    0.674463    0.439640    -4.552131   0.375250    11.791822   6.178729    21.000000   0.439818    0.325711    0.980964    0.967541    0.022106    3.384195    3.899729    7.260508    0.337231    0.000440    31.965696   0.813279    1.000000    19.091501   45.278836   31.965696   1.678240    0.813279    7.132876    0.054294    0.363746    0.000000    0.000050    0.000500    0.000005    0.000500    0.000500    0.000005    0.000050    0.000050    0.447235    13.827824  
[37m[36mINFO[0m[0m 08/07 02:27:13 | 0.800891    0.806369    0.000000    0.975399    0.094125    0.970660    0.976496    0.979042    0.800891    0.806369    1400        33.532934   7.549623    0.006286    0.666800    0.456798    -4.753659   0.425250    11.719566   6.240050    21.000000   0.456934    0.333368    0.982290    0.968371    0.006286    3.371079    3.885938    7.215766    0.333400    0.000457    32.515362   0.803623    1.000000    18.483981   45.278116   32.515362   1.762143    0.803623    4.962238    0.053416    0.149160    0.000000    0.000050    0.000500    0.000005    0.000500    0.000500    0.000005    0.000050    0.000050    0.447293    13.765167  
[37m[36mINFO[0m[0m 08/07 02:28:13 | 0.801209    0.783439    0.000000    0.966339    0.125714    0.958435    0.961538    0.979042    0.801209    0.783439    1500        35.928144   7.504896    0.005197    0.662813    0.460067    -4.853246   0.475250    11.784745   6.267291    21.000000   0.459897    0.337345    0.983271    0.969160    0.005197    3.357386    3.858980    7.173030    0.331406    0.000460    32.657632   0.795865    1.000000    18.622934   45.279592   32.657632   1.757493    0.795865    4.972289    0.053826    0.126233    0.000000    0.000050    0.000500    0.000005    0.000500    0.000500    0.000005    0.000050    0.000050    0.447124    13.803057  
[37m[36mINFO[0m[0m 08/07 02:29:14 | 0.802163    0.817834    0.000000    0.965421    0.168085    0.953545    0.963675    0.979042    0.802163    0.817834    1600        38.323353   7.501992    0.004220    0.657145    0.433396    -5.018573   0.500000    11.691810   6.275766    21.000000   0.433175    0.343003    0.983595    0.968883    0.004220    3.356388    3.862564    7.172986    0.328573    0.000433    33.171735   0.789925    1.000000    17.917134   45.281037   33.171735   1.854338    0.789925    3.591797    0.053320    0.098756    0.000000    0.000050    0.000500    0.000005    0.000500    0.000500    0.000005    0.000050    0.000050    0.446773    14.243757  
[37m[36mINFO[0m[0m 08/07 02:30:15 | 0.788804    0.789809    0.000000    0.971918    0.131909    0.965770    0.967949    0.982036    0.788804    0.789809    1700        40.718563   7.475745    0.004227    0.653770    0.410265    -5.158815   0.500000    11.685861   6.286708    21.000000   0.409964    0.346371    0.983521    0.968922    0.004227    3.351948    3.843861    7.148449    0.326885    0.000410    33.407421   0.788866    1.000000    17.536786   45.284193   33.407421   1.908507    0.788866    3.895072    0.053417    0.104739    0.000000    0.000050    0.000500    0.000005    0.000500    0.000500    0.000005    0.000050    0.000050    0.446803    14.250299  
[37m[36mINFO[0m[0m 08/07 02:31:14 | 0.777036    0.779618    0.000000    0.957419    0.187971    0.946210    0.952991    0.973054    0.777036    0.779618    1800        43.113772   7.472465    0.006931    0.651218    0.378690    -5.285444   0.500000    11.665899   6.288808    21.000000   0.378363    0.348915    0.982516    0.967300    0.006931    3.360877    3.831523    7.146477    0.325609    0.000379    33.737846   0.788333    1.000000    16.923817   45.284039   33.737846   1.997293    0.788333    6.117982    0.053679    0.147978    0.000000    0.000050    0.000500    0.000005    0.000500    0.000500    0.000005    0.000050    0.000050    0.447108    12.959219  
[37m[36mINFO[0m[0m 08/07 02:32:14 | 0.776081    0.780892    0.000000    0.961734    0.175945    0.943765    0.959402    0.982036    0.776081    0.780892    1900        45.508982   7.544049    0.021461    0.644453    0.343311    -5.290838   0.500000    11.791668   6.288842    21.000000   0.342970    0.355678    0.981596    0.967085    0.021461    3.391801    3.861126    7.221480    0.322226    0.000343    33.031329   0.794243    1.000000    18.132747   45.284552   33.031329   1.830270    0.794243    9.589072    0.056119    0.402385    0.000000    0.000050    0.000500    0.000005    0.000500    0.000500    0.000005    0.000050    0.000050    0.446859    13.155398  
[37m[36mINFO[0m[0m 08/07 02:33:14 | 0.809160    0.807643    0.000000    0.957903    0.183405    0.933985    0.963675    0.976048    0.809160    0.807643    2000        47.904192   7.545208    0.030203    0.641930    0.315243    -5.349738   0.500000    11.934410   6.297506    21.000000   0.314990    0.358197    0.981654    0.967301    0.030203    3.395706    3.851517    7.223928    0.320965    0.000315    32.607679   0.796880    1.000000    18.834725   45.280523   32.607679   1.743088    0.796880    11.035545   0.056940    0.485935    0.000000    0.000050    0.000500    0.000005    0.000500    0.000500    0.000005    0.000050    0.000050    0.447209    13.339091  
[37m[36mINFO[0m[0m 08/07 02:34:14 | 0.799300    0.802548    0.000000    0.959674    0.199271    0.938875    0.970085    0.970060    0.799300    0.802548    2100        50.299401   7.453137    0.009201    0.642279    0.288891    -5.508360   0.500000    11.753155   6.276053    21.000000   0.288629    0.357840    0.983633    0.969945    0.009201    3.361134    3.816457    7.131709    0.321140    0.000289    33.168594   0.799227    1.000000    17.550180   45.278152   33.168594   1.896489    0.799227    5.135456    0.053859    0.167132    0.000000    0.000050    0.000500    0.000005    0.000500    0.000500    0.000005    0.000050    0.000050    0.447242    13.326591  
[37m[36mINFO[0m[0m 08/07 02:35:15 | 0.828562    0.806369    0.000000    0.974649    0.104361    0.973105    0.965812    0.985030    0.828562    0.806369    2200        52.694611   7.434090    0.002076    0.641034    0.265382    -5.643631   0.500000    11.734005   6.264731    21.000000   0.265162    0.359081    0.984879    0.971870    0.002076    3.353172    3.814496    7.113308    0.320517    0.000265    33.344272   0.799442    1.000000    17.173323   45.278075   33.344272   1.945118    0.799442    2.439819    0.053293    0.056982    0.000000    0.000050    0.000500    0.000005    0.000500    0.000500    0.000005    0.000050    0.000050    0.448911    13.857895  
[37m[36mINFO[0m[0m 08/07 02:36:15 | 0.764949    0.775796    0.000000    0.957331    0.185611    0.933985    0.967949    0.970060    0.764949    0.775796    2300        55.089820   7.452969    0.014355    0.638182    0.240586    -5.785827   0.500000    11.671930   6.241517    21.000000   0.240306    0.361931    0.983909    0.970609    0.014355    3.367338    3.809802    7.133637    0.319091    0.000241    33.643313   0.800251    1.000000    16.752268   45.275860   33.643313   2.017927    0.800251    5.990735    0.054781    0.246875    0.000000    0.000050    0.000500    0.000005    0.000500    0.000500    0.000005    0.000050    0.000050    0.449026    13.646626  
[37m[36mINFO[0m[0m 08/07 02:37:16 | 0.822837    0.811465    0.000000    0.954643    0.205531    0.924205    0.963675    0.976048    0.822837    0.811465    2400        57.485030   7.424374    0.008986    0.639908    0.212945    -5.859470   0.500000    11.710678   6.261828    21.000000   0.212690    0.360201    0.983956    0.971361    0.008986    3.361068    3.792748    7.104207    0.319954    0.000213    33.153051   0.803723    1.000000    17.444654   45.277631   33.153051   1.909855    0.803723    5.637883    0.053752    0.200569    0.000000    0.000050    0.000500    0.000005    0.000500    0.000500    0.000005    0.000050    0.000050    0.446624    14.155605  
[37m[36mINFO[0m[0m 08/07 02:38:17 | 0.756679    0.747771    0.000000    0.965501    0.143090    0.948655    0.965812    0.982036    0.756679    0.747771    2500        59.880240   7.462872    0.018807    0.636331    0.186587    -5.887238   0.500000    11.785505   6.280919    21.000000   0.186333    0.363778    0.982826    0.969396    0.018807    3.377764    3.806820    7.144520    0.318166    0.000187    33.216013   0.804106    1.000000    17.285540   45.269335   33.216013   1.930402    0.804106    8.115259    0.054962    0.319391    0.000000    0.000050    0.000500    0.000005    0.000500    0.000500    0.000005    0.000050    0.000050    0.445969    14.047081  
[37m[36mINFO[0m[0m 08/07 02:39:18 | 0.801209    0.801274    0.000000    0.961487    0.187875    0.941320    0.970085    0.973054    0.801209    0.801274    2600        62.275449   7.459969    0.021725    0.635780    0.164414    -5.955394   0.500000    11.875625   6.296794    21.000000   0.164192    0.364328    0.982071    0.968406    0.021725    3.375980    3.803765    7.141915    0.317890    0.000164    32.917772   0.803980    1.000000    17.886834   45.265623   32.917772   1.848128    0.803980    9.855867    0.055262    0.377909    0.000000    0.000050    0.000500    0.000005    0.000500    0.000500    0.000005    0.000050    0.000050    0.446690    14.583595  
[37m[36mINFO[0m[0m 08/07 02:40:19 | 0.787214    0.791083    0.000000    0.960591    0.179737    0.943765    0.967949    0.970060    0.787214    0.791083    2700        64.670659   7.456950    0.020634    0.637265    0.141471    -6.032484   0.500000    11.887536   6.281270    21.000000   0.141262    0.362840    0.983342    0.970136    0.020634    3.374876    3.802991    7.138176    0.318633    0.000141    32.463948   0.803481    1.000000    18.678621   45.261401   32.463948   1.743431    0.803481    8.029934    0.054614    0.299456    0.000000    0.000050    0.000500    0.000005    0.000500    0.000500    0.000005    0.000050    0.000050    0.446187    14.480011  
[37m[36mINFO[0m[0m 08/07 02:41:19 | 0.782761    0.800000    0.000000    0.961346    0.171486    0.941320    0.963675    0.979042    0.782761    0.800000    2800        67.065868   7.427216    0.007963    0.637397    0.120973    -6.146677   0.500000    11.841936   6.267652    21.000000   0.120758    0.362707    0.983960    0.970616    0.007963    3.364588    3.797312    7.108396    0.318699    0.000121    32.781931   0.805809    1.000000    17.965007   45.260509   32.781931   1.829067    0.805809    4.871563    0.053170    0.156224    0.000000    0.000050    0.000500    0.000005    0.000500    0.000500    0.000005    0.000050    0.000050    0.446361    13.101165  
[37m[36mINFO[0m[0m 08/07 02:42:19 | 0.784351    0.798726    0.000000    0.967154    0.137140    0.960880    0.961538    0.979042    0.784351    0.798726    2900        69.461078   7.404743    0.007635    0.636941    0.102300    -6.273574   0.500000    11.844545   6.251487    21.000000   0.102131    0.363161    0.984083    0.971014    0.007635    3.358832    3.782439    7.086171    0.318470    0.000102    33.039455   0.806784    1.000000    17.400251   45.259775   33.039455   1.908380    0.806784    5.228067    0.053140    0.170598    0.000000    0.000050    0.000500    0.000005    0.000500    0.000500    0.000005    0.000050    0.000050    0.447022    13.355740  
[37m[36mINFO[0m[0m 08/07 02:43:18 | 0.758906    0.761783    0.000000    0.952589    0.221716    0.936430    0.957265    0.964072    0.758906    0.761783    3000        71.856287   7.378527    0.002027    0.637244    0.086611    -6.403555   0.500000    11.735421   6.264204    21.000000   0.086470    0.362856    0.985366    0.972950    0.002027    3.350374    3.771454    7.059819    0.318622    0.000087    33.408395   0.808321    1.000000    16.647854   45.259325   33.408395   2.009191    0.808321    2.618345    0.052311    0.053990    0.000000    0.000050    0.000500    0.000005    0.000500    0.000500    0.000005    0.000050    0.000050    0.447294    13.230270  
[37m[36mINFO[0m[0m 08/07 02:44:18 | 0.791349    0.802548    0.000000    0.963470    0.169679    0.968215    0.955128    0.967066    0.791349    0.802548    3100        74.251497   7.397913    0.008127    0.636786    0.072215    -6.499338   0.500000    11.754941   6.307668    21.000000   0.072100    0.363313    0.984086    0.971604    0.008127    3.355494    3.780820    7.079448    0.318393    0.000072    33.780354   0.810030    1.000000    15.979018   45.256073   33.780354   2.120278    0.810030    4.930702    0.053285    0.166157    0.000000    0.000050    0.000500    0.000005    0.000500    0.000500    0.000005    0.000050    0.000050    0.446188    13.257881  
[37m[36mINFO[0m[0m 08/07 02:45:18 | 0.751272    0.763057    0.000000    0.954482    0.263307    0.933985    0.959402    0.970060    0.751272    0.763057    3200        76.646707   7.390794    0.006670    0.635119    0.063447    -6.569433   0.500000    11.780052   6.336798    21.000000   0.063360    0.364980    0.983981    0.971446    0.006670    3.360113    3.772082    7.073171    0.317559    0.000063    33.802946   0.810564    1.000000    15.967532   45.256621   33.802946   2.122695    0.810564    4.483486    0.052923    0.134684    0.000000    0.000050    0.000500    0.000005    0.000500    0.000500    0.000005    0.000050    0.000050    0.446940    13.292731  
[37m[36mINFO[0m[0m 08/07 02:46:18 | 0.814249    0.808917    0.000000    0.970105    0.156766    0.963325    0.967949    0.979042    0.814249    0.808917    3300        79.041916   7.381318    0.004941    0.634522    0.055089    -6.659381   0.500000    11.796439   6.335098    21.000000   0.055011    0.365577    0.984279    0.972132    0.004941    3.358340    3.767315    7.064002    0.317261    0.000055    33.438946   0.811129    1.000000    16.547181   45.257465   33.438946   2.026199    0.811129    3.642095    0.052860    0.106414    0.000000    0.000050    0.000500    0.000005    0.000500    0.000500    0.000005    0.000050    0.000050    0.446660    13.426265  
[37m[36mINFO[0m[0m 08/07 02:47:18 | 0.803435    0.815287    0.000000    0.969005    0.151853    0.960880    0.970085    0.976048    0.803435    0.815287    3400        81.437126   7.366499    0.003592    0.636338    0.047384    -6.785324   0.500000    11.753953   6.324703    21.000000   0.047308    0.363760    0.985265    0.973318    0.003592    3.347619    3.764924    7.048283    0.318169    0.000047    33.732401   0.810614    1.000000    16.052728   45.259496   33.732401   2.109169    0.810614    1.991731    0.052195    0.056584    0.000000    0.000050    0.000500    0.000005    0.000500    0.000500    0.000005    0.000050    0.000050    0.446309    13.730312  
[37m[36mINFO[0m[0m 08/07 02:48:18 | 0.811069    0.808917    0.000000    0.964503    0.168324    0.948655    0.965812    0.979042    0.811069    0.808917    3500        83.832335   7.374385    0.008378    0.636048    0.040593    -6.911454   0.500000    11.691244   6.324524    21.000000   0.040518    0.364049    0.983403    0.970764    0.008378    3.356431    3.760627    7.056321    0.318024    0.000041    34.608329   0.812082    1.000000    14.549233   45.252150   34.608329   2.383497    0.812082    3.885950    0.053290    0.148261    0.000000    0.000050    0.000500    0.000005    0.000500    0.000500    0.000005    0.000050    0.000050    0.445079    13.685769  
[37m[36mINFO[0m[0m 08/07 02:49:19 | 0.776399    0.769427    0.000000    0.961833    0.220276    0.946210    0.972222    0.967066    0.776399    0.769427    3600        86.227545   7.361380    0.003202    0.638156    0.031563    -6.919128   0.500000    11.734421   6.285427    21.000000   0.031484    0.361941    0.983104    0.970289    0.003202    3.350434    3.757825    7.042270    0.319078    0.000032    33.747842   0.809042    1.000000    16.067500   45.253501   33.747842   2.103119    0.809042    3.655212    0.052231    0.085701    0.000000    0.000050    0.000500    0.000005    0.000500    0.000500    0.000005    0.000050    0.000050    0.446681    13.963154  
[37m[36mINFO[0m[0m 08/07 02:50:20 | 0.812023    0.821656    0.000000    0.965298    0.215402    0.960880    0.967949    0.967066    0.812023    0.821656    3700        88.622754   7.394607    0.017020    0.634968    0.025406    -6.968447   0.500000    11.789474   6.268249    21.000000   0.025347    0.365132    0.982907    0.971077    0.017020    3.370679    3.759082    7.077097    0.317484    0.000025    34.075081   0.813539    1.000000    15.376268   45.247933   34.075081   2.228019    0.813539    6.684009    0.054739    0.301721    0.000000    0.000050    0.000500    0.000005    0.000500    0.000500    0.000005    0.000050    0.000050    0.444831    14.277211  
[37m[36mINFO[0m[0m 08/07 02:51:20 | 0.755725    0.741401    0.000000    0.953362    0.222195    0.941320    0.963675    0.955090    0.755725    0.741401    3800        91.017964   7.401083    0.016224    0.637341    0.020413    -7.053725   0.500000    11.764972   6.272884    21.000000   0.020375    0.362757    0.982192    0.970202    0.016224    3.373880    3.762825    7.082392    0.318671    0.000020    34.080893   0.815054    1.000000    15.305638   45.240438   34.080893   2.235701    0.815054    8.207394    0.054258    0.270949    0.000000    0.000050    0.000500    0.000005    0.000500    0.000500    0.000005    0.000050    0.000050    0.445950    13.111545  
[37m[36mINFO[0m[0m 08/07 02:52:19 | 0.808524    0.828025    0.000000    0.960290    0.214823    0.953545    0.957265    0.970060    0.808524    0.828025    3900        93.413174   7.380514    0.012929    0.635229    0.016772    -6.982021   0.500000    11.856862   6.301752    21.000000   0.016732    0.364873    0.983471    0.972394    0.012929    3.371122    3.748652    7.062882    0.317615    0.000017    32.906210   0.820826    1.000000    17.116228   45.241311   32.906210   1.934995    0.820826    7.383239    0.054034    0.238247    0.000000    0.000050    0.000500    0.000005    0.000500    0.000500    0.000005    0.000050    0.000050    0.447316    13.278037  
[37m[36mINFO[0m[0m 08/07 02:53:19 | 0.800891    0.801274    0.000000    0.968799    0.185475    0.955990    0.974359    0.976048    0.800891    0.801274    4000        95.808383   7.339362    0.005863    0.634793    0.013245    -7.147721   0.500000    11.853852   6.328282    21.000000   0.013218    0.365305    0.984869    0.973636    0.005863    3.348417    3.739151    7.021953    0.317396    0.000013    33.453134   0.818289    1.000000    16.180610   45.242142   33.453134   2.070942    0.818289    3.665071    0.052831    0.110237    0.000000    0.000050    0.000500    0.000005    0.000500    0.000500    0.000005    0.000050    0.000050    0.447320    13.391443  
[37m[36mINFO[0m[0m 08/07 02:54:20 | 0.823791    0.826752    0.000000    0.964423    0.178681    0.953545    0.963675    0.976048    0.823791    0.826752    4100        98.203593   7.373358    0.010769    0.634311    0.010536    -7.240095   0.500000    11.775695   6.366090    21.000000   0.010503    0.365787    0.983157    0.971507    0.010769    3.365643    3.752180    7.056192    0.317155    0.000011    33.975899   0.818982    1.000000    15.335336   45.233500   33.975899   2.224652    0.818982    5.503488    0.053608    0.201328    0.000000    0.000050    0.000500    0.000005    0.000500    0.000500    0.000005    0.000050    0.000050    0.446082    13.723624  
[37m[36mINFO[0m[0m 08/07 02:55:20 | 0.735051    0.713376    0.000000    0.947474    0.247464    0.926650    0.963675    0.952096    0.735051    0.713376    4200        100.598802  7.389845    0.019798    0.636650    0.007357    -7.246423   0.500000    11.806370   6.313143    21.000000   0.007334    0.363447    0.983793    0.972702    0.019798    3.371099    3.753080    7.071513    0.318325    0.000007    32.972405   0.820979    1.000000    16.983200   45.228653   32.972405   1.952397    0.820979    7.513506    0.054566    0.316528    0.000000    0.000050    0.000500    0.000005    0.000500    0.000500    0.000005    0.000050    0.000050    0.446590    13.318263  
[37m[36mINFO[0m[0m 08/07 02:56:20 | 0.804389    0.792357    0.000000    0.957579    0.205809    0.936430    0.957265    0.979042    0.804389    0.792357    4300        102.994012  7.370553    0.008821    0.637714    0.005398    -7.362890   0.500000    11.721331   6.262158    21.000000   0.005377    0.362384    0.984578    0.973690    0.008821    3.360891    3.755608    7.051691    0.318857    0.000005    33.505423   0.820599    1.000000    15.979032   45.208335   33.505423   2.099443    0.820599    3.720953    0.052715    0.143585    0.000000    0.000050    0.000500    0.000005    0.000500    0.000500    0.000005    0.000050    0.000050    0.445880    13.614160  
[37m[36mINFO[0m[0m 08/07 02:57:20 | 0.809796    0.801274    0.000000    0.962221    0.197594    0.948655    0.967949    0.970060    0.809796    0.801274    4400        105.389222  7.373182    0.012373    0.637298    0.003745    -7.406136   0.500000    11.800239   6.239633    21.000000   0.003739    0.362797    0.983619    0.972398    0.012373    3.366617    3.749600    7.054529    0.318649    0.000004    33.884687   0.822610    1.000000    15.348485   45.214457   33.884687   2.212902    0.822610    6.207066    0.053425    0.228809    0.000000    0.000050    0.000500    0.000005    0.000500    0.000500    0.000005    0.000050    0.000050    0.446311    13.720580  
[37m[36mINFO[0m[0m 08/07 02:58:20 | 0.812341    0.812739    0.000000    0.961753    0.211602    0.951100    0.970085    0.964072    0.812341    0.812739    4500        107.784431  7.369445    0.011673    0.637113    0.003525    -7.400463   0.500000    11.846526   6.274931    21.000000   0.003519    0.362983    0.983744    0.972723    0.011673    3.371183    3.742034    7.050885    0.318557    0.000004    33.429110   0.823562    1.000000    16.027541   45.214109   33.429110   2.088922    0.823562    6.288960    0.053343    0.221447    0.000000    0.000050    0.000500    0.000005    0.000500    0.000500    0.000005    0.000050    0.000050    0.446225    13.622176  
[37m[36mINFO[0m[0m 08/07 02:59:20 | 0.776718    0.782166    0.000000    0.955117    0.291610    0.955990    0.957265    0.952096    0.776718    0.782166    4600        110.179641  7.361817    0.011550    0.637033    0.002803    -7.478062   0.500000    11.767203   6.305823    21.000000   0.002800    0.363064    0.983472    0.972124    0.011550    3.365095    3.741433    7.043298    0.318516    0.000003    33.594489   0.826463    1.000000    15.650399   45.200923   33.594489   2.152841    0.826463    4.529303    0.053224    0.185309    0.000000    0.000050    0.000500    0.000005    0.000500    0.000500    0.000005    0.000050    0.000050    0.445056    13.640512  
[37m[36mINFO[0m[0m 08/07 03:00:20 | 0.730280    0.743949    0.000000    0.955682    0.262809    0.938875    0.970085    0.958084    0.730280    0.743949    4700        112.574850  7.328739    0.003533    0.637606    0.002601    -7.600024   0.500000    11.672730   6.358711    21.000000   0.002595    0.362490    0.984608    0.973773    0.003533    3.353100    3.729301    7.009934    0.318803    0.000003    33.892424   0.825652    1.000000    15.184674   45.204012   33.892424   2.237483    0.825652    2.782181    0.052266    0.070045    0.000000    0.000050    0.000500    0.000005    0.000500    0.000500    0.000005    0.000050    0.000050    0.445699    13.582904  
[37m[36mINFO[0m[0m 08/07 03:01:20 | 0.816158    0.805096    0.000000    0.960915    0.192216    0.941320    0.974359    0.967066    0.816158    0.805096    4800        114.970060  7.313065    0.000264    0.636872    0.001879    -7.710205   0.500000    11.725668   6.330652    21.000000   0.001872    0.363224    0.985298    0.974728    0.000264    3.343934    3.727531    6.994627    0.318436    0.000002    34.105758   0.825216    1.000000    14.872889   45.212110   34.105758   2.297610    0.825216    1.206032    0.051875    0.009992    0.000000    0.000050    0.000500    0.000005    0.000500    0.000500    0.000005    0.000050    0.000050    0.446146    12.830052  
[37m[36mINFO[0m[0m 08/07 03:02:19 | 0.795165    0.796178    0.000000    0.953096    0.237865    0.931540    0.963675    0.964072    0.795165    0.796178    4900        117.365269  7.356506    0.014144    0.635634    0.001383    -7.762919   0.500000    11.750452   6.320327    21.000000   0.001380    0.364463    0.982283    0.970718    0.014144    3.364741    3.737432    7.038688    0.317817    0.000001    34.559735   0.826003    1.000000    14.177820   45.192724   34.559735   2.454007    0.826003    6.347521    0.054147    0.229354    0.000000    0.000050    0.000500    0.000005    0.000500    0.000500    0.000005    0.000050    0.000050    0.447464    12.823919  
[37m[36mINFO[0m[0m 08/07 03:03:19 | 0.782125    0.779618    0.000000    0.949387    0.223741    0.914425    0.963675    0.970060    0.782125    0.779618    5000        119.760479  7.367743    0.019287    0.638352    0.001110    -7.697393   0.500000    11.792973   6.288839    21.000000   0.001107    0.361745    0.983131    0.972815    0.019287    3.375775    3.730479    7.048566    0.319176    0.000001    33.513317   0.828169    1.000000    15.787503   45.187838   33.513317   2.129571    0.828169    8.246650    0.054353    0.321862    0.000000    0.000050    0.000500    0.000005    0.000500    0.000500    0.000005    0.000050    0.000050    0.447041    13.148177  
[37m[36mINFO[0m[0m 08/07 03:03:19 | ---
[37m[33mWARNING[0m[0m 08/07 03:03:20 | Evaluate SWAD ...
[37m[36mINFO[0m[0m 08/07 03:03:33 | 0.826018    0.826752    0.000000    0.980919    0.095699    0.973105    0.978632    0.991018    0.826018    0.826752    [101-4800]  (N=48)
[37m[36mINFO[0m[0m 08/07 03:03:33 | oracle = 80.852%
[37m[36mINFO[0m[0m 08/07 03:03:33 | iid = 80.089%
[37m[36mINFO[0m[0m 08/07 03:03:33 | last = 78.212%
[37m[36mINFO[0m[0m 08/07 03:03:33 | last (inD) = 94.939%
[37m[36mINFO[0m[0m 08/07 03:03:33 | iid (inD) = 97.540%
[37m[36mINFO[0m[0m 08/07 03:03:33 | SWAD = 82.602%
[37m[36mINFO[0m[0m 08/07 03:03:33 | SWAD (inD) = 98.092%
[37m[36mINFO[0m[0m 08/07 03:03:34 | === Summary ===
[37m[36mINFO[0m[0m 08/07 03:03:34 | Command: train_all.py pacs_piccl_isr_05 --algorithm PICCL --data_dir /home/hooasia/lgg/data/repro_dccl_data --output_root train_output/PACS_piccl_loss --steps 5000 --checkpoint_freq 100 --deterministic --piccl_isr_weight 0.5 --piccl_gt_mode keep
[37m[36mINFO[0m[0m 08/07 03:03:34 | Unique name: 260806_22-52-02_pacs_piccl_isr_05
[37m[36mINFO[0m[0m 08/07 03:03:34 | Out path: train_output/PACS_piccl_loss/260806_22-52-02_pacs_piccl_isr_05
[37m[36mINFO[0m[0m 08/07 03:03:34 | Algorithm: PICCL
[37m[36mINFO[0m[0m 08/07 03:03:34 | Dataset: PACS
+------------+---------+---------+---------+---------+---------+
| Selection  |   env0  |   env1  |   env2  |   env3  |   Avg.  |
+------------+---------+---------+---------+---------+---------+
|   oracle   | 88.103% | 85.288% | 96.707% | 80.852% | 87.737% |
|    iid     | 84.625% | 79.957% | 96.257% | 80.089% | 85.232% |
|    last    | 85.418% | 79.957% | 96.257% | 78.212% | 84.961% |
| last (inD) | 97.003% | 95.234% | 96.017% | 94.939% | 95.798% |
| iid (inD)  | 97.629% | 96.885% | 97.037% | 97.540% | 97.273% |
|    SWAD    | 89.994% | 83.635% | 97.680% | 82.602% | 88.478% |
| SWAD (inD) | 98.282% | 97.636% | 97.457% | 98.092% | 97.867% |
+------------+---------+---------+---------+---------+---------+
