[37m[36mINFO[0m[0m 07/18 13:05:09 | Command :: train_all.py 6pacs_piccl_no_pre --dataset PACS --algorithm PICCL --model resnet50 --deterministic --trial_seed 0 --seed 0 --checkpoint_freq 100 --steps 5000 --data_dir /home/hooasia/lgg/data/repro_dccl_data --use_piccl true --piccl_strict_bypass false --output_root train_output/PACS1 --l 1 --l_layer 0 --l_d 0.05 --t 0.1 --t_pre 0.2 --use_piccl true --piccl_fusion_mode residual_gate --piccl_gt_mode keep --piccl_rank 16 --piccl_isr_weight 0.05 --piccl_orth_weight 0.0001 --piccl_residual_scale 0.25 --piccl_gate_bias -2.5 --piccl_basis_receive_task_grad false
Environment:
	Python: 3.10.20
	PyTorch: 2.5.1+cu121
	Torchvision: 0.20.1+cu121
	CUDA: 12.1
	CUDNN: 90100
	NumPy: 2.2.6
	PIL: 12.0.0
Args:
	TN: False
	algorithm: PICCL
	aug: 0
	checkpoint_freq: 100
	configs: []
	data_dir: /home/hooasia/lgg/data/repro_dccl_data
	dataset: PACS
	debug: False
	deterministic: True
	domainnet_auto_source_count: 3
	erm_baseline: weak
	evalmode: fast
	holdout_fraction: 0.2
	l: 1.0
	l_d: 0.05
	l_layer: 0.0
	label_ratio: 1.0
	lamda: 5
	log: False
	mix: 0
	model: resnet50
	model_save: None
	n_layer: None
	name: 6pacs_piccl_no_pre
	out_dir: train_output/PACS1/260718_13-05-09_6pacs_piccl_no_pre
	out_root: train_output/PACS1
	output_root: train_output/PACS1
	pos_mask: False
	prebuild_loader: False
	re_w: False
	sample_d: False
	seed: 0
	show: False
	source_envs: None
	start_epoch: 1000
	steps: 5000
	sup: True
	t: 0.1
	t_pre: 0.2
	target_env: None
	tb_freq: 10
	test_envs: None
	trial_seed: 0
	two_ce: False
	unique_name: 260718_13-05-09_6pacs_piccl_no_pre
	weak_erm: False
	work_dir: .
HParams:
	data_augmentation: True
	val_augment: False
	resnet18: False
	resnet_dropout: 0.0
	class_balanced: False
	optimizer: adam
	freeze_bn: True
	pretrained: True
	lr: 5e-05
	batch_size: 32
	weight_decay: 0.0
	[36mpiccl_rank: 16
	[0mpiccl_alpha_max: 0.5
	piccl_warmup_ratio: 0.1
	piccl_ramp_ratio: 0.2
	piccl_proto_momentum: 0.99
	piccl_num_interventions: 1
	piccl_ccc_weight: 1.0
	piccl_int_weight: 0.1
	piccl_ref_weight: 1.0
	[36mpiccl_isr_weight: 0.05
	[0m[36mpiccl_orth_weight: 0.0001
	[0mpiccl_eps: 1e-08
	[36mpiccl_gt_mode: keep
	[0m[36mpiccl_basis_receive_task_grad: False
	[0mpiccl_min_valid_domains: 2
	piccl_total_steps: 1
	[36muse_piccl: True
	[0m[36mpiccl_fusion_mode: residual_gate
	[0mpiccl_lr_multiplier: 1.0
	piccl_loss_warmup_ratio: 0.0
	piccl_feature_warmup_ratio: 0.0
	piccl_delayed_start_ratio: 0.0
	[36mpiccl_residual_scale: 0.25
	[0m[36mpiccl_gate_bias: -2.5
	[0mpiccl_connectivity_weight: 1.0
	piccl_diagnostic_interval: 0
	[36mpiccl_strict_bypass: False
	[0mt: 0.1
	t_pre: 0.2
	l: 1.0
	l_d: 0.05
	l_layer: 0.0
	n_layer: 1
	sup: True
	two_ce: False
	sample_d: False
	re_w: False
	pos_mask: False
	mix: 0
	aug: 0
	model: resnet50
	label_ratio: 1.0
	TN: False
	lamda: 5
	start_epoch: 1000
	log: False
	swad: LossValley
	swad_kwargs: 
	  n_converge: 3
	  n_tolerance: 6
	  tolerance_ratio: 0.3
	test_batchsize: 128
	indomain_test: False
Dataset:
	[PACS] #envs=4, #classes=7
	env0: art_painting (#2048)
	env1: cartoon (#2344)
	env2: photo (#1670)
	env3: sketch (#3929)

[37m[36mINFO[0m[0m 07/18 13:05:14 | n_steps = 5000
[37m[36mINFO[0m[0m 07/18 13:05:14 | checkpoint_freq = 100
[37m[36mINFO[0m[0m 07/18 13:05:14 | n_steps is updated to 5000 => 5001 for checkpointing
[37m[36mINFO[0m[0m 07/18 13:05:14 | Target test envs = [[0], [1], [2], [3]]
[37m[36mINFO[0m[0m 07/18 13:05:14 | 
[37m[36mINFO[0m[0m 07/18 13:05:18 | Testenv name escaping te_art_painting -> te_art_painting
[37m[36mINFO[0m[0m 07/18 13:05:18 | Test envs = [0], name = te_art_painting
[37m[36mINFO[0m[0m 07/18 13:05:18 | Batch sizes for each domain: [0, 32, 32, 32] (total=96)
[37m[36mINFO[0m[0m 07/18 13:05:18 | steps-per-epoch for each domain: 58.62, 41.75, 98.25 -> min = 41.75
[37m[36mINFO[0m[0m 07/18 13:05:20 | # of params = 53365703
[37m[36mINFO[0m[0m 07/18 13:05:34 | test_in     test_out    train_in    train_out   tr_outloss  env0_in     env0_out    env1_out    env2_out    env3_out    step        epoch       loss        loss_cls    loss_isr    loss_orth   loss_gt     piccl_alph  paired_res  domain_res  valid_doma  basis_orth  response_c  raw_interv  mediator_i  ce_loss     sup_cl_los  pre_cl_los  dccl_total  weighted_l  weighted_l  piccl_feat  residual_s  residual_d  fused_orig  piccl_exec  original_f  piccl_feat  feature_de  feature_de  original_f  gate_mean   gate_std    gate_min    gate_max    backbone_g  piccl_grad  classifier  has_nan_or  param_grou  param_grou  param_grou  param_grou  param_grou  param_grou  param_grou  param_grou  param_grou  step_time   eval_time  
[37m[36mINFO[0m[0m 07/18 13:05:34 | 0.128127    0.190709    0.000000    0.234514    1.888871    0.128127    0.190709    0.230769    0.257485    0.215287    0           0.000000    6.957396    1.940914    0.000000    0.126582    -5.756462   0.000000    0.000000    0.000000    21.000000   0.115786    0.000000    0.918931    0.918931    1.940914    5.304292    0.000000    6.957383    0.000000    0.000013    0.000000    0.250000    0.000000    1.000000    1.000000    24.181402   45.253296   0.000000    0.000000    1.000000    0.075858    0.000000    0.075858    0.075858    9.238943    0.000156    3.423702    0.000000    0.000050    0.000500    0.000005    0.000500    0.000500    0.000005    0.000050    0.000050    0.000050    1.755219    12.922964  
[37m[36mINFO[0m[0m 07/18 13:07:00 | 0.807810    0.826406    0.000000    0.955957    0.144505    0.807810    0.826406    0.935897    0.988024    0.943949    100         2.395210    4.083088    0.330045    0.978601    0.073950    -2.528501   0.000000    10.403907   2.619713    21.000000   0.073386    0.021852    0.967563    0.966231    0.330045    3.830531    0.000000    4.034151    0.048930    0.000007    1.000000    0.250000    0.779327    0.999612    1.000000    28.382335   45.276549   0.779327    0.028732    0.999612    0.089010    0.027021    0.030152    0.359372    11.929030   0.023723    1.602241    0.000000    0.000050    0.000500    0.000005    0.000500    0.000500    0.000005    0.000050    0.000050    0.000050    0.706707    12.699046  
[37m[36mINFO[0m[0m 07/18 13:08:24 | 0.788896    0.779951    0.000000    0.957248    0.128086    0.788896    0.779951    0.950855    0.982036    0.938854    200         4.790419    3.502812    0.093651    0.904819    0.088809    -3.237091   0.000000    10.073252   5.496438    21.000000   0.089851    0.096102    0.975788    0.974512    0.093651    3.525766    0.000000    3.457562    0.045241    0.000009    1.000000    0.250000    1.319350    0.998725    1.000000    23.252715   45.312929   1.319350    0.057223    0.998725    0.111045    0.063578    0.015615    0.842840    10.607236   0.021522    0.542493    0.000000    0.000050    0.000500    0.000005    0.000500    0.000500    0.000005    0.000050    0.000050    0.000050    0.681097    13.036615  
[37m[36mINFO[0m[0m 07/18 13:09:51 | 0.837706    0.838631    0.000000    0.970325    0.098698    0.837706    0.838631    0.970085    0.988024    0.952866    300         7.185629    3.388748    0.057973    0.827193    0.301917    -3.589041   0.000000    9.916124    6.656833    21.000000   0.304680    0.173474    0.978942    0.977581    0.057973    3.468837    0.000000    3.347358    0.041360    0.000030    1.000000    0.250000    1.911669    0.997060    1.000000    21.241148   45.344038   1.911669    0.090165    0.997060    0.134642    0.097824    0.010050    0.936940    9.196256    0.019202    0.335239    0.000000    0.000050    0.000500    0.000005    0.000500    0.000500    0.000005    0.000050    0.000050    0.000050    0.720122    13.523268  
[37m[36mINFO[0m[0m 07/18 13:11:19 | 0.879195    0.889976    0.000000    0.956563    0.140086    0.879195    0.889976    0.961538    0.982036    0.926115    400         9.580838    3.305827    0.041721    0.778099    0.543119    -3.856804   0.000000    9.852156    7.201486    21.000000   0.545065    0.222317    0.980447    0.979068    0.041721    3.417987    0.000000    3.266867    0.038905    0.000054    1.000000    0.250000    2.401727    0.995000    1.000000    20.115090   45.369786   2.401727    0.119529    0.995000    0.157902    0.127861    0.006516    0.965970    8.437045    0.017692    0.299221    0.000000    0.000050    0.000500    0.000005    0.000500    0.000500    0.000005    0.000050    0.000050    0.000050    0.728599    12.812984  
[37m[36mINFO[0m[0m 07/18 13:12:49 | 0.846858    0.836186    0.000000    0.944542    0.189300    0.846858    0.836186    0.957265    0.931138    0.945223    500         11.976048   3.284248    0.040003    0.750535    0.693610    -4.047883   0.000000    9.811601    7.457469    21.000000   0.694664    0.249731    0.981803    0.980204    0.040003    3.409043    0.000000    3.246652    0.037527    0.000069    1.000000    0.250000    2.769500    0.993092    1.000000    19.754812   45.388222   2.769500    0.140306    0.993092    0.180899    0.155284    0.004377    0.983401    8.643547    0.017859    0.279148    0.000000    0.000050    0.000500    0.000005    0.000500    0.000500    0.000005    0.000050    0.000050    0.000050    0.742465    13.189271  
[37m[36mINFO[0m[0m 07/18 13:14:16 | 0.849298    0.843521    0.000000    0.949771    0.180890    0.849298    0.843521    0.965812    0.979042    0.904459    600         14.371257   3.245997    0.029694    0.733803    0.758228    -4.255585   0.025250    9.756399    7.535334    21.000000   0.758452    0.266427    0.982561    0.980806    0.029694    3.392317    0.000000    3.209231    0.036690    0.000076    1.000000    0.250000    3.080796    0.990923    1.000000    19.079054   45.407791   3.080796    0.161534    0.990923    0.198481    0.174223    0.003242    0.989678    7.650031    0.015075    0.212918    0.000000    0.000050    0.000500    0.000005    0.000500    0.000500    0.000005    0.000050    0.000050    0.000050    0.714785    12.663084  
[37m[36mINFO[0m[0m 07/18 13:15:46 | 0.852349    0.845966    0.000000    0.957375    0.142140    0.852349    0.845966    0.950855    0.976048    0.945223    700         16.766467   3.219282    0.021568    0.716242    0.755598    -4.389713   0.075250    9.803742    7.559982    21.000000   0.755430    0.283995    0.983049    0.981042    0.021568    3.381312    0.000000    3.183394    0.035812    0.000076    1.000000    0.250000    3.445227    0.988749    1.000000    19.426538   45.424532   3.445227    0.177485    0.988749    0.224784    0.202298    0.002001    0.992465    6.714412    0.013369    0.171708    0.000000    0.000050    0.000500    0.000005    0.000500    0.000500    0.000005    0.000050    0.000050    0.000050    0.755598    12.422847  
[37m[36mINFO[0m[0m 07/18 13:17:13 | 0.877974    0.870416    0.000000    0.973734    0.083183    0.877974    0.870416    0.972222    0.991018    0.957962    800         19.161677   3.198307    0.020479    0.701257    0.720977    -4.578074   0.125250    9.692171    7.576657    21.000000   0.720414    0.298967    0.984289    0.982255    0.020479    3.371596    0.000000    3.163172    0.035063    0.000072    1.000000    0.250000    3.623390    0.986823    1.000000    18.820885   45.438243   3.623390    0.192628    0.986823    0.238493    0.213638    0.001580    0.993614    5.895141    0.012340    0.144772    0.000000    0.000050    0.000500    0.000005    0.000500    0.000500    0.000005    0.000050    0.000050    0.000050    0.715560    12.733759  
[37m[36mINFO[0m[0m 07/18 13:18:39 | 0.884076    0.867971    0.000000    0.976008    0.084511    0.884076    0.867971    0.976496    0.991018    0.960510    900         21.556886   3.152618    0.006645    0.687896    0.656954    -4.740571   0.175250    9.671777    7.537765    21.000000   0.656254    0.312309    0.985032    0.983067    0.006645    3.348542    0.000000    3.118158    0.034395    0.000066    1.000000    0.250000    3.884864    0.984792    1.000000    18.788119   45.455208   3.884864    0.206965    0.984792    0.257440    0.229302    0.001302    0.993918    3.516893    0.008303    0.064247    0.000000    0.000050    0.000500    0.000005    0.000500    0.000500    0.000005    0.000050    0.000050    0.000050    0.710902    12.427163  
[37m[36mINFO[0m[0m 07/18 13:20:09 | 0.842587    0.848411    0.000000    0.971885    0.093936    0.842587    0.848411    0.967949    0.991018    0.956688    1000        23.952096   3.158786    0.012767    0.675731    0.576760    -4.870652   0.225250    9.674613    7.503530    21.000000   0.575911    0.324459    0.985570    0.983199    0.012767    3.355707    0.000000    3.124941    0.033787    0.000058    1.000000    0.250000    3.994491    0.983132    1.000000    18.662817   45.460566   3.994491    0.214098    0.983132    0.271935    0.241918    0.001008    0.995447    5.167496    0.009961    0.092975    0.000000    0.000050    0.000500    0.000005    0.000500    0.000500    0.000005    0.000050    0.000050    0.000050    0.747240    13.001443  
[37m[36mINFO[0m[0m 07/18 13:21:39 | 0.805369    0.814181    0.000000    0.961522    0.119564    0.805369    0.814181    0.963675    0.982036    0.938854    1100        26.347305   3.143082    0.008509    0.665984    0.496248    -5.040367   0.275250    9.641454    7.477154    21.000000   0.495486    0.334197    0.986159    0.983692    0.008509    3.353243    0.000000    3.109733    0.033299    0.000050    1.000000    0.250000    4.189226    0.981251    1.000000    18.689098   45.471744   4.189226    0.224233    0.981251    0.286850    0.254383    0.000872    0.996242    4.122690    0.008818    0.074699    0.000000    0.000050    0.000500    0.000005    0.000500    0.000500    0.000005    0.000050    0.000050    0.000050    0.745281    13.326600  
[37m[36mINFO[0m[0m 07/18 13:23:06 | 0.783405    0.836186    0.000000    0.947609    0.161184    0.783405    0.836186    0.950855    0.976048    0.915924    1200        28.742515   3.153053    0.015011    0.656731    0.420299    -5.147057   0.325250    9.677142    7.414620    21.000000   0.419568    0.343441    0.986030    0.983001    0.015011    3.362516    0.000000    3.120174    0.032837    0.000042    1.000000    0.250000    4.332271    0.979993    1.000000    18.996487   45.481294   4.332271    0.228253    0.979993    0.302935    0.267587    0.000678    0.997151    6.197650    0.011521    0.132981    0.000000    0.000050    0.000500    0.000005    0.000500    0.000500    0.000005    0.000050    0.000050    0.000050    0.704588    13.411949  
[37m[36mINFO[0m[0m 07/18 13:24:34 | 0.824893    0.875306    0.000000    0.974726    0.082607    0.824893    0.875306    0.982906    0.982036    0.959236    1300        31.137725   3.145118    0.014838    0.648304    0.351399    -5.237906   0.375250    9.703562    7.390989    21.000000   0.350732    0.351864    0.986742    0.983798    0.014838    3.359725    0.000000    3.112667    0.032415    0.000035    1.000000    0.250000    4.338037    0.979215    1.000000    18.653922   45.486300   4.338037    0.232917    0.979215    0.302495    0.268959    0.000586    0.997681    5.442831    0.010813    0.112621    0.000000    0.000050    0.000500    0.000005    0.000500    0.000500    0.000005    0.000050    0.000050    0.000050    0.712688    14.396686  
[37m[36mINFO[0m[0m 07/18 13:26:00 | 0.862721    0.867971    0.000000    0.972452    0.094019    0.862721    0.867971    0.978632    0.982036    0.956688    1400        33.532934   3.116316    0.006830    0.640439    0.295415    -5.378816   0.425250    9.689526    7.433214    21.000000   0.294952    0.359720    0.987468    0.984700    0.006830    3.346376    0.000000    3.084265    0.032022    0.000030    1.000000    0.250000    4.468071    0.977712    1.000000    18.561384   45.498230   4.468071    0.240740    0.977712    0.309623    0.274557    0.000526    0.997949    3.556502    0.008231    0.065175    0.000000    0.000050    0.000500    0.000005    0.000500    0.000500    0.000005    0.000050    0.000050    0.000050    0.708877    13.155955  
[37m[36mINFO[0m[0m 07/18 13:27:32 | 0.833435    0.836186    0.000000    0.970881    0.099141    0.833435    0.836186    0.978632    0.976048    0.957962    1500        35.928144   3.144614    0.019204    0.634379    0.250174    -5.504215   0.475250    9.728648    7.418650    21.000000   0.249762    0.365773    0.986571    0.983115    0.019204    3.368877    0.000000    3.112870    0.031719    0.000025    1.000000    0.250000    4.462293    0.976914    1.000000    18.508655   45.493579   4.462293    0.241169    0.976914    0.316284    0.279465    0.000458    0.998260    6.131976    0.012088    0.142414    0.000000    0.000050    0.000500    0.000005    0.000500    0.000500    0.000005    0.000050    0.000050    0.000050    0.751771    14.268966  
[37m[36mINFO[0m[0m 07/18 13:29:00 | 0.872483    0.863081    0.000000    0.969055    0.106781    0.872483    0.863081    0.978632    0.982036    0.946497    1600        38.323353   3.109452    0.010560    0.629436    0.212092    -5.624928   0.500000    9.619597    7.387213    21.000000   0.211722    0.370704    0.987215    0.984169    0.010560    3.348646    0.000000    3.077959    0.031472    0.000021    1.000000    0.250000    4.509873    0.976042    1.000000    18.267637   45.504375   4.509873    0.247017    0.976042    0.316817    0.280004    0.000404    0.998145    3.930375    0.009084    0.087633    0.000000    0.000050    0.000500    0.000005    0.000500    0.000500    0.000005    0.000050    0.000050    0.000050    0.715124    13.844080  
[37m[36mINFO[0m[0m 07/18 13:30:29 | 0.835876    0.848411    0.000000    0.974722    0.085833    0.835876    0.848411    0.974359    0.988024    0.961783    1700        40.718563   3.094464    0.008612    0.622510    0.182889    -5.745994   0.500000    9.704593    7.324764    21.000000   0.182695    0.377625    0.987837    0.984737    0.008612    3.342008    0.000000    3.063321    0.031126    0.000018    1.000000    0.250000    4.664274    0.974336    1.000000    18.380589   45.514997   4.664274    0.253829    0.974336    0.327329    0.288455    0.000317    0.998596    3.440093    0.008657    0.070674    0.000000    0.000050    0.000500    0.000005    0.000500    0.000500    0.000005    0.000050    0.000050    0.000050    0.717215    14.593424  
[37m[36mINFO[0m[0m 07/18 13:31:57 | 0.871263    0.853301    0.000000    0.971603    0.101800    0.871263    0.853301    0.978632    0.982036    0.954140    1800        43.113772   3.085398    0.007260    0.622460    0.164181    -5.862781   0.500000    9.661841    7.295797    21.000000   0.163972    0.377665    0.987823    0.984616    0.007260    3.340138    0.000000    3.054259    0.031123    0.000016    1.000000    0.250000    4.803844    0.973038    1.000000    18.510460   45.528717   4.803844    0.259635    0.973038    0.335509    0.294424    0.000232    0.998820    3.502825    0.007769    0.057201    0.000000    0.000050    0.000500    0.000005    0.000500    0.000500    0.000005    0.000050    0.000050    0.000050    0.727070    13.257440  
[37m[36mINFO[0m[0m 07/18 13:33:30 | 0.862721    0.860636    0.000000    0.966736    0.112060    0.862721    0.860636    0.970085    0.967066    0.963057    1900        45.508982   3.098155    0.012821    0.619017    0.146046    -5.982662   0.500000    9.562733    7.281501    21.000000   0.145872    0.381104    0.987625    0.984124    0.012821    3.353502    0.000000    3.067190    0.030951    0.000015    1.000000    0.250000    4.801626    0.971518    1.000000    18.125000   45.522516   4.801626    0.264964    0.971518    0.336404    0.294619    0.000244    0.998569    4.897183    0.009990    0.098430    0.000000    0.000050    0.000500    0.000005    0.000500    0.000500    0.000005    0.000050    0.000050    0.000050    0.767423    13.794827  
[37m[36mINFO[0m[0m 07/18 13:35:02 | 0.793167    0.797066    0.000000    0.934479    0.243843    0.793167    0.797066    0.910256    0.967066    0.926115    2000        47.904192   3.139551    0.028226    0.613859    0.131841    -5.958572   0.500000    9.790858    7.327331    21.000000   0.131783    0.386263    0.987685    0.983979    0.028226    3.378547    0.000000    3.108844    0.030693    0.000013    1.000000    0.250000    4.679125    0.974104    1.000000    18.679040   45.515965   4.679125    0.250840    0.974104    0.334085    0.300415    0.000164    0.999208    7.991138    0.015010    0.203417    0.000000    0.000050    0.000500    0.000005    0.000500    0.000500    0.000005    0.000050    0.000050    0.000050    0.763151    13.051362  
[37m[36mINFO[0m[0m 07/18 13:36:35 | 0.840146    0.848411    0.000000    0.976710    0.088132    0.840146    0.848411    0.980769    0.985030    0.964331    2100        50.299401   3.083573    0.010571    0.611260    0.127578    -6.115147   0.500000    9.744648    7.419019    21.000000   0.127505    0.388856    0.988640    0.985811    0.010571    3.348183    0.000000    3.052997    0.030563    0.000013    1.000000    0.250000    4.760653    0.972753    1.000000    18.092737   45.532952   4.760653    0.263384    0.972753    0.325540    0.295883    0.000195    0.998872    3.719687    0.008805    0.078735    0.000000    0.000050    0.000500    0.000005    0.000500    0.000500    0.000005    0.000050    0.000050    0.000050    0.762391    14.294650  
[37m[36mINFO[0m[0m 07/18 13:38:01 | 0.855400    0.843521    0.000000    0.973726    0.092772    0.855400    0.843521    0.978632    0.982036    0.960510    2200        52.694611   3.056854    0.004710    0.608561    0.118146    -6.270549   0.500000    9.678871    7.371583    21.000000   0.118039    0.391548    0.989283    0.986601    0.004710    3.335231    0.000000    3.026414    0.030428    0.000012    1.000000    0.250000    5.013349    0.970203    1.000000    18.249090   45.551027   5.013349    0.274756    0.970203    0.340216    0.305139    0.000171    0.999114    2.902744    0.007379    0.046493    0.000000    0.000050    0.000500    0.000005    0.000500    0.000500    0.000005    0.000050    0.000050    0.000050    0.715429    12.327903  
[37m[36mINFO[0m[0m 07/18 13:39:32 | 0.834655    0.833741    0.000000    0.970170    0.112047    0.834655    0.833741    0.980769    0.973054    0.956688    2300        55.089820   3.075093    0.009810    0.608010    0.106785    -6.354800   0.500000    9.717142    7.327988    21.000000   0.106677    0.392100    0.988506    0.985151    0.009810    3.352612    0.000000    3.044682    0.030400    0.000011    1.000000    0.250000    4.996468    0.970008    1.000000    18.392036   45.544841   4.996468    0.271806    0.970008    0.344604    0.309344    0.000128    0.999365    4.516421    0.009316    0.082004    0.000000    0.000050    0.000500    0.000005    0.000500    0.000500    0.000005    0.000050    0.000050    0.000050    0.754906    12.740264  
[37m[36mINFO[0m[0m 07/18 13:41:02 | 0.852349    0.865526    0.000000    0.975847    0.083116    0.852349    0.865526    0.974359    0.985030    0.968153    2400        57.485030   3.057122    0.006921    0.609674    0.096190    -6.479231   0.500000    9.641496    7.293502    21.000000   0.096076    0.390432    0.989133    0.986183    0.006921    3.343669    0.000000    3.026629    0.030484    0.000010    1.000000    0.250000    5.052302    0.969531    1.000000    18.423834   45.548514   5.052302    0.274331    0.969531    0.348220    0.312778    0.000121    0.999447    3.185078    0.007992    0.051766    0.000000    0.000050    0.000500    0.000005    0.000500    0.000500    0.000005    0.000050    0.000050    0.000050    0.750736    12.395803  
[37m[36mINFO[0m[0m 07/18 13:42:29 | 0.813301    0.833741    0.000000    0.973861    0.098164    0.813301    0.833741    0.972222    0.985030    0.964331    2500        59.880240   3.029071    0.002013    0.608458    0.084738    -6.601669   0.500000    9.622458    7.233246    21.000000   0.084625    0.391644    0.989147    0.986307    0.002013    3.326709    0.000000    2.998639    0.030423    0.000008    1.000000    0.250000    5.212048    0.967167    1.000000    18.201135   45.566487   5.212048    0.286438    0.967167    0.354600    0.314847    0.000113    0.999461    1.981827    0.006363    0.021901    0.000000    0.000050    0.000500    0.000005    0.000500    0.000500    0.000005    0.000050    0.000050    0.000050    0.719193    12.913414  
[37m[36mINFO[0m[0m 07/18 13:43:59 | 0.847468    0.860636    0.000000    0.973024    0.102747    0.847468    0.860636    0.974359    0.988024    0.956688    2600        62.275449   3.036182    0.004776    0.606624    0.071762    -6.709622   0.500000    9.614594    7.178000    21.000000   0.071634    0.393477    0.989166    0.986281    0.004776    3.336548    0.000000    3.005843    0.030331    0.000007    1.000000    0.250000    5.269524    0.967453    1.000000    18.583892   45.569043   5.269524    0.283633    0.967453    0.360467    0.319033    0.000095    0.999580    2.365187    0.007173    0.040744    0.000000    0.000050    0.000500    0.000005    0.000500    0.000500    0.000005    0.000050    0.000050    0.000050    0.755071    12.436307  
[37m[36mINFO[0m[0m 07/18 13:45:30 | 0.834655    0.858191    0.000000    0.967754    0.111409    0.834655    0.858191    0.965812    0.982036    0.955414    2700        64.670659   3.044700    0.010309    0.608063    0.062630    -6.810227   0.500000    9.575048    7.122669    21.000000   0.062558    0.392039    0.988789    0.985273    0.010309    3.344493    0.000000    3.014291    0.030403    0.000006    1.000000    0.250000    5.267016    0.965788    1.000000    18.249531   45.569922   5.267016    0.288664    0.965788    0.360306    0.318592    0.000092    0.999559    4.599793    0.009489    0.075445    0.000000    0.000050    0.000500    0.000005    0.000500    0.000500    0.000005    0.000050    0.000050    0.000050    0.748515    13.205879  
[37m[36mINFO[0m[0m 07/18 13:47:00 | 0.809030    0.806846    0.000000    0.962616    0.116366    0.809030    0.806846    0.942308    0.985030    0.960510    2800        67.065868   3.068450    0.015904    0.604365    0.056355    -6.806852   0.500000    9.703308    7.164888    21.000000   0.056278    0.395740    0.989064    0.985597    0.015904    3.362665    0.000000    3.038226    0.030218    0.000006    1.000000    0.250000    5.111135    0.968482    1.000000    18.536300   45.559255   5.111135    0.275993    0.968482    0.352604    0.318552    0.000065    0.999691    6.229170    0.011478    0.106230    0.000000    0.000050    0.000500    0.000005    0.000500    0.000500    0.000005    0.000050    0.000050    0.000050    0.738308    13.589938  
[37m[36mINFO[0m[0m 07/18 13:48:28 | 0.874314    0.882641    0.000000    0.974010    0.095034    0.874314    0.882641    0.972222    0.988024    0.961783    2900        69.461078   3.030219    0.006746    0.602004    0.047681    -6.939435   0.500000    9.667390    7.183581    21.000000   0.047604    0.398099    0.989394    0.986458    0.006746    3.340339    0.000000    3.000114    0.030100    0.000005    1.000000    0.250000    5.197953    0.967298    1.000000    18.251077   45.575268   5.197953    0.284875    0.967298    0.350630    0.317777    0.000077    0.999745    3.462291    0.008120    0.055491    0.000000    0.000050    0.000500    0.000005    0.000500    0.000500    0.000005    0.000050    0.000050    0.000050    0.718870    13.865324  
[37m[36mINFO[0m[0m 07/18 13:49:51 | 0.857230    0.843521    0.000000    0.976697    0.084095    0.857230    0.843521    0.974359    0.985030    0.970701    3000        71.856287   3.022978    0.004480    0.601330    0.039125    -7.051601   0.500000    9.678893    7.179396    21.000000   0.039057    0.398770    0.989916    0.986925    0.004480    3.341008    0.000000    2.992908    0.030066    0.000004    1.000000    0.250000    5.314662    0.965993    1.000000    18.424221   45.581120   5.314662    0.288534    0.965993    0.357879    0.322219    0.000064    0.999788    3.144569    0.007544    0.037727    0.000000    0.000050    0.000500    0.000005    0.000500    0.000500    0.000005    0.000050    0.000050    0.000050    0.675470    13.178232  
[37m[36mINFO[0m[0m 07/18 13:51:14 | 0.869433    0.850856    0.000000    0.980131    0.079108    0.869433    0.850856    0.985043    0.991018    0.964331    3100        74.251497   3.004457    0.002362    0.603647    0.033164    -7.175368   0.500000    9.631075    7.099283    21.000000   0.033108    0.396452    0.989724    0.986939    0.002362    3.330678    0.000000    2.974272    0.030182    0.000003    1.000000    0.250000    5.417682    0.964304    1.000000    18.206415   45.598428   5.417682    0.297706    0.964304    0.359798    0.322662    0.000058    0.999763    1.621883    0.006346    0.019328    0.000000    0.000050    0.000500    0.000005    0.000500    0.000500    0.000005    0.000050    0.000050    0.000050    0.673880    13.541064  
[37m[36mINFO[0m[0m 07/18 13:52:37 | 0.868822    0.860636    0.000000    0.978557    0.086366    0.868822    0.860636    0.980769    0.988024    0.966879    3200        76.646707   2.990720    0.001278    0.605331    0.029021    -7.327795   0.500000    9.567508    7.082919    21.000000   0.028965    0.394766    0.989962    0.987332    0.001278    3.325562    0.000000    2.960450    0.030267    0.000003    1.000000    0.250000    5.470033    0.962579    1.000000    17.939722   45.599770   5.470033    0.304925    0.962579    0.363696    0.322828    0.000072    0.999703    1.103347    0.005795    0.011899    0.000000    0.000050    0.000500    0.000005    0.000500    0.000500    0.000005    0.000050    0.000050    0.000050    0.673748    13.419712  
[37m[36mINFO[0m[0m 07/18 13:54:04 | 0.769982    0.767726    0.000000    0.955671    0.182937    0.769982    0.767726    0.961538    0.964072    0.941401    3300        79.041916   3.045586    0.020359    0.605635    0.022497    -7.331265   0.500000    9.623454    7.028425    21.000000   0.022444    0.394466    0.988645    0.984691    0.020359    3.361506    0.000000    3.015302    0.030282    0.000002    1.000000    0.250000    5.291347    0.963721    1.000000    17.970094   45.574748   5.291347    0.294676    0.963721    0.359797    0.322936    0.000054    0.999753    6.083123    0.012473    0.129151    0.000000    0.000050    0.000500    0.000005    0.000500    0.000500    0.000005    0.000050    0.000050    0.000050    0.703865    13.602989  
[37m[36mINFO[0m[0m 07/18 13:55:27 | 0.810860    0.811736    0.000000    0.966345    0.107901    0.810860    0.811736    0.972222    0.979042    0.947771    3400        81.437126   3.065637    0.025367    0.602498    0.019960    -7.295072   0.500000    9.797463    7.100881    21.000000   0.019955    0.397608    0.988454    0.984460    0.025367    3.374897    0.000000    3.035511    0.030125    0.000002    1.000000    0.250000    5.138430    0.966800    1.000000    18.200618   45.578000   5.138430    0.282597    0.966800    0.347009    0.322104    0.000034    0.999896    8.035245    0.013733    0.144761    0.000000    0.000050    0.000500    0.000005    0.000500    0.000500    0.000005    0.000050    0.000050    0.000050    0.673317    13.648851  
[37m[36mINFO[0m[0m 07/18 13:56:52 | 0.827334    0.865526    0.000000    0.961185    0.170691    0.827334    0.865526    0.972222    0.952096    0.959236    3500        83.832335   3.015208    0.008510    0.600592    0.018837    -7.424308   0.500000    9.780951    7.124373    21.000000   0.018804    0.399510    0.989805    0.986995    0.008510    3.347882    0.000000    2.985177    0.030030    0.000002    1.000000    0.250000    5.244453    0.967993    1.000000    18.746976   45.589822   5.244453    0.279851    0.967993    0.349895    0.328198    0.000028    0.999889    3.908785    0.009009    0.068372    0.000000    0.000050    0.000500    0.000005    0.000500    0.000500    0.000005    0.000050    0.000050    0.000050    0.687946    13.621611  
[37m[36mINFO[0m[0m 07/18 13:58:19 | 0.832215    0.826406    0.000000    0.964480    0.146614    0.832215    0.826406    0.957265    0.982036    0.954140    3600        86.227545   3.016781    0.010541    0.601498    0.014160    -7.479287   0.500000    9.708831    7.077808    21.000000   0.014118    0.398603    0.990043    0.987283    0.010541    3.350129    0.000000    2.986705    0.030075    0.000001    1.000000    0.250000    5.197794    0.966406    1.000000    17.958577   45.587723   5.197794    0.289609    0.966406    0.340969    0.321377    0.000037    0.999853    4.764225    0.009804    0.073083    0.000000    0.000050    0.000500    0.000005    0.000500    0.000500    0.000005    0.000050    0.000050    0.000050    0.700024    14.334708  
[37m[36mINFO[0m[0m 07/18 13:59:43 | 0.850519    0.853301    0.000000    0.972151    0.095039    0.850519    0.853301    0.970085    0.982036    0.964331    3700        88.622754   2.992509    0.006757    0.601345    0.010830    -7.613758   0.500000    9.765246    7.116913    21.000000   0.010803    0.398754    0.990956    0.988518    0.006757    3.336371    0.000000    2.962441    0.030067    0.000001    1.000000    0.250000    5.363159    0.964861    1.000000    18.010529   45.603306   5.363159    0.297822    0.964861    0.346539    0.325574    0.000036    0.999852    3.105136    0.007924    0.052201    0.000000    0.000050    0.000500    0.000005    0.000500    0.000500    0.000005    0.000050    0.000050    0.000050    0.672438    14.194484  
[37m[36mINFO[0m[0m 07/18 14:01:09 | 0.830384    0.833741    0.000000    0.970587    0.097905    0.830384    0.833741    0.963675    0.985030    0.963057    3800        91.017964   2.974443    0.002870    0.600740    0.008784    -7.751558   0.500000    9.740535    7.101475    21.000000   0.008768    0.399358    0.990504    0.988033    0.002870    3.329113    0.000000    2.944405    0.030037    0.000001    1.000000    0.250000    5.423412    0.962416    1.000000    17.607015   45.610597   5.423412    0.308192    0.962416    0.347845    0.323952    0.000040    0.999817    2.319702    0.007047    0.030788    0.000000    0.000050    0.000500    0.000005    0.000500    0.000500    0.000005    0.000050    0.000050    0.000050    0.695438    14.018386  
[37m[36mINFO[0m[0m 07/18 14:02:32 | 0.857840    0.855746    0.000000    0.973996    0.095447    0.857840    0.855746    0.965812    0.988024    0.968153    3900        93.413174   2.956246    0.000343    0.599914    0.006762    -7.904303   0.500000    9.675161    7.076742    21.000000   0.006742    0.400181    0.991203    0.989048    0.000343    3.321121    0.000000    2.926249    0.029996    0.000001    1.000000    0.250000    5.564424    0.960751    1.000000    17.636488   45.620273   5.564424    0.315557    0.960751    0.355029    0.327252    0.000043    0.999834    0.630555    0.005378    0.004573    0.000000    0.000050    0.000500    0.000005    0.000500    0.000500    0.000005    0.000050    0.000050    0.000050    0.679760    12.627634  
[37m[36mINFO[0m[0m 07/18 14:03:59 | 0.881025    0.870416    0.000000    0.976135    0.082823    0.881025    0.870416    0.976496    0.985030    0.966879    4000        95.808383   2.949348    0.000149    0.601507    0.004832    -8.050929   0.500000    9.522311    7.001410    21.000000   0.004814    0.398587    0.991152    0.988984    0.000149    3.321670    0.000000    2.919273    0.030075    0.000000    1.000000    0.250000    5.631418    0.959806    1.000000    17.804319   45.614403   5.631418    0.316326    0.959806    0.364005    0.331130    0.000043    0.999833    0.312825    0.005267    0.001730    0.000000    0.000050    0.000500    0.000005    0.000500    0.000500    0.000005    0.000050    0.000050    0.000050    0.713677    12.962004  
[37m[36mINFO[0m[0m 07/18 14:05:24 | 0.875534    0.877751    0.000000    0.976859    0.086242    0.875534    0.877751    0.980769    0.988024    0.961783    4100        98.203593   2.950192    0.001621    0.604683    0.003510    -8.158792   0.500000    9.578156    6.922458    21.000000   0.003499    0.395412    0.990778    0.988289    0.001621    3.326277    0.000000    2.919958    0.030234    0.000000    1.000000    0.250000    5.682130    0.959054    1.000000    18.010436   45.609449   5.682130    0.315581    0.959054    0.372868    0.335187    0.000033    0.999868    1.469255    0.006161    0.015248    0.000000    0.000050    0.000500    0.000005    0.000500    0.000500    0.000005    0.000050    0.000050    0.000050    0.695659    13.226484  
[37m[36mINFO[0m[0m 07/18 14:06:53 | 0.850519    0.858191    0.000000    0.971579    0.112221    0.850519    0.858191    0.974359    0.976048    0.964331    4200        100.598802  2.973795    0.009764    0.603532    0.002462    -8.178280   0.500000    9.540805    6.846543    21.000000   0.002455    0.396564    0.990435    0.987393    0.009764    3.342767    0.000000    2.943618    0.030177    0.000000    1.000000    0.250000    5.546879    0.960712    1.000000    18.140072   45.588078   5.546879    0.305830    0.960712    0.369805    0.335641    0.000026    0.999894    3.555545    0.008739    0.070576    0.000000    0.000050    0.000500    0.000005    0.000500    0.000500    0.000005    0.000050    0.000050    0.000050    0.740183    12.772022  
[37m[36mINFO[0m[0m 07/18 14:08:19 | 0.820012    0.819071    0.000000    0.967895    0.115412    0.820012    0.819071    0.972222    0.976048    0.955414    4300        102.994012  2.963897    0.006352    0.602524    0.001961    -8.195056   0.500000    9.687432    6.835218    21.000000   0.001957    0.397573    0.990414    0.987329    0.006352    3.337172    0.000000    2.933771    0.030126    0.000000    1.000000    0.250000    5.586003    0.961881    1.000000    18.566344   45.606566   5.586003    0.300885    0.961881    0.370755    0.339159    0.000015    0.999954    3.277374    0.008384    0.054105    0.000000    0.000050    0.000500    0.000005    0.000500    0.000500    0.000005    0.000050    0.000050    0.000050    0.708494    12.865916  
[37m[36mINFO[0m[0m 07/18 14:09:49 | 0.858450    0.850856    0.000000    0.970887    0.135197    0.858450    0.850856    0.967949    0.988024    0.956688    4400        105.389222  2.972533    0.009200    0.602704    0.001520    -8.249103   0.500000    9.711085    6.860285    21.000000   0.001517    0.397393    0.990431    0.987563    0.009200    3.345653    0.000000    2.942397    0.030135    0.000000    1.000000    0.250000    5.560431    0.962594    1.000000    18.557285   45.611727   5.560431    0.299819    0.962594    0.364980    0.338923    0.000014    0.999947    3.924375    0.009149    0.060839    0.000000    0.000050    0.000500    0.000005    0.000500    0.000500    0.000005    0.000050    0.000050    0.000050    0.741260    12.896419  
[37m[36mINFO[0m[0m 07/18 14:11:17 | 0.782794    0.789731    0.000000    0.960776    0.148572    0.782794    0.789731    0.959402    0.970060    0.952866    4500        107.784431  2.972199    0.011846    0.601551    0.001662    -8.333899   0.500000    9.706782    6.863775    21.000000   0.001666    0.398546    0.989972    0.986815    0.011846    3.346970    0.000000    2.942121    0.030078    0.000000    1.000000    0.250000    5.473045    0.962561    1.000000    18.123701   45.607504   5.473045    0.302066    0.962561    0.357931    0.334794    0.000015    0.999939    4.285260    0.009664    0.076699    0.000000    0.000050    0.000500    0.000005    0.000500    0.000500    0.000005    0.000050    0.000050    0.000050    0.717013    13.691679  
[37m[36mINFO[0m[0m 07/18 14:12:28 | 0.810250    0.833741    0.000000    0.971026    0.108786    0.810250    0.833741    0.970085    0.985030    0.957962    4600        110.179641  2.954144    0.004922    0.601947    0.001660    -8.399257   0.500000    9.726102    6.822803    21.000000   0.001657    0.398153    0.990505    0.987830    0.004922    3.339088    0.000000    2.924047    0.030097    0.000000    1.000000    0.250000    5.496841    0.963193    1.000000    18.362479   45.618420   5.496841    0.299442    0.963193    0.359046    0.337858    0.000010    0.999959    2.921131    0.007793    0.038164    0.000000    0.000050    0.000500    0.000005    0.000500    0.000500    0.000005    0.000050    0.000050    0.000050    0.559767    13.356773  
[37m[36mINFO[0m[0m 07/18 14:13:55 | 0.798658    0.801956    0.000000    0.959209    0.137004    0.798658    0.801956    0.944444    0.979042    0.954140    4700        112.574850  2.951355    0.008256    0.601740    0.001626    -8.488594   0.500000    9.664771    6.834655    21.000000   0.001627    0.398357    0.990449    0.987714    0.008256    3.337441    0.000000    2.921268    0.030087    0.000000    1.000000    0.250000    5.534194    0.961257    1.000000    17.863437   45.629992   5.534194    0.309909    0.961257    0.354146    0.334207    0.000009    0.999954    3.983328    0.008787    0.062865    0.000000    0.000050    0.000500    0.000005    0.000500    0.000500    0.000005    0.000050    0.000050    0.000050    0.707116    14.058603  
[37m[36mINFO[0m[0m 07/18 14:15:22 | 0.837096    0.845966    0.000000    0.970738    0.101183    0.837096    0.845966    0.967949    0.985030    0.959236    4800        114.970060  2.957075    0.009670    0.600723    0.001791    -8.529059   0.500000    9.788663    6.927999    21.000000   0.001791    0.399377    0.990977    0.988179    0.009670    3.343821    0.000000    2.927038    0.030036    0.000000    1.000000    0.250000    5.472422    0.961487    1.000000    17.649768   45.621630   5.472422    0.310239    0.961487    0.347963    0.331584    0.000011    0.999926    3.544241    0.008770    0.061243    0.000000    0.000050    0.000500    0.000005    0.000500    0.000500    0.000005    0.000050    0.000050    0.000050    0.700586    14.407020  
[37m[36mINFO[0m[0m 07/18 14:16:47 | 0.846858    0.826406    0.000000    0.968476    0.111366    0.846858    0.826406    0.965812    0.988024    0.951592    4900        117.365269  2.927301    0.002471    0.602257    0.001565    -8.684015   0.500000    9.718521    6.955348    21.000000   0.001560    0.397839    0.991118    0.988846    0.002471    3.328918    0.000000    2.897188    0.030113    0.000000    1.000000    0.250000    5.627855    0.960118    1.000000    17.874449   45.636278   5.627855    0.314916    0.960118    0.356797    0.337079    0.000008    0.999942    1.570403    0.006385    0.018362    0.000000    0.000050    0.000500    0.000005    0.000500    0.000500    0.000005    0.000050    0.000050    0.000050    0.684963    13.635913  
[37m[36mINFO[0m[0m 07/18 14:18:15 | 0.876754    0.865526    0.000000    0.978145    0.089619    0.876754    0.865526    0.982906    0.991018    0.960510    5000        119.760479  2.915562    0.001770    0.602701    0.001354    -8.821991   0.500000    9.625382    6.850691    21.000000   0.001353    0.397395    0.991175    0.989105    0.001770    3.324757    0.000000    2.885427    0.030135    0.000000    1.000000    0.250000    5.715328    0.958656    1.000000    17.767650   45.644545   5.715328    0.321739    0.958656    0.360930    0.338320    0.000008    0.999942    1.294772    0.006091    0.015938    0.000000    0.000050    0.000500    0.000005    0.000500    0.000500    0.000005    0.000050    0.000050    0.000050    0.708203    14.454903  
[37m[36mINFO[0m[0m 07/18 14:18:15 | ---
[37m[33mWARNING[0m[0m 07/18 14:18:15 | Evaluate SWAD ...
[37m[36mINFO[0m[0m 07/18 14:18:29 | 0.913972    0.894866    0.000000    0.983103    0.193482    0.913972    0.894866    0.985043    0.991018    0.973248    [101-5000]  (N=50)
[37m[36mINFO[0m[0m 07/18 14:18:29 | oracle = 87.919%
[37m[36mINFO[0m[0m 07/18 14:18:29 | iid = 86.943%
[37m[36mINFO[0m[0m 07/18 14:18:29 | last = 87.675%
[37m[36mINFO[0m[0m 07/18 14:18:29 | last (inD) = 97.814%
[37m[36mINFO[0m[0m 07/18 14:18:29 | iid (inD) = 98.013%
[37m[36mINFO[0m[0m 07/18 14:18:29 | SWAD = 91.397%
[37m[36mINFO[0m[0m 07/18 14:18:29 | SWAD (inD) = 98.310%
[37m[36mINFO[0m[0m 07/18 14:18:29 | 
[37m[36mINFO[0m[0m 07/18 14:18:33 | Testenv name escaping te_cartoon -> te_cartoon
[37m[36mINFO[0m[0m 07/18 14:18:33 | Test envs = [1], name = te_cartoon
[37m[36mINFO[0m[0m 07/18 14:18:33 | Batch sizes for each domain: [32, 0, 32, 32] (total=96)
[37m[36mINFO[0m[0m 07/18 14:18:33 | steps-per-epoch for each domain: 51.22, 41.75, 98.25 -> min = 41.75
[37m[36mINFO[0m[0m 07/18 14:18:37 | # of params = 53365703
[37m[36mINFO[0m[0m 07/18 14:18:52 | test_in     test_out    train_in    train_out   tr_outloss  env0_out    env1_in     env1_out    env2_out    env3_out    step        epoch       loss        loss_cls    loss_isr    loss_orth   loss_gt     piccl_alph  paired_res  domain_res  valid_doma  basis_orth  response_c  raw_interv  mediator_i  ce_loss     sup_cl_los  pre_cl_los  dccl_total  weighted_l  weighted_l  piccl_feat  residual_s  residual_d  fused_orig  piccl_exec  original_f  piccl_feat  feature_de  feature_de  original_f  gate_mean   gate_std    gate_min    gate_max    backbone_g  piccl_grad  classifier  has_nan_or  param_grou  param_grou  param_grou  param_grou  param_grou  param_grou  param_grou  param_grou  param_grou  step_time   eval_time  
[37m[36mINFO[0m[0m 07/18 14:18:52 | 0.200426    0.190171    0.000000    0.302488    1.855343    0.293399    0.200426    0.190171    0.419162    0.194904    0           0.000000    6.986348    1.996451    0.000000    0.149580    -5.756462   0.000000    0.000000    0.000000    20.000000   0.137917    0.000000    0.913917    0.913917    1.996451    5.277705    0.000000    6.986333    0.000000    0.000015    0.000000    0.250000    0.000000    1.000000    1.000000    25.206272   45.253387   0.000000    0.000000    1.000000    0.075858    0.000000    0.075858    0.075858    13.468184   0.000171    3.896585    0.000000    0.000050    0.000500    0.000005    0.000500    0.000500    0.000005    0.000050    0.000050    0.000050    0.759784    14.914269  
[37m[36mINFO[0m[0m 07/18 14:20:16 | 0.732942    0.752137    0.000000    0.957535    0.127054    0.948655    0.732942    0.752137    0.994012    0.929936    100         2.395210    4.049774    0.307914    0.972732    0.092583    -2.426694   0.000000    11.143824   3.603937    20.970000   0.091945    0.027864    0.966786    0.965502    0.307914    3.814549    0.000000    4.001129    0.048637    0.000009    1.000000    0.250000    0.756385    0.999645    1.000000    28.702311   45.277705   0.756385    0.027459    0.999645    0.087145    0.025889    0.030103    0.359524    13.091538   0.022407    1.448357    0.000000    0.000050    0.000500    0.000005    0.000500    0.000500    0.000005    0.000050    0.000050    0.000050    0.677698    13.694294  
[37m[36mINFO[0m[0m 07/18 14:21:43 | 0.703625    0.700855    0.000000    0.958201    0.131445    0.951100    0.703625    0.700855    0.991018    0.932484    200         4.790419    3.513404    0.099622    0.895437    0.121315    -3.186932   0.000000    10.719623   5.909408    21.000000   0.122700    0.105280    0.975648    0.974399    0.099622    3.528345    0.000000    3.468620    0.044772    0.000012    1.000000    0.250000    1.272321    0.998804    1.000000    22.825878   45.314452   1.272321    0.056034    0.998804    0.106889    0.057477    0.014738    0.759520    12.245107   0.021985    0.545266    0.000000    0.000050    0.000500    0.000005    0.000500    0.000500    0.000005    0.000050    0.000050    0.000050    0.701095    13.741553  
[37m[36mINFO[0m[0m 07/18 14:23:09 | 0.807036    0.831197    0.000000    0.965856    0.102888    0.960880    0.807036    0.831197    0.994012    0.942675    300         7.185629    3.408155    0.067519    0.843609    0.296885    -3.512196   0.000000    10.633468   6.831302    21.000000   0.298358    0.156870    0.978685    0.977413    0.067519    3.474036    0.000000    3.365945    0.042180    0.000030    1.000000    0.250000    1.836935    0.997312    1.000000    21.295295   45.342320   1.836935    0.086347    0.997312    0.127985    0.091070    0.008853    0.895511    9.961533    0.019663    0.351909    0.000000    0.000050    0.000500    0.000005    0.000500    0.000500    0.000005    0.000050    0.000050    0.000050    0.703666    13.271068  
[37m[36mINFO[0m[0m 07/18 14:24:33 | 0.783049    0.824786    0.000000    0.964399    0.112608    0.963325    0.783049    0.824786    0.991018    0.938854    400         9.580838    3.322435    0.043460    0.799155    0.402833    -3.792270   0.000000    10.595424   7.174181    21.000000   0.403700    0.201301    0.980085    0.978671    0.043460    3.428591    0.000000    3.282437    0.039958    0.000040    1.000000    0.250000    2.331423    0.995390    1.000000    20.461402   45.367313   2.331423    0.114135    0.995390    0.151242    0.121867    0.004781    0.953204    9.554688    0.017851    0.273091    0.000000    0.000050    0.000500    0.000005    0.000500    0.000500    0.000005    0.000050    0.000050    0.000050    0.674018    14.178910  
[37m[36mINFO[0m[0m 07/18 14:26:00 | 0.771855    0.803419    0.000000    0.966546    0.123204    0.970660    0.771855    0.803419    0.985030    0.943949    500         11.976048   3.261074    0.028207    0.766358    0.488783    -3.972147   0.000000    10.587708   7.308210    21.000000   0.489614    0.233985    0.981795    0.980278    0.028207    3.393108    0.000000    3.222708    0.038318    0.000049    1.000000    0.250000    2.782285    0.993238    1.000000    20.077746   45.391826   2.782285    0.138688    0.993238    0.175558    0.151054    0.003382    0.973808    8.271091    0.015983    0.209025    0.000000    0.000050    0.000500    0.000005    0.000500    0.000500    0.000005    0.000050    0.000050    0.000050    0.711643    13.933275  
[37m[36mINFO[0m[0m 07/18 14:27:25 | 0.805437    0.829060    0.000000    0.948196    0.145079    0.943765    0.805437    0.829060    0.967066    0.933758    600         14.371257   3.249840    0.029590    0.741248    0.556358    -4.187584   0.025250    10.544454   7.367416    21.000000   0.556820    0.259025    0.982309    0.980486    0.029590    3.392512    0.000000    3.212722    0.037062    0.000056    1.000000    0.250000    3.098265    0.990954    1.000000    19.336943   45.408747   3.098265    0.160350    0.990954    0.195039    0.171798    0.002091    0.983342    8.488745    0.015866    0.219321    0.000000    0.000050    0.000500    0.000005    0.000500    0.000500    0.000005    0.000050    0.000050    0.000050    0.688294    13.692972  
[37m[36mINFO[0m[0m 07/18 14:28:52 | 0.816631    0.820513    0.000000    0.971859    0.105792    0.965770    0.816631    0.820513    0.988024    0.961783    700         16.766467   3.226001    0.025633    0.721509    0.581234    -4.325297   0.075250    10.571697   7.362602    21.000000   0.581263    0.278736    0.982736    0.980784    0.025633    3.380499    0.000000    3.189868    0.036075    0.000058    1.000000    0.250000    3.368615    0.989146    1.000000    19.284372   45.423281   3.368615    0.174847    0.989146    0.213031    0.191831    0.001281    0.988922    7.548593    0.013871    0.188290    0.000000    0.000050    0.000500    0.000005    0.000500    0.000500    0.000005    0.000050    0.000050    0.000050    0.703436    14.016003  
[37m[36mINFO[0m[0m 07/18 14:30:23 | 0.850746    0.852564    0.000000    0.963494    0.101209    0.965770    0.850746    0.852564    0.982036    0.942675    800         19.161677   3.189572    0.017256    0.707106    0.567441    -4.537117   0.125250    10.371281   7.287677    21.000000   0.567155    0.293121    0.984217    0.982317    0.017256    3.363760    0.000000    3.154160    0.035355    0.000057    1.000000    0.250000    3.624810    0.987147    1.000000    19.069719   45.438226   3.624810    0.190178    0.987147    0.230903    0.207502    0.001039    0.989621    5.736676    0.011274    0.122622    0.000000    0.000050    0.000500    0.000005    0.000500    0.000500    0.000005    0.000050    0.000050    0.000050    0.749388    13.394241  
[37m[36mINFO[0m[0m 07/18 14:31:55 | 0.823561    0.839744    0.000000    0.964421    0.106234    0.951100    0.823561    0.839744    0.988024    0.954140    900         21.556886   3.196457    0.024114    0.691479    0.531222    -4.664691   0.175250    10.430690   7.283823    21.000000   0.530849    0.308738    0.984364    0.982044    0.024114    3.370951    0.000000    3.161830    0.034574    0.000053    1.000000    0.250000    3.785883    0.985404    1.000000    18.916546   45.450435   3.785883    0.200325    0.985404    0.244993    0.220794    0.000748    0.993206    7.356928    0.013705    0.176164    0.000000    0.000050    0.000500    0.000005    0.000500    0.000500    0.000005    0.000050    0.000050    0.000050    0.756796    13.724090  
[37m[36mINFO[0m[0m 07/18 14:33:22 | 0.786247    0.794872    0.000000    0.962654    0.124078    0.955990    0.786247    0.794872    0.988024    0.943949    1000        23.952096   3.176491    0.015177    0.679752    0.497454    -4.792208   0.225250    10.441394   7.294820    21.000000   0.497138    0.320454    0.984857    0.982425    0.015177    3.366887    0.000000    3.142454    0.033988    0.000050    1.000000    0.250000    4.006038    0.984003    1.000000    19.283395   45.460756   4.006038    0.207905    0.984003    0.263857    0.238845    0.000481    0.995066    6.151693    0.011729    0.127265    0.000000    0.000050    0.000500    0.000005    0.000500    0.000500    0.000005    0.000050    0.000050    0.000050    0.725816    12.503412  
[37m[36mINFO[0m[0m 07/18 14:34:54 | 0.780917    0.803419    0.000000    0.971159    0.094093    0.965770    0.780917    0.803419    0.991018    0.956688    1100        26.347305   3.162793    0.014267    0.668855    0.468659    -4.925176   0.275250    10.410987   7.288823    21.000000   0.468376    0.331339    0.984746    0.982194    0.014267    3.361296    0.000000    3.129304    0.033443    0.000047    1.000000    0.250000    4.065086    0.982816    1.000000    18.865457   45.469617   4.065086    0.215541    0.982816    0.268733    0.242578    0.000425    0.995763    5.684277    0.011254    0.119520    0.000000    0.000050    0.000500    0.000005    0.000500    0.000500    0.000005    0.000050    0.000050    0.000050    0.761971    12.723760  
[37m[36mINFO[0m[0m 07/18 14:36:26 | 0.750533    0.764957    0.000000    0.964732    0.124438    0.948655    0.750533    0.764957    0.985030    0.960510    1200        28.742515   3.130322    0.008682    0.657663    0.445821    -5.075301   0.325250    10.376778   7.267408    21.000000   0.445763    0.342520    0.985608    0.983155    0.008682    3.342477    0.000000    3.097394    0.032883    0.000045    1.000000    0.250000    4.218607    0.981226    1.000000    18.873663   45.478062   4.218607    0.223606    0.981226    0.281562    0.252047    0.000330    0.996540    4.391600    0.008655    0.068400    0.000000    0.000050    0.000500    0.000005    0.000500    0.000500    0.000005    0.000050    0.000050    0.000050    0.766085    12.858293  
[37m[36mINFO[0m[0m 07/18 14:37:58 | 0.760128    0.771368    0.000000    0.948378    0.213479    0.921760    0.760128    0.771368    0.973054    0.950318    1300        31.137725   3.134298    0.009854    0.647490    0.439323    -5.200924   0.375250    10.433936   7.238296    21.000000   0.439171    0.352679    0.985834    0.982890    0.009854    3.352071    0.000000    3.101880    0.032375    0.000044    1.000000    0.250000    4.316735    0.979881    1.000000    18.890249   45.482416   4.316735    0.228609    0.979881    0.292880    0.261529    0.000240    0.997228    5.388693    0.009955    0.088813    0.000000    0.000050    0.000500    0.000005    0.000500    0.000500    0.000005    0.000050    0.000050    0.000050    0.765160    13.052603  
[37m[36mINFO[0m[0m 07/18 14:39:30 | 0.803305    0.831197    0.000000    0.964905    0.115360    0.955990    0.803305    0.831197    0.982036    0.956688    1400        33.532934   3.155264    0.018951    0.639963    0.434153    -5.287858   0.425250    10.490880   7.268985    21.000000   0.434189    0.360199    0.986093    0.982824    0.018951    3.368664    0.000000    3.123223    0.031998    0.000043    1.000000    0.250000    4.329369    0.979261    1.000000    18.904155   45.486248   4.329369    0.229264    0.979261    0.296110    0.267309    0.000201    0.997818    6.974380    0.012208    0.130534    0.000000    0.000050    0.000500    0.000005    0.000500    0.000500    0.000005    0.000050    0.000050    0.000050    0.766197    13.677971  
[37m[36mINFO[0m[0m 07/18 14:40:59 | 0.807569    0.833333    0.000000    0.962816    0.110295    0.953545    0.807569    0.833333    0.982036    0.952866    1500        35.928144   3.114533    0.010698    0.634666    0.430013    -5.450558   0.475250    10.375121   7.247474    21.000000   0.429903    0.365484    0.987085    0.984276    0.010698    3.344586    0.000000    3.082756    0.031733    0.000043    1.000000    0.250000    4.435444    0.977756    1.000000    18.548231   45.496432   4.435444    0.239242    0.977756    0.298177    0.269794    0.000200    0.997416    4.085375    0.009314    0.087126    0.000000    0.000050    0.000500    0.000005    0.000500    0.000500    0.000005    0.000050    0.000050    0.000050    0.723996    13.520540  
[37m[36mINFO[0m[0m 07/18 14:42:26 | 0.781450    0.807692    0.000000    0.965661    0.095731    0.953545    0.781450    0.807692    0.988024    0.955414    1600        38.323353   3.102004    0.007507    0.628529    0.421727    -5.582606   0.500000    10.422355   7.205890    21.000000   0.421684    0.371614    0.987049    0.984043    0.007507    3.342159    0.000000    3.070536    0.031426    0.000042    1.000000    0.250000    4.550845    0.976676    1.000000    18.814665   45.501527   4.550845    0.242056    0.976676    0.310250    0.278365    0.000159    0.997991    3.542452    0.008206    0.059449    0.000000    0.000050    0.000500    0.000005    0.000500    0.000500    0.000005    0.000050    0.000050    0.000050    0.722857    13.062443  
[37m[36mINFO[0m[0m 07/18 14:43:55 | 0.766525    0.773504    0.000000    0.960510    0.130881    0.955990    0.766525    0.773504    0.979042    0.946497    1700        40.718563   3.104456    0.009735    0.623512    0.418358    -5.688436   0.500000    10.432093   7.159368    21.000000   0.418292    0.376623    0.987075    0.983827    0.009735    3.347926    0.000000    3.073239    0.031176    0.000042    1.000000    0.250000    4.627962    0.975367    1.000000    18.674179   45.511034   4.627962    0.247923    0.975367    0.316174    0.282331    0.000122    0.998314    5.152007    0.009677    0.082114    0.000000    0.000050    0.000500    0.000005    0.000500    0.000500    0.000005    0.000050    0.000050    0.000050    0.724450    13.942489  
[37m[36mINFO[0m[0m 07/18 14:45:28 | 0.764392    0.824786    0.000000    0.941467    0.196175    0.899756    0.764392    0.824786    0.973054    0.951592    1800        43.113772   3.144449    0.027025    0.621285    0.394099    -5.723346   0.500000    10.477967   7.136539    21.000000   0.393777    0.378842    0.986468    0.982847    0.027025    3.372487    0.000000    3.113345    0.031064    0.000039    1.000000    0.250000    4.529537    0.975851    1.000000    18.474475   45.508302   4.529537    0.245364    0.975851    0.307944    0.280039    0.000117    0.998358    8.582416    0.014239    0.175763    0.000000    0.000050    0.000500    0.000005    0.000500    0.000500    0.000005    0.000050    0.000050    0.000050    0.770440    14.030478  
[37m[36mINFO[0m[0m 07/18 14:47:02 | 0.775586    0.805556    0.000000    0.968931    0.105690    0.953545    0.775586    0.805556    0.994012    0.959236    1900        45.508982   3.122859    0.020264    0.617366    0.367067    -5.831855   0.500000    10.550284   7.203671    21.000000   0.366811    0.382756    0.986870    0.983387    0.020264    3.363282    0.000000    3.091954    0.030868    0.000037    1.000000    0.250000    4.557813    0.975479    1.000000    18.474795   45.511672   4.557813    0.246847    0.975479    0.307814    0.283466    0.000099    0.998442    6.950054    0.012327    0.137506    0.000000    0.000050    0.000500    0.000005    0.000500    0.000500    0.000005    0.000050    0.000050    0.000050    0.758407    15.150347  
[37m[36mINFO[0m[0m 07/18 14:48:33 | 0.783049    0.816239    0.000000    0.959453    0.131713    0.951100    0.783049    0.816239    0.982036    0.945223    2000        47.904192   3.086764    0.009099    0.614895    0.346634    -5.975470   0.500000    10.479683   7.181628    21.000000   0.346389    0.385220    0.987652    0.984687    0.009099    3.345658    0.000000    3.055984    0.030745    0.000035    1.000000    0.250000    4.640966    0.974486    1.000000    18.329187   45.518066   4.640966    0.253260    0.974486    0.307884    0.285267    0.000080    0.998714    4.267550    0.008865    0.070763    0.000000    0.000050    0.000500    0.000005    0.000500    0.000500    0.000005    0.000050    0.000050    0.000050    0.749025    14.038779  
[37m[36mINFO[0m[0m 07/18 14:50:01 | 0.802772    0.831197    0.000000    0.967440    0.111662    0.958435    0.802772    0.831197    0.991018    0.952866    2100        50.299401   3.086260    0.010414    0.614194    0.314710    -6.095958   0.500000    10.503226   7.169216    21.000000   0.314360    0.385917    0.988273    0.985262    0.010414    3.349903    0.000000    3.055518    0.030710    0.000031    1.000000    0.250000    4.805476    0.972701    1.000000    18.433759   45.527063   4.805476    0.260779    0.972701    0.318745    0.292524    0.000069    0.998901    3.450074    0.008799    0.068161    0.000000    0.000050    0.000500    0.000005    0.000500    0.000500    0.000005    0.000050    0.000050    0.000050    0.699776    14.998889  
[37m[36mINFO[0m[0m 07/18 14:51:29 | 0.816098    0.835470    0.000000    0.962504    0.131349    0.936430    0.816098    0.835470    0.988024    0.963057    2200        52.694611   3.057443    0.005226    0.614558    0.281042    -6.218284   0.500000    10.445507   7.120692    21.000000   0.280700    0.385547    0.988546    0.985688    0.005226    3.332375    0.000000    3.026687    0.030728    0.000028    1.000000    0.250000    4.917774    0.971519    1.000000    18.422046   45.540422   4.917774    0.267078    0.971519    0.323658    0.296339    0.000053    0.999102    3.081914    0.007762    0.052132    0.000000    0.000050    0.000500    0.000005    0.000500    0.000500    0.000005    0.000050    0.000050    0.000050    0.710382    14.979346  
[37m[36mINFO[0m[0m 07/18 14:52:53 | 0.766525    0.782051    0.000000    0.959729    0.151281    0.951100    0.766525    0.782051    0.979042    0.949045    2300        55.089820   3.042724    0.003252    0.616956    0.244284    -6.358837   0.500000    10.310651   7.090318    21.000000   0.243979    0.383148    0.988890    0.985903    0.003252    3.326541    0.000000    3.011852    0.030848    0.000024    1.000000    0.250000    5.095872    0.969740    1.000000    18.691225   45.550253   5.095872    0.272710    0.969740    0.338687    0.304964    0.000044    0.999288    2.744706    0.007170    0.034497    0.000000    0.000050    0.000500    0.000005    0.000500    0.000500    0.000005    0.000050    0.000050    0.000050    0.677275    13.972389  
[37m[36mINFO[0m[0m 07/18 14:54:19 | 0.836887    0.852564    0.000000    0.957491    0.123905    0.948655    0.836887    0.852564    0.976048    0.947771    2400        57.485030   3.069811    0.010155    0.612157    0.222843    -6.400249   0.500000    10.474734   7.096509    21.000000   0.222666    0.387946    0.988386    0.984788    0.010155    3.349038    0.000000    3.039181    0.030608    0.000022    1.000000    0.250000    5.059282    0.969435    1.000000    18.596795   45.545138   5.059282    0.272163    0.969435    0.339243    0.306184    0.000039    0.999404    5.493978    0.009699    0.085901    0.000000    0.000050    0.000500    0.000005    0.000500    0.000500    0.000005    0.000050    0.000050    0.000050    0.693976    13.654651  
[37m[36mINFO[0m[0m 07/18 14:55:41 | 0.785714    0.790598    0.000000    0.968807    0.123758    0.960880    0.785714    0.790598    0.985030    0.960510    2500        59.880240   3.050321    0.006944    0.611751    0.204738    -6.520912   0.500000    10.445488   7.090313    21.000000   0.204574    0.388352    0.988776    0.985687    0.006944    3.338814    0.000000    3.019713    0.030588    0.000020    1.000000    0.250000    5.078053    0.969362    1.000000    18.529033   45.553629   5.078053    0.274136    0.969362    0.337521    0.305842    0.000036    0.999447    3.254959    0.007779    0.044516    0.000000    0.000050    0.000500    0.000005    0.000500    0.000500    0.000005    0.000050    0.000050    0.000050    0.672457    13.367163  
[37m[36mINFO[0m[0m 07/18 14:57:05 | 0.838486    0.846154    0.000000    0.963057    0.133090    0.955990    0.838486    0.846154    0.979042    0.954140    2600        62.275449   3.050486    0.009850    0.611435    0.187947    -6.618937   0.500000    10.438816   7.066458    21.000000   0.187718    0.388665    0.988631    0.985383    0.009850    3.340992    0.000000    3.019896    0.030572    0.000019    1.000000    0.250000    5.141446    0.968125    1.000000    18.448594   45.560420   5.141446    0.278763    0.968125    0.340298    0.308285    0.000033    0.999445    4.067261    0.008732    0.062766    0.000000    0.000050    0.000500    0.000005    0.000500    0.000500    0.000005    0.000050    0.000050    0.000050    0.670754    14.171395  
[37m[36mINFO[0m[0m 07/18 14:58:28 | 0.721215    0.762821    0.000000    0.948265    0.201036    0.938875    0.721215    0.762821    0.967066    0.938854    2700        64.670659   3.047569    0.008472    0.609215    0.160737    -6.687694   0.500000    10.486162   7.037862    21.000000   0.160506    0.390886    0.988779    0.985409    0.008472    3.343005    0.000000    3.017093    0.030461    0.000016    1.000000    0.250000    5.189621    0.967823    1.000000    18.555225   45.564315   5.189621    0.279871    0.967823    0.343881    0.311929    0.000027    0.999488    4.290645    0.009030    0.072642    0.000000    0.000050    0.000500    0.000005    0.000500    0.000500    0.000005    0.000050    0.000050    0.000050    0.667413    13.941551  
[37m[36mINFO[0m[0m 07/18 14:59:52 | 0.742004    0.767094    0.000000    0.951159    0.177358    0.953545    0.742004    0.767094    0.961078    0.938854    2800        67.065868   3.076740    0.020555    0.609496    0.146753    -6.768916   0.500000    10.512330   7.033963    21.000000   0.146626    0.390605    0.988412    0.984730    0.020555    3.364141    0.000000    3.046251    0.030475    0.000015    1.000000    0.250000    5.046437    0.968138    1.000000    18.142767   45.556739   5.046437    0.278427    0.968138    0.332723    0.306309    0.000033    0.999396    7.307814    0.012753    0.136327    0.000000    0.000050    0.000500    0.000005    0.000500    0.000500    0.000005    0.000050    0.000050    0.000050    0.670013    14.397451  
[37m[36mINFO[0m[0m 07/18 15:01:17 | 0.813433    0.844017    0.000000    0.965627    0.132086    0.955990    0.813433    0.844017    0.988024    0.952866    2900        69.461078   3.079254    0.021874    0.609083    0.130262    -6.808503   0.500000    10.582775   7.063804    21.000000   0.130100    0.391019    0.988287    0.984756    0.021874    3.367338    0.000000    3.048786    0.030454    0.000013    1.000000    0.250000    4.971218    0.970076    1.000000    18.413516   45.557463   4.971218    0.270111    0.970076    0.325485    0.307869    0.000020    0.999586    7.260082    0.012423    0.131617    0.000000    0.000050    0.000500    0.000005    0.000500    0.000500    0.000005    0.000050    0.000050    0.000050    0.686819    14.298236  
[37m[36mINFO[0m[0m 07/18 15:02:42 | 0.807036    0.820513    0.000000    0.969988    0.090305    0.958435    0.807036    0.820513    0.991018    0.960510    3000        71.856287   3.024874    0.006057    0.607741    0.114964    -6.946205   0.500000    10.557028   7.099364    21.000000   0.114804    0.392359    0.990190    0.987729    0.006057    3.335729    0.000000    2.994476    0.030387    0.000011    1.000000    0.250000    5.088634    0.968629    1.000000    18.052454   45.576600   5.088634    0.282061    0.968629    0.321758    0.306239    0.000023    0.999477    3.397257    0.007922    0.049947    0.000000    0.000050    0.000500    0.000005    0.000500    0.000500    0.000005    0.000050    0.000050    0.000050    0.677994    14.689209  
[37m[36mINFO[0m[0m 07/18 15:04:07 | 0.778252    0.799145    0.000000    0.958890    0.128531    0.941320    0.778252    0.799145    0.985030    0.950318    3100        74.251497   3.005345    0.003645    0.609063    0.096848    -7.108973   0.500000    10.450126   7.086681    21.000000   0.096651    0.391034    0.990379    0.988006    0.003645    3.326685    0.000000    2.974882    0.030453    0.000010    1.000000    0.250000    5.312126    0.965816    1.000000    18.149083   45.588688   5.312126    0.292806    0.965816    0.336834    0.313502    0.000020    0.999509    2.123783    0.006623    0.029154    0.000000    0.000050    0.000500    0.000005    0.000500    0.000500    0.000005    0.000050    0.000050    0.000050    0.689905    13.369006  
[37m[36mINFO[0m[0m 07/18 15:05:31 | 0.801706    0.818376    0.000000    0.963275    0.106338    0.951100    0.801706    0.818376    0.982036    0.956688    3200        76.646707   3.041579    0.014087    0.609588    0.077769    -7.134894   0.500000    10.540341   7.015061    21.000000   0.077625    0.390509    0.989329    0.985961    0.014087    3.353750    0.000000    3.011092    0.030479    0.000008    1.000000    0.250000    5.200498    0.966889    1.000000    18.338296   45.573991   5.200498    0.283835    0.966889    0.336791    0.315353    0.000015    0.999659    6.025290    0.011495    0.120680    0.000000    0.000050    0.000500    0.000005    0.000500    0.000500    0.000005    0.000050    0.000050    0.000050    0.673123    14.290933  
[37m[36mINFO[0m[0m 07/18 15:06:58 | 0.770789    0.792735    0.000000    0.960163    0.133653    0.941320    0.770789    0.792735    0.985030    0.954140    3300        79.041916   3.030294    0.010863    0.607004    0.067834    -7.216680   0.500000    10.563906   7.025161    21.000000   0.067737    0.393093    0.989242    0.986018    0.010863    3.349908    0.000000    2.999937    0.030350    0.000007    1.000000    0.250000    5.220173    0.966388    1.000000    18.208824   45.579598   5.220173    0.286809    0.966388    0.335619    0.314975    0.000012    0.999739    4.886109    0.009474    0.062542    0.000000    0.000050    0.000500    0.000005    0.000500    0.000500    0.000005    0.000050    0.000050    0.000050    0.712091    13.746391  
[37m[36mINFO[0m[0m 07/18 15:08:23 | 0.779851    0.805556    0.000000    0.956676    0.160758    0.946210    0.779851    0.805556    0.976048    0.947771    3400        81.437126   3.009973    0.006634    0.606880    0.059231    -7.294482   0.500000    10.528884   7.044383    21.000000   0.059158    0.393219    0.989672    0.986959    0.006634    3.337713    0.000000    2.979623    0.030344    0.000006    1.000000    0.250000    5.306704    0.966294    1.000000    18.323863   45.600018   5.306704    0.289717    0.966294    0.334599    0.318028    0.000011    0.999788    3.889373    0.008080    0.047616    0.000000    0.000050    0.000500    0.000005    0.000500    0.000500    0.000005    0.000050    0.000050    0.000050    0.690924    13.145680  
[37m[36mINFO[0m[0m 07/18 15:09:51 | 0.810235    0.811966    0.000000    0.964766    0.132873    0.946210    0.810235    0.811966    0.985030    0.963057    3500        83.832335   3.000451    0.007534    0.609889    0.050275    -7.431417   0.500000    10.446825   7.002301    21.000000   0.050165    0.390207    0.989758    0.987058    0.007534    3.333989    0.000000    2.969952    0.030494    0.000005    1.000000    0.250000    5.314138    0.965365    1.000000    18.100393   45.597194   5.314138    0.293679    0.965365    0.336187    0.317806    0.000011    0.999777    3.203649    0.008092    0.051619    0.000000    0.000050    0.000500    0.000005    0.000500    0.000500    0.000005    0.000050    0.000050    0.000050    0.732017    13.240540  
[37m[36mINFO[0m[0m 07/18 15:11:18 | 0.807036    0.846154    0.000000    0.967167    0.115719    0.965770    0.807036    0.846154    0.979042    0.956688    3600        86.227545   3.002774    0.009775    0.609567    0.038438    -7.526331   0.500000    10.484683   6.942769    21.000000   0.038341    0.390528    0.989725    0.987025    0.009775    3.338833    0.000000    2.972292    0.030478    0.000004    1.000000    0.250000    5.276897    0.964403    1.000000    17.748755   45.590012   5.276897    0.297412    0.964403    0.334557    0.315673    0.000012    0.999658    3.158298    0.008664    0.066996    0.000000    0.000050    0.000500    0.000005    0.000500    0.000500    0.000005    0.000050    0.000050    0.000050    0.701346    13.765310  
[37m[36mINFO[0m[0m 07/18 15:12:47 | 0.737207    0.771368    0.000000    0.951337    0.161068    0.924205    0.737207    0.771368    0.982036    0.947771    3700        88.622754   2.975481    0.002243    0.610518    0.031852    -7.667733   0.500000    10.379186   6.915674    21.000000   0.031785    0.389575    0.990398    0.988080    0.002243    3.326095    0.000000    2.944952    0.030526    0.000003    1.000000    0.250000    5.499662    0.962321    1.000000    17.901084   45.609663   5.499662    0.307324    0.962321    0.343777    0.321263    0.000009    0.999757    1.769805    0.006343    0.020849    0.000000    0.000050    0.000500    0.000005    0.000500    0.000500    0.000005    0.000050    0.000050    0.000050    0.731795    13.696522  
[37m[36mINFO[0m[0m 07/18 15:13:59 | 0.807569    0.811966    0.000000    0.969473    0.115443    0.963325    0.807569    0.811966    0.982036    0.963057    3800        91.017964   2.979965    0.004272    0.609844    0.026176    -7.762448   0.500000    10.416514   6.887273    21.000000   0.026136    0.390251    0.990146    0.987404    0.004272    3.333321    0.000000    2.949470    0.030492    0.000003    1.000000    0.250000    5.538649    0.961693    1.000000    18.101345   45.604172   5.538649    0.306048    0.961693    0.350542    0.325368    0.000007    0.999770    2.212847    0.006761    0.031035    0.000000    0.000050    0.000500    0.000005    0.000500    0.000500    0.000005    0.000050    0.000050    0.000050    0.556564    14.574602  
[37m[36mINFO[0m[0m 07/18 15:15:24 | 0.760128    0.777778    0.000000    0.963275    0.118241    0.951100    0.760128    0.777778    0.982036    0.956688    3900        93.413174   2.962600    0.001385    0.610335    0.019698    -7.882848   0.500000    10.311354   6.873494    21.000000   0.019611    0.389758    0.990455    0.987956    0.001385    3.324839    0.000000    2.932082    0.030517    0.000002    1.000000    0.250000    5.619356    0.960823    1.000000    18.176657   45.612613   5.619356    0.309199    0.960823    0.356049    0.327732    0.000007    0.999797    1.283537    0.005892    0.015628    0.000000    0.000050    0.000500    0.000005    0.000500    0.000500    0.000005    0.000050    0.000050    0.000050    0.678772    14.298567  
[37m[36mINFO[0m[0m 07/18 15:16:51 | 0.823028    0.850427    0.000000    0.975336    0.103809    0.970660    0.823028    0.850427    0.991018    0.964331    4000        95.808383   2.949837    0.000482    0.612062    0.013148    -8.010377   0.500000    10.322192   6.828833    21.000000   0.013107    0.388031    0.990495    0.988098    0.000482    3.319270    0.000000    2.919233    0.030603    0.000001    1.000000    0.250000    5.749363    0.960093    1.000000    18.546371   45.617800   5.749363    0.310023    0.960093    0.367584    0.333514    0.000007    0.999843    0.764274    0.005422    0.006424    0.000000    0.000050    0.000500    0.000005    0.000500    0.000500    0.000005    0.000050    0.000050    0.000050    0.705657    14.660535  
[37m[36mINFO[0m[0m 07/18 15:18:19 | 0.784648    0.809829    0.000000    0.963516    0.125487    0.953545    0.784648    0.809829    0.979042    0.957962    4100        98.203593   2.964743    0.006421    0.610573    0.010285    -8.092311   0.500000    10.314057   6.762956    21.000000   0.010271    0.389519    0.990003    0.986894    0.006421    3.332408    0.000000    2.934213    0.030529    0.000001    1.000000    0.250000    5.690118    0.958799    1.000000    18.274478   45.608726   5.690118    0.311521    0.958799    0.369177    0.331699    0.000006    0.999804    2.869391    0.007934    0.041725    0.000000    0.000050    0.000500    0.000005    0.000500    0.000500    0.000005    0.000050    0.000050    0.000050    0.694755    15.208635  
[37m[36mINFO[0m[0m 07/18 15:19:46 | 0.830490    0.831197    0.000000    0.957250    0.156785    0.946210    0.830490    0.831197    0.979042    0.946497    4200        100.598802  3.034354    0.027179    0.607359    0.010112    -7.911047   0.500000    10.518988   6.784908    21.000000   0.010111    0.392742    0.989310    0.985342    0.027179    3.372359    0.000000    3.003985    0.030368    0.000001    1.000000    0.250000    5.327692    0.963589    1.000000    18.342018   45.589757   5.327692    0.290825    0.963589    0.346003    0.326664    0.000004    0.999890    8.171050    0.014607    0.161977    0.000000    0.000050    0.000500    0.000005    0.000500    0.000500    0.000005    0.000050    0.000050    0.000050    0.702383    15.135571  
[37m[36mINFO[0m[0m 07/18 15:21:15 | 0.811834    0.831197    0.000000    0.962357    0.127318    0.955990    0.811834    0.831197    0.982036    0.949045    4300        102.994012  3.052285    0.034979    0.606051    0.009012    -7.946440   0.500000    10.605238   6.875212    21.000000   0.009005    0.394051    0.988847    0.985150    0.034979    3.384324    0.000000    3.021981    0.030303    0.000001    1.000000    0.250000    5.105328    0.965894    1.000000    17.898685   45.584039   5.105328    0.285809    0.965894    0.322409    0.317714    0.000004    0.999817    9.048702    0.015892    0.175779    0.000000    0.000050    0.000500    0.000005    0.000500    0.000500    0.000005    0.000050    0.000050    0.000050    0.713838    14.555467  
[37m[36mINFO[0m[0m 07/18 15:22:41 | 0.805970    0.822650    0.000000    0.963504    0.128519    0.955990    0.805970    0.822650    0.988024    0.946497    4400        105.389222  2.964572    0.004798    0.604762    0.008693    -8.076782   0.500000    10.622715   6.928547    21.000000   0.008678    0.395337    0.990356    0.988124    0.004798    3.333374    0.000000    2.934333    0.030238    0.000001    1.000000    0.250000    5.403065    0.965547    1.000000    18.495472   45.614966   5.403065    0.292348    0.965547    0.329522    0.327528    0.000003    0.999919    3.317472    0.007588    0.041653    0.000000    0.000050    0.000500    0.000005    0.000500    0.000500    0.000005    0.000050    0.000050    0.000050    0.701724    13.543089  
[37m[36mINFO[0m[0m 07/18 15:24:11 | 0.797441    0.820513    0.000000    0.954770    0.174000    0.941320    0.797441    0.820513    0.979042    0.943949    4500        107.784431  2.960725    0.005761    0.605434    0.006359    -8.233779   0.500000    10.526544   6.912639    21.000000   0.006336    0.394661    0.990375    0.988021    0.005761    3.336381    0.000000    2.930453    0.030272    0.000001    1.000000    0.250000    5.483177    0.962918    1.000000    17.927543   45.622883   5.483177    0.305938    0.962918    0.329413    0.325514    0.000003    0.999892    3.224361    0.007625    0.042368    0.000000    0.000050    0.000500    0.000005    0.000500    0.000500    0.000005    0.000050    0.000050    0.000050    0.748153    12.868961  
[37m[36mINFO[0m[0m 07/18 15:25:38 | 0.841151    0.852564    0.000000    0.970620    0.117530    0.963325    0.841151    0.852564    0.988024    0.960510    4600        110.179641  2.961972    0.006763    0.606215    0.004269    -8.329248   0.500000    10.521403   6.889637    21.000000   0.004252    0.393880    0.990091    0.987721    0.006763    3.341360    0.000000    2.931661    0.030311    0.000000    1.000000    0.250000    5.381940    0.962766    1.000000    17.647667   45.613407   5.381940    0.305030    0.962766    0.324658    0.322355    0.000003    0.999855    2.887422    0.007768    0.044855    0.000000    0.000050    0.000500    0.000005    0.000500    0.000500    0.000005    0.000050    0.000050    0.000050    0.709586    13.204255  
[37m[36mINFO[0m[0m 07/18 15:27:09 | 0.817164    0.841880    0.000000    0.965961    0.123326    0.960880    0.817164    0.841880    0.979042    0.957962    4700        112.574850  2.941529    0.004252    0.604029    0.003654    -8.438514   0.500000    10.508570   6.872712    21.000000   0.003657    0.396066    0.990532    0.988119    0.004252    3.329001    0.000000    2.911327    0.030201    0.000000    1.000000    0.250000    5.480077    0.960205    1.000000    17.335472   45.627168   5.480077    0.316216    0.960205    0.327468    0.322334    0.000004    0.999820    2.494011    0.007004    0.031463    0.000000    0.000050    0.000500    0.000005    0.000500    0.000500    0.000005    0.000050    0.000050    0.000050    0.753509    13.406683  
[37m[36mINFO[0m[0m 07/18 15:28:36 | 0.809168    0.835470    0.000000    0.954712    0.154169    0.936430    0.809168    0.835470    0.985030    0.942675    4800        114.970060  2.932127    0.004342    0.605054    0.003457    -8.581735   0.500000    10.437600   6.850548    21.000000   0.003448    0.395040    0.990806    0.988680    0.004342    3.326618    0.000000    2.901874    0.030253    0.000000    1.000000    0.250000    5.568631    0.960232    1.000000    17.725238   45.627312   5.568631    0.314216    0.960232    0.336371    0.327944    0.000003    0.999867    1.996101    0.006758    0.023205    0.000000    0.000050    0.000500    0.000005    0.000500    0.000500    0.000005    0.000050    0.000050    0.000050    0.718708    13.269430  
[37m[36mINFO[0m[0m 07/18 15:30:05 | 0.766525    0.792735    0.000000    0.948709    0.190545    0.919315    0.766525    0.792735    0.979042    0.947771    4900        117.365269  2.932101    0.004861    0.605131    0.002884    -8.602695   0.500000    10.534764   6.813844    21.000000   0.002881    0.394963    0.991045    0.988745    0.004861    3.327117    0.000000    2.901844    0.030257    0.000000    1.000000    0.250000    5.541766    0.960711    1.000000    17.857648   45.622602   5.541766    0.310325    0.960711    0.337301    0.329357    0.000002    0.999895    2.960089    0.007360    0.034639    0.000000    0.000050    0.000500    0.000005    0.000500    0.000500    0.000005    0.000050    0.000050    0.000050    0.725529    13.488695  
[37m[36mINFO[0m[0m 07/18 15:31:33 | 0.809168    0.818376    0.000000    0.958099    0.173054    0.946210    0.809168    0.818376    0.979042    0.949045    5000        119.760479  2.933129    0.005028    0.606957    0.002455    -8.663036   0.500000    10.481858   6.835043    21.000000   0.002450    0.393137    0.990533    0.987973    0.005028    3.330905    0.000000    2.902781    0.030348    0.000000    1.000000    0.250000    5.584202    0.959331    1.000000    17.688653   45.628302   5.584202    0.315779    0.959331    0.337692    0.329332    0.000002    0.999907    3.708213    0.008092    0.046310    0.000000    0.000050    0.000500    0.000005    0.000500    0.000500    0.000005    0.000050    0.000050    0.000050    0.726321    13.338765  
[37m[36mINFO[0m[0m 07/18 15:31:33 | ---
[37m[33mWARNING[0m[0m 07/18 15:31:34 | Evaluate SWAD ...
[37m[36mINFO[0m[0m 07/18 15:31:48 | 0.837420    0.856838    0.000000    0.974487    0.277083    0.970660    0.837420    0.856838    0.991018    0.961783    [101-4700]  (N=47)
[37m[36mINFO[0m[0m 07/18 15:31:48 | oracle = 85.075%
[37m[36mINFO[0m[0m 07/18 15:31:48 | iid = 82.303%
[37m[36mINFO[0m[0m 07/18 15:31:48 | last = 80.917%
[37m[36mINFO[0m[0m 07/18 15:31:48 | last (inD) = 95.810%
[37m[36mINFO[0m[0m 07/18 15:31:48 | iid (inD) = 97.534%
[37m[36mINFO[0m[0m 07/18 15:31:48 | SWAD = 83.742%
[37m[36mINFO[0m[0m 07/18 15:31:48 | SWAD (inD) = 97.449%
[37m[36mINFO[0m[0m 07/18 15:31:49 | 
[37m[36mINFO[0m[0m 07/18 15:31:54 | Testenv name escaping te_photo -> te_photo
[37m[36mINFO[0m[0m 07/18 15:31:54 | Test envs = [2], name = te_photo
[37m[36mINFO[0m[0m 07/18 15:31:54 | Batch sizes for each domain: [32, 32, 0, 32] (total=96)
[37m[36mINFO[0m[0m 07/18 15:31:54 | steps-per-epoch for each domain: 51.22, 58.62, 98.25 -> min = 51.22
[37m[36mINFO[0m[0m 07/18 15:31:57 | # of params = 53365703
[37m[36mINFO[0m[0m 07/18 15:32:12 | test_in     test_out    train_in    train_out   tr_outloss  env0_out    env1_out    env2_in     env2_out    env3_out    step        epoch       loss        loss_cls    loss_isr    loss_orth   loss_gt     piccl_alph  paired_res  domain_res  valid_doma  basis_orth  response_c  raw_interv  mediator_i  ce_loss     sup_cl_los  pre_cl_los  dccl_total  weighted_l  weighted_l  piccl_feat  residual_s  residual_d  fused_orig  piccl_exec  original_f  piccl_feat  feature_de  feature_de  original_f  gate_mean   gate_std    gate_min    gate_max    backbone_g  piccl_grad  classifier  has_nan_or  param_grou  param_grou  param_grou  param_grou  param_grou  param_grou  param_grou  param_grou  param_grou  step_time   eval_time  
[37m[36mINFO[0m[0m 07/18 15:32:12 | 0.337575    0.329341    0.000000    0.244423    1.912220    0.266504    0.282051    0.337575    0.329341    0.184713    0           0.000000    6.958673    1.999541    0.000000    0.113297    -5.756462   0.000000    0.000000    0.000000    19.000000   0.102994    0.000000    0.898758    0.898758    1.999541    5.246944    0.000000    6.958662    0.000000    0.000011    0.000000    0.250000    0.000000    1.000000    1.000000    24.871250   45.253338   0.000000    0.000000    1.000000    0.075858    0.000000    0.075858    0.075858    7.841704    0.000150    2.751087    0.000000    0.000050    0.000500    0.000005    0.000500    0.000500    0.000005    0.000050    0.000050    0.000050    0.764184    14.218137  
[37m[36mINFO[0m[0m 07/18 15:33:36 | 0.980539    0.973054    0.000000    0.944094    0.173593    0.953545    0.961538    0.980539    0.973054    0.917197    100         1.952410    4.299827    0.404403    0.975465    0.067234    -2.325842   0.000000    11.497821   3.036212    21.000000   0.066739    0.025065    0.961276    0.959583    0.404403    3.962936    0.000000    4.251047    0.048773    0.000007    1.000000    0.250000    0.794300    0.999594    1.000000    28.742979   45.276616   0.794300    0.028751    0.999594    0.089181    0.028983    0.031002    0.367065    13.259513   0.024632    1.716981    0.000000    0.000050    0.000500    0.000005    0.000500    0.000500    0.000005    0.000050    0.000050    0.000050    0.677109    14.020977  
[37m[36mINFO[0m[0m 07/18 15:35:00 | 0.979042    0.961078    0.000000    0.958880    0.128067    0.960880    0.974359    0.979042    0.961078    0.941401    200         3.904820    3.627855    0.127279    0.897868    0.078360    -3.049841   0.000000    11.181479   5.094136    21.000000   0.079209    0.102988    0.971254    0.969467    0.127279    3.608167    0.000000    3.582954    0.044893    0.000008    1.000000    0.250000    1.370047    0.998537    1.000000    22.815526   45.313543   1.370047    0.060441    0.998537    0.112877    0.066641    0.016545    0.794859    13.393428   0.023983    0.658392    0.000000    0.000050    0.000500    0.000005    0.000500    0.000500    0.000005    0.000050    0.000050    0.000050    0.688496    12.355607  
[37m[36mINFO[0m[0m 07/18 15:36:24 | 0.982036    0.985030    0.000000    0.953209    0.135922    0.941320    0.974359    0.982036    0.985030    0.943949    300         5.857230    3.469192    0.083343    0.828584    0.221363    -3.424759   0.000000    11.023455   6.058097    21.000000   0.222987    0.172031    0.975199    0.973326    0.083343    3.515636    0.000000    3.427741    0.041429    0.000022    1.000000    0.250000    1.899944    0.996950    1.000000    21.225725   45.339897   1.899944    0.089601    0.996950    0.136795    0.101434    0.010655    0.923887    11.969027   0.021926    0.464359    0.000000    0.000050    0.000500    0.000005    0.000500    0.000500    0.000005    0.000050    0.000050    0.000050    0.693770    11.751418  
[37m[36mINFO[0m[0m 07/18 15:37:48 | 0.974551    0.958084    0.000000    0.952175    0.153275    0.953545    0.967949    0.974551    0.958084    0.935032    400         7.809640    3.341169    0.043996    0.778304    0.373664    -3.659158   0.000000    10.941062   6.445290    21.000000   0.375129    0.222173    0.977970    0.976102    0.043996    3.441178    0.000000    3.302216    0.038915    0.000037    1.000000    0.250000    2.404176    0.994892    1.000000    20.337283   45.366484   2.404176    0.118343    0.994892    0.161260    0.132096    0.006885    0.962529    9.801448    0.017596    0.277136    0.000000    0.000050    0.000500    0.000005    0.000500    0.000500    0.000005    0.000050    0.000050    0.000050    0.700276    12.042293  
[37m[36mINFO[0m[0m 07/18 15:39:13 | 0.970060    0.961078    0.000000    0.948189    0.148778    0.943765    0.959402    0.970060    0.961078    0.941401    500         9.762050    3.347434    0.051337    0.743174    0.510733    -3.884378   0.000000    10.925396   6.614119    21.000000   0.511902    0.257146    0.979245    0.977040    0.051337    3.453106    0.000000    3.310224    0.037159    0.000051    1.000000    0.250000    2.746547    0.992891    1.000000    19.537745   45.384120   2.746547    0.140636    0.992891    0.183283    0.157461    0.005035    0.978941    11.557115   0.019329    0.311614    0.000000    0.000050    0.000500    0.000005    0.000500    0.000500    0.000005    0.000050    0.000050    0.000050    0.698245    13.087674  
[37m[36mINFO[0m[0m 07/18 15:40:41 | 0.981287    0.952096    0.000000    0.952484    0.138796    0.951100    0.963675    0.981287    0.952096    0.942675    600         11.714460   3.323963    0.048871    0.722211    0.598050    -4.078565   0.025250    10.902126   6.697946    21.000000   0.598635    0.278045    0.979959    0.977482    0.048871    3.442850    0.000000    3.287793    0.036111    0.000060    1.000000    0.250000    3.012550    0.990924    1.000000    18.983460   45.397848   3.012550    0.158762    0.990924    0.201101    0.176590    0.003862    0.983860    11.003172   0.018652    0.289981    0.000000    0.000050    0.000500    0.000005    0.000500    0.000500    0.000005    0.000050    0.000050    0.000050    0.737941    11.971185  
[37m[36mINFO[0m[0m 07/18 15:42:10 | 0.973802    0.958084    0.000000    0.953449    0.142781    0.953545    0.967949    0.973802    0.958084    0.938854    700         13.666870   3.258415    0.030637    0.700927    0.630257    -4.237067   0.075250    10.955718   6.735729    21.000000   0.630330    0.299320    0.981946    0.979666    0.030637    3.404522    0.000000    3.223305    0.035046    0.000063    1.000000    0.250000    3.270705    0.989171    1.000000    18.791833   45.410794   3.270705    0.174158    0.989171    0.216665    0.193604    0.002932    0.990277    8.581846    0.015298    0.218043    0.000000    0.000050    0.000500    0.000005    0.000500    0.000500    0.000005    0.000050    0.000050    0.000050    0.739062    12.702857  
[37m[36mINFO[0m[0m 07/18 15:43:40 | 0.973054    0.964072    0.000000    0.955353    0.142819    0.948655    0.965812    0.973054    0.964072    0.951592    800         15.619280   3.221276    0.020781    0.686155    0.618508    -4.435409   0.125250    10.863741   6.741487    21.000000   0.618204    0.314076    0.982190    0.979597    0.020781    3.387896    0.000000    3.186907    0.034308    0.000062    1.000000    0.250000    3.500350    0.986921    1.000000    18.318971   45.423007   3.500350    0.191138    0.986921    0.233465    0.207947    0.002336    0.991605    6.989257    0.012746    0.161429    0.000000    0.000050    0.000500    0.000005    0.000500    0.000500    0.000005    0.000050    0.000050    0.000050    0.746777    12.627614  
[37m[36mINFO[0m[0m 07/18 15:45:11 | 0.975299    0.976048    0.000000    0.952449    0.151032    0.943765    0.965812    0.975299    0.976048    0.947771    900         17.571690   3.199898    0.017010    0.672427    0.569744    -4.600653   0.175250    10.809505   6.758416    21.000000   0.569125    0.327792    0.983348    0.980628    0.017010    3.379242    0.000000    3.166219    0.033621    0.000057    1.000000    0.250000    3.702171    0.985066    1.000000    18.307891   45.430394   3.702171    0.202261    0.985066    0.251512    0.223676    0.001695    0.994061    6.421830    0.011421    0.129505    0.000000    0.000050    0.000500    0.000005    0.000500    0.000500    0.000005    0.000050    0.000050    0.000050    0.757663    12.331282  
[37m[36mINFO[0m[0m 07/18 15:46:42 | 0.978293    0.982036    0.000000    0.957538    0.136472    0.946210    0.978632    0.978293    0.982036    0.947771    1000        19.524100   3.219664    0.028692    0.658348    0.502122    -4.717818   0.225250    10.822210   6.735611    21.000000   0.501385    0.341859    0.983613    0.980379    0.028692    3.393895    0.000000    3.186696    0.032917    0.000050    1.000000    0.250000    3.780151    0.983798    1.000000    18.112853   45.433434   3.780151    0.208744    0.983798    0.261877    0.233554    0.001255    0.995717    8.187343    0.013991    0.178192    0.000000    0.000050    0.000500    0.000005    0.000500    0.000500    0.000005    0.000050    0.000050    0.000050    0.761675    12.858310  
[37m[36mINFO[0m[0m 07/18 15:48:14 | 0.980539    0.970060    0.000000    0.957613    0.131287    0.958435    0.961538    0.980539    0.970060    0.952866    1100        21.476510   3.163600    0.008904    0.646107    0.424204    -4.865622   0.275250    10.822057   6.728768    21.000000   0.423444    0.354084    0.984352    0.981456    0.008904    3.365630    0.000000    3.131253    0.032305    0.000042    1.000000    0.250000    4.014796    0.981733    1.000000    17.999962   45.451399   4.014796    0.223158    0.981733    0.273562    0.244005    0.001096    0.996560    5.008970    0.009214    0.076872    0.000000    0.000050    0.000500    0.000005    0.000500    0.000500    0.000005    0.000050    0.000050    0.000050    0.767661    13.065070  
[37m[36mINFO[0m[0m 07/18 15:49:47 | 0.977545    0.955090    0.000000    0.963688    0.116104    0.960880    0.972222    0.977545    0.955090    0.957962    1200        23.428920   3.182472    0.018239    0.637677    0.355440    -4.986264   0.325250    10.829479   6.730784    21.000000   0.354771    0.362504    0.984471    0.980968    0.018239    3.381626    0.000000    3.150552    0.031884    0.000036    1.000000    0.250000    4.083703    0.980748    1.000000    18.102851   45.448767   4.083703    0.225654    0.980748    0.287003    0.254687    0.000910    0.996859    7.673926    0.011847    0.137392    0.000000    0.000050    0.000500    0.000005    0.000500    0.000500    0.000005    0.000050    0.000050    0.000050    0.764439    13.290613  
[37m[36mINFO[0m[0m 07/18 15:51:18 | 0.967814    0.961078    0.000000    0.961038    0.133605    0.958435    0.974359    0.967814    0.961078    0.950318    1300        25.381330   3.159455    0.013477    0.628322    0.290536    -5.125970   0.375250    10.830128   6.729058    21.000000   0.289925    0.371845    0.985670    0.982232    0.013477    3.370831    0.000000    3.128009    0.031416    0.000029    1.000000    0.250000    4.207170    0.979429    1.000000    18.244356   45.451608   4.207170    0.230710    0.979429    0.299808    0.264976    0.000639    0.997926    5.780783    0.010292    0.113126    0.000000    0.000050    0.000500    0.000005    0.000500    0.000500    0.000005    0.000050    0.000050    0.000050    0.770018    12.440199  
[37m[36mINFO[0m[0m 07/18 15:52:49 | 0.976796    0.961078    0.000000    0.957880    0.156741    0.951100    0.972222    0.976796    0.961078    0.950318    1400        27.333740   3.190417    0.025368    0.622843    0.234038    -5.224258   0.425250    10.829642   6.704770    21.000000   0.233563    0.377315    0.985204    0.981214    0.025368    3.395097    0.000000    3.159252    0.031142    0.000023    1.000000    0.250000    4.275222    0.978406    1.000000    18.211554   45.459629   4.275222    0.234834    0.978406    0.305425    0.270461    0.000482    0.998197    8.019420    0.013545    0.165464    0.000000    0.000050    0.000500    0.000005    0.000500    0.000500    0.000005    0.000050    0.000050    0.000050    0.762346    12.037225  
[37m[36mINFO[0m[0m 07/18 15:54:20 | 0.972305    0.946108    0.000000    0.958880    0.130317    0.951100    0.976496    0.972305    0.946108    0.949045    1500        29.286150   3.149238    0.013210    0.613462    0.195722    -5.349188   0.475250    10.840202   6.734892    21.000000   0.195417    0.386687    0.986550    0.983113    0.013210    3.372794    0.000000    3.118545    0.030673    0.000020    1.000000    0.250000    4.362077    0.976997    1.000000    17.861225   45.470879   4.362077    0.244369    0.976997    0.303891    0.271281    0.000458    0.998075    5.737269    0.010735    0.105936    0.000000    0.000050    0.000500    0.000005    0.000500    0.000500    0.000005    0.000050    0.000050    0.000050    0.759225    12.651232  
[37m[36mINFO[0m[0m 07/18 15:55:48 | 0.970060    0.964072    0.000000    0.960175    0.126995    0.958435    0.967949    0.970060    0.964072    0.954140    1600        31.238560   3.154911    0.016785    0.610498    0.167496    -5.459085   0.500000    10.875784   6.747123    21.000000   0.167210    0.389640    0.986399    0.982643    0.016785    3.380538    0.000000    3.124369    0.030525    0.000017    1.000000    0.250000    4.403904    0.976278    1.000000    17.939352   45.470845   4.403904    0.245742    0.976278    0.310533    0.277137    0.000418    0.998669    7.091582    0.011813    0.132439    0.000000    0.000050    0.000500    0.000005    0.000500    0.000500    0.000005    0.000050    0.000050    0.000050    0.728639    12.688607  
[37m[36mINFO[0m[0m 07/18 15:57:19 | 0.981287    0.961078    0.000000    0.961818    0.124740    0.963325    0.974359    0.981287    0.961078    0.947771    1700        33.190970   3.116742    0.007921    0.606979    0.136767    -5.607499   0.500000    10.776089   6.706873    21.000000   0.136475    0.393151    0.987061    0.983616    0.007921    3.358833    0.000000    3.086379    0.030349    0.000014    1.000000    0.250000    4.510962    0.974642    1.000000    17.691958   45.475833   4.510962    0.255065    0.974642    0.316359    0.280111    0.000410    0.998442    3.959875    0.008308    0.056981    0.000000    0.000050    0.000500    0.000005    0.000500    0.000500    0.000005    0.000050    0.000050    0.000050    0.761875    12.485018  
[37m[36mINFO[0m[0m 07/18 15:58:46 | 0.971557    0.958084    0.000000    0.967571    0.120981    0.958435    0.985043    0.971557    0.958084    0.959236    1800        35.143380   3.118994    0.013771    0.604117    0.112682    -5.730757   0.500000    10.792672   6.691443    21.000000   0.112474    0.396006    0.987302    0.983795    0.013771    3.361544    0.000000    3.088777    0.030206    0.000011    1.000000    0.250000    4.571424    0.973885    1.000000    17.773621   45.476639   4.571424    0.257308    0.973885    0.321852    0.285180    0.000313    0.998944    5.139958    0.009944    0.096930    0.000000    0.000050    0.000500    0.000005    0.000500    0.000500    0.000005    0.000050    0.000050    0.000050    0.719762    12.782216  
[37m[36mINFO[0m[0m 07/18 16:00:13 | 0.949850    0.934132    0.000000    0.951833    0.195650    0.938875    0.976496    0.949850    0.934132    0.940127    1900        37.095790   3.127086    0.013796    0.600311    0.094445    -5.830160   0.500000    10.818821   6.701571    21.000000   0.094277    0.399806    0.987320    0.983555    0.013796    3.374773    0.000000    3.097061    0.030016    0.000009    1.000000    0.250000    4.711490    0.972416    1.000000    17.913455   45.487166   4.711490    0.263141    0.972416    0.329993    0.292247    0.000214    0.999033    6.341561    0.010672    0.101311    0.000000    0.000050    0.000500    0.000005    0.000500    0.000500    0.000005    0.000050    0.000050    0.000050    0.721502    12.489265  
[37m[36mINFO[0m[0m 07/18 16:01:45 | 0.975299    0.961078    0.000000    0.961853    0.139298    0.951100    0.976496    0.975299    0.961078    0.957962    2000        39.048200   3.111187    0.008622    0.597780    0.080210    -5.902102   0.500000    10.825096   6.687141    21.000000   0.080118    0.402335    0.987951    0.984261    0.008622    3.367773    0.000000    3.081290    0.029889    0.000008    1.000000    0.250000    4.852493    0.971603    1.000000    18.237583   45.501932   4.852493    0.266353    0.971603    0.337134    0.301134    0.000145    0.999419    4.904349    0.008886    0.074805    0.000000    0.000050    0.000500    0.000005    0.000500    0.000500    0.000005    0.000050    0.000050    0.000050    0.759805    13.829895  
[37m[36mINFO[0m[0m 07/18 16:03:17 | 0.977545    0.964072    0.000000    0.966825    0.133039    0.960880    0.982906    0.977545    0.964072    0.956688    2100        41.000610   3.075032    0.003272    0.595935    0.072457    -6.068962   0.500000    10.808962   6.678568    21.000000   0.072354    0.404176    0.988972    0.985823    0.003272    3.345403    0.000000    3.045228    0.029797    0.000007    1.000000    0.250000    4.955546    0.969121    1.000000    17.662874   45.511025   4.955546    0.280596    0.969121    0.338794    0.299961    0.000177    0.999143    2.751204    0.006741    0.030506    0.000000    0.000050    0.000500    0.000005    0.000500    0.000500    0.000005    0.000050    0.000050    0.000050    0.762508    12.972590  
[37m[36mINFO[0m[0m 07/18 16:04:44 | 0.960329    0.940120    0.000000    0.950751    0.188462    0.933985    0.967949    0.960329    0.940120    0.950318    2200        42.953020   3.077289    0.006739    0.596446    0.062418    -6.189495   0.500000    10.755576   6.678650    21.000000   0.062309    0.403662    0.988587    0.985046    0.006739    3.350196    0.000000    3.047461    0.029822    0.000006    1.000000    0.250000    4.997245    0.967907    1.000000    17.599579   45.507051   4.997245    0.283990    0.967907    0.346137    0.303056    0.000168    0.999130    4.131764    0.008086    0.055221    0.000000    0.000050    0.000500    0.000005    0.000500    0.000500    0.000005    0.000050    0.000050    0.000050    0.721903    13.084777  
[37m[36mINFO[0m[0m 07/18 16:06:11 | 0.977545    0.949102    0.000000    0.960017    0.135341    0.941320    0.980769    0.977545    0.949102    0.957962    2300        44.905430   3.107145    0.016577    0.595922    0.049922    -6.232768   0.500000    10.787624   6.671478    21.000000   0.049819    0.404183    0.988147    0.984201    0.016577    3.372406    0.000000    3.077344    0.029796    0.000005    1.000000    0.250000    4.920853    0.969260    1.000000    17.872613   45.501057   4.920853    0.275615    0.969260    0.344619    0.305982    0.000116    0.999354    6.913521    0.011427    0.118590    0.000000    0.000050    0.000500    0.000005    0.000500    0.000500    0.000005    0.000050    0.000050    0.000050    0.711810    13.407092  
[37m[36mINFO[0m[0m 07/18 16:07:36 | 0.973054    0.952096    0.000000    0.954435    0.156478    0.943765    0.967949    0.973054    0.952096    0.951592    2400        46.857840   3.050561    0.003026    0.591586    0.043547    -6.383843   0.500000    10.736832   6.675324    21.000000   0.043489    0.408519    0.989092    0.985946    0.003026    3.337143    0.000000    3.020977    0.029579    0.000004    1.000000    0.250000    5.100647    0.966570    1.000000    17.490039   45.523098   5.100647    0.291717    0.966570    0.347259    0.306514    0.000135    0.999318    2.626278    0.006894    0.030278    0.000000    0.000050    0.000500    0.000005    0.000500    0.000500    0.000005    0.000050    0.000050    0.000050    0.699645    12.073172  
[37m[36mINFO[0m[0m 07/18 16:09:04 | 0.965569    0.955090    0.000000    0.953552    0.168399    0.946210    0.967949    0.965569    0.955090    0.946497    2500        48.810250   3.079582    0.011646    0.593027    0.036514    -6.484297   0.500000    10.722737   6.677651    21.000000   0.036457    0.407076    0.989031    0.985354    0.011646    3.362496    0.000000    3.049927    0.029651    0.000004    1.000000    0.250000    5.096752    0.966670    1.000000    17.803713   45.514084   5.096752    0.286406    0.966670    0.354841    0.312208    0.000090    0.999588    4.964930    0.009771    0.087519    0.000000    0.000050    0.000500    0.000005    0.000500    0.000500    0.000005    0.000050    0.000050    0.000050    0.722300    13.225312  
[37m[36mINFO[0m[0m 07/18 16:10:27 | 0.958832    0.958084    0.000000    0.954312    0.145572    0.943765    0.976496    0.958832    0.958084    0.942675    2600        50.762660   3.090890    0.016993    0.591568    0.032684    -6.560161   0.500000    10.822910   6.658780    21.000000   0.032649    0.408536    0.988737    0.984889    0.016993    3.372323    0.000000    3.061308    0.029578    0.000003    1.000000    0.250000    5.105628    0.966978    1.000000    17.906036   45.523999   5.105628    0.285179    0.966978    0.353046    0.313177    0.000079    0.999592    6.869204    0.011951    0.115696    0.000000    0.000050    0.000500    0.000005    0.000500    0.000500    0.000005    0.000050    0.000050    0.000050    0.678217    13.484991  
[37m[36mINFO[0m[0m 07/18 16:11:53 | 0.973054    0.961078    0.000000    0.963633    0.122192    0.965770    0.978632    0.973054    0.961078    0.946497    2700        52.715070   3.083166    0.015762    0.589242    0.029056    -6.620926   0.500000    10.855020   6.662819    21.000000   0.029022    0.410861    0.989161    0.985564    0.015762    3.368986    0.000000    3.053701    0.029462    0.000003    1.000000    0.250000    5.054618    0.967462    1.000000    17.785624   45.524130   5.054618    0.284382    0.967462    0.346084    0.312202    0.000056    0.999641    6.184079    0.010937    0.104523    0.000000    0.000050    0.000500    0.000005    0.000500    0.000500    0.000005    0.000050    0.000050    0.000050    0.694276    13.018296  
[37m[36mINFO[0m[0m 07/18 16:13:17 | 0.967066    0.946108    0.000000    0.955216    0.170516    0.948655    0.967949    0.967066    0.946108    0.949045    2800        54.667480   3.060042    0.009697    0.589302    0.025166    -6.734569   0.500000    10.839106   6.668765    21.000000   0.025130    0.410800    0.989468    0.986098    0.009697    3.357606    0.000000    3.030575    0.029465    0.000003    1.000000    0.250000    5.162429    0.966279    1.000000    17.666432   45.541026   5.162429    0.292396    0.966279    0.347852    0.313256    0.000065    0.999611    5.217700    0.009250    0.075359    0.000000    0.000050    0.000500    0.000005    0.000500    0.000500    0.000005    0.000050    0.000050    0.000050    0.687283    13.485989  
[37m[36mINFO[0m[0m 07/18 16:14:41 | 0.979042    0.976048    0.000000    0.965147    0.115983    0.968215    0.974359    0.979042    0.976048    0.952866    2900        56.619890   3.040779    0.005411    0.589723    0.022149    -6.849751   0.500000    10.758037   6.672721    21.000000   0.022117    0.410376    0.989946    0.986965    0.005411    3.348367    0.000000    3.011290    0.029486    0.000002    1.000000    0.250000    5.256864    0.964720    1.000000    17.598846   45.540988   5.256864    0.298767    0.964720    0.352781    0.315610    0.000069    0.999545    3.225260    0.007312    0.043160    0.000000    0.000050    0.000500    0.000005    0.000500    0.000500    0.000005    0.000050    0.000050    0.000050    0.682303    13.679508  
[37m[36mINFO[0m[0m 07/18 16:16:05 | 0.963323    0.958084    0.000000    0.959476    0.138620    0.958435    0.972222    0.963323    0.958084    0.947771    3000        58.572300   3.044334    0.009563    0.589006    0.018956    -6.955547   0.500000    10.777770   6.642419    21.000000   0.018925    0.411093    0.989760    0.986276    0.009563    3.353097    0.000000    3.014882    0.029450    0.000002    1.000000    0.250000    5.326152    0.963141    1.000000    17.595256   45.543430   5.326152    0.302978    0.963141    0.359153    0.318929    0.000065    0.999662    5.035071    0.009068    0.071492    0.000000    0.000050    0.000500    0.000005    0.000500    0.000500    0.000005    0.000050    0.000050    0.000050    0.675050    14.281506  
[37m[36mINFO[0m[0m 07/18 16:17:32 | 0.970060    0.958084    0.000000    0.965674    0.127411    0.960880    0.974359    0.970060    0.958084    0.961783    3100        60.524710   3.096197    0.024724    0.587020    0.015977    -6.939629   0.500000    10.903628   6.618988    21.000000   0.015952    0.413081    0.989246    0.985094    0.024724    3.389101    0.000000    3.066844    0.029351    0.000002    1.000000    0.250000    5.131826    0.965614    1.000000    17.775175   45.523298   5.131826    0.288878    0.965614    0.349265    0.318595    0.000044    0.999768    9.014319    0.013637    0.148076    0.000000    0.000050    0.000500    0.000005    0.000500    0.000500    0.000005    0.000050    0.000050    0.000050    0.702930    13.936685  
[37m[36mINFO[0m[0m 07/18 16:18:56 | 0.963323    0.925150    0.000000    0.950189    0.189097    0.943765    0.967949    0.963323    0.925150    0.938854    3200        62.477120   3.041117    0.008610    0.584703    0.013485    -7.090080   0.500000    10.820899   6.617196    21.000000   0.013460    0.415398    0.990289    0.987149    0.008610    3.357775    0.000000    3.011881    0.029235    0.000001    1.000000    0.250000    5.242096    0.964301    1.000000    17.523607   45.542561   5.242096    0.299307    0.964301    0.347745    0.318867    0.000048    0.999748    4.454893    0.008666    0.058915    0.000000    0.000050    0.000500    0.000005    0.000500    0.000500    0.000005    0.000050    0.000050    0.000050    0.688146    12.725460  
[37m[36mINFO[0m[0m 07/18 16:20:22 | 0.964820    0.961078    0.000000    0.943368    0.193952    0.914425    0.961538    0.964820    0.961078    0.954140    3300        64.429530   3.079192    0.024946    0.585929    0.011220    -7.144576   0.500000    10.878139   6.637900    21.000000   0.011197    0.414171    0.989150    0.985158    0.024946    3.382178    0.000000    3.049895    0.029296    0.000001    1.000000    0.250000    5.119542    0.964529    1.000000    17.259025   45.532725   5.119542    0.297002    0.964529    0.339682    0.316018    0.000033    0.999864    7.447291    0.012972    0.144171    0.000000    0.000050    0.000500    0.000005    0.000500    0.000500    0.000005    0.000050    0.000050    0.000050    0.700693    12.891084  
[37m[36mINFO[0m[0m 07/18 16:21:47 | 0.975299    0.955090    0.000000    0.964709    0.124819    0.968215    0.967949    0.975299    0.955090    0.957962    3400        66.381940   3.025950    0.007471    0.586918    0.008628    -7.261792   0.500000    10.844297   6.648338    21.000000   0.008610    0.413180    0.990399    0.987682    0.007471    3.352222    0.000000    2.996603    0.029346    0.000001    1.000000    0.250000    5.263654    0.963932    1.000000    17.362129   45.548257   5.263654    0.303286    0.963932    0.341943    0.319367    0.000040    0.999808    3.702633    0.008139    0.055054    0.000000    0.000050    0.000500    0.000005    0.000500    0.000500    0.000005    0.000050    0.000050    0.000050    0.697458    12.917510  
[37m[36mINFO[0m[0m 07/18 16:23:13 | 0.960329    0.952096    0.000000    0.962003    0.145948    0.951100    0.980769    0.960329    0.952096    0.954140    3500        68.334350   3.009206    0.004550    0.586063    0.007518    -7.395102   0.500000    10.802856   6.615970    21.000000   0.007505    0.414034    0.990485    0.987764    0.004550    3.345107    0.000000    2.979902    0.029303    0.000001    1.000000    0.250000    5.439309    0.960946    1.000000    17.146352   45.567952   5.439309    0.317313    0.960946    0.347609    0.321344    0.000040    0.999773    2.780024    0.007229    0.037505    0.000000    0.000050    0.000500    0.000005    0.000500    0.000500    0.000005    0.000050    0.000050    0.000050    0.708392    13.069318  
[37m[36mINFO[0m[0m 07/18 16:24:21 | 0.949102    0.931138    0.000000    0.953805    0.172817    0.948655    0.970085    0.949102    0.931138    0.942675    3600        70.286760   3.002695    0.004758    0.585994    0.006406    -7.511208   0.500000    10.806142   6.621062    21.000000   0.006399    0.414104    0.990655    0.987887    0.004758    3.344196    0.000000    2.973394    0.029300    0.000001    1.000000    0.250000    5.466049    0.960884    1.000000    17.311462   45.568515   5.466049    0.315808    0.960884    0.352591    0.323995    0.000035    0.999829    2.807157    0.007139    0.040912    0.000000    0.000050    0.000500    0.000005    0.000500    0.000500    0.000005    0.000050    0.000050    0.000050    0.530341    12.948642  
[37m[36mINFO[0m[0m 07/18 16:25:44 | 0.947605    0.943114    0.000000    0.936040    0.232405    0.909535    0.944444    0.947605    0.943114    0.954140    3700        72.239170   3.029329    0.012897    0.587043    0.005424    -7.544648   0.500000    10.792170   6.624635    21.000000   0.005410    0.413055    0.990212    0.987017    0.012897    3.364312    0.000000    2.999976    0.029352    0.000001    1.000000    0.250000    5.452375    0.962284    1.000000    17.763494   45.561904   5.452375    0.307000    0.962284    0.356962    0.329036    0.000026    0.999864    5.827648    0.010730    0.102995    0.000000    0.000050    0.000500    0.000005    0.000500    0.000500    0.000005    0.000050    0.000050    0.000050    0.672741    13.031812  
[37m[36mINFO[0m[0m 07/18 16:27:07 | 0.923653    0.871257    0.000000    0.907488    0.363734    0.872861    0.920940    0.923653    0.871257    0.928662    3800        74.191580   3.035849    0.015199    0.586823    0.004443    -7.606117   0.500000    10.836702   6.640193    21.000000   0.004436    0.413276    0.989505    0.986001    0.015199    3.371614    0.000000    3.006507    0.029341    0.000000    1.000000    0.250000    5.358434    0.961878    1.000000    17.284746   45.561196   5.358434    0.310119    0.961878    0.346260    0.324325    0.000028    0.999865    6.154003    0.010970    0.095704    0.000000    0.000050    0.000500    0.000005    0.000500    0.000500    0.000005    0.000050    0.000050    0.000050    0.674553    13.487740  
[37m[36mINFO[0m[0m 07/18 16:28:32 | 0.936377    0.943114    0.000000    0.937595    0.224844    0.902200    0.961538    0.936377    0.943114    0.949045    3900        76.143990   3.072436    0.032592    0.584904    0.003777    -7.591601   0.500000    10.849701   6.644192    21.000000   0.003770    0.415196    0.989126    0.985057    0.032592    3.390179    0.000000    3.043191    0.029245    0.000000    1.000000    0.250000    5.065677    0.962517    1.000000    16.566094   45.535933   5.065677    0.305983    0.962517    0.327937    0.313648    0.000022    0.999839    8.381855    0.014197    0.149111    0.000000    0.000050    0.000500    0.000005    0.000500    0.000500    0.000005    0.000050    0.000050    0.000050    0.688840    13.685735  
[37m[36mINFO[0m[0m 07/18 16:29:54 | 0.957335    0.955090    0.000000    0.959490    0.128985    0.938875    0.982906    0.957335    0.955090    0.956688    4000        78.096400   3.019548    0.011422    0.583856    0.003125    -7.708353   0.500000    10.859102   6.672100    21.000000   0.003119    0.416242    0.990268    0.987331    0.011422    3.364351    0.000000    2.990355    0.029193    0.000000    1.000000    0.250000    5.332549    0.962942    1.000000    17.331259   45.567588   5.332549    0.307979    0.962942    0.336440    0.322664    0.000019    0.999926    5.434604    0.009517    0.074331    0.000000    0.000050    0.000500    0.000005    0.000500    0.000500    0.000005    0.000050    0.000050    0.000050    0.663746    13.619215  
[37m[36mINFO[0m[0m 07/18 16:31:18 | 0.974551    0.958084    0.000000    0.957374    0.149102    0.936430    0.970085    0.974551    0.958084    0.965605    4100        80.048810   2.985217    0.004496    0.585827    0.002627    -7.838729   0.500000    10.857306   6.653690    21.000000   0.002622    0.414270    0.990563    0.987940    0.004496    3.343366    0.000000    2.955926    0.029291    0.000000    1.000000    0.250000    5.427893    0.961449    1.000000    17.168573   45.580346   5.427893    0.316245    0.961449    0.338200    0.323932    0.000019    0.999920    3.253241    0.007300    0.037164    0.000000    0.000050    0.000500    0.000005    0.000500    0.000500    0.000005    0.000050    0.000050    0.000050    0.678071    12.459158  
[37m[36mINFO[0m[0m 07/18 16:32:43 | 0.966317    0.958084    0.000000    0.961633    0.126590    0.946210    0.974359    0.966317    0.958084    0.964331    4200        82.001220   2.983744    0.005085    0.585796    0.002200    -7.968120   0.500000    10.835842   6.644232    21.000000   0.002196    0.414301    0.990760    0.988070    0.005085    3.347775    0.000000    2.954454    0.029290    0.000000    1.000000    0.250000    5.476272    0.960456    1.000000    17.217645   45.575161   5.476272    0.318123    0.960456    0.345769    0.326997    0.000017    0.999921    3.257059    0.007572    0.041040    0.000000    0.000050    0.000500    0.000005    0.000500    0.000500    0.000005    0.000050    0.000050    0.000050    0.700133    12.602060  
[37m[36mINFO[0m[0m 07/18 16:34:06 | 0.951347    0.946108    0.000000    0.953990    0.176642    0.926650    0.978632    0.951347    0.946108    0.956688    4300        83.953630   2.982710    0.008177    0.583682    0.001783    -8.051447   0.500000    10.811404   6.582270    21.000000   0.001779    0.416415    0.990710    0.987884    0.008177    3.347921    0.000000    2.953525    0.029184    0.000000    1.000000    0.250000    5.478512    0.959864    1.000000    17.136549   45.571863   5.478512    0.319772    0.959864    0.346824    0.327318    0.000017    0.999919    3.892454    0.008050    0.050511    0.000000    0.000050    0.000500    0.000005    0.000500    0.000500    0.000005    0.000050    0.000050    0.000050    0.681817    12.650006  
[37m[36mINFO[0m[0m 07/18 16:35:31 | 0.967066    0.943114    0.000000    0.949141    0.158122    0.926650    0.961538    0.967066    0.943114    0.959236    4400        85.906040   2.977051    0.008386    0.586393    0.001568    -8.122140   0.500000    10.797155   6.563056    21.000000   0.001567    0.413702    0.990678    0.987709    0.008386    3.345452    0.000000    2.947731    0.029320    0.000000    1.000000    0.250000    5.493353    0.959661    1.000000    17.147077   45.573433   5.493353    0.320504    0.959661    0.345706    0.327719    0.000015    0.999937    4.551000    0.008729    0.052864    0.000000    0.000050    0.000500    0.000005    0.000500    0.000500    0.000005    0.000050    0.000050    0.000050    0.692174    13.127575  
[37m[36mINFO[0m[0m 07/18 16:36:53 | 0.972305    0.961078    0.000000    0.954490    0.166596    0.948655    0.959402    0.972305    0.961078    0.955414    4500        87.858450   2.995005    0.012175    0.584371    0.001563    -8.110002   0.500000    10.853946   6.617100    21.000000   0.001563    0.415726    0.990656    0.987478    0.012175    3.359111    0.000000    2.965786    0.029219    0.000000    1.000000    0.250000    5.472277    0.959359    1.000000    17.095307   45.579918   5.472277    0.320214    0.959359    0.340845    0.327453    0.000009    0.999956    5.648576    0.009926    0.078215    0.000000    0.000050    0.000500    0.000005    0.000500    0.000500    0.000005    0.000050    0.000050    0.000050    0.671485    12.780855  
[37m[36mINFO[0m[0m 07/18 16:38:18 | 0.961826    0.946108    0.000000    0.950730    0.180061    0.946210    0.972222    0.961826    0.946108    0.933758    4600        89.810860   2.977934    0.008987    0.584571    0.001455    -8.241706   0.500000    10.857846   6.626236    21.000000   0.001453    0.415526    0.990538    0.987687    0.008987    3.351804    0.000000    2.948705    0.029229    0.000000    1.000000    0.250000    5.517728    0.959361    1.000000    17.187716   45.591005   5.517728    0.321426    0.959361    0.341640    0.328605    0.000010    0.999945    3.620140    0.008459    0.056353    0.000000    0.000050    0.000500    0.000005    0.000500    0.000500    0.000005    0.000050    0.000050    0.000050    0.694784    12.801386  
[37m[36mINFO[0m[0m 07/18 16:39:40 | 0.951347    0.928144    0.000000    0.953518    0.188426    0.938875    0.970085    0.951347    0.928144    0.951592    4700        91.763270   3.009688    0.020389    0.584122    0.001262    -8.289784   0.500000    10.857066   6.617153    21.000000   0.001260    0.415976    0.989953    0.986490    0.020389    3.374582    0.000000    2.980482    0.029206    0.000000    1.000000    0.250000    5.341429    0.959478    1.000000    16.623059   45.565902   5.341429    0.321408    0.959478    0.331506    0.321975    0.000014    0.999918    6.460438    0.012093    0.115463    0.000000    0.000050    0.000500    0.000005    0.000500    0.000500    0.000005    0.000050    0.000050    0.000050    0.670973    13.111228  
[37m[36mINFO[0m[0m 07/18 16:41:03 | 0.961826    0.949102    0.000000    0.952531    0.165434    0.929095    0.974359    0.961826    0.949102    0.954140    4800        93.715680   2.964102    0.005502    0.583615    0.001035    -8.384719   0.500000    10.851857   6.635831    21.000000   0.001033    0.416482    0.991016    0.988425    0.005502    3.348655    0.000000    2.934921    0.029181    0.000000    1.000000    0.250000    5.528167    0.959837    1.000000    17.115140   45.593279   5.528167    0.323220    0.959837    0.337522    0.328342    0.000010    0.999952    3.623737    0.007768    0.040844    0.000000    0.000050    0.000500    0.000005    0.000500    0.000500    0.000005    0.000050    0.000050    0.000050    0.674023    12.841358  
[37m[36mINFO[0m[0m 07/18 16:42:26 | 0.964072    0.937126    0.000000    0.966133    0.126496    0.958435    0.974359    0.964072    0.937126    0.965605    4900        95.668090   2.960264    0.008572    0.586156    0.000896    -8.494524   0.500000    10.846543   6.627039    21.000000   0.000895    0.413939    0.990803    0.987866    0.008572    3.347110    0.000000    2.930957    0.029308    0.000000    1.000000    0.250000    5.538524    0.958295    1.000000    16.937267   45.585872   5.538524    0.327126    0.958295    0.339515    0.328340    0.000010    0.999951    4.459601    0.009137    0.060035    0.000000    0.000050    0.000500    0.000005    0.000500    0.000500    0.000005    0.000050    0.000050    0.000050    0.675358    13.230681  
[37m[36mINFO[0m[0m 07/18 16:43:50 | 0.955838    0.946108    0.000000    0.960853    0.129123    0.951100    0.972222    0.955838    0.946108    0.959236    5000        97.620500   2.969720    0.010847    0.585393    0.000894    -8.534651   0.500000    10.799892   6.637720    21.000000   0.000895    0.414704    0.990736    0.987999    0.010847    3.356336    0.000000    2.940450    0.029270    0.000000    1.000000    0.250000    5.478082    0.958870    1.000000    16.959138   45.580475   5.478082    0.323064    0.958870    0.335696    0.326968    0.000007    0.999964    5.047459    0.009523    0.065520    0.000000    0.000050    0.000500    0.000005    0.000500    0.000500    0.000005    0.000050    0.000050    0.000050    0.680724    13.557029  
[37m[36mINFO[0m[0m 07/18 16:43:50 | ---
[37m[33mWARNING[0m[0m 07/18 16:43:50 | Evaluate SWAD ...
[37m[36mINFO[0m[0m 07/18 16:44:03 | 0.986527    0.979042    0.000000    0.974399    0.279733    0.975550    0.980769    0.986527    0.979042    0.966879    [101-5000]  (N=51)
[37m[36mINFO[0m[0m 07/18 16:44:03 | oracle = 98.204%
[37m[36mINFO[0m[0m 07/18 16:44:03 | iid = 97.156%
[37m[36mINFO[0m[0m 07/18 16:44:03 | last = 95.584%
[37m[36mINFO[0m[0m 07/18 16:44:03 | last (inD) = 96.085%
[37m[36mINFO[0m[0m 07/18 16:44:03 | iid (inD) = 96.757%
[37m[36mINFO[0m[0m 07/18 16:44:03 | SWAD = 98.653%
[37m[36mINFO[0m[0m 07/18 16:44:03 | SWAD (inD) = 97.440%
[37m[36mINFO[0m[0m 07/18 16:44:04 | 
[37m[36mINFO[0m[0m 07/18 16:44:08 | Testenv name escaping te_sketch -> te_sketch
[37m[36mINFO[0m[0m 07/18 16:44:08 | Test envs = [3], name = te_sketch
[37m[36mINFO[0m[0m 07/18 16:44:08 | Batch sizes for each domain: [32, 32, 32, 0] (total=96)
[37m[36mINFO[0m[0m 07/18 16:44:08 | steps-per-epoch for each domain: 51.22, 58.62, 41.75 -> min = 41.75
[37m[36mINFO[0m[0m 07/18 16:44:11 | # of params = 53365703
[37m[36mINFO[0m[0m 07/18 16:44:29 | test_in     test_out    train_in    train_out   tr_outloss  env0_out    env1_out    env2_out    env3_in     env3_out    step        epoch       loss        loss_cls    loss_isr    loss_orth   loss_gt     piccl_alph  paired_res  domain_res  valid_doma  basis_orth  response_c  raw_interv  mediator_i  ce_loss     sup_cl_los  pre_cl_los  dccl_total  weighted_l  weighted_l  piccl_feat  residual_s  residual_d  fused_orig  piccl_exec  original_f  piccl_feat  feature_de  feature_de  original_f  gate_mean   gate_std    gate_min    gate_max    backbone_g  piccl_grad  classifier  has_nan_or  param_grou  param_grou  param_grou  param_grou  param_grou  param_grou  param_grou  param_grou  param_grou  step_time   eval_time  
[37m[36mINFO[0m[0m 07/18 16:44:29 | 0.158397    0.150318    0.000000    0.307343    1.950497    0.273839    0.264957    0.383234    0.158397    0.150318    0           0.000000    6.817793    2.007428    0.000000    0.113467    -5.756462   0.000000    0.000000    0.000000    21.000000   0.103214    0.000000    0.902468    0.902468    2.007428    5.098177    0.000000    6.817782    0.000000    0.000011    0.000000    0.250000    0.000000    1.000000    1.000000    26.046446   45.253448   0.000000    0.000000    1.000000    0.075858    0.000000    0.075858    0.075858    7.377148    0.000150    5.372877    0.000000    0.000050    0.000500    0.000005    0.000500    0.000500    0.000005    0.000050    0.000050    0.000050    0.647314    16.448676  
[37m[36mINFO[0m[0m 07/18 16:45:55 | 0.625636    0.612739    0.000000    0.953687    0.156698    0.921760    0.957265    0.982036    0.625636    0.612739    100         2.395210    4.025317    0.296556    0.975256    0.066889    -2.540512   0.000000    11.813827   2.037785    21.000000   0.066376    0.025224    0.963127    0.961688    0.296556    3.807017    0.000000    3.976548    0.048763    0.000007    1.000000    0.250000    0.756597    0.999650    1.000000    29.157830   45.276396   0.756597    0.027008    0.999650    0.088214    0.027930    0.027570    0.361383    13.065630   0.022063    1.380355    0.000000    0.000050    0.000500    0.000005    0.000500    0.000500    0.000005    0.000050    0.000050    0.000050    0.672066    16.390619  
[37m[36mINFO[0m[0m 07/18 16:47:23 | 0.703244    0.703185    0.000000    0.965318    0.104208    0.951100    0.965812    0.979042    0.703244    0.703185    200         4.790419    3.487153    0.079490    0.910449    0.083254    -3.203682   0.000000    11.526044   4.293464    21.000000   0.084273    0.090274    0.973031    0.971663    0.079490    3.522316    0.000000    3.441622    0.045522    0.000008    1.000000    0.250000    1.310543    0.998824    1.000000    24.356717   45.311115   1.310543    0.054074    0.998824    0.111749    0.066452    0.010691    0.816595    10.981326   0.020128    0.481552    0.000000    0.000050    0.000500    0.000005    0.000500    0.000500    0.000005    0.000050    0.000050    0.000050    0.695647    16.306099  
[37m[36mINFO[0m[0m 07/18 16:48:51 | 0.730598    0.756688    0.000000    0.965177    0.110066    0.951100    0.959402    0.985030    0.730598    0.756688    300         7.185629    3.353779    0.043528    0.852620    0.248230    -3.541978   0.000000    11.472445   5.184617    21.000000   0.250028    0.147882    0.976780    0.975437    0.043528    3.444694    0.000000    3.311123    0.042631    0.000025    1.000000    0.250000    1.970422    0.997138    1.000000    22.537297   45.343075   1.970422    0.087706    0.997138    0.139337    0.106993    0.005962    0.944994    8.982234    0.017967    0.318613    0.000000    0.000050    0.000500    0.000005    0.000500    0.000500    0.000005    0.000050    0.000050    0.000050    0.702342    14.739275  
[37m[36mINFO[0m[0m 07/18 16:50:16 | 0.768766    0.775796    0.000000    0.962103    0.125472    0.955990    0.957265    0.973054    0.768766    0.775796    400         9.580838    3.288294    0.023607    0.816034    0.395252    -3.813945   0.000000    11.300778   5.543883    21.000000   0.396414    0.184335    0.978135    0.976575    0.023607    3.414542    0.000000    3.247452    0.040802    0.000040    1.000000    0.250000    2.560760    0.994861    1.000000    21.595777   45.370697   2.560760    0.118629    0.994861    0.168484    0.144125    0.003744    0.974401    7.885783    0.014142    0.191704    0.000000    0.000050    0.000500    0.000005    0.000500    0.000500    0.000005    0.000050    0.000050    0.000050    0.677409    14.713332  
[37m[36mINFO[0m[0m 07/18 16:51:41 | 0.784669    0.785987    0.000000    0.967211    0.101923    0.948655    0.967949    0.985030    0.784669    0.785987    500         11.976048   3.261625    0.021507    0.790055    0.486777    -4.020514   0.000000    11.328062   5.675067    21.000000   0.487472    0.210246    0.979032    0.977299    0.021507    3.401592    0.000000    3.222073    0.039503    0.000049    1.000000    0.250000    3.006764    0.992524    1.000000    21.032664   45.394689   3.006764    0.143139    0.992524    0.197034    0.175573    0.002786    0.986593    7.278830    0.012996    0.173934    0.000000    0.000050    0.000500    0.000005    0.000500    0.000500    0.000005    0.000050    0.000050    0.000050    0.682370    14.327178  
[37m[36mINFO[0m[0m 07/18 16:53:07 | 0.810433    0.819108    0.000000    0.963342    0.117554    0.941320    0.963675    0.985030    0.810433    0.819108    600         14.371257   3.226771    0.012973    0.767925    0.542915    -4.210652   0.025250    11.287346   5.700199    21.000000   0.543336    0.232351    0.980587    0.978772    0.012973    3.385880    0.000000    3.188320    0.038396    0.000054    1.000000    0.250000    3.419973    0.989989    1.000000    20.781632   45.416060   3.419973    0.164666    0.989989    0.223871    0.203160    0.002131    0.991262    5.449196    0.010380    0.107572    0.000000    0.000050    0.000500    0.000005    0.000500    0.000500    0.000005    0.000050    0.000050    0.000050    0.686585    15.137418  
[37m[36mINFO[0m[0m 07/18 16:54:33 | 0.709606    0.721019    0.000000    0.961837    0.123054    0.946210    0.957265    0.982036    0.709606    0.721019    700         16.766467   3.215059    0.011158    0.746737    0.574905    -4.389085   0.075250    11.253206   5.678060    21.000000   0.575140    0.253526    0.980718    0.978356    0.011158    3.385961    0.000000    3.177665    0.037337    0.000057    1.000000    0.250000    3.771842    0.987360    1.000000    20.539449   45.436188   3.771842    0.183696    0.987360    0.250827    0.227249    0.001620    0.993585    6.106767    0.010616    0.110521    0.000000    0.000050    0.000500    0.000005    0.000500    0.000500    0.000005    0.000050    0.000050    0.000050    0.692050    14.312444  
[37m[36mINFO[0m[0m 07/18 16:55:59 | 0.763041    0.770701    0.000000    0.965177    0.106511    0.951100    0.959402    0.985030    0.763041    0.770701    800         19.161677   3.194768    0.010920    0.730610    0.592848    -4.518058   0.125250    11.326825   5.677215    21.000000   0.592976    0.269640    0.981970    0.979460    0.010920    3.373161    0.000000    3.158178    0.036531    0.000059    1.000000    0.250000    4.054301    0.985060    1.000000    20.420448   45.456463   4.054301    0.198588    0.985060    0.272186    0.244764    0.001427    0.994911    5.359754    0.009905    0.097983    0.000000    0.000050    0.000500    0.000005    0.000500    0.000500    0.000005    0.000050    0.000050    0.000050    0.690627    14.771230  
[37m[36mINFO[0m[0m 07/18 16:57:28 | 0.747137    0.747771    0.000000    0.966720    0.107029    0.943765    0.974359    0.982036    0.747137    0.747771    900         21.556886   3.223567    0.020919    0.714078    0.601780    -4.635491   0.175250    11.380803   5.669132    21.000000   0.601839    0.286160    0.982178    0.979029    0.020919    3.398658    0.000000    3.187803    0.035704    0.000060    1.000000    0.250000    4.214304    0.982923    1.000000    20.031694   45.467223   4.214304    0.210507    0.982923    0.283213    0.256017    0.001099    0.995706    8.242104    0.013381    0.171836    0.000000    0.000050    0.000500    0.000005    0.000500    0.000500    0.000005    0.000050    0.000050    0.000050    0.724433    14.295059  
[37m[36mINFO[0m[0m 07/18 16:58:58 | 0.781170    0.798726    0.000000    0.970692    0.101844    0.953545    0.976496    0.982036    0.781170    0.798726    1000        23.952096   3.179471    0.010852    0.699709    0.615444    -4.781168   0.225250    11.319794   5.676959    21.000000   0.615707    0.300511    0.983467    0.980617    0.010852    3.372631    0.000000    3.144424    0.034985    0.000062    1.000000    0.250000    4.436914    0.980947    1.000000    19.941369   45.483168   4.436914    0.222624    0.980947    0.297199    0.268467    0.000882    0.996424    4.812999    0.009704    0.094715    0.000000    0.000050    0.000500    0.000005    0.000500    0.000500    0.000005    0.000050    0.000050    0.000050    0.723381    15.181741  
[37m[36mINFO[0m[0m 07/18 17:00:26 | 0.779580    0.801274    0.000000    0.958680    0.162522    0.938875    0.955128    0.982036    0.779580    0.801274    1100        26.347305   3.215789    0.024110    0.687359    0.642634    -4.908235   0.275250    11.264147   5.659239    21.000000   0.642846    0.312844    0.983190    0.979530    0.024110    3.402659    0.000000    3.181357    0.034368    0.000064    1.000000    0.250000    4.525825    0.979411    1.000000    19.876283   45.486443   4.525825    0.227976    0.979411    0.306329    0.277437    0.000710    0.997407    7.849439    0.013491    0.171444    0.000000    0.000050    0.000500    0.000005    0.000500    0.000500    0.000005    0.000050    0.000050    0.000050    0.705165    14.899318  
[37m[36mINFO[0m[0m 07/18 17:01:56 | 0.741412    0.736306    0.000000    0.966274    0.113844    0.953545    0.972222    0.973054    0.741412    0.736306    1200        28.742515   3.190458    0.021014    0.678137    0.657629    -4.997147   0.325250    11.364803   5.684894    21.000000   0.657749    0.322051    0.983900    0.980646    0.021014    3.385329    0.000000    3.156485    0.033907    0.000066    1.000000    0.250000    4.467314    0.979932    1.000000    19.762793   45.491691   4.467314    0.226210    0.979932    0.300914    0.277872    0.000607    0.997840    6.372122    0.011795    0.134967    0.000000    0.000050    0.000500    0.000005    0.000500    0.000500    0.000005    0.000050    0.000050    0.000050    0.745226    13.745132  
[37m[36mINFO[0m[0m 07/18 17:03:24 | 0.732506    0.749045    0.000000    0.960877    0.132010    0.943765    0.965812    0.973054    0.732506    0.749045    1300        31.137725   3.150905    0.008113    0.670278    0.654938    -5.170402   0.375250    11.353603   5.661146    21.000000   0.654759    0.329894    0.984846    0.981646    0.008113    3.367733    0.000000    3.117326    0.033514    0.000065    1.000000    0.250000    4.682552    0.977479    1.000000    19.623445   45.501802   4.682552    0.238659    0.977479    0.313223    0.286061    0.000516    0.998217    4.428045    0.008805    0.072943    0.000000    0.000050    0.000500    0.000005    0.000500    0.000500    0.000005    0.000050    0.000050    0.000050    0.715702    13.914266  
[37m[36mINFO[0m[0m 07/18 17:04:52 | 0.800254    0.793631    0.000000    0.975377    0.094056    0.963325    0.980769    0.982036    0.800254    0.793631    1400        33.532934   3.152705    0.011513    0.664080    0.624416    -5.296690   0.425250    11.327295   5.629199    21.000000   0.624008    0.336079    0.984933    0.981388    0.011513    3.372760    0.000000    3.119438    0.033204    0.000062    1.000000    0.250000    4.749096    0.976125    1.000000    19.535992   45.504354   4.749096    0.243123    0.976125    0.318900    0.291028    0.000455    0.998552    4.535651    0.009297    0.083201    0.000000    0.000050    0.000500    0.000005    0.000500    0.000500    0.000005    0.000050    0.000050    0.000050    0.714637    13.981306  
[37m[36mINFO[0m[0m 07/18 17:06:24 | 0.736641    0.743949    0.000000    0.970529    0.114738    0.946210    0.974359    0.991018    0.736641    0.743949    1500        35.928144   3.113085    0.002193    0.660864    0.586041    -5.473369   0.475250    11.184111   5.602921    21.000000   0.585613    0.339283    0.986038    0.982662    0.002193    3.351459    0.000000    3.079983    0.033043    0.000059    1.000000    0.250000    4.982548    0.973693    1.000000    19.631805   45.514076   4.982548    0.253835    0.973693    0.334087    0.299667    0.000416    0.998306    2.000321    0.006486    0.026125    0.000000    0.000050    0.000500    0.000005    0.000500    0.000500    0.000005    0.000050    0.000050    0.000050    0.752347    14.081873  
[37m[36mINFO[0m[0m 07/18 17:07:55 | 0.750954    0.757962    0.000000    0.973401    0.103488    0.953545    0.978632    0.988024    0.750954    0.757962    1600        38.323353   3.112380    0.002036    0.658694    0.527060    -5.623804   0.500000    11.074773   5.512034    21.000000   0.526405    0.341441    0.986062    0.982342    0.002036    3.358547    0.000000    3.079393    0.032935    0.000053    1.000000    0.250000    5.135249    0.972255    1.000000    19.972381   45.518297   5.135249    0.257164    0.972255    0.348657    0.308172    0.000323    0.998709    2.221494    0.006555    0.028049    0.000000    0.000050    0.000500    0.000005    0.000500    0.000500    0.000005    0.000050    0.000050    0.000050    0.753363    14.214674  
[37m[36mINFO[0m[0m 07/18 17:09:24 | 0.786260    0.780892    0.000000    0.961712    0.131543    0.936430    0.963675    0.985030    0.786260    0.780892    1700        40.718563   3.093235    0.001187    0.656670    0.473013    -5.755641   0.500000    11.068275   5.474857    21.000000   0.472513    0.343455    0.986395    0.982706    0.001187    3.346950    0.000000    3.060355    0.032834    0.000047    1.000000    0.250000    5.262699    0.970468    1.000000    19.855177   45.528654   5.262699    0.265108    0.970468    0.356998    0.311368    0.000295    0.998569    1.401912    0.005894    0.014138    0.000000    0.000050    0.000500    0.000005    0.000500    0.000500    0.000005    0.000050    0.000050    0.000050    0.719166    14.538698  
[37m[36mINFO[0m[0m 07/18 17:10:57 | 0.715013    0.722293    0.000000    0.966537    0.118958    0.946210    0.974359    0.979042    0.715013    0.722293    1800        43.113772   3.113543    0.008123    0.652131    0.425368    -5.839067   0.500000    11.137408   5.436641    21.000000   0.425036    0.347992    0.986090    0.981877    0.008123    3.364724    0.000000    3.080894    0.032607    0.000043    1.000000    0.250000    5.286977    0.969897    1.000000    19.905083   45.532883   5.286977    0.265831    0.969897    0.358827    0.314360    0.000252    0.998763    3.793533    0.008535    0.069484    0.000000    0.000050    0.000500    0.000005    0.000500    0.000500    0.000005    0.000050    0.000050    0.000050    0.757093    14.925675  
[37m[36mINFO[0m[0m 07/18 17:12:30 | 0.775763    0.785987    0.000000    0.967741    0.114013    0.951100    0.970085    0.982036    0.775763    0.785987    1900        45.508982   3.101573    0.005904    0.650400    0.400037    -5.919157   0.500000    11.242098   5.419644    21.000000   0.399787    0.349718    0.986876    0.982982    0.005904    3.359066    0.000000    3.069013    0.032520    0.000040    1.000000    0.250000    5.292373    0.969863    1.000000    19.821247   45.546730   5.292373    0.267094    0.969863    0.355839    0.315071    0.000232    0.999086    3.556967    0.008040    0.050745    0.000000    0.000050    0.000500    0.000005    0.000500    0.000500    0.000005    0.000050    0.000050    0.000050    0.755860    14.862914  
[37m[36mINFO[0m[0m 07/18 17:13:59 | 0.763041    0.754140    0.000000    0.963402    0.118394    0.946210    0.967949    0.976048    0.763041    0.754140    2000        47.904192   3.084226    0.001585    0.650078    0.366893    -6.066075   0.500000    11.121466   5.400542    21.000000   0.366442    0.350035    0.986772    0.982767    0.001585    3.353405    0.000000    3.051686    0.032504    0.000037    1.000000    0.250000    5.473060    0.968067    1.000000    20.021730   45.552918   5.473060    0.273420    0.968067    0.369266    0.322657    0.000223    0.999075    2.171934    0.006284    0.020164    0.000000    0.000050    0.000500    0.000005    0.000500    0.000500    0.000005    0.000050    0.000050    0.000050    0.718162    15.269713  
[37m[36mINFO[0m[0m 07/18 17:15:33 | 0.734097    0.726115    0.000000    0.958374    0.152590    0.948655    0.959402    0.967066    0.734097    0.726115    2100        50.299401   3.143992    0.026303    0.649756    0.326406    -6.111105   0.500000    11.252162   5.353644    21.000000   0.326113    0.350355    0.985939    0.980878    0.026303    3.390724    0.000000    3.111471    0.032488    0.000033    1.000000    0.250000    5.415372    0.968308    1.000000    20.148291   45.551857   5.415372    0.269024    0.968308    0.368508    0.324480    0.000168    0.999394    8.229747    0.014333    0.180378    0.000000    0.000050    0.000500    0.000005    0.000500    0.000500    0.000005    0.000050    0.000050    0.000050    0.755912    15.402802  
[37m[36mINFO[0m[0m 07/18 17:17:07 | 0.671756    0.668790    0.000000    0.935642    0.224509    0.892421    0.944444    0.970060    0.671756    0.668790    2200        52.694611   3.180129    0.036464    0.642835    0.300245    -6.061342   0.500000    11.465973   5.477554    21.000000   0.299950    0.357281    0.986479    0.982184    0.036464    3.414560    0.000000    3.147957    0.032142    0.000030    1.000000    0.250000    4.960131    0.972363    1.000000    19.413852   45.546259   4.960131    0.255873    0.972363    0.331968    0.311166    0.000180    0.999447    10.773969   0.016528    0.215038    0.000000    0.000050    0.000500    0.000005    0.000500    0.000500    0.000005    0.000050    0.000050    0.000050    0.757493    15.601285  
[37m[36mINFO[0m[0m 07/18 17:18:37 | 0.750000    0.766879    0.000000    0.962690    0.136582    0.946210    0.965812    0.976048    0.750000    0.766879    2300        55.089820   3.144523    0.025368    0.644363    0.265427    -6.154355   0.500000    11.439982   5.529328    21.000000   0.265113    0.355750    0.985844    0.981963    0.025368    3.394628    0.000000    3.112278    0.032218    0.000027    1.000000    0.250000    4.974539    0.973118    1.000000    19.745826   45.550460   4.974539    0.252607    0.973118    0.327777    0.315350    0.000121    0.999734    7.150168    0.012576    0.154397    0.000000    0.000050    0.000500    0.000005    0.000500    0.000500    0.000005    0.000050    0.000050    0.000050    0.721119    15.907985  
[37m[36mINFO[0m[0m 07/18 17:20:10 | 0.761450    0.743949    0.000000    0.967558    0.153436    0.953545    0.970085    0.979042    0.761450    0.743949    2400        57.485030   3.088432    0.009889    0.643891    0.246192    -6.328157   0.500000    11.376986   5.507072    21.000000   0.245993    0.356218    0.987487    0.984342    0.009889    3.362732    0.000000    3.056213    0.032195    0.000025    1.000000    0.250000    5.213423    0.970210    1.000000    19.302434   45.569622   5.213423    0.270698    0.970210    0.331712    0.316999    0.000161    0.999493    3.845619    0.008599    0.067698    0.000000    0.000050    0.000500    0.000005    0.000500    0.000500    0.000005    0.000050    0.000050    0.000050    0.757824    15.264726  
[37m[36mINFO[0m[0m 07/18 17:21:39 | 0.763359    0.777070    0.000000    0.956927    0.136557    0.941320    0.959402    0.970060    0.763359    0.777070    2500        59.880240   3.067553    0.003259    0.645423    0.221358    -6.468714   0.500000    11.289700   5.437911    21.000000   0.221093    0.354681    0.987388    0.984272    0.003259    3.355436    0.000000    3.035260    0.032271    0.000022    1.000000    0.250000    5.334138    0.968932    1.000000    19.347395   45.575423   5.334138    0.275817    0.968932    0.340936    0.322214    0.000133    0.999640    2.886615    0.006935    0.033227    0.000000    0.000050    0.000500    0.000005    0.000500    0.000500    0.000005    0.000050    0.000050    0.000050    0.719416    13.686055  
[37m[36mINFO[0m[0m 07/18 17:23:07 | 0.751272    0.747771    0.000000    0.964260    0.126817    0.946210    0.961538    0.985030    0.751272    0.747771    2600        62.275449   3.071880    0.008829    0.643554    0.191996    -6.575092   0.500000    11.342917   5.412782    21.000000   0.191717    0.356549    0.987346    0.983834    0.008829    3.359609    0.000000    3.039683    0.032178    0.000019    1.000000    0.250000    5.421386    0.967397    1.000000    19.341310   45.579038   5.421386    0.280389    0.967397    0.345558    0.325700    0.000111    0.999676    3.956923    0.008482    0.064960    0.000000    0.000050    0.000500    0.000005    0.000500    0.000500    0.000005    0.000050    0.000050    0.000050    0.718229    13.975802  
[37m[36mINFO[0m[0m 07/18 17:24:35 | 0.794847    0.788535    0.000000    0.967314    0.108191    0.951100    0.965812    0.985030    0.794847    0.788535    2700        64.670659   3.053133    0.003570    0.645496    0.165093    -6.702429   0.500000    11.285741   5.395560    21.000000   0.164833    0.354605    0.987901    0.984703    0.003570    3.352394    0.000000    3.020842    0.032275    0.000017    1.000000    0.250000    5.514917    0.966285    1.000000    19.372071   45.579103   5.514917    0.284756    0.966285    0.351222    0.329252    0.000119    0.999625    2.593458    0.007010    0.036130    0.000000    0.000050    0.000500    0.000005    0.000500    0.000500    0.000005    0.000050    0.000050    0.000050    0.716050    14.250692  
[37m[36mINFO[0m[0m 07/18 17:26:02 | 0.729644    0.745223    0.000000    0.958352    0.144279    0.941320    0.963675    0.970060    0.729644    0.745223    2800        67.065868   3.036158    0.002307    0.646751    0.140507    -6.833966   0.500000    11.147687   5.350053    21.000000   0.140272    0.353346    0.988064    0.984982    0.002307    3.343198    0.000000    3.003806    0.032338    0.000014    1.000000    0.250000    5.613181    0.964862    1.000000    19.317249   45.587523   5.613181    0.290676    0.964862    0.358110    0.331744    0.000114    0.999678    1.915359    0.006316    0.023632    0.000000    0.000050    0.000500    0.000005    0.000500    0.000500    0.000005    0.000050    0.000050    0.000050    0.705330    14.508531  
[37m[36mINFO[0m[0m 07/18 17:27:29 | 0.807888    0.788535    0.000000    0.976763    0.078381    0.965770    0.976496    0.988024    0.807888    0.788535    2900        69.461078   3.032788    0.001731    0.647198    0.117799    -6.941213   0.500000    11.187943   5.295975    21.000000   0.117558    0.352900    0.988007    0.984814    0.001731    3.345746    0.000000    3.000416    0.032360    0.000012    1.000000    0.250000    5.654967    0.963459    1.000000    19.150115   45.583021   5.654967    0.295369    0.963459    0.361038    0.332594    0.000113    0.999689    1.253990    0.005835    0.013898    0.000000    0.000050    0.000500    0.000005    0.000500    0.000500    0.000005    0.000050    0.000050    0.000050    0.696419    15.060876  
[37m[36mINFO[0m[0m 07/18 17:28:55 | 0.757634    0.751592    0.000000    0.977395    0.073076    0.970660    0.976496    0.985030    0.757634    0.751592    3000        71.856287   3.023389    0.000432    0.646753    0.094168    -7.094289   0.500000    11.107426   5.272510    21.000000   0.093981    0.353343    0.988037    0.984759    0.000432    3.345325    0.000000    2.991042    0.032338    0.000009    1.000000    0.250000    5.778678    0.961725    1.000000    19.243362   45.585801   5.778678    0.300325    0.961725    0.370642    0.336632    0.000112    0.999680    0.566217    0.005339    0.003852    0.000000    0.000050    0.000500    0.000005    0.000500    0.000500    0.000005    0.000050    0.000050    0.000050    0.680797    15.453127  
[37m[36mINFO[0m[0m 07/18 17:30:23 | 0.777036    0.785987    0.000000    0.977864    0.074355    0.968215    0.974359    0.991018    0.777036    0.785987    3100        74.251497   3.021886    0.000405    0.649070    0.079399    -7.215756   0.500000    11.041328   5.198383    21.000000   0.079252    0.351024    0.987705    0.984213    0.000405    3.349807    0.000000    2.989425    0.032453    0.000008    1.000000    0.250000    5.913666    0.961329    1.000000    19.745401   45.593240   5.913666    0.299528    0.961329    0.382146    0.342959    0.000084    0.999767    0.969546    0.005447    0.006046    0.000000    0.000050    0.000500    0.000005    0.000500    0.000500    0.000005    0.000050    0.000050    0.000050    0.692228    16.391024  
[37m[36mINFO[0m[0m 07/18 17:31:50 | 0.784669    0.785987    0.000000    0.979715    0.065829    0.968215    0.982906    0.988024    0.784669    0.785987    3200        76.646707   3.005636    0.000300    0.646996    0.065631    -7.324258   0.500000    11.016449   5.135645    21.000000   0.065521    0.353098    0.988073    0.984633    0.000300    3.339193    0.000000    2.973280    0.032350    0.000007    1.000000    0.250000    5.942269    0.960650    1.000000    19.689400   45.597347   5.942269    0.301822    0.960650    0.384025    0.343402    0.000082    0.999741    0.546230    0.005167    0.004363    0.000000    0.000050    0.000500    0.000005    0.000500    0.000500    0.000005    0.000050    0.000050    0.000050    0.678013    16.728058  
[37m[36mINFO[0m[0m 07/18 17:33:16 | 0.761132    0.774522    0.000000    0.955054    0.132952    0.933985    0.955128    0.976048    0.761132    0.774522    3300        79.041916   3.029566    0.008438    0.647156    0.055196    -7.373914   0.500000    11.078666   5.062531    21.000000   0.055122    0.352941    0.986908    0.982626    0.008438    3.357461    0.000000    2.997203    0.032358    0.000006    1.000000    0.250000    5.874799    0.961256    1.000000    19.896446   45.585194   5.874799    0.295489    0.961256    0.385920    0.345340    0.000054    0.999846    3.555389    0.008673    0.060680    0.000000    0.000050    0.000500    0.000005    0.000500    0.000500    0.000005    0.000050    0.000050    0.000050    0.683860    14.848942  
[37m[36mINFO[0m[0m 07/18 17:34:32 | 0.807570    0.805096    0.000000    0.979738    0.064223    0.975550    0.978632    0.985030    0.807570    0.805096    3400        81.437126   3.015905    0.002078    0.643438    0.052491    -7.388271   0.500000    11.200855   5.125707    21.000000   0.052485    0.356666    0.988089    0.984489    0.002078    3.351063    0.000000    2.983728    0.032172    0.000005    1.000000    0.250000    5.880331    0.963225    1.000000    20.171962   45.614552   5.880331    0.291645    0.963225    0.377920    0.346491    0.000051    0.999893    2.134261    0.006441    0.019070    0.000000    0.000050    0.000500    0.000005    0.000500    0.000500    0.000005    0.000050    0.000050    0.000050    0.614834    13.122421  
[37m[36mINFO[0m[0m 07/18 17:35:32 | 0.803117    0.777070    0.000000    0.964336    0.129629    0.941320    0.978632    0.973054    0.803117    0.777070    3500        83.832335   3.009421    0.004333    0.644906    0.048851    -7.561274   0.500000    11.092590   5.169210    21.000000   0.048783    0.355190    0.988142    0.984456    0.004333    3.350901    0.000000    2.977170    0.032245    0.000005    1.000000    0.250000    5.868272    0.960319    1.000000    19.360681   45.607004   5.868272    0.303201    0.960319    0.375192    0.342168    0.000072    0.999801    2.306023    0.007028    0.035490    0.000000    0.000050    0.000500    0.000005    0.000500    0.000500    0.000005    0.000050    0.000050    0.000050    0.447418    13.299514  
[37m[36mINFO[0m[0m 07/18 17:36:32 | 0.826018    0.806369    0.000000    0.961551    0.158708    0.946210    0.959402    0.979042    0.826018    0.806369    3600        86.227545   3.101678    0.031335    0.638290    0.043842    -7.420654   0.500000    11.454880   5.236708    21.000000   0.043807    0.361818    0.987695    0.983170    0.031335    3.409457    0.000000    3.069759    0.031914    0.000004    1.000000    0.250000    5.604119    0.965430    1.000000    20.150043   45.596122   5.604119    0.278502    0.965430    0.365186    0.344515    0.000033    0.999926    9.036711    0.015523    0.175915    0.000000    0.000050    0.000500    0.000005    0.000500    0.000500    0.000005    0.000050    0.000050    0.000050    0.448400    13.282919  
[37m[36mINFO[0m[0m 07/18 17:37:32 | 0.708015    0.733758    0.000000    0.964423    0.104523    0.953545    0.963675    0.976048    0.708015    0.733758    3700        88.622754   3.049318    0.014935    0.639618    0.038717    -7.517132   0.500000    11.458867   5.307712    21.000000   0.038640    0.360485    0.988232    0.984633    0.014935    3.378254    0.000000    3.017333    0.031981    0.000004    1.000000    0.250000    5.491495    0.965630    1.000000    19.289431   45.606808   5.491495    0.285009    0.965630    0.344478    0.336920    0.000034    0.999904    5.677995    0.010588    0.102513    0.000000    0.000050    0.000500    0.000005    0.000500    0.000500    0.000005    0.000050    0.000050    0.000050    0.447598    13.478008  
[37m[36mINFO[0m[0m 07/18 17:38:33 | 0.820293    0.806369    0.000000    0.963136    0.095635    0.936430    0.967949    0.985030    0.820293    0.806369    3800        91.017964   3.014402    0.007193    0.639273    0.029845    -7.634609   0.500000    11.435058   5.316832    21.000000   0.029779    0.360826    0.988664    0.985515    0.007193    3.356973    0.000000    2.982436    0.031964    0.000003    1.000000    0.250000    5.605929    0.964386    1.000000    19.293297   45.616394   5.605929    0.290663    0.964386    0.346041    0.339219    0.000026    0.999888    3.891761    0.008073    0.056546    0.000000    0.000050    0.000500    0.000005    0.000500    0.000500    0.000005    0.000050    0.000050    0.000050    0.447078    13.555082  
[37m[36mINFO[0m[0m 07/18 17:39:33 | 0.757316    0.737580    0.000000    0.958881    0.143180    0.943765    0.965812    0.967066    0.757316    0.737580    3900        93.413174   3.002917    0.004533    0.640957    0.025186    -7.774702   0.500000    11.295536   5.295671    21.000000   0.025146    0.359140    0.988517    0.985348    0.004533    3.355068    0.000000    2.970866    0.032048    0.000003    1.000000    0.250000    5.676436    0.963330    1.000000    19.306644   45.614118   5.676436    0.294111    0.963330    0.352260    0.342015    0.000022    0.999889    2.770064    0.007117    0.033671    0.000000    0.000050    0.000500    0.000005    0.000500    0.000500    0.000005    0.000050    0.000050    0.000050    0.445954    13.666580  
[37m[36mINFO[0m[0m 07/18 17:40:33 | 0.780216    0.775796    0.000000    0.971999    0.095560    0.960880    0.970085    0.985030    0.780216    0.775796    4000        95.808383   2.989428    0.001802    0.640710    0.021221    -7.892602   0.500000    11.247761   5.249306    21.000000   0.021171    0.359387    0.989403    0.986650    0.001802    3.350218    0.000000    2.957390    0.032035    0.000002    1.000000    0.250000    5.811694    0.961085    1.000000    19.095689   45.627907   5.811694    0.304438    0.961085    0.355532    0.343079    0.000034    0.999848    1.406944    0.005936    0.017327    0.000000    0.000050    0.000500    0.000005    0.000500    0.000500    0.000005    0.000050    0.000050    0.000050    0.446656    13.734473  
[37m[36mINFO[0m[0m 07/18 17:41:34 | 0.756361    0.752866    0.000000    0.968087    0.115290    0.955990    0.972222    0.976048    0.756361    0.752866    4100        98.203593   2.982550    0.002110    0.642456    0.014979    -8.021496   0.500000    11.231090   5.253417    21.000000   0.014918    0.357640    0.989328    0.986347    0.002110    3.349391    0.000000    2.950426    0.032123    0.000001    1.000000    0.250000    5.915763    0.960214    1.000000    19.388749   45.626935   5.915763    0.305198    0.960214    0.365729    0.348404    0.000028    0.999891    1.692801    0.006271    0.019661    0.000000    0.000050    0.000500    0.000005    0.000500    0.000500    0.000005    0.000050    0.000050    0.000050    0.446451    13.948664  
[37m[36mINFO[0m[0m 07/18 17:42:34 | 0.779898    0.777070    0.000000    0.949715    0.183358    0.911980    0.955128    0.982036    0.779898    0.777070    4200        100.598802  3.004548    0.009910    0.642182    0.010549    -8.047854   0.500000    11.256430   5.202465    21.000000   0.010510    0.357915    0.988529    0.984831    0.009910    3.364920    0.000000    2.972438    0.032109    0.000001    1.000000    0.250000    5.898167    0.960695    1.000000    19.648169   45.623864   5.898167    0.300318    0.960695    0.367249    0.350671    0.000019    0.999923    5.157031    0.009412    0.075968    0.000000    0.000050    0.000500    0.000005    0.000500    0.000500    0.000005    0.000050    0.000050    0.000050    0.446544    13.878642  
[37m[36mINFO[0m[0m 07/18 17:43:35 | 0.771947    0.760510    0.000000    0.952524    0.181132    0.931540    0.967949    0.958084    0.771947    0.760510    4300        102.994012  3.041238    0.021949    0.639489    0.008616    -7.953936   0.500000    11.395794   5.219155    21.000000   0.008605    0.360614    0.988957    0.985343    0.021949    3.385011    0.000000    3.009263    0.031974    0.000001    1.000000    0.250000    5.578442    0.965352    1.000000    19.926961   45.610823   5.578442    0.280616    0.965352    0.351350    0.347396    0.000013    0.999965    7.102451    0.012483    0.125761    0.000000    0.000050    0.000500    0.000005    0.000500    0.000500    0.000005    0.000050    0.000050    0.000050    0.446012    14.380950  
[37m[36mINFO[0m[0m 07/18 17:44:36 | 0.755089    0.761783    0.000000    0.960451    0.161784    0.943765    0.961538    0.976048    0.755089    0.761783    4400        105.389222  2.981213    0.003404    0.641982    0.007022    -8.163000   0.500000    11.328095   5.250269    21.000000   0.007011    0.358115    0.989558    0.986969    0.003404    3.353859    0.000000    2.949113    0.032099    0.000001    1.000000    0.250000    5.736322    0.962082    1.000000    18.936310   45.644232   5.736322    0.303077    0.962082    0.344833    0.342286    0.000024    0.999913    2.324341    0.006743    0.028131    0.000000    0.000050    0.000500    0.000005    0.000500    0.000500    0.000005    0.000050    0.000050    0.000050    0.446645    14.383901  
[37m[36mINFO[0m[0m 07/18 17:45:37 | 0.802163    0.800000    0.000000    0.967169    0.134456    0.951100    0.974359    0.976048    0.802163    0.800000    4500        107.784431  2.987434    0.007905    0.639836    0.006061    -8.221465   0.500000    11.316031   5.291294    21.000000   0.006055    0.360262    0.989229    0.985928    0.007905    3.358610    0.000000    2.955442    0.031992    0.000001    1.000000    0.250000    5.715932    0.960594    1.000000    18.709547   45.629649   5.715932    0.305560    0.960594    0.346069    0.342110    0.000022    0.999914    3.619349    0.008556    0.054923    0.000000    0.000050    0.000500    0.000005    0.000500    0.000500    0.000005    0.000050    0.000050    0.000050    0.447225    14.659547  
[37m[36mINFO[0m[0m 07/18 17:46:37 | 0.765267    0.770701    0.000000    0.947943    0.195615    0.924205    0.961538    0.958084    0.765267    0.770701    4600        110.179641  2.981177    0.007318    0.640750    0.005401    -8.326818   0.500000    11.347684   5.318256    21.000000   0.005387    0.359347    0.989547    0.986644    0.007318    3.358162    0.000000    2.949139    0.032038    0.000001    1.000000    0.250000    5.783474    0.960065    1.000000    18.790840   45.637321   5.783474    0.307966    0.960065    0.349328    0.344124    0.000022    0.999912    4.001216    0.008523    0.057056    0.000000    0.000050    0.000500    0.000005    0.000500    0.000500    0.000005    0.000050    0.000050    0.000050    0.447020    13.220177  
[37m[36mINFO[0m[0m 07/18 17:47:37 | 0.775127    0.775796    0.000000    0.960938    0.136485    0.948655    0.970085    0.964072    0.775127    0.775796    4700        112.574850  2.992698    0.014072    0.640990    0.004469    -8.366648   0.500000    11.368769   5.262005    21.000000   0.004471    0.359107    0.988860    0.985788    0.014072    3.364909    0.000000    2.960648    0.032049    0.000000    1.000000    0.250000    5.727137    0.961249    1.000000    18.924819   45.634690   5.727137    0.302779    0.961249    0.346781    0.343911    0.000015    0.999937    4.746983    0.010004    0.083432    0.000000    0.000050    0.000500    0.000005    0.000500    0.000500    0.000005    0.000050    0.000050    0.000050    0.447093    13.319944  
[37m[36mINFO[0m[0m 07/18 17:48:37 | 0.765267    0.763057    0.000000    0.953118    0.179083    0.938875    0.959402    0.961078    0.765267    0.763057    4800        114.970060  2.989492    0.010434    0.640261    0.004562    -8.406382   0.500000    11.361740   5.294084    21.000000   0.004557    0.359838    0.988313    0.985001    0.010434    3.367364    0.000000    2.957479    0.032013    0.000000    1.000000    0.250000    5.612817    0.962266    1.000000    18.885004   45.621661   5.612817    0.297391    0.962266    0.338490    0.342135    0.000017    0.999933    4.679268    0.009278    0.063379    0.000000    0.000050    0.000500    0.000005    0.000500    0.000500    0.000005    0.000050    0.000050    0.000050    0.446743    13.600830  
[37m[36mINFO[0m[0m 07/18 17:49:38 | 0.802799    0.800000    0.000000    0.963117    0.104352    0.946210    0.970085    0.973054    0.802799    0.800000    4900        117.365269  2.961952    0.003633    0.638602    0.003132    -8.543992   0.500000    11.380384   5.281778    21.000000   0.003111    0.361496    0.988928    0.986207    0.003633    3.353588    0.000000    2.930021    0.031930    0.000000    1.000000    0.250000    5.703783    0.961345    1.000000    18.812984   45.638864   5.703783    0.303256    0.961345    0.339078    0.342749    0.000017    0.999930    2.246141    0.006827    0.028300    0.000000    0.000050    0.000500    0.000005    0.000500    0.000500    0.000005    0.000050    0.000050    0.000050    0.446899    13.561059  
[37m[36mINFO[0m[0m 07/18 17:50:38 | 0.824427    0.835669    0.000000    0.972322    0.110236    0.958435    0.976496    0.982036    0.824427    0.835669    5000        119.760479  2.956138    0.002424    0.637583    0.001988    -8.621865   0.500000    11.385510   5.214842    21.000000   0.001986    0.362514    0.989535    0.986733    0.002424    3.352928    0.000000    2.924259    0.031879    0.000000    1.000000    0.250000    5.883058    0.960576    1.000000    19.355724   45.653251   5.883058    0.304062    0.960576    0.349670    0.349944    0.000009    0.999970    2.518786    0.006741    0.024178    0.000000    0.000050    0.000500    0.000005    0.000500    0.000500    0.000005    0.000050    0.000050    0.000050    0.447233    13.613097  
[37m[36mINFO[0m[0m 07/18 17:50:38 | ---
[37m[33mWARNING[0m[0m 07/18 17:50:38 | Evaluate SWAD ...
[37m[36mINFO[0m[0m 07/18 17:50:52 | 0.813613    0.817834    0.000000    0.980919    0.219682    0.973105    0.978632    0.991018    0.813613    0.817834    [201-5000]  (N=50)
[37m[36mINFO[0m[0m 07/18 17:50:52 | oracle = 82.443%
[37m[36mINFO[0m[0m 07/18 17:50:52 | iid = 80.757%
[37m[36mINFO[0m[0m 07/18 17:50:52 | last = 82.443%
[37m[36mINFO[0m[0m 07/18 17:50:52 | last (inD) = 97.232%
[37m[36mINFO[0m[0m 07/18 17:50:52 | iid (inD) = 97.974%
[37m[36mINFO[0m[0m 07/18 17:50:52 | SWAD = 81.361%
[37m[36mINFO[0m[0m 07/18 17:50:52 | SWAD (inD) = 98.092%
[37m[36mINFO[0m[0m 07/18 17:50:53 | === Summary ===
[37m[36mINFO[0m[0m 07/18 17:50:53 | Command: train_all.py 6pacs_piccl_no_pre --dataset PACS --algorithm PICCL --model resnet50 --deterministic --trial_seed 0 --seed 0 --checkpoint_freq 100 --steps 5000 --data_dir /home/hooasia/lgg/data/repro_dccl_data --use_piccl true --piccl_strict_bypass false --output_root train_output/PACS1 --l 1 --l_layer 0 --l_d 0.05 --t 0.1 --t_pre 0.2 --use_piccl true --piccl_fusion_mode residual_gate --piccl_gt_mode keep --piccl_rank 16 --piccl_isr_weight 0.05 --piccl_orth_weight 0.0001 --piccl_residual_scale 0.25 --piccl_gate_bias -2.5 --piccl_basis_receive_task_grad false
[37m[36mINFO[0m[0m 07/18 17:50:53 | Unique name: 260718_13-05-09_6pacs_piccl_no_pre
[37m[36mINFO[0m[0m 07/18 17:50:53 | Out path: train_output/PACS1/260718_13-05-09_6pacs_piccl_no_pre
[37m[36mINFO[0m[0m 07/18 17:50:53 | Algorithm: PICCL
[37m[36mINFO[0m[0m 07/18 17:50:53 | Dataset: PACS
+------------+---------+---------+---------+---------+---------+
| Selection  |   env0  |   env1  |   env2  |   env3  |   Avg.  |
+------------+---------+---------+---------+---------+---------+
|   oracle   | 87.919% | 85.075% | 98.204% | 82.443% | 88.410% |
|    iid     | 86.943% | 82.303% | 97.156% | 80.757% | 86.790% |
|    last    | 87.675% | 80.917% | 95.584% | 82.443% | 86.655% |
| last (inD) | 97.814% | 95.810% | 96.085% | 97.232% | 96.735% |
| iid (inD)  | 98.013% | 97.534% | 96.757% | 97.974% | 97.569% |
|    SWAD    | 91.397% | 83.742% | 98.653% | 81.361% | 88.788% |
| SWAD (inD) | 98.310% | 97.449% | 97.440% | 98.092% | 97.823% |
+------------+---------+---------+---------+---------+---------+
