[37m[36mINFO[0m[0m 07/16 20:00:04 | Command :: train_all.py 3pacs_piccl_basis --dataset PACS --algorithm PICCL --model resnet50 --deterministic --trial_seed 0 --seed 0 --checkpoint_freq 100 --steps 5000 --data_dir /home/hooasia/lgg/data/repro_dccl_data --use_piccl true --piccl_strict_bypass false --output_root train_output/PACS1 --l 1 --l_d 0.05 --l_layer 1 --t 0.1 --t_pre 0.2 --use_piccl true --piccl_fusion_mode residual_gate --piccl_gt_mode keep --piccl_rank 16 --piccl_isr_weight 0.05 --piccl_orth_weight 0.0001 --piccl_residual_scale 0.25 --piccl_gate_bias -2.5 --piccl_gt_mode keep --piccl_basis_receive_task_grad true
Environment:
	Python: 3.10.20
	PyTorch: 2.5.1+cu121
	Torchvision: 0.20.1+cu121
	CUDA: 12.1
	CUDNN: 90100
	NumPy: 2.2.6
	PIL: 12.0.0
Args:
	TN: False
	algorithm: PICCL
	aug: 0
	checkpoint_freq: 100
	configs: []
	data_dir: /home/hooasia/lgg/data/repro_dccl_data
	dataset: PACS
	debug: False
	deterministic: True
	domainnet_auto_source_count: 3
	erm_baseline: weak
	evalmode: fast
	holdout_fraction: 0.2
	l: 1.0
	l_d: 0.05
	l_layer: 1.0
	label_ratio: 1.0
	lamda: 5
	log: False
	mix: 0
	model: resnet50
	model_save: None
	n_layer: 1
	name: 3pacs_piccl_basis
	out_dir: train_output/PACS1/260716_20-00-04_3pacs_piccl_basis
	out_root: train_output/PACS1
	output_root: train_output/PACS1
	pos_mask: False
	prebuild_loader: False
	re_w: False
	sample_d: False
	seed: 0
	show: False
	source_envs: None
	start_epoch: 1000
	steps: 5000
	sup: True
	t: 0.1
	t_pre: 0.2
	target_env: None
	tb_freq: 10
	test_envs: None
	trial_seed: 0
	two_ce: False
	unique_name: 260716_20-00-04_3pacs_piccl_basis
	weak_erm: False
	work_dir: .
HParams:
	data_augmentation: True
	val_augment: False
	resnet18: False
	resnet_dropout: 0.0
	class_balanced: False
	optimizer: adam
	freeze_bn: True
	pretrained: True
	lr: 5e-05
	batch_size: 32
	weight_decay: 0.0
	[36mpiccl_rank: 16
	[0mpiccl_alpha_max: 0.5
	piccl_warmup_ratio: 0.1
	piccl_ramp_ratio: 0.2
	piccl_proto_momentum: 0.99
	piccl_num_interventions: 1
	piccl_ccc_weight: 1.0
	piccl_int_weight: 0.1
	piccl_ref_weight: 1.0
	[36mpiccl_isr_weight: 0.05
	[0m[36mpiccl_orth_weight: 0.0001
	[0mpiccl_eps: 1e-08
	[36mpiccl_gt_mode: keep
	[0m[36mpiccl_basis_receive_task_grad: True
	[0mpiccl_min_valid_domains: 2
	piccl_total_steps: 1
	[36muse_piccl: True
	[0m[36mpiccl_fusion_mode: residual_gate
	[0mpiccl_lr_multiplier: 1.0
	piccl_loss_warmup_ratio: 0.0
	piccl_feature_warmup_ratio: 0.0
	piccl_delayed_start_ratio: 0.0
	[36mpiccl_residual_scale: 0.25
	[0m[36mpiccl_gate_bias: -2.5
	[0mpiccl_connectivity_weight: 1.0
	piccl_diagnostic_interval: 0
	[36mpiccl_strict_bypass: False
	[0mt: 0.1
	t_pre: 0.2
	l: 1
	l_d: 0.01
	l_layer: 1
	n_layer: 1
	sup: True
	two_ce: False
	sample_d: False
	re_w: False
	pos_mask: False
	mix: 0
	aug: 0
	model: resnet50
	label_ratio: 1.0
	TN: False
	lamda: 5
	start_epoch: 1000
	log: False
	swad: LossValley
	swad_kwargs: 
	  n_converge: 3
	  n_tolerance: 6
	  tolerance_ratio: 0.3
	test_batchsize: 128
	indomain_test: False
Dataset:
	[PACS] #envs=4, #classes=7
	env0: art_painting (#2048)
	env1: cartoon (#2344)
	env2: photo (#1670)
	env3: sketch (#3929)

[37m[36mINFO[0m[0m 07/16 20:00:09 | n_steps = 5000
[37m[36mINFO[0m[0m 07/16 20:00:09 | checkpoint_freq = 100
[37m[36mINFO[0m[0m 07/16 20:00:09 | n_steps is updated to 5000 => 5001 for checkpointing
[37m[36mINFO[0m[0m 07/16 20:00:09 | Target test envs = [[0], [1], [2], [3]]
[37m[36mINFO[0m[0m 07/16 20:00:09 | 
[37m[36mINFO[0m[0m 07/16 20:00:13 | Testenv name escaping te_art_painting -> te_art_painting
[37m[36mINFO[0m[0m 07/16 20:00:13 | Test envs = [0], name = te_art_painting
[37m[36mINFO[0m[0m 07/16 20:00:13 | Batch sizes for each domain: [0, 32, 32, 32] (total=96)
[37m[36mINFO[0m[0m 07/16 20:00:13 | steps-per-epoch for each domain: 58.62, 41.75, 98.25 -> min = 41.75
[37m[36mINFO[0m[0m 07/16 20:00:15 | # of params = 53365703
[37m[36mINFO[0m[0m 07/16 20:00:29 | test_in     test_out    train_in    train_out   tr_outloss  env0_in     env0_out    env1_out    env2_out    env3_out    step        epoch       loss        loss_cls    loss_isr    loss_orth   loss_gt     piccl_alph  paired_res  domain_res  valid_doma  basis_orth  response_c  raw_interv  mediator_i  ce_loss     sup_cl_los  pre_cl_los  dccl_total  weighted_l  weighted_l  piccl_feat  residual_s  residual_d  fused_orig  piccl_exec  original_f  piccl_feat  feature_de  feature_de  original_f  gate_mean   gate_std    gate_min    gate_max    backbone_g  piccl_grad  classifier  has_nan_or  param_grou  param_grou  param_grou  param_grou  param_grou  param_grou  param_grou  param_grou  param_grou  step_time   eval_time  
[37m[36mINFO[0m[0m 07/16 20:00:29 | 0.131178    0.178484    0.000000    0.236210    1.887570    0.131178    0.178484    0.226496    0.260479    0.221656    0           0.000000    12.300499   1.940914    0.000000    0.126582    -5.756462   0.000000    0.000000    0.000000    21.000000   0.115786    0.000000    0.918931    0.918931    1.940914    5.304292    5.112845    12.300487   0.000000    0.000013    0.000000    0.250000    0.000000    1.000000    1.000000    24.181402   45.253296   0.000000    0.000000    1.000000    0.075858    0.000000    0.075858    0.075858    10.497466   0.000156    3.423702    0.000000    0.000050    0.000500    0.000005    0.000500    0.000500    0.000005    0.000050    0.000050    0.000050    1.489488    11.895835  
[37m[36mINFO[0m[0m 07/16 20:02:05 | 0.782184    0.779951    0.000000    0.939770    0.187431    0.782184    0.779951    0.918803    0.982036    0.918471    100         2.395210    8.804275    0.323245    0.979846    0.073583    0.298047    0.000000    12.019763   2.866394    21.000000   0.072989    0.020568    0.969032    0.968067    0.323245    3.832460    4.596589    8.755276    0.048992    0.000007    1.000000    0.250000    0.934630    0.999712    1.000000    41.236081   45.264302   0.934630    0.023343    0.999712    0.099824    0.062628    0.014229    0.580866    14.493489   0.017528    2.320281    0.000000    0.000050    0.000500    0.000005    0.000500    0.000500    0.000005    0.000050    0.000050    0.000050    0.750233    12.389397  
[37m[36mINFO[0m[0m 07/16 20:03:38 | 0.812081    0.777506    0.000000    0.959391    0.134065    0.812081    0.777506    0.946581    0.994012    0.937580    200         4.790419    7.989340    0.094051    0.910914    0.078352    -1.420074   0.000000    11.081841   5.686589    21.000000   0.079187    0.089987    0.977601    0.976682    0.094051    3.526368    4.337568    7.943786    0.045546    0.000008    1.000000    0.250000    1.514871    0.999031    1.000000    34.963715   45.281470   1.514871    0.043596    0.999031    0.135753    0.135287    0.003707    0.957553    12.274234   0.017496    0.757959    0.000000    0.000050    0.000500    0.000005    0.000500    0.000500    0.000005    0.000050    0.000050    0.000050    0.729004    13.166090  
[37m[36mINFO[0m[0m 07/16 20:05:11 | 0.811470    0.811736    0.000000    0.949021    0.184546    0.811470    0.811736    0.952991    0.973054    0.921019    300         7.185629    7.782194    0.062914    0.835351    0.265954    -2.234950   0.000000    10.691963   6.778242    21.000000   0.268470    0.165302    0.979657    0.978683    0.062914    3.468636    4.231200    7.740399    0.041768    0.000027    1.000000    0.250000    1.867728    0.998251    1.000000    31.204889   45.298195   1.867728    0.059967    0.998251    0.156245    0.160955    0.003088    0.979989    10.420969   0.016173    0.490778    0.000000    0.000050    0.000500    0.000005    0.000500    0.000500    0.000005    0.000050    0.000050    0.000050    0.728016    13.002738  
[37m[36mINFO[0m[0m 07/16 20:06:44 | 0.860891    0.865526    0.000000    0.958097    0.127864    0.860891    0.865526    0.950855    0.982036    0.941401    400         9.580838    7.632562    0.040850    0.785984    0.477063    -2.706142   0.000000    10.566886   7.384804    21.000000   0.478650    0.214500    0.981545    0.980633    0.040850    3.418290    4.161136    7.593215    0.039299    0.000048    1.000000    0.250000    2.132566    0.997489    1.000000    28.982625   45.312991   2.132566    0.073726    0.997489    0.170019    0.176495    0.002070    0.988783    9.533339    0.014685    0.373773    0.000000    0.000050    0.000500    0.000005    0.000500    0.000500    0.000005    0.000050    0.000050    0.000050    0.727752    12.512189  
[37m[36mINFO[0m[0m 07/16 20:08:18 | 0.883466    0.877751    0.000000    0.973162    0.091286    0.883466    0.877751    0.976496    0.985030    0.957962    500         11.976048   7.546786    0.030946    0.749225    0.598055    -3.026825   0.000000    10.404598   7.697665    21.000000   0.598941    0.251136    0.982374    0.981528    0.030946    3.394730    4.113857    7.509265    0.037461    0.000060    1.000000    0.250000    2.342843    0.996754    1.000000    27.560970   45.324316   2.342843    0.085099    0.996754    0.181402    0.188823    0.001383    0.992595    8.011889    0.013100    0.247765    0.000000    0.000050    0.000500    0.000005    0.000500    0.000500    0.000005    0.000050    0.000050    0.000050    0.734640    12.943959  
[37m[36mINFO[0m[0m 07/16 20:09:54 | 0.879195    0.889976    0.000000    0.964232    0.123567    0.879195    0.889976    0.970085    0.985030    0.937580    600         14.371257   7.479738    0.027337    0.725991    0.664585    -3.331662   0.025250    10.365452   7.811449    21.000000   0.665000    0.274288    0.982410    0.981478    0.027337    3.383981    4.065371    7.443372    0.036300    0.000066    1.000000    0.250000    2.499347    0.996026    1.000000    26.011305   45.336306   2.499347    0.096221    0.996026    0.188345    0.195226    0.001204    0.993902    7.969113    0.012450    0.229056    0.000000    0.000050    0.000500    0.000005    0.000500    0.000500    0.000005    0.000050    0.000050    0.000050    0.733863    13.469151  
[37m[36mINFO[0m[0m 07/16 20:11:30 | 0.877974    0.860636    0.000000    0.962212    0.131719    0.877974    0.860636    0.965812    0.973054    0.947771    700         16.766467   7.468866    0.027622    0.707235    0.676364    -3.490730   0.075250    10.408282   7.901726    21.000000   0.676269    0.293008    0.981737    0.980604    0.027622    3.390079    4.050643    7.433437    0.035362    0.000068    1.000000    0.250000    2.649329    0.995424    1.000000    25.728249   45.344113   2.649329    0.103141    0.995424    0.197378    0.206994    0.000786    0.996320    9.069288    0.013767    0.224675    0.000000    0.000050    0.000500    0.000005    0.000500    0.000500    0.000005    0.000050    0.000050    0.000050    0.747702    13.261317  
[37m[36mINFO[0m[0m 07/16 20:13:07 | 0.859060    0.865526    0.000000    0.969468    0.106695    0.859060    0.865526    0.976496    0.979042    0.952866    800         19.161677   7.442952    0.029352    0.693455    0.654806    -3.660343   0.125250    10.315338   7.959229    21.000000   0.654443    0.306741    0.983010    0.981885    0.029352    3.388945    4.026520    7.408214    0.034673    0.000065    1.000000    0.250000    2.731693    0.994962    1.000000    25.083456   45.350023   2.731693    0.109110    0.994962    0.199351    0.211266    0.000682    0.997053    9.226336    0.015825    0.226583    0.000000    0.000050    0.000500    0.000005    0.000500    0.000500    0.000005    0.000050    0.000050    0.000050    0.750292    13.023426  
[37m[36mINFO[0m[0m 07/16 20:14:40 | 0.879195    0.863081    0.000000    0.965349    0.130837    0.879195    0.863081    0.952991    0.994012    0.949045    900         21.556886   7.374055    0.013842    0.681611    0.609375    -3.881845   0.175250    10.277463   7.970753    21.000000   0.608852    0.318548    0.984194    0.983246    0.013842    3.361987    4.002903    7.339913    0.034081    0.000061    1.000000    0.250000    2.861291    0.994302    1.000000    24.270433   45.361038   2.861291    0.118087    0.994302    0.202907    0.215669    0.000575    0.997198    6.114043    0.014982    0.120152    0.000000    0.000050    0.000500    0.000005    0.000500    0.000500    0.000005    0.000050    0.000050    0.000050    0.725764    12.885845  
[37m[36mINFO[0m[0m 07/16 20:16:15 | 0.867602    0.863081    0.000000    0.972014    0.103324    0.867602    0.863081    0.972222    0.982036    0.961783    1000        23.952096   7.353950    0.014351    0.673862    0.557249    -4.054890   0.225250    10.261978   8.017426    21.000000   0.556745    0.326264    0.984303    0.983246    0.014351    3.358394    3.988005    7.320202    0.033693    0.000056    1.000000    0.250000    2.942573    0.993731    1.000000    23.660014   45.365446   2.942573    0.124545    0.993731    0.204990    0.218922    0.000484    0.997598    6.438959    0.017521    0.111326    0.000000    0.000050    0.000500    0.000005    0.000500    0.000500    0.000005    0.000050    0.000050    0.000050    0.726748    13.830590  
[37m[36mINFO[0m[0m 07/16 20:17:48 | 0.895058    0.892421    0.000000    0.971887    0.110932    0.895058    0.892421    0.972222    0.988024    0.955414    1100        26.347305   7.330516    0.009809    0.671112    0.502668    -4.323228   0.275250    10.157309   8.021359    21.000000   0.502115    0.328996    0.984339    0.983250    0.009809    3.352892    3.977442    7.296910    0.033556    0.000050    1.000000    0.250000    3.029952    0.992917    1.000000    22.654302   45.371067   3.029952    0.133896    0.992917    0.206743    0.217908    0.000534    0.997250    4.391293    0.018508    0.079997    0.000000    0.000050    0.000500    0.000005    0.000500    0.000500    0.000005    0.000050    0.000050    0.000050    0.725909    13.529309  
[37m[36mINFO[0m[0m 07/16 20:19:23 | 0.862111    0.863081    0.000000    0.973298    0.088635    0.862111    0.863081    0.970085    0.988024    0.961783    1200        28.742515   7.332058    0.020110    0.666037    0.453926    -4.439281   0.325250    10.182987   7.977100    21.000000   0.453501    0.334051    0.983732    0.982293    0.020110    3.368506    3.954487    7.298710    0.033302    0.000045    1.000000    0.250000    3.061044    0.992597    1.000000    22.472147   45.373460   3.061044    0.136347    0.992597    0.210381    0.221354    0.000388    0.998174    7.510510    0.029121    0.156257    0.000000    0.000050    0.000500    0.000005    0.000500    0.000500    0.000005    0.000050    0.000050    0.000050    0.730887    13.523817  
[37m[36mINFO[0m[0m 07/16 20:20:56 | 0.842587    0.858191    0.000000    0.972869    0.106876    0.842587    0.858191    0.961538    0.994012    0.963057    1300        31.137725   7.314170    0.016389    0.661425    0.421276    -4.551622   0.375250    10.220939   7.996766    21.000000   0.421005    0.338645    0.983601    0.982109    0.016389    3.362233    3.947950    7.281057    0.033071    0.000042    1.000000    0.250000    3.105161    0.992236    1.000000    22.163029   45.375525   3.105161    0.140250    0.992236    0.208068    0.220955    0.000390    0.998340    6.974290    0.029894    0.122079    0.000000    0.000050    0.000500    0.000005    0.000500    0.000500    0.000005    0.000050    0.000050    0.000050    0.727952    13.129942  
[37m[36mINFO[0m[0m 07/16 20:22:32 | 0.813301    0.823961    0.000000    0.955821    0.191178    0.813301    0.823961    0.965812    0.964072    0.937580    1400        33.532934   7.299762    0.014720    0.658511    0.395956    -4.680622   0.425250    10.224919   8.028753    21.000000   0.395752    0.341549    0.984186    0.982656    0.014720    3.358932    3.939951    7.266797    0.032926    0.000040    1.000000    0.250000    3.176723    0.991540    1.000000    21.568110   45.382445   3.176723    0.147352    0.991540    0.208461    0.220815    0.000327    0.998432    6.096753    0.034591    0.122168    0.000000    0.000050    0.000500    0.000005    0.000500    0.000500    0.000005    0.000050    0.000050    0.000050    0.747676    13.080248  
[37m[36mINFO[0m[0m 07/16 20:24:08 | 0.800488    0.816626    0.000000    0.967161    0.115359    0.800488    0.816626    0.970085    0.967066    0.964331    1500        35.928144   7.291420    0.016553    0.656939    0.376204    -4.848500   0.475250    10.234440   8.084460    21.000000   0.376008    0.343112    0.983927    0.982294    0.016553    3.362677    3.927791    7.258536    0.032847    0.000038    1.000000    0.250000    3.216574    0.990768    1.000000    20.805908   45.385958   3.216574    0.154661    0.990768    0.206503    0.218950    0.000236    0.998580    6.281300    0.039264    0.107103    0.000000    0.000050    0.000500    0.000005    0.000500    0.000500    0.000005    0.000050    0.000050    0.000050    0.739494    13.962543  
[37m[36mINFO[0m[0m 07/16 20:25:43 | 0.858450    0.870416    0.000000    0.974288    0.091012    0.858450    0.870416    0.976496    0.982036    0.964331    1600        38.323353   7.263344    0.012092    0.654945    0.359622    -4.933958   0.500000    10.191171   8.095072    21.000000   0.359452    0.345101    0.984673    0.983145    0.012092    3.350859    3.916949    7.230561    0.032747    0.000036    1.000000    0.250000    3.277168    0.990535    1.000000    20.991671   45.389546   3.277168    0.156200    0.990535    0.207365    0.223181    0.000162    0.999024    4.948577    0.037201    0.085156    0.000000    0.000050    0.000500    0.000005    0.000500    0.000500    0.000005    0.000050    0.000050    0.000050    0.729663    13.687488  
[37m[36mINFO[0m[0m 07/16 20:27:17 | 0.841367    0.828851    0.000000    0.972724    0.096277    0.841367    0.828851    0.970085    0.985030    0.963057    1700        40.718563   7.241905    0.010197    0.653938    0.341299    -5.127611   0.500000    10.177463   8.065442    21.000000   0.341134    0.346106    0.984678    0.983090    0.010197    3.342548    3.907705    7.209174    0.032697    0.000034    1.000000    0.250000    3.332431    0.989534    1.000000    20.018834   45.395009   3.332431    0.166582    0.989534    0.207581    0.219314    0.000183    0.998629    4.308794    0.037418    0.066559    0.000000    0.000050    0.000500    0.000005    0.000500    0.000500    0.000005    0.000050    0.000050    0.000050    0.729714    14.006049  
[37m[36mINFO[0m[0m 07/16 20:28:52 | 0.815741    0.833741    0.000000    0.954111    0.189876    0.815741    0.833741    0.963675    0.961078    0.937580    1800        43.113772   7.247281    0.014401    0.655453    0.325904    -5.235958   0.500000    10.156285   8.062724    21.000000   0.325758    0.344587    0.984053    0.982222    0.014401    3.353989    3.898446    7.214476    0.032773    0.000033    1.000000    0.250000    3.312648    0.989216    1.000000    19.616655   45.393647   3.312648    0.168938    0.989216    0.207398    0.218794    0.000161    0.998820    5.562122    0.044043    0.101949    0.000000    0.000050    0.000500    0.000005    0.000500    0.000500    0.000005    0.000050    0.000050    0.000050    0.729427    12.817449  
[37m[36mINFO[0m[0m 07/16 20:30:26 | 0.837096    0.865526    0.000000    0.973575    0.092198    0.837096    0.865526    0.974359    0.982036    0.964331    1900        45.508982   7.224920    0.008528    0.653529    0.311803    -5.349064   0.500000    10.071717   8.060060    21.000000   0.311661    0.346508    0.985239    0.983616    0.008528    3.347668    3.889508    7.192213    0.032676    0.000031    1.000000    0.250000    3.419933    0.989014    1.000000    20.041550   45.399184   3.419933    0.170714    0.989014    0.215015    0.227599    0.000139    0.998930    4.973382    0.040198    0.073720    0.000000    0.000050    0.000500    0.000005    0.000500    0.000500    0.000005    0.000050    0.000050    0.000050    0.722630    13.055327  
[37m[36mINFO[0m[0m 07/16 20:32:01 | 0.849298    0.821516    0.000000    0.964469    0.137408    0.849298    0.821516    0.955128    0.979042    0.959236    2000        47.904192   7.222835    0.009927    0.649903    0.300842    -5.404102   0.500000    10.230092   8.083012    21.000000   0.300747    0.350132    0.985042    0.983389    0.009927    3.344378    3.890047    7.190310    0.032495    0.000030    1.000000    0.250000    3.500101    0.988869    1.000000    20.520589   45.404609   3.500101    0.170740    0.988869    0.221762    0.236808    0.000070    0.999531    4.970275    0.042923    0.067817    0.000000    0.000050    0.000500    0.000005    0.000500    0.000500    0.000005    0.000050    0.000050    0.000050    0.736726    11.425285  
[37m[36mINFO[0m[0m 07/16 20:33:36 | 0.870653    0.865526    0.000000    0.971178    0.121726    0.870653    0.865526    0.978632    0.982036    0.952866    2100        50.299401   7.202847    0.006389    0.649754    0.290249    -5.559821   0.500000    10.157362   8.117242    21.000000   0.290166    0.350280    0.985005    0.983335    0.006389    3.344789    3.874750    7.170330    0.032488    0.000029    1.000000    0.250000    3.506374    0.988146    1.000000    19.579217   45.406503   3.506374    0.179234    0.988146    0.216974    0.230278    0.000086    0.999220    4.492161    0.039735    0.053310    0.000000    0.000050    0.000500    0.000005    0.000500    0.000500    0.000005    0.000050    0.000050    0.000050    0.741383    12.798653  
[37m[36mINFO[0m[0m 07/16 20:35:11 | 0.846858    0.877751    0.000000    0.968740    0.130338    0.846858    0.877751    0.963675    0.982036    0.960510    2200        52.694611   7.202976    0.009300    0.648672    0.281416    -5.679962   0.500000    10.129289   8.082161    21.000000   0.281317    0.351360    0.984730    0.983017    0.009300    3.347611    3.870403    7.170514    0.032434    0.000028    1.000000    0.250000    3.561342    0.987712    1.000000    19.529474   45.410196   3.561342    0.182441    0.987712    0.220408    0.234053    0.000073    0.999284    5.294002    0.045390    0.063600    0.000000    0.000050    0.000500    0.000005    0.000500    0.000500    0.000005    0.000050    0.000050    0.000050    0.728896    13.204816  
[37m[36mINFO[0m[0m 07/16 20:36:46 | 0.828554    0.848411    0.000000    0.970039    0.146150    0.828554    0.848411    0.972222    0.985030    0.952866    2300        55.089820   7.242940    0.015082    0.645929    0.273046    -5.702055   0.500000    10.226228   8.088895    21.000000   0.272974    0.354104    0.983761    0.981783    0.015082    3.363537    3.889018    7.210616    0.032296    0.000027    1.000000    0.250000    3.569181    0.987715    1.000000    19.894443   45.413476   3.569181    0.179918    0.987715    0.222419    0.240495    0.000043    0.999644    7.460150    0.050135    0.098992    0.000000    0.000050    0.000500    0.000005    0.000500    0.000500    0.000005    0.000050    0.000050    0.000050    0.723817    13.555880  
[37m[36mINFO[0m[0m 07/16 20:38:20 | 0.850519    0.863081    0.000000    0.971440    0.104696    0.850519    0.863081    0.972222    0.979042    0.963057    2400        57.485030   7.213902    0.014566    0.645926    0.263999    -5.776599   0.500000    10.215564   8.140235    21.000000   0.263886    0.354106    0.985383    0.983713    0.014566    3.356516    3.868263    7.181579    0.032296    0.000026    1.000000    0.250000    3.614802    0.987900    1.000000    20.216618   45.416268   3.614802    0.179039    0.987900    0.223510    0.245070    0.000033    0.999755    5.724954    0.046250    0.086539    0.000000    0.000050    0.000500    0.000005    0.000500    0.000500    0.000005    0.000050    0.000050    0.000050    0.736974    13.406045  
[37m[36mINFO[0m[0m 07/16 20:39:56 | 0.840757    0.848411    0.000000    0.968331    0.109457    0.840757    0.848411    0.974359    0.979042    0.951592    2500        59.880240   7.183970    0.008943    0.644069    0.255689    -5.911547   0.500000    10.216585   8.070595    21.000000   0.255627    0.355959    0.985653    0.984122    0.008943    3.340937    3.860976    7.151741    0.032203    0.000026    1.000000    0.250000    3.716012    0.987343    1.000000    20.110582   45.424538   3.716012    0.185016    0.987343    0.226583    0.247020    0.000034    0.999705    5.218069    0.042794    0.059333    0.000000    0.000050    0.000500    0.000005    0.000500    0.000500    0.000005    0.000050    0.000050    0.000050    0.738624    13.666431  
[37m[36mINFO[0m[0m 07/16 20:41:32 | 0.874314    0.872861    0.000000    0.970305    0.149487    0.874314    0.872861    0.974359    0.976048    0.960510    2600        62.275449   7.218884    0.014812    0.641521    0.248310    -6.032504   0.500000    10.211160   8.047111    21.000000   0.248246    0.358508    0.983980    0.982114    0.014812    3.362827    3.869468    7.186783    0.032076    0.000025    1.000000    0.250000    3.651492    0.986869    1.000000    19.107056   45.424896   3.651492    0.191386    0.986869    0.218421    0.237983    0.000043    0.999549    7.355951    0.050375    0.083071    0.000000    0.000050    0.000500    0.000005    0.000500    0.000500    0.000005    0.000050    0.000050    0.000050    0.745327    12.918555  
[37m[36mINFO[0m[0m 07/16 20:43:09 | 0.798658    0.821516    0.000000    0.970589    0.111654    0.798658    0.821516    0.967949    0.982036    0.961783    2700        64.670659   7.194663    0.016575    0.641208    0.244088    -6.089866   0.500000    10.183397   8.054459    21.000000   0.244041    0.358818    0.984524    0.982814    0.016575    3.354704    3.852198    7.162579    0.032060    0.000024    1.000000    0.250000    3.644409    0.986973    1.000000    19.217468   45.421409   3.644409    0.189873    0.986973    0.215771    0.239569    0.000020    0.999682    6.756079    0.047084    0.104561    0.000000    0.000050    0.000500    0.000005    0.000500    0.000500    0.000005    0.000050    0.000050    0.000050    0.733274    15.089422  
[37m[36mINFO[0m[0m 07/16 20:44:46 | 0.820622    0.845966    0.000000    0.972290    0.107724    0.820622    0.845966    0.972222    0.979042    0.965605    2800        67.065868   7.174335    0.010514    0.640649    0.238059    -6.195633   0.500000    10.143125   8.071594    21.000000   0.238010    0.359378    0.985108    0.983556    0.010514    3.344288    3.849433    7.142279    0.032032    0.000024    1.000000    0.250000    3.649519    0.986199    1.000000    18.378753   45.425512   3.649519    0.198687    0.986199    0.211599    0.233356    0.000018    0.999628    4.686108    0.043427    0.062993    0.000000    0.000050    0.000500    0.000005    0.000500    0.000500    0.000005    0.000050    0.000050    0.000050    0.734066    14.517295  
[37m[36mINFO[0m[0m 07/16 20:46:22 | 0.849908    0.841076    0.000000    0.966181    0.147968    0.849908    0.841076    0.961538    0.979042    0.957962    2900        69.461078   7.162153    0.006084    0.638696    0.232930    -6.310164   0.500000    10.143650   8.124267    21.000000   0.232844    0.361329    0.986229    0.984871    0.006084    3.336548    3.850664    7.130195    0.031935    0.000023    1.000000    0.250000    3.771850    0.985799    1.000000    18.686425   45.432358   3.771850    0.201966    0.985799    0.218163    0.240578    0.000023    0.999649    3.115913    0.041493    0.042107    0.000000    0.000050    0.000500    0.000005    0.000500    0.000500    0.000005    0.000050    0.000050    0.000050    0.732817    14.262081  
[37m[36mINFO[0m[0m 07/16 20:47:55 | 0.824283    0.858191    0.000000    0.974274    0.116828    0.824283    0.858191    0.970085    0.982036    0.970701    3000        71.856287   7.149976    0.004628    0.637981    0.223959    -6.419662   0.500000    10.129868   8.167374    21.000000   0.223889    0.362045    0.986199    0.984853    0.004628    3.335755    3.841868    7.118054    0.031899    0.000022    1.000000    0.250000    3.806684    0.984931    1.000000    18.029521   45.441241   3.806684    0.211246    0.984931    0.216109    0.236411    0.000024    0.999664    2.723351    0.038827    0.028522    0.000000    0.000050    0.000500    0.000005    0.000500    0.000500    0.000005    0.000050    0.000050    0.000050    0.731079    12.973301  
[37m[36mINFO[0m[0m 07/16 20:49:30 | 0.790116    0.831296    0.000000    0.965482    0.165921    0.790116    0.831296    0.965812    0.979042    0.951592    3100        74.251497   7.117308    0.001468    0.639601    0.215820    -6.563240   0.500000    10.087869   8.145101    21.000000   0.215734    0.360425    0.986551    0.985248    0.001468    3.326452    3.823019    7.085306    0.031980    0.000022    1.000000    0.250000    3.848195    0.984456    1.000000    17.876233   45.441963   3.848195    0.215399    0.984456    0.220097    0.238511    0.000025    0.999553    1.540102    0.038356    0.011964    0.000000    0.000050    0.000500    0.000005    0.000500    0.000500    0.000005    0.000050    0.000050    0.000050    0.728140    12.959624  
[37m[36mINFO[0m[0m 07/16 20:51:07 | 0.859671    0.872861    0.000000    0.974998    0.104959    0.859671    0.872861    0.974359    0.985030    0.965605    3200        76.646707   7.129251    0.004203    0.639289    0.210840    -6.626565   0.500000    10.124602   8.114570    21.000000   0.210798    0.360738    0.986041    0.984622    0.004203    3.331804    3.827524    7.097265    0.031964    0.000021    1.000000    0.250000    3.877889    0.984618    1.000000    18.147503   45.441394   3.877889    0.213763    0.984618    0.224406    0.243467    0.000024    0.999666    2.786814    0.042026    0.027405    0.000000    0.000050    0.000500    0.000005    0.000500    0.000500    0.000005    0.000050    0.000050    0.000050    0.748117    12.516333  
[37m[36mINFO[0m[0m 07/16 20:52:28 | 0.827334    0.833741    0.000000    0.972149    0.129179    0.827334    0.833741    0.965812    0.985030    0.965605    3300        79.041916   7.123522    0.001500    0.639157    0.203514    -6.772765   0.500000    10.063254   8.092229    21.000000   0.203433    0.360868    0.986112    0.984740    0.001500    3.329425    3.828347    7.091544    0.031958    0.000020    1.000000    0.250000    3.877069    0.983957    1.000000    17.611122   45.442827   3.877069    0.220214    0.983957    0.222018    0.240452    0.000024    0.999553    1.674043    0.042389    0.011503    0.000000    0.000050    0.000500    0.000005    0.000500    0.000500    0.000005    0.000050    0.000050    0.000050    0.637522    13.601585  
[37m[36mINFO[0m[0m 07/16 20:54:02 | 0.798658    0.804401    0.000000    0.957516    0.201908    0.798658    0.804401    0.957265    0.970060    0.945223    3400        81.437126   7.148483    0.010414    0.637982    0.196892    -6.803387   0.500000    10.076324   8.123461    21.000000   0.196866    0.362044    0.983872    0.981970    0.010414    3.343901    3.830283    7.116564    0.031899    0.000020    1.000000    0.250000    3.820808    0.983530    1.000000    17.187444   45.442531   3.820808    0.222552    0.983530    0.219321    0.237067    0.000027    0.999560    5.093406    0.049622    0.056746    0.000000    0.000050    0.000500    0.000005    0.000500    0.000500    0.000005    0.000050    0.000050    0.000050    0.723140    13.405140  
[37m[36mINFO[0m[0m 07/16 20:55:36 | 0.834655    0.855746    0.000000    0.962490    0.205304    0.834655    0.855746    0.970085    0.967066    0.950318    3500        83.832335   7.174333    0.014024    0.634377    0.198820    -6.737988   0.500000    10.240988   8.116716    21.000000   0.198844    0.365646    0.983632    0.981824    0.014024    3.354056    3.841894    7.142595    0.031719    0.000020    1.000000    0.250000    3.878160    0.984978    1.000000    18.720568   45.444846   3.878160    0.207389    0.984978    0.228244    0.253742    0.000009    0.999864    6.356926    0.051399    0.071745    0.000000    0.000050    0.000500    0.000005    0.000500    0.000500    0.000005    0.000050    0.000050    0.000050    0.720213    13.483748  
[37m[36mINFO[0m[0m 07/16 20:57:12 | 0.852349    0.882641    0.000000    0.970300    0.134798    0.852349    0.882641    0.961538    0.985030    0.964331    3600        86.227545   7.165519    0.013280    0.633745    0.196159    -6.857427   0.500000    10.140010   8.067439    21.000000   0.196099    0.366280    0.984657    0.982977    0.013280    3.355797    3.833309    7.133812    0.031687    0.000020    1.000000    0.250000    3.848840    0.984770    1.000000    18.233976   45.445185   3.848840    0.211386    0.984770    0.219869    0.247393    0.000012    0.999799    6.596659    0.049876    0.074598    0.000000    0.000050    0.000500    0.000005    0.000500    0.000500    0.000005    0.000050    0.000050    0.000050    0.755889    12.742008  
[37m[36mINFO[0m[0m 07/16 20:58:47 | 0.822453    0.828851    0.000000    0.966482    0.141827    0.822453    0.828851    0.970085    0.979042    0.950318    3700        88.622754   7.126113    0.007946    0.633995    0.189986    -6.960246   0.500000    10.198767   8.039307    21.000000   0.189903    0.366030    0.985279    0.983821    0.007946    3.338367    3.817685    7.094395    0.031700    0.000019    1.000000    0.250000    3.918911    0.985028    1.000000    18.667600   45.450768   3.918911    0.210083    0.985028    0.224293    0.253867    0.000009    0.999868    4.325992    0.046048    0.047810    0.000000    0.000050    0.000500    0.000005    0.000500    0.000500    0.000005    0.000050    0.000050    0.000050    0.729517    14.457880  
[37m[36mINFO[0m[0m 07/16 21:00:23 | 0.843197    0.850856    0.000000    0.963472    0.194443    0.843197    0.850856    0.959402    0.973054    0.957962    3800        91.017964   7.132556    0.009878    0.632006    0.184366    -6.989681   0.500000    10.220214   8.021583    21.000000   0.184345    0.368017    0.984128    0.982536    0.009878    3.341717    3.819239    7.100937    0.031600    0.000018    1.000000    0.250000    3.844561    0.983891    1.000000    17.363730   45.444734   3.844561    0.221647    0.983891    0.213439    0.240178    0.000014    0.999741    5.088257    0.045172    0.054630    0.000000    0.000050    0.000500    0.000005    0.000500    0.000500    0.000005    0.000050    0.000050    0.000050    0.727956    13.992474  
[37m[36mINFO[0m[0m 07/16 21:01:57 | 0.821232    0.836186    0.000000    0.960062    0.227022    0.821232    0.836186    0.952991    0.973054    0.954140    3900        93.413174   7.135365    0.009990    0.629478    0.182648    -7.037556   0.500000    10.238386   8.079502    21.000000   0.182656    0.370545    0.984031    0.982356    0.009990    3.346642    3.817616    7.103873    0.031474    0.000018    1.000000    0.250000    3.905280    0.983718    1.000000    17.509430   45.450762   3.905280    0.223248    0.983718    0.215568    0.243863    0.000010    0.999779    5.700227    0.047984    0.052152    0.000000    0.000050    0.000500    0.000005    0.000500    0.000500    0.000005    0.000050    0.000050    0.000050    0.718030    13.207830  
[37m[36mINFO[0m[0m 07/16 21:03:29 | 0.812691    0.826406    0.000000    0.957960    0.184850    0.812691    0.826406    0.952991    0.982036    0.938854    4000        95.808383   7.127841    0.008274    0.628569    0.181286    -7.159262   0.500000    10.162548   8.114933    21.000000   0.181231    0.371455    0.984953    0.983477    0.008274    3.342074    3.817640    7.096395    0.031428    0.000018    1.000000    0.250000    3.952359    0.983883    1.000000    17.942888   45.459048   3.952359    0.220636    0.983883    0.219365    0.249675    0.000004    0.999890    4.722212    0.046469    0.043731    0.000000    0.000050    0.000500    0.000005    0.000500    0.000500    0.000005    0.000050    0.000050    0.000050    0.723888    12.921751  
[37m[36mINFO[0m[0m 07/16 21:05:02 | 0.857840    0.865526    0.000000    0.961363    0.145170    0.857840    0.865526    0.965812    0.973054    0.945223    4100        98.203593   7.128027    0.009927    0.630510    0.176244    -7.219666   0.500000    10.254055   8.127754    21.000000   0.176193    0.369514    0.985438    0.984041    0.009927    3.344774    3.813980    7.096484    0.031525    0.000018    1.000000    0.250000    3.944939    0.984174    1.000000    18.310606   45.456173   3.944939    0.215697    0.984174    0.221575    0.253826    0.000001    0.999949    5.002392    0.046141    0.051494    0.000000    0.000050    0.000500    0.000005    0.000500    0.000500    0.000005    0.000050    0.000050    0.000050    0.723806    12.921328  
[37m[36mINFO[0m[0m 07/16 21:06:35 | 0.824283    0.819071    0.000000    0.965057    0.173716    0.824283    0.819071    0.965812    0.979042    0.950318    4200        100.598802  7.131670    0.010537    0.627613    0.171525    -7.295111   0.500000    10.181187   8.171884    21.000000   0.171494    0.372408    0.985164    0.983732    0.010537    3.347159    3.815528    7.100273    0.031381    0.000017    1.000000    0.250000    3.968676    0.983934    1.000000    18.176561   45.466634   3.968676    0.218849    0.983934    0.219708    0.253643    0.000002    0.999934    5.150658    0.046195    0.054233    0.000000    0.000050    0.000500    0.000005    0.000500    0.000500    0.000005    0.000050    0.000050    0.000050    0.727295    12.446100  
[37m[36mINFO[0m[0m 07/16 21:08:12 | 0.851129    0.828851    0.000000    0.962776    0.161977    0.851129    0.828851    0.967949    0.970060    0.950318    4300        102.994012  7.100813    0.005256    0.629526    0.166275    -7.405732   0.500000    10.182960   8.178277    21.000000   0.166190    0.370495    0.986062    0.984824    0.005256    3.332055    3.806067    7.069320    0.031476    0.000017    1.000000    0.250000    4.028553    0.983409    1.000000    17.803842   45.468258   4.028553    0.226659    0.983409    0.218701    0.251905    0.000003    0.999904    3.508075    0.042214    0.037445    0.000000    0.000050    0.000500    0.000005    0.000500    0.000500    0.000005    0.000050    0.000050    0.000050    0.746495    13.126162  
[37m[36mINFO[0m[0m 07/16 21:09:45 | 0.854790    0.853301    0.000000    0.950528    0.242700    0.854790    0.853301    0.952991    0.952096    0.946497    4400        105.389222  7.099082    0.003822    0.631020    0.158968    -7.513174   0.500000    10.142278   8.149559    21.000000   0.158906    0.369001    0.986108    0.984949    0.003822    3.331029    3.807796    7.067515    0.031551    0.000016    1.000000    0.250000    4.058407    0.982540    1.000000    17.162515   45.469941   4.058407    0.236558    0.982540    0.216572    0.247310    0.000004    0.999830    2.764149    0.041950    0.024827    0.000000    0.000050    0.000500    0.000005    0.000500    0.000500    0.000005    0.000050    0.000050    0.000050    0.717765    12.925485  
[37m[36mINFO[0m[0m 07/16 21:11:18 | 0.871263    0.872861    0.000000    0.970018    0.131807    0.871263    0.872861    0.972222    0.976048    0.961783    4500        107.784431  7.133851    0.011559    0.628783    0.155236    -7.505834   0.500000    10.144917   8.121567    21.000000   0.155238    0.371239    0.983913    0.982245    0.011559    3.353911    3.811985    7.102397    0.031439    0.000016    1.000000    0.250000    3.900459    0.982571    1.000000    16.721901   45.450144   3.900459    0.233449    0.982571    0.211959    0.242328    0.000005    0.999849    6.328432    0.053028    0.062643    0.000000    0.000050    0.000500    0.000005    0.000500    0.000500    0.000005    0.000050    0.000050    0.000050    0.722208    13.451587  
[37m[36mINFO[0m[0m 07/16 21:12:52 | 0.862111    0.838631    0.000000    0.972575    0.127874    0.862111    0.838631    0.970085    0.982036    0.965605    4600        110.179641  7.094187    0.003754    0.626584    0.153022    -7.567553   0.500000    10.195404   8.108108    21.000000   0.152957    0.373437    0.986111    0.984915    0.003754    3.335078    3.799685    7.062842    0.031329    0.000015    1.000000    0.250000    4.020311    0.982741    1.000000    17.348464   45.463790   4.020311    0.231915    0.982741    0.215920    0.249812    0.000003    0.999908    2.211839    0.040358    0.021150    0.000000    0.000050    0.000500    0.000005    0.000500    0.000500    0.000005    0.000050    0.000050    0.000050    0.725950    13.717507  
[37m[36mINFO[0m[0m 07/16 21:14:26 | 0.879195    0.887531    0.000000    0.972567    0.120405    0.879195    0.887531    0.976496    0.973054    0.968153    4700        112.574850  7.102293    0.007955    0.626745    0.147220    -7.673805   0.500000    10.102671   8.148744    21.000000   0.147190    0.373276    0.985164    0.983768    0.007955    3.338736    3.800988    7.070941    0.031337    0.000015    1.000000    0.250000    4.005228    0.982135    1.000000    16.755697   45.469733   4.005228    0.239334    0.982135    0.211929    0.244536    0.000003    0.999905    4.601871    0.047227    0.048704    0.000000    0.000050    0.000500    0.000005    0.000500    0.000500    0.000005    0.000050    0.000050    0.000050    0.716702    13.696316  
[37m[36mINFO[0m[0m 07/16 21:16:01 | 0.886516    0.889976    0.000000    0.975139    0.134490    0.886516    0.889976    0.980769    0.979042    0.965605    4800        114.970060  7.100163    0.005899    0.626356    0.144197    -7.745847   0.500000    10.143178   8.112743    21.000000   0.144138    0.373664    0.985670    0.984381    0.005899    3.338981    3.801409    7.068831    0.031318    0.000014    1.000000    0.250000    4.043659    0.982127    1.000000    17.026171   45.470502   4.043659    0.237804    0.982127    0.215654    0.249868    0.000002    0.999913    2.862051    0.043834    0.026845    0.000000    0.000050    0.000500    0.000005    0.000500    0.000500    0.000005    0.000050    0.000050    0.000050    0.732392    14.092412  
[37m[36mINFO[0m[0m 07/16 21:17:38 | 0.887736    0.892421    0.000000    0.969605    0.177234    0.887736    0.892421    0.974359    0.979042    0.955414    4900        117.365269  7.066159    0.001720    0.627713    0.139160    -7.861154   0.500000    10.091672   8.089679    21.000000   0.139132    0.372308    0.986151    0.985053    0.001720    3.328100    3.783550    7.034759    0.031386    0.000014    1.000000    0.250000    4.073783    0.981452    1.000000    16.516940   45.475908   4.073783    0.246761    0.981452    0.212945    0.245780    0.000004    0.999826    2.029004    0.040733    0.014084    0.000000    0.000050    0.000500    0.000005    0.000500    0.000500    0.000005    0.000050    0.000050    0.000050    0.727659    13.550229  
[37m[36mINFO[0m[0m 07/16 21:19:14 | 0.785845    0.806846    0.000000    0.964198    0.159785    0.785845    0.806846    0.967949    0.973054    0.951592    5000        119.760479  7.111361    0.012054    0.626368    0.137079    -7.781589   0.500000    10.111927   8.103880    21.000000   0.137068    0.373654    0.983847    0.982284    0.012054    3.345434    3.800357    7.080029    0.031318    0.000014    1.000000    0.250000    3.953578    0.981772    1.000000    16.400299   45.463282   3.953578    0.241612    0.981772    0.210583    0.243040    0.000004    0.999816    6.544121    0.052946    0.070625    0.000000    0.000050    0.000500    0.000005    0.000500    0.000500    0.000005    0.000050    0.000050    0.000050    0.751156    13.350809  
[37m[36mINFO[0m[0m 07/16 21:19:14 | ---
[37m[33mWARNING[0m[0m 07/16 21:19:15 | Evaluate SWAD ...
[37m[36mINFO[0m[0m 07/16 21:19:29 | 0.912752    0.907090    0.000000    0.984238    0.264357    0.912752    0.907090    0.982906    0.994012    0.975796    [401-4800]  (N=45)
[37m[36mINFO[0m[0m 07/16 21:19:29 | oracle = 89.506%
[37m[36mINFO[0m[0m 07/16 21:19:29 | iid = 88.652%
[37m[36mINFO[0m[0m 07/16 21:19:29 | last = 78.585%
[37m[36mINFO[0m[0m 07/16 21:19:29 | last (inD) = 96.420%
[37m[36mINFO[0m[0m 07/16 21:19:29 | iid (inD) = 97.514%
[37m[36mINFO[0m[0m 07/16 21:19:29 | SWAD = 91.275%
[37m[36mINFO[0m[0m 07/16 21:19:29 | SWAD (inD) = 98.424%
[37m[36mINFO[0m[0m 07/16 21:19:29 | 
[37m[36mINFO[0m[0m 07/16 21:19:34 | Testenv name escaping te_cartoon -> te_cartoon
[37m[36mINFO[0m[0m 07/16 21:19:34 | Test envs = [1], name = te_cartoon
[37m[36mINFO[0m[0m 07/16 21:19:34 | Batch sizes for each domain: [32, 0, 32, 32] (total=96)
[37m[36mINFO[0m[0m 07/16 21:19:34 | steps-per-epoch for each domain: 51.22, 41.75, 98.25 -> min = 41.75
[37m[36mINFO[0m[0m 07/16 21:19:37 | # of params = 53365703
[37m[36mINFO[0m[0m 07/16 21:19:53 | test_in     test_out    train_in    train_out   tr_outloss  env0_out    env1_in     env1_out    env2_out    env3_out    step        epoch       loss        loss_cls    loss_isr    loss_orth   loss_gt     piccl_alph  paired_res  domain_res  valid_doma  basis_orth  response_c  raw_interv  mediator_i  ce_loss     sup_cl_los  pre_cl_los  dccl_total  weighted_l  weighted_l  piccl_feat  residual_s  residual_d  fused_orig  piccl_exec  original_f  piccl_feat  feature_de  feature_de  original_f  gate_mean   gate_std    gate_min    gate_max    backbone_g  piccl_grad  classifier  has_nan_or  param_grou  param_grou  param_grou  param_grou  param_grou  param_grou  param_grou  param_grou  param_grou  step_time   eval_time  
[37m[36mINFO[0m[0m 07/16 21:19:53 | 0.203625    0.190171    0.000000    0.302488    1.855003    0.293399    0.203625    0.190171    0.419162    0.194904    0           0.000000    12.244287   1.996451    0.000000    0.149580    -5.756462   0.000000    0.000000    0.000000    20.000000   0.137917    0.000000    0.913917    0.913917    1.996451    5.277705    5.027680    12.244272   0.000000    0.000015    0.000000    0.250000    0.000000    1.000000    1.000000    25.206272   45.253387   0.000000    0.000000    1.000000    0.075858    0.000000    0.075858    0.075858    14.754700   0.000171    3.896585    0.000000    0.000050    0.000500    0.000005    0.000500    0.000500    0.000005    0.000050    0.000050    0.000050    0.865616    15.252568  
[37m[36mINFO[0m[0m 07/16 21:21:27 | 0.785181    0.807692    0.000000    0.961554    0.122337    0.963325    0.785181    0.807692    0.985030    0.936306    100         2.395210    8.711852    0.278845    0.975036    0.091377    0.539228    0.000000    12.675202   4.074528    20.970000   0.090713    0.025506    0.969314    0.968442    0.278845    3.803206    4.575647    8.663091    0.048752    0.000009    1.000000    0.250000    0.900117    0.999741    1.000000    42.099485   45.264505   0.900117    0.022031    0.999741    0.095266    0.060927    0.014325    0.576792    15.615291   0.016942    1.897847    0.000000    0.000050    0.000500    0.000005    0.000500    0.000500    0.000005    0.000050    0.000050    0.000050    0.729389    12.855888  
[37m[36mINFO[0m[0m 07/16 21:23:03 | 0.760128    0.767094    0.000000    0.961864    0.125906    0.960880    0.760128    0.767094    0.982036    0.942675    200         4.790419    7.958199    0.094238    0.900507    0.108374    -1.466077   0.000000    11.631520   6.099834    21.000000   0.109538    0.100203    0.977619    0.976771    0.094238    3.522079    4.311507    7.913163    0.045025    0.000011    1.000000    0.250000    1.438886    0.999074    1.000000    33.962091   45.281069   1.438886    0.042644    0.999074    0.126480    0.126445    0.002867    0.958720    13.758385   0.017919    0.735506    0.000000    0.000050    0.000500    0.000005    0.000500    0.000500    0.000005    0.000050    0.000050    0.000050    0.742527    12.507985  
[37m[36mINFO[0m[0m 07/16 21:24:38 | 0.816631    0.837607    0.000000    0.960405    0.121945    0.943765    0.816631    0.837607    0.982036    0.955414    300         7.185629    7.779322    0.069578    0.849846    0.267020    -2.212028   0.000000    11.294956   6.961252    21.000000   0.268391    0.150614    0.979798    0.978909    0.069578    3.472243    4.217103    7.736803    0.042492    0.000027    1.000000    0.250000    1.823802    0.998292    1.000000    30.764708   45.296541   1.823802    0.059367    0.998292    0.146609    0.157431    0.001800    0.988052    11.888323   0.016946    0.519985    0.000000    0.000050    0.000500    0.000005    0.000500    0.000500    0.000005    0.000050    0.000050    0.000050    0.726841    13.356741  
[37m[36mINFO[0m[0m 07/16 21:26:13 | 0.785714    0.807692    0.000000    0.967440    0.110659    0.958435    0.785714    0.807692    0.991018    0.952866    400         9.580838    7.631132    0.045319    0.805965    0.354310    -2.647139   0.000000    11.237464   7.337875    21.000000   0.354872    0.194526    0.980901    0.980017    0.045319    3.427517    4.144434    7.590798    0.040298    0.000035    1.000000    0.250000    2.093210    0.997543    1.000000    28.873215   45.309590   2.093210    0.072609    0.997543    0.160522    0.173745    0.001577    0.992631    12.059147   0.015600    0.375457    0.000000    0.000050    0.000500    0.000005    0.000500    0.000500    0.000005    0.000050    0.000050    0.000050    0.726373    13.885497  
[37m[36mINFO[0m[0m 07/16 21:27:47 | 0.801706    0.801282    0.000000    0.945805    0.208679    0.914425    0.801706    0.801282    0.979042    0.943949    500         11.976048   7.512033    0.031325    0.768262    0.410642    -2.907055   0.000000    11.186396   7.533594    21.000000   0.411237    0.232144    0.981677    0.980771    0.031325    3.394881    4.076443    7.473579    0.038413    0.000041    1.000000    0.250000    2.317598    0.996845    1.000000    27.859433   45.322022   2.317598    0.083366    0.996845    0.173216    0.187985    0.001139    0.994383    9.702939    0.013643    0.263386    0.000000    0.000050    0.000500    0.000005    0.000500    0.000500    0.000005    0.000050    0.000050    0.000050    0.722563    13.651926  
[37m[36mINFO[0m[0m 07/16 21:29:22 | 0.784115    0.790598    0.000000    0.962930    0.121133    0.955990    0.784115    0.790598    0.985030    0.947771    600         14.371257   7.482592    0.030853    0.736958    0.464232    -3.192502   0.025250    11.109928   7.637774    21.000000   0.464682    0.263360    0.981834    0.980848    0.030853    3.398274    4.048495    7.445697    0.036848    0.000046    1.000000    0.250000    2.446535    0.996195    1.000000    26.296068   45.330014   2.446535    0.093092    0.996195    0.177943    0.193141    0.000769    0.995382    10.138403   0.013906    0.245399    0.000000    0.000050    0.000500    0.000005    0.000500    0.000500    0.000005    0.000050    0.000050    0.000050    0.724157    13.834749  
[37m[36mINFO[0m[0m 07/16 21:30:58 | 0.771855    0.794872    0.000000    0.951135    0.155383    0.946210    0.771855    0.794872    0.967066    0.940127    700         16.766467   7.441999    0.028350    0.714293    0.494528    -3.440858   0.075250    11.063600   7.717661    21.000000   0.494665    0.285962    0.982796    0.981787    0.028350    3.390575    4.021719    7.406235    0.035715    0.000049    1.000000    0.250000    2.555711    0.995550    1.000000    25.106498   45.336742   2.555711    0.101887    0.995550    0.180597    0.195950    0.000792    0.995948    9.827348    0.014492    0.232603    0.000000    0.000050    0.000500    0.000005    0.000500    0.000500    0.000005    0.000050    0.000050    0.000050    0.725810    13.635234  
[37m[36mINFO[0m[0m 07/16 21:32:35 | 0.816098    0.824786    0.000000    0.961473    0.156869    0.958435    0.816098    0.824786    0.982036    0.943949    800         19.161677   7.382352    0.021952    0.701352    0.495201    -3.697403   0.125250    10.946769   7.717602    21.000000   0.495058    0.298856    0.984095    0.983201    0.021952    3.371647    3.990609    7.347235    0.035068    0.000050    1.000000    0.250000    2.633004    0.994998    1.000000    24.030180   45.342048   2.633004    0.109763    0.994998    0.182629    0.196711    0.000805    0.995096    7.805363    0.013734    0.168820    0.000000    0.000050    0.000500    0.000005    0.000500    0.000500    0.000005    0.000050    0.000050    0.000050    0.747445    14.082342  
[37m[36mINFO[0m[0m 07/16 21:34:09 | 0.807569    0.833333    0.000000    0.967291    0.115733    0.958435    0.807569    0.833333    0.988024    0.955414    900         21.556886   7.368947    0.024412    0.686833    0.469893    -3.779899   0.175250    11.078114   7.724512    21.000000   0.469591    0.313339    0.982714    0.981526    0.024412    3.381972    3.965973    7.334558    0.034342    0.000047    1.000000    0.250000    2.744427    0.994585    1.000000    24.253618   45.346024   2.744427    0.113234    0.994585    0.191120    0.208415    0.000441    0.997855    10.472394   0.017001    0.178745    0.000000    0.000050    0.000500    0.000005    0.000500    0.000500    0.000005    0.000050    0.000050    0.000050    0.710860    14.219676  
[37m[36mINFO[0m[0m 07/16 21:35:42 | 0.803838    0.805556    0.000000    0.960383    0.135007    0.955990    0.803838    0.805556    0.985030    0.940127    1000        23.952096   7.333732    0.016335    0.680285    0.441331    -4.038802   0.225250    10.942279   7.750669    21.000000   0.441058    0.319860    0.984059    0.983032    0.016335    3.368462    3.955265    7.299674    0.034014    0.000044    1.000000    0.250000    2.834996    0.993885    1.000000    23.107968   45.352120   2.834996    0.122722    0.993885    0.190330    0.206511    0.000469    0.997241    7.153645    0.017954    0.136381    0.000000    0.000050    0.000500    0.000005    0.000500    0.000500    0.000005    0.000050    0.000050    0.000050    0.718383    13.019175  
[37m[36mINFO[0m[0m 07/16 21:37:15 | 0.800640    0.799145    0.000000    0.967201    0.128727    0.963325    0.800640    0.799145    0.979042    0.959236    1100        26.347305   7.305251    0.014797    0.673486    0.416242    -4.211526   0.275250    10.914921   7.790108    21.000000   0.416028    0.326632    0.983405    0.982210    0.014797    3.361461    3.937393    7.271536    0.033674    0.000042    1.000000    0.250000    2.899296    0.993357    1.000000    22.707184   45.357151   2.899296    0.127771    0.993357    0.193669    0.209347    0.000423    0.997333    7.121397    0.019780    0.115900    0.000000    0.000050    0.000500    0.000005    0.000500    0.000500    0.000005    0.000050    0.000050    0.000050    0.714709    13.400944  
[37m[36mINFO[0m[0m 07/16 21:38:50 | 0.841151    0.844017    0.000000    0.968682    0.130424    0.968215    0.841151    0.844017    0.976048    0.961783    1200        28.742515   7.259585    0.008575    0.666937    0.398704    -4.375710   0.325250    10.877544   7.798520    21.000000   0.398578    0.333166    0.984502    0.983446    0.008575    3.343318    3.918063    7.226198    0.033347    0.000040    1.000000    0.250000    3.012343    0.992732    1.000000    22.245415   45.364960   3.012343    0.135459    0.992732    0.197579    0.213188    0.000356    0.998274    5.366815    0.020115    0.073380    0.000000    0.000050    0.000500    0.000005    0.000500    0.000500    0.000005    0.000050    0.000050    0.000050    0.721553    13.753496  
[37m[36mINFO[0m[0m 07/16 21:40:25 | 0.789446    0.805556    0.000000    0.956515    0.177689    0.948655    0.789446    0.805556    0.982036    0.938854    1300        31.137725   7.261889    0.012666    0.659743    0.388284    -4.534877   0.375250    10.932054   7.842540    21.000000   0.388197    0.340348    0.984129    0.982821    0.012666    3.353260    3.908286    7.228863    0.032987    0.000039    1.000000    0.250000    3.042942    0.991951    1.000000    21.222656   45.366375   3.042942    0.143478    0.991951    0.198284    0.211086    0.000367    0.998131    6.413236    0.026048    0.085662    0.000000    0.000050    0.000500    0.000005    0.000500    0.000500    0.000005    0.000050    0.000050    0.000050    0.727826    13.324526  
[37m[36mINFO[0m[0m 07/16 21:42:01 | 0.781983    0.779915    0.000000    0.961646    0.126759    0.965770    0.781983    0.779915    0.979042    0.940127    1400        33.532934   7.287185    0.020899    0.657016    0.383907    -4.600531   0.425250    10.982436   7.858819    21.000000   0.383886    0.343056    0.983299    0.981706    0.020899    3.370251    3.909152    7.254296    0.032851    0.000038    1.000000    0.250000    3.119394    0.991947    1.000000    22.256481   45.368528   3.119394    0.140260    0.991947    0.207657    0.225111    0.000188    0.999129    9.310707    0.034616    0.139521    0.000000    0.000050    0.000500    0.000005    0.000500    0.000500    0.000005    0.000050    0.000050    0.000050    0.747187    12.401831  
[37m[36mINFO[0m[0m 07/16 21:43:36 | 0.810235    0.829060    0.000000    0.959673    0.149629    0.953545    0.810235    0.829060    0.970060    0.955414    1500        35.928144   7.271438    0.020267    0.655089    0.381299    -4.736733   0.475250    10.945661   7.824148    21.000000   0.381267    0.344972    0.983373    0.981767    0.020267    3.367371    3.898375    7.238645    0.032754    0.000038    1.000000    0.250000    3.091430    0.991271    1.000000    21.006385   45.367081   3.091430    0.147273    0.991271    0.198625    0.215578    0.000256    0.998301    8.992976    0.037035    0.120791    0.000000    0.000050    0.000500    0.000005    0.000500    0.000500    0.000005    0.000050    0.000050    0.000050    0.737687    13.747839  
[37m[36mINFO[0m[0m 07/16 21:45:11 | 0.839552    0.850427    0.000000    0.959121    0.154039    0.953545    0.839552    0.850427    0.976048    0.947771    1600        38.323353   7.213473    0.009044    0.652332    0.376185    -4.800444   0.500000    10.977155   7.810376    21.000000   0.376133    0.347720    0.984751    0.983406    0.009044    3.348066    3.871713    7.180818    0.032617    0.000038    1.000000    0.250000    3.258684    0.990817    1.000000    21.519913   45.377851   3.258684    0.151583    0.990817    0.205822    0.225086    0.000180    0.998873    5.694747    0.032657    0.067918    0.000000    0.000050    0.000500    0.000005    0.000500    0.000500    0.000005    0.000050    0.000050    0.000050    0.723540    14.322147  
[37m[36mINFO[0m[0m 07/16 21:46:48 | 0.758529    0.788462    0.000000    0.967040    0.135943    0.965770    0.758529    0.788462    0.985030    0.950318    1700        40.718563   7.188391    0.004432    0.648958    0.370696    -5.014609   0.500000    10.918645   7.830316    21.000000   0.370628    0.351094    0.985826    0.984607    0.004432    3.337132    3.864488    7.155906    0.032448    0.000037    1.000000    0.250000    3.314261    0.990006    1.000000    20.642922   45.384786   3.314261    0.160876    0.990006    0.205536    0.221592    0.000214    0.998453    3.285692    0.030148    0.035204    0.000000    0.000050    0.000500    0.000005    0.000500    0.000500    0.000005    0.000050    0.000050    0.000050    0.733542    14.297850  
[37m[36mINFO[0m[0m 07/16 21:48:23 | 0.752665    0.756410    0.000000    0.966535    0.145033    0.960880    0.752665    0.756410    0.982036    0.956688    1800        43.113772   7.193135    0.008315    0.648009    0.365112    -5.179966   0.500000    10.849339   7.838563    21.000000   0.365069    0.352038    0.984520    0.983026    0.008315    3.340713    3.863470    7.160698    0.032400    0.000037    1.000000    0.250000    3.319789    0.989311    1.000000    19.845462   45.385277   3.319789    0.167418    0.989311    0.205601    0.218804    0.000203    0.998412    5.061164    0.035005    0.063782    0.000000    0.000050    0.000500    0.000005    0.000500    0.000500    0.000005    0.000050    0.000050    0.000050    0.725834    14.326682  
[37m[36mINFO[0m[0m 07/16 21:49:59 | 0.762793    0.784188    0.000000    0.956610    0.185940    0.970660    0.762793    0.784188    0.973054    0.926115    1900        45.508982   7.172624    0.009643    0.645608    0.360553    -5.305932   0.500000    10.886943   7.839243    21.000000   0.360528    0.354438    0.984745    0.983308    0.009643    3.339065    3.844659    7.140308    0.032280    0.000036    1.000000    0.250000    3.317938    0.988762    1.000000    19.150177   45.387390   3.317938    0.173301    0.988762    0.203979    0.215407    0.000224    0.998033    5.112127    0.035901    0.068384    0.000000    0.000050    0.000500    0.000005    0.000500    0.000500    0.000005    0.000050    0.000050    0.000050    0.726823    13.932802  
[37m[36mINFO[0m[0m 07/16 21:51:36 | 0.816098    0.837607    0.000000    0.953704    0.159641    0.946210    0.816098    0.837607    0.976048    0.938854    2000        47.904192   7.204209    0.016589    0.642797    0.361901    -5.366126   0.500000    10.917257   7.830848    21.000000   0.361899    0.357245    0.984343    0.982690    0.016589    3.355924    3.853181    7.172033    0.032140    0.000036    1.000000    0.250000    3.334360    0.989170    1.000000    19.900299   45.387853   3.334360    0.167672    0.989170    0.208991    0.224391    0.000139    0.998898    6.900893    0.040962    0.109229    0.000000    0.000050    0.000500    0.000005    0.000500    0.000500    0.000005    0.000050    0.000050    0.000050    0.749259    13.868389  
[37m[36mINFO[0m[0m 07/16 21:53:12 | 0.832090    0.829060    0.000000    0.963587    0.184140    0.968215    0.832090    0.829060    0.976048    0.946497    2100        50.299401   7.185509    0.009244    0.642168    0.356362    -5.525095   0.500000    10.941083   7.823329    21.000000   0.356288    0.357870    0.984855    0.983400    0.009244    3.349101    3.850270    7.153365    0.032108    0.000036    1.000000    0.250000    3.438599    0.988399    1.000000    19.621009   45.397130   3.438599    0.175357    0.988399    0.209803    0.225418    0.000130    0.998832    5.174510    0.035649    0.062942    0.000000    0.000050    0.000500    0.000005    0.000500    0.000500    0.000005    0.000050    0.000050    0.000050    0.730065    14.499073  
[37m[36mINFO[0m[0m 07/16 21:54:47 | 0.828358    0.848291    0.000000    0.964321    0.153482    0.965770    0.828358    0.848291    0.973054    0.954140    2200        52.694611   7.230074    0.028019    0.640488    0.354290    -5.544450   0.500000    11.021960   7.817018    21.000000   0.354286    0.359549    0.982731    0.980783    0.028019    3.377466    3.847974    7.198014    0.032024    0.000035    1.000000    0.250000    3.356995    0.988728    1.000000    19.827710   45.390634   3.356995    0.169860    0.988728    0.210298    0.229291    0.000106    0.999132    10.472375   0.050152    0.142689    0.000000    0.000050    0.000500    0.000005    0.000500    0.000500    0.000005    0.000050    0.000050    0.000050    0.725477    14.656513  
[37m[36mINFO[0m[0m 07/16 21:56:22 | 0.759062    0.771368    0.000000    0.954483    0.202603    0.931540    0.759062    0.771368    0.979042    0.952866    2300        55.089820   7.167875    0.014895    0.640588    0.349435    -5.596815   0.500000    10.979066   7.830382    21.000000   0.349388    0.359446    0.984859    0.983458    0.014895    3.350258    3.826626    7.135810    0.032029    0.000035    1.000000    0.250000    3.458255    0.988979    1.000000    20.460750   45.404501   3.458255    0.169153    0.988979    0.211441    0.236337    0.000057    0.999646    7.422565    0.039838    0.089933    0.000000    0.000050    0.000500    0.000005    0.000500    0.000500    0.000005    0.000050    0.000050    0.000050    0.725167    13.605785  
[37m[36mINFO[0m[0m 07/16 21:57:56 | 0.809701    0.814103    0.000000    0.964124    0.153374    0.951100    0.809701    0.814103    0.982036    0.959236    2400        57.485030   7.177032    0.016278    0.638259    0.343193    -5.733955   0.500000    10.962649   7.860421    21.000000   0.343110    0.361773    0.984390    0.982884    0.016278    3.358075    3.828071    7.145084    0.031913    0.000034    1.000000    0.250000    3.470852    0.988320    1.000000    19.745075   45.404155   3.470852    0.176164    0.988320    0.209622    0.232231    0.000064    0.999309    7.328832    0.040753    0.099680    0.000000    0.000050    0.000500    0.000005    0.000500    0.000500    0.000005    0.000050    0.000050    0.000050    0.728143    13.782739  
[37m[36mINFO[0m[0m 07/16 21:59:30 | 0.809701    0.826923    0.000000    0.967901    0.142679    0.963325    0.809701    0.826923    0.976048    0.964331    2500        59.880240   7.148802    0.009967    0.637817    0.334916    -5.895555   0.500000    10.926719   7.838466    21.000000   0.334830    0.362215    0.984758    0.983420    0.009967    3.340532    3.825334    7.116878    0.031891    0.000033    1.000000    0.250000    3.547432    0.987362    1.000000    19.064087   45.406538   3.547432    0.186225    0.987362    0.209407    0.229916    0.000070    0.999246    4.729712    0.035473    0.058581    0.000000    0.000050    0.000500    0.000005    0.000500    0.000500    0.000005    0.000050    0.000050    0.000050    0.721126    13.493991  
[37m[36mINFO[0m[0m 07/16 22:00:44 | 0.821962    0.852564    0.000000    0.962737    0.150758    0.968215    0.821962    0.852564    0.976048    0.943949    2600        62.275449   7.128902    0.005988    0.637323    0.325816    -5.999047   0.500000    10.915482   7.810347    21.000000   0.325716    0.362708    0.985293    0.984009    0.005988    3.335712    3.815295    7.097004    0.031866    0.000033    1.000000    0.250000    3.639169    0.986971    1.000000    19.230056   45.413725   3.639169    0.189427    0.986971    0.215332    0.235711    0.000060    0.999384    4.100492    0.034503    0.044209    0.000000    0.000050    0.000500    0.000005    0.000500    0.000500    0.000005    0.000050    0.000050    0.000050    0.559928    14.187354  
[37m[36mINFO[0m[0m 07/16 22:02:20 | 0.813433    0.818376    0.000000    0.948519    0.199878    0.938875    0.813433    0.818376    0.955090    0.951592    2700        64.670659   7.203649    0.028258    0.633792    0.319048    -6.050730   0.500000    11.004560   7.784988    21.000000   0.319005    0.366237    0.982594    0.980709    0.028258    3.371110    3.833066    7.171927    0.031690    0.000032    1.000000    0.250000    3.479989    0.987347    1.000000    18.732130   45.403169   3.479989    0.186108    0.987347    0.209629    0.230964    0.000047    0.999541    9.440057    0.050820    0.138463    0.000000    0.000050    0.000500    0.000005    0.000500    0.000500    0.000005    0.000050    0.000050    0.000050    0.729238    13.910924  
[37m[36mINFO[0m[0m 07/16 22:03:55 | 0.797441    0.807692    0.000000    0.961911    0.153171    0.955990    0.797441    0.807692    0.973054    0.956688    2800        67.065868   7.155052    0.016394    0.633630    0.312773    -6.143686   0.500000    10.973256   7.793250    21.000000   0.312679    0.366399    0.984835    0.983375    0.016394    3.354662    3.813721    7.123340    0.031681    0.000031    1.000000    0.250000    3.520404    0.987585    1.000000    19.134908   45.406737   3.520404    0.184332    0.987585    0.209779    0.234482    0.000053    0.999470    6.204928    0.039608    0.084359    0.000000    0.000050    0.000500    0.000005    0.000500    0.000500    0.000005    0.000050    0.000050    0.000050    0.728956    13.854673  
[37m[36mINFO[0m[0m 07/16 22:05:32 | 0.791578    0.816239    0.000000    0.955071    0.186625    0.948655    0.791578    0.816239    0.970060    0.946497    2900        69.461078   7.118537    0.007157    0.635576    0.302495    -6.214394   0.500000    10.961392   7.810756    21.000000   0.302398    0.364451    0.985727    0.984586    0.007157    3.338823    3.802893    7.086728    0.031779    0.000030    1.000000    0.250000    3.616290    0.987334    1.000000    19.210294   45.418635   3.616290    0.188471    0.987334    0.211933    0.237512    0.000037    0.999669    5.251511    0.035721    0.046909    0.000000    0.000050    0.000500    0.000005    0.000500    0.000500    0.000005    0.000050    0.000050    0.000050    0.734532    14.606383  
[37m[36mINFO[0m[0m 07/16 22:07:10 | 0.754797    0.794872    0.000000    0.957204    0.212643    0.938875    0.754797    0.794872    0.976048    0.956688    3000        71.856287   7.124935    0.010266    0.633579    0.293113    -6.307325   0.500000    10.998322   7.833763    21.000000   0.293038    0.366448    0.984753    0.983350    0.010266    3.345255    3.800779    7.093226    0.031679    0.000029    1.000000    0.250000    3.621917    0.987006    1.000000    18.982799   45.417837   3.621917    0.191081    0.987006    0.212270    0.237818    0.000036    0.999650    6.820127    0.040254    0.066551    0.000000    0.000050    0.000500    0.000005    0.000500    0.000500    0.000005    0.000050    0.000050    0.000050    0.741952    14.182753  
[37m[36mINFO[0m[0m 07/16 22:08:44 | 0.812900    0.824786    0.000000    0.961037    0.196598    0.948655    0.812900    0.824786    0.979042    0.955414    3100        74.251497   7.099483    0.005109    0.633164    0.283890    -6.380895   0.500000    10.982498   7.865764    21.000000   0.283771    0.366863    0.985931    0.984824    0.005109    3.331971    3.794525    7.067797    0.031658    0.000028    1.000000    0.250000    3.734970    0.986524    1.000000    19.076349   45.428685   3.734970    0.196041    0.986524    0.215677    0.242145    0.000039    0.999638    4.031154    0.033535    0.034031    0.000000    0.000050    0.000500    0.000005    0.000500    0.000500    0.000005    0.000050    0.000050    0.000050    0.729243    13.423523  
[37m[36mINFO[0m[0m 07/16 22:10:18 | 0.792644    0.811966    0.000000    0.949331    0.242977    0.933985    0.792644    0.811966    0.970060    0.943949    3200        76.646707   7.147926    0.017377    0.633234    0.275798    -6.446059   0.500000    11.038139   7.861378    21.000000   0.275774    0.366793    0.983606    0.982061    0.017377    3.356465    3.806855    7.116236    0.031662    0.000028    1.000000    0.250000    3.626854    0.986555    1.000000    18.612755   45.421365   3.626854    0.195328    0.986555    0.211239    0.238623    0.000022    0.999726    8.896719    0.044855    0.077597    0.000000    0.000050    0.000500    0.000005    0.000500    0.000500    0.000005    0.000050    0.000050    0.000050    0.718806    13.417521  
[37m[36mINFO[0m[0m 07/16 22:11:51 | 0.766525    0.792735    0.000000    0.960612    0.178940    0.948655    0.766525    0.792735    0.979042    0.954140    3300        79.041916   7.127640    0.009824    0.630094    0.270722    -6.540418   0.500000    11.058108   7.883308    21.000000   0.270635    0.369932    0.985263    0.983945    0.009824    3.351301    3.800387    7.096108    0.031505    0.000027    1.000000    0.250000    3.692541    0.987057    1.000000    19.396756   45.429304   3.692541    0.190498    0.987057    0.214488    0.245850    0.000009    0.999874    6.041506    0.040883    0.057928    0.000000    0.000050    0.000500    0.000005    0.000500    0.000500    0.000005    0.000050    0.000050    0.000050    0.721532    13.386948  
[37m[36mINFO[0m[0m 07/16 22:13:25 | 0.691365    0.717949    0.000000    0.943043    0.250038    0.926650    0.691365    0.717949    0.961078    0.941401    3400        81.437126   7.148987    0.017655    0.629625    0.261950    -6.645944   0.500000    10.974349   7.868992    21.000000   0.261863    0.370400    0.984308    0.982906    0.017655    3.359154    3.807130    7.117479    0.031481    0.000026    1.000000    0.250000    3.621572    0.986257    1.000000    18.148478   45.424250   3.621572    0.199871    0.986257    0.204669    0.233304    0.000023    0.999697    8.464738    0.044709    0.081382    0.000000    0.000050    0.000500    0.000005    0.000500    0.000500    0.000005    0.000050    0.000050    0.000050    0.717645    13.492813  
[37m[36mINFO[0m[0m 07/16 22:15:00 | 0.843284    0.841880    0.000000    0.963541    0.189514    0.960880    0.843284    0.841880    0.973054    0.956688    3500        83.832335   7.124092    0.017053    0.629679    0.254109    -6.678586   0.500000    10.996880   7.858709    21.000000   0.254030    0.370345    0.984652    0.983294    0.017053    3.355030    3.787286    7.092583    0.031484    0.000025    1.000000    0.250000    3.664332    0.986320    1.000000    18.724987   45.424996   3.664332    0.196507    0.986320    0.209687    0.240951    0.000014    0.999658    7.623878    0.041868    0.080678    0.000000    0.000050    0.000500    0.000005    0.000500    0.000500    0.000005    0.000050    0.000050    0.000050    0.733935    12.585500  
[37m[36mINFO[0m[0m 07/16 22:16:36 | 0.809168    0.822650    0.000000    0.963379    0.172709    0.963325    0.809168    0.822650    0.979042    0.947771    3600        86.227545   7.092204    0.004447    0.628334    0.245021    -6.757093   0.500000    11.027519   7.838995    21.000000   0.244907    0.371691    0.985925    0.984912    0.004447    3.335335    3.788551    7.060763    0.031417    0.000025    1.000000    0.250000    3.762013    0.986184    1.000000    18.711550   45.434613   3.762013    0.201199    0.986184    0.210948    0.243016    0.000010    0.999803    3.288850    0.032950    0.031519    0.000000    0.000050    0.000500    0.000005    0.000500    0.000500    0.000005    0.000050    0.000050    0.000050    0.740582    13.520233  
[37m[36mINFO[0m[0m 07/16 22:18:11 | 0.759595    0.794872    0.000000    0.955195    0.180865    0.941320    0.759595    0.794872    0.979042    0.945223    3700        88.622754   7.066796    0.003821    0.629544    0.233912    -6.903946   0.500000    10.914337   7.871111    21.000000   0.233817    0.370480    0.985661    0.984671    0.003821    3.327433    3.773082    7.035296    0.031477    0.000023    1.000000    0.250000    3.769814    0.985166    1.000000    17.619863   45.437754   3.769814    0.214102    0.985166    0.206555    0.234501    0.000020    0.999597    3.128533    0.032370    0.024477    0.000000    0.000050    0.000500    0.000005    0.000500    0.000500    0.000005    0.000050    0.000050    0.000050    0.722148    13.617546  
[37m[36mINFO[0m[0m 07/16 22:19:44 | 0.817164    0.831197    0.000000    0.958904    0.182135    0.958435    0.817164    0.831197    0.973054    0.945223    3800        91.017964   7.073000    0.002656    0.628454    0.223934    -6.995653   0.500000    10.922870   7.874007    21.000000   0.223828    0.371570    0.986370    0.985469    0.002656    3.329000    3.779856    7.041555    0.031423    0.000022    1.000000    0.250000    3.809760    0.984628    1.000000    17.501015   45.440073   3.809760    0.217842    0.984628    0.208715    0.235812    0.000023    0.999440    2.087421    0.031120    0.016401    0.000000    0.000050    0.000500    0.000005    0.000500    0.000500    0.000005    0.000050    0.000050    0.000050    0.716703    13.891517  
[37m[36mINFO[0m[0m 07/16 22:21:19 | 0.809168    0.835470    0.000000    0.959605    0.195281    0.958435    0.809168    0.835470    0.970060    0.950318    3900        93.413174   7.086837    0.010537    0.629003    0.216901    -7.061400   0.500000    10.855775   7.917869    21.000000   0.216859    0.371023    0.984483    0.983116    0.010537    3.345003    3.770439    7.055365    0.031450    0.000022    1.000000    0.250000    3.735250    0.984260    1.000000    17.007102   45.437247   3.735250    0.219834    0.984260    0.204703    0.230519    0.000021    0.999492    4.642454    0.039471    0.050226    0.000000    0.000050    0.000500    0.000005    0.000500    0.000500    0.000005    0.000050    0.000050    0.000050    0.717794    14.199034  
[37m[36mINFO[0m[0m 07/16 22:22:53 | 0.830490    0.844017    0.000000    0.961462    0.166359    0.948655    0.830490    0.844017    0.979042    0.956688    4000        95.808383   7.074604    0.009530    0.627359    0.210618    -7.170531   0.500000    10.926253   7.928153    21.000000   0.210545    0.372666    0.985195    0.983901    0.009530    3.334412    3.770978    7.043215    0.031368    0.000021    1.000000    0.250000    3.704116    0.984006    1.000000    16.590750   45.436391   3.704116    0.223544    0.984006    0.200473    0.226196    0.000023    0.999317    4.343602    0.038196    0.051925    0.000000    0.000050    0.000500    0.000005    0.000500    0.000500    0.000005    0.000050    0.000050    0.000050    0.723022    12.795506  
[37m[36mINFO[0m[0m 07/16 22:24:27 | 0.831557    0.854701    0.000000    0.966591    0.136374    0.958435    0.831557    0.854701    0.991018    0.950318    4100        98.203593   7.064498    0.005379    0.627121    0.203716    -7.214877   0.500000    10.915081   7.919726    21.000000   0.203641    0.372903    0.985187    0.984054    0.005379    3.333550    3.766342    7.033122    0.031356    0.000020    1.000000    0.250000    3.803144    0.983968    1.000000    17.152453   45.441974   3.803144    0.221925    0.983968    0.208313    0.236302    0.000016    0.999689    3.866755    0.037400    0.031143    0.000000    0.000050    0.000500    0.000005    0.000500    0.000500    0.000005    0.000050    0.000050    0.000050    0.739277    11.964910  
[37m[36mINFO[0m[0m 07/16 22:26:03 | 0.787846    0.809829    0.000000    0.966466    0.136764    0.965770    0.787846    0.809829    0.982036    0.951592    4200        100.598802  7.044476    0.002272    0.626390    0.194201    -7.346524   0.500000    10.843538   7.904411    21.000000   0.194097    0.373633    0.986467    0.985592    0.002272    3.324079    3.760252    7.013137    0.031320    0.000019    1.000000    0.250000    3.857990    0.983637    1.000000    17.038602   45.447239   3.857990    0.226613    0.983637    0.209590    0.236603    0.000015    0.999806    1.324826    0.031759    0.012791    0.000000    0.000050    0.000500    0.000005    0.000500    0.000500    0.000005    0.000050    0.000050    0.000050    0.738899    12.866038  
[37m[36mINFO[0m[0m 07/16 22:27:37 | 0.817697    0.835470    0.000000    0.972457    0.118475    0.973105    0.817697    0.835470    0.985030    0.959236    4300        102.994012  7.040152    0.000909    0.626679    0.184043    -7.483031   0.500000    10.813535   7.917233    21.000000   0.183935    0.373345    0.986626    0.985829    0.000909    3.321057    3.761663    7.008799    0.031334    0.000018    1.000000    0.250000    3.848630    0.982764    1.000000    16.240668   45.451510   3.848630    0.237057    0.982764    0.204707    0.229833    0.000027    0.999635    0.808840    0.031425    0.005482    0.000000    0.000050    0.000500    0.000005    0.000500    0.000500    0.000005    0.000050    0.000050    0.000050    0.718865    13.409631  
[37m[36mINFO[0m[0m 07/16 22:29:11 | 0.811301    0.826923    0.000000    0.972640    0.143817    0.970660    0.811301    0.826923    0.988024    0.959236    4400        105.389222  7.030563    0.001222    0.626450    0.173389    -7.597728   0.500000    10.796418   7.881511    21.000000   0.173301    0.373574    0.986529    0.985678    0.001222    3.319985    3.753994    6.999223    0.031322    0.000017    1.000000    0.250000    3.855609    0.982103    1.000000    15.908566   45.450312   3.855609    0.242471    0.982103    0.205147    0.228076    0.000042    0.999159    1.280113    0.034429    0.008974    0.000000    0.000050    0.000500    0.000005    0.000500    0.000500    0.000005    0.000050    0.000050    0.000050    0.721917    13.489275  
[37m[36mINFO[0m[0m 07/16 22:30:46 | 0.841151    0.841880    0.000000    0.964080    0.192563    0.963325    0.841151    0.841880    0.976048    0.952866    4500        107.784431  7.042944    0.001395    0.625670    0.165945    -7.692722   0.500000    10.764012   7.872381    21.000000   0.165877    0.374354    0.985916    0.984961    0.001395    3.326560    3.760617    7.011644    0.031284    0.000017    1.000000    0.250000    3.862113    0.982175    1.000000    15.990660   45.447421   3.862113    0.241564    0.982175    0.207819    0.231073    0.000035    0.999365    1.725898    0.034920    0.009595    0.000000    0.000050    0.000500    0.000005    0.000500    0.000500    0.000005    0.000050    0.000050    0.000050    0.722894    13.582550  
[37m[36mINFO[0m[0m 07/16 22:32:20 | 0.828891    0.829060    0.000000    0.962540    0.211334    0.953545    0.828891    0.829060    0.985030    0.949045    4600        110.179641  7.078477    0.009269    0.625387    0.160945    -7.694943   0.500000    10.864539   7.856237    21.000000   0.160942    0.374638    0.984540    0.983255    0.009269    3.342546    3.772325    7.047191    0.031269    0.000016    1.000000    0.250000    3.857997    0.982842    1.000000    16.721888   45.445832   3.857997    0.232429    0.982842    0.214777    0.239578    0.000032    0.999363    3.939180    0.044529    0.048114    0.000000    0.000050    0.000500    0.000005    0.000500    0.000500    0.000005    0.000050    0.000050    0.000050    0.725410    13.425265  
[37m[36mINFO[0m[0m 07/16 22:33:56 | 0.765991    0.779915    0.000000    0.951672    0.174488    0.929095    0.765991    0.779915    0.973054    0.952866    4700        112.574850  7.091957    0.015693    0.622268    0.162686    -7.637697   0.500000    10.959085   7.840698    21.000000   0.162705    0.377756    0.984284    0.982791    0.015693    3.355270    3.766242    7.060827    0.031113    0.000016    1.000000    0.250000    3.846913    0.983815    1.000000    17.435151   45.443088   3.846913    0.221164    0.983815    0.217318    0.247345    0.000010    0.999842    6.976327    0.048140    0.069086    0.000000    0.000050    0.000500    0.000005    0.000500    0.000500    0.000005    0.000050    0.000050    0.000050    0.736062    12.530937  
[37m[36mINFO[0m[0m 07/16 22:35:32 | 0.796375    0.820513    0.000000    0.944890    0.266121    0.926650    0.796375    0.820513    0.964072    0.943949    4800        114.970060  7.109524    0.025919    0.619444    0.164483    -7.592526   0.500000    10.993743   7.869576    21.000000   0.164467    0.380580    0.982946    0.981294    0.025919    3.361903    3.766638    7.078535    0.030972    0.000016    1.000000    0.250000    3.726249    0.983955    1.000000    17.073509   45.442992   3.726249    0.219188    0.983955    0.207326    0.239948    0.000006    0.999791    8.562473    0.049102    0.104754    0.000000    0.000050    0.000500    0.000005    0.000500    0.000500    0.000005    0.000050    0.000050    0.000050    0.735175    13.921887  
[37m[36mINFO[0m[0m 07/16 22:37:07 | 0.775586    0.782051    0.000000    0.961693    0.160067    0.960880    0.775586    0.782051    0.970060    0.954140    4900        117.365269  7.066776    0.013057    0.620420    0.160397    -7.644960   0.500000    11.032704   7.896438    21.000000   0.160355    0.379602    0.984596    0.983314    0.013057    3.347266    3.751865    7.035739    0.031021    0.000016    1.000000    0.250000    3.885149    0.984155    1.000000    17.843639   45.455610   3.885149    0.217990    0.984155    0.213831    0.251273    0.000003    0.999950    6.510168    0.044331    0.059461    0.000000    0.000050    0.000500    0.000005    0.000500    0.000500    0.000005    0.000050    0.000050    0.000050    0.720855    14.155936  
[37m[36mINFO[0m[0m 07/16 22:38:43 | 0.823561    0.822650    0.000000    0.960671    0.165227    0.953545    0.823561    0.822650    0.973054    0.955414    5000        119.760479  7.024503    0.003597    0.622350    0.153176    -7.716052   0.500000    10.984174   7.896899    21.000000   0.153070    0.377672    0.986017    0.985103    0.003597    3.327724    3.739210    6.993370    0.031118    0.000015    1.000000    0.250000    3.958119    0.984036    1.000000    17.847007   45.454694   3.958119    0.222081    0.984036    0.215970    0.252321    0.000005    0.999898    3.774636    0.034115    0.025247    0.000000    0.000050    0.000500    0.000005    0.000500    0.000500    0.000005    0.000050    0.000050    0.000050    0.728017    14.273776  
[37m[36mINFO[0m[0m 07/16 22:38:44 | ---
[37m[33mWARNING[0m[0m 07/16 22:38:44 | Evaluate SWAD ...
[37m[36mINFO[0m[0m 07/16 22:38:58 | 0.845949    0.848291    0.000000    0.978265    0.375485    0.982885    0.845949    0.848291    0.985030    0.966879    [101-5000]  (N=50)
[37m[36mINFO[0m[0m 07/16 22:38:58 | oracle = 83.156%
[37m[36mINFO[0m[0m 07/16 22:38:58 | iid = 81.130%
[37m[36mINFO[0m[0m 07/16 22:38:58 | last = 82.356%
[37m[36mINFO[0m[0m 07/16 22:38:58 | last (inD) = 96.067%
[37m[36mINFO[0m[0m 07/16 22:38:58 | iid (inD) = 97.264%
[37m[36mINFO[0m[0m 07/16 22:38:58 | SWAD = 84.595%
[37m[36mINFO[0m[0m 07/16 22:38:58 | SWAD (inD) = 97.826%
[37m[36mINFO[0m[0m 07/16 22:38:59 | 
[37m[36mINFO[0m[0m 07/16 22:39:04 | Testenv name escaping te_photo -> te_photo
[37m[36mINFO[0m[0m 07/16 22:39:04 | Test envs = [2], name = te_photo
[37m[36mINFO[0m[0m 07/16 22:39:04 | Batch sizes for each domain: [32, 32, 0, 32] (total=96)
[37m[36mINFO[0m[0m 07/16 22:39:04 | steps-per-epoch for each domain: 51.22, 58.62, 98.25 -> min = 51.22
[37m[36mINFO[0m[0m 07/16 22:39:07 | # of params = 53365703
[37m[36mINFO[0m[0m 07/16 22:39:21 | test_in     test_out    train_in    train_out   tr_outloss  env0_out    env1_out    env2_in     env2_out    env3_out    step        epoch       loss        loss_cls    loss_isr    loss_orth   loss_gt     piccl_alph  paired_res  domain_res  valid_doma  basis_orth  response_c  raw_interv  mediator_i  ce_loss     sup_cl_los  pre_cl_los  dccl_total  weighted_l  weighted_l  piccl_feat  residual_s  residual_d  fused_orig  piccl_exec  original_f  piccl_feat  feature_de  feature_de  original_f  gate_mean   gate_std    gate_min    gate_max    backbone_g  piccl_grad  classifier  has_nan_or  param_grou  param_grou  param_grou  param_grou  param_grou  param_grou  param_grou  param_grou  param_grou  step_time   eval_time  
[37m[36mINFO[0m[0m 07/16 22:39:21 | 0.340569    0.329341    0.000000    0.233855    1.915492    0.259169    0.256410    0.340569    0.329341    0.185987    0           0.000000    12.302186   1.999541    0.000000    0.113297    -5.756462   0.000000    0.000000    0.000000    19.000000   0.102994    0.000000    0.898758    0.898758    1.999541    5.246944    5.113254    12.302175   0.000000    0.000011    0.000000    0.250000    0.000000    1.000000    1.000000    24.871250   45.253338   0.000000    0.000000    1.000000    0.075858    0.000000    0.075858    0.075858    8.549348    0.000150    2.751087    0.000000    0.000050    0.000500    0.000005    0.000500    0.000500    0.000005    0.000050    0.000050    0.000050    0.672918    14.066669  
[37m[36mINFO[0m[0m 07/16 22:40:54 | 0.979042    0.973054    0.000000    0.935129    0.176974    0.936430    0.959402    0.979042    0.973054    0.909554    100         1.952410    9.138680    0.378140    0.976735    0.067259    0.896238    0.000000    13.432682   3.368145    21.000000   0.066760    0.023763    0.963244    0.962065    0.378140    3.951732    4.751001    9.089836    0.048837    0.000007    1.000000    0.250000    0.986230    0.999690    1.000000    42.293787   45.265252   0.986230    0.024004    0.999690    0.100125    0.067092    0.014179    0.639370    15.400887   0.017500    2.313460    0.000000    0.000050    0.000500    0.000005    0.000500    0.000500    0.000005    0.000050    0.000050    0.000050    0.715513    14.087185  
[37m[36mINFO[0m[0m 07/16 22:42:25 | 0.970808    0.964072    0.000000    0.957894    0.124975    0.951100    0.978632    0.970808    0.964072    0.943949    200         3.904820    8.268160    0.128734    0.901553    0.078851    -1.012813   0.000000    12.284041   5.358793    21.000000   0.079710    0.099333    0.973096    0.971846    0.128734    3.603449    4.501020    8.223075    0.045078    0.000008    1.000000    0.250000    1.637720    0.998841    1.000000    34.575801   45.283797   1.637720    0.047635    0.998841    0.140695    0.144748    0.003235    0.966485    15.557629   0.019990    1.020734    0.000000    0.000050    0.000500    0.000005    0.000500    0.000500    0.000005    0.000050    0.000050    0.000050    0.719059    12.471055  
[37m[36mINFO[0m[0m 07/16 22:43:58 | 0.983533    0.970060    0.000000    0.941813    0.162586    0.931540    0.942308    0.983533    0.970060    0.951592    300         5.857230    7.996448    0.075318    0.835058    0.218380    -1.744994   0.000000    11.935694   6.262157    21.000000   0.219845    0.165481    0.976133    0.974880    0.075318    3.507184    4.389621    7.954673    0.041753    0.000022    1.000000    0.250000    2.024328    0.998023    1.000000    31.906064   45.299757   2.024328    0.063557    0.998023    0.164400    0.176823    0.001521    0.986155    13.511588   0.017798    0.608224    0.000000    0.000050    0.000500    0.000005    0.000500    0.000500    0.000005    0.000050    0.000050    0.000050    0.715692    12.712132  
[37m[36mINFO[0m[0m 07/16 22:45:32 | 0.981287    0.973054    0.000000    0.958319    0.132348    0.951100    0.978632    0.981287    0.973054    0.945223    400         7.809640    7.834838    0.052202    0.789822    0.331511    -2.248928   0.000000    11.727562   6.687881    21.000000   0.332410    0.210669    0.978180    0.976948    0.052202    3.453650    4.311951    7.795313    0.039491    0.000033    1.000000    0.250000    2.290402    0.997178    1.000000    29.495441   45.315134   2.290402    0.077737    0.997178    0.178566    0.191954    0.001110    0.989752    12.305558   0.016313    0.409583    0.000000    0.000050    0.000500    0.000005    0.000500    0.000500    0.000005    0.000050    0.000050    0.000050    0.717792    13.037436  
[37m[36mINFO[0m[0m 07/16 22:47:06 | 0.972305    0.961078    0.000000    0.954251    0.148589    0.955990    0.961538    0.972305    0.961078    0.945223    500         9.762050    7.769457    0.048123    0.747863    0.419189    -2.728593   0.000000    11.571884   6.869711    21.000000   0.420055    0.252551    0.979314    0.978078    0.048123    3.440689    4.270496    7.732022    0.037393    0.000042    1.000000    0.250000    2.426316    0.996431    1.000000    27.161329   45.326033   2.426316    0.089399    0.996431    0.183561    0.195121    0.000946    0.991213    11.921676   0.015941    0.368543    0.000000    0.000050    0.000500    0.000005    0.000500    0.000500    0.000005    0.000050    0.000050    0.000050    0.734599    12.830331  
[37m[36mINFO[0m[0m 07/16 22:48:41 | 0.976048    0.955090    0.000000    0.946203    0.164491    0.933985    0.959402    0.976048    0.955090    0.945223    600         11.714460   7.711696    0.041822    0.719653    0.497545    -3.015556   0.025250    11.553449   6.939301    21.000000   0.498161    0.280653    0.979304    0.978003    0.041822    3.425725    4.238272    7.675663    0.035983    0.000050    1.000000    0.250000    2.581202    0.995802    1.000000    26.361217   45.334817   2.581202    0.098027    0.995802    0.192175    0.204770    0.000723    0.993616    11.558507   0.015257    0.312635    0.000000    0.000050    0.000500    0.000005    0.000500    0.000500    0.000005    0.000050    0.000050    0.000050    0.746302    12.343030  
[37m[36mINFO[0m[0m 07/16 22:50:15 | 0.972305    0.961078    0.000000    0.948155    0.154698    0.946210    0.959402    0.972305    0.961078    0.938854    700         13.666870   7.631811    0.032384    0.698947    0.535658    -3.240250   0.075250    11.539111   6.981319    21.000000   0.535807    0.301299    0.980492    0.979305    0.032384    3.404636    4.192192    7.596810    0.034947    0.000054    1.000000    0.250000    2.693868    0.995219    1.000000    25.346829   45.343443   2.693868    0.106407    0.995219    0.196136    0.208804    0.000576    0.995641    10.031655   0.014647    0.248591    0.000000    0.000050    0.000500    0.000005    0.000500    0.000500    0.000005    0.000050    0.000050    0.000050    0.719195    13.057621  
[37m[36mINFO[0m[0m 07/16 22:51:48 | 0.975299    0.976048    0.000000    0.967017    0.104712    0.965770    0.972222    0.975299    0.976048    0.963057    800         15.619280   7.576388    0.019809    0.687087    0.527344    -3.551995   0.125250    11.403717   6.981319    21.000000   0.527050    0.313108    0.980620    0.979384    0.019809    3.384920    4.172772    7.541981    0.034354    0.000053    1.000000    0.250000    2.783690    0.994519    1.000000    24.046516   45.350562   2.783690    0.115937    0.994519    0.198364    0.208396    0.000646    0.994697    8.338023    0.014628    0.164321    0.000000    0.000050    0.000500    0.000005    0.000500    0.000500    0.000005    0.000050    0.000050    0.000050    0.721439    13.413671  
[37m[36mINFO[0m[0m 07/16 22:53:23 | 0.975299    0.964072    0.000000    0.964126    0.126185    0.960880    0.978632    0.975299    0.964072    0.952866    900         17.571690   7.532062    0.014662    0.677536    0.487068    -3.776237   0.175250    11.339163   7.022561    21.000000   0.486618    0.322624    0.981240    0.979944    0.014662    3.376017    4.145221    7.498137    0.033877    0.000049    1.000000    0.250000    2.915575    0.993915    1.000000    23.793580   45.358292   2.915575    0.122588    0.993915    0.207717    0.216845    0.000547    0.995926    7.431393    0.015741    0.124334    0.000000    0.000050    0.000500    0.000005    0.000500    0.000500    0.000005    0.000050    0.000050    0.000050    0.721309    13.365909  
[37m[36mINFO[0m[0m 07/16 22:54:58 | 0.946108    0.928144    0.000000    0.939656    0.240806    0.933985    0.942308    0.946108    0.928144    0.942675    1000        19.524100   7.534684    0.021914    0.667257    0.444392    -3.853592   0.225250    11.379258   7.041469    21.000000   0.443989    0.332877    0.980742    0.979160    0.021914    3.383879    4.134020    7.501277    0.033363    0.000044    1.000000    0.250000    2.992570    0.993484    1.000000    23.605397   45.363797   2.992570    0.126940    0.993484    0.213896    0.223572    0.000372    0.997989    8.860143    0.020995    0.166045    0.000000    0.000050    0.000500    0.000005    0.000500    0.000500    0.000005    0.000050    0.000050    0.000050    0.722387    13.513268  
[37m[36mINFO[0m[0m 07/16 22:56:32 | 0.986527    0.967066    0.000000    0.963448    0.122995    0.968215    0.974359    0.986527    0.967066    0.947771    1100        21.476510   7.490421    0.012496    0.660595    0.407212    -4.084083   0.275250    11.335038   7.035898    21.000000   0.406885    0.339514    0.981889    0.980432    0.012496    3.370434    4.115262    7.457351    0.033030    0.000041    1.000000    0.250000    3.093630    0.992755    1.000000    22.871212   45.371798   3.093630    0.135431    0.992755    0.215980    0.225011    0.000299    0.997852    6.070442    0.022798    0.099234    0.000000    0.000050    0.000500    0.000005    0.000500    0.000500    0.000005    0.000050    0.000050    0.000050    0.728915    11.590249  
[37m[36mINFO[0m[0m 07/16 22:58:08 | 0.972305    0.970060    0.000000    0.953079    0.174879    0.938875    0.963675    0.972305    0.970060    0.956688    1200        23.428920   7.483723    0.017062    0.656213    0.376055    -4.237163   0.325250    11.323643   7.073173    21.000000   0.375770    0.343879    0.980516    0.978687    0.017062    3.376776    4.099409    7.450875    0.032811    0.000038    1.000000    0.250000    3.154361    0.991991    1.000000    21.926778   45.377211   3.154361    0.143919    0.991991    0.216128    0.223580    0.000315    0.997416    8.950936    0.028848    0.127954    0.000000    0.000050    0.000500    0.000005    0.000500    0.000500    0.000005    0.000050    0.000050    0.000050    0.745305    12.294694  
[37m[36mINFO[0m[0m 07/16 22:59:41 | 0.964820    0.961078    0.000000    0.954333    0.176642    0.941320    0.970085    0.964820    0.961078    0.951592    1300        25.381330   7.481127    0.017649    0.650153    0.351213    -4.335841   0.375250    11.344178   7.073406    21.000000   0.351014    0.349921    0.981197    0.979206    0.017649    3.382893    4.091401    7.448584    0.032508    0.000035    1.000000    0.250000    3.217774    0.991680    1.000000    22.182410   45.379017   3.217774    0.145220    0.991680    0.221852    0.231545    0.000219    0.998415    8.606947    0.035880    0.135334    0.000000    0.000050    0.000500    0.000005    0.000500    0.000500    0.000005    0.000050    0.000050    0.000050    0.724255    12.843821  
[37m[36mINFO[0m[0m 07/16 23:01:14 | 0.944611    0.922156    0.000000    0.943204    0.241884    0.924205    0.948718    0.944611    0.922156    0.956688    1400        27.333740   7.472420    0.018325    0.648512    0.335826    -4.453628   0.425250    11.335953   7.049258    21.000000   0.335687    0.351549    0.980982    0.978836    0.018325    3.383528    4.082644    7.439961    0.032426    0.000034    1.000000    0.250000    3.323544    0.991118    1.000000    22.177694   45.386918   3.323544    0.150041    0.991118    0.226527    0.237161    0.000172    0.998742    9.166924    0.042349    0.132050    0.000000    0.000050    0.000500    0.000005    0.000500    0.000500    0.000005    0.000050    0.000050    0.000050    0.721683    12.910748  
[37m[36mINFO[0m[0m 07/16 23:02:46 | 0.970060    0.955090    0.000000    0.963825    0.134505    0.951100    0.972222    0.970060    0.955090    0.968153    1500        29.286150   7.479594    0.021384    0.642958    0.324672    -4.618064   0.475250    11.346625   7.054935    21.000000   0.324592    0.357093    0.980683    0.978472    0.021384    3.391461    4.080749    7.447414    0.032148    0.000032    1.000000    0.250000    3.297025    0.990725    1.000000    21.349871   45.388871   3.297025    0.154551    0.990725    0.217576    0.231517    0.000147    0.998918    8.914102    0.048504    0.127652    0.000000    0.000050    0.000500    0.000005    0.000500    0.000500    0.000005    0.000050    0.000050    0.000050    0.720371    13.053091  
[37m[36mINFO[0m[0m 07/16 23:04:20 | 0.971557    0.952096    0.000000    0.962688    0.146925    0.960880    0.967949    0.971557    0.952096    0.959236    1600        31.238560   7.427774    0.011346    0.642888    0.314627    -4.740283   0.500000    11.318692   7.042929    21.000000   0.314514    0.357158    0.982985    0.981140    0.011346    3.365754    4.065902    7.395598    0.032144    0.000031    1.000000    0.250000    3.382518    0.989898    1.000000    20.735938   45.395072   3.382518    0.163238    0.989898    0.218146    0.230856    0.000152    0.998946    6.295386    0.042917    0.079237    0.000000    0.000050    0.000500    0.000005    0.000500    0.000500    0.000005    0.000050    0.000050    0.000050    0.721439    13.065578  
[37m[36mINFO[0m[0m 07/16 23:05:54 | 0.963323    0.970060    0.000000    0.948765    0.203310    0.943765    0.963675    0.963323    0.970060    0.938854    1700        33.190970   7.420791    0.018264    0.642009    0.305029    -4.924172   0.500000    11.256030   7.034580    21.000000   0.304923    0.358034    0.982163    0.980141    0.018264    3.375472    4.044166    7.388660    0.032100    0.000031    1.000000    0.250000    3.431940    0.989639    1.000000    20.740711   45.401092   3.431940    0.165597    0.989639    0.221450    0.234650    0.000095    0.999246    7.958341    0.051000    0.120836    0.000000    0.000050    0.000500    0.000005    0.000500    0.000500    0.000005    0.000050    0.000050    0.000050    0.724899    13.026318  
[37m[36mINFO[0m[0m 07/16 23:07:30 | 0.966317    0.955090    0.000000    0.964044    0.159252    0.955990    0.974359    0.966317    0.955090    0.961783    1800        35.143380   7.414579    0.019665    0.640255    0.292749    -5.033035   0.500000    11.271260   7.063340    21.000000   0.292638    0.359783    0.981690    0.979603    0.019665    3.377498    4.035705    7.382537    0.032013    0.000029    1.000000    0.250000    3.440072    0.989268    1.000000    20.315122   45.401502   3.440072    0.169572    0.989268    0.220339    0.233298    0.000099    0.998988    8.426985    0.051580    0.120709    0.000000    0.000050    0.000500    0.000005    0.000500    0.000500    0.000005    0.000050    0.000050    0.000050    0.743095    12.711328  
[37m[36mINFO[0m[0m 07/16 23:08:48 | 0.964820    0.946108    0.000000    0.967893    0.128755    0.965770    0.985043    0.964820    0.946108    0.952866    1900        37.095790   7.381527    0.008937    0.639633    0.278860    -5.158107   0.500000    11.242002   7.066823    21.000000   0.278686    0.360403    0.982489    0.980688    0.008937    3.360723    4.031439    7.349517    0.031982    0.000028    1.000000    0.250000    3.568614    0.988716    1.000000    20.454668   45.409023   3.568614    0.174742    0.988716    0.226092    0.239805    0.000051    0.999213    5.489252    0.045215    0.066694    0.000000    0.000050    0.000500    0.000005    0.000500    0.000500    0.000005    0.000050    0.000050    0.000050    0.592645    13.897105  
[37m[36mINFO[0m[0m 07/16 23:10:21 | 0.966317    0.928144    0.000000    0.959716    0.188466    0.960880    0.967949    0.966317    0.928144    0.950318    2000        39.048200   7.413033    0.013678    0.638064    0.264187    -5.270723   0.500000    11.214280   7.077577    21.000000   0.264054    0.361970    0.982095    0.980148    0.013678    3.372477    4.047656    7.381104    0.031903    0.000026    1.000000    0.250000    3.575488    0.988160    1.000000    19.813516   45.412703   3.575488    0.180637    0.988160    0.225397    0.237875    0.000047    0.999424    7.250411    0.048981    0.089865    0.000000    0.000050    0.000500    0.000005    0.000500    0.000500    0.000005    0.000050    0.000050    0.000050    0.717193    13.860220  
[37m[36mINFO[0m[0m 07/16 23:11:53 | 0.969311    0.958084    0.000000    0.957627    0.177982    0.948655    0.970085    0.969311    0.958084    0.954140    2100        41.000610   7.366049    0.010317    0.638852    0.253480    -5.359309   0.500000    11.258151   7.059196    21.000000   0.253380    0.361180    0.982554    0.980704    0.010317    3.359308    4.018050    7.334081    0.031943    0.000025    1.000000    0.250000    3.678246    0.987841    1.000000    20.176182   45.417696   3.678246    0.182446    0.987841    0.232504    0.245744    0.000042    0.999476    6.610226    0.047369    0.073071    0.000000    0.000050    0.000500    0.000005    0.000500    0.000500    0.000005    0.000050    0.000050    0.000050    0.713141    13.708096  
[37m[36mINFO[0m[0m 07/16 23:13:26 | 0.969311    0.955090    0.000000    0.962195    0.171399    0.955990    0.970085    0.969311    0.955090    0.960510    2200        42.953020   7.379480    0.016672    0.637337    0.246198    -5.460491   0.500000    11.251395   7.077154    21.000000   0.246155    0.362695    0.981785    0.979730    0.016672    3.371659    4.013863    7.347589    0.031867    0.000025    1.000000    0.250000    3.632273    0.987730    1.000000    19.892320   45.415550   3.632273    0.182821    0.987730    0.229269    0.245045    0.000037    0.999580    8.739719    0.055867    0.107342    0.000000    0.000050    0.000500    0.000005    0.000500    0.000500    0.000005    0.000050    0.000050    0.000050    0.715246    13.942050  
[37m[36mINFO[0m[0m 07/16 23:15:03 | 0.967066    0.949102    0.000000    0.966859    0.142328    0.958435    0.982906    0.967066    0.949102    0.959236    2300        44.905430   7.365502    0.015935    0.635730    0.239233    -5.561945   0.500000    11.227992   7.060462    21.000000   0.239163    0.364299    0.982411    0.980438    0.015935    3.369355    4.004022    7.333692    0.031787    0.000024    1.000000    0.250000    3.662692    0.987451    1.000000    19.769876   45.420127   3.662692    0.185702    0.987451    0.227871    0.245271    0.000027    0.999562    7.423147    0.051941    0.091964    0.000000    0.000050    0.000500    0.000005    0.000500    0.000500    0.000005    0.000050    0.000050    0.000050    0.742382    13.611273  
[37m[36mINFO[0m[0m 07/16 23:16:39 | 0.958832    0.949102    0.000000    0.953929    0.168066    0.958435    0.959402    0.958832    0.949102    0.943949    2400        46.857840   7.322777    0.010562    0.633451    0.232406    -5.690356   0.500000    11.210079   7.108815    21.000000   0.232330    0.366578    0.983188    0.981471    0.010562    3.348630    3.988793    7.291081    0.031673    0.000023    1.000000    0.250000    3.758547    0.986811    1.000000    19.403981   45.431674   3.758547    0.194068    0.986811    0.228930    0.245144    0.000025    0.999602    6.123637    0.050248    0.068468    0.000000    0.000050    0.000500    0.000005    0.000500    0.000500    0.000005    0.000050    0.000050    0.000050    0.745566    12.108155  
[37m[36mINFO[0m[0m 07/16 23:18:13 | 0.940868    0.928144    0.000000    0.955113    0.193597    0.936430    0.972222    0.940868    0.928144    0.956688    2500        48.810250   7.385617    0.025093    0.632288    0.228554    -5.791465   0.500000    11.180507   7.157662    21.000000   0.228542    0.367740    0.980913    0.978597    0.025093    3.387525    3.999277    7.353980    0.031614    0.000023    1.000000    0.250000    3.622173    0.986802    1.000000    18.766677   45.420011   3.622173    0.193600    0.986802    0.221861    0.238564    0.000034    0.999446    9.175030    0.058219    0.122260    0.000000    0.000050    0.000500    0.000005    0.000500    0.000500    0.000005    0.000050    0.000050    0.000050    0.720074    13.243281  
[37m[36mINFO[0m[0m 07/16 23:19:45 | 0.965569    0.967066    0.000000    0.953689    0.167233    0.955990    0.963675    0.965569    0.967066    0.941401    2600        50.762660   7.336771    0.013652    0.629483    0.223197    -5.895454   0.500000    11.265824   7.122583    21.000000   0.223132    0.370544    0.982400    0.980529    0.013652    3.363285    3.987292    7.305274    0.031474    0.000022    1.000000    0.250000    3.763310    0.986404    1.000000    19.043511   45.429749   3.763310    0.197745    0.986404    0.226216    0.245077    0.000024    0.999697    7.105827    0.052239    0.076729    0.000000    0.000050    0.000500    0.000005    0.000500    0.000500    0.000005    0.000050    0.000050    0.000050    0.716189    13.298051  
[37m[36mINFO[0m[0m 07/16 23:21:18 | 0.962575    0.964072    0.000000    0.967373    0.161326    0.960880    0.974359    0.962575    0.964072    0.966879    2700        52.715070   7.333325    0.012839    0.629039    0.217868    -5.985251   0.500000    11.260114   7.105511    21.000000   0.217808    0.370987    0.982897    0.981172    0.012839    3.357288    3.991576    7.301851    0.031452    0.000022    1.000000    0.250000    3.769651    0.986564    1.000000    19.256915   45.434394   3.769651    0.196121    0.986564    0.227138    0.248214    0.000016    0.999831    5.973304    0.050055    0.068111    0.000000    0.000050    0.000500    0.000005    0.000500    0.000500    0.000005    0.000050    0.000050    0.000050    0.720808    13.110003  
[37m[36mINFO[0m[0m 07/16 23:22:52 | 0.969311    0.952096    0.000000    0.967605    0.149852    0.965770    0.982906    0.969311    0.952096    0.954140    2800        54.667480   7.313777    0.006284    0.628931    0.210777    -6.133183   0.500000    11.206526   7.124680    21.000000   0.210713    0.371095    0.983506    0.981899    0.006284    3.350386    3.986971    7.282309    0.031447    0.000021    1.000000    0.250000    3.808962    0.985640    1.000000    18.435569   45.438443   3.808962    0.206768    0.985640    0.222909    0.242001    0.000024    0.999735    4.287477    0.049929    0.041357    0.000000    0.000050    0.000500    0.000005    0.000500    0.000500    0.000005    0.000050    0.000050    0.000050    0.725387    13.077573  
[37m[36mINFO[0m[0m 07/16 23:24:25 | 0.958832    0.958084    0.000000    0.962688    0.138813    0.960880    0.967949    0.958832    0.958084    0.959236    2900        56.619890   7.287489    0.006139    0.628703    0.204703    -6.254537   0.500000    11.115978   7.169949    21.000000   0.204644    0.371321    0.983272    0.981694    0.006139    3.349537    3.962902    7.256033    0.031435    0.000020    1.000000    0.250000    3.826692    0.984878    1.000000    17.791107   45.441683   3.826692    0.215313    0.984878    0.220983    0.237848    0.000038    0.999425    3.878898    0.048397    0.036890    0.000000    0.000050    0.000500    0.000005    0.000500    0.000500    0.000005    0.000050    0.000050    0.000050    0.721369    13.584744  
[37m[36mINFO[0m[0m 07/16 23:25:59 | 0.971557    0.958084    0.000000    0.959819    0.158290    0.963325    0.965812    0.971557    0.958084    0.950318    3000        58.572300   7.289497    0.006983    0.626773    0.199342    -6.360339   0.500000    11.122012   7.163826    21.000000   0.199289    0.373251    0.983613    0.981987    0.006983    3.347091    3.967669    7.258139    0.031339    0.000020    1.000000    0.250000    3.832380    0.984740    1.000000    17.799661   45.440667   3.832380    0.215433    0.984740    0.224391    0.241080    0.000027    0.999689    4.010830    0.049800    0.043745    0.000000    0.000050    0.000500    0.000005    0.000500    0.000500    0.000005    0.000050    0.000050    0.000050    0.718997    14.018616  
[37m[36mINFO[0m[0m 07/16 23:27:35 | 0.963323    0.946108    0.000000    0.953984    0.168226    0.953545    0.952991    0.963323    0.946108    0.955414    3100        60.524710   7.301573    0.009920    0.626172    0.195082    -6.451900   0.500000    11.147324   7.124008    21.000000   0.195046    0.373853    0.982752    0.981051    0.009920    3.354370    3.970474    7.270245    0.031309    0.000020    1.000000    0.250000    3.852852    0.984230    1.000000    17.498084   45.444946   3.852852    0.220320    0.984230    0.223027    0.239945    0.000030    0.999647    5.138666    0.053797    0.058273    0.000000    0.000050    0.000500    0.000005    0.000500    0.000500    0.000005    0.000050    0.000050    0.000050    0.740544    13.459748  
[37m[36mINFO[0m[0m 07/16 23:29:11 | 0.961826    0.937126    0.000000    0.954422    0.187868    0.943765    0.961538    0.961826    0.937126    0.957962    3200        62.477120   7.316781    0.013373    0.622907    0.192121    -6.478795   0.500000    11.179946   7.114600    21.000000   0.192075    0.377117    0.982434    0.980657    0.013373    3.364811    3.972220    7.285617    0.031145    0.000019    1.000000    0.250000    3.890083    0.984781    1.000000    18.188437   45.447466   3.890083    0.214174    0.984781    0.228259    0.248534    0.000017    0.999807    7.114965    0.055845    0.072392    0.000000    0.000050    0.000500    0.000005    0.000500    0.000500    0.000005    0.000050    0.000050    0.000050    0.753013    11.829449  
[37m[36mINFO[0m[0m 07/16 23:30:44 | 0.967066    0.940120    0.000000    0.950381    0.189662    0.948655    0.957265    0.967066    0.940120    0.945223    3300        64.429530   7.306624    0.012187    0.623445    0.187329    -6.577641   0.500000    11.215136   7.097321    21.000000   0.187300    0.376578    0.982556    0.980780    0.012187    3.365335    3.963688    7.275433    0.031172    0.000019    1.000000    0.250000    3.916292    0.984361    1.000000    18.000790   45.452765   3.916292    0.217732    0.984361    0.228424    0.248877    0.000019    0.999742    6.086222    0.053805    0.065955    0.000000    0.000050    0.000500    0.000005    0.000500    0.000500    0.000005    0.000050    0.000050    0.000050    0.726284    12.792209  
[37m[36mINFO[0m[0m 07/16 23:32:17 | 0.952096    0.937126    0.000000    0.939772    0.311300    0.926650    0.948718    0.952096    0.937126    0.943949    3400        66.381940   7.279935    0.008468    0.623518    0.184683    -6.626039   0.500000    11.205474   7.083935    21.000000   0.184640    0.376505    0.983397    0.981870    0.008468    3.351953    3.954580    7.248740    0.031176    0.000018    1.000000    0.250000    3.943626    0.984477    1.000000    18.080759   45.457310   3.943626    0.218403    0.984477    0.228743    0.250784    0.000013    0.999773    5.625072    0.053126    0.051219    0.000000    0.000050    0.000500    0.000005    0.000500    0.000500    0.000005    0.000050    0.000050    0.000050    0.720181    13.281814  
[37m[36mINFO[0m[0m 07/16 23:33:50 | 0.931886    0.916168    0.000000    0.942183    0.299246    0.946210    0.946581    0.931886    0.916168    0.933758    3500        68.334350   7.333236    0.021090    0.622333    0.182310    -6.673710   0.500000    11.260701   7.083875    21.000000   0.182331    0.377689    0.981090    0.979084    0.021090    3.381294    3.966454    7.302101    0.031117    0.000018    1.000000    0.250000    3.905194    0.984389    1.000000    17.926971   45.457300   3.905194    0.218280    0.984389    0.226235    0.250168    0.000008    0.999870    8.725601    0.063072    0.093067    0.000000    0.000050    0.000500    0.000005    0.000500    0.000500    0.000005    0.000050    0.000050    0.000050    0.724237    13.080112  
[37m[36mINFO[0m[0m 07/16 23:35:23 | 0.952844    0.946108    0.000000    0.951518    0.216304    0.938875    0.961538    0.952844    0.946108    0.954140    3600        70.286760   7.297720    0.014079    0.621068    0.181228    -6.787725   0.500000    11.217469   7.134819    21.000000   0.181183    0.378954    0.982743    0.981075    0.014079    3.365937    3.954510    7.266649    0.031053    0.000018    1.000000    0.250000    3.933069    0.983849    1.000000    17.475639   45.459087   3.933069    0.225326    0.983849    0.220224    0.245014    0.000010    0.999778    6.755597    0.057450    0.074938    0.000000    0.000050    0.000500    0.000005    0.000500    0.000500    0.000005    0.000050    0.000050    0.000050    0.718513    12.829106  
[37m[36mINFO[0m[0m 07/16 23:36:55 | 0.967814    0.952096    0.000000    0.967455    0.134321    0.965770    0.978632    0.967814    0.952096    0.957962    3700        72.239170   7.280398    0.005620    0.620865    0.177418    -6.889458   0.500000    11.152200   7.211054    21.000000   0.177367    0.379155    0.984200    0.982912    0.005620    3.350965    3.961647    7.249337    0.031043    0.000018    1.000000    0.250000    4.019108    0.983981    1.000000    17.804386   45.469790   4.019108    0.225831    0.983981    0.223644    0.250398    0.000008    0.999823    3.391180    0.048997    0.035714    0.000000    0.000050    0.000500    0.000005    0.000500    0.000500    0.000005    0.000050    0.000050    0.000050    0.717908    12.911656  
[37m[36mINFO[0m[0m 07/16 23:38:29 | 0.970060    0.964072    0.000000    0.956833    0.195532    0.963325    0.959402    0.970060    0.964072    0.947771    3800        74.191580   7.284037    0.011993    0.619986    0.171192    -6.989402   0.500000    11.140159   7.243200    21.000000   0.171149    0.380036    0.983575    0.982163    0.011993    3.359352    3.951570    7.253021    0.030999    0.000017    1.000000    0.250000    3.964341    0.982969    1.000000    16.781750   45.459709   3.964341    0.236501    0.982969    0.217631    0.241009    0.000014    0.999638    5.240742    0.055513    0.053912    0.000000    0.000050    0.000500    0.000005    0.000500    0.000500    0.000005    0.000050    0.000050    0.000050    0.720877    13.122870  
[37m[36mINFO[0m[0m 07/16 23:40:05 | 0.938623    0.925150    0.000000    0.952025    0.182522    0.933985    0.967949    0.938623    0.925150    0.954140    3900        76.143990   7.303964    0.019555    0.620514    0.170315    -7.001442   0.500000    11.149158   7.210653    21.000000   0.170315    0.379507    0.980350    0.978352    0.019555    3.375870    3.947511    7.272921    0.031026    0.000017    1.000000    0.250000    3.894670    0.983308    1.000000    16.952443   45.454986   3.894670    0.229929    0.983308    0.217191    0.243042    0.000008    0.999711    8.664016    0.060345    0.094236    0.000000    0.000050    0.000500    0.000005    0.000500    0.000500    0.000005    0.000050    0.000050    0.000050    0.730583    13.833979  
[37m[36mINFO[0m[0m 07/16 23:41:41 | 0.949102    0.922156    0.000000    0.956285    0.176386    0.933985    0.974359    0.949102    0.922156    0.960510    4000        78.096400   7.285310    0.012021    0.617998    0.168397    -7.046103   0.500000    11.168261   7.181128    21.000000   0.168342    0.382021    0.981936    0.980413    0.012021    3.363915    3.948918    7.254393    0.030900    0.000017    1.000000    0.250000    3.989491    0.983168    1.000000    17.239178   45.465260   3.989491    0.231552    0.983168    0.220244    0.248127    0.000006    0.999813    5.911984    0.055156    0.058404    0.000000    0.000050    0.000500    0.000005    0.000500    0.000500    0.000005    0.000050    0.000050    0.000050    0.748162    12.332638  
[37m[36mINFO[0m[0m 07/16 23:43:16 | 0.963323    0.946108    0.000000    0.964031    0.171826    0.965770    0.965812    0.963323    0.946108    0.960510    4100        80.048810   7.235321    0.004021    0.619145    0.162874    -7.172558   0.500000    11.182508   7.173370    21.000000   0.162825    0.380875    0.984046    0.982867    0.004021    3.342958    3.929094    7.204348    0.030957    0.000016    1.000000    0.250000    4.078126    0.983095    1.000000    17.463451   45.473813   4.078126    0.233668    0.983095    0.224229    0.252952    0.000005    0.999887    3.666674    0.051703    0.026875    0.000000    0.000050    0.000500    0.000005    0.000500    0.000500    0.000005    0.000050    0.000050    0.000050    0.740947    13.241325  
[37m[36mINFO[0m[0m 07/16 23:44:50 | 0.952844    0.949102    0.000000    0.944491    0.245363    0.933985    0.952991    0.952844    0.949102    0.946497    4200        82.001220   7.248872    0.005016    0.619603    0.155920    -7.289178   0.500000    11.149486   7.190620    21.000000   0.155851    0.380416    0.984089    0.982978    0.005016    3.346598    3.939154    7.217877    0.030980    0.000016    1.000000    0.250000    4.091054    0.982579    1.000000    17.088162   45.475378   4.091054    0.239647    0.982579    0.222786    0.250709    0.000006    0.999895    3.295548    0.052402    0.026840    0.000000    0.000050    0.000500    0.000005    0.000500    0.000500    0.000005    0.000050    0.000050    0.000050    0.725449    13.924512  
[37m[36mINFO[0m[0m 07/16 23:46:24 | 0.967814    0.955090    0.000000    0.964674    0.174305    0.960880    0.970085    0.967814    0.955090    0.963057    4300        83.953630   7.247842    0.006505    0.615918    0.152967    -7.340926   0.500000    11.169695   7.191891    21.000000   0.152943    0.384101    0.983233    0.981924    0.006505    3.346583    3.937352    7.217031    0.030796    0.000015    1.000000    0.250000    4.084267    0.982033    1.000000    16.844115   45.474877   4.084267    0.242649    0.982033    0.221670    0.249564    0.000006    0.999875    3.943453    0.052843    0.036669    0.000000    0.000050    0.000500    0.000005    0.000500    0.000500    0.000005    0.000050    0.000050    0.000050    0.719482    13.806313  
[37m[36mINFO[0m[0m 07/16 23:47:59 | 0.956587    0.931138    0.000000    0.951449    0.190113    0.933985    0.963675    0.956587    0.931138    0.956688    4400        85.906040   7.231191    0.007958    0.618089    0.149078    -7.438304   0.500000    11.085776   7.151207    21.000000   0.149095    0.381931    0.983931    0.982608    0.007958    3.344743    3.921954    7.200271    0.030904    0.000015    1.000000    0.250000    4.087034    0.981855    1.000000    16.698755   45.471233   4.087034    0.244910    0.981855    0.221554    0.248985    0.000006    0.999854    4.879041    0.057645    0.042350    0.000000    0.000050    0.000500    0.000005    0.000500    0.000500    0.000005    0.000050    0.000050    0.000050    0.718860    13.975232  
[37m[36mINFO[0m[0m 07/16 23:49:31 | 0.960329    0.946108    0.000000    0.963572    0.171777    0.958435    0.967949    0.960329    0.946108    0.964331    4500        87.858450   7.268608    0.013189    0.615560    0.153002    -7.420729   0.500000    11.176459   7.172955    21.000000   0.153010    0.384458    0.982488    0.981026    0.013189    3.361259    3.937574    7.237815    0.030778    0.000015    1.000000    0.250000    4.040433    0.982211    1.000000    16.881404   45.468100   4.040433    0.239930    0.982211    0.219352    0.250358    0.000003    0.999936    6.393146    0.059989    0.058662    0.000000    0.000050    0.000500    0.000005    0.000500    0.000500    0.000005    0.000050    0.000050    0.000050    0.712053    12.740146  
[37m[36mINFO[0m[0m 07/16 23:51:03 | 0.958084    0.946108    0.000000    0.957730    0.150764    0.951100    0.967949    0.958084    0.946108    0.954140    4600        89.810860   7.225152    0.004251    0.616608    0.147339    -7.486436   0.500000    11.158785   7.162844    21.000000   0.147244    0.383410    0.983542    0.982463    0.004251    3.344512    3.920409    7.194307    0.030830    0.000015    1.000000    0.250000    4.134534    0.982091    1.000000    16.973964   45.475703   4.134534    0.243833    0.982091    0.221369    0.252701    0.000004    0.999922    3.129995    0.048642    0.022477    0.000000    0.000050    0.000500    0.000005    0.000500    0.000500    0.000005    0.000050    0.000050    0.000050    0.710407    12.750750  
[37m[36mINFO[0m[0m 07/16 23:52:38 | 0.964072    0.949102    0.000000    0.962127    0.195767    0.941320    0.974359    0.964072    0.949102    0.970701    4700        91.763270   7.244484    0.006023    0.615954    0.142062    -7.528608   0.500000    11.163381   7.130348    21.000000   0.142032    0.384065    0.983288    0.982205    0.006023    3.353028    3.929907    7.213672    0.030798    0.000014    1.000000    0.250000    4.157786    0.981536    1.000000    16.647962   45.481366   4.157786    0.249981    0.981536    0.220649    0.251427    0.000005    0.999914    4.007103    0.053164    0.034628    0.000000    0.000050    0.000500    0.000005    0.000500    0.000500    0.000005    0.000050    0.000050    0.000050    0.734875    12.148285  
[37m[36mINFO[0m[0m 07/16 23:54:13 | 0.949102    0.943114    0.000000    0.962990    0.165995    0.941320    0.980769    0.949102    0.943114    0.966879    4800        93.715680   7.216565    0.001727    0.613145    0.135978    -7.703561   0.500000    11.146007   7.162223    21.000000   0.135916    0.386872    0.984772    0.983884    0.001727    3.339998    3.921205    7.185894    0.030657    0.000014    1.000000    0.250000    4.222169    0.981248    1.000000    16.674378   45.488650   4.222169    0.253329    0.981248    0.222962    0.253914    0.000004    0.999933    2.118182    0.052514    0.013103    0.000000    0.000050    0.000500    0.000005    0.000500    0.000500    0.000005    0.000050    0.000050    0.000050    0.744820    11.897792  
[37m[36mINFO[0m[0m 07/16 23:55:45 | 0.961826    0.934132    0.000000    0.959291    0.212336    0.951100    0.970085    0.961826    0.934132    0.956688    4900        95.668090   7.213706    0.008854    0.615115    0.133836    -7.775850   0.500000    11.147542   7.186495    21.000000   0.133823    0.384904    0.982800    0.981505    0.008854    3.345553    3.906288    7.182937    0.030756    0.000013    1.000000    0.250000    4.106415    0.980561    1.000000    15.949723   45.475547   4.106415    0.257682    0.980561    0.215801    0.245044    0.000005    0.999897    4.687652    0.055691    0.041859    0.000000    0.000050    0.000500    0.000005    0.000500    0.000500    0.000005    0.000050    0.000050    0.000050    0.717049    13.074254  
[37m[36mINFO[0m[0m 07/16 23:57:16 | 0.951347    0.937126    0.000000    0.956168    0.218415    0.941320    0.967949    0.951347    0.937126    0.959236    5000        97.620500   7.256902    0.013789    0.612745    0.133838    -7.697074   0.500000    11.169606   7.226909    21.000000   0.133856    0.387273    0.981881    0.980284    0.013789    3.364447    3.924987    7.226252    0.030637    0.000013    1.000000    0.250000    4.080279    0.981088    1.000000    16.298682   45.476816   4.080279    0.251067    0.981088    0.218057    0.249889    0.000002    0.999932    6.547958    0.061248    0.058304    0.000000    0.000050    0.000500    0.000005    0.000500    0.000500    0.000005    0.000050    0.000050    0.000050    0.713311    13.053693  
[37m[36mINFO[0m[0m 07/16 23:57:17 | ---
[37m[33mWARNING[0m[0m 07/16 23:57:17 | Evaluate SWAD ...
[37m[36mINFO[0m[0m 07/16 23:57:30 | 0.984281    0.967066    0.000000    0.976201    0.350239    0.977995    0.978632    0.984281    0.967066    0.971975    [101-4800]  (N=49)
[37m[36mINFO[0m[0m 07/16 23:57:30 | oracle = 97.530%
[37m[36mINFO[0m[0m 07/16 23:57:30 | iid = 96.482%
[37m[36mINFO[0m[0m 07/16 23:57:30 | last = 95.135%
[37m[36mINFO[0m[0m 07/16 23:57:30 | last (inD) = 95.617%
[37m[36mINFO[0m[0m 07/16 23:57:30 | iid (inD) = 96.789%
[37m[36mINFO[0m[0m 07/16 23:57:30 | SWAD = 98.428%
[37m[36mINFO[0m[0m 07/16 23:57:30 | SWAD (inD) = 97.620%
[37m[36mINFO[0m[0m 07/16 23:57:31 | 
[37m[36mINFO[0m[0m 07/16 23:57:36 | Testenv name escaping te_sketch -> te_sketch
[37m[36mINFO[0m[0m 07/16 23:57:36 | Test envs = [3], name = te_sketch
[37m[36mINFO[0m[0m 07/16 23:57:36 | Batch sizes for each domain: [32, 32, 32, 0] (total=96)
[37m[36mINFO[0m[0m 07/16 23:57:36 | steps-per-epoch for each domain: 51.22, 58.62, 41.75 -> min = 41.75
[37m[36mINFO[0m[0m 07/16 23:57:38 | # of params = 53365703
[37m[36mINFO[0m[0m 07/16 23:57:55 | test_in     test_out    train_in    train_out   tr_outloss  env0_out    env1_out    env2_out    env3_in     env3_out    step        epoch       loss        loss_cls    loss_isr    loss_orth   loss_gt     piccl_alph  paired_res  domain_res  valid_doma  basis_orth  response_c  raw_interv  mediator_i  ce_loss     sup_cl_los  pre_cl_los  dccl_total  weighted_l  weighted_l  piccl_feat  residual_s  residual_d  fused_orig  piccl_exec  original_f  piccl_feat  feature_de  feature_de  original_f  gate_mean   gate_std    gate_min    gate_max    backbone_g  piccl_grad  classifier  has_nan_or  param_grou  param_grou  param_grou  param_grou  param_grou  param_grou  param_grou  param_grou  param_grou  step_time   eval_time  
[37m[36mINFO[0m[0m 07/16 23:57:55 | 0.153308    0.145223    0.000000    0.297265    1.952846    0.271394    0.252137    0.368263    0.153308    0.145223    0           0.000000    12.055917   2.007428    0.000000    0.113467    -5.756462   0.000000    0.000000    0.000000    21.000000   0.103214    0.000000    0.902468    0.902468    2.007428    5.098177    5.007865    12.055905   0.000000    0.000011    0.000000    0.250000    0.000000    1.000000    1.000000    26.046446   45.253448   0.000000    0.000000    1.000000    0.075858    0.000000    0.075858    0.075858    8.315198    0.000150    5.372877    0.000000    0.000050    0.000500    0.000005    0.000500    0.000500    0.000005    0.000050    0.000050    0.000050    0.813136    15.746694  
[37m[36mINFO[0m[0m 07/16 23:59:34 | 0.625000    0.633121    0.000000    0.945133    0.176032    0.904645    0.948718    0.982036    0.625000    0.633121    100         2.395210    8.657962    0.282264    0.976602    0.066893    0.157026    0.000000    13.309290   2.309076    21.000000   0.066377    0.023850    0.965189    0.964196    0.282264    3.800800    4.524491    8.609125    0.048830    0.000007    1.000000    0.250000    0.861910    0.999765    1.000000    41.985020   45.264271   0.861910    0.021109    0.999765    0.093303    0.058844    0.014234    0.566176    15.681622   0.017456    1.806511    0.000000    0.000050    0.000500    0.000005    0.000500    0.000500    0.000005    0.000050    0.000050    0.000050    0.745349    14.677927  
[37m[36mINFO[0m[0m 07/17 00:01:10 | 0.758906    0.761783    0.000000    0.954768    0.119428    0.933985    0.957265    0.973054    0.758906    0.761783    200         4.790419    7.914764    0.081156    0.910433    0.068511    -1.512296   0.000000    12.434288   4.417581    21.000000   0.069187    0.090362    0.974409    0.973442    0.081156    3.525679    4.277522    7.869235    0.045522    0.000007    1.000000    0.250000    1.434765    0.999163    1.000000    35.440140   45.279481   1.434765    0.040667    0.999163    0.128856    0.130677    0.003045    0.964844    13.104700   0.017781    0.687952    0.000000    0.000050    0.000500    0.000005    0.000500    0.000500    0.000005    0.000050    0.000050    0.000050    0.716096    16.094264  
[37m[36mINFO[0m[0m 07/17 00:02:44 | 0.768448    0.785987    0.000000    0.964157    0.106500    0.943765    0.963675    0.985030    0.768448    0.785987    300         7.185629    7.653681    0.033366    0.851090    0.207404    -2.311246   0.000000    12.171168   5.295730    21.000000   0.209090    0.149420    0.977115    0.976217    0.033366    3.432905    4.167947    7.611106    0.042554    0.000021    1.000000    0.250000    1.858514    0.998342    1.000000    31.659024   45.296080   1.858514    0.058932    0.998342    0.154911    0.163714    0.002542    0.981511    9.568058    0.013795    0.313366    0.000000    0.000050    0.000500    0.000005    0.000500    0.000500    0.000005    0.000050    0.000050    0.000050    0.713908    14.450000  
[37m[36mINFO[0m[0m 07/17 00:04:19 | 0.759542    0.756688    0.000000    0.960611    0.130044    0.933985    0.965812    0.982036    0.759542    0.756688    400         9.580838    7.536777    0.023850    0.816583    0.337814    -2.785654   0.000000    11.968723   5.722295    21.000000   0.338714    0.183815    0.978086    0.977103    0.023850    3.412331    4.087590    7.495915    0.040829    0.000034    1.000000    0.250000    2.142422    0.997546    1.000000    29.387993   45.311044   2.142422    0.073043    0.997546    0.170853    0.181512    0.002183    0.988433    8.826526    0.012837    0.217459    0.000000    0.000050    0.000500    0.000005    0.000500    0.000500    0.000005    0.000050    0.000050    0.000050    0.719996    14.610355  
[37m[36mINFO[0m[0m 07/17 00:05:54 | 0.773219    0.777070    0.000000    0.963608    0.099954    0.951100    0.963675    0.976048    0.773219    0.777070    500         11.976048   7.517323    0.028780    0.786398    0.408951    -2.966270   0.000000    12.112256   5.931779    21.000000   0.409566    0.213956    0.978627    0.977497    0.028780    3.419000    4.059845    7.477962    0.039320    0.000041    1.000000    0.250000    2.382444    0.996835    1.000000    28.527651   45.324618   2.382444    0.083730    0.996835    0.186430    0.200100    0.001495    0.993676    10.696099   0.013418    0.278615    0.000000    0.000050    0.000500    0.000005    0.000500    0.000500    0.000005    0.000050    0.000050    0.000050    0.713199    14.747123  
[37m[36mINFO[0m[0m 07/17 00:07:27 | 0.803117    0.806369    0.000000    0.975582    0.087962    0.968215    0.976496    0.982036    0.803117    0.806369    600         14.371257   7.425011    0.016137    0.762727    0.459920    -3.309895   0.025250    11.939781   6.061022    21.000000   0.460249    0.237570    0.980196    0.979228    0.016137    3.388015    4.015775    7.386829    0.038136    0.000046    1.000000    0.250000    2.557562    0.996029    1.000000    26.662524   45.337609   2.557562    0.095973    0.996029    0.193461    0.205482    0.001382    0.994238    7.183868    0.010825    0.151873    0.000000    0.000050    0.000500    0.000005    0.000500    0.000500    0.000005    0.000050    0.000050    0.000050    0.708880    14.447478  
[37m[36mINFO[0m[0m 07/17 00:09:04 | 0.762087    0.765605    0.000000    0.968049    0.105058    0.958435    0.963675    0.982036    0.762087    0.765605    700         16.766467   7.354169    0.006591    0.743905    0.476489    -3.653983   0.075250    11.777734   6.113145    21.000000   0.476519    0.256349    0.980743    0.979821    0.006591    3.370827    3.976048    7.316926    0.037195    0.000048    1.000000    0.250000    2.736971    0.995089    1.000000    25.110621   45.350356   2.736971    0.109074    0.995089    0.202482    0.210396    0.001504    0.993812    4.230498    0.009332    0.062774    0.000000    0.000050    0.000500    0.000005    0.000500    0.000500    0.000005    0.000050    0.000050    0.000050    0.725145    14.236246  
[37m[36mINFO[0m[0m 07/17 00:10:40 | 0.749364    0.754140    0.000000    0.972711    0.116130    0.960880    0.972222    0.985030    0.749364    0.754140    800         19.161677   7.346148    0.016333    0.729622    0.468652    -3.832852   0.125250    11.832867   6.095817    21.000000   0.468505    0.270599    0.980353    0.979093    0.016333    3.378251    3.953365    7.309620    0.036481    0.000047    1.000000    0.250000    2.862209    0.994308    1.000000    24.279036   45.360702   2.862209    0.118021    0.994308    0.211126    0.217190    0.001220    0.995559    7.104386    0.012950    0.124025    0.000000    0.000050    0.000500    0.000005    0.000500    0.000500    0.000005    0.000050    0.000050    0.000050    0.746394    13.802443  
[37m[36mINFO[0m[0m 07/17 00:12:16 | 0.705153    0.701911    0.000000    0.959876    0.140004    0.926650    0.967949    0.985030    0.705153    0.701911    900         21.556886   7.391633    0.032142    0.713506    0.456628    -3.801754   0.175250    12.033840   6.076314    21.000000   0.456537    0.286674    0.979039    0.977352    0.032142    3.416022    3.945766    7.355912    0.035675    0.000046    1.000000    0.250000    2.915644    0.994218    1.000000    25.044546   45.365773   2.915644    0.116957    0.994218    0.218723    0.229870    0.000712    0.997304    11.519846   0.019725    0.223422    0.000000    0.000050    0.000500    0.000005    0.000500    0.000500    0.000005    0.000050    0.000050    0.000050    0.720343    15.455257  
[37m[36mINFO[0m[0m 07/17 00:13:53 | 0.772901    0.784713    0.000000    0.973526    0.098933    0.963325    0.972222    0.985030    0.772901    0.784713    1000        23.952096   7.320858    0.015261    0.706146    0.448731    -3.953955   0.225250    11.902555   6.129168    21.000000   0.448677    0.293991    0.981159    0.979730    0.015261    3.383183    3.926602    7.285506    0.035307    0.000045    1.000000    0.250000    3.024427    0.993759    1.000000    24.688771   45.372609   3.024427    0.122727    0.993759    0.217782    0.232775    0.000481    0.998452    7.376268    0.017309    0.117418    0.000000    0.000050    0.000500    0.000005    0.000500    0.000500    0.000005    0.000050    0.000050    0.000050    0.721989    15.646058  
[37m[36mINFO[0m[0m 07/17 00:15:28 | 0.726463    0.731210    0.000000    0.965992    0.123252    0.953545    0.959402    0.985030    0.726463    0.731210    1100        26.347305   7.290766    0.011774    0.698720    0.446574    -4.243642   0.275250    11.769874   6.117005    21.000000   0.446569    0.301398    0.980882    0.979346    0.011774    3.377466    3.908982    7.255785    0.034936    0.000045    1.000000    0.250000    3.164638    0.992722    1.000000    23.532556   45.384949   3.164638    0.134568    0.992722    0.221700    0.233792    0.000466    0.998323    6.731015    0.019943    0.099551    0.000000    0.000050    0.000500    0.000005    0.000500    0.000500    0.000005    0.000050    0.000050    0.000050    0.714467    15.645714  
[37m[36mINFO[0m[0m 07/17 00:17:03 | 0.746819    0.764331    0.000000    0.965684    0.136959    0.946210    0.965812    0.985030    0.746819    0.764331    1200        28.742515   7.256963    0.011961    0.695446    0.443006    -4.386208   0.325250    11.792331   6.137459    21.000000   0.442983    0.304655    0.980843    0.979173    0.011961    3.370649    3.883398    7.222147    0.034772    0.000044    1.000000    0.250000    3.279863    0.992034    1.000000    23.209079   45.395034   3.279863    0.141400    0.992034    0.227959    0.238438    0.000445    0.998572    6.701420    0.023024    0.089819    0.000000    0.000050    0.000500    0.000005    0.000500    0.000500    0.000005    0.000050    0.000050    0.000050    0.715493    14.872935  
[37m[36mINFO[0m[0m 07/17 00:18:07 | 0.757634    0.765605    0.000000    0.965581    0.136729    0.943765    0.967949    0.985030    0.757634    0.765605    1300        31.137725   7.290505    0.022141    0.687925    0.445649    -4.482590   0.375250    11.925955   6.129604    21.000000   0.445686    0.312156    0.979384    0.977257    0.022141    3.391623    3.887126    7.256064    0.034396    0.000045    1.000000    0.250000    3.295998    0.991576    1.000000    22.739273   45.397131   3.295998    0.145066    0.991576    0.227850    0.239208    0.000331    0.998898    9.212624    0.034329    0.162825    0.000000    0.000050    0.000500    0.000005    0.000500    0.000500    0.000005    0.000050    0.000050    0.000050    0.490373    12.940959  
[37m[36mINFO[0m[0m 07/17 00:19:06 | 0.733142    0.722293    0.000000    0.972977    0.104820    0.970660    0.972222    0.976048    0.733142    0.722293    1400        33.532934   7.277408    0.019495    0.684295    0.447289    -4.583044   0.425250    11.946646   6.171804    21.000000   0.447316    0.315771    0.979920    0.977747    0.019495    3.392655    3.876829    7.243149    0.034215    0.000045    1.000000    0.250000    3.363635    0.990978    1.000000    22.308561   45.402404   3.363635    0.150886    0.990978    0.226681    0.240441    0.000284    0.998739    10.084968   0.037424    0.144421    0.000000    0.000050    0.000500    0.000005    0.000500    0.000500    0.000005    0.000050    0.000050    0.000050    0.447307    13.099393  
[37m[36mINFO[0m[0m 07/17 00:20:06 | 0.708969    0.710828    0.000000    0.971633    0.112437    0.965770    0.970085    0.979042    0.708969    0.710828    1500        35.928144   7.234267    0.012971    0.681517    0.448894    -4.689648   0.475250    11.905659   6.240092    21.000000   0.448878    0.318537    0.981626    0.979699    0.012971    3.374324    3.859748    7.200147    0.034076    0.000045    1.000000    0.250000    3.471315    0.990480    1.000000    22.423894   45.413524   3.471315    0.154923    0.990480    0.229308    0.244992    0.000272    0.998959    7.146179    0.035055    0.099782    0.000000    0.000050    0.000500    0.000005    0.000500    0.000500    0.000005    0.000050    0.000050    0.000050    0.447219    13.127931  
[37m[36mINFO[0m[0m 07/17 00:21:06 | 0.779898    0.780892    0.000000    0.968437    0.133043    0.960880    0.959402    0.985030    0.779898    0.780892    1600        38.323353   7.214454    0.008524    0.681420    0.445990    -4.911480   0.500000    11.760661   6.252367    21.000000   0.445927    0.318630    0.982431    0.980628    0.008524    3.368342    3.852587    7.180338    0.034071    0.000045    1.000000    0.250000    3.572020    0.989499    1.000000    21.670164   45.420677   3.572020    0.165024    0.989499    0.230561    0.243795    0.000307    0.999029    4.827557    0.034751    0.067585    0.000000    0.000050    0.000500    0.000005    0.000500    0.000500    0.000005    0.000050    0.000050    0.000050    0.445385    12.977165  
[37m[36mINFO[0m[0m 07/17 00:22:06 | 0.784987    0.779618    0.000000    0.975933    0.107065    0.973105    0.963675    0.991018    0.784987    0.779618    1700        40.718563   7.155783    0.001296    0.681844    0.437649    -5.104711   0.500000    11.715420   6.255206    21.000000   0.437549    0.318203    0.983346    0.981780    0.001296    3.346552    3.824846    7.121647    0.034092    0.000044    1.000000    0.250000    3.694959    0.988090    1.000000    20.544688   45.433185   3.694959    0.179930    0.988090    0.230549    0.239830    0.000423    0.998257    1.371535    0.028544    0.011213    0.000000    0.000050    0.000500    0.000005    0.000500    0.000500    0.000005    0.000050    0.000050    0.000050    0.447460    13.496738  
[37m[36mINFO[0m[0m 07/17 00:23:06 | 0.770356    0.769427    0.000000    0.964240    0.143186    0.955990    0.963675    0.973054    0.770356    0.769427    1800        43.113772   7.166356    0.004334    0.680601    0.426917    -5.279261   0.500000    11.638561   6.222904    21.000000   0.426827    0.319445    0.981886    0.979947    0.004334    3.354639    3.826103    7.132284    0.034030    0.000043    1.000000    0.250000    3.750354    0.986867    1.000000    19.745975   45.439723   3.750354    0.190011    0.986867    0.233175    0.238077    0.000478    0.997867    3.166696    0.035860    0.031379    0.000000    0.000050    0.000500    0.000005    0.000500    0.000500    0.000005    0.000050    0.000050    0.000050    0.447054    13.514931  
[37m[36mINFO[0m[0m 07/17 00:24:06 | 0.709606    0.699363    0.000000    0.950437    0.228494    0.946210    0.938034    0.967066    0.709606    0.699363    1900        45.508982   7.187290    0.012908    0.677707    0.421811    -5.272277   0.500000    11.809094   6.150063    21.000000   0.421771    0.322334    0.980949    0.978681    0.012908    3.371360    3.821818    7.153363    0.033885    0.000042    1.000000    0.250000    3.699449    0.987898    1.000000    20.873976   45.435280   3.699449    0.177340    0.987898    0.238980    0.249411    0.000181    0.999358    7.004662    0.043089    0.081000    0.000000    0.000050    0.000500    0.000005    0.000500    0.000500    0.000005    0.000050    0.000050    0.000050    0.447368    13.555354  
[37m[36mINFO[0m[0m 07/17 00:25:06 | 0.712150    0.696815    0.000000    0.961955    0.177419    0.938875    0.967949    0.979042    0.712150    0.696815    2000        47.904192   7.188143    0.009494    0.675572    0.415227    -5.387437   0.500000    11.783716   6.168191    21.000000   0.415153    0.324468    0.981858    0.979740    0.009494    3.369847    3.828856    7.154323    0.033779    0.000042    1.000000    0.250000    3.793367    0.987437    1.000000    20.848580   45.443628   3.793367    0.182230    0.987437    0.241895    0.253713    0.000140    0.999405    5.719757    0.041904    0.065650    0.000000    0.000050    0.000500    0.000005    0.000500    0.000500    0.000005    0.000050    0.000050    0.000050    0.447203    13.669698  
[37m[36mINFO[0m[0m 07/17 00:26:08 | 0.767176    0.784713    0.000000    0.968620    0.103197    0.958435    0.959402    0.988024    0.767176    0.784713    2100        50.299401   7.139829    0.004611    0.675601    0.407757    -5.524615   0.500000    11.805804   6.169462    21.000000   0.407651    0.324434    0.982192    0.980357    0.004611    3.355130    3.801513    7.106008    0.033780    0.000041    1.000000    0.250000    3.854200    0.987131    1.000000    20.626411   45.454114   3.854200    0.187177    0.987131    0.240166    0.252731    0.000155    0.999138    2.996929    0.034523    0.030803    0.000000    0.000050    0.000500    0.000005    0.000500    0.000500    0.000005    0.000050    0.000050    0.000050    0.451095    14.303108  
[37m[36mINFO[0m[0m 07/17 00:27:09 | 0.680344    0.687898    0.000000    0.941164    0.259178    0.911980    0.944444    0.967066    0.680344    0.687898    2200        52.694611   7.142498    0.005067    0.673724    0.395714    -5.687374   0.500000    11.703160   6.211757    21.000000   0.395620    0.326311    0.982031    0.980131    0.005067    3.359084    3.801495    7.108772    0.033686    0.000040    1.000000    0.250000    3.895389    0.986017    1.000000    19.655984   45.460325   3.895389    0.198333    0.986017    0.238097    0.248077    0.000175    0.998954    4.052043    0.037367    0.036047    0.000000    0.000050    0.000500    0.000005    0.000500    0.000500    0.000005    0.000050    0.000050    0.000050    0.451854    14.370529  
[37m[36mINFO[0m[0m 07/17 00:28:10 | 0.804389    0.802548    0.000000    0.968761    0.123645    0.958435    0.965812    0.982036    0.804389    0.802548    2300        55.089820   7.158917    0.011164    0.670171    0.391020    -5.700031   0.500000    11.875286   6.188674    21.000000   0.390992    0.329863    0.981004    0.978683    0.011164    3.371397    3.799809    7.125370    0.033509    0.000039    1.000000    0.250000    3.922603    0.986665    1.000000    20.858615   45.461444   3.922603    0.188458    0.986665    0.248041    0.262030    0.000085    0.999550    7.386337    0.046955    0.076662    0.000000    0.000050    0.000500    0.000005    0.000500    0.000500    0.000005    0.000050    0.000050    0.000050    0.446176    14.166247  
[37m[36mINFO[0m[0m 07/17 00:29:11 | 0.795483    0.798726    0.000000    0.960679    0.163290    0.955990    0.952991    0.973054    0.795483    0.798726    2400        57.485030   7.126142    0.004881    0.671592    0.384392    -5.806470   0.500000    11.826519   6.186425    21.000000   0.384293    0.328439    0.982520    0.980645    0.004881    3.357638    3.788070    7.092524    0.033580    0.000038    1.000000    0.250000    4.003137    0.986264    1.000000    20.711970   45.471914   4.003137    0.193676    0.986264    0.248173    0.262633    0.000083    0.999626    4.267881    0.037480    0.035729    0.000000    0.000050    0.000500    0.000005    0.000500    0.000500    0.000005    0.000050    0.000050    0.000050    0.446642    14.277887  
[37m[36mINFO[0m[0m 07/17 00:30:11 | 0.687023    0.650955    0.000000    0.959106    0.171443    0.938875    0.959402    0.979042    0.687023    0.650955    2500        59.880240   7.125141    0.005096    0.670811    0.373676    -5.931750   0.500000    11.819531   6.190466    21.000000   0.373576    0.329221    0.982012    0.980030    0.005096    3.359403    3.786382    7.091563    0.033541    0.000037    1.000000    0.250000    4.001636    0.985618    1.000000    20.023366   45.470667   4.001636    0.199993    0.985618    0.245274    0.259016    0.000087    0.999597    4.667156    0.040396    0.040854    0.000000    0.000050    0.000500    0.000005    0.000500    0.000500    0.000005    0.000050    0.000050    0.000050    0.447538    13.216004  
[37m[36mINFO[0m[0m 07/17 00:31:14 | 0.765903    0.778344    0.000000    0.950046    0.248026    0.926650    0.944444    0.979042    0.765903    0.778344    2600        62.275449   7.150245    0.013873    0.667748    0.365364    -6.001727   0.500000    11.934741   6.166662    21.000000   0.365294    0.332283    0.980927    0.978628    0.013873    3.375921    3.787045    7.116821    0.033387    0.000037    1.000000    0.250000    3.947302    0.985727    1.000000    19.878069   45.471562   3.947302    0.198814    0.985727    0.242060    0.257890    0.000059    0.999704    7.853499    0.048627    0.081715    0.000000    0.000050    0.000500    0.000005    0.000500    0.000500    0.000005    0.000050    0.000050    0.000050    0.466736    13.387424  
[37m[36mINFO[0m[0m 07/17 00:32:14 | 0.751908    0.751592    0.000000    0.971001    0.135162    0.960880    0.970085    0.982036    0.751908    0.751592    2700        64.670659   7.125887    0.007864    0.666160    0.357492    -6.009790   0.500000    11.959883   6.193807    21.000000   0.357387    0.333869    0.981749    0.979672    0.007864    3.365416    3.779362    7.092544    0.033308    0.000036    1.000000    0.250000    3.989341    0.986095    1.000000    20.386359   45.476033   3.989341    0.195850    0.986095    0.244170    0.263690    0.000043    0.999763    5.483844    0.041318    0.053234    0.000000    0.000050    0.000500    0.000005    0.000500    0.000500    0.000005    0.000050    0.000050    0.000050    0.448230    13.503680  
[37m[36mINFO[0m[0m 07/17 00:33:14 | 0.676209    0.682803    0.000000    0.964077    0.175616    0.948655    0.961538    0.982036    0.676209    0.682803    2800        67.065868   7.120250    0.013628    0.666339    0.346122    -6.157739   0.500000    11.811442   6.212615    21.000000   0.346020    0.333689    0.981501    0.979370    0.013628    3.365305    3.769543    7.086898    0.033317    0.000035    1.000000    0.250000    3.932819    0.985440    1.000000    19.340813   45.477696   3.932819    0.203627    0.985440    0.235590    0.254228    0.000039    0.999780    6.435812    0.042055    0.067615    0.000000    0.000050    0.000500    0.000005    0.000500    0.000500    0.000005    0.000050    0.000050    0.000050    0.447725    13.547604  
[37m[36mINFO[0m[0m 07/17 00:34:17 | 0.733461    0.756688    0.000000    0.952975    0.190640    0.921760    0.955128    0.982036    0.733461    0.756688    2900        69.461078   7.120074    0.010832    0.665158    0.337657    -6.288747   0.500000    11.876780   6.167867    21.000000   0.337587    0.334870    0.981816    0.979753    0.010832    3.365958    3.772879    7.086782    0.033258    0.000034    1.000000    0.250000    3.996059    0.984905    1.000000    19.174753   45.482866   3.996059    0.208529    0.984905    0.237311    0.255422    0.000044    0.999715    6.179990    0.043428    0.059608    0.000000    0.000050    0.000500    0.000005    0.000500    0.000500    0.000005    0.000050    0.000050    0.000050    0.466893    13.744856  
[37m[36mINFO[0m[0m 07/17 00:34:17 | SWAD valley is dead -> early stop !
[37m[36mINFO[0m[0m 07/17 00:34:17 | ---
[37m[33mWARNING[0m[0m 07/17 00:34:17 | Evaluate SWAD ...
[37m[36mINFO[0m[0m 07/17 00:34:31 | 0.804389    0.802548    0.000000    0.981734    0.225061    0.975550    0.978632    0.991018    0.804389    0.802548    [301-2300]  (N=21)
[37m[36mINFO[0m[0m 07/17 00:34:31 | oracle = 80.312%
[37m[36mINFO[0m[0m 07/17 00:34:31 | iid = 78.499%
[37m[36mINFO[0m[0m 07/17 00:34:31 | last = 73.346%
[37m[36mINFO[0m[0m 07/17 00:34:31 | last (inD) = 95.297%
[37m[36mINFO[0m[0m 07/17 00:34:31 | iid (inD) = 97.593%
[37m[36mINFO[0m[0m 07/17 00:34:31 | SWAD = 80.439%
[37m[36mINFO[0m[0m 07/17 00:34:31 | SWAD (inD) = 98.173%
[37m[36mINFO[0m[0m 07/17 00:34:32 | === Summary ===
[37m[36mINFO[0m[0m 07/17 00:34:32 | Command: train_all.py 3pacs_piccl_basis --dataset PACS --algorithm PICCL --model resnet50 --deterministic --trial_seed 0 --seed 0 --checkpoint_freq 100 --steps 5000 --data_dir /home/hooasia/lgg/data/repro_dccl_data --use_piccl true --piccl_strict_bypass false --output_root train_output/PACS1 --l 1 --l_d 0.05 --l_layer 1 --t 0.1 --t_pre 0.2 --use_piccl true --piccl_fusion_mode residual_gate --piccl_gt_mode keep --piccl_rank 16 --piccl_isr_weight 0.05 --piccl_orth_weight 0.0001 --piccl_residual_scale 0.25 --piccl_gate_bias -2.5 --piccl_gt_mode keep --piccl_basis_receive_task_grad true
[37m[36mINFO[0m[0m 07/17 00:34:32 | Unique name: 260716_20-00-04_3pacs_piccl_basis
[37m[36mINFO[0m[0m 07/17 00:34:32 | Out path: train_output/PACS1/260716_20-00-04_3pacs_piccl_basis
[37m[36mINFO[0m[0m 07/17 00:34:32 | Algorithm: PICCL
[37m[36mINFO[0m[0m 07/17 00:34:32 | Dataset: PACS
+------------+---------+---------+---------+---------+---------+
| Selection  |   env0  |   env1  |   env2  |   env3  |   Avg.  |
+------------+---------+---------+---------+---------+---------+
|   oracle   | 89.506% | 83.156% | 97.530% | 80.312% | 87.626% |
|    iid     | 88.652% | 81.130% | 96.482% | 78.499% | 86.191% |
|    last    | 78.585% | 82.356% | 95.135% | 73.346% | 82.355% |
| last (inD) | 96.420% | 96.067% | 95.617% | 95.297% | 95.850% |
| iid (inD)  | 97.514% | 97.264% | 96.789% | 97.593% | 97.290% |
|    SWAD    | 91.275% | 84.595% | 98.428% | 80.439% | 88.684% |
| SWAD (inD) | 98.424% | 97.826% | 97.620% | 98.173% | 98.011% |
+------------+---------+---------+---------+---------+---------+
