[37m[36mINFO[0m[0m 08/06 22:50:12 | Command :: train_all.py pacs_piccl_isr_1 --algorithm PICCL --data_dir /home/hooasia/lgg/data/repro_dccl_data --output_root train_output/PACS_piccl_loss --steps 5000 --checkpoint_freq 100 --deterministic --piccl_isr_weight 1.0 --piccl_gt_mode keep
Environment:
	Python: 3.10.20
	PyTorch: 2.5.1+cu121
	Torchvision: 0.20.1+cu121
	CUDA: 12.1
	CUDNN: 90100
	NumPy: 2.2.6
	PIL: 12.0.0
Args:
	TN: False
	algorithm: PICCL
	aug: 0
	checkpoint_freq: 100
	configs: []
	data_dir: /home/hooasia/lgg/data/repro_dccl_data
	dataset: PACS
	debug: False
	deterministic: True
	domainnet_auto_source_count: 3
	erm_baseline: weak
	evalmode: fast
	holdout_fraction: 0.2
	l: 1
	l_d: 0.05
	l_layer: 1
	label_ratio: 1.0
	lamda: 5
	log: False
	mix: 0
	model: resnet50
	model_save: None
	n_layer: 1
	name: pacs_piccl_isr_1
	out_dir: train_output/PACS_piccl_loss/260806_22-50-12_pacs_piccl_isr_1
	out_root: train_output/PACS_piccl_loss
	output_root: train_output/PACS_piccl_loss
	pos_mask: False
	prebuild_loader: False
	re_w: False
	sample_d: False
	seed: 0
	show: False
	source_envs: None
	start_epoch: 1000
	steps: 5000
	sup: True
	t: 0.1
	t_pre: 0.2
	target_env: None
	tb_freq: 10
	test_envs: None
	trial_seed: 0
	two_ce: False
	unique_name: 260806_22-50-12_pacs_piccl_isr_1
	weak_erm: False
	work_dir: .
HParams:
	data_augmentation: True
	val_augment: False
	resnet18: False
	resnet_dropout: 0.0
	class_balanced: False
	optimizer: adam
	freeze_bn: True
	pretrained: True
	lr: 5e-05
	batch_size: 32
	weight_decay: 0.0
	piccl_rank: 16
	piccl_alpha_max: 0.5
	piccl_warmup_ratio: 0.1
	piccl_ramp_ratio: 0.2
	piccl_proto_momentum: 0.99
	[36mpiccl_isr_weight: 1.0
	[0mpiccl_orth_weight: 0.001
	piccl_eps: 1e-08
	[36mpiccl_gt_mode: keep
	[0mpiccl_basis_receive_task_grad: False
	piccl_min_valid_domains: 2
	piccl_total_steps: 1
	use_piccl: True
	piccl_lr_multiplier: 1.0
	piccl_delayed_start_ratio: 0.0
	piccl_residual_scale: 0.1
	piccl_strict_bypass: False
	t: 0.1
	t_pre: 0.2
	l: 1
	l_d: 0.01
	l_layer: 1
	n_layer: 1
	sup: True
	two_ce: False
	sample_d: False
	re_w: False
	pos_mask: False
	mix: 0
	aug: 0
	model: resnet50
	label_ratio: 1.0
	TN: False
	lamda: 5
	start_epoch: 1000
	log: False
	swad: LossValley
	swad_kwargs: 
	  n_converge: 3
	  n_tolerance: 6
	  tolerance_ratio: 0.3
	test_batchsize: 128
	indomain_test: False
Dataset:
	[PACS] #envs=4, #classes=7
	env0: art_painting (#2048)
	env1: cartoon (#2344)
	env2: photo (#1670)
	env3: sketch (#3929)

[37m[36mINFO[0m[0m 08/06 22:50:16 | n_steps = 5000
[37m[36mINFO[0m[0m 08/06 22:50:16 | checkpoint_freq = 100
[37m[36mINFO[0m[0m 08/06 22:50:16 | n_steps is updated to 5000 => 5001 for checkpointing
[37m[36mINFO[0m[0m 08/06 22:50:16 | Target test envs = [[0], [1], [2], [3]]
[37m[36mINFO[0m[0m 08/06 22:50:16 | 
[37m[36mINFO[0m[0m 08/06 22:50:20 | Testenv name escaping te_art_painting -> te_art_painting
[37m[36mINFO[0m[0m 08/06 22:50:20 | Test envs = [0], name = te_art_painting
[37m[36mINFO[0m[0m 08/06 22:50:20 | Batch sizes for each domain: [0, 32, 32, 32] (total=96)
[37m[36mINFO[0m[0m 08/06 22:50:20 | steps-per-epoch for each domain: 58.62, 41.75, 98.25 -> min = 41.75
[37m[36mINFO[0m[0m 08/06 22:50:22 | # of params = 49169351
[37m[36mINFO[0m[0m 08/06 22:50:35 | test_in     test_out    train_in    train_out   tr_outloss  env0_in     env0_out    env1_out    env2_out    env3_out    step        epoch       loss        loss_cls    loss_isr    loss_orth   loss_gt     piccl_alph  paired_res  domain_res  valid_doma  basis_orth  response_c  raw_interv  mediator_i  ce_loss     sup_cl_los  pre_cl_los  dccl_total  weighted_l  weighted_l  residual_d  fused_orig  piccl_exec  original_f  piccl_feat  feature_de  feature_de  original_f  backbone_g  piccl_grad  classifier  has_nan_or  param_grou  param_grou  param_grou  param_grou  param_grou  param_grou  param_grou  param_grou  step_time   eval_time  
[37m[36mINFO[0m[0m 08/06 22:50:35 | 0.140940    0.207824    0.000000    0.265389    1.845603    0.140940    0.207824    0.230769    0.383234    0.182166    0           0.000000    13.780907   1.977375    0.000000    0.126582    -5.756462   0.000000    0.000000    0.000000    21.000000   0.115652    0.000000    0.918931    0.845456    1.977375    6.460320    5.400650    13.780780   0.000000    0.000127    32.331383   0.732690    1.000000    24.181402   45.253296   32.331383   1.337035    0.732690    21.482584   0.231327    7.317249    0.000000    0.000050    0.000500    0.000005    0.000500    0.000500    0.000005    0.000050    0.000050    1.137347    12.062845  
[37m[36mINFO[0m[0m 08/06 22:52:07 | 0.881025    0.885086    0.000000    0.947194    0.172251    0.881025    0.885086    0.948718    0.982036    0.910828    100         2.395210    9.835545    0.319320    0.978331    0.092741    -1.755283   0.000000    10.816584   2.764999    21.000000   0.092446    0.022127    0.970980    0.951211    0.319320    3.883021    4.672332    8.857121    0.978331    0.000093    28.911270   0.783549    1.000000    33.479493   45.268519   28.911270   0.871087    0.783549    16.252622   0.094440    2.617332    0.000000    0.000050    0.000500    0.000005    0.000500    0.000500    0.000005    0.000050    0.000050    0.732218    11.758894  
[37m[36mINFO[0m[0m 08/06 22:53:44 | 0.869433    0.867971    0.000000    0.958537    0.128576    0.869433    0.867971    0.961538    0.979042    0.935032    200         4.790419    8.943621    0.104049    0.905430    0.113347    -2.494701   0.000000    10.487029   5.812670    21.000000   0.114284    0.095483    0.978208    0.965401    0.104049    3.556489    4.402487    8.038078    0.905430    0.000113    28.714765   0.801712    1.000000    28.024465   45.274373   28.714765   1.028260    0.801712    14.213810   0.127056    1.364512    0.000000    0.000050    0.000500    0.000005    0.000500    0.000500    0.000005    0.000050    0.000050    0.819101    12.090563  
[37m[36mINFO[0m[0m 08/06 22:55:26 | 0.851129    0.867971    0.000000    0.970902    0.092776    0.851129    0.867971    0.978632    0.985030    0.949045    300         7.185629    8.597862    0.058050    0.830032    0.312497    -2.981190   0.000000    10.315727   7.034893    21.000000   0.315205    0.170619    0.979407    0.967795    0.058050    3.468259    4.271021    7.767517    0.830032    0.000312    29.608072   0.805992    1.000000    24.562002   45.277242   29.608072   1.209645    0.805992    11.627057   0.121221    0.902047    0.000000    0.000050    0.000500    0.000005    0.000500    0.000500    0.000005    0.000050    0.000050    0.867107    12.739098  
[37m[36mINFO[0m[0m 08/06 22:57:01 | 0.827334    0.833741    0.000000    0.967766    0.115940    0.827334    0.833741    0.967949    0.985030    0.950318    400         9.580838    8.440072    0.046506    0.780016    0.563538    -3.250498   0.000000    10.228656   7.592926    21.000000   0.565712    0.220423    0.980706    0.970232    0.046506    3.438007    4.207485    7.659493    0.780016    0.000564    30.405674   0.809476    1.000000    22.449332   45.278612   30.405674   1.357492    0.809476    11.325432   0.110576    0.777934    0.000000    0.000050    0.000500    0.000005    0.000500    0.000500    0.000005    0.000050    0.000050    0.766460    13.115453  
[37m[36mINFO[0m[0m 08/06 22:58:32 | 0.879195    0.865526    0.000000    0.969041    0.109235    0.879195    0.865526    0.972222    0.982036    0.952866    500         11.976048   8.309363    0.032682    0.750320    0.751966    -3.446604   0.000000    10.171197   7.848253    21.000000   0.753579    0.249982    0.982042    0.972566    0.032682    3.407025    4.153050    7.558291    0.750320    0.000752    30.528095   0.813008    1.000000    21.856307   45.281035   30.528095   1.399800    0.813008    9.452129    0.104023    0.587917    0.000000    0.000050    0.000500    0.000005    0.000500    0.000500    0.000005    0.000050    0.000050    0.708092    13.452575  
[37m[36mINFO[0m[0m 08/06 23:00:01 | 0.888957    0.877751    0.000000    0.966357    0.139755    0.888957    0.877751    0.974359    0.982036    0.942675    600         14.371257   8.213965    0.023119    0.731079    0.883379    -3.707448   0.025250    10.064376   8.011306    21.000000   0.884344    0.269172    0.981930    0.972659    0.023119    3.390366    4.105593    7.482003    0.731079    0.000883    31.312869   0.817385    1.000000    20.060592   45.282615   31.312869   1.563635    0.817385    8.092927    0.101227    0.444307    0.000000    0.000050    0.000500    0.000005    0.000500    0.000500    0.000005    0.000050    0.000050    0.692694    13.249980  
[37m[36mINFO[0m[0m 08/06 23:01:37 | 0.846248    0.855746    0.000000    0.964633    0.120860    0.846248    0.855746    0.965812    0.979042    0.949045    700         16.766467   8.180290    0.032282    0.714122    0.951849    -3.830974   0.075250    10.147407   8.126827    21.000000   0.952249    0.286125    0.981275    0.971225    0.032282    3.393252    4.077992    7.465215    0.714122    0.000952    31.450931   0.815757    1.000000    19.891803   45.283218   31.450931   1.591309    0.815757    10.159727   0.104065    0.596910    0.000000    0.000050    0.000500    0.000005    0.000500    0.000500    0.000005    0.000050    0.000050    0.795426    13.874750  
[37m[36mINFO[0m[0m 08/06 23:03:07 | 0.868822    0.885086    0.000000    0.967490    0.125336    0.868822    0.885086    0.967949    0.988024    0.946497    800         19.161677   8.147847    0.033749    0.698758    0.965141    -3.971400   0.125250    10.168897   8.203015    21.000000   0.965073    0.301474    0.982404    0.972787    0.033749    3.397678    4.056412    7.448124    0.698758    0.000965    31.515990   0.817537    1.000000    19.706334   45.280648   31.515990   1.606385    0.817537    9.848083    0.104975    0.592246    0.000000    0.000050    0.000500    0.000005    0.000500    0.000500    0.000005    0.000050    0.000050    0.698033    14.139045  
[37m[36mINFO[0m[0m 08/06 23:04:37 | 0.831605    0.838631    0.000000    0.956119    0.185015    0.831605    0.838631    0.965812    0.970060    0.932484    900         21.556886   8.056745    0.015963    0.684736    0.947460    -4.131588   0.175250    10.116906   8.222947    21.000000   0.947180    0.315476    0.983169    0.973461    0.015963    3.366939    4.029475    7.371061    0.684736    0.000947    31.743572   0.816885    1.000000    19.290053   45.281177   31.743572   1.648218    0.816885    7.162413    0.104292    0.324459    0.000000    0.000050    0.000500    0.000005    0.000500    0.000500    0.000005    0.000050    0.000050    0.698019    13.818465  
[37m[36mINFO[0m[0m 08/06 23:06:09 | 0.848688    0.848411    0.000000    0.971597    0.127310    0.848688    0.848411    0.965812    0.991018    0.957962    1000        23.952096   8.015125    0.009698    0.674495    0.909418    -4.331075   0.225250    10.049180   8.284079    21.000000   0.908973    0.325696    0.983379    0.973146    0.009698    3.361226    4.012107    7.339720    0.674495    0.000909    32.354713   0.815254    1.000000    18.226472   45.282010   32.354713   1.777461    0.815254    5.588042    0.103565    0.232057    0.000000    0.000050    0.000500    0.000005    0.000500    0.000500    0.000005    0.000050    0.000050    0.756136    13.650364  
[37m[36mINFO[0m[0m 08/06 23:07:41 | 0.863331    0.863081    0.000000    0.969765    0.116965    0.863331    0.863081    0.976496    0.985030    0.947771    1100        26.347305   7.960681    0.010111    0.665169    0.858739    -4.521912   0.275250    10.053558   8.296905    21.000000   0.858181    0.335009    0.982939    0.971888    0.010111    3.347560    3.982202    7.294653    0.665169    0.000859    33.282556   0.811954    1.000000    16.723217   45.280462   33.282556   1.995084    0.811954    5.079076    0.103729    0.202295    0.000000    0.000050    0.000500    0.000005    0.000500    0.000500    0.000005    0.000050    0.000050    0.751695    14.414946  
[37m[36mINFO[0m[0m 08/06 23:09:13 | 0.816351    0.831296    0.000000    0.961931    0.165666    0.816351    0.831296    0.952991    0.985030    0.947771    1200        28.742515   7.972707    0.014785    0.652914    0.804073    -4.597166   0.325250    10.092997   8.300088    21.000000   0.803532    0.347258    0.983463    0.972223    0.014785    3.364278    3.985898    7.318989    0.652914    0.000804    32.793643   0.806253    1.000000    17.833980   45.281587   32.793643   1.843811    0.806253    6.766258    0.105142    0.295163    0.000000    0.000050    0.000500    0.000005    0.000500    0.000500    0.000005    0.000050    0.000050    0.749996    14.036621  
[37m[36mINFO[0m[0m 08/06 23:10:44 | 0.824893    0.811736    0.000000    0.952391    0.193489    0.824893    0.811736    0.940171    0.973054    0.943949    1300        31.137725   7.966238    0.018115    0.645250    0.745197    -4.714854   0.375250    10.068538   8.268204    21.000000   0.744551    0.354915    0.983486    0.972092    0.018115    3.370119    3.979157    7.320242    0.645250    0.000745    32.976514   0.804814    1.000000    17.606448   45.280043   32.976514   1.880230    0.804814    7.430723    0.105540    0.352756    0.000000    0.000050    0.000500    0.000005    0.000500    0.000500    0.000005    0.000050    0.000050    0.745470    13.711959  
[37m[36mINFO[0m[0m 08/06 23:12:12 | 0.840146    0.850856    0.000000    0.967756    0.127213    0.840146    0.850856    0.970085    0.979042    0.954140    1400        33.532934   7.964641    0.024811    0.639558    0.678970    -4.721560   0.425250    10.185681   8.272874    21.000000   0.678330    0.360604    0.983607    0.972106    0.024811    3.378130    3.968678    7.324405    0.639558    0.000679    32.641874   0.802041    1.000000    18.413545   45.278087   32.641874   1.776886    0.802041    9.205534    0.105575    0.469158    0.000000    0.000050    0.000500    0.000005    0.000500    0.000500    0.000005    0.000050    0.000050    0.683189    14.458520  
[37m[36mINFO[0m[0m 08/06 23:13:41 | 0.795607    0.804401    0.000000    0.963060    0.161679    0.795607    0.804401    0.961538    0.976048    0.951592    1500        35.928144   7.951352    0.028248    0.630867    0.621016    -4.805044   0.475250    10.203617   8.272756    21.000000   0.620456    0.369291    0.984487    0.972666    0.028248    3.380382    3.959285    7.319865    0.630867    0.000621    32.622138   0.794133    1.000000    18.872763   45.273680   32.622138   1.732414    0.794133    9.160953    0.107001    0.529530    0.000000    0.000050    0.000500    0.000005    0.000500    0.000500    0.000005    0.000050    0.000050    0.685343    14.762605  
[37m[36mINFO[0m[0m 08/06 23:15:15 | 0.862111    0.843521    0.000000    0.970180    0.144544    0.862111    0.843521    0.978632    0.979042    0.952866    1600        38.323353   7.850906    0.009414    0.625139    0.567301    -4.979795   0.500000    10.137174   8.320203    21.000000   0.566827    0.375011    0.985960    0.974473    0.009414    3.344399    3.921186    7.225200    0.625139    0.000567    33.087850   0.789862    1.000000    18.134883   45.273847   33.087850   1.832769    0.789862    5.484848    0.105543    0.240077    0.000000    0.000050    0.000500    0.000005    0.000500    0.000500    0.000005    0.000050    0.000050    0.772232    14.132298  
[37m[36mINFO[0m[0m 08/06 23:16:26 | 0.826724    0.811736    0.000000    0.968454    0.146045    0.826724    0.811736    0.965812    0.979042    0.960510    1700        40.718563   7.837616    0.005855    0.621239    0.520963    -5.176412   0.500000    10.122722   8.321042    21.000000   0.520507    0.378902    0.985764    0.973547    0.005855    3.340306    3.921460    7.215856    0.621239    0.000521    33.988097   0.789869    1.000000    16.422914   45.270509   33.988097   2.078573    0.789869    3.419033    0.105351    0.116074    0.000000    0.000050    0.000500    0.000005    0.000500    0.000500    0.000005    0.000050    0.000050    0.529819    15.119502  
[37m[36mINFO[0m[0m 08/06 23:18:00 | 0.829164    0.826406    0.000000    0.957956    0.192618    0.829164    0.826406    0.967949    0.967066    0.938854    1800        43.113772   7.842605    0.010747    0.618660    0.479429    -5.308581   0.500000    10.087307   8.310658    21.000000   0.479064    0.381473    0.984786    0.972177    0.010747    3.349516    3.916288    7.223466    0.618660    0.000479    34.167193   0.787614    1.000000    16.143494   45.269628   34.167193   2.119402    0.787614    5.188799    0.105094    0.229516    0.000000    0.000050    0.000500    0.000005    0.000500    0.000500    0.000005    0.000050    0.000050    0.735392    13.526075  
[37m[36mINFO[0m[0m 08/06 23:19:39 | 0.868212    0.858191    0.000000    0.974139    0.114436    0.868212    0.858191    0.976496    0.979042    0.966879    1900        45.508982   7.823010    0.005746    0.615312    0.450458    -5.419960   0.500000    10.077155   8.286831    21.000000   0.450217    0.384814    0.985677    0.973622    0.005746    3.344625    3.911076    7.207247    0.615312    0.000450    34.034771   0.788233    1.000000    16.337378   45.268084   34.034771   2.087906    0.788233    3.823528    0.105188    0.137866    0.000000    0.000050    0.000500    0.000005    0.000500    0.000500    0.000005    0.000050    0.000050    0.837507    13.051955  
[37m[36mINFO[0m[0m 08/06 23:21:18 | 0.874314    0.870416    0.000000    0.972164    0.131219    0.874314    0.870416    0.976496    0.982036    0.957962    2000        47.904192   7.808793    0.011471    0.612116    0.425393    -5.561682   0.500000    10.026979   8.263626    21.000000   0.425136    0.388005    0.985338    0.973135    0.011471    3.343774    3.896623    7.196252    0.612116    0.000425    34.503751   0.789246    1.000000    15.469019   45.265967   34.503751   2.235238    0.789246    4.846458    0.105335    0.236193    0.000000    0.000050    0.000500    0.000005    0.000500    0.000500    0.000005    0.000050    0.000050    0.833758    12.289049  
[37m[36mINFO[0m[0m 08/06 23:22:50 | 0.860891    0.887531    0.000000    0.972865    0.148133    0.860891    0.887531    0.976496    0.979042    0.963057    2100        50.299401   7.815526    0.010640    0.611400    0.397622    -5.614389   0.500000    10.037151   8.268823    21.000000   0.397315    0.388716    0.984750    0.972850    0.010640    3.351031    3.898201    7.203728    0.611400    0.000398    34.261126   0.789762    1.000000    15.886516   45.263913   34.261126   2.162857    0.789762    5.836506    0.104901    0.241520    0.000000    0.000050    0.000500    0.000005    0.000500    0.000500    0.000005    0.000050    0.000050    0.752859    12.609760  
[37m[36mINFO[0m[0m 08/06 23:24:25 | 0.818792    0.814181    0.000000    0.946591    0.232063    0.818792    0.814181    0.955128    0.961078    0.923567    2200        52.694611   7.812237    0.016920    0.608293    0.366684    -5.693726   0.500000    10.134585   8.242966    21.000000   0.366386    0.391819    0.985189    0.973932    0.016920    3.352413    3.891181    7.203577    0.608293    0.000367    33.735559   0.793687    1.000000    16.750076   45.264663   33.735559   2.021990    0.793687    7.042014    0.105305    0.310991    0.000000    0.000050    0.000500    0.000005    0.000500    0.000500    0.000005    0.000050    0.000050    0.790964    12.750299  
[37m[36mINFO[0m[0m 08/06 23:25:59 | 0.730933    0.757946    0.000000    0.938224    0.294714    0.730933    0.757946    0.950855    0.958084    0.905732    2300        55.089820   7.856937    0.034942    0.603815    0.344141    -5.704414   0.500000    10.200258   8.226771    21.000000   0.343937    0.396298    0.983708    0.972452    0.034942    3.379388    3.895492    7.252778    0.603815    0.000344    33.489724   0.795563    1.000000    17.118300   45.257629   33.489724   1.964474    0.795563    10.965293   0.107770    0.562660    0.000000    0.000050    0.000500    0.000005    0.000500    0.000500    0.000005    0.000050    0.000050    0.781676    13.349787  
[37m[36mINFO[0m[0m 08/06 23:27:31 | 0.735204    0.772616    0.000000    0.960940    0.142432    0.735204    0.772616    0.970085    0.970060    0.942675    2400        57.485030   7.878663    0.044653    0.599247    0.325490    -5.692989   0.500000    10.296161   8.229666    21.000000   0.325378    0.400870    0.984612    0.974161    0.044653    3.389054    3.902314    7.279090    0.599247    0.000325    32.814196   0.803770    1.000000    18.277243   45.241099   32.814196   1.813183    0.803770    11.570813   0.108852    0.670026    0.000000    0.000050    0.000500    0.000005    0.000500    0.000500    0.000005    0.000050    0.000050    0.755065    13.411947  
[37m[36mINFO[0m[0m 08/06 23:29:01 | 0.821232    0.833741    0.000000    0.971155    0.153669    0.821232    0.833741    0.974359    0.976048    0.963057    2500        59.880240   7.756521    0.005746    0.600897    0.313888    -5.894803   0.500000    10.191578   8.231916    21.000000   0.313735    0.399211    0.986612    0.976250    0.005746    3.343351    3.865162    7.155311    0.600897    0.000314    33.245016   0.802446    1.000000    17.197015   45.236113   33.245016   1.940343    0.802446    4.709363    0.105715    0.137858    0.000000    0.000050    0.000500    0.000005    0.000500    0.000500    0.000005    0.000050    0.000050    0.702034    13.269630  
[37m[36mINFO[0m[0m 08/06 23:30:34 | 0.836486    0.823961    0.000000    0.960629    0.191362    0.836486    0.823961    0.963675    0.964072    0.954140    2600        62.275449   7.783758    0.015882    0.601427    0.295255    -6.022216   0.500000    10.181410   8.221905    21.000000   0.295014    0.398678    0.985253    0.973931    0.015882    3.351620    3.874756    7.182036    0.601427    0.000295    34.130813   0.801602    1.000000    15.690144   45.230942   34.130813   2.179219    0.801602    6.802303    0.105610    0.248811    0.000000    0.000050    0.000500    0.000005    0.000500    0.000500    0.000005    0.000050    0.000050    0.765186    13.666510  
[37m[36mINFO[0m[0m 08/06 23:30:34 | SWAD valley is dead -> early stop !
[37m[36mINFO[0m[0m 08/06 23:30:34 | ---
[37m[33mWARNING[0m[0m 08/06 23:30:34 | Evaluate SWAD ...
[37m[36mINFO[0m[0m 08/06 23:30:49 | 0.906650    0.894866    0.000000    0.981540    0.087507    0.906650    0.894866    0.978632    0.994012    0.971975    [201-2000]  (N=19)
[37m[36mINFO[0m[0m 08/06 23:30:49 | oracle = 86.089%
[37m[36mINFO[0m[0m 08/06 23:30:49 | iid = 86.821%
[37m[36mINFO[0m[0m 08/06 23:30:49 | last = 83.649%
[37m[36mINFO[0m[0m 08/06 23:30:49 | last (inD) = 96.063%
[37m[36mINFO[0m[0m 08/06 23:30:49 | iid (inD) = 97.414%
[37m[36mINFO[0m[0m 08/06 23:30:49 | SWAD = 90.665%
[37m[36mINFO[0m[0m 08/06 23:30:49 | SWAD (inD) = 98.154%
[37m[36mINFO[0m[0m 08/06 23:30:49 | 
[37m[36mINFO[0m[0m 08/06 23:30:54 | Testenv name escaping te_cartoon -> te_cartoon
[37m[36mINFO[0m[0m 08/06 23:30:54 | Test envs = [1], name = te_cartoon
[37m[36mINFO[0m[0m 08/06 23:30:54 | Batch sizes for each domain: [32, 0, 32, 32] (total=96)
[37m[36mINFO[0m[0m 08/06 23:30:54 | steps-per-epoch for each domain: 51.22, 41.75, 98.25 -> min = 41.75
[37m[36mINFO[0m[0m 08/06 23:30:56 | # of params = 49169351
[37m[36mINFO[0m[0m 08/06 23:31:11 | test_in     test_out    train_in    train_out   tr_outloss  env0_out    env1_in     env1_out    env2_out    env3_out    step        epoch       loss        loss_cls    loss_isr    loss_orth   loss_gt     piccl_alph  paired_res  domain_res  valid_doma  basis_orth  response_c  raw_interv  mediator_i  ce_loss     sup_cl_los  pre_cl_los  dccl_total  weighted_l  weighted_l  residual_d  fused_orig  piccl_exec  original_f  piccl_feat  feature_de  feature_de  original_f  backbone_g  piccl_grad  classifier  has_nan_or  param_grou  param_grou  param_grou  param_grou  param_grou  param_grou  param_grou  param_grou  step_time   eval_time  
[37m[36mINFO[0m[0m 08/06 23:31:11 | 0.216418    0.205128    0.000000    0.342052    1.822485    0.339853    0.216418    0.205128    0.485030    0.201274    0           0.000000    14.113815   2.082880    0.000000    0.102427    -5.756462   0.000000    0.000000    0.000000    20.000000   0.092808    0.000000    0.907870    0.816656    2.082880    6.625218    5.463180    14.113713   0.000000    0.000102    32.599411   0.723255    1.000000    24.906170   45.253323   32.599411   1.308889    0.723255    25.231834   0.264467    8.412854    0.000000    0.000050    0.000500    0.000005    0.000500    0.000500    0.000005    0.000050    0.000050    0.766845    14.342463  
[37m[36mINFO[0m[0m 08/06 23:32:47 | 0.728145    0.758547    0.000000    0.942984    0.163850    0.933985    0.728145    0.758547    0.979042    0.915924    100         2.395210    9.753618    0.292855    0.971573    0.074346    -1.680638   0.000000    11.456689   2.761589    21.000000   0.074075    0.029016    0.970914    0.950799    0.292855    3.848984    4.656939    8.781971    0.971573    0.000074    28.895348   0.783016    1.000000    33.375006   45.268558   28.895348   0.871892    0.783016    18.020032   0.104697    2.308491    0.000000    0.000050    0.000500    0.000005    0.000500    0.000500    0.000005    0.000050    0.000050    0.785543    14.274287  
[37m[36mINFO[0m[0m 08/06 23:34:20 | 0.720149    0.741453    0.000000    0.947735    0.163699    0.938875    0.720149    0.741453    0.982036    0.922293    200         4.790419    8.909898    0.112586    0.900886    0.092251    -2.455127   0.000000    11.033367   5.508723    21.000000   0.093226    0.099815    0.978651    0.966060    0.112586    3.554982    4.365904    8.008921    0.900886    0.000092    28.828463   0.801267    1.000000    27.596157   45.273659   28.828463   1.049631    0.801267    15.382619   0.119551    1.349803    0.000000    0.000050    0.000500    0.000005    0.000500    0.000500    0.000005    0.000050    0.000050    0.758454    14.437014  
[37m[36mINFO[0m[0m 08/06 23:35:58 | 0.740405    0.760684    0.000000    0.950924    0.157238    0.933985    0.740405    0.760684    0.985030    0.933758    300         7.185629    8.628598    0.071545    0.844957    0.269536    -2.897229   0.000000    10.997948   6.691101    21.000000   0.271567    0.155568    0.979932    0.968433    0.071545    3.482246    4.258553    7.783371    0.844957    0.000270    29.544102   0.804943    1.000000    24.802247   45.274882   29.544102   1.196707    0.804943    13.471670   0.105827    1.052611    0.000000    0.000050    0.000500    0.000005    0.000500    0.000500    0.000005    0.000050    0.000050    0.802213    14.590542  
[37m[36mINFO[0m[0m 08/06 23:37:29 | 0.722814    0.767094    0.000000    0.951153    0.177747    0.938875    0.722814    0.767094    0.991018    0.923567    400         9.580838    8.390777    0.032303    0.801761    0.431017    -3.184655   0.000000    10.946814   7.277607    21.000000   0.432241    0.198684    0.981120    0.970606    0.032303    3.414875    4.173253    7.588585    0.801761    0.000431    30.371401   0.807531    1.000000    22.515762   45.276365   30.371401   1.353227    0.807531    9.785445    0.100024    0.582075    0.000000    0.000050    0.000500    0.000005    0.000500    0.000500    0.000005    0.000050    0.000050    0.718032    12.577227  
[37m[36mINFO[0m[0m 08/06 23:39:02 | 0.791045    0.824786    0.000000    0.953082    0.176310    0.931540    0.791045    0.824786    0.985030    0.942675    500         11.976048   8.311172    0.042668    0.767189    0.542055    -3.351367   0.000000    10.958270   7.581280    21.000000   0.543134    0.233159    0.981175    0.970838    0.042668    3.418127    4.116159    7.543441    0.767189    0.000542    30.539029   0.809757    1.000000    22.051218   45.278331   30.539029   1.391333    0.809757    11.774536   0.099040    0.664819    0.000000    0.000050    0.000500    0.000005    0.000500    0.000500    0.000005    0.000050    0.000050    0.776019    13.009577  
[37m[36mINFO[0m[0m 08/06 23:40:35 | 0.721748    0.758547    0.000000    0.957652    0.145856    0.958435    0.721748    0.758547    0.982036    0.932484    600         14.371257   8.207689    0.029513    0.745676    0.642479    -3.661350   0.025250    10.773076   7.741365    21.000000   0.643373    0.254603    0.981636    0.971717    0.029513    3.396213    4.072258    7.461370    0.745676    0.000642    31.420022   0.811185    1.000000    20.130591   45.278307   31.420022   1.566253    0.811185    9.694213    0.097439    0.521860    0.000000    0.000050    0.000500    0.000005    0.000500    0.000500    0.000005    0.000050    0.000050    0.766477    13.479690  
[37m[36mINFO[0m[0m 08/06 23:41:40 | 0.780917    0.792735    0.000000    0.960658    0.148592    0.955990    0.780917    0.792735    0.982036    0.943949    700         16.766467   8.172042    0.037010    0.724344    0.710784    -3.805992   0.075250    10.844706   7.826659    21.000000   0.711243    0.275908    0.980971    0.970686    0.037010    3.401199    4.046839    7.446987    0.724344    0.000711    31.744346   0.812430    1.000000    19.461078   45.278144   31.744346   1.635295    0.812430    12.138705   0.099521    0.671424    0.000000    0.000050    0.000500    0.000005    0.000500    0.000500    0.000005    0.000050    0.000050    0.502915    13.109887  
[37m[36mINFO[0m[0m 08/06 23:43:17 | 0.776119    0.801282    0.000000    0.954357    0.157372    0.951100    0.776119    0.801282    0.982036    0.929936    800         19.161677   8.135227    0.036642    0.706061    0.743377    -3.883893   0.125250    10.912448   7.869702    21.000000   0.743593    0.294180    0.982450    0.972852    0.036642    3.401455    4.029166    7.428423    0.706061    0.000743    31.210883   0.814971    1.000000    20.339767   45.277697   31.210883   1.536923    0.814971    11.330034   0.101146    0.646194    0.000000    0.000050    0.000500    0.000005    0.000500    0.000500    0.000005    0.000050    0.000050    0.803590    13.456930  
[37m[36mINFO[0m[0m 08/06 23:44:49 | 0.781450    0.811966    0.000000    0.961003    0.144615    0.951100    0.781450    0.811966    0.979042    0.952866    900         21.556886   8.061427    0.027352    0.691728    0.760439    -4.016387   0.175250    10.889068   7.917595    21.000000   0.760562    0.308500    0.983003    0.973755    0.027352    3.379817    4.001934    7.368939    0.691728    0.000760    31.708575   0.818322    1.000000    19.235356   45.275583   31.708575   1.651523    0.818322    9.722918    0.102260    0.506724    0.000000    0.000050    0.000500    0.000005    0.000500    0.000500    0.000005    0.000050    0.000050    0.759286    13.614022  
[37m[36mINFO[0m[0m 08/06 23:46:20 | 0.763859    0.777778    0.000000    0.956366    0.170758    0.948655    0.763859    0.777778    0.979042    0.941401    1000        23.952096   7.977733    0.013426    0.676137    0.775387    -4.230394   0.225250    10.840468   7.948019    21.000000   0.775562    0.324077    0.983754    0.974649    0.013426    3.357434    3.972265    7.300821    0.676137    0.000775    32.247372   0.818070    1.000000    18.309984   45.275380   32.247372   1.770155    0.818070    6.707576    0.103156    0.286245    0.000000    0.000050    0.000500    0.000005    0.000500    0.000500    0.000005    0.000050    0.000050    0.725045    13.800003  
[37m[36mINFO[0m[0m 08/06 23:47:52 | 0.739339    0.773504    0.000000    0.952142    0.160306    0.936430    0.739339    0.773504    0.976048    0.943949    1100        26.347305   7.968687    0.016774    0.666451    0.792774    -4.406282   0.275250    10.792829   7.939937    21.000000   0.792906    0.333745    0.983272    0.973484    0.016774    3.368263    3.960469    7.301443    0.666451    0.000793    32.809442   0.812788    1.000000    17.500178   45.272744   32.809442   1.879409    0.812788    8.010796    0.104025    0.334096    0.000000    0.000050    0.000500    0.000005    0.000500    0.000500    0.000005    0.000050    0.000050    0.751902    14.177160  
[37m[36mINFO[0m[0m 08/06 23:49:21 | 0.809701    0.844017    0.000000    0.964204    0.140284    0.955990    0.809701    0.844017    0.985030    0.951592    1200        28.742515   7.942337    0.017401    0.656252    0.796813    -4.502906   0.325250    10.841582   7.951458    21.000000   0.796900    0.343930    0.983857    0.973997    0.017401    3.367690    3.945227    7.285289    0.656252    0.000797    32.805761   0.809808    1.000000    17.648958   45.272157   32.805761   1.864014    0.809808    8.133195    0.104810    0.300337    0.000000    0.000050    0.000500    0.000005    0.000500    0.000500    0.000005    0.000050    0.000050    0.687273    14.800194  
[37m[36mINFO[0m[0m 08/06 23:50:53 | 0.786780    0.809829    0.000000    0.962381    0.155038    0.963325    0.786780    0.809829    0.976048    0.947771    1300        31.137725   7.931715    0.023174    0.646287    0.807958    -4.632292   0.375250    10.872830   7.959400    21.000000   0.807960    0.353884    0.983217    0.972508    0.023174    3.374677    3.933093    7.284621    0.646287    0.000808    32.939195   0.801509    1.000000    17.778270   45.271234   32.939195   1.856476    0.801509    9.977667    0.105750    0.428219    0.000000    0.000050    0.000500    0.000005    0.000500    0.000500    0.000005    0.000050    0.000050    0.749144    14.258195  
[37m[36mINFO[0m[0m 08/06 23:52:28 | 0.804371    0.829060    0.000000    0.962381    0.141043    0.963325    0.804371    0.829060    0.976048    0.947771    1400        33.532934   7.877114    0.014418    0.638065    0.802406    -4.729175   0.425250    10.887368   7.960392    21.000000   0.802328    0.362097    0.985057    0.974778    0.014418    3.359647    3.911473    7.238246    0.638065    0.000802    32.879113   0.798674    1.000000    18.021552   45.268853   32.879113   1.831582    0.798674    6.808340    0.106431    0.289218    0.000000    0.000050    0.000500    0.000005    0.000500    0.000500    0.000005    0.000050    0.000050    0.782920    13.529649  
[37m[36mINFO[0m[0m 08/06 23:53:58 | 0.819829    0.829060    0.000000    0.963758    0.165473    0.955990    0.819829    0.829060    0.976048    0.959236    1500        35.928144   7.863334    0.014560    0.632567    0.781684    -4.875425   0.475250    10.863563   7.965855    21.000000   0.781377    0.367584    0.983495    0.971243    0.014560    3.358559    3.905621    7.229985    0.632567    0.000782    33.180501   0.786976    1.000000    18.049936   45.266606   33.180501   1.847041    0.786976    7.720077    0.105944    0.306797    0.000000    0.000050    0.000500    0.000005    0.000500    0.000500    0.000005    0.000050    0.000050    0.744951    13.461765  
[37m[36mINFO[0m[0m 08/06 23:55:33 | 0.804371    0.818376    0.000000    0.967074    0.148504    0.963325    0.804371    0.818376    0.985030    0.952866    1600        38.323353   7.867077    0.020847    0.628367    0.749142    -4.967881   0.500000    10.924869   7.909131    21.000000   0.748750    0.371775    0.984169    0.972038    0.020847    3.364122    3.902670    7.237960    0.628367    0.000749    33.179340   0.786362    1.000000    18.117069   45.264129   33.179340   1.836573    0.786362    7.935306    0.106862    0.385036    0.000000    0.000050    0.000500    0.000005    0.000500    0.000500    0.000005    0.000050    0.000050    0.771980    13.969662  
[37m[36mINFO[0m[0m 08/06 23:57:02 | 0.720149    0.771368    0.000000    0.959180    0.186968    0.958435    0.720149    0.771368    0.970060    0.949045    1700        40.718563   7.819866    0.008361    0.625362    0.704743    -5.132526   0.500000    10.833526   7.885206    21.000000   0.704305    0.374770    0.984949    0.972944    0.008361    3.345886    3.890877    7.193799    0.625362    0.000705    33.580341   0.787243    1.000000    17.266179   45.263303   33.580341   1.949007    0.787243    5.028319    0.105662    0.184310    0.000000    0.000050    0.000500    0.000005    0.000500    0.000500    0.000005    0.000050    0.000050    0.698094    14.086290  
[37m[36mINFO[0m[0m 08/06 23:58:31 | 0.789979    0.816239    0.000000    0.949963    0.243664    0.938875    0.789979    0.816239    0.967066    0.943949    1800        43.113772   7.820038    0.013650    0.621254    0.664021    -5.242188   0.500000    10.843289   7.918537    21.000000   0.663603    0.378875    0.984703    0.972826    0.013650    3.355712    3.881180    7.198120    0.621254    0.000664    33.652541   0.790196    1.000000    17.006122   45.261904   33.652541   1.984105    0.790196    7.587731    0.106472    0.265068    0.000000    0.000050    0.000500    0.000005    0.000500    0.000500    0.000005    0.000050    0.000050    0.687921    14.091779  
[37m[36mINFO[0m[0m 08/07 00:00:02 | 0.728145    0.754274    0.000000    0.952430    0.208801    0.946210    0.728145    0.754274    0.976048    0.935032    1900        45.508982   7.873082    0.040753    0.614756    0.624673    -5.230278   0.500000    11.031813   7.950165    21.000000   0.624319    0.385375    0.982963    0.970697    0.040753    3.387877    3.881375    7.257702    0.614756    0.000625    32.885983   0.791023    1.000000    18.519708   45.255151   32.885983   1.790522    0.791023    13.450430   0.108918    0.650796    0.000000    0.000050    0.000500    0.000005    0.000500    0.000500    0.000005    0.000050    0.000050    0.748790    13.904528  
[37m[36mINFO[0m[0m 08/07 00:01:37 | 0.810768    0.809829    0.000000    0.963838    0.172944    0.960880    0.810768    0.809829    0.979042    0.951592    2000        47.904192   7.805168    0.015034    0.615358    0.583332    -5.324132   0.500000    10.953413   7.958866    21.000000   0.582857    0.384762    0.985026    0.973510    0.015034    3.357625    3.869809    7.189226    0.615358    0.000583    32.849796   0.796894    1.000000    18.294370   45.250736   32.849796   1.800202    0.796894    7.445073    0.106233    0.265414    0.000000    0.000050    0.000500    0.000005    0.000500    0.000500    0.000005    0.000050    0.000050    0.775892    14.426188  
[37m[36mINFO[0m[0m 08/07 00:03:07 | 0.800640    0.820513    0.000000    0.947426    0.243072    0.929095    0.800640    0.820513    0.973054    0.940127    2100        50.299401   7.787423    0.015983    0.614514    0.536558    -5.558428   0.500000    10.859685   7.955676    21.000000   0.536148    0.385600    0.985370    0.973578    0.015983    3.352396    3.859578    7.172373    0.614514    0.000537    33.564014   0.794213    1.000000    16.953574   45.247701   33.564014   1.983548    0.794213    6.737306    0.105332    0.297476    0.000000    0.000050    0.000500    0.000005    0.000500    0.000500    0.000005    0.000050    0.000050    0.680319    15.300505  
[37m[36mINFO[0m[0m 08/07 00:04:36 | 0.796908    0.799145    0.000000    0.967784    0.168458    0.953545    0.796908    0.799145    0.988024    0.961783    2200        52.694611   7.745811    0.005425    0.613403    0.497896    -5.613245   0.500000    10.874034   7.950975    21.000000   0.497477    0.386707    0.986580    0.975538    0.005425    3.334969    3.847649    7.131910    0.613403    0.000498    33.341625   0.796754    1.000000    17.315261   45.248158   33.341625   1.932305    0.796754    4.706209    0.104313    0.154407    0.000000    0.000050    0.000500    0.000005    0.000500    0.000500    0.000005    0.000050    0.000050    0.699019    14.598876  
[37m[36mINFO[0m[0m 08/07 00:06:05 | 0.780917    0.779915    0.000000    0.957343    0.210169    0.948655    0.780917    0.779915    0.973054    0.950318    2300        55.089820   7.729936    0.003992    0.611422    0.458153    -5.778911   0.500000    10.881959   7.962847    21.000000   0.457848    0.388685    0.986253    0.974706    0.003992    3.332168    3.839685    7.118056    0.611422    0.000458    33.942739   0.797426    1.000000    16.200540   45.250154   33.942739   2.098023    0.797426    3.550797    0.104441    0.098346    0.000000    0.000050    0.000500    0.000005    0.000500    0.000500    0.000005    0.000050    0.000050    0.695919    14.578547  
[37m[36mINFO[0m[0m 08/07 00:07:35 | 0.795309    0.792735    0.000000    0.966042    0.163235    0.965770    0.795309    0.792735    0.982036    0.950318    2400        57.485030   7.749996    0.010112    0.611076    0.430367    -5.892059   0.500000    10.860960   7.936445    21.000000   0.430027    0.389028    0.985872    0.974402    0.010112    3.345162    3.842136    7.138489    0.611076    0.000430    34.050396   0.797305    1.000000    15.956387   45.246401   34.050396   2.138720    0.797305    5.450800    0.104823    0.205338    0.000000    0.000050    0.000500    0.000005    0.000500    0.000500    0.000005    0.000050    0.000050    0.730377    13.073597  
[37m[36mINFO[0m[0m 08/07 00:09:06 | 0.784648    0.784188    0.000000    0.946083    0.213651    0.933985    0.784648    0.784188    0.973054    0.931210    2500        59.880240   7.760277    0.017425    0.611661    0.396172    -5.990684   0.500000    10.864819   7.926493    21.000000   0.395872    0.388441    0.984199    0.972078    0.017425    3.356711    3.833992    7.148221    0.611661    0.000396    34.310018   0.796734    1.000000    15.520228   45.242937   34.310018   2.216465    0.796734    7.916006    0.104093    0.280986    0.000000    0.000050    0.000500    0.000005    0.000500    0.000500    0.000005    0.000050    0.000050    0.751986    13.845156  
[37m[36mINFO[0m[0m 08/07 00:10:38 | 0.754797    0.773504    0.000000    0.965561    0.158213    0.968215    0.754797    0.773504    0.973054    0.955414    2600        62.275449   7.725690    0.008612    0.608788    0.369094    -6.038099   0.500000    10.861173   7.964352    21.000000   0.368797    0.391315    0.985588    0.974428    0.008612    3.340833    3.827469    7.116533    0.608788    0.000369    33.812731   0.800517    1.000000    16.293237   45.244396   33.812731   2.079798    0.800517    5.288587    0.104867    0.182819    0.000000    0.000050    0.000500    0.000005    0.000500    0.000500    0.000005    0.000050    0.000050    0.752765    13.894191  
[37m[36mINFO[0m[0m 08/07 00:12:09 | 0.771322    0.792735    0.000000    0.949597    0.210896    0.943765    0.771322    0.792735    0.961078    0.943949    2700        64.670659   7.742303    0.015400    0.606105    0.339339    -6.138127   0.500000    10.861477   7.971860    21.000000   0.339093    0.393994    0.985913    0.974987    0.015400    3.348161    3.833679    7.135858    0.606105    0.000339    33.903783   0.802385    1.000000    16.080567   45.240849   33.903783   2.111221    0.802385    6.142321    0.104601    0.277763    0.000000    0.000050    0.000500    0.000005    0.000500    0.000500    0.000005    0.000050    0.000050    0.715753    14.675672  
[37m[36mINFO[0m[0m 08/07 00:13:38 | 0.653518    0.675214    0.000000    0.941974    0.285523    0.924205    0.653518    0.675214    0.973054    0.928662    2800        67.065868   7.765175    0.027583    0.607492    0.317486    -6.227526   0.500000    10.853593   7.986296    21.000000   0.317273    0.392607    0.983912    0.972215    0.027583    3.367363    3.824694    7.157365    0.607492    0.000317    34.081099   0.802550    1.000000    15.745664   45.229817   34.081099   2.167859    0.802550    9.585001    0.105674    0.451105    0.000000    0.000050    0.000500    0.000005    0.000500    0.000500    0.000005    0.000050    0.000050    0.693897    14.358127  
[37m[36mINFO[0m[0m 08/07 00:15:11 | 0.794243    0.818376    0.000000    0.967064    0.167031    0.973105    0.794243    0.818376    0.979042    0.949045    2900        69.461078   7.747754    0.021567    0.604849    0.295867    -6.188428   0.500000    10.928624   7.983415    21.000000   0.295650    0.395252    0.985471    0.974709    0.021567    3.360740    3.822187    7.142610    0.604849    0.000296    32.902711   0.803970    1.000000    17.832377   45.227920   32.902711   1.849776    0.803970    8.305464    0.105100    0.370754    0.000000    0.000050    0.000500    0.000005    0.000500    0.000500    0.000005    0.000050    0.000050    0.764046    13.849763  
[37m[36mINFO[0m[0m 08/07 00:16:43 | 0.798507    0.816239    0.000000    0.964805    0.179121    0.970660    0.798507    0.816239    0.967066    0.956688    3000        71.856287   7.698921    0.007286    0.608429    0.273749    -6.396484   0.500000    10.874245   8.001453    21.000000   0.273517    0.391667    0.986700    0.976379    0.007286    3.334837    3.812060    7.090218    0.608429    0.000274    33.501921   0.807018    1.000000    16.570197   45.221117   33.501921   2.024728    0.807018    4.258608    0.103599    0.172167    0.000000    0.000050    0.000500    0.000005    0.000500    0.000500    0.000005    0.000050    0.000050    0.748136    14.128876  
[37m[36mINFO[0m[0m 08/07 00:18:11 | 0.837953    0.856838    0.000000    0.951491    0.264416    0.951100    0.837953    0.856838    0.967066    0.936306    3100        74.251497   7.697934    0.005545    0.608151    0.249352    -6.529444   0.500000    10.862277   8.025088    21.000000   0.249133    0.391944    0.986390    0.975811    0.005545    3.335089    3.814196    7.089534    0.608151    0.000249    34.179142   0.805513    1.000000    15.467074   45.227051   34.179142   2.214854    0.805513    3.987944    0.103369    0.119590    0.000000    0.000050    0.000500    0.000005    0.000500    0.000500    0.000005    0.000050    0.000050    0.681525    13.988625  
[37m[36mINFO[0m[0m 08/07 00:19:41 | 0.727079    0.760684    0.000000    0.950800    0.218920    0.941320    0.727079    0.760684    0.976048    0.935032    3200        76.646707   7.708529    0.018068    0.606936    0.228768    -6.572301   0.500000    10.887400   8.003195    21.000000   0.228559    0.393159    0.985300    0.974918    0.018068    3.350038    3.798981    7.101364    0.606936    0.000229    34.056083   0.810374    1.000000    15.510344   45.215858   34.056083   2.201119    0.810374    7.874314    0.104080    0.339637    0.000000    0.000050    0.000500    0.000005    0.000500    0.000500    0.000005    0.000050    0.000050    0.686896    14.622835  
[37m[36mINFO[0m[0m 08/07 00:21:14 | 0.760128    0.771368    0.000000    0.946426    0.345210    0.909535    0.760128    0.771368    0.973054    0.956688    3300        79.041916   7.753406    0.026982    0.606564    0.208998    -6.631163   0.500000    10.886416   8.011510    21.000000   0.208820    0.393532    0.984018    0.973427    0.026982    3.370239    3.815725    7.146634    0.606564    0.000209    34.023951   0.813814    1.000000    15.508605   45.207129   34.023951   2.213566    0.813814    10.717831   0.105366    0.494541    0.000000    0.000050    0.000500    0.000005    0.000500    0.000500    0.000005    0.000050    0.000050    0.760414    14.472983  
[37m[36mINFO[0m[0m 08/07 00:22:44 | 0.800107    0.816239    0.000000    0.955427    0.209705    0.953545    0.800107    0.816239    0.970060    0.942675    3400        81.437126   7.730432    0.024811    0.603509    0.192026    -6.575552   0.500000    11.036534   8.004793    21.000000   0.191862    0.396591    0.985951    0.976549    0.024811    3.363127    3.804548    7.126731    0.603509    0.000192    32.662642   0.814882    1.000000    17.859967   45.201094   32.662642   1.837845    0.814882    10.486012   0.104855    0.427712    0.000000    0.000050    0.000500    0.000005    0.000500    0.000500    0.000005    0.000050    0.000050    0.723018    13.400753  
[37m[36mINFO[0m[0m 08/07 00:24:15 | 0.800107    0.816239    0.000000    0.962484    0.198522    0.955990    0.800107    0.816239    0.976048    0.955414    3500        83.832335   7.706142    0.015092    0.605980    0.176648    -6.706585   0.500000    10.975830   8.006460    21.000000   0.176494    0.394114    0.986749    0.977070    0.015092    3.349039    3.802921    7.099985    0.605980    0.000177    33.082028   0.814554    1.000000    16.930361   45.191505   33.082028   1.957552    0.814554    6.390725    0.103533    0.298110    0.000000    0.000050    0.000500    0.000005    0.000500    0.000500    0.000005    0.000050    0.000050    0.745825    13.393351  
[37m[36mINFO[0m[0m 08/07 00:25:47 | 0.824094    0.835470    0.000000    0.953704    0.227290    0.946210    0.824094    0.835470    0.976048    0.938854    3600        86.227545   7.662091    0.004590    0.604350    0.159697    -6.855023   0.500000    10.915236   8.022333    21.000000   0.159499    0.395743    0.987198    0.977548    0.004590    3.333547    3.787994    7.057581    0.604350    0.000160    33.736432   0.815423    1.000000    15.823059   45.194557   33.736432   2.137480    0.815423    3.395645    0.102973    0.096758    0.000000    0.000050    0.000500    0.000005    0.000500    0.000500    0.000005    0.000050    0.000050    0.761034    13.097674  
[37m[36mINFO[0m[0m 08/07 00:27:19 | 0.842751    0.858974    0.000000    0.969014    0.176021    0.965770    0.842751    0.858974    0.982036    0.959236    3700        88.622754   7.653445    0.001750    0.607417    0.140832    -6.969331   0.500000    10.823305   8.027554    21.000000   0.140684    0.392675    0.987470    0.977888    0.001750    3.328083    3.785748    7.045888    0.607417    0.000141    34.121326   0.814131    1.000000    15.196895   45.195772   34.121326   2.248084    0.814131    1.479025    0.101818    0.035998    0.000000    0.000050    0.000500    0.000005    0.000500    0.000500    0.000005    0.000050    0.000050    0.743464    13.643955  
[37m[36mINFO[0m[0m 08/07 00:28:49 | 0.801706    0.811966    0.000000    0.956686    0.238753    0.936430    0.801706    0.811966    0.982036    0.951592    3800        91.017964   7.636838    0.002364    0.606776    0.127573    -7.123081   0.500000    10.783211   8.014372    21.000000   0.127441    0.393316    0.986931    0.977139    0.002364    3.322937    3.775864    7.029934    0.606776    0.000128    34.822249   0.812518    1.000000    14.106503   45.193543   34.822249   2.471095    0.812518    1.630458    0.102057    0.043106    0.000000    0.000050    0.000500    0.000005    0.000500    0.000500    0.000005    0.000050    0.000050    0.714378    13.758419  
[37m[36mINFO[0m[0m 08/07 00:30:24 | 0.770789    0.794872    0.000000    0.955391    0.202986    0.936430    0.770789    0.794872    0.973054    0.956688    3900        93.413174   7.698128    0.016940    0.606426    0.114189    -7.133079   0.500000    10.873416   7.990050    21.000000   0.114063    0.393666    0.984579    0.974151    0.016940    3.354910    3.791069    7.091588    0.606426    0.000114    34.557953   0.815204    1.000000    14.527099   45.180824   34.557953   2.383556    0.815204    7.012358    0.102808    0.246202    0.000000    0.000050    0.000500    0.000005    0.000500    0.000500    0.000005    0.000050    0.000050    0.780242    14.480766  
[37m[36mINFO[0m[0m 08/07 00:31:56 | 0.828358    0.850427    0.000000    0.945417    0.282973    0.931540    0.828358    0.850427    0.976048    0.928662    4000        95.808383   7.686661    0.017903    0.605452    0.103482    -7.102528   0.500000    10.974517   7.997945    21.000000   0.103384    0.394641    0.984971    0.975027    0.017903    3.353280    3.780948    7.081106    0.605452    0.000103    33.594285   0.816627    1.000000    16.058769   45.187042   33.594285   2.095211    0.816627    8.104965    0.103255    0.303752    0.000000    0.000050    0.000500    0.000005    0.000500    0.000500    0.000005    0.000050    0.000050    0.738179    14.803382  
[37m[36mINFO[0m[0m 08/07 00:33:30 | 0.797974    0.824786    0.000000    0.944500    0.253792    0.924205    0.797974    0.824786    0.964072    0.945223    4100        98.203593   7.683197    0.016389    0.605481    0.094328    -7.157353   0.500000    10.973414   7.985484    21.000000   0.094240    0.394613    0.985157    0.975850    0.016389    3.348496    3.784310    7.077622    0.605481    0.000094    33.854610   0.823117    1.000000    15.490532   45.167662   33.854610   2.201480    0.823117    7.011129    0.103278    0.289699    0.000000    0.000050    0.000500    0.000005    0.000500    0.000500    0.000005    0.000050    0.000050    0.742334    15.137968  
[37m[36mINFO[0m[0m 08/07 00:35:04 | 0.835821    0.854701    0.000000    0.968716    0.173499    0.965770    0.835821    0.854701    0.976048    0.964331    4200        100.598802  7.722416    0.026253    0.604350    0.083895    -7.180751   0.500000    10.963582   7.972901    21.000000   0.083786    0.395744    0.985008    0.975562    0.026253    3.360233    3.803303    7.117982    0.604350    0.000084    33.484176   0.823262    1.000000    15.884657   45.143463   33.484176   2.114128    0.823262    8.770379    0.103612    0.445140    0.000000    0.000050    0.000500    0.000005    0.000500    0.000500    0.000005    0.000050    0.000050    0.764072    15.298844  
[37m[36mINFO[0m[0m 08/07 00:36:37 | 0.837420    0.839744    0.000000    0.959385    0.182621    0.943765    0.837420    0.839744    0.970060    0.964331    4300        102.994012  7.645423    0.010640    0.606206    0.074971    -7.318855   0.500000    10.932946   7.973541    21.000000   0.074888    0.393887    0.986144    0.976996    0.010640    3.335570    3.766121    7.039142    0.606206    0.000075    33.735860   0.823005    1.000000    15.456232   45.139240   33.735860   2.189097    0.823005    5.268100    0.102442    0.198470    0.000000    0.000050    0.000500    0.000005    0.000500    0.000500    0.000005    0.000050    0.000050    0.754739    14.621685  
[37m[36mINFO[0m[0m 08/07 00:38:08 | 0.808102    0.826923    0.000000    0.952557    0.261779    0.946210    0.808102    0.826923    0.970060    0.941401    4400        105.389222  7.639318    0.007090    0.606781    0.067005    -7.394778   0.500000    10.815403   7.976919    21.000000   0.066940    0.393311    0.986712    0.977902    0.007090    3.332517    3.766811    7.032471    0.606781    0.000067    33.946032   0.821866    1.000000    15.191350   45.145622   33.946032   2.239045    0.821866    4.460088    0.102070    0.164948    0.000000    0.000050    0.000500    0.000005    0.000500    0.000500    0.000005    0.000050    0.000050    0.735476    13.036787  
[37m[36mINFO[0m[0m 08/07 00:39:37 | 0.841684    0.848291    0.000000    0.951528    0.238737    0.955990    0.841684    0.848291    0.952096    0.946497    4500        107.784431  7.668874    0.013187    0.607302    0.060045    -7.441094   0.500000    10.911719   8.001551    21.000000   0.059967    0.392791    0.985258    0.975630    0.013187    3.342987    3.779749    7.061513    0.607302    0.000060    34.040291   0.820760    1.000000    15.043742   45.139022   34.040291   2.266193    0.820760    6.049668    0.102253    0.228931    0.000000    0.000050    0.000500    0.000005    0.000500    0.000500    0.000005    0.000050    0.000050    0.707028    13.775224  
[37m[36mINFO[0m[0m 08/07 00:41:09 | 0.818763    0.848291    0.000000    0.961703    0.201652    0.951100    0.818763    0.848291    0.976048    0.957962    4600        110.179641  7.670362    0.013836    0.605948    0.052468    -7.503126   0.500000    10.938856   7.988775    21.000000   0.052396    0.394144    0.985784    0.976885    0.013836    3.350872    3.774684    7.064361    0.605948    0.000052    33.478247   0.824486    1.000000    15.798365   45.125825   33.478247   2.123051    0.824486    6.427708    0.102216    0.242640    0.000000    0.000050    0.000500    0.000005    0.000500    0.000500    0.000005    0.000050    0.000050    0.750768    13.856704  
[37m[36mINFO[0m[0m 08/07 00:42:22 | 0.792644    0.816239    0.000000    0.963355    0.199568    0.955990    0.792644    0.816239    0.985030    0.949045    4700        112.574850  7.605901    0.001330    0.606135    0.046090    -7.651364   0.500000    10.864237   7.974532    21.000000   0.046030    0.393958    0.987281    0.978872    0.001330    3.320305    3.754599    6.999720    0.606135    0.000046    34.175856   0.824874    1.000000    14.656322   45.132018   34.175856   2.336037    0.824874    1.789544    0.101581    0.042533    0.000000    0.000050    0.000500    0.000005    0.000500    0.000500    0.000005    0.000050    0.000050    0.570321    12.810713  
[37m[36mINFO[0m[0m 08/07 00:44:01 | 0.819296    0.841880    0.000000    0.954624    0.232341    0.948655    0.819296    0.841880    0.961078    0.954140    4800        114.970060  7.675022    0.019797    0.607303    0.039712    -7.622722   0.500000    10.886234   7.978706    21.000000   0.039645    0.392789    0.984775    0.975830    0.019797    3.353141    3.770970    7.067680    0.607303    0.000040    34.102035   0.827630    1.000000    14.685151   45.110357   34.102035   2.327932    0.827630    9.275067    0.103101    0.367706    0.000000    0.000050    0.000500    0.000005    0.000500    0.000500    0.000005    0.000050    0.000050    0.827179    14.200469  
[37m[36mINFO[0m[0m 08/07 00:45:37 | 0.841684    0.876068    0.000000    0.957584    0.221160    0.951100    0.841684    0.876068    0.970060    0.951592    4900        117.365269  7.634563    0.005129    0.605830    0.034055    -7.635082   0.500000    10.920267   7.987662    21.000000   0.034004    0.394261    0.986948    0.978696    0.005129    3.335308    3.764613    7.028699    0.605830    0.000034    33.825018   0.827900    1.000000    15.113190   45.119310   33.825018   2.240135    0.827900    3.505743    0.101410    0.123208    0.000000    0.000050    0.000500    0.000005    0.000500    0.000500    0.000005    0.000050    0.000050    0.804831    13.259070  
[37m[36mINFO[0m[0m 08/07 00:47:15 | 0.830490    0.835470    0.000000    0.956586    0.266718    0.951100    0.830490    0.835470    0.967066    0.951592    5000        119.760479  7.603654    0.004200    0.607211    0.028635    -7.762128   0.500000    10.827887   8.006247    21.000000   0.028586    0.392880    0.986560    0.977914    0.004200    3.326055    3.743781    6.996415    0.607211    0.000029    34.397401   0.825202    1.000000    14.308789   45.122230   34.397401   2.406379    0.825202    3.206583    0.101398    0.104221    0.000000    0.000050    0.000500    0.000005    0.000500    0.000500    0.000005    0.000050    0.000050    0.801189    13.239848  
[37m[36mINFO[0m[0m 08/07 00:47:15 | ---
[37m[33mWARNING[0m[0m 08/07 00:47:15 | Evaluate SWAD ...
[37m[36mINFO[0m[0m 08/07 00:47:29 | 0.839552    0.856838    0.000000    0.978057    0.106785    0.977995    0.839552    0.856838    0.988024    0.968153    [101-4900]  (N=49)
[37m[36mINFO[0m[0m 08/07 00:47:29 | oracle = 84.168%
[37m[36mINFO[0m[0m 08/07 00:47:29 | iid = 84.275%
[37m[36mINFO[0m[0m 08/07 00:47:29 | last = 83.049%
[37m[36mINFO[0m[0m 08/07 00:47:29 | last (inD) = 95.659%
[37m[36mINFO[0m[0m 08/07 00:47:29 | iid (inD) = 96.901%
[37m[36mINFO[0m[0m 08/07 00:47:29 | SWAD = 83.955%
[37m[36mINFO[0m[0m 08/07 00:47:29 | SWAD (inD) = 97.806%
[37m[36mINFO[0m[0m 08/07 00:47:30 | 
[37m[36mINFO[0m[0m 08/07 00:47:34 | Testenv name escaping te_photo -> te_photo
[37m[36mINFO[0m[0m 08/07 00:47:34 | Test envs = [2], name = te_photo
[37m[36mINFO[0m[0m 08/07 00:47:34 | Batch sizes for each domain: [32, 32, 0, 32] (total=96)
[37m[36mINFO[0m[0m 08/07 00:47:34 | steps-per-epoch for each domain: 51.22, 58.62, 98.25 -> min = 51.22
[37m[36mINFO[0m[0m 08/07 00:47:37 | # of params = 49169351
[37m[36mINFO[0m[0m 08/07 00:47:52 | test_in     test_out    train_in    train_out   tr_outloss  env0_out    env1_out    env2_in     env2_out    env3_out    step        epoch       loss        loss_cls    loss_isr    loss_orth   loss_gt     piccl_alph  paired_res  domain_res  valid_doma  basis_orth  response_c  raw_interv  mediator_i  ce_loss     sup_cl_los  pre_cl_los  dccl_total  weighted_l  weighted_l  residual_d  fused_orig  piccl_exec  original_f  piccl_feat  feature_de  feature_de  original_f  backbone_g  piccl_grad  classifier  has_nan_or  param_grou  param_grou  param_grou  param_grou  param_grou  param_grou  param_grou  param_grou  step_time   eval_time  
[37m[36mINFO[0m[0m 08/07 00:47:52 | 0.277695    0.296407    0.000000    0.230411    1.858912    0.232274    0.256410    0.277695    0.296407    0.202548    0           0.000000    13.695240   2.052787    0.000000    0.122452    -5.756462   0.000000    0.000000    0.000000    21.000000   0.111581    0.000000    0.896976    0.801275    2.052787    6.242830    5.457067    13.695118   0.000000    0.000122    32.520882   0.724791    1.000000    24.636724   45.253323   32.520882   1.320017    0.724791    20.061203   0.212789    6.495615    0.000000    0.000050    0.000500    0.000005    0.000500    0.000500    0.000005    0.000050    0.000050    0.856446    14.337375  
[37m[36mINFO[0m[0m 08/07 00:49:24 | 0.977545    0.973054    0.000000    0.938731    0.167535    0.931540    0.957265    0.977545    0.973054    0.927389    100         1.952410    10.251826   0.412380    0.973618    0.094608    -1.699314   0.000000    11.774313   2.579491    21.000000   0.094447    0.026963    0.967958    0.944795    0.412380    4.040204    4.842522    9.278113    0.973618    0.000095    29.562339   0.769391    1.000000    33.268521   45.268536   29.562339   0.892111    0.769391    17.669772   0.107743    2.954419    0.000000    0.000050    0.000500    0.000005    0.000500    0.000500    0.000005    0.000050    0.000050    0.733996    14.292922  
[37m[36mINFO[0m[0m 08/07 00:50:57 | 0.985778    0.970060    0.000000    0.948395    0.163842    0.938875    0.957265    0.985778    0.970060    0.949045    200         3.904820    9.196775    0.138604    0.891476    0.143025    -2.246158   0.000000    11.548574   5.240348    21.000000   0.144309    0.109379    0.975445    0.959620    0.138604    3.627285    4.561729    8.305156    0.891476    0.000143    29.251849   0.787947    1.000000    28.114326   45.275493   29.251849   1.044203    0.787947    16.893449   0.130956    1.685998    0.000000    0.000050    0.000500    0.000005    0.000500    0.000500    0.000005    0.000050    0.000050    0.760662    14.206229  
[37m[36mINFO[0m[0m 08/07 00:52:28 | 0.970808    0.970060    0.000000    0.940649    0.224022    0.936430    0.959402    0.970808    0.970060    0.926115    300         5.857230    8.850984    0.084588    0.828744    0.320723    -2.725641   0.000000    11.305148   6.237783    21.000000   0.322555    0.171744    0.977088    0.962890    0.084588    3.531054    4.433533    8.021918    0.828744    0.000321    29.870602   0.793090    1.000000    25.151218   45.278755   29.870602   1.191569    0.793090    14.420539   0.106726    1.114860    0.000000    0.000050    0.000500    0.000005    0.000500    0.000500    0.000005    0.000050    0.000050    0.730949    14.168156  
[37m[36mINFO[0m[0m 08/07 00:53:58 | 0.972305    0.964072    0.000000    0.954846    0.155713    0.953545    0.959402    0.972305    0.964072    0.951592    400         7.809640    8.642339    0.054893    0.789720    0.468306    -3.068629   0.000000    11.208136   6.687415    21.000000   0.469452    0.210693    0.978477    0.965572    0.054893    3.467871    4.360073    7.852151    0.789720    0.000468    30.349527   0.797439    1.000000    23.399964   45.280703   30.349527   1.298655    0.797439    13.058109   0.100974    0.891523    0.000000    0.000050    0.000500    0.000005    0.000500    0.000500    0.000005    0.000050    0.000050    0.735788    12.774685  
[37m[36mINFO[0m[0m 08/07 00:55:28 | 0.972305    0.952096    0.000000    0.947751    0.174495    0.943765    0.952991    0.972305    0.952096    0.946497    500         9.762050    8.514125    0.039188    0.756513    0.574370    -3.336413   0.000000    11.177588   6.933276    21.000000   0.575479    0.243858    0.979343    0.967383    0.039188    3.447909    4.303304    7.757038    0.756513    0.000574    30.975800   0.800751    1.000000    21.694523   45.282810   30.975800   1.429834    0.800751    12.198119   0.103474    0.663318    0.000000    0.000050    0.000500    0.000005    0.000500    0.000500    0.000005    0.000050    0.000050    0.753040    12.757841  
[37m[36mINFO[0m[0m 08/07 00:56:57 | 0.960329    0.961078    0.000000    0.953422    0.156793    0.943765    0.957265    0.960329    0.961078    0.959236    600         11.714460   8.434773    0.045895    0.729479    0.692157    -3.476344   0.025250    11.226041   7.075591    21.000000   0.693324    0.270820    0.979540    0.967843    0.045895    3.433938    4.259532    7.704601    0.729479    0.000692    31.100842   0.805021    1.000000    21.152768   45.284424   31.100842   1.474738    0.805021    13.391557   0.103733    0.738898    0.000000    0.000050    0.000500    0.000005    0.000500    0.000500    0.000005    0.000050    0.000050    0.700232    12.976089  
[37m[36mINFO[0m[0m 08/07 00:58:28 | 0.972305    0.952096    0.000000    0.959750    0.140266    0.958435    0.967949    0.972305    0.952096    0.952866    700         13.666870   8.331798    0.025064    0.708899    0.796306    -3.713019   0.075250    11.167224   7.152212    21.000000   0.797147    0.291359    0.980523    0.969329    0.025064    3.407611    4.226558    7.622103    0.708899    0.000796    31.545541   0.807790    1.000000    19.994946   45.283773   31.545541   1.581503    0.807790    10.237639   0.102109    0.484908    0.000000    0.000050    0.000500    0.000005    0.000500    0.000500    0.000005    0.000050    0.000050    0.753862    12.784626  
[37m[36mINFO[0m[0m 08/07 00:59:57 | 0.978293    0.961078    0.000000    0.950155    0.164083    0.946210    0.967949    0.978293    0.961078    0.936306    800         15.619280   8.286008    0.027871    0.691168    0.846622    -3.920029   0.125250    11.094236   7.181083    21.000000   0.846807    0.309064    0.980948    0.969604    0.027871    3.400947    4.204375    7.593994    0.691168    0.000847    31.873907   0.808348    1.000000    19.404351   45.285207   31.873907   1.646648    0.808348    9.974442    0.103447    0.510545    0.000000    0.000050    0.000500    0.000005    0.000500    0.000500    0.000005    0.000050    0.000050    0.738483    13.016195  
[37m[36mINFO[0m[0m 08/07 01:01:31 | 0.973054    0.967066    0.000000    0.961633    0.141303    0.955990    0.972222    0.973054    0.967066    0.956688    900         17.571690   8.211828    0.020472    0.676519    0.845503    -4.029145   0.175250    11.090905   7.229516    21.000000   0.845304    0.323695    0.982480    0.971663    0.020472    3.384973    4.169309    7.534463    0.676519    0.000846    31.897478   0.809004    1.000000    19.343367   45.284506   31.897478   1.652316    0.809004    8.541893    0.103915    0.406019    0.000000    0.000050    0.000500    0.000005    0.000500    0.000500    0.000005    0.000050    0.000050    0.765756    13.414228  
[37m[36mINFO[0m[0m 08/07 01:03:04 | 0.967814    0.952096    0.000000    0.959627    0.156501    0.948655    0.978632    0.967814    0.952096    0.951592    1000        19.524100   8.243022    0.033057    0.662626    0.808474    -4.175846   0.225250    11.173706   7.236625    21.000000   0.807955    0.337576    0.981028    0.969029    0.033057    3.410200    4.178089    7.579587    0.662626    0.000808    32.227047   0.809354    1.000000    18.777637   45.284321   32.227047   1.724371    0.809354    11.724216   0.105518    0.569476    0.000000    0.000050    0.000500    0.000005    0.000500    0.000500    0.000005    0.000050    0.000050    0.774797    13.682251  
[37m[36mINFO[0m[0m 08/07 01:04:38 | 0.976048    0.970060    0.000000    0.955744    0.125495    0.951100    0.965812    0.976048    0.970060    0.950318    1100        21.476510   8.173329    0.029310    0.655188    0.753058    -4.305874   0.275250    11.126006   7.240639    21.000000   0.752461    0.345001    0.982226    0.970256    0.029310    3.392307    4.138829    7.517388    0.655188    0.000753    32.338713   0.807621    1.000000    18.620369   45.282241   32.338713   1.741420    0.807621    9.041866    0.104285    0.523335    0.000000    0.000050    0.000500    0.000005    0.000500    0.000500    0.000005    0.000050    0.000050    0.777728    12.987853  
[37m[36mINFO[0m[0m 08/07 01:06:11 | 0.972305    0.970060    0.000000    0.961435    0.137275    0.958435    0.961538    0.972305    0.970060    0.964331    1200        23.428920   8.123724    0.018146    0.644461    0.689145    -4.461185   0.325250    11.102378   7.251067    21.000000   0.688523    0.355716    0.982617    0.970161    0.018146    3.379887    4.125152    7.478573    0.644461    0.000689    32.650227   0.804613    1.000000    18.226068   45.280627   32.650227   1.795298    0.804613    7.817617    0.103988    0.355760    0.000000    0.000050    0.000500    0.000005    0.000500    0.000500    0.000005    0.000050    0.000050    0.766521    13.760713  
[37m[36mINFO[0m[0m 08/07 01:07:39 | 0.970060    0.952096    0.000000    0.966421    0.146235    0.968215    0.974359    0.970060    0.952096    0.956688    1300        25.381330   8.112600    0.019869    0.634730    0.629315    -4.559342   0.375250    11.174742   7.260873    21.000000   0.628772    0.365440    0.982709    0.969754    0.019869    3.381456    4.121510    7.477241    0.634730    0.000629    32.570382   0.799758    1.000000    18.680770   45.281158   32.570382   1.748609    0.799758    9.042227    0.105137    0.399733    0.000000    0.000050    0.000500    0.000005    0.000500    0.000500    0.000005    0.000050    0.000050    0.682884    13.936408  
[37m[36mINFO[0m[0m 08/07 01:09:08 | 0.963323    0.952096    0.000000    0.956826    0.170799    0.946210    0.976496    0.963323    0.952096    0.947771    1400        27.333740   8.070843    0.016187    0.629238    0.578985    -4.698529   0.425250    11.082665   7.269534    21.000000   0.578460    0.370921    0.982763    0.969035    0.016187    3.376115    4.095709    7.441026    0.629238    0.000579    33.065552   0.792831    1.000000    18.052444   45.279086   33.065552   1.833602    0.792831    8.447402    0.104635    0.354902    0.000000    0.000050    0.000500    0.000005    0.000500    0.000500    0.000005    0.000050    0.000050    0.711909    12.561767  
[37m[36mINFO[0m[0m 08/07 01:10:38 | 0.962575    0.943114    0.000000    0.959360    0.169782    0.946210    0.970085    0.962575    0.943114    0.961783    1500        29.286150   8.082665    0.021830    0.620597    0.523469    -4.834542   0.475250    11.144830   7.275686    21.000000   0.522908    0.379558    0.982526    0.968038    0.021830    3.386691    4.101369    7.461545    0.620597    0.000523    33.475903   0.786677    1.000000    17.548357   45.277505   33.475903   1.913997    0.786677    9.254507    0.105790    0.423811    0.000000    0.000050    0.000500    0.000005    0.000500    0.000500    0.000005    0.000050    0.000050    0.742616    13.086722  
[37m[36mINFO[0m[0m 08/07 01:12:09 | 0.964820    0.955090    0.000000    0.958901    0.152864    0.948655    0.970085    0.964820    0.955090    0.957962    1600        31.238560   8.048017    0.023948    0.613913    0.471100    -4.922045   0.500000    11.229632   7.287313    21.000000   0.470618    0.386235    0.982769    0.968729    0.023948    3.389401    4.069504    7.433633    0.613913    0.000471    33.572606   0.784442    1.000000    17.483019   45.274098   33.572606   1.928293    0.784442    9.815767    0.105820    0.405513    0.000000    0.000050    0.000500    0.000005    0.000500    0.000500    0.000005    0.000050    0.000050    0.762780    12.904239  
[37m[36mINFO[0m[0m 08/07 01:13:40 | 0.955838    0.937126    0.000000    0.956127    0.195982    0.955990    0.978632    0.955838    0.937126    0.933758    1700        33.190970   8.001367    0.013896    0.609085    0.425943    -5.043505   0.500000    11.151683   7.265333    21.000000   0.425517    0.391053    0.984160    0.970742    0.013896    3.370104    4.058291    7.391856    0.609085    0.000426    33.712164   0.784933    1.000000    17.161526   45.271482   33.712164   1.967861    0.784933    7.759043    0.105205    0.305411    0.000000    0.000050    0.000500    0.000005    0.000500    0.000500    0.000005    0.000050    0.000050    0.750667    13.261103  
[37m[36mINFO[0m[0m 08/07 01:15:11 | 0.965569    0.961078    0.000000    0.960346    0.163253    0.965770    0.963675    0.965569    0.961078    0.951592    1800        35.143380   7.995724    0.013772    0.607609    0.383815    -5.184624   0.500000    11.124286   7.236187    21.000000   0.383400    0.392521    0.984410    0.971078    0.013772    3.374221    4.051585    7.387731    0.607609    0.000384    33.840743   0.785732    1.000000    16.881390   45.271076   33.840743   2.010128    0.785732    7.072517    0.104668    0.269384    0.000000    0.000050    0.000500    0.000005    0.000500    0.000500    0.000005    0.000050    0.000050    0.742312    13.225154  
[37m[36mINFO[0m[0m 08/07 01:16:42 | 0.976796    0.961078    0.000000    0.970852    0.135378    0.975550    0.976496    0.976796    0.961078    0.960510    1900        37.095790   7.946033    0.005459    0.602036    0.347716    -5.332895   0.500000    11.093981   7.228435    21.000000   0.347405    0.398089    0.985530    0.972999    0.005459    3.352599    4.038921    7.343650    0.602036    0.000348    34.239176   0.788058    1.000000    16.049451   45.270035   34.239176   2.140667    0.788058    3.727942    0.104166    0.118783    0.000000    0.000050    0.000500    0.000005    0.000500    0.000500    0.000005    0.000050    0.000050    0.750004    13.380505  
[37m[36mINFO[0m[0m 08/07 01:18:10 | 0.965569    0.946108    0.000000    0.939889    0.304225    0.929095    0.952991    0.965569    0.946108    0.937580    2000        39.048200   7.956217    0.010872    0.599078    0.319620    -5.489718   0.500000    11.078345   7.257136    21.000000   0.319356    0.401042    0.983678    0.969718    0.010872    3.360136    4.040709    7.356819    0.599078    0.000320    34.845215   0.786414    1.000000    15.012550   45.270265   34.845215   2.325269    0.786414    6.396415    0.104916    0.199504    0.000000    0.000050    0.000500    0.000005    0.000500    0.000500    0.000005    0.000050    0.000050    0.687572    13.843607  
[37m[36mINFO[0m[0m 08/07 01:19:44 | 0.973802    0.961078    0.000000    0.954203    0.187050    0.948655    0.957265    0.973802    0.961078    0.956688    2100        41.000610   7.979780    0.023301    0.596614    0.288515    -5.500173   0.500000    11.115369   7.241762    21.000000   0.288161    0.403501    0.983988    0.971017    0.023301    3.378878    4.035700    7.382878    0.596614    0.000289    33.707445   0.789887    1.000000    16.988238   45.267790   33.707445   1.990551    0.789887    8.219762    0.105332    0.376339    0.000000    0.000050    0.000500    0.000005    0.000500    0.000500    0.000005    0.000050    0.000050    0.775688    13.477282  
[37m[36mINFO[0m[0m 08/07 01:21:17 | 0.972305    0.955090    0.000000    0.961243    0.182500    0.953545    0.972222    0.972305    0.955090    0.957962    2200        42.953020   7.928034    0.007523    0.594899    0.257596    -5.642819   0.500000    11.112503   7.271042    21.000000   0.257358    0.405212    0.984683    0.971804    0.007523    3.354889    4.026894    7.332877    0.594899    0.000258    34.101354   0.789927    1.000000    16.226352   45.266739   34.101354   2.106337    0.789927    4.749858    0.104173    0.164223    0.000000    0.000050    0.000500    0.000005    0.000500    0.000500    0.000005    0.000050    0.000050    0.756767    14.688224  
[37m[36mINFO[0m[0m 08/07 01:22:51 | 0.960329    0.940120    0.000000    0.957661    0.174291    0.946210    0.970085    0.960329    0.940120    0.956688    2300        44.905430   7.950011    0.013153    0.593513    0.236892    -5.753896   0.500000    11.144166   7.284451    21.000000   0.236687    0.406595    0.983795    0.970160    0.013153    3.368778    4.031869    7.356261    0.593513    0.000237    34.114160   0.787914    1.000000    16.266608   45.266602   34.114160   2.101176    0.787914    6.552952    0.104562    0.259088    0.000000    0.000050    0.000500    0.000005    0.000500    0.000500    0.000005    0.000050    0.000050    0.769161    14.142356  
[37m[36mINFO[0m[0m 08/07 01:24:22 | 0.962575    0.943114    0.000000    0.947066    0.206659    0.933985    0.965812    0.962575    0.943114    0.941401    2400        46.857840   7.943302    0.020361    0.594398    0.213396    -5.832096   0.500000    11.069905   7.288787    21.000000   0.213151    0.405706    0.984423    0.972138    0.020361    3.368580    4.018070    7.348691    0.594398    0.000213    33.962106   0.792920    1.000000    16.413189   45.264479   33.962106   2.076413    0.792920    8.042532    0.104462    0.333884    0.000000    0.000050    0.000500    0.000005    0.000500    0.000500    0.000005    0.000050    0.000050    0.733252    12.553303  
[37m[36mINFO[0m[0m 08/07 01:25:55 | 0.973054    0.967066    0.000000    0.952915    0.215872    0.938875    0.952991    0.973054    0.967066    0.966879    2500        48.810250   7.921309    0.010339    0.593570    0.192906    -5.888105   0.500000    11.123208   7.276263    21.000000   0.192720    0.406534    0.984757    0.973035    0.010339    3.364608    4.011480    7.327545    0.593570    0.000193    33.936572   0.795222    1.000000    16.348233   45.259338   33.936572   2.081472    0.795222    5.732724    0.103831    0.236101    0.000000    0.000050    0.000500    0.000005    0.000500    0.000500    0.000005    0.000050    0.000050    0.770878    12.607621  
[37m[36mINFO[0m[0m 08/07 01:27:26 | 0.955090    0.949102    0.000000    0.952347    0.225796    0.931540    0.970085    0.955090    0.949102    0.955414    2600        50.762660   7.910764    0.011759    0.592175    0.172855    -6.036777   0.500000    11.046719   7.287766    21.000000   0.172663    0.407926    0.984416    0.972222    0.011759    3.360818    4.006207    7.318417    0.592175    0.000173    34.616064   0.796029    1.000000    15.087086   45.258951   34.616064   2.298188    0.796029    6.548808    0.104066    0.250538    0.000000    0.000050    0.000500    0.000005    0.000500    0.000500    0.000005    0.000050    0.000050    0.763203    12.859283  
[37m[36mINFO[0m[0m 08/07 01:29:02 | 0.960329    0.952096    0.000000    0.959866    0.211936    0.951100    0.974359    0.960329    0.952096    0.954140    2700        52.715070   7.940505    0.018599    0.593015    0.154365    -6.081275   0.500000    11.101824   7.273796    21.000000   0.154140    0.407088    0.983614    0.971296    0.018599    3.375095    4.014456    7.347337    0.593015    0.000154    33.765488   0.797503    1.000000    16.618432   45.255291   33.765488   2.039019    0.797503    8.611186    0.104543    0.344383    0.000000    0.000050    0.000500    0.000005    0.000500    0.000500    0.000005    0.000050    0.000050    0.800269    12.846443  
[37m[36mINFO[0m[0m 08/07 01:30:38 | 0.968563    0.955090    0.000000    0.951621    0.235702    0.941320    0.959402    0.968563    0.955090    0.954140    2800        54.667480   7.877896    0.008918    0.592275    0.130405    -6.200220   0.500000    11.114085   7.250535    21.000000   0.130226    0.407825    0.984850    0.972896    0.008918    3.353829    3.984746    7.285491    0.592275    0.000130    34.054191   0.797585    1.000000    15.986185   45.253417   34.054191   2.133849    0.797585    5.316761    0.103567    0.189268    0.000000    0.000050    0.000500    0.000005    0.000500    0.000500    0.000005    0.000050    0.000050    0.805722    12.713935  
[37m[36mINFO[0m[0m 08/07 01:32:15 | 0.958084    0.943114    0.000000    0.954634    0.267872    0.941320    0.978632    0.958084    0.943114    0.943949    2900        56.619890   7.913186    0.014664    0.589856    0.118440    -6.283694   0.500000    11.109246   7.249833    21.000000   0.118336    0.410242    0.983904    0.972014    0.014664    3.369463    4.001921    7.323212    0.589856    0.000118    34.167685   0.801302    1.000000    15.692245   45.253605   34.167685   2.182304    0.801302    8.676902    0.104310    0.334637    0.000000    0.000050    0.000500    0.000005    0.000500    0.000500    0.000005    0.000050    0.000050    0.813392    12.901546  
[37m[36mINFO[0m[0m 08/07 01:33:45 | 0.968563    0.949102    0.000000    0.953216    0.225217    0.938875    0.961538    0.968563    0.949102    0.959236    3000        58.572300   7.879020    0.008192    0.589997    0.105907    -6.434101   0.500000    11.070059   7.270454    21.000000   0.105764    0.410100    0.984878    0.973246    0.008192    3.356394    3.988672    7.288917    0.589997    0.000106    34.853152   0.801135    1.000000    14.501197   45.251092   34.853152   2.407194    0.801135    4.523620    0.103156    0.166708    0.000000    0.000050    0.000500    0.000005    0.000500    0.000500    0.000005    0.000050    0.000050    0.711247    12.542115  
[37m[36mINFO[0m[0m 08/07 01:33:45 | SWAD valley is dead -> early stop !
[37m[36mINFO[0m[0m 08/07 01:33:45 | ---
[37m[33mWARNING[0m[0m 08/07 01:33:45 | Evaluate SWAD ...
[37m[36mINFO[0m[0m 08/07 01:33:58 | 0.985778    0.979042    0.000000    0.972091    0.107605    0.968215    0.978632    0.985778    0.979042    0.969427    [301-2400]  (N=21)
[37m[36mINFO[0m[0m 08/07 01:33:58 | oracle = 97.754%
[37m[36mINFO[0m[0m 08/07 01:33:58 | iid = 97.680%
[37m[36mINFO[0m[0m 08/07 01:33:58 | last = 96.856%
[37m[36mINFO[0m[0m 08/07 01:33:58 | last (inD) = 95.322%
[37m[36mINFO[0m[0m 08/07 01:33:58 | iid (inD) = 97.085%
[37m[36mINFO[0m[0m 08/07 01:33:58 | SWAD = 98.578%
[37m[36mINFO[0m[0m 08/07 01:33:58 | SWAD (inD) = 97.209%
[37m[36mINFO[0m[0m 08/07 01:33:59 | 
[37m[36mINFO[0m[0m 08/07 01:34:03 | Testenv name escaping te_sketch -> te_sketch
[37m[36mINFO[0m[0m 08/07 01:34:03 | Test envs = [3], name = te_sketch
[37m[36mINFO[0m[0m 08/07 01:34:03 | Batch sizes for each domain: [32, 32, 32, 0] (total=96)
[37m[36mINFO[0m[0m 08/07 01:34:03 | steps-per-epoch for each domain: 51.22, 58.62, 41.75 -> min = 41.75
[37m[36mINFO[0m[0m 08/07 01:34:06 | # of params = 49169351
[37m[36mINFO[0m[0m 08/07 01:34:23 | test_in     test_out    train_in    train_out   tr_outloss  env0_out    env1_out    env2_out    env3_in     env3_out    step        epoch       loss        loss_cls    loss_isr    loss_orth   loss_gt     piccl_alph  paired_res  domain_res  valid_doma  basis_orth  response_c  raw_interv  mediator_i  ce_loss     sup_cl_los  pre_cl_los  dccl_total  weighted_l  weighted_l  residual_d  fused_orig  piccl_exec  original_f  piccl_feat  feature_de  feature_de  original_f  backbone_g  piccl_grad  classifier  has_nan_or  param_grou  param_grou  param_grou  param_grou  param_grou  param_grou  param_grou  param_grou  step_time   eval_time  
[37m[36mINFO[0m[0m 08/07 01:34:23 | 0.159351    0.136306    0.000000    0.281991    1.812723    0.290954    0.183761    0.371257    0.159351    0.136306    0           0.000000    13.624628   2.149212    0.000000    0.117707    -5.756462   0.000000    0.000000    0.000000    21.000000   0.107233    0.000000    0.903634    0.803407    2.149212    6.182631    5.350233    13.624511   0.000000    0.000118    32.884796   0.700827    1.000000    26.699196   45.253460   32.884796   1.231677    0.700827    23.062916   0.232126    6.829804    0.000000    0.000050    0.000500    0.000005    0.000500    0.000500    0.000005    0.000050    0.000050    0.782751    16.097351  
[37m[36mINFO[0m[0m 08/07 01:35:54 | 0.661896    0.667516    0.000000    0.945627    0.150218    0.926650    0.940171    0.970060    0.661896    0.667516    100         2.395210    9.665139    0.263543    0.977608    0.084008    -1.926465   0.000000    12.106929   2.056911    21.000000   0.083678    0.022859    0.967603    0.945836    0.263543    3.846172    4.596997    8.687447    0.977608    0.000084    28.831480   0.788406    1.000000    33.879939   45.269615   28.831480   0.861815    0.788406    16.657234   0.088862    2.019838    0.000000    0.000050    0.000500    0.000005    0.000500    0.000500    0.000005    0.000050    0.000050    0.708447    15.888114  
[37m[36mINFO[0m[0m 08/07 01:37:27 | 0.594148    0.582166    0.000000    0.960919    0.126387    0.941320    0.959402    0.982036    0.594148    0.582166    200         4.790419    8.779350    0.063293    0.908646    0.093924    -2.645572   0.000000    11.740291   4.390039    21.000000   0.094633    0.092132    0.974792    0.960215    0.063293    3.523524    4.310249    7.870610    0.908646    0.000094    28.844413   0.805154    1.000000    27.236711   45.276929   28.844413   1.062952    0.805154    13.278306   0.114337    0.849224    0.000000    0.000050    0.000500    0.000005    0.000500    0.000500    0.000005    0.000050    0.000050    0.729630    16.005079  
[37m[36mINFO[0m[0m 08/07 01:39:00 | 0.721692    0.729936    0.000000    0.968841    0.114999    0.953545    0.967949    0.985030    0.721692    0.729936    300         7.185629    8.576118    0.058020    0.850562    0.228387    -3.034600   0.000000    11.705965   5.432203    21.000000   0.230088    0.149928    0.975366    0.961181    0.058020    3.481733    4.215921    7.725327    0.850562    0.000228    29.701426   0.804269    1.000000    24.678885   45.280123   29.701426   1.207454    0.804269    13.893858   0.103993    0.907328    0.000000    0.000050    0.000500    0.000005    0.000500    0.000500    0.000005    0.000050    0.000050    0.708805    16.030265  
[37m[36mINFO[0m[0m 08/07 01:40:34 | 0.715013    0.699363    0.000000    0.964260    0.121426    0.946210    0.961538    0.985030    0.715013    0.699363    400         9.580838    8.383340    0.029173    0.815924    0.395829    -3.246995   0.000000    11.648038   5.834134    21.000000   0.397398    0.184416    0.978074    0.966082    0.029173    3.438907    4.131409    7.567020    0.815924    0.000396    29.998446   0.809002    1.000000    23.420232   45.282127   29.998446   1.284776    0.809002    10.809654   0.092670    0.545874    0.000000    0.000050    0.000500    0.000005    0.000500    0.000500    0.000005    0.000050    0.000050    0.765944    14.605577  
[37m[36mINFO[0m[0m 08/07 01:42:03 | 0.766221    0.755414    0.000000    0.969085    0.112744    0.955990    0.972222    0.979042    0.766221    0.755414    500         11.976048   8.291836    0.028247    0.791291    0.534898    -3.516863   0.000000    11.608934   6.014819    21.000000   0.536115    0.209022    0.977153    0.964801    0.028247    3.421000    4.085931    7.500010    0.791291    0.000535    30.799548   0.810014    1.000000    21.497834   45.283603   30.799548   1.435085    0.810014    10.753287   0.092288    0.515502    0.000000    0.000050    0.000500    0.000005    0.000500    0.000500    0.000005    0.000050    0.000050    0.677495    14.548617  
[37m[36mINFO[0m[0m 08/07 01:43:14 | 0.785941    0.773248    0.000000    0.964016    0.132684    0.943765    0.957265    0.991018    0.785941    0.773248    600         14.371257   8.199058    0.024015    0.767167    0.640065    -3.662951   0.025250    11.634759   6.099697    21.000000   0.640919    0.233140    0.978837    0.967224    0.024015    3.402911    4.040955    7.431251    0.767167    0.000640    31.064244   0.808098    1.000000    21.051702   45.283732   31.064244   1.479510    0.808098    8.618269    0.095677    0.446905    0.000000    0.000050    0.000500    0.000005    0.000500    0.000500    0.000005    0.000050    0.000050    0.551612    13.751911  
[37m[36mINFO[0m[0m 08/07 01:44:53 | 0.784351    0.773248    0.000000    0.966073    0.116029    0.948655    0.961538    0.988024    0.784351    0.773248    700         16.766467   8.122286    0.017446    0.744102    0.716332    -3.880671   0.075250    11.661437   6.171434    21.000000   0.717066    0.256191    0.978651    0.966518    0.017446    3.387674    4.011154    7.377468    0.744102    0.000716    31.543771   0.807964    1.000000    20.033982   45.284525   31.543771   1.578766    0.807964    8.340664    0.098590    0.354878    0.000000    0.000050    0.000500    0.000005    0.000500    0.000500    0.000005    0.000050    0.000050    0.820866    14.399720  
[37m[36mINFO[0m[0m 08/07 01:46:38 | 0.785941    0.801274    0.000000    0.961000    0.139909    0.936430    0.961538    0.985030    0.785941    0.801274    800         19.161677   8.122058    0.031890    0.725546    0.781371    -3.941433   0.125250    11.705199   6.195977    21.000000   0.782002    0.274722    0.977958    0.965230    0.031890    3.413109    3.990145    7.395730    0.725546    0.000781    31.495029   0.810647    1.000000    20.127333   45.284305   31.495029   1.576400    0.810647    11.850459   0.102085    0.518914    0.000000    0.000050    0.000500    0.000005    0.000500    0.000500    0.000005    0.000050    0.000050    0.867896    14.406730  
[37m[36mINFO[0m[0m 08/07 01:48:21 | 0.771947    0.760510    0.000000    0.963360    0.149123    0.948655    0.974359    0.967066    0.771947    0.760510    900         21.556886   8.023543    0.012552    0.706923    0.850933    -4.091229   0.175250    11.721077   6.243704    21.000000   0.851628    0.293325    0.979760    0.967471    0.012552    3.386540    3.957589    7.315769    0.706923    0.000851    31.720056   0.809716    1.000000    19.686278   45.283619   31.720056   1.613788    0.809716    7.913736    0.103476    0.270968    0.000000    0.000050    0.000500    0.000005    0.000500    0.000500    0.000005    0.000050    0.000050    0.860666    14.763040  
[37m[36mINFO[0m[0m 08/07 01:49:56 | 0.804389    0.806369    0.000000    0.965177    0.147220    0.951100    0.959402    0.985030    0.804389    0.806369    1000        23.952096   7.960781    0.009658    0.694996    0.905591    -4.287745   0.225250    11.666900   6.257589    21.000000   0.905960    0.305222    0.980373    0.967775    0.009658    3.371467    3.926633    7.264880    0.694996    0.000906    32.063066   0.809140    1.000000    18.995911   45.284432   32.063066   1.691526    0.809140    6.481739    0.103520    0.205948    0.000000    0.000050    0.000500    0.000005    0.000500    0.000500    0.000005    0.000050    0.000050    0.731991    14.718938  
[37m[36mINFO[0m[0m 08/07 01:51:36 | 0.750318    0.754140    0.000000    0.963608    0.146325    0.951100    0.963675    0.976048    0.750318    0.754140    1100        26.347305   7.923024    0.008798    0.684766    0.922992    -4.429741   0.275250    11.646877   6.216243    21.000000   0.922977    0.315429    0.981297    0.968475    0.008798    3.365672    3.907164    7.237336    0.684766    0.000923    32.432803   0.807213    1.000000    18.406846   45.284685   32.432803   1.765813    0.807213    5.779132    0.103625    0.177222    0.000000    0.000050    0.000500    0.000005    0.000500    0.000500    0.000005    0.000050    0.000050    0.812808    15.547593  
[37m[36mINFO[0m[0m 08/07 01:53:16 | 0.779262    0.787261    0.000000    0.972037    0.110386    0.958435    0.978632    0.979042    0.779262    0.787261    1200        28.742515   7.882920    0.003070    0.675249    0.912637    -4.589104   0.325250    11.642493   6.260954    21.000000   0.912452    0.324929    0.982055    0.968407    0.003070    3.357049    3.892530    7.206758    0.675249    0.000913    32.802768   0.799842    1.000000    18.031243   45.285385   32.802768   1.822519    0.799842    3.322217    0.104207    0.081739    0.000000    0.000050    0.000500    0.000005    0.000500    0.000500    0.000005    0.000050    0.000050    0.812411    15.739593  
[37m[36mINFO[0m[0m 08/07 01:54:54 | 0.755089    0.745223    0.000000    0.962793    0.168351    0.948655    0.963675    0.976048    0.755089    0.745223    1300        31.137725   7.894526    0.012281    0.664570    0.896370    -4.679427   0.375250    11.706875   6.294408    21.000000   0.896162    0.335600    0.981386    0.966814    0.012281    3.375413    3.888160    7.229060    0.664570    0.000896    32.878533   0.794640    1.000000    18.185143   45.286548   32.878533   1.811435    0.794640    7.200939    0.106653    0.243073    0.000000    0.000050    0.000500    0.000005    0.000500    0.000500    0.000005    0.000050    0.000050    0.795015    15.199013  
[37m[36mINFO[0m[0m 08/07 01:56:31 | 0.767812    0.774522    0.000000    0.962534    0.137588    0.955990    0.946581    0.985030    0.767812    0.774522    1400        33.532934   7.909658    0.020920    0.659999    0.862509    -4.778502   0.425250    11.710913   6.291229    21.000000   0.862073    0.340157    0.980468    0.965433    0.020920    3.392880    3.882781    7.248796    0.659999    0.000863    32.923913   0.791823    1.000000    18.327920   45.283838   32.923913   1.802773    0.791823    9.636354    0.107416    0.396003    0.000000    0.000050    0.000500    0.000005    0.000500    0.000500    0.000005    0.000050    0.000050    0.806603    13.905489  
[37m[36mINFO[0m[0m 08/07 01:58:13 | 0.736959    0.736306    0.000000    0.959555    0.187582    0.946210    0.959402    0.973054    0.736959    0.736306    1500        35.928144   7.915625    0.027735    0.652848    0.813557    -4.797699   0.475250    11.839733   6.284885    21.000000   0.813052    0.347300    0.981478    0.966500    0.027735    3.400486    3.881720    7.261963    0.652848    0.000814    32.440461   0.787552    1.000000    19.758328   45.281774   32.440461   1.650545    0.787552    10.893436   0.108403    0.465562    0.000000    0.000050    0.000500    0.000005    0.000500    0.000500    0.000005    0.000050    0.000050    0.848479    13.992250  
[37m[36mINFO[0m[0m 08/07 01:59:51 | 0.773855    0.774522    0.000000    0.964077    0.155964    0.948655    0.961538    0.982036    0.773855    0.774522    1600        38.323353   7.839885    0.007841    0.650535    0.761788    -4.979274   0.500000    11.747125   6.271143    21.000000   0.761323    0.349603    0.983451    0.968096    0.007841    3.367753    3.862786    7.188588    0.650535    0.000762    32.666765   0.782403    1.000000    19.330662   45.281132   32.666765   1.695312    0.782403    5.550633    0.106163    0.164786    0.000000    0.000050    0.000500    0.000005    0.000500    0.000500    0.000005    0.000050    0.000050    0.810536    14.644325  
[37m[36mINFO[0m[0m 08/07 02:01:29 | 0.791349    0.788535    0.000000    0.967801    0.163699    0.955990    0.974359    0.973054    0.791349    0.788535    1700        40.718563   7.840781    0.016649    0.647212    0.717497    -5.098918   0.500000    11.740281   6.239785    21.000000   0.716987    0.352919    0.983059    0.967957    0.016649    3.376734    3.850457    7.192852    0.647212    0.000717    33.059998   0.782287    1.000000    18.530812   45.279035   33.059998   1.787409    0.782287    7.725513    0.106698    0.309821    0.000000    0.000050    0.000500    0.000005    0.000500    0.000500    0.000005    0.000050    0.000050    0.801448    14.649347  
[37m[36mINFO[0m[0m 08/07 02:03:08 | 0.805980    0.793631    0.000000    0.963585    0.148031    0.943765    0.967949    0.979042    0.805980    0.793631    1800        43.113772   7.815566    0.011301    0.647945    0.665816    -5.181367   0.500000    11.750209   6.216818    21.000000   0.665294    0.352179    0.984080    0.969693    0.011301    3.366152    3.841316    7.166955    0.647945    0.000666    32.817036   0.784126    1.000000    18.954913   45.277409   32.817036   1.737173    0.784126    6.735377    0.105454    0.249162    0.000000    0.000050    0.000500    0.000005    0.000500    0.000500    0.000005    0.000050    0.000050    0.810809    14.984995  
[37m[36mINFO[0m[0m 08/07 02:04:50 | 0.791667    0.796178    0.000000    0.954813    0.216307    0.948655    0.948718    0.967066    0.791667    0.796178    1900        45.508982   7.780259    0.005955    0.646559    0.606980    -5.356428   0.500000    11.721841   6.218981    21.000000   0.606436    0.353561    0.983755    0.968574    0.005955    3.361753    3.818949    7.133093    0.646559    0.000607    33.211133   0.783206    1.000000    18.158495   45.277778   33.211133   1.836774    0.783206    4.540060    0.104368    0.118468    0.000000    0.000050    0.000500    0.000005    0.000500    0.000500    0.000005    0.000050    0.000050    0.849249    14.539129  
[37m[36mINFO[0m[0m 08/07 02:06:33 | 0.742684    0.752866    0.000000    0.961353    0.175186    0.958435    0.946581    0.979042    0.742684    0.752866    2000        47.904192   7.829034    0.023129    0.644813    0.559597    -5.437401   0.500000    11.744831   6.183550    21.000000   0.559147    0.355303    0.982492    0.967744    0.023129    3.381212    3.833695    7.183661    0.644813    0.000560    33.250908   0.786794    1.000000    18.013072   45.273633   33.250908   1.856134    0.786794    8.385568    0.105244    0.363503    0.000000    0.000050    0.000500    0.000005    0.000500    0.000500    0.000005    0.000050    0.000050    0.854403    14.748768  
[37m[36mINFO[0m[0m 08/07 02:08:17 | 0.805980    0.801274    0.000000    0.960591    0.185446    0.943765    0.967949    0.970060    0.805980    0.801274    2100        50.299401   7.827229    0.024517    0.642220    0.521367    -5.532800   0.500000    11.762303   6.241212    21.000000   0.521026    0.357892    0.982924    0.969180    0.024517    3.385742    3.829556    7.184488    0.642220    0.000521    33.188296   0.791579    1.000000    17.916610   45.270005   33.188296   1.856835    0.791579    8.998970    0.105383    0.418202    0.000000    0.000050    0.000500    0.000005    0.000500    0.000500    0.000005    0.000050    0.000050    0.862947    15.708338  
[37m[36mINFO[0m[0m 08/07 02:09:57 | 0.762723    0.770701    0.000000    0.955804    0.195325    0.931540    0.965812    0.970060    0.762723    0.770701    2200        52.694611   7.780899    0.016291    0.640706    0.480541    -5.632805   0.500000    11.785920   6.300980    21.000000   0.480118    0.359401    0.983023    0.969235    0.016291    3.367114    3.812636    7.139712    0.640706    0.000481    33.038611   0.793677    1.000000    18.055277   45.267582   33.038611   1.833512    0.793677    7.525139    0.104260    0.324775    0.000000    0.000050    0.000500    0.000005    0.000500    0.000500    0.000005    0.000050    0.000050    0.817599    15.575233  
[37m[36mINFO[0m[0m 08/07 02:11:38 | 0.756997    0.745223    0.000000    0.962424    0.170201    0.936430    0.965812    0.985030    0.756997    0.745223    2300        55.089820   7.746435    0.006304    0.641155    0.441978    -5.750104   0.500000    11.739220   6.293360    21.000000   0.441513    0.358951    0.984066    0.970356    0.006304    3.353623    3.802412    7.104838    0.641155    0.000442    33.160650   0.792974    1.000000    17.789644   45.266428   33.160650   1.867889    0.792974    4.739578    0.103030    0.140054    0.000000    0.000050    0.000500    0.000005    0.000500    0.000500    0.000005    0.000050    0.000050    0.817717    16.298944  
[37m[36mINFO[0m[0m 08/07 02:13:16 | 0.691794    0.700637    0.000000    0.955648    0.202826    0.941320    0.946581    0.979042    0.691794    0.700637    2400        57.485030   7.765702    0.013181    0.639572    0.397017    -5.861216   0.500000    11.807368   6.274402    21.000000   0.396714    0.360534    0.982658    0.967798    0.013181    3.366855    3.804309    7.125733    0.639572    0.000397    33.456141   0.790723    1.000000    17.420440   45.265626   33.456141   1.924350    0.790723    7.550922    0.103600    0.267401    0.000000    0.000050    0.000500    0.000005    0.000500    0.000500    0.000005    0.000050    0.000050    0.778661    14.640046  
[37m[36mINFO[0m[0m 08/07 02:13:16 | SWAD valley is dead -> early stop !
[37m[36mINFO[0m[0m 08/07 02:13:16 | ---
[37m[33mWARNING[0m[0m 08/07 02:13:16 | Evaluate SWAD ...
[37m[36mINFO[0m[0m 08/07 02:13:31 | 0.808524    0.811465    0.000000    0.983547    0.070332    0.977995    0.978632    0.994012    0.808524    0.811465    [201-1800]  (N=17)
[37m[36mINFO[0m[0m 08/07 02:13:31 | oracle = 80.439%
[37m[36mINFO[0m[0m 08/07 02:13:31 | iid = 77.926%
[37m[36mINFO[0m[0m 08/07 02:13:31 | last = 69.179%
[37m[36mINFO[0m[0m 08/07 02:13:31 | last (inD) = 95.565%
[37m[36mINFO[0m[0m 08/07 02:13:31 | iid (inD) = 97.204%
[37m[36mINFO[0m[0m 08/07 02:13:31 | SWAD = 80.852%
[37m[36mINFO[0m[0m 08/07 02:13:31 | SWAD (inD) = 98.355%
[37m[36mINFO[0m[0m 08/07 02:13:32 | === Summary ===
[37m[36mINFO[0m[0m 08/07 02:13:32 | Command: train_all.py pacs_piccl_isr_1 --algorithm PICCL --data_dir /home/hooasia/lgg/data/repro_dccl_data --output_root train_output/PACS_piccl_loss --steps 5000 --checkpoint_freq 100 --deterministic --piccl_isr_weight 1.0 --piccl_gt_mode keep
[37m[36mINFO[0m[0m 08/07 02:13:32 | Unique name: 260806_22-50-12_pacs_piccl_isr_1
[37m[36mINFO[0m[0m 08/07 02:13:32 | Out path: train_output/PACS_piccl_loss/260806_22-50-12_pacs_piccl_isr_1
[37m[36mINFO[0m[0m 08/07 02:13:32 | Algorithm: PICCL
[37m[36mINFO[0m[0m 08/07 02:13:32 | Dataset: PACS
+------------+---------+---------+---------+---------+---------+
| Selection  |   env0  |   env1  |   env2  |   env3  |   Avg.  |
+------------+---------+---------+---------+---------+---------+
|   oracle   | 86.089% | 84.168% | 97.754% | 80.439% | 87.113% |
|    iid     | 86.821% | 84.275% | 97.680% | 77.926% | 86.676% |
|    last    | 83.649% | 83.049% | 96.856% | 69.179% | 83.183% |
| last (inD) | 96.063% | 95.659% | 95.322% | 95.565% | 95.652% |
| iid (inD)  | 97.414% | 96.901% | 97.085% | 97.204% | 97.151% |
|    SWAD    | 90.665% | 83.955% | 98.578% | 80.852% | 88.513% |
| SWAD (inD) | 98.154% | 97.806% | 97.209% | 98.355% | 97.881% |
+------------+---------+---------+---------+---------+---------+
