[37m[36mINFO[0m[0m 09/01 10:02:30 | Command :: train_all.py pacs_stochastic_diverse_prompts --dataset PACS --algorithm CIPTDCCL --data_dir /home/hooasia/lgg/data/repro_dccl_data --deterministic --trial_seed 0 --seed 0 --checkpoint_freq 100 --cipt_clip_path /home/hooasia/.cache/clip/ViT-B-16.pt --cipt_beta 4 --cipt_gamma 5 --cipt_k 4 --cipt_prompt_length 16 --cipt_prompt_init a photo of a --cipt_template_mode b5c --cipt_prompt_temperature 0.1 --cipt_causal_contrastive_weight 1 --cipt_contrastive_warmup_steps 500 --cipt_aug_decomp_weight 0.5 --output_root train_output/PACS_stochastic_diverse
Environment:
	Python: 3.10.20
	PyTorch: 2.5.1+cu121
	Torchvision: 0.20.1+cu121
	CUDA: 12.1
	CUDNN: 90100
	NumPy: 2.2.6
	PIL: 12.0.0
Args:
	TN: False
	algorithm: CIPTDCCL
	aug: 0
	checkpoint_freq: 100
	cipt_beta: 4.0
	cipt_clip_backbone: ViT-B/16
	cipt_clip_path: /home/hooasia/.cache/clip/ViT-B-16.pt
	cipt_contrastive_weight: 1.0
	cipt_debug_shapes: False
	cipt_enabled: True
	cipt_gamma: 5.0
	cipt_k: 4
	cipt_prompt_init: a photo of a
	cipt_prompt_length: 16
	cipt_tda_heads: 1
	configs: []
	data_dir: /home/hooasia/lgg/data/repro_dccl_data
	dataset: PACS
	debug: False
	deterministic: True
	domainnet_auto_source_count: 3
	erm_baseline: weak
	evalmode: fast
	holdout_fraction: 0.2
	l: 1
	l_d: None
	l_layer: None
	label_ratio: 1.0
	lamda: 5
	log: False
	mix: 0
	model: resnet50
	model_save: None
	n_layer: 1
	name: pacs_stochastic_diverse_prompts
	out_dir: train_output/PACS_stochastic_diverse/PACS/260901_10-02-30_pacs_stochastic_diverse_prompts
	out_root: train_output/PACS_stochastic_diverse/PACS
	output_root: train_output/PACS_stochastic_diverse
	pos_mask: False
	prebuild_loader: False
	re_w: False
	sample_d: False
	seed: 0
	show: False
	source_envs: None
	start_epoch: 1000
	steps: None
	sup: True
	t: 0.1
	t_pre: 0.2
	target_env: None
	tb_freq: 10
	test_envs: None
	trial_seed: 0
	two_ce: False
	unique_name: 260901_10-02-30_pacs_stochastic_diverse_prompts
	weak_erm: False
	work_dir: .
HParams:
	data_augmentation: True
	val_augment: False
	resnet18: False
	resnet_dropout: 0.0
	class_balanced: False
	optimizer: adam
	cipt_enabled: True
	cipt_clip_backbone: ViT-B/16
	cipt_clip_path: /home/hooasia/.cache/clip/ViT-B-16.pt
	cipt_beta: 4.0
	cipt_gamma: 5.0
	cipt_k: 4
	cipt_prompt_length: 16
	cipt_prompt_init: a photo of a
	[36mcipt_template_mode: b5c
	[0mcipt_tda_heads: 1
	cipt_contrastive_weight: 1.0
	cipt_debug_shapes: False
	freeze_bn: True
	pretrained: True
	lr: 5e-05
	batch_size: 32
	weight_decay: 0.0
	t: 0.1
	t_pre: 0.2
	l: 1
	l_d: 0.01
	l_layer: 1
	n_layer: 1
	sup: True
	two_ce: False
	sample_d: False
	re_w: False
	pos_mask: False
	mix: 0
	aug: 0
	model: resnet50
	label_ratio: 1.0
	TN: False
	lamda: 5
	start_epoch: 1000
	log: False
	swad: None
	swad_kwargs: 
	  n_converge: 3
	  n_tolerance: 6
	  tolerance_ratio: 0.3
	test_batchsize: 128
	indomain_test: False
	cipt_pure: False
	[36mcipt_prompt_temperature: 0.1
	[0m[36mcipt_causal_contrastive_weight: 1
	[0m[36mcipt_contrastive_warmup_steps: 500
	[0m[36mcipt_aug_decomp_weight: 0.5[0m
Dataset:
	[PACS] #envs=4, #classes=7
	env0: art_painting (#2048)
	env1: cartoon (#2344)
	env2: photo (#1670)
	env3: sketch (#3929)

[37m[36mINFO[0m[0m 09/01 10:02:35 | n_steps = 5001
[37m[36mINFO[0m[0m 09/01 10:02:35 | checkpoint_freq = 100
[37m[36mINFO[0m[0m 09/01 10:02:35 | n_steps is updated to 5001 => 5001 for checkpointing
[37m[36mINFO[0m[0m 09/01 10:02:35 | Target test envs = [[0], [1], [2], [3]]
[37m[36mINFO[0m[0m 09/01 10:02:35 | 
[37m[36mINFO[0m[0m 09/01 10:02:39 | Testenv name escaping te_art_painting -> te_art_painting
[37m[36mINFO[0m[0m 09/01 10:02:39 | Test envs = [0], name = te_art_painting
[37m[36mINFO[0m[0m 09/01 10:02:39 | Batch sizes for each domain: [0, 32, 32, 32] (total=96)
[37m[36mINFO[0m[0m 09/01 10:02:39 | steps-per-epoch for each domain: 58.62, 41.75, 98.25 -> min = 41.75
[37m[36mINFO[0m[0m 09/01 10:03:08 | # of params = 151206401
[37m[36mINFO[0m[0m 09/01 10:03:32 | test_in     test_out    train_in    train_out   tr_outloss  env0_in     env0_out    env1_out    env2_out    env3_out    step        epoch       total_loss  cipt_base_  cipt_cls_l  cipt_de_lo  cipt_de_or  cipt_de_au  aug_decomp  cipt_ind_l  causal_con  dccl_contr  contrastiv  pre_cl_los  reg_loss    mean_e_nor  mean_e_aug  mean_e_aug  mean_s_nor  mean_s_aug  mean_es_co  mean_e_aug  step_time   eval_time  
[37m[36mINFO[0m[0m 09/01 10:03:32 | 0.768761    0.789731    0.000000    0.927321    0.752111    0.768761    0.789731    0.901709    1.000000    0.880255    0           0.000000    11.517301   8.763489    0.785909    1.369395    1.369395    1.372189    2.000000    0.500000    0.000000    4.717150    0.002000    0.000000    0.000000    1.000000    1.000000    0.943299    1.000000    1.000000    1.000000    1.000000    1.289407    23.041529  
[37m[36mINFO[0m[0m 09/01 10:05:06 | 0.977425    0.975550    0.000000    0.975783    0.081718    0.977425    0.975550    0.993590    1.000000    0.933758    100         2.395210    5.705282    4.320156    0.251732    0.449333    0.449333    0.462929    2.000000    0.454218    0.000000    4.510352    0.103000    0.000000    0.000000    0.974448    0.974941    0.934662    1.038755    1.037890    0.952221    0.954103    0.704411    22.570165  
[37m[36mINFO[0m[0m 09/01 10:06:37 | 0.978035    0.982885    0.000000    0.979467    0.066342    0.978035    0.982885    0.995726    1.000000    0.942675    200         4.790419    3.331067    1.788568    0.067516    0.103182    0.103182    0.118064    2.000000    0.261665    0.000000    4.318943    0.303000    0.000000    0.000000    0.961674    0.960485    0.933542    1.147364    1.142177    0.707130    0.722798    0.687705    21.801641  
[37m[36mINFO[0m[0m 09/01 10:08:11 | 0.977425    0.980440    0.000000    0.980179    0.064695    0.977425    0.980440    0.997863    1.000000    0.942675    300         7.185629    3.056332    0.758753    0.057798    0.073190    0.073190    0.085700    2.000000    0.081639    0.000000    4.230095    0.503000    0.000000    0.000000    1.022116    1.012717    0.940286    1.278114    1.265033    0.352438    0.391371    0.675879    27.117872  
[37m[36mINFO[0m[0m 09/01 10:09:43 | 0.979256    0.985330    0.000000    0.981029    0.063932    0.979256    0.985330    0.997863    1.000000    0.945223    400         9.580838    3.488795    0.439673    0.049423    0.058831    0.058831    0.072250    2.000000    0.030985    0.000000    4.134006    0.703000    0.000000    0.000000    1.060679    1.043260    0.944356    1.368471    1.346927    0.174938    0.232243    0.687561    22.050460  
[37m[36mINFO[0m[0m 09/01 10:11:14 | 0.976815    0.980440    0.000000    0.983576    0.057272    0.976815    0.980440    0.997863    1.000000    0.952866    500         11.976048   4.179127    0.391749    0.060877    0.060920    0.060920    0.073923    2.000000    0.017438    0.000000    4.032453    0.902980    0.000000    0.000000    1.064458    1.042674    0.944819    1.424125    1.397484    0.111941    0.178783    0.699652    20.853690  
[37m[36mINFO[0m[0m 09/01 10:12:47 | 0.979866    0.982885    0.000000    0.982303    0.059020    0.979866    0.982885    0.997863    1.000000    0.949045    600         14.371257   4.333715    0.284568    0.044314    0.046373    0.046373    0.062154    2.000000    0.010952    0.000000    3.924840    1.000000    0.000000    0.000000    1.056401    1.032739    0.945075    1.469839    1.438102    0.081910    0.155036    0.691912    23.185829  
[37m[36mINFO[0m[0m 09/01 10:14:19 | 0.981086    0.980440    0.000000    0.983714    0.055746    0.981086    0.980440    0.995726    1.000000    0.955414    700         16.766467   4.267271    0.289782    0.049099    0.050614    0.050614    0.062426    2.000000    0.007646    0.000000    3.852636    1.000000    0.000000    0.000000    1.051068    1.026650    0.945723    1.505570    1.470572    0.064472    0.140003    0.676879    24.174337  
[37m[36mINFO[0m[0m 09/01 10:15:51 | 0.979256    0.982885    0.000000    0.981029    0.061655    0.979256    0.982885    0.997863    1.000000    0.945223    800         19.161677   4.199553    0.272737    0.048427    0.048957    0.048957    0.059357    2.000000    0.005696    0.000000    3.808101    1.000000    0.000000    0.000000    1.048194    1.023600    0.944474    1.535529    1.497667    0.049119    0.125801    0.705093    21.795247  
[37m[36mINFO[0m[0m 09/01 10:17:22 | 0.979256    0.985330    0.000000    0.981029    0.062972    0.979256    0.985330    0.997863    1.000000    0.945223    900         21.556886   4.102854    0.237531    0.042774    0.043338    0.043338    0.055900    2.000000    0.004281    0.000000    3.753522    1.000000    0.000000    0.000000    1.049354    1.024852    0.945747    1.560798    1.520849    0.036547    0.112748    0.690681    22.342585  
[37m[36mINFO[0m[0m 09/01 10:18:56 | 0.976815    0.985330    0.000000    0.983152    0.053916    0.976815    0.985330    0.997863    1.000000    0.951592    1000        23.952096   4.089945    0.236726    0.044243    0.043617    0.043617    0.056212    2.000000    0.003603    0.000000    3.740795    1.000000    0.000000    0.000000    1.050607    1.026357    0.945953    1.579981    1.537541    0.027412    0.104181    0.693371    23.899555  
[37m[36mINFO[0m[0m 09/01 10:20:26 | 0.979256    0.982885    0.000000    0.982303    0.056827    0.979256    0.982885    0.997863    1.000000    0.949045    1100        26.347305   4.042293    0.220269    0.040648    0.041023    0.041023    0.051396    2.000000    0.003106    0.000000    3.719232    1.000000    0.000000    0.000000    1.052272    1.029505    0.946220    1.598239    1.555455    0.020757    0.094415    0.682567    22.455180  
[37m[36mINFO[0m[0m 09/01 10:21:57 | 0.979866    0.982885    0.000000    0.983576    0.053529    0.979866    0.982885    0.997863    1.000000    0.952866    1200        28.742515   4.036237    0.229656    0.042440    0.043358    0.043358    0.054272    2.000000    0.002757    0.000000    3.698038    1.000000    0.000000    0.000000    1.058589    1.036250    0.947633    1.612143    1.567450    0.015704    0.088329    0.678902    23.177307  
[37m[36mINFO[0m[0m 09/01 10:23:30 | 0.978035    0.985330    0.000000    0.984426    0.053603    0.978035    0.985330    0.997863    1.000000    0.955414    1300        31.137725   3.985919    0.204016    0.038002    0.038469    0.038469    0.049060    2.000000    0.002427    0.000000    3.683783    1.000000    0.000000    0.000000    1.060569    1.040080    0.948556    1.626690    1.581184    0.011328    0.082074    0.703253    21.777124  
[37m[36mINFO[0m[0m 09/01 10:25:01 | 0.979256    0.980440    0.000000    0.984426    0.051172    0.979256    0.980440    0.997863    1.000000    0.955414    1400        33.532934   3.940839    0.183813    0.034214    0.034701    0.034701    0.047891    2.000000    0.002159    0.000000    3.661245    1.000000    0.000000    0.000000    1.063196    1.043417    0.949140    1.637653    1.591592    0.008955    0.077892    0.690610    22.825954  
[37m[36mINFO[0m[0m 09/01 10:26:34 | 0.976815    0.982885    0.000000    0.985275    0.050837    0.976815    0.982885    0.997863    1.000000    0.957962    1500        35.928144   3.898915    0.166770    0.031346    0.031361    0.031361    0.043100    2.000000    0.001996    0.000000    3.645945    1.000000    0.000000    0.000000    1.066194    1.047868    0.949877    1.648217    1.601412    0.007502    0.074573    0.685394    23.774324  
[37m[36mINFO[0m[0m 09/01 10:28:05 | 0.976815    0.982885    0.000000    0.983576    0.048139    0.976815    0.982885    0.997863    1.000000    0.952866    1600        38.323353   3.914892    0.184760    0.035544    0.034995    0.034995    0.044839    2.000000    0.001847    0.000000    3.640454    1.000000    0.000000    0.000000    1.071264    1.053060    0.949938    1.657908    1.610812    0.005333    0.070654    0.706045    21.059023  
[37m[36mINFO[0m[0m 09/01 10:29:37 | 0.978646    0.982885    0.000000    0.982303    0.051235    0.978646    0.982885    0.997863    1.000000    0.949045    1700        40.718563   3.937345    0.201677    0.038805    0.038552    0.038552    0.049306    2.000000    0.001733    0.000000    3.637056    1.000000    0.000000    0.000000    1.077826    1.059684    0.951073    1.665452    1.616453    0.003001    0.067879    0.684476    22.831281  
[37m[36mINFO[0m[0m 09/01 10:31:08 | 0.979256    0.982885    0.000000    0.985700    0.050400    0.979256    0.982885    0.997863    1.000000    0.959236    1800        43.113772   3.896661    0.172645    0.033028    0.032832    0.032832    0.047014    2.000000    0.001658    0.000000    3.629988    1.000000    0.000000    0.000000    1.080411    1.063875    0.951512    1.673276    1.623980    0.003581    0.066610    0.689778    22.234490  
[37m[36mINFO[0m[0m 09/01 10:32:40 | 0.979866    0.982885    0.000000    0.985700    0.050145    0.979866    0.982885    0.997863    1.000000    0.959236    1900        45.508982   3.852672    0.158263    0.030548    0.029978    0.029978    0.042942    2.000000    0.001561    0.000000    3.608526    1.000000    0.000000    0.000000    1.086472    1.070212    0.952688    1.681208    1.631271    0.002113    0.064120    0.697744    22.110312  
[37m[36mINFO[0m[0m 09/01 10:34:12 | 0.979866    0.982885    0.000000    0.984426    0.049050    0.979866    0.982885    0.997863    1.000000    0.955414    2000        47.904192   3.839520    0.153846    0.029645    0.029218    0.029218    0.041107    2.000000    0.001466    0.000000    3.603459    1.000000    0.000000    0.000000    1.091275    1.076520    0.953197    1.684216    1.635322    0.001942    0.061446    0.685270    23.279555  
[37m[36mINFO[0m[0m 09/01 10:35:43 | 0.979256    0.975550    0.000000    0.983576    0.050974    0.979256    0.975550    0.997863    1.000000    0.952866    2100        50.299401   3.841411    0.156897    0.030405    0.029900    0.029900    0.042317    2.000000    0.001378    0.000000    3.599881    1.000000    0.000000    0.000000    1.095084    1.080659    0.953901    1.692454    1.641778    0.001070    0.059871    0.694926    21.979706  
[37m[36mINFO[0m[0m 09/01 10:37:15 | 0.978646    0.977995    0.000000    0.985700    0.044614    0.978646    0.977995    0.997863    1.000000    0.959236    2200        52.694611   3.809886    0.140611    0.027233    0.026711    0.026711    0.039378    2.000000    0.001307    0.000000    3.590518    1.000000    0.000000    0.000000    1.100569    1.086867    0.953975    1.696620    1.647037    0.001599    0.058793    0.702094    21.431490  
[37m[36mINFO[0m[0m 09/01 10:38:47 | 0.978035    0.980440    0.000000    0.984001    0.045851    0.978035    0.980440    0.997863    1.000000    0.954140    2300        55.089820   3.807533    0.140223    0.026789    0.026823    0.026823    0.036795    2.000000    0.001228    0.000000    3.593719    1.000000    0.000000    0.000000    1.101191    1.088375    0.954277    1.705993    1.654739    0.001390    0.058006    0.696088    22.633992  
[37m[36mINFO[0m[0m 09/01 10:40:20 | 0.972544    0.980440    0.000000    0.984850    0.045941    0.972544    0.980440    0.997863    1.000000    0.956688    2400        57.485030   3.795146    0.136379    0.027559    0.025734    0.025734    0.038586    2.000000    0.001177    0.000000    3.581594    1.000000    0.000000    0.000000    1.104364    1.091574    0.954565    1.709928    1.658779    0.001027    0.056236    0.693922    23.017669  
[37m[36mINFO[0m[0m 09/01 10:41:51 | 0.979866    0.977995    0.000000    0.983152    0.049633    0.979866    0.977995    0.997863    1.000000    0.951592    2500        59.880240   3.803294    0.139817    0.027598    0.026682    0.026682    0.042001    2.000000    0.001098    0.000000    3.579475    1.000000    0.000000    0.000000    1.110618    1.097703    0.955159    1.715070    1.662055    -0.000098   0.055290    0.685147    22.509299  
[37m[36mINFO[0m[0m 09/01 10:43:21 | 0.977425    0.975550    0.000000    0.983576    0.046671    0.977425    0.975550    0.997863    1.000000    0.952866    2600        62.275449   3.748269    0.114692    0.022496    0.021771    0.021771    0.034785    2.000000    0.001022    0.000000    3.564006    1.000000    0.000000    0.000000    1.114094    1.102685    0.955671    1.721131    1.668590    -0.000128   0.053625    0.670915    23.127800  
[37m[36mINFO[0m[0m 09/01 10:44:52 | 0.977425    0.975550    0.000000    0.985275    0.042621    0.977425    0.975550    0.997863    1.000000    0.957962    2700        64.670659   3.806588    0.143620    0.028287    0.027594    0.027594    0.043501    2.000000    0.000991    0.000000    3.575965    1.000000    0.000000    0.000000    1.118272    1.106416    0.956294    1.725211    1.672920    0.000457    0.052407    0.686205    22.054224  
[37m[36mINFO[0m[0m 09/01 10:46:26 | 0.976815    0.977995    0.000000    0.984426    0.048947    0.976815    0.977995    0.997863    1.000000    0.955414    2800        67.065868   3.795154    0.134354    0.026553    0.025742    0.025742    0.040782    2.000000    0.000967    0.000000    3.579236    1.000000    0.000000    0.000000    1.121965    1.109951    0.956213    1.728998    1.677408    0.000011    0.050814    0.710042    23.451654  
[37m[36mINFO[0m[0m 09/01 10:47:57 | 0.973764    0.975550    0.000000    0.985700    0.046532    0.973764    0.975550    0.997863    1.000000    0.959236    2900        69.461078   3.766061    0.127939    0.025147    0.024571    0.024571    0.037116    2.000000    0.000901    0.000000    3.563891    1.000000    0.000000    0.000000    1.128214    1.117226    0.957258    1.736503    1.684007    -0.000102   0.050066    0.683074    22.894682  
[37m[36mINFO[0m[0m 09/01 10:49:28 | 0.975595    0.973105    0.000000    0.985275    0.039843    0.975595    0.973105    0.997863    1.000000    0.957962    3000        71.856287   3.785466    0.136033    0.026399    0.026302    0.026302    0.040445    2.000000    0.000885    0.000000    3.568542    1.000000    0.000000    0.000000    1.131300    1.121212    0.957170    1.738885    1.686150    0.000239    0.049595    0.687703    21.864319  
[37m[36mINFO[0m[0m 09/01 10:50:59 | 0.977425    0.977995    0.000000    0.985275    0.048016    0.977425    0.977995    0.997863    1.000000    0.957962    3100        74.251497   3.750776    0.109804    0.021765    0.021001    0.021001    0.038282    2.000000    0.000807    0.000000    3.564409    1.000000    0.000000    0.000000    1.135139    1.124916    0.958015    1.743649    1.690299    -0.000674   0.048404    0.690052    22.172086  
[37m[36mINFO[0m[0m 09/01 10:52:31 | 0.973764    0.973105    0.000000    0.984426    0.043328    0.973764    0.973105    0.997863    1.000000    0.955414    3200        76.646707   3.743065    0.114881    0.022542    0.022103    0.022103    0.035509    2.000000    0.000785    0.000000    3.557166    1.000000    0.000000    0.000000    1.136997    1.126891    0.958233    1.748303    1.694142    -0.000191   0.048639    0.683117    23.732884  
[37m[36mINFO[0m[0m 09/01 10:54:03 | 0.974375    0.973105    0.000000    0.985275    0.039505    0.974375    0.973105    0.997863    1.000000    0.957962    3300        79.041916   3.768551    0.127306    0.025160    0.024570    0.024570    0.038722    2.000000    0.000774    0.000000    3.563800    1.000000    0.000000    0.000000    1.140417    1.131729    0.958472    1.753571    1.699827    0.000957    0.048237    0.695115    22.574013  
[37m[36mINFO[0m[0m 09/01 10:55:35 | 0.974375    0.975550    0.000000    0.985700    0.046255    0.974375    0.975550    0.997863    1.000000    0.959236    3400        81.437126   3.725790    0.107004    0.020827    0.020627    0.020627    0.035084    2.000000    0.000734    0.000000    3.548618    1.000000    0.000000    0.000000    1.146603    1.136695    0.959068    1.760231    1.704854    -0.000293   0.046964    0.683879    22.778758  
[37m[36mINFO[0m[0m 09/01 10:57:09 | 0.974375    0.973105    0.000000    0.984138    0.042973    0.974375    0.973105    0.995726    1.000000    0.956688    3500        83.832335   3.708906    0.095672    0.018935    0.018308    0.018308    0.030420    2.000000    0.000701    0.000000    3.552395    1.000000    0.000000    0.000000    1.146652    1.137534    0.958988    1.764883    1.711395    0.000175    0.045845    0.703407    24.233285  
[37m[36mINFO[0m[0m 09/01 10:58:42 | 0.976815    0.975550    0.000000    0.984850    0.045797    0.976815    0.975550    0.997863    1.000000    0.956688    3600        86.227545   3.735086    0.109891    0.021559    0.021234    0.021234    0.036881    2.000000    0.000679    0.000000    3.551432    1.000000    0.000000    0.000000    1.152974    1.144258    0.960027    1.766504    1.713162    0.000065    0.044592    0.706277    22.319137  
[37m[36mINFO[0m[0m 09/01 11:00:13 | 0.981086    0.975550    0.000000    0.984001    0.054630    0.981086    0.975550    0.997863    1.000000    0.954140    3700        88.622754   3.728329    0.108761    0.021236    0.021037    0.021037    0.034800    2.000000    0.000675    0.000000    3.549968    1.000000    0.000000    0.000000    1.155893    1.146899    0.959914    1.773221    1.718798    -0.000636   0.043571    0.686733    22.509281  
[37m[36mINFO[0m[0m 09/01 11:01:45 | 0.978035    0.977995    0.000000    0.984426    0.050272    0.978035    0.977995    0.997863    1.000000    0.955414    3800        91.017964   3.730705    0.110411    0.022390    0.021214    0.021214    0.036154    2.000000    0.000633    0.000000    3.547986    1.000000    0.000000    0.000000    1.155694    1.148514    0.960376    1.776850    1.722523    -0.000461   0.043280    0.692863    22.116254  
[37m[36mINFO[0m[0m 09/01 11:03:19 | 0.976205    0.975550    0.000000    0.984001    0.042902    0.976205    0.975550    0.997863    1.000000    0.954140    3900        93.413174   3.718195    0.099413    0.019791    0.019118    0.019118    0.035978    2.000000    0.000630    0.000000    3.546826    1.000000    0.000000    0.000000    1.158118    1.150434    0.960437    1.778816    1.723804    0.000254    0.043752    0.694925    24.627123  
[37m[36mINFO[0m[0m 09/01 11:04:50 | 0.970714    0.973105    0.000000    0.985275    0.050049    0.970714    0.973105    0.997863    1.000000    0.957962    4000        95.808383   3.692736    0.095999    0.018485    0.018645    0.018645    0.031309    2.000000    0.000587    0.000000    3.534120    1.000000    0.000000    0.000000    1.166512    1.158295    0.960826    1.784390    1.728856    0.000087    0.042809    0.685784    21.906043  
[37m[36mINFO[0m[0m 09/01 11:06:09 | 0.973154    0.970660    0.000000    0.984850    0.041740    0.973154    0.970660    0.997863    1.000000    0.956688    4100        98.203593   3.715774    0.107136    0.021919    0.020625    0.020625    0.035615    2.000000    0.000544    0.000000    3.537407    1.000000    0.000000    0.000000    1.167042    1.159356    0.960807    1.789665    1.733954    0.000076    0.042281    0.569856    22.767518  
[37m[36mINFO[0m[0m 09/01 11:07:27 | 0.977425    0.977995    0.000000    0.984713    0.050790    0.977425    0.977995    1.000000    1.000000    0.954140    4200        100.598802  3.706463    0.105729    0.021398    0.020412    0.020412    0.031884    2.000000    0.000536    0.000000    3.536966    1.000000    0.000000    0.000000    1.167771    1.160522    0.961650    1.791050    1.735620    -0.000001   0.041787    0.563093    21.423222  
[37m[36mINFO[0m[0m 09/01 11:08:52 | 0.979256    0.975550    0.000000    0.984850    0.045061    0.979256    0.975550    0.997863    1.000000    0.956688    4300        102.994012  3.695574    0.097958    0.019463    0.018962    0.018962    0.032565    2.000000    0.000529    0.000000    3.532486    1.000000    0.000000    0.000000    1.168992    1.162809    0.961635    1.795314    1.738261    0.000442    0.042551    0.611496    23.267941  
[37m[36mINFO[0m[0m 09/01 11:10:24 | 0.974985    0.973105    0.000000    0.984713    0.046013    0.974985    0.973105    1.000000    1.000000    0.954140    4400        105.389222  3.660643    0.079799    0.016173    0.015268    0.015268    0.028652    2.000000    0.000511    0.000000    3.523541    1.000000    0.000000    0.000000    1.172659    1.166083    0.961745    1.800637    1.743440    -0.000016   0.041141    0.702112    22.319651  
[37m[36mINFO[0m[0m 09/01 11:11:56 | 0.978035    0.977995    0.000000    0.983152    0.049563    0.978035    0.977995    0.997863    1.000000    0.951592    4500        107.784431  3.684670    0.083568    0.016141    0.016222    0.016222    0.034759    2.000000    0.000507    0.000000    3.531583    1.000000    0.000000    0.000000    1.173416    1.165903    0.961448    1.802292    1.744938    0.000026    0.041012    0.690781    22.949060  
[37m[36mINFO[0m[0m 09/01 11:13:29 | 0.975595    0.975550    0.000000    0.985138    0.043421    0.975595    0.975550    1.000000    1.000000    0.955414    4600        110.179641  3.682676    0.088303    0.017319    0.017139    0.017139    0.033852    2.000000    0.000486    0.000000    3.526669    1.000000    0.000000    0.000000    1.178397    1.171104    0.961897    1.809742    1.751713    -0.000564   0.040029    0.679803    24.869453  
[37m[36mINFO[0m[0m 09/01 11:15:01 | 0.973154    0.970660    0.000000    0.986124    0.041483    0.973154    0.970660    0.997863    1.000000    0.960510    4700        112.574850  3.681527    0.096609    0.019662    0.018645    0.018645    0.029885    2.000000    0.000473    0.000000    3.525148    1.000000    0.000000    0.000000    1.180443    1.172128    0.962294    1.813423    1.755871    0.000030    0.039993    0.694098    22.107658  
[37m[36mINFO[0m[0m 09/01 11:16:31 | 0.974985    0.977995    0.000000    0.983864    0.051966    0.974985    0.977995    1.000000    1.000000    0.951592    4800        114.970060  3.672337    0.088152    0.017646    0.017052    0.017052    0.031584    2.000000    0.000460    0.000000    3.521017    1.000000    0.000000    0.000000    1.186353    1.179366    0.963102    1.815698    1.757704    -0.000038   0.039584    0.683251    21.977613  
[37m[36mINFO[0m[0m 09/01 11:18:02 | 0.975595    0.975550    0.000000    0.985563    0.050104    0.975595    0.975550    1.000000    1.000000    0.956688    4900        117.365269  3.693209    0.089560    0.017975    0.017342    0.017342    0.035025    2.000000    0.000443    0.000000    3.533598    1.000000    0.000000    0.000000    1.185969    1.178565    0.962771    1.820366    1.760142    -0.000173   0.040169    0.683399    22.475307  
[37m[36mINFO[0m[0m 09/01 11:19:36 | 0.973764    0.977995    0.000000    0.985987    0.046886    0.973764    0.977995    1.000000    1.000000    0.957962    5000        119.760479  3.661116    0.081083    0.015982    0.015756    0.015756    0.030420    2.000000    0.000415    0.000000    3.519193    1.000000    0.000000    0.000000    1.192616    1.185236    0.963232    1.823365    1.766336    0.000011    0.038084    0.691713    24.715924  
[37m[36mINFO[0m[0m 09/01 11:19:36 | ---
[37m[36mINFO[0m[0m 09/01 11:19:36 | oracle = 97.926%
[37m[36mINFO[0m[0m 09/01 11:19:36 | iid = 97.315%
[37m[36mINFO[0m[0m 09/01 11:19:36 | last = 97.376%
[37m[36mINFO[0m[0m 09/01 11:19:36 | last (inD) = 98.599%
[37m[36mINFO[0m[0m 09/01 11:19:36 | iid (inD) = 98.612%
[37m[36mINFO[0m[0m 09/01 11:19:36 | 
[37m[36mINFO[0m[0m 09/01 11:19:40 | Testenv name escaping te_cartoon -> te_cartoon
[37m[36mINFO[0m[0m 09/01 11:19:40 | Test envs = [1], name = te_cartoon
[37m[36mINFO[0m[0m 09/01 11:19:40 | Batch sizes for each domain: [32, 0, 32, 32] (total=96)
[37m[36mINFO[0m[0m 09/01 11:19:40 | steps-per-epoch for each domain: 51.22, 41.75, 98.25 -> min = 41.75
[37m[36mINFO[0m[0m 09/01 11:20:05 | # of params = 151206401
[37m[36mINFO[0m[0m 09/01 11:20:30 | test_in     test_out    train_in    train_out   tr_outloss  env0_out    env1_in     env1_out    env2_out    env3_out    step        epoch       total_loss  cipt_base_  cipt_cls_l  cipt_de_lo  cipt_de_or  cipt_de_au  aug_decomp  cipt_ind_l  causal_con  dccl_contr  contrastiv  pre_cl_los  reg_loss    mean_e_nor  mean_e_aug  mean_e_aug  mean_s_nor  mean_s_aug  mean_es_co  mean_e_aug  step_time   eval_time  
[37m[36mINFO[0m[0m 09/01 11:20:30 | 0.964819    0.957265    0.000000    0.929540    0.551089    0.907090    0.964819    0.957265    1.000000    0.881529    0           0.000000    15.054612   11.118642   0.670075    1.987142    1.987142    1.963012    2.000000    0.500000    0.000000    4.973635    0.002000    0.000000    0.000000    1.000000    1.000000    0.930133    1.000000    1.000000    1.000000    1.000000    0.668518    24.510882  
[37m[36mINFO[0m[0m 09/01 11:22:05 | 0.984542    0.989316    0.000000    0.971468    0.104339    0.975550    0.984542    0.989316    1.000000    0.938854    100         2.395210    6.252014    4.705826    0.311517    0.506098    0.506098    0.534357    2.000000    0.473983    0.000000    4.677057    0.103000    0.000000    0.000000    0.976235    0.977264    0.923298    1.026245    1.024240    0.973383    0.974493    0.699767    24.376500  
[37m[36mINFO[0m[0m 09/01 11:23:38 | 0.989872    0.991453    0.000000    0.973522    0.077237    0.980440    0.989872    0.991453    1.000000    0.940127    200         4.790419    4.089797    2.430185    0.085967    0.128020    0.128020    0.150385    2.000000    0.366427    0.000000    4.494724    0.303000    0.000000    0.000000    0.944664    0.947656    0.920876    1.098823    1.091988    0.852470    0.861697    0.680565    25.480947  
[37m[36mINFO[0m[0m 09/01 11:25:11 | 0.992537    0.993590    0.000000    0.976036    0.070319    0.982885    0.992537    0.993590    1.000000    0.945223    300         7.185629    3.667170    1.261910    0.072077    0.090059    0.090059    0.107814    2.000000    0.165920    0.000000    4.357196    0.503000    0.000000    0.000000    0.964041    0.963637    0.924504    1.216328    1.198295    0.551886    0.590499    0.699598    22.603084  
[37m[36mINFO[0m[0m 09/01 11:26:44 | 0.988273    0.995726    0.000000    0.979330    0.068821    0.990220    0.988273    0.995726    1.000000    0.947771    400         9.580838    3.784939    0.621551    0.061070    0.071937    0.071937    0.088908    2.000000    0.054546    0.000000    4.249514    0.703000    0.000000    0.000000    1.013626    1.003148    0.931843    1.326326    1.296157    0.281819    0.349907    0.692253    24.215239  
[37m[36mINFO[0m[0m 09/01 11:28:20 | 0.989339    0.993590    0.000000    0.978515    0.063165    0.987775    0.989339    0.993590    1.000000    0.947771    500         11.976048   4.289471    0.407101    0.052021    0.059722    0.059722    0.071243    2.000000    0.023238    0.000000    4.143757    0.902980    0.000000    0.000000    1.035296    1.017118    0.934400    1.399692    1.358829    0.153680    0.240275    0.700114    25.456703  
[37m[36mINFO[0m[0m 09/01 11:29:56 | 0.989339    0.995726    0.000000    0.977666    0.065482    0.987775    0.989339    0.995726    1.000000    0.945223    600         14.371257   4.504734    0.339528    0.050009    0.055003    0.055003    0.065908    2.000000    0.013901    0.000000    4.033390    1.000000    0.000000    0.000000    1.035578    1.013269    0.935065    1.448242    1.400612    0.100771    0.195183    0.688334    26.952981  
[37m[36mINFO[0m[0m 09/01 11:31:30 | 0.989872    0.995726    0.000000    0.976851    0.060480    0.985330    0.989872    0.995726    1.000000    0.945223    700         16.766467   4.423655    0.330782    0.054151    0.057407    0.057407    0.071419    2.000000    0.009401    0.000000    3.950036    1.000000    0.000000    0.000000    1.031028    1.007053    0.934774    1.483996    1.431154    0.073405    0.172645    0.703925    23.927588  
[37m[36mINFO[0m[0m 09/01 11:33:02 | 0.989872    0.993590    0.000000    0.978515    0.057207    0.987775    0.989872    0.993590    1.000000    0.947771    800         19.161677   4.302284    0.283429    0.047431    0.050483    0.050483    0.068544    2.000000    0.006813    0.000000    3.881767    1.000000    0.000000    0.000000    1.028289    1.003737    0.934869    1.513391    1.455841    0.055228    0.157302    0.681392    23.287783  
[37m[36mINFO[0m[0m 09/01 11:34:33 | 0.989872    0.995726    0.000000    0.981063    0.056862    0.987775    0.989872    0.995726    1.000000    0.955414    900         21.556886   4.218662    0.253712    0.044182    0.045823    0.045823    0.062279    2.000000    0.005248    0.000000    3.840392    1.000000    0.000000    0.000000    1.027822    1.003342    0.936004    1.537107    1.477075    0.042995    0.144010    0.690259    21.944232  
[37m[36mINFO[0m[0m 09/01 11:36:07 | 0.989339    0.995726    0.000000    0.980960    0.061420    0.995110    0.989339    0.995726    1.000000    0.947771    1000        23.952096   4.151798    0.235093    0.042253    0.042742    0.042742    0.057227    2.000000    0.004374    0.000000    3.802251    1.000000    0.000000    0.000000    1.024917    1.001153    0.936312    1.559356    1.497452    0.033667    0.133118    0.707786    23.233208  
[37m[36mINFO[0m[0m 09/01 11:37:37 | 0.989872    0.995726    0.000000    0.981419    0.056865    0.992665    0.989872    0.995726    1.000000    0.951592    1100        26.347305   4.125954    0.230814    0.041220    0.042788    0.042788    0.056900    2.000000    0.003688    0.000000    3.781339    1.000000    0.000000    0.000000    1.025355    1.002336    0.936962    1.576268    1.513189    0.025923    0.123131    0.675664    22.622900  
[37m[36mINFO[0m[0m 09/01 11:39:08 | 0.989339    0.995726    0.000000    0.981419    0.057684    0.992665    0.989339    0.995726    1.000000    0.951592    1200        28.742515   4.107138    0.236587    0.043679    0.044230    0.044230    0.059955    2.000000    0.003198    0.000000    3.750641    1.000000    0.000000    0.000000    1.028789    1.006617    0.937820    1.591906    1.526381    0.019007    0.114630    0.694595    21.503019  
[37m[36mINFO[0m[0m 09/01 11:40:39 | 0.988806    0.991453    0.000000    0.981453    0.060529    0.990220    0.988806    0.991453    1.000000    0.954140    1300        31.137725   4.063545    0.212966    0.039317    0.039714    0.039714    0.053929    2.000000    0.002958    0.000000    3.742721    1.000000    0.000000    0.000000    1.029952    1.008823    0.938916    1.604833    1.537413    0.015717    0.109421    0.686388    22.728902  
[37m[36mINFO[0m[0m 09/01 11:42:11 | 0.989872    0.995726    0.000000    0.982268    0.051838    0.992665    0.989872    0.995726    1.000000    0.954140    1400        33.532934   4.033883    0.206162    0.037850    0.038855    0.038855    0.053340    2.000000    0.002579    0.000000    3.721042    1.000000    0.000000    0.000000    1.034463    1.014233    0.939253    1.617276    1.548938    0.011181    0.102153    0.685176    23.021756  
[37m[36mINFO[0m[0m 09/01 11:43:44 | 0.988273    0.993590    0.000000    0.981453    0.052740    0.990220    0.988273    0.993590    1.000000    0.954140    1500        35.928144   3.985225    0.184587    0.034205    0.034587    0.034587    0.052525    2.000000    0.002407    0.000000    3.695588    1.000000    0.000000    0.000000    1.040248    1.020754    0.939872    1.624637    1.555915    0.009614    0.098407    0.688362    24.589148  
[37m[36mINFO[0m[0m 09/01 11:45:18 | 0.988273    0.995726    0.000000    0.983508    0.053012    0.995110    0.988273    0.995726    1.000000    0.955414    1600        38.323353   3.982194    0.185440    0.034637    0.034888    0.034888    0.050432    2.000000    0.002250    0.000000    3.695889    1.000000    0.000000    0.000000    1.039170    1.020502    0.940849    1.636376    1.567197    0.007959    0.094123    0.693113    24.556603  
[37m[36mINFO[0m[0m 09/01 11:46:49 | 0.988806    0.993590    0.000000    0.983542    0.051835    0.992665    0.988806    0.993590    1.000000    0.957962    1700        40.718563   3.946601    0.180488    0.033051    0.034281    0.034281    0.046020    2.000000    0.002062    0.000000    3.674074    1.000000    0.000000    0.000000    1.044067    1.026287    0.941803    1.645568    1.573681    0.005837    0.091139    0.677516    22.814036  
[37m[36mINFO[0m[0m 09/01 11:48:22 | 0.987207    0.993590    0.000000    0.983083    0.054455    0.995110    0.987207    0.993590    1.000000    0.954140    1800        43.113772   3.974420    0.193642    0.037002    0.036762    0.036762    0.051994    2.000000    0.001918    0.000000    3.676790    1.000000    0.000000    0.000000    1.048438    1.030595    0.942594    1.651260    1.581085    0.004884    0.086647    0.699251    22.979168  
[37m[36mINFO[0m[0m 09/01 11:49:55 | 0.988806    0.993590    0.000000    0.981844    0.051246    0.992665    0.988806    0.993590    1.000000    0.952866    1900        45.508982   3.946003    0.180314    0.035481    0.033929    0.033929    0.052399    2.000000    0.001823    0.000000    3.660890    1.000000    0.000000    0.000000    1.054752    1.037788    0.943748    1.658985    1.587172    0.003154    0.083264    0.693848    24.214119  
[37m[36mINFO[0m[0m 09/01 11:51:27 | 0.988806    0.995726    0.000000    0.984035    0.048532    0.987775    0.988806    0.995726    1.000000    0.964331    2000        47.904192   3.937581    0.188868    0.036172    0.036098    0.036098    0.049098    2.000000    0.001661    0.000000    3.650518    1.000000    0.000000    0.000000    1.060011    1.045169    0.944312    1.663263    1.592564    0.003504    0.081129    0.685136    23.264693  
[37m[36mINFO[0m[0m 09/01 11:53:00 | 0.988273    0.991453    0.000000    0.982693    0.057296    0.992665    0.988273    0.991453    1.000000    0.955414    2100        50.299401   3.892887    0.166213    0.031822    0.031649    0.031649    0.043636    2.000000    0.001559    0.000000    3.639403    1.000000    0.000000    0.000000    1.062112    1.047704    0.945516    1.671930    1.599893    0.003255    0.078920    0.704052    22.308229  
[37m[36mINFO[0m[0m 09/01 11:54:32 | 0.989872    0.997863    0.000000    0.981912    0.051774    0.987775    0.989872    0.997863    1.000000    0.957962    2200        52.694611   3.914082    0.180296    0.035018    0.034456    0.034456    0.049247    2.000000    0.001491    0.000000    3.635291    1.000000    0.000000    0.000000    1.069259    1.054549    0.945703    1.680552    1.608219    0.001714    0.075202    0.685035    23.485185  
[37m[36mINFO[0m[0m 09/01 11:56:05 | 0.990405    0.997863    0.000000    0.981912    0.048039    0.987775    0.990405    0.997863    1.000000    0.957962    2300        55.089820   3.875788    0.169452    0.032770    0.032382    0.032382    0.042279    2.000000    0.001430    0.000000    3.621778    1.000000    0.000000    0.000000    1.073072    1.058824    0.946741    1.687186    1.613096    0.001810    0.074680    0.688628    23.753723  
[37m[36mINFO[0m[0m 09/01 11:57:36 | 0.989339    0.997863    0.000000    0.983186    0.048818    0.987775    0.989339    0.997863    1.000000    0.961783    2400        57.485030   3.871171    0.161652    0.031580    0.030897    0.030897    0.041850    2.000000    0.001297    0.000000    3.625819    1.000000    0.000000    0.000000    1.074723    1.060872    0.947423    1.692899    1.619737    0.001645    0.072322    0.697564    22.141421  
[37m[36mINFO[0m[0m 09/01 11:59:11 | 0.988273    0.995726    0.000000    0.983118    0.047587    0.992665    0.988273    0.995726    1.000000    0.956688    2500        59.880240   3.869172    0.155504    0.029886    0.029878    0.029878    0.045899    2.000000    0.001221    0.000000    3.621869    1.000000    0.000000    0.000000    1.078140    1.065428    0.947733    1.694852    1.621170    0.001325    0.070874    0.711478    23.596493  
[37m[36mINFO[0m[0m 09/01 12:00:44 | 0.990405    0.997863    0.000000    0.984782    0.048544    0.995110    0.990405    0.997863    1.000000    0.959236    2600        62.275449   3.839925    0.146452    0.028197    0.028079    0.028079    0.042025    2.000000    0.001188    0.000000    3.609423    1.000000    0.000000    0.000000    1.083280    1.070502    0.948617    1.703670    1.628788    0.001209    0.068732    0.694476    23.031854  
[37m[36mINFO[0m[0m 09/01 12:02:15 | 0.990405    0.997863    0.000000    0.983542    0.044514    0.992665    0.990405    0.997863    1.000000    0.957962    2700        64.670659   3.871613    0.161896    0.031234    0.031289    0.031289    0.049254    2.000000    0.001101    0.000000    3.611208    1.000000    0.000000    0.000000    1.087387    1.075042    0.948559    1.707467    1.633141    0.001663    0.067695    0.678200    23.489543  
[37m[36mINFO[0m[0m 09/01 12:03:47 | 0.990405    0.997863    0.000000    0.984357    0.045590    0.995110    0.990405    0.997863    1.000000    0.957962    2800        67.065868   3.866807    0.158893    0.031267    0.030534    0.030534    0.048534    2.000000    0.001098    0.000000    3.610847    1.000000    0.000000    0.000000    1.091619    1.080450    0.949094    1.712112    1.637114    0.000087    0.065188    0.696661    21.716273  
[37m[36mINFO[0m[0m 09/01 12:05:21 | 0.988806    0.995726    0.000000    0.984748    0.047715    0.997555    0.988806    0.995726    1.000000    0.956688    2900        69.461078   3.842804    0.144297    0.028571    0.027662    0.027662    0.044667    2.000000    0.001016    0.000000    3.609172    1.000000    0.000000    0.000000    1.096027    1.083617    0.949114    1.716711    1.641320    0.000225    0.064083    0.698701    24.830409  
[37m[36mINFO[0m[0m 09/01 12:06:53 | 0.989872    0.995726    0.000000    0.984392    0.047243    0.992665    0.989872    0.995726    1.000000    0.960510    3000        71.856287   3.799964    0.113576    0.023130    0.021445    0.021445    0.044007    2.000000    0.000933    0.000000    3.598375    1.000000    0.000000    0.000000    1.097200    1.084812    0.950063    1.722688    1.648084    0.000895    0.062746    0.686230    23.468446  
[37m[36mINFO[0m[0m 09/01 12:08:26 | 0.988273    0.993590    0.000000    0.982693    0.049859    0.992665    0.988273    0.993590    1.000000    0.955414    3100        74.251497   3.775264    0.115421    0.021751    0.022323    0.022323    0.038872    2.000000    0.000876    0.000000    3.582100    1.000000    0.000000    0.000000    1.099975    1.089462    0.951243    1.730049    1.653114    0.000406    0.062309    0.698542    22.761613  
[37m[36mINFO[0m[0m 09/01 12:09:58 | 0.989339    0.993590    0.000000    0.984426    0.047310    0.990220    0.989339    0.993590    1.000000    0.963057    3200        76.646707   3.763643    0.110777    0.021931    0.021077    0.021077    0.037003    2.000000    0.000907    0.000000    3.578860    1.000000    0.000000    0.000000    1.104503    1.093564    0.951726    1.731485    1.655158    0.001589    0.061604    0.680703    23.414316  
[37m[36mINFO[0m[0m 09/01 12:11:31 | 0.988806    0.997863    0.000000    0.983152    0.047417    0.990220    0.988806    0.997863    1.000000    0.959236    3300        79.041916   3.743563    0.100871    0.018915    0.019424    0.019424    0.036226    2.000000    0.000852    0.000000    3.570239    1.000000    0.000000    0.000000    1.109141    1.098055    0.952555    1.737626    1.661741    0.000598    0.059435    0.703290    23.345889  
[37m[36mINFO[0m[0m 09/01 12:13:03 | 0.987740    0.993590    0.000000    0.982268    0.049015    0.992665    0.987740    0.993590    1.000000    0.954140    3400        81.437126   3.784429    0.120936    0.023672    0.023332    0.023332    0.041957    2.000000    0.000787    0.000000    3.579581    1.000000    0.000000    0.000000    1.111156    1.101647    0.952373    1.742081    1.666578    -0.000220   0.057237    0.687576    23.095796  
[37m[36mINFO[0m[0m 09/01 12:14:35 | 0.988806    0.997863    0.000000    0.983542    0.046321    0.992665    0.988806    0.997863    1.000000    0.957962    3500        83.832335   3.796975    0.129194    0.025418    0.024988    0.024988    0.043027    2.000000    0.000765    0.000000    3.581727    1.000000    0.000000    0.000000    1.113697    1.103395    0.953126    1.750828    1.673107    0.000157    0.056999    0.690049    22.948566  
[37m[36mINFO[0m[0m 09/01 12:16:09 | 0.981876    0.991453    0.000000    0.976702    0.061783    0.985330    0.981876    0.991453    0.997006    0.947771    3600        86.227545   3.758328    0.117018    0.023383    0.022464    0.022464    0.037115    2.000000    0.000756    0.000000    3.567080    1.000000    0.000000    0.000000    1.120429    1.109634    0.953901    1.751639    1.674898    0.000774    0.056665    0.691629    24.348543  
[37m[36mINFO[0m[0m 09/01 12:17:40 | 0.986674    0.995726    0.000000    0.983967    0.045622    0.992665    0.986674    0.995726    1.000000    0.959236    3700        88.622754   3.761446    0.113818    0.022721    0.021897    0.021897    0.038298    2.000000    0.000702    0.000000    3.571032    1.000000    0.000000    0.000000    1.122516    1.112168    0.953926    1.756073    1.678021    -0.000154   0.055207    0.682413    22.760868  
[37m[36mINFO[0m[0m 09/01 12:19:09 | 0.987207    0.991453    0.000000    0.983186    0.051843    0.987775    0.987207    0.991453    1.000000    0.961783    3800        91.017964   3.738745    0.102552    0.019899    0.019799    0.019799    0.035981    2.000000    0.000691    0.000000    3.564230    1.000000    0.000000    0.000000    1.124574    1.115562    0.954360    1.760735    1.683757    0.000871    0.053984    0.662555    23.407166  
[37m[36mINFO[0m[0m 09/01 12:20:42 | 0.986674    0.997863    0.000000    0.982796    0.047473    0.985330    0.986674    0.997863    1.000000    0.963057    3900        93.413174   3.764561    0.123729    0.024215    0.024071    0.024071    0.040602    2.000000    0.000646    0.000000    3.559628    1.000000    0.000000    0.000000    1.128676    1.119939    0.954598    1.765902    1.687501    -0.000371   0.052970    0.683864    24.483347  
[37m[36mINFO[0m[0m 09/01 12:22:15 | 0.987207    0.993590    0.000000    0.983542    0.046762    0.992665    0.987207    0.993590    1.000000    0.957962    4000        95.808383   3.737969    0.099028    0.019136    0.019189    0.019189    0.039565    2.000000    0.000627    0.000000    3.559811    1.000000    0.000000    0.000000    1.132271    1.122883    0.954817    1.771687    1.693549    0.000551    0.052735    0.689657    23.344676  
[37m[36mINFO[0m[0m 09/01 12:23:45 | 0.988273    0.993590    0.000000    0.982762    0.045547    0.987775    0.988273    0.993590    1.000000    0.960510    4100        98.203593   3.745191    0.109106    0.021590    0.021120    0.021120    0.037585    2.000000    0.000607    0.000000    3.560916    1.000000    0.000000    0.000000    1.132685    1.123972    0.955437    1.777800    1.699422    -0.000081   0.050899    0.681870    22.266421  
[37m[36mINFO[0m[0m 09/01 12:25:18 | 0.984542    0.991453    0.000000    0.982762    0.049125    0.987775    0.984542    0.991453    1.000000    0.960510    4200        100.598802  3.711022    0.095903    0.018528    0.018581    0.018581    0.032808    2.000000    0.000610    0.000000    3.549504    1.000000    0.000000    0.000000    1.134716    1.125848    0.955448    1.780161    1.703067    0.001132    0.051065    0.690613    23.734690  
[37m[36mINFO[0m[0m 09/01 12:26:50 | 0.988273    0.993590    0.000000    0.985631    0.044863    0.995110    0.988273    0.993590    1.000000    0.961783    4300        102.994012  3.721328    0.096328    0.018485    0.018748    0.018748    0.037014    2.000000    0.000570    0.000000    3.550971    1.000000    0.000000    0.000000    1.136095    1.127127    0.956148    1.786277    1.707020    0.000063    0.049768    0.690099    22.588915  
[37m[36mINFO[0m[0m 09/01 12:28:21 | 0.984009    0.989316    0.000000    0.980570    0.067931    0.992665    0.984009    0.989316    1.000000    0.949045    4400        105.389222  3.732318    0.107202    0.020336    0.021014    0.021014    0.037683    2.000000    0.000562    0.000000    3.549751    1.000000    0.000000    0.000000    1.141637    1.131950    0.956101    1.789548    1.709802    -0.000182   0.049458    0.701020    21.791379  
[37m[36mINFO[0m[0m 09/01 12:29:56 | 0.986141    0.991453    0.000000    0.981912    0.051770    0.987775    0.986141    0.991453    1.000000    0.957962    4500        107.784431  3.724777    0.107578    0.022533    0.020577    0.020577    0.036429    2.000000    0.000548    0.000000    3.544340    1.000000    0.000000    0.000000    1.144456    1.135064    0.956521    1.792859    1.714198    0.000161    0.048276    0.689161    25.927833  
[37m[36mINFO[0m[0m 09/01 12:31:28 | 0.986141    0.991453    0.000000    0.981912    0.048243    0.987775    0.986141    0.991453    1.000000    0.957962    4600        110.179641  3.707498    0.096602    0.019712    0.018547    0.018547    0.036042    2.000000    0.000540    0.000000    3.538811    1.000000    0.000000    0.000000    1.147308    1.138738    0.957371    1.799028    1.719803    -0.000354   0.047250    0.683224    22.977654  
[37m[36mINFO[0m[0m 09/01 12:33:01 | 0.985608    0.995726    0.000000    0.982727    0.047023    0.990220    0.985608    0.995726    1.000000    0.957962    4700        112.574850  3.688514    0.087008    0.017043    0.016868    0.016868    0.029984    2.000000    0.000498    0.000000    3.541537    1.000000    0.000000    0.000000    1.148807    1.140258    0.957310    1.805414    1.724733    -0.000135   0.047191    0.694147    23.506414  
[37m[36mINFO[0m[0m 09/01 12:34:34 | 0.986674    0.995726    0.000000    0.983542    0.049090    0.992665    0.986674    0.995726    1.000000    0.957962    4800        114.970060  3.724872    0.098242    0.019395    0.019086    0.019086    0.040682    2.000000    0.000501    0.000000    3.545266    1.000000    0.000000    0.000000    1.152114    1.143202    0.957291    1.808427    1.727950    0.000730    0.047156    0.688434    24.220347  
[37m[36mINFO[0m[0m 09/01 12:36:07 | 0.985608    0.993590    0.000000    0.983577    0.047062    0.990220    0.985608    0.993590    1.000000    0.960510    4900        117.365269  3.717193    0.099958    0.019291    0.019576    0.019576    0.036016    2.000000    0.000473    0.000000    3.545202    1.000000    0.000000    0.000000    1.152486    1.144604    0.957519    1.813922    1.733317    0.000259    0.045952    0.686261    24.710726  
[37m[36mINFO[0m[0m 09/01 12:37:37 | 0.985608    0.993590    0.000000    0.982693    0.052008    0.992665    0.985608    0.993590    1.000000    0.955414    5000        119.760479  3.700584    0.085825    0.016415    0.016730    0.016730    0.032839    2.000000    0.000498    0.000000    3.549082    1.000000    0.000000    0.000000    1.153677    1.145342    0.957408    1.816166    1.736345    0.000166    0.044818    0.680191    22.050111  
[37m[36mINFO[0m[0m 09/01 12:37:37 | ---
[37m[36mINFO[0m[0m 09/01 12:37:37 | oracle = 98.987%
[37m[36mINFO[0m[0m 09/01 12:37:37 | iid = 98.827%
[37m[36mINFO[0m[0m 09/01 12:37:37 | last = 98.561%
[37m[36mINFO[0m[0m 09/01 12:37:37 | last (inD) = 98.269%
[37m[36mINFO[0m[0m 09/01 12:37:37 | iid (inD) = 98.563%
[37m[36mINFO[0m[0m 09/01 12:37:38 | 
[37m[36mINFO[0m[0m 09/01 12:37:42 | Testenv name escaping te_photo -> te_photo
[37m[36mINFO[0m[0m 09/01 12:37:42 | Test envs = [2], name = te_photo
[37m[36mINFO[0m[0m 09/01 12:37:42 | Batch sizes for each domain: [32, 32, 0, 32] (total=96)
[37m[36mINFO[0m[0m 09/01 12:37:42 | steps-per-epoch for each domain: 51.22, 58.62, 98.25 -> min = 51.22
[37m[36mINFO[0m[0m 09/01 12:38:03 | # of params = 151206401
[37m[36mINFO[0m[0m 09/01 12:38:31 | test_in     test_out    train_in    train_out   tr_outloss  env0_out    env1_out    env2_in     env2_out    env3_out    step        epoch       total_loss  cipt_base_  cipt_cls_l  cipt_de_lo  cipt_de_or  cipt_de_au  aug_decomp  cipt_ind_l  causal_con  dccl_contr  contrastiv  pre_cl_los  reg_loss    mean_e_nor  mean_e_aug  mean_e_aug  mean_s_nor  mean_s_aug  mean_es_co  mean_e_aug  step_time   eval_time  
[37m[36mINFO[0m[0m 09/01 12:38:31 | 0.996257    0.997006    0.000000    0.894763    0.496133    0.853301    0.931624    0.996257    0.997006    0.899363    0           0.000000    17.055040   12.384293   0.461855    2.355609    2.355609    2.330596    2.000000    0.500000    0.000000    4.777521    0.002000    0.000000    0.000000    1.000000    1.000000    0.929281    1.000000    1.000000    1.000000    1.000000    0.391391    26.957986  
[37m[36mINFO[0m[0m 09/01 12:40:02 | 0.997006    1.000000    0.000000    0.972523    0.121311    0.980440    0.995726    0.997006    1.000000    0.941401    100         1.952410    6.558090    4.917641    0.322431    0.561795    0.561795    0.581930    2.000000    0.469606    0.000000    4.672510    0.103000    0.000000    0.000000    0.972294    0.972813    0.929448    1.029826    1.028708    0.968737    0.969509    0.701859    21.122347  
[37m[36mINFO[0m[0m 09/01 12:41:34 | 0.997006    1.000000    0.000000    0.971673    0.087078    0.980440    0.995726    0.997006    1.000000    0.938854    200         3.904820    3.938191    2.271899    0.086616    0.141412    0.141412    0.162846    2.000000    0.323927    0.000000    4.432952    0.303000    0.000000    0.000000    0.940211    0.941480    0.926416    1.109839    1.104819    0.797016    0.805910    0.698311    22.241759  
[37m[36mINFO[0m[0m 09/01 12:43:07 | 1.000000    1.000000    0.000000    0.971995    0.079022    0.977995    0.997863    1.000000    1.000000    0.940127    300         5.857230    3.431654    1.024386    0.073704    0.095674    0.095674    0.114762    2.000000    0.113597    0.000000    4.330957    0.503000    0.000000    0.000000    0.983927    0.980242    0.931967    1.232407    1.218374    0.441757    0.474171    0.680737    25.115046  
[37m[36mINFO[0m[0m 09/01 12:44:38 | 0.997754    1.000000    0.000000    0.976276    0.076461    0.985330    0.995726    0.997754    1.000000    0.947771    400         7.809640    3.752781    0.578007    0.066587    0.080984    0.080984    0.095312    2.000000    0.037497    0.000000    4.247776    0.703000    0.000000    0.000000    1.029754    1.018166    0.938114    1.330405    1.308534    0.215076    0.265052    0.700722    20.502537  
[37m[36mINFO[0m[0m 09/01 12:46:09 | 0.999251    1.000000    0.000000    0.977803    0.069506    0.987775    0.997863    0.999251    1.000000    0.947771    500         9.762050    4.328076    0.419647    0.058176    0.066466    0.066466    0.085402    2.000000    0.019121    0.000000    4.141574    0.902980    0.000000    0.000000    1.035216    1.018081    0.938387    1.394559    1.367301    0.126253    0.186244    0.702324    21.025224  
[37m[36mINFO[0m[0m 09/01 12:47:42 | 0.998503    1.000000    0.000000    0.977550    0.073500    0.985330    0.995726    0.998503    1.000000    0.951592    600         11.714460   4.565244    0.363590    0.055454    0.061047    0.061047    0.078718    2.000000    0.012790    0.000000    4.044217    1.000000    0.000000    0.000000    1.024499    1.005001    0.938320    1.441703    1.410518    0.091880    0.156923    0.684049    24.321108  
[37m[36mINFO[0m[0m 09/01 12:49:12 | 0.999251    1.000000    0.000000    0.975714    0.065444    0.985330    0.997863    0.999251    1.000000    0.943949    700         13.666870   4.456708    0.345273    0.057115    0.060935    0.060935    0.077982    2.000000    0.008884    0.000000    3.955471    1.000000    0.000000    0.000000    1.015701    0.994856    0.937843    1.480039    1.445306    0.071922    0.140412    0.694902    19.872309  
[37m[36mINFO[0m[0m 09/01 12:50:41 | 0.999251    1.000000    0.000000    0.977803    0.062630    0.987775    0.997863    0.999251    1.000000    0.947771    800         15.619280   4.364630    0.317002    0.054194    0.057495    0.057495    0.072334    2.000000    0.006565    0.000000    3.902959    1.000000    0.000000    0.000000    1.009830    0.988230    0.937891    1.512456    1.474337    0.056297    0.126969    0.697962    20.072756  
[37m[36mINFO[0m[0m 09/01 12:52:13 | 0.999251    1.000000    0.000000    0.978228    0.063012    0.987775    0.997863    0.999251    1.000000    0.949045    900         17.571690   4.286405    0.287510    0.050902    0.052710    0.052710    0.071222    2.000000    0.005153    0.000000    3.856452    1.000000    0.000000    0.000000    1.008412    0.987698    0.938134    1.539153    1.499120    0.044147    0.114203    0.692997    21.982401  
[37m[36mINFO[0m[0m 09/01 12:53:42 | 0.999251    1.000000    0.000000    0.979077    0.062816    0.987775    0.997863    0.999251    1.000000    0.951592    1000        19.524100   4.202279    0.254509    0.046481    0.047341    0.047341    0.067027    2.000000    0.003733    0.000000    3.813717    1.000000    0.000000    0.000000    1.006014    0.985621    0.938620    1.565684    1.524411    0.033402    0.102385    0.685123    20.407528  
[37m[36mINFO[0m[0m 09/01 12:55:11 | 0.998503    1.000000    0.000000    0.977803    0.068131    0.987775    0.997863    0.998503    1.000000    0.947771    1100        21.476510   4.153925    0.244696    0.044304    0.045981    0.045981    0.060777    2.000000    0.003294    0.000000    3.787675    1.000000    0.000000    0.000000    1.007155    0.987719    0.939018    1.583041    1.540514    0.027755    0.095353    0.682452    20.628331  
[37m[36mINFO[0m[0m 09/01 12:56:41 | 0.999251    1.000000    0.000000    0.979111    0.060365    0.985330    0.997863    0.999251    1.000000    0.954140    1200        23.428920   4.147997    0.248460    0.047656    0.046888    0.046888    0.064196    2.000000    0.002651    0.000000    3.771146    1.000000    0.000000    0.000000    1.007486    0.988363    0.939222    1.601814    1.556932    0.019812    0.087331    0.667979    23.746042  
[37m[36mINFO[0m[0m 09/01 12:58:12 | 0.998503    1.000000    0.000000    0.979467    0.062315    0.990220    0.997863    0.998503    1.000000    0.950318    1300        25.381330   4.099625    0.227048    0.041696    0.043326    0.043326    0.057485    2.000000    0.002409    0.000000    3.757608    1.000000    0.000000    0.000000    1.007769    0.989957    0.940260    1.615834    1.571333    0.017368    0.082487    0.691911    21.241822  
[37m[36mINFO[0m[0m 09/01 12:59:41 | 0.998503    1.000000    0.000000    0.982049    0.060929    0.987775    0.997863    0.998503    1.000000    0.960510    1400        27.333740   4.113702    0.235383    0.044171    0.045279    0.045279    0.063826    2.000000    0.002019    0.000000    3.750668    1.000000    0.000000    0.000000    1.011317    0.993932    0.940613    1.631300    1.585115    0.012018    0.076188    0.686900    20.474589  
[37m[36mINFO[0m[0m 09/01 13:01:13 | 0.997006    1.000000    0.000000    0.978652    0.061402    0.987775    0.997863    0.997006    1.000000    0.950318    1500        29.286150   4.101018    0.251301    0.048018    0.048469    0.048469    0.061795    2.000000    0.001882    0.000000    3.726127    1.000000    0.000000    0.000000    1.018027    1.001047    0.941699    1.641062    1.593681    0.009453    0.072746    0.701221    21.766679  
[37m[36mINFO[0m[0m 09/01 13:02:43 | 0.998503    1.000000    0.000000    0.978652    0.057825    0.987775    0.997863    0.998503    1.000000    0.950318    1600        31.238560   4.022578    0.191394    0.035798    0.036719    0.036719    0.058111    2.000000    0.001744    0.000000    3.714962    1.000000    0.000000    0.000000    1.020400    1.004125    0.941800    1.651226    1.602236    0.008170    0.070313    0.686318    21.362873  
[37m[36mINFO[0m[0m 09/01 13:04:11 | 0.997754    1.000000    0.000000    0.979823    0.065217    0.995110    0.997863    0.997754    1.000000    0.946497    1700        33.190970   4.035368    0.205255    0.039677    0.039384    0.039384    0.059687    2.000000    0.001608    0.000000    3.710739    1.000000    0.000000    0.000000    1.019692    1.004182    0.942299    1.661644    1.613607    0.007588    0.067480    0.685694    20.101209  
[37m[36mINFO[0m[0m 09/01 13:05:40 | 0.998503    1.000000    0.000000    0.977837    0.057831    0.985330    0.997863    0.998503    1.000000    0.950318    1800        35.143380   3.987195    0.181866    0.034718    0.034928    0.034928    0.056385    2.000000    0.001488    0.000000    3.692559    1.000000    0.000000    0.000000    1.025850    1.011548    0.943896    1.670288    1.621024    0.004125    0.063437    0.668092    21.294196  
[37m[36mINFO[0m[0m 09/01 13:07:09 | 0.998503    1.000000    0.000000    0.979502    0.059131    0.987775    0.997863    0.998503    1.000000    0.952866    1900        37.095790   3.942943    0.161697    0.030339    0.031123    0.031123    0.050141    2.000000    0.001373    0.000000    3.680965    1.000000    0.000000    0.000000    1.028182    1.013216    0.944643    1.679233    1.629584    0.004836    0.062482    0.698983    19.247711  
[37m[36mINFO[0m[0m 09/01 13:08:39 | 0.997754    1.000000    0.000000    0.980351    0.060285    0.987775    0.997863    0.997754    1.000000    0.955414    2000        39.048200   3.957280    0.178558    0.034083    0.034468    0.034468    0.052518    2.000000    0.001321    0.000000    3.673686    1.000000    0.000000    0.000000    1.033067    1.019476    0.945495    1.685662    1.634985    0.003426    0.060479    0.694245    20.419211  
[37m[36mINFO[0m[0m 09/01 13:10:11 | 0.998503    1.000000    0.000000    0.981200    0.055795    0.987775    0.997863    0.998503    1.000000    0.957962    2100        41.000610   3.954465    0.184403    0.035587    0.035741    0.035741    0.052125    2.000000    0.001170    0.000000    3.665812    1.000000    0.000000    0.000000    1.035021    1.022297    0.945760    1.694143    1.643138    0.002533    0.057848    0.690021    23.537873  
[37m[36mINFO[0m[0m 09/01 13:11:41 | 0.998503    1.000000    0.000000    0.977550    0.061099    0.985330    0.995726    0.998503    1.000000    0.951592    2200        42.953020   3.951271    0.189120    0.037424    0.036410    0.036410    0.051092    2.000000    0.001211    0.000000    3.659966    1.000000    0.000000    0.000000    1.039330    1.027369    0.946752    1.700709    1.649811    0.001753    0.055688    0.685280    21.429469  
[37m[36mINFO[0m[0m 09/01 13:13:11 | 0.998503    1.000000    0.000000    0.980775    0.059328    0.987775    0.997863    0.998503    1.000000    0.956688    2300        44.905430   3.908845    0.151171    0.029366    0.029138    0.029138    0.052407    2.000000    0.001051    0.000000    3.652859    1.000000    0.000000    0.000000    1.044102    1.032056    0.947234    1.706056    1.653630    0.000632    0.054457    0.696249    19.746505  
[37m[36mINFO[0m[0m 09/01 13:14:41 | 0.998503    1.000000    0.000000    0.979077    0.056128    0.987775    0.997863    0.998503    1.000000    0.951592    2400        46.857840   3.942096    0.178281    0.035050    0.034507    0.034507    0.053558    2.000000    0.001041    0.000000    3.656699    1.000000    0.000000    0.000000    1.044892    1.032944    0.947317    1.710506    1.660174    0.001552    0.053139    0.689181    21.021696  
[37m[36mINFO[0m[0m 09/01 13:16:11 | 0.998503    1.000000    0.000000    0.977837    0.055779    0.985330    0.997863    0.998503    1.000000    0.950318    2500        48.810250   3.906833    0.161724    0.031258    0.031286    0.031286    0.050747    2.000000    0.001064    0.000000    3.643616    1.000000    0.000000    0.000000    1.049696    1.039283    0.948273    1.718352    1.666537    0.001959    0.052539    0.679776    22.163687  
[37m[36mINFO[0m[0m 09/01 13:17:40 | 0.998503    1.000000    0.000000    0.980741    0.053818    0.990220    0.997863    0.998503    1.000000    0.954140    2600        50.762660   3.868885    0.148031    0.028551    0.028685    0.028685    0.044490    2.000000    0.000948    0.000000    3.631874    1.000000    0.000000    0.000000    1.056915    1.045154    0.949011    1.722689    1.669087    0.000675    0.051371    0.684940    20.808612  
[37m[36mINFO[0m[0m 09/01 13:19:12 | 0.998503    1.000000    0.000000    0.980351    0.055549    0.987775    0.997863    0.998503    1.000000    0.955414    2700        52.715070   3.889344    0.150462    0.029213    0.029145    0.029145    0.050597    2.000000    0.000934    0.000000    3.637689    1.000000    0.000000    0.000000    1.059271    1.048642    0.949262    1.727535    1.675386    0.000982    0.049359    0.702541    21.152930  
[37m[36mINFO[0m[0m 09/01 13:20:43 | 0.998503    1.000000    0.000000    0.980351    0.052149    0.987775    0.997863    0.998503    1.000000    0.955414    2800        54.667480   3.889880    0.160402    0.030785    0.031311    0.031311    0.048539    2.000000    0.000875    0.000000    3.632400    1.000000    0.000000    0.000000    1.064375    1.053145    0.950238    1.732328    1.680454    0.000344    0.048289    0.691644    22.086462  
[37m[36mINFO[0m[0m 09/01 13:22:12 | 0.998503    1.000000    0.000000    0.977837    0.059990    0.985330    0.997863    0.998503    1.000000    0.950318    2900        56.619890   3.863008    0.147049    0.028920    0.028450    0.028450    0.048328    2.000000    0.000866    0.000000    3.619303    1.000000    0.000000    0.000000    1.066012    1.056268    0.950631    1.736262    1.682885    0.001064    0.048882    0.684662    20.571949  
[37m[36mINFO[0m[0m 09/01 13:23:41 | 0.997754    1.000000    0.000000    0.980385    0.056628    0.985330    0.997863    0.997754    1.000000    0.957962    3000        58.572300   3.874475    0.160150    0.031342    0.031176    0.031176    0.047867    2.000000    0.000821    0.000000    3.618591    1.000000    0.000000    0.000000    1.072219    1.062608    0.951620    1.741556    1.688496    0.000476    0.046918    0.666427    22.917867  
[37m[36mINFO[0m[0m 09/01 13:25:14 | 0.997754    1.000000    0.000000    0.978550    0.055216    0.985330    1.000000    0.997754    1.000000    0.950318    3100        60.524710   3.836740    0.133526    0.026191    0.025887    0.025887    0.046891    2.000000    0.000758    0.000000    3.609432    1.000000    0.000000    0.000000    1.072935    1.063991    0.951214    1.746354    1.692651    0.000054    0.046472    0.683508    23.793821  
[37m[36mINFO[0m[0m 09/01 13:26:43 | 0.997006    1.000000    0.000000    0.982049    0.053505    0.987775    0.997863    0.997006    1.000000    0.960510    3200        62.477120   3.836963    0.132283    0.025774    0.025709    0.025709    0.048155    2.000000    0.000735    0.000000    3.608370    1.000000    0.000000    0.000000    1.074526    1.065001    0.951538    1.751665    1.696978    0.000671    0.046349    0.702049    19.242554  
[37m[36mINFO[0m[0m 09/01 13:28:14 | 0.997754    1.000000    0.000000    0.980775    0.057044    0.987775    0.997863    0.997754    1.000000    0.956688    3300        64.429530   3.813012    0.118608    0.022745    0.023034    0.023034    0.042450    2.000000    0.000746    0.000000    3.609504    1.000000    0.000000    0.000000    1.077702    1.068271    0.951984    1.756413    1.702064    0.001025    0.045615    0.697827    21.311260  
[37m[36mINFO[0m[0m 09/01 13:29:49 | 0.995509    1.000000    0.000000    0.979995    0.059211    0.982885    0.997863    0.995509    1.000000    0.959236    3400        66.381940   3.856979    0.146118    0.029131    0.028376    0.028376    0.048673    2.000000    0.000697    0.000000    3.613516    1.000000    0.000000    0.000000    1.080342    1.071307    0.952088    1.760142    1.703986    -0.000479   0.044646    0.675682    27.535511  
[37m[36mINFO[0m[0m 09/01 13:31:20 | 0.997754    1.000000    0.000000    0.979823    0.054065    0.985330    1.000000    0.997754    1.000000    0.954140    3500        68.334350   3.846367    0.141092    0.028293    0.027387    0.027387    0.047562    2.000000    0.000650    0.000000    3.610151    1.000000    0.000000    0.000000    1.084963    1.076333    0.952997    1.765873    1.711304    -0.000447   0.042501    0.697375    20.696829  
[37m[36mINFO[0m[0m 09/01 13:32:51 | 0.997006    1.000000    0.000000    0.979467    0.065781    0.990220    0.997863    0.997006    1.000000    0.950318    3600        70.286760   3.768695    0.105558    0.020401    0.020493    0.020493    0.036596    2.000000    0.000637    0.000000    3.589944    1.000000    0.000000    0.000000    1.088389    1.079767    0.953944    1.769961    1.716110    0.000382    0.042579    0.688136    22.162179  
[37m[36mINFO[0m[0m 09/01 13:34:20 | 0.997006    1.000000    0.000000    0.979858    0.060359    0.992665    0.997863    0.997006    1.000000    0.949045    3700        72.239170   3.806058    0.128547    0.026624    0.024725    0.024725    0.042606    2.000000    0.000605    0.000000    3.592299    1.000000    0.000000    0.000000    1.090484    1.081699    0.953878    1.773644    1.719270    -0.000145   0.041694    0.691311    19.736038  
[37m[36mINFO[0m[0m 09/01 13:35:50 | 0.997006    1.000000    0.000000    0.979399    0.055869    0.985330    1.000000    0.997006    1.000000    0.952866    3800        74.191580   3.804604    0.124480    0.024734    0.024175    0.024175    0.044327    2.000000    0.000609    0.000000    3.591471    1.000000    0.000000    0.000000    1.093177    1.083206    0.954028    1.777418    1.722422    -0.000424   0.041436    0.690316    21.170752  
[37m[36mINFO[0m[0m 09/01 13:37:19 | 0.997006    1.000000    0.000000    0.978228    0.066137    0.987775    0.997863    0.997006    1.000000    0.949045    3900        76.143990   3.813000    0.127426    0.024879    0.024894    0.024894    0.043861    2.000000    0.000594    0.000000    3.597852    1.000000    0.000000    0.000000    1.097355    1.089102    0.954082    1.779938    1.724575    0.000223    0.041389    0.679571    21.311181  
[37m[36mINFO[0m[0m 09/01 13:38:49 | 0.997006    1.000000    0.000000    0.980385    0.053587    0.985330    0.997863    0.997006    1.000000    0.957962    4000        78.096400   3.811842    0.127636    0.025673    0.024771    0.024771    0.044153    2.000000    0.000576    0.000000    3.595901    1.000000    0.000000    0.000000    1.099009    1.090441    0.954396    1.784263    1.727574    -0.000557   0.040537    0.683109    21.164484  
[37m[36mINFO[0m[0m 09/01 13:40:19 | 0.997006    1.000000    0.000000    0.977091    0.069910    0.987775    0.995726    0.997006    1.000000    0.947771    4100        80.048810   3.794396    0.113912    0.022248    0.022206    0.022206    0.045325    2.000000    0.000567    0.000000    3.589835    1.000000    0.000000    0.000000    1.100973    1.094234    0.955383    1.787549    1.731186    0.000257    0.040532    0.683397    22.227709  
[37m[36mINFO[0m[0m 09/01 13:41:49 | 0.996257    1.000000    0.000000    0.980248    0.059996    0.985330    1.000000    0.996257    1.000000    0.955414    4200        82.001220   3.773472    0.111919    0.022885    0.021573    0.021573    0.039382    2.000000    0.000548    0.000000    3.582788    1.000000    0.000000    0.000000    1.102045    1.093774    0.955637    1.793190    1.735548    -0.000087   0.040264    0.688117    20.394193  
[37m[36mINFO[0m[0m 09/01 13:43:19 | 0.997006    1.000000    0.000000    0.982727    0.060513    0.990220    1.000000    0.997006    1.000000    0.957962    4300        83.953630   3.771532    0.104602    0.020779    0.020298    0.020298    0.040470    2.000000    0.000526    0.000000    3.585990    1.000000    0.000000    0.000000    1.106362    1.098083    0.955642    1.796449    1.740093    0.000382    0.039853    0.698303    20.536098  
[37m[36mINFO[0m[0m 09/01 13:44:49 | 0.996257    1.000000    0.000000    0.978330    0.059194    0.980440    0.997863    0.996257    1.000000    0.956688    4400        85.906040   3.743737    0.090776    0.018006    0.017573    0.017573    0.037039    2.000000    0.000496    0.000000    3.578883    1.000000    0.000000    0.000000    1.106211    1.098111    0.956050    1.800452    1.742583    -0.000569   0.038853    0.682149    21.978022  
[37m[36mINFO[0m[0m 09/01 13:46:17 | 0.996257    1.000000    0.000000    0.979536    0.055842    0.985330    0.997863    0.996257    1.000000    0.955414    4500        87.858450   3.796741    0.121481    0.024483    0.023634    0.023634    0.045390    2.000000    0.000493    0.000000    3.584480    1.000000    0.000000    0.000000    1.109791    1.102025    0.956124    1.803853    1.746727    0.000069    0.038596    0.668981    21.223349  
[37m[36mINFO[0m[0m 09/01 13:47:49 | 0.996257    1.000000    0.000000    0.975680    0.071691    0.987775    0.997863    0.996257    1.000000    0.941401    4600        89.810860   3.772041    0.108939    0.021276    0.021310    0.021310    0.042470    2.000000    0.000485    0.000000    3.578161    1.000000    0.000000    0.000000    1.115944    1.108260    0.956609    1.806189    1.750299    -0.000124   0.037563    0.701752    21.074332  
[37m[36mINFO[0m[0m 09/01 13:49:18 | 0.996257    1.000000    0.000000    0.978296    0.064287    0.982885    0.997863    0.996257    1.000000    0.954140    4700        91.763270   3.793177    0.124393    0.025550    0.024113    0.024113    0.043058    2.000000    0.000478    0.000000    3.582668    1.000000    0.000000    0.000000    1.117499    1.110555    0.956313    1.810753    1.754465    0.000090    0.037277    0.683077    20.781029  
[37m[36mINFO[0m[0m 09/01 13:50:46 | 0.996257    1.000000    0.000000    0.979536    0.061414    0.985330    0.997863    0.996257    1.000000    0.955414    4800        93.715680   3.720355    0.084924    0.016977    0.016437    0.016437    0.031186    2.000000    0.000439    0.000000    3.573057    1.000000    0.000000    0.000000    1.117688    1.109901    0.957317    1.813581    1.755957    0.000489    0.037705    0.679976    20.486889  
[37m[36mINFO[0m[0m 09/01 13:52:16 | 0.996257    1.000000    0.000000    0.979570    0.059246    0.982885    0.997863    0.996257    1.000000    0.957962    4900        95.668090   3.771588    0.106110    0.021122    0.020716    0.020716    0.043190    2.000000    0.000424    0.000000    3.579099    1.000000    0.000000    0.000000    1.118769    1.111428    0.957308    1.819012    1.761707    0.000242    0.036765    0.688855    20.912436  
[37m[36mINFO[0m[0m 09/01 13:53:46 | 0.996257    1.000000    0.000000    0.977481    0.063763    0.980440    0.997863    0.996257    1.000000    0.954140    5000        97.620500   3.765360    0.106743    0.021531    0.020780    0.020780    0.046222    2.000000    0.000418    0.000000    3.566171    1.000000    0.000000    0.000000    1.126628    1.119058    0.958085    1.821429    1.762594    -0.000327   0.036376    0.700500    19.667054  
[37m[36mINFO[0m[0m 09/01 13:53:46 | ---
[37m[36mINFO[0m[0m 09/01 13:53:46 | oracle = 99.701%
[37m[36mINFO[0m[0m 09/01 13:53:46 | iid = 99.701%
[37m[36mINFO[0m[0m 09/01 13:53:46 | last = 99.626%
[37m[36mINFO[0m[0m 09/01 13:53:46 | last (inD) = 97.748%
[37m[36mINFO[0m[0m 09/01 13:53:46 | iid (inD) = 98.273%
[37m[36mINFO[0m[0m 09/01 13:53:46 | 
[37m[36mINFO[0m[0m 09/01 13:53:51 | Testenv name escaping te_sketch -> te_sketch
[37m[36mINFO[0m[0m 09/01 13:53:51 | Test envs = [3], name = te_sketch
[37m[36mINFO[0m[0m 09/01 13:53:51 | Batch sizes for each domain: [32, 32, 32, 0] (total=96)
[37m[36mINFO[0m[0m 09/01 13:53:51 | steps-per-epoch for each domain: 51.22, 58.62, 41.75 -> min = 41.75
[37m[36mINFO[0m[0m 09/01 13:54:13 | # of params = 151206401
[37m[36mINFO[0m[0m 09/01 13:54:44 | test_in     test_out    train_in    train_out   tr_outloss  env0_out    env1_out    env2_out    env3_in     env3_out    step        epoch       total_loss  cipt_base_  cipt_cls_l  cipt_de_lo  cipt_de_or  cipt_de_au  aug_decomp  cipt_ind_l  causal_con  dccl_contr  contrastiv  pre_cl_los  reg_loss    mean_e_nor  mean_e_aug  mean_e_aug  mean_s_nor  mean_s_aug  mean_es_co  mean_e_aug  step_time   eval_time  
[37m[36mINFO[0m[0m 09/01 13:54:44 | 0.857824    0.873885    0.000000    0.938671    0.453969    0.872861    0.955128    0.988024    0.857824    0.873885    0           0.000000    15.628409   11.493956   0.583995    2.102490    2.102490    2.062513    2.000000    0.500000    0.000000    4.714694    0.002000    0.000000    0.000000    1.000000    1.000000    0.907462    1.000000    1.000000    1.000000    1.000000    0.378445    29.754668  
[37m[36mINFO[0m[0m 09/01 13:56:20 | 0.897583    0.912102    0.000000    0.992056    0.064394    0.980440    0.995726    1.000000    0.897583    0.912102    100         2.395210    6.310184    4.751712    0.259487    0.534284    0.534284    0.548549    2.000000    0.471018    0.000000    4.529849    0.103000    0.000000    0.000000    0.984082    0.986178    0.907935    1.022671    1.020504    0.970265    0.972862    0.695662    26.936318  
[37m[36mINFO[0m[0m 09/01 13:57:56 | 0.892494    0.905732    0.000000    0.995213    0.028215    0.987775    0.997863    1.000000    0.892494    0.905732    200         4.790419    3.687817    2.147822    0.037994    0.097136    0.097136    0.115457    2.000000    0.344257    0.000000    4.328527    0.303000    0.000000    0.000000    0.967427    0.971544    0.906787    1.088683    1.077928    0.825027    0.847465    0.692944    26.299456  
[37m[36mINFO[0m[0m 09/01 13:59:31 | 0.897901    0.908280    0.000000    0.994398    0.020300    0.985330    0.997863    1.000000    0.897901    0.908280    300         7.185629    3.105576    0.875047    0.021494    0.046241    0.046241    0.062245    2.000000    0.133718    0.000000    4.190997    0.503000    0.000000    0.000000    1.016406    1.008570    0.914097    1.201885    1.173581    0.492421    0.567726    0.673749    27.485186  
[37m[36mINFO[0m[0m 09/01 14:01:08 | 0.893766    0.905732    0.000000    0.994398    0.015334    0.985330    0.997863    1.000000    0.893766    0.905732    400         9.580838    3.347338    0.360719    0.019162    0.035625    0.035625    0.050629    2.000000    0.039811    0.000000    4.106252    0.703000    0.000000    0.000000    1.082750    1.058884    0.922049    1.302752    1.258282    0.239623    0.349125    0.693611    27.443050  
[37m[36mINFO[0m[0m 09/01 14:02:43 | 0.895356    0.904459    0.000000    0.995213    0.014211    0.987775    0.997863    1.000000    0.895356    0.904459    500         11.976048   3.862775    0.183050    0.009381    0.021046    0.021046    0.035110    2.000000    0.017897    0.000000    3.999629    0.902980    0.000000    0.000000    1.107805    1.076740    0.926235    1.367767    1.314957    0.134659    0.252850    0.682861    26.949207  
[37m[36mINFO[0m[0m 09/01 14:04:20 | 0.885814    0.891720    0.000000    0.994295    0.014736    0.982885    1.000000    1.000000    0.885814    0.891720    600         14.371257   4.085860    0.135289    0.009641    0.017387    0.017387    0.031410    2.000000    0.011220    0.000000    3.887751    1.000000    0.000000    0.000000    1.110978    1.077817    0.927089    1.414164    1.353274    0.092164    0.215704    0.680885    28.792328  
[37m[36mINFO[0m[0m 09/01 14:05:55 | 0.894720    0.905732    0.000000    0.996028    0.011346    0.990220    0.997863    1.000000    0.894720    0.905732    700         16.766467   3.942710    0.090146    0.005264    0.011637    0.011637    0.024768    2.000000    0.007667    0.000000    3.803027    1.000000    0.000000    0.000000    1.112502    1.079271    0.927630    1.450108    1.384497    0.068378    0.191341    0.688309    26.446417  
[37m[36mINFO[0m[0m 09/01 14:07:29 | 0.884860    0.886624    0.000000    0.994501    0.012418    0.987775    0.995726    1.000000    0.884860    0.886624    800         19.161677   3.875166    0.076183    0.005815    0.010509    0.010509    0.023107    2.000000    0.005666    0.000000    3.752768    1.000000    0.000000    0.000000    1.116013    1.083886    0.929950    1.477996    1.410086    0.051935    0.171109    0.673523    26.881099  
[37m[36mINFO[0m[0m 09/01 14:09:07 | 0.890267    0.894268    0.000000    0.993583    0.013778    0.982885    0.997863    1.000000    0.890267    0.894268    900         21.556886   3.807476    0.056693    0.003766    0.007649    0.007649    0.021092    2.000000    0.004466    0.000000    3.708599    1.000000    0.000000    0.000000    1.121700    1.089500    0.930857    1.502959    1.431387    0.036712    0.154285    0.699857    27.231770  
[37m[36mINFO[0m[0m 09/01 14:10:42 | 0.897901    0.909554    0.000000    0.996028    0.010921    0.990220    0.997863    1.000000    0.897901    0.909554    1000        23.952096   3.762160    0.043810    0.002645    0.005783    0.005783    0.020881    2.000000    0.003607    0.000000    3.676588    1.000000    0.000000    0.000000    1.127786    1.097204    0.932041    1.520708    1.447034    0.027417    0.141491    0.685035    27.353634  
[37m[36mINFO[0m[0m 09/01 14:12:17 | 0.895992    0.905732    0.000000    0.996028    0.010043    0.990220    0.997863    1.000000    0.895992    0.905732    1100        26.347305   3.739292    0.041132    0.002777    0.005646    0.005646    0.020528    2.000000    0.003154    0.000000    3.657103    1.000000    0.000000    0.000000    1.134478    1.105253    0.934032    1.536730    1.461524    0.020234    0.129784    0.681141    26.697056  
[37m[36mINFO[0m[0m 09/01 14:13:55 | 0.883906    0.891720    0.000000    0.993480    0.015172    0.980440    1.000000    1.000000    0.883906    0.891720    1200        28.742515   3.705115    0.030505    0.001438    0.004012    0.004012    0.020424    2.000000    0.002604    0.000000    3.633762    1.000000    0.000000    0.000000    1.140606    1.113545    0.935807    1.550034    1.475131    0.015529    0.119552    0.695935    27.778042  
[37m[36mINFO[0m[0m 09/01 14:15:28 | 0.899491    0.909554    0.000000    0.996028    0.009963    0.990220    0.997863    1.000000    0.899491    0.909554    1300        31.137725   3.652975    0.026030    0.001230    0.003254    0.003254    0.011178    2.000000    0.002357    0.000000    3.604588    1.000000    0.000000    0.000000    1.147812    1.122291    0.936912    1.559519    1.482551    0.011183    0.112928    0.679105    25.525179  
[37m[36mINFO[0m[0m 09/01 14:17:05 | 0.892812    0.895541    0.000000    0.995110    0.012662    0.985330    1.000000    1.000000    0.892812    0.895541    1400        33.532934   3.648545    0.023753    0.001156    0.002957    0.002957    0.015632    2.000000    0.002154    0.000000    3.593528    1.000000    0.000000    0.000000    1.155684    1.131053    0.938360    1.569121    1.492854    0.009346    0.105710    0.695544    27.267893  
[37m[36mINFO[0m[0m 09/01 14:18:41 | 0.887723    0.891720    0.000000    0.995925    0.012131    0.987775    1.000000    1.000000    0.887723    0.891720    1500        35.928144   3.651864    0.022619    0.001112    0.002925    0.002925    0.019018    2.000000    0.001961    0.000000    3.591210    1.000000    0.000000    0.000000    1.162895    1.140054    0.938786    1.578020    1.498421    0.005951    0.100749    0.693466    27.019769  
[37m[36mINFO[0m[0m 09/01 14:20:18 | 0.901399    0.909554    0.000000    0.995213    0.010581    0.987775    0.997863    1.000000    0.901399    0.909554    1600        38.323353   3.616357    0.017840    0.000692    0.002155    0.002155    0.013729    2.000000    0.001706    0.000000    3.571061    1.000000    0.000000    0.000000    1.171585    1.149670    0.941531    1.584731    1.507418    0.003902    0.092283    0.693040    26.886004  
[37m[36mINFO[0m[0m 09/01 14:21:53 | 0.894720    0.901911    0.000000    0.995925    0.011313    0.987775    1.000000    1.000000    0.894720    0.901911    1700        40.718563   3.602991    0.015750    0.000517    0.001814    0.001814    0.012489    2.000000    0.001595    0.000000    3.562263    1.000000    0.000000    0.000000    1.176631    1.156286    0.942475    1.590857    1.512035    0.003702    0.090085    0.687704    26.886167  
[37m[36mINFO[0m[0m 09/01 14:23:29 | 0.900445    0.917197    0.000000    0.995925    0.011032    0.987775    1.000000    1.000000    0.900445    0.917197    1800        43.113772   3.601051    0.016068    0.000694    0.001990    0.001990    0.016940    2.000000    0.001483    0.000000    3.551103    1.000000    0.000000    0.000000    1.185892    1.166934    0.944348    1.593943    1.516588    0.002473    0.084237    0.685071    27.568372  
[37m[36mINFO[0m[0m 09/01 14:25:05 | 0.892494    0.896815    0.000000    0.995925    0.011017    0.987775    1.000000    1.000000    0.892494    0.896815    1900        45.508982   3.595941    0.014207    0.000583    0.001720    0.001720    0.016206    2.000000    0.001349    0.000000    3.549322    1.000000    0.000000    0.000000    1.194628    1.176175    0.944701    1.599019    1.519096    0.000829    0.081492    0.688257    26.663487  
[37m[36mINFO[0m[0m 09/01 14:26:39 | 0.893448    0.899363    0.000000    0.995925    0.010157    0.987775    1.000000    1.000000    0.893448    0.899363    2000        47.904192   3.576398    0.013143    0.000538    0.001546    0.001546    0.013070    2.000000    0.001284    0.000000    3.537116    1.000000    0.000000    0.000000    1.200602    1.183476    0.946397    1.603919    1.524318    0.001061    0.078122    0.676785    26.816457  
[37m[36mINFO[0m[0m 09/01 14:28:14 | 0.894402    0.900637    0.000000    0.995925    0.010526    0.987775    1.000000    1.000000    0.894402    0.900637    2100        50.299401   3.555118    0.011730    0.000384    0.001387    0.001387    0.012029    2.000000    0.001160    0.000000    3.519329    1.000000    0.000000    0.000000    1.210548    1.194289    0.947824    1.607750    1.528152    0.000399    0.075058    0.683087    26.535210  
[37m[36mINFO[0m[0m 09/01 14:29:48 | 0.889313    0.891720    0.000000    0.995925    0.014754    0.987775    1.000000    1.000000    0.889313    0.891720    2200        52.694611   3.542381    0.010409    0.000313    0.001106    0.001106    0.009922    2.000000    0.001134    0.000000    3.512129    1.000000    0.000000    0.000000    1.218295    1.202078    0.948510    1.612268    1.532852    0.000418    0.072253    0.675598    26.256822  
[37m[36mINFO[0m[0m 09/01 14:31:25 | 0.886450    0.890446    0.000000    0.995213    0.014339    0.987775    0.997863    1.000000    0.886450    0.890446    2300        55.089820   3.567587    0.010552    0.000362    0.001221    0.001221    0.016068    2.000000    0.001061    0.000000    3.524898    1.000000    0.000000    0.000000    1.225114    1.208937    0.948982    1.612642    1.534382    0.000613    0.069492    0.690495    27.301646  
[37m[36mINFO[0m[0m 09/01 14:33:00 | 0.892812    0.900637    0.000000    0.995925    0.011070    0.987775    1.000000    1.000000    0.892812    0.900637    2400        57.485030   3.551203    0.010194    0.000388    0.001248    0.001248    0.014810    2.000000    0.000963    0.000000    3.511389    1.000000    0.000000    0.000000    1.233776    1.220433    0.950253    1.617592    1.537844    -0.000694   0.066585    0.690454    26.203272  
[37m[36mINFO[0m[0m 09/01 14:34:35 | 0.892494    0.898089    0.000000    0.995213    0.012383    0.987775    0.997863    1.000000    0.892494    0.898089    2500        59.880240   3.533500    0.008113    0.000192    0.000843    0.000843    0.011721    2.000000    0.000909    0.000000    3.501946    1.000000    0.000000    0.000000    1.240455    1.227787    0.950848    1.617708    1.539236    -0.000372   0.064328    0.690889    26.437011  
[37m[36mINFO[0m[0m 09/01 14:36:12 | 0.894402    0.900637    0.000000    0.995213    0.012356    0.987775    0.997863    1.000000    0.894402    0.900637    2600        62.275449   3.522745    0.007308    0.000158    0.000737    0.000737    0.010685    2.000000    0.000840    0.000000    3.494067    1.000000    0.000000    0.000000    1.249028    1.235280    0.952092    1.620197    1.541340    0.000095    0.063164    0.696948    27.383263  
[37m[36mINFO[0m[0m 09/01 14:37:50 | 0.897583    0.901911    0.000000    0.995925    0.010804    0.987775    1.000000    1.000000    0.897583    0.901911    2700        64.670659   3.534479    0.007266    0.000198    0.000773    0.000773    0.012301    2.000000    0.000795    0.000000    3.502609    1.000000    0.000000    0.000000    1.256424    1.242342    0.952627    1.621643    1.541850    -0.000252   0.061796    0.696283    27.412287  
[37m[36mINFO[0m[0m 09/01 14:39:25 | 0.896310    0.900637    0.000000    0.995925    0.010710    0.987775    1.000000    1.000000    0.896310    0.900637    2800        67.065868   3.523872    0.007406    0.000178    0.000812    0.000812    0.007754    2.000000    0.000796    0.000000    3.500959    1.000000    0.000000    0.000000    1.261798    1.247774    0.953127    1.623073    1.544736    0.000294    0.060150    0.673053    27.698914  
[37m[36mINFO[0m[0m 09/01 14:41:01 | 0.885814    0.890446    0.000000    0.995213    0.013649    0.987775    0.997863    1.000000    0.885814    0.890446    2900        69.461078   3.533629    0.007435    0.000223    0.000896    0.000896    0.013829    2.000000    0.000726    0.000000    3.498537    1.000000    0.000000    0.000000    1.270861    1.257493    0.954026    1.625481    1.546009    -0.000341   0.058646    0.688778    27.505808  
[37m[36mINFO[0m[0m 09/01 14:42:36 | 0.895038    0.904459    0.000000    0.995925    0.011973    0.987775    1.000000    1.000000    0.895038    0.904459    3000        71.856287   3.510016    0.006298    0.000137    0.000655    0.000655    0.010365    2.000000    0.000708    0.000000    3.482988    1.000000    0.000000    0.000000    1.278286    1.266150    0.955261    1.628509    1.550361    -0.000796   0.055863    0.686690    26.296791  
[37m[36mINFO[0m[0m 09/01 14:44:11 | 0.892176    0.899363    0.000000    0.995110    0.012701    0.985330    1.000000    1.000000    0.892176    0.899363    3100        74.251497   3.507377    0.006298    0.000160    0.000698    0.000698    0.009612    2.000000    0.000669    0.000000    3.481855    1.000000    0.000000    0.000000    1.285969    1.273538    0.955676    1.630575    1.550885    0.000095    0.055930    0.677997    27.138990  
[37m[36mINFO[0m[0m 09/01 14:45:47 | 0.894402    0.899363    0.000000    0.995213    0.014114    0.987775    0.997863    1.000000    0.894402    0.899363    3200        76.646707   3.510644    0.006377    0.000153    0.000763    0.000763    0.011077    2.000000    0.000634    0.000000    3.482114    1.000000    0.000000    0.000000    1.290706    1.279322    0.956428    1.634676    1.555820    -0.000058   0.053589    0.695551    26.171477  
[37m[36mINFO[0m[0m 09/01 14:47:22 | 0.897901    0.901911    0.000000    0.995110    0.012454    0.985330    1.000000    1.000000    0.897901    0.901911    3300        79.041916   3.497970    0.005592    0.000135    0.000636    0.000636    0.011565    2.000000    0.000583    0.000000    3.469249    1.000000    0.000000    0.000000    1.297956    1.286311    0.956765    1.637989    1.557197    -0.001259   0.052662    0.681640    27.446414  
[37m[36mINFO[0m[0m 09/01 14:48:58 | 0.903626    0.915924    0.000000    0.995925    0.011051    0.987775    1.000000    1.000000    0.903626    0.915924    3400        81.437126   3.496832    0.005628    0.000117    0.000684    0.000684    0.010412    2.000000    0.000555    0.000000    3.470380    1.000000    0.000000    0.000000    1.307382    1.294581    0.957372    1.636867    1.557214    -0.000002   0.052490    0.680028    27.415992  
[37m[36mINFO[0m[0m 09/01 14:50:34 | 0.896628    0.910828    0.000000    0.995213    0.013981    0.987775    0.997863    1.000000    0.896628    0.910828    3500        83.832335   3.493998    0.005633    0.000138    0.000700    0.000700    0.010118    2.000000    0.000539    0.000000    3.468128    1.000000    0.000000    0.000000    1.314462    1.302708    0.958498    1.637316    1.558556    0.000056    0.050667    0.695970    27.022443  
[37m[36mINFO[0m[0m 09/01 14:52:10 | 0.900763    0.907006    0.000000    0.995110    0.011110    0.985330    1.000000    1.000000    0.900763    0.907006    3600        86.227545   3.494881    0.004768    0.000107    0.000527    0.000527    0.010388    2.000000    0.000510    0.000000    3.469337    1.000000    0.000000    0.000000    1.316061    1.303753    0.958137    1.643019    1.563092    -0.000434   0.049472    0.688230    26.763613  
[37m[36mINFO[0m[0m 09/01 14:53:45 | 0.896947    0.901911    0.000000    0.995213    0.012294    0.987775    0.997863    1.000000    0.896947    0.901911    3700        88.622754   3.492998    0.004709    0.000088    0.000544    0.000544    0.009876    2.000000    0.000489    0.000000    3.468536    1.000000    0.000000    0.000000    1.324312    1.312374    0.959414    1.643909    1.564655    -0.000491   0.048010    0.676822    26.922066  
[37m[36mINFO[0m[0m 09/01 14:55:20 | 0.902990    0.907006    0.000000    0.995110    0.010407    0.985330    1.000000    1.000000    0.902990    0.907006    3800        91.017964   3.486613    0.005039    0.000098    0.000646    0.000646    0.009420    2.000000    0.000472    0.000000    3.462733    1.000000    0.000000    0.000000    1.327987    1.315430    0.959295    1.648057    1.567607    -0.000518   0.047231    0.679307    27.013311  
[37m[36mINFO[0m[0m 09/01 14:56:55 | 0.897265    0.905732    0.000000    0.995213    0.013797    0.987775    0.997863    1.000000    0.897265    0.905732    3900        93.413174   3.478836    0.004182    0.000106    0.000478    0.000478    0.008342    2.000000    0.000433    0.000000    3.457972    1.000000    0.000000    0.000000    1.335285    1.323382    0.960401    1.651334    1.570762    0.000006    0.046606    0.680202    27.254636  
[37m[36mINFO[0m[0m 09/01 14:58:30 | 0.894720    0.896815    0.000000    0.995213    0.012958    0.987775    0.997863    1.000000    0.894720    0.896815    4000        95.808383   3.483226    0.004385    0.000085    0.000546    0.000546    0.007927    2.000000    0.000423    0.000000    3.462987    1.000000    0.000000    0.000000    1.337698    1.325527    0.960935    1.651179    1.570474    0.000104    0.046405    0.672592    27.282534  
[37m[36mINFO[0m[0m 09/01 15:00:05 | 0.892812    0.898089    0.000000    0.995213    0.013208    0.987775    0.997863    1.000000    0.892812    0.898089    4100        98.203593   3.476201    0.003879    0.000049    0.000452    0.000452    0.007700    2.000000    0.000404    0.000000    3.456923    1.000000    0.000000    0.000000    1.344740    1.333030    0.961361    1.654131    1.573300    -0.000583   0.045082    0.688683    26.467729  
[37m[36mINFO[0m[0m 09/01 15:01:39 | 0.906170    0.921019    0.000000    0.995110    0.010255    0.985330    1.000000    1.000000    0.906170    0.921019    4200        100.598802  3.480418    0.003877    0.000062    0.000467    0.000467    0.010459    2.000000    0.000390    0.000000    3.455623    1.000000    0.000000    0.000000    1.353083    1.341134    0.961785    1.654532    1.575098    -0.000236   0.044346    0.678448    26.487920  
[37m[36mINFO[0m[0m 09/01 15:03:16 | 0.897583    0.908280    0.000000    0.994398    0.013696    0.985330    0.997863    1.000000    0.897583    0.908280    4300        102.994012  3.465140    0.003385    0.000057    0.000372    0.000372    0.008065    2.000000    0.000368    0.000000    3.445625    1.000000    0.000000    0.000000    1.360684    1.347667    0.962350    1.657115    1.575949    -0.000402   0.043443    0.686959    27.830290  
[37m[36mINFO[0m[0m 09/01 15:04:51 | 0.899491    0.904459    0.000000    0.994398    0.012071    0.985330    0.997863    1.000000    0.899491    0.904459    4400        105.389222  3.466043    0.003460    0.000065    0.000406    0.000406    0.008055    2.000000    0.000354    0.000000    3.446473    1.000000    0.000000    0.000000    1.366046    1.353356    0.962642    1.658304    1.577341    -0.000285   0.043130    0.687481    26.723243  
[37m[36mINFO[0m[0m 09/01 15:06:26 | 0.889313    0.892994    0.000000    0.995213    0.014215    0.987775    0.997863    1.000000    0.889313    0.892994    4500        107.784431  3.473164    0.003740    0.000062    0.000489    0.000489    0.009825    2.000000    0.000344    0.000000    3.449774    1.000000    0.000000    0.000000    1.368452    1.355572    0.962445    1.662131    1.581082    -0.000192   0.042942    0.676124    27.157009  
[37m[36mINFO[0m[0m 09/01 15:08:02 | 0.887405    0.891720    0.000000    0.995213    0.014091    0.987775    0.997863    1.000000    0.887405    0.891720    4600        110.179641  3.469352    0.003706    0.000070    0.000501    0.000501    0.008495    2.000000    0.000326    0.000000    3.448655    1.000000    0.000000    0.000000    1.375275    1.363159    0.963508    1.663804    1.583541    0.000063    0.041725    0.684486    27.484855  
[37m[36mINFO[0m[0m 09/01 15:09:38 | 0.905216    0.918471    0.000000    0.994398    0.012587    0.985330    0.997863    1.000000    0.905216    0.918471    4700        112.574850  3.467028    0.003284    0.000048    0.000392    0.000392    0.006395    2.000000    0.000333    0.000000    3.450954    1.000000    0.000000    0.000000    1.378849    1.367727    0.963723    1.664307    1.582904    0.000003    0.041356    0.693126    26.783041  
[37m[36mINFO[0m[0m 09/01 15:11:13 | 0.899173    0.905732    0.000000    0.994398    0.012334    0.985330    0.997863    1.000000    0.899173    0.905732    4800        114.970060  3.464704    0.003289    0.000053    0.000418    0.000418    0.006071    2.000000    0.000313    0.000000    3.449273    1.000000    0.000000    0.000000    1.383146    1.370136    0.963615    1.666474    1.586125    0.000244    0.040990    0.679097    26.987462  
[37m[36mINFO[0m[0m 09/01 15:12:48 | 0.893130    0.896815    0.000000    0.994398    0.013369    0.985330    0.997863    1.000000    0.893130    0.896815    4900        117.365269  3.457609    0.003214    0.000054    0.000418    0.000418    0.007249    2.000000    0.000297    0.000000    3.439897    1.000000    0.000000    0.000000    1.393495    1.380213    0.964496    1.672888    1.589962    -0.000443   0.039558    0.686031    26.597424  
[37m[36mINFO[0m[0m 09/01 15:14:23 | 0.893766    0.899363    0.000000    0.994398    0.014075    0.985330    0.997863    1.000000    0.893766    0.899363    5000        119.760479  3.452722    0.003266    0.000041    0.000444    0.000444    0.007577    2.000000    0.000290    0.000000    3.434301    1.000000    0.000000    0.000000    1.396847    1.382780    0.965026    1.674338    1.593694    0.000122    0.039032    0.677310    26.787761  
[37m[36mINFO[0m[0m 09/01 15:14:23 | ---
[37m[36mINFO[0m[0m 09/01 15:14:23 | oracle = 90.617%
[37m[36mINFO[0m[0m 09/01 15:14:23 | iid = 89.472%
[37m[36mINFO[0m[0m 09/01 15:14:23 | last = 89.377%
[37m[36mINFO[0m[0m 09/01 15:14:23 | last (inD) = 99.440%
[37m[36mINFO[0m[0m 09/01 15:14:23 | iid (inD) = 99.603%
[37m[36mINFO[0m[0m 09/01 15:14:23 | === Summary ===
[37m[36mINFO[0m[0m 09/01 15:14:23 | Command: train_all.py pacs_stochastic_diverse_prompts --dataset PACS --algorithm CIPTDCCL --data_dir /home/hooasia/lgg/data/repro_dccl_data --deterministic --trial_seed 0 --seed 0 --checkpoint_freq 100 --cipt_clip_path /home/hooasia/.cache/clip/ViT-B-16.pt --cipt_beta 4 --cipt_gamma 5 --cipt_k 4 --cipt_prompt_length 16 --cipt_prompt_init a photo of a --cipt_template_mode b5c --cipt_prompt_temperature 0.1 --cipt_causal_contrastive_weight 1 --cipt_contrastive_warmup_steps 500 --cipt_aug_decomp_weight 0.5 --output_root train_output/PACS_stochastic_diverse
[37m[36mINFO[0m[0m 09/01 15:14:23 | Unique name: 260901_10-02-30_pacs_stochastic_diverse_prompts
[37m[36mINFO[0m[0m 09/01 15:14:23 | Out path: train_output/PACS_stochastic_diverse/PACS/260901_10-02-30_pacs_stochastic_diverse_prompts
[37m[36mINFO[0m[0m 09/01 15:14:23 | Algorithm: CIPTDCCL
[37m[36mINFO[0m[0m 09/01 15:14:23 | Dataset: PACS
+------------+---------+---------+---------+---------+---------+
| Selection  |   env0  |   env1  |   env2  |   env3  |   Avg.  |
+------------+---------+---------+---------+---------+---------+
|   oracle   | 97.926% | 98.987% | 99.701% | 90.617% | 96.808% |
|    iid     | 97.315% | 98.827% | 99.701% | 89.472% | 96.329% |
|    last    | 97.376% | 98.561% | 99.626% | 89.377% | 96.235% |
| last (inD) | 98.599% | 98.269% | 97.748% | 99.440% | 98.514% |
| iid (inD)  | 98.612% | 98.563% | 98.273% | 99.603% | 98.763% |
+------------+---------+---------+---------+---------+---------+
