[37m[36mINFO[0m[0m 08/28 09:43:25 | Command :: train_all.py pacs_b5c1_lr1e3_aug_decomp --dataset PACS --algorithm CIPTDCCL --data_dir /home/hooasia/lgg/data/repro_dccl_data --deterministic --trial_seed 0 --seed 0 --checkpoint_freq 100 --cipt_clip_path /home/hooasia/.cache/clip/ViT-B-16.pt --cipt_beta 4 --cipt_gamma 5 --cipt_k 4 --cipt_prompt_length 16 --cipt_prompt_init a photo of a --cipt_template_mode b5c --cipt_causal_contrastive_weight 1 --cipt_contrastive_warmup_steps 500 --cipt_aug_decomp_weight 0.5 --output_root train_output/PACS_aug_decomp --lr 0.001 --weight_decay 0.0
Environment:
	Python: 3.10.20
	PyTorch: 2.5.1+cu121
	Torchvision: 0.20.1+cu121
	CUDA: 12.1
	CUDNN: 90100
	NumPy: 2.2.6
	PIL: 12.0.0
Args:
	TN: False
	algorithm: CIPTDCCL
	aug: 0
	checkpoint_freq: 100
	cipt_beta: 4.0
	cipt_clip_backbone: ViT-B/16
	cipt_clip_path: /home/hooasia/.cache/clip/ViT-B-16.pt
	cipt_contrastive_weight: 1.0
	cipt_debug_shapes: False
	cipt_enabled: True
	cipt_gamma: 5.0
	cipt_k: 4
	cipt_prompt_init: a photo of a
	cipt_prompt_length: 16
	cipt_tda_heads: 1
	configs: []
	data_dir: /home/hooasia/lgg/data/repro_dccl_data
	dataset: PACS
	debug: False
	deterministic: True
	domainnet_auto_source_count: 3
	erm_baseline: weak
	evalmode: fast
	holdout_fraction: 0.2
	l: 1
	l_d: None
	l_layer: None
	label_ratio: 1.0
	lamda: 5
	log: False
	mix: 0
	model: resnet50
	model_save: None
	n_layer: 1
	name: pacs_b5c1_lr1e3_aug_decomp
	out_dir: train_output/PACS_aug_decomp/PACS/260828_09-43-25_pacs_b5c1_lr1e3_aug_decomp
	out_root: train_output/PACS_aug_decomp/PACS
	output_root: train_output/PACS_aug_decomp
	pos_mask: False
	prebuild_loader: False
	re_w: False
	sample_d: False
	seed: 0
	show: False
	source_envs: None
	start_epoch: 1000
	steps: None
	sup: True
	t: 0.1
	t_pre: 0.2
	target_env: None
	tb_freq: 10
	test_envs: None
	trial_seed: 0
	two_ce: False
	unique_name: 260828_09-43-25_pacs_b5c1_lr1e3_aug_decomp
	weak_erm: False
	work_dir: .
HParams:
	data_augmentation: True
	val_augment: False
	resnet18: False
	resnet_dropout: 0.0
	class_balanced: False
	optimizer: adam
	cipt_enabled: True
	cipt_clip_backbone: ViT-B/16
	cipt_clip_path: /home/hooasia/.cache/clip/ViT-B-16.pt
	cipt_beta: 4.0
	cipt_gamma: 5.0
	cipt_k: 4
	cipt_prompt_length: 16
	cipt_prompt_init: a photo of a
	[36mcipt_template_mode: b5c
	[0mcipt_tda_heads: 1
	cipt_contrastive_weight: 1.0
	cipt_debug_shapes: False
	freeze_bn: True
	pretrained: True
	[36mlr: 0.001
	[0mbatch_size: 32
	[36mweight_decay: 0.0
	[0mt: 0.1
	t_pre: 0.2
	l: 1
	l_d: 0.01
	l_layer: 1
	n_layer: 1
	sup: True
	two_ce: False
	sample_d: False
	re_w: False
	pos_mask: False
	mix: 0
	aug: 0
	model: resnet50
	label_ratio: 1.0
	TN: False
	lamda: 5
	start_epoch: 1000
	log: False
	swad: None
	swad_kwargs: 
	  n_converge: 3
	  n_tolerance: 6
	  tolerance_ratio: 0.3
	test_batchsize: 128
	indomain_test: False
	cipt_pure: False
	[36mcipt_causal_contrastive_weight: 1
	[0m[36mcipt_contrastive_warmup_steps: 500
	[0m[36mcipt_aug_decomp_weight: 0.5[0m
Dataset:
	[PACS] #envs=4, #classes=7
	env0: art_painting (#2048)
	env1: cartoon (#2344)
	env2: photo (#1670)
	env3: sketch (#3929)

[37m[36mINFO[0m[0m 08/28 09:43:30 | n_steps = 5001
[37m[36mINFO[0m[0m 08/28 09:43:30 | checkpoint_freq = 100
[37m[36mINFO[0m[0m 08/28 09:43:30 | n_steps is updated to 5001 => 5001 for checkpointing
[37m[36mINFO[0m[0m 08/28 09:43:30 | Target test envs = [[0], [1], [2], [3]]
[37m[36mINFO[0m[0m 08/28 09:43:30 | 
[37m[36mINFO[0m[0m 08/28 09:43:35 | Testenv name escaping te_art_painting -> te_art_painting
[37m[36mINFO[0m[0m 08/28 09:43:35 | Test envs = [0], name = te_art_painting
[37m[36mINFO[0m[0m 08/28 09:43:35 | Batch sizes for each domain: [0, 32, 32, 32] (total=96)
[37m[36mINFO[0m[0m 08/28 09:43:35 | steps-per-epoch for each domain: 58.62, 41.75, 98.25 -> min = 41.75
[37m[36mINFO[0m[0m 08/28 09:43:57 | # of params = 151206401
[37m[36mINFO[0m[0m 08/28 09:44:22 | test_in     test_out    train_in    train_out   tr_outloss  env0_in     env0_out    env1_out    env2_out    env3_out    step        epoch       total_loss  cipt_base_  cipt_cls_l  cipt_de_lo  cipt_de_or  cipt_de_au  aug_decomp  cipt_ind_l  causal_con  dccl_contr  contrastiv  pre_cl_los  reg_loss    mean_e_nor  mean_e_aug  mean_e_aug  mean_s_nor  mean_s_aug  mean_es_co  mean_e_aug  step_time   eval_time  
[37m[36mINFO[0m[0m 08/28 09:44:22 | 0.370958    0.337408    0.000000    0.374498    1.642775    0.370958    0.337408    0.438034    0.368263    0.317197    0           0.000000    15.220184   10.851477   2.082317    2.191416    2.191416    2.179617    2.000000    0.000700    0.000000    4.737075    0.002000    0.000000    0.000000    6.475749    6.491936    0.944625    6.610312    6.605876    -0.023554   -0.020749   0.710330    24.068494  
[37m[36mINFO[0m[0m 08/28 09:45:37 | 0.970714    0.980440    0.000000    0.983576    0.052842    0.970714    0.980440    0.997863    1.000000    0.952866    100         2.395210    1.275822    0.609114    0.109319    0.124536    0.124536    0.137461    2.000000    0.000330    0.000000    3.888660    0.103000    0.000000    0.000000    7.889478    7.805957    0.951861    10.628931   10.530177   -0.003680   0.000011    0.553020    19.599650  
[37m[36mINFO[0m[0m 08/28 09:46:54 | 0.975595    0.977995    0.000000    0.975358    0.078100    0.975595    0.977995    0.993590    1.000000    0.932484    200         4.790419    1.440700    0.224342    0.044189    0.044926    0.044926    0.057207    2.000000    0.000090    0.000000    3.644010    0.303000    0.000000    0.000000    8.499463    8.429142    0.958432    11.836421   11.681611   0.000311    0.005582    0.572723    19.397147  
[37m[36mINFO[0m[0m 08/28 09:48:11 | 0.979866    0.977995    0.000000    0.984001    0.048358    0.979866    0.977995    0.997863    1.000000    0.954140    300         7.185629    2.099652    0.203262    0.040481    0.040620    0.040620    0.052027    2.000000    0.000060    0.000000    3.565540    0.503000    0.000000    0.000000    9.064314    8.993956    0.964529    12.156156   11.993900   0.000087    0.004974    0.572535    19.926494  
[37m[36mINFO[0m[0m 08/28 09:49:28 | 0.974375    0.975550    0.000000    0.981878    0.051519    0.974375    0.975550    0.997863    1.000000    0.947771    400         9.580838    2.757128    0.181728    0.036201    0.036327    0.036327    0.049855    2.000000    0.000044    0.000000    3.521963    0.703000    0.000000    0.000000    9.691254    9.616187    0.968708    12.458828   12.276409   0.000376    0.005131    0.572079    19.565845  
[37m[36mINFO[0m[0m 08/28 09:50:45 | 0.975595    0.977995    0.000000    0.984426    0.055828    0.975595    0.977995    0.997863    1.000000    0.955414    500         11.976048   3.421379    0.161609    0.031847    0.032398    0.032398    0.046792    2.000000    0.000034    0.000000    3.506493    0.902980    0.000000    0.000000    10.090167   10.031480   0.971520    12.804641   12.614520   0.000083    0.004387    0.568956    19.809180  
[37m[36mINFO[0m[0m 08/28 09:52:02 | 0.976815    0.975550    0.000000    0.984426    0.045054    0.976815    0.975550    0.997863    1.000000    0.955414    600         14.371257   3.729127    0.155963    0.030970    0.031213    0.031213    0.044246    2.000000    0.000029    0.000000    3.484674    1.000000    0.000000    0.000000    10.729842   10.664644   0.974905    13.221860   13.003930   0.000240    0.003878    0.574485    19.593790  
[37m[36mINFO[0m[0m 08/28 09:53:19 | 0.976815    0.975550    0.000000    0.984001    0.046814    0.976815    0.975550    0.997863    1.000000    0.954140    700         16.766467   3.726551    0.156453    0.031107    0.031308    0.031308    0.044785    2.000000    0.000023    0.000000    3.480528    1.000000    0.000000    0.000000    11.158041   11.075025   0.976741    13.771999   13.528712   0.000172    0.003461    0.574067    19.816712  
[37m[36mINFO[0m[0m 08/28 09:54:37 | 0.976205    0.973105    0.000000    0.982727    0.052056    0.976205    0.973105    0.997863    1.000000    0.950318    800         19.161677   3.739152    0.166582    0.032880    0.033398    0.033398    0.045437    2.000000    0.000022    0.000000    3.481696    1.000000    0.000000    0.000000    11.571344   11.502768   0.977164    14.332671   14.066997   0.000100    0.003119    0.575189    20.207309  
[37m[36mINFO[0m[0m 08/28 09:55:54 | 0.978035    0.980440    0.000000    0.982727    0.050869    0.978035    0.980440    0.997863    1.000000    0.950318    900         21.556886   3.716473    0.161998    0.033164    0.032186    0.032186    0.042106    2.000000    0.000018    0.000000    3.470263    1.000000    0.000000    0.000000    12.311105   12.257989   0.979198    15.124999   14.842990   0.000279    0.003481    0.564697    20.542862  
[37m[36mINFO[0m[0m 08/28 09:57:11 | 0.977425    0.973105    0.000000    0.985987    0.039364    0.977425    0.973105    1.000000    1.000000    0.957962    1000        23.952096   3.703152    0.147135    0.029737    0.029332    0.029332    0.043620    2.000000    0.000014    0.000000    3.468777    1.000000    0.000000    0.000000    12.661016   12.604445   0.979744    15.386858   15.086012   0.000102    0.002853    0.575501    19.999291  
[37m[36mINFO[0m[0m 08/28 09:58:30 | 0.978035    0.977995    0.000000    0.983152    0.053014    0.978035    0.977995    0.997863    1.000000    0.951592    1100        26.347305   3.670410    0.128584    0.025805    0.025677    0.025677    0.036934    2.000000    0.000015    0.000000    3.467957    1.000000    0.000000    0.000000    12.969419   12.893185   0.980149    15.729273   15.423542   0.000037    0.002680    0.582153    20.529076  
[37m[36mINFO[0m[0m 08/28 09:59:47 | 0.971324    0.973105    0.000000    0.986837    0.040899    0.971324    0.973105    1.000000    1.000000    0.960510    1200        28.742515   3.680736    0.135566    0.027189    0.027079    0.027079    0.039961    2.000000    0.000012    0.000000    3.465248    1.000000    0.000000    0.000000    13.240086   13.162384   0.980800    16.076004   15.745447   -0.000005   0.002327    0.563163    20.547778  
[37m[36mINFO[0m[0m 08/28 10:01:05 | 0.976205    0.975550    0.000000    0.986412    0.048685    0.976205    0.975550    1.000000    1.000000    0.959236    1300        31.137725   3.662938    0.126252    0.025467    0.025183    0.025183    0.038730    2.000000    0.000010    0.000000    3.459224    1.000000    0.000000    0.000000    13.518273   13.452932   0.981013    16.543705   16.181884   0.000024    0.002235    0.564576    21.011523  
[37m[36mINFO[0m[0m 08/28 10:02:22 | 0.976815    0.975550    0.000000    0.987261    0.043830    0.976815    0.975550    1.000000    1.000000    0.961783    1400        33.532934   3.638343    0.110879    0.021858    0.022240    0.022240    0.036041    2.000000    0.000012    0.000000    3.455382    1.000000    0.000000    0.000000    13.942659   13.908164   0.981818    16.954234   16.580853   0.000039    0.002030    0.565857    20.638184  
[37m[36mINFO[0m[0m 08/28 10:03:39 | 0.978646    0.977995    0.000000    0.985700    0.049212    0.978646    0.977995    0.997863    1.000000    0.959236    1500        35.928144   3.595053    0.086417    0.017405    0.017241    0.017241    0.030834    2.000000    0.000009    0.000000    3.446969    1.000000    0.000000    0.000000    13.976541   13.938051   0.981762    17.687222   17.289963   -0.000026   0.002008    0.565424    20.469000  
[37m[36mINFO[0m[0m 08/28 10:04:56 | 0.974375    0.973105    0.000000    0.984713    0.040563    0.974375    0.973105    1.000000    1.000000    0.954140    1600        38.323353   3.608484    0.096599    0.019333    0.019306    0.019306    0.029781    2.000000    0.000009    0.000000    3.452324    1.000000    0.000000    0.000000    14.253086   14.211607   0.981806    17.991127   17.586591   0.000050    0.001942    0.562984    20.525601  
[37m[36mINFO[0m[0m 08/28 10:06:12 | 0.974985    0.970660    0.000000    0.984713    0.046227    0.974985    0.970660    1.000000    1.000000    0.954140    1700        40.718563   3.656476    0.123744    0.025099    0.024651    0.024651    0.038884    2.000000    0.000008    0.000000    3.454965    1.000000    0.000000    0.000000    14.532092   14.463013   0.982208    18.300435   17.872836   0.000003    0.001635    0.562037    20.455265  
[37m[36mINFO[0m[0m 08/28 10:07:29 | 0.973764    0.977995    0.000000    0.980168    0.068548    0.973764    0.977995    0.995726    0.997006    0.947771    1800        43.113772   3.621410    0.099537    0.019890    0.019902    0.019902    0.034455    2.000000    0.000008    0.000000    3.452963    1.000000    0.000000    0.000000    14.786985   14.749015   0.982117    18.648522   18.206508   0.000028    0.001677    0.562569    20.235884  
[37m[36mINFO[0m[0m 08/28 10:08:45 | 0.973154    0.975550    0.000000    0.985563    0.053053    0.973154    0.975550    1.000000    1.000000    0.956688    1900        45.508982   3.613009    0.099420    0.020120    0.019815    0.019815    0.034825    2.000000    0.000008    0.000000    3.443939    1.000000    0.000000    0.000000    15.226908   15.162228   0.983033    19.478657   18.995827   0.000046    0.001553    0.563018    20.049837  
[37m[36mINFO[0m[0m 08/28 10:10:02 | 0.974375    0.977995    0.000000    0.984289    0.055500    0.974375    0.977995    1.000000    1.000000    0.952866    2000        47.904192   3.599363    0.095784    0.020033    0.018930    0.018930    0.030967    2.000000    0.000006    0.000000    3.441646    1.000000    0.000000    0.000000    15.620379   15.586291   0.983306    19.727264   19.255092   0.000062    0.001514    0.567014    20.205864  
[37m[36mINFO[0m[0m 08/28 10:11:18 | 0.974985    0.977995    0.000000    0.984989    0.044462    0.974985    0.977995    1.000000    0.997006    0.957962    2100        50.299401   3.594050    0.091262    0.019012    0.018055    0.018055    0.031060    2.000000    0.000006    0.000000    3.440667    1.000000    0.000000    0.000000    16.014500   15.946074   0.983588    19.932158   19.431566   -0.000021   0.001542    0.563796    19.554786  
[37m[36mINFO[0m[0m 08/28 10:12:34 | 0.976205    0.975550    0.000000    0.983714    0.048784    0.976205    0.975550    0.995726    1.000000    0.955414    2200        52.694611   3.566519    0.073601    0.014139    0.014857    0.014857    0.028463    2.000000    0.000006    0.000000    3.435993    1.000000    0.000000    0.000000    16.051958   15.981422   0.983056    20.635162   20.127991   0.000089    0.001800    0.564875    19.572858  
[37m[36mINFO[0m[0m 08/28 10:13:51 | 0.974985    0.975550    0.000000    0.984001    0.051904    0.974985    0.975550    0.997863    1.000000    0.954140    2300        55.089820   3.611500    0.097575    0.020693    0.019214    0.019214    0.033320    2.000000    0.000005    0.000000    3.447286    1.000000    0.000000    0.000000    16.352542   16.291208   0.983302    21.497128   20.943982   -0.000042   0.001383    0.574106    19.522571  
[37m[36mINFO[0m[0m 08/28 10:15:08 | 0.974985    0.973105    0.000000    0.986263    0.046403    0.974985    0.973105    1.000000    0.997006    0.961783    2400        57.485030   3.574263    0.079036    0.016538    0.015618    0.015618    0.028903    2.000000    0.000005    0.000000    3.437422    1.000000    0.000000    0.000000    16.782070   16.724278   0.983696    21.756563   21.212585   -0.000063   0.001218    0.566595    19.536146  
[37m[36mINFO[0m[0m 08/28 10:16:23 | 0.971934    0.973105    0.000000    0.985414    0.048194    0.971934    0.973105    1.000000    0.997006    0.959236    2500        59.880240   3.592075    0.085169    0.017775    0.016843    0.016843    0.033600    2.000000    0.000004    0.000000    3.439705    1.000000    0.000000    0.000000    17.099757   17.014075   0.983340    22.159874   21.565808   0.000071    0.001293    0.561687    19.692591  
[37m[36mINFO[0m[0m 08/28 10:17:41 | 0.968273    0.970660    0.000000    0.986261    0.043174    0.968273    0.970660    0.995726    1.000000    0.963057    2600        62.275449   3.564318    0.076256    0.015006    0.015306    0.015306    0.028836    2.000000    0.000005    0.000000    3.430389    1.000000    0.000000    0.000000    17.271906   17.230827   0.983412    22.774205   22.184259   0.000102    0.001359    0.575746    19.611478  
[37m[36mINFO[0m[0m 08/28 10:18:56 | 0.973764    0.965770    0.000000    0.981303    0.053609    0.973764    0.965770    0.993590    1.000000    0.950318    2700        64.670659   3.601802    0.088388    0.018399    0.017492    0.017492    0.034823    2.000000    0.000004    0.000000    3.443767    1.000000    0.000000    0.000000    17.689548   17.639339   0.983790    23.558055   22.950258   0.000065    0.001245    0.562912    19.323227  
[37m[36mINFO[0m[0m 08/28 10:20:14 | 0.973764    0.973105    0.000000    0.986837    0.041046    0.973764    0.973105    1.000000    1.000000    0.960510    2800        67.065868   3.610750    0.091779    0.018900    0.018214    0.018214    0.035810    2.000000    0.000004    0.000000    3.447352    1.000000    0.000000    0.000000    18.009325   17.969976   0.983636    23.766730   23.165174   0.000059    0.001312    0.586821    19.396719  
[37m[36mINFO[0m[0m 08/28 10:21:31 | 0.973154    0.968215    0.000000    0.986124    0.042376    0.973154    0.968215    0.997863    1.000000    0.960510    2900        69.461078   3.576364    0.077926    0.015899    0.015502    0.015502    0.030914    2.000000    0.000004    0.000000    3.436609    1.000000    0.000000    0.000000    18.312154   18.255768   0.984013    24.126055   23.510201   -0.000068   0.001033    0.571517    19.914207  
[37m[36mINFO[0m[0m 08/28 10:22:48 | 0.966443    0.963325    0.000000    0.987823    0.045458    0.966443    0.963325    0.997863    1.000000    0.965605    3000        71.856287   3.594979    0.091043    0.018687    0.018084    0.018084    0.032526    2.000000    0.000004    0.000000    3.438884    1.000000    0.000000    0.000000    18.492722   18.440214   0.983668    24.641630   23.993448   0.000093    0.001163    0.567123    19.472585  
[37m[36mINFO[0m[0m 08/28 10:24:04 | 0.970714    0.965770    0.000000    0.986412    0.044559    0.970714    0.965770    1.000000    1.000000    0.959236    3100        74.251497   3.595104    0.083381    0.017449    0.016479    0.016479    0.033859    2.000000    0.000003    0.000000    3.444006    1.000000    0.000000    0.000000    18.818484   18.774071   0.984192    24.906460   24.234126   0.000095    0.000943    0.570278    19.459864  
[37m[36mINFO[0m[0m 08/28 10:25:20 | 0.971934    0.970660    0.000000    0.985987    0.060324    0.971934    0.970660    1.000000    1.000000    0.957962    3200        76.646707   3.571176    0.077983    0.015829    0.015534    0.015534    0.028918    2.000000    0.000004    0.000000    3.435358    1.000000    0.000000    0.000000    19.141465   19.066606   0.984142    25.236186   24.537480   -0.000017   0.000691    0.567932    19.370311  
[37m[36mINFO[0m[0m 08/28 10:26:38 | 0.967663    0.960880    0.000000    0.979606    0.055714    0.967663    0.960880    0.997863    0.997006    0.943949    3300        79.041916   3.599314    0.091127    0.019777    0.017832    0.017832    0.034197    2.000000    0.000004    0.000000    3.439794    1.000000    0.000000    0.000000    19.471519   19.410815   0.984272    26.637133   25.925050   -0.000065   0.001018    0.582566    19.227649  
[37m[36mINFO[0m[0m 08/28 10:27:54 | 0.968883    0.968215    0.000000    0.983003    0.062252    0.968883    0.968215    0.997863    0.997006    0.954140    3400        81.437126   3.581203    0.079125    0.016894    0.015551    0.015551    0.032343    2.000000    0.000005    0.000000    3.437392    1.000000    0.000000    0.000000    20.086215   19.998172   0.984678    27.208713   26.455066   0.000113    0.000970    0.569669    19.424170  
[37m[36mINFO[0m[0m 08/28 10:29:10 | 0.972544    0.963325    0.000000    0.981017    0.060525    0.972544    0.963325    0.995726    0.997006    0.950318    3500        83.832335   3.560610    0.067143    0.013618    0.013377    0.013377    0.028167    2.000000    0.000003    0.000000    3.437134    1.000000    0.000000    0.000000    20.300047   20.217935   0.984769    27.514819   26.782288   -0.000125   0.000654    0.565102    19.551592  
[37m[36mINFO[0m[0m 08/28 10:30:27 | 0.973154    0.968215    0.000000    0.982715    0.059684    0.973154    0.968215    0.995726    0.997006    0.955414    3600        86.227545   3.589829    0.084856    0.017763    0.016769    0.016769    0.032763    2.000000    0.000003    0.000000    3.439447    1.000000    0.000000    0.000000    20.924415   20.820180   0.985284    27.756653   27.025360   0.000100    0.000784    0.569668    19.743080  
[37m[36mINFO[0m[0m 08/28 10:31:44 | 0.971324    0.970660    0.000000    0.984713    0.049266    0.971324    0.970660    1.000000    1.000000    0.954140    3700        88.622754   3.577641    0.075366    0.015953    0.014848    0.014848    0.031116    2.000000    0.000004    0.000000    3.440044    1.000000    0.000000    0.000000    21.117841   20.986336   0.984871    28.262498   27.498243   0.000032    0.000454    0.565535    19.788798  
[37m[36mINFO[0m[0m 08/28 10:33:00 | 0.971324    0.970660    0.000000    0.982291    0.057270    0.971324    0.970660    0.995726    0.997006    0.954140    3800        91.017964   3.592871    0.088133    0.018892    0.017306    0.017306    0.032206    2.000000    0.000003    0.000000    3.440326    1.000000    0.000000    0.000000    21.277308   21.197185   0.985019    28.970138   28.181517   -0.000076   0.000409    0.566091    19.478789  
[37m[36mINFO[0m[0m 08/28 10:34:17 | 0.971934    0.968215    0.000000    0.984563    0.047138    0.971934    0.968215    0.995726    1.000000    0.957962    3900        93.413174   3.576574    0.067360    0.013866    0.013370    0.013370    0.034219    2.000000    0.000003    0.000000    3.440776    1.000000    0.000000    0.000000    21.419184   21.341110   0.984622    29.510515   28.697209   0.000007    0.000389    0.571931    19.884004  
[37m[36mINFO[0m[0m 08/28 10:35:33 | 0.964002    0.968215    0.000000    0.983714    0.062875    0.964002    0.968215    0.995726    1.000000    0.955414    4000        95.808383   3.548632    0.066928    0.013581    0.013333    0.013333    0.026121    2.000000    0.000003    0.000000    3.429464    1.000000    0.000000    0.000000    21.816027   21.721412   0.985192    29.978324   29.143402   0.000112    0.000609    0.564984    19.932436  
[37m[36mINFO[0m[0m 08/28 10:36:50 | 0.968273    0.965770    0.000000    0.986549    0.042659    0.968273    0.965770    0.997863    1.000000    0.961783    4100        98.203593   3.576125    0.077038    0.015786    0.015309    0.015309    0.031807    2.000000    0.000003    0.000000    3.435474    1.000000    0.000000    0.000000    22.033043   21.911860   0.984585    30.906642   30.027523   0.000004    0.000541    0.571350    19.914564  
[37m[36mINFO[0m[0m 08/28 10:38:07 | 0.968883    0.968215    0.000000    0.982291    0.057075    0.968883    0.968215    0.995726    0.997006    0.954140    4200        100.598802  3.560375    0.070398    0.014400    0.013996    0.013996    0.026861    2.000000    0.000003    0.000000    3.436255    1.000000    0.000000    0.000000    22.237267   22.098732   0.985210    31.334749   30.448870   0.000081    0.000545    0.566670    19.728397  
[37m[36mINFO[0m[0m 08/28 10:39:24 | 0.968883    0.965770    0.000000    0.984702    0.057506    0.968883    0.965770    0.997863    0.997006    0.959236    4300        102.994012  3.575595    0.082020    0.017345    0.016166    0.016166    0.030148    2.000000    0.000003    0.000000    3.433279    1.000000    0.000000    0.000000    22.664163   22.528426   0.985051    31.936951   30.983933   -0.000034   0.000452    0.573036    19.588441  
[37m[36mINFO[0m[0m 08/28 10:40:40 | 0.967663    0.965770    0.000000    0.985839    0.050505    0.967663    0.965770    1.000000    0.997006    0.960510    4400        105.389222  3.548767    0.069262    0.014266    0.013746    0.013746    0.026978    2.000000    0.000002    0.000000    3.425549    1.000000    0.000000    0.000000    23.030326   22.909781   0.985258    32.350816   31.416841   0.000017    0.000577    0.570401    18.849732  
[37m[36mINFO[0m[0m 08/28 10:41:57 | 0.968273    0.965770    0.000000    0.981729    0.060305    0.968273    0.965770    0.997863    0.997006    0.950318    4500        107.784431  3.574062    0.069023    0.014138    0.013717    0.013717    0.034544    2.000000    0.000003    0.000000    3.435950    1.000000    0.000000    0.000000    23.491193   23.338753   0.985286    33.028013   32.043613   0.000063    0.000493    0.575286    19.526527  
[37m[36mINFO[0m[0m 08/28 10:43:13 | 0.968273    0.963325    0.000000    0.986400    0.046241    0.968273    0.963325    0.997863    0.997006    0.964331    4600        110.179641  3.566002    0.074066    0.015331    0.014680    0.014680    0.030675    2.000000    0.000003    0.000000    3.430587    1.000000    0.000000    0.000000    23.852574   23.774195   0.985257    34.137419   33.137720   0.000007    0.000564    0.570174    19.757674  
[37m[36mINFO[0m[0m 08/28 10:44:31 | 0.968273    0.970660    0.000000    0.985551    0.048298    0.968273    0.970660    0.997863    0.997006    0.961783    4700        112.574850  3.557374    0.071058    0.014133    0.014228    0.014228    0.027072    2.000000    0.000002    0.000000    3.432172    1.000000    0.000000    0.000000    23.820459   23.702360   0.984962    34.915862   33.885220   -0.000028   0.000579    0.573045    20.064609  
[37m[36mINFO[0m[0m 08/28 10:45:49 | 0.968883    0.965770    0.000000    0.979743    0.074985    0.968883    0.965770    0.995726    0.997006    0.946497    4800        114.970060  3.563589    0.072503    0.014999    0.014373    0.014373    0.030014    2.000000    0.000002    0.000000    3.431058    1.000000    0.000000    0.000000    24.160105   24.052197   0.985668    35.619962   34.542573   0.000059    0.000691    0.584262    19.603021  
[37m[36mINFO[0m[0m 08/28 10:47:07 | 0.968883    0.970660    0.000000    0.980168    0.065347    0.968883    0.970660    0.995726    0.997006    0.947771    4900        117.365269  3.581296    0.072695    0.015516    0.014292    0.014292    0.034394    2.000000    0.000002    0.000000    3.439813    1.000000    0.000000    0.000000    24.621900   24.476479   0.985294    36.246627   35.117962   0.000030    0.000593    0.576995    20.128431  
[37m[36mINFO[0m[0m 08/28 10:48:25 | 0.970104    0.965770    0.000000    0.986549    0.052973    0.970104    0.965770    0.997863    1.000000    0.961783    5000        119.760479  3.562764    0.072399    0.014946    0.014361    0.014361    0.029419    2.000000    0.000002    0.000000    3.431527    1.000000    0.000000    0.000000    24.957867   24.823462   0.985472    36.456427   35.413290   -0.000055   0.000191    0.574805    20.375703  
[37m[36mINFO[0m[0m 08/28 10:48:25 | ---
[37m[36mINFO[0m[0m 08/28 10:48:25 | oracle = 97.071%
[37m[36mINFO[0m[0m 08/28 10:48:25 | iid = 96.644%
[37m[36mINFO[0m[0m 08/28 10:48:25 | last = 97.010%
[37m[36mINFO[0m[0m 08/28 10:48:25 | last (inD) = 98.655%
[37m[36mINFO[0m[0m 08/28 10:48:25 | iid (inD) = 98.782%
[37m[36mINFO[0m[0m 08/28 10:48:25 | 
[37m[36mINFO[0m[0m 08/28 10:48:29 | Testenv name escaping te_cartoon -> te_cartoon
[37m[36mINFO[0m[0m 08/28 10:48:29 | Test envs = [1], name = te_cartoon
[37m[36mINFO[0m[0m 08/28 10:48:29 | Batch sizes for each domain: [32, 0, 32, 32] (total=96)
[37m[36mINFO[0m[0m 08/28 10:48:29 | steps-per-epoch for each domain: 51.22, 41.75, 98.25 -> min = 41.75
[37m[36mINFO[0m[0m 08/28 10:48:51 | # of params = 151206401
[37m[36mINFO[0m[0m 08/28 10:49:12 | test_in     test_out    train_in    train_out   tr_outloss  env0_out    env1_in     env1_out    env2_out    env3_out    step        epoch       total_loss  cipt_base_  cipt_cls_l  cipt_de_lo  cipt_de_or  cipt_de_au  aug_decomp  cipt_ind_l  causal_con  dccl_contr  contrastiv  pre_cl_los  reg_loss    mean_e_nor  mean_e_aug  mean_e_aug  mean_s_nor  mean_s_aug  mean_es_co  mean_e_aug  step_time   eval_time  
[37m[36mINFO[0m[0m 08/28 10:49:12 | 0.227079    0.222222    0.000000    0.256204    1.854720    0.256724    0.227079    0.222222    0.323353    0.188535    0           0.000000    16.513958   11.868007   2.238969    2.405240    2.405240    2.317973    2.000000    0.001615    0.000000    5.002679    0.002000    0.000000    0.000000    6.163232    6.196944    0.926979    6.399341    6.444818    -0.047598   -0.060707   0.678514    20.013670  
[37m[36mINFO[0m[0m 08/28 10:50:21 | 0.989872    0.991453    0.000000    0.982268    0.058480    0.992665    0.989872    0.991453    1.000000    0.954140    100         2.395210    1.550245    0.803625    0.143243    0.164295    0.164295    0.174863    2.000000    0.000640    0.000000    3.961774    0.103000    0.000000    0.000000    7.413882    7.395211    0.937379    11.247709   11.076524   -0.007020   -0.018199   0.485808    21.115041  
[37m[36mINFO[0m[0m 08/28 10:51:45 | 0.984542    0.987179    0.000000    0.975118    0.064079    0.987775    0.984542    0.987179    1.000000    0.937580    200         4.790419    1.477933    0.244304    0.048510    0.048822    0.048822    0.063095    2.000000    0.000101    0.000000    3.663833    0.303000    0.000000    0.000000    8.248192    8.258589    0.950219    12.539213   12.319935   -0.000314   -0.010861   0.592566    24.261158  
[37m[36mINFO[0m[0m 08/28 10:53:05 | 0.987207    0.989316    0.000000    0.979365    0.049968    0.987775    0.987207    0.989316    1.000000    0.950318    300         7.185629    2.155173    0.234660    0.046879    0.046865    0.046865    0.060376    2.000000    0.000064    0.000000    3.581131    0.503000    0.000000    0.000000    9.024689    9.048989    0.959488    12.857637   12.609153   0.000013    -0.008680   0.592089    20.461448  
[37m[36mINFO[0m[0m 08/28 10:54:24 | 0.984009    0.989316    0.000000    0.981453    0.054461    0.990220    0.984009    0.989316    1.000000    0.954140    400         9.580838    2.810606    0.209535    0.042224    0.041769    0.041769    0.057060    2.000000    0.000047    0.000000    3.538554    0.703000    0.000000    0.000000    9.562946    9.583759    0.965764    13.000433   12.761689   0.000070    -0.006851   0.592232    20.538897  
[37m[36mINFO[0m[0m 08/28 10:55:45 | 0.980277    0.987179    0.000000    0.984323    0.048697    0.997555    0.980277    0.987179    1.000000    0.955414    500         11.976048   3.410630    0.158618    0.031649    0.031693    0.031693    0.043608    2.000000    0.000039    0.000000    3.505719    0.902980    0.000000    0.000000    10.153127   10.153009   0.969938    13.217617   12.948636   0.000217    -0.005383   0.598869    20.905671  
[37m[36mINFO[0m[0m 08/28 10:57:05 | 0.986141    0.989316    0.000000    0.981488    0.057092    0.987775    0.986141    0.989316    1.000000    0.956688    600         14.371257   3.726374    0.150239    0.030015    0.030017    0.030017    0.043112    2.000000    0.000031    0.000000    3.489911    1.000000    0.000000    0.000000    10.504478   10.509145   0.972153    13.416108   13.146387   -0.000095   -0.005410   0.590728    21.044154  
[37m[36mINFO[0m[0m 08/28 10:58:23 | 0.982942    0.987179    0.000000    0.981419    0.053989    0.992665    0.982942    0.987179    1.000000    0.951592    700         16.766467   3.769834    0.180986    0.036277    0.036143    0.036143    0.051077    2.000000    0.000028    0.000000    3.486693    1.000000    0.000000    0.000000    10.841429   10.849167   0.973392    13.616827   13.315360   0.000039    -0.004247   0.585053    19.395103  
[37m[36mINFO[0m[0m 08/28 10:59:42 | 0.984542    0.987179    0.000000    0.981878    0.051493    0.990220    0.984542    0.987179    1.000000    0.955414    800         19.161677   3.711866    0.143030    0.028525    0.028596    0.028596    0.044182    2.000000    0.000024    0.000000    3.480473    1.000000    0.000000    0.000000    11.194107   11.230181   0.975017    13.857191   13.538316   -0.000264   -0.004639   0.599692    18.551292  
[37m[36mINFO[0m[0m 08/28 11:01:01 | 0.987740    0.995726    0.000000    0.984001    0.047141    0.990220    0.987740    0.995726    1.000000    0.961783    900         21.556886   3.689667    0.129160    0.025608    0.025861    0.025861    0.044403    2.000000    0.000022    0.000000    3.471701    1.000000    0.000000    0.000000    11.417960   11.476024   0.975932    14.175176   13.849625   0.000307    -0.003452   0.602460    18.981946  
[37m[36mINFO[0m[0m 08/28 11:02:19 | 0.982409    0.982906    0.000000    0.983394    0.047170    0.992665    0.982409    0.982906    0.997006    0.960510    1000        23.952096   3.667198    0.127616    0.025604    0.025479    0.025479    0.038083    2.000000    0.000019    0.000000    3.463417    1.000000    0.000000    0.000000    11.691006   11.775690   0.976775    14.629977   14.290252   -0.000228   -0.003329   0.590651    18.795117  
[37m[36mINFO[0m[0m 08/28 11:03:37 | 0.981876    0.987179    0.000000    0.983003    0.047892    0.990220    0.981876    0.987179    0.997006    0.961783    1100        26.347305   3.656294    0.118333    0.023324    0.023731    0.023731    0.038288    2.000000    0.000017    0.000000    3.461384    1.000000    0.000000    0.000000    11.902097   11.968210   0.976952    14.980610   14.635390   -0.000103   -0.003490   0.592030    18.660485  
[37m[36mINFO[0m[0m 08/28 11:04:54 | 0.977079    0.982906    0.000000    0.981202    0.057891    0.997555    0.977079    0.982906    0.997006    0.949045    1200        28.742515   3.673929    0.132181    0.026440    0.026416    0.026416    0.040760    2.000000    0.000015    0.000000    3.460228    1.000000    0.000000    0.000000    12.272041   12.341495   0.977988    15.471873   15.097585   0.000012    -0.002859   0.584408    18.569646  
[37m[36mINFO[0m[0m 08/28 11:06:13 | 0.981343    0.985043    0.000000    0.981488    0.053536    0.987775    0.981343    0.985043    1.000000    0.956688    1300        31.137725   3.677871    0.136033    0.028155    0.026950    0.026950    0.040750    2.000000    0.000016    0.000000    3.460337    1.000000    0.000000    0.000000    12.666632   12.725195   0.979032    15.892353   15.491179   0.000075    -0.002953   0.595871    19.065403  
[37m[36mINFO[0m[0m 08/28 11:07:31 | 0.984009    0.991453    0.000000    0.985092    0.041867    0.992665    0.984009    0.991453    0.997006    0.965605    1400        33.532934   3.662822    0.125848    0.026121    0.024914    0.024914    0.038023    2.000000    0.000014    0.000000    3.460928    1.000000    0.000000    0.000000    13.200498   13.259744   0.979447    16.295285   15.872728   -0.000057   -0.002983   0.590348    19.140822  
[37m[36mINFO[0m[0m 08/28 11:08:49 | 0.985608    0.989316    0.000000    0.985092    0.047246    0.992665    0.985608    0.989316    0.997006    0.965605    1500        35.928144   3.629685    0.106112    0.021371    0.021171    0.021171    0.038609    2.000000    0.000011    0.000000    3.446356    1.000000    0.000000    0.000000    13.435711   13.471414   0.979904    16.500363   16.076089   0.000020    -0.002713   0.590167    19.059549  
[37m[36mINFO[0m[0m 08/28 11:10:06 | 0.981876    0.985043    0.000000    0.980707    0.060066    0.982885    0.981876    0.985043    1.000000    0.959236    1600        38.323353   3.624446    0.094731    0.018845    0.018956    0.018956    0.036204    2.000000    0.000012    0.000000    3.457306    1.000000    0.000000    0.000000    13.587280   13.674301   0.979811    16.994512   16.553674   -0.000177   -0.003187   0.586876    18.741002  
[37m[36mINFO[0m[0m 08/28 11:11:25 | 0.985075    0.991453    0.000000    0.986090    0.044901    0.992665    0.985075    0.991453    1.000000    0.965605    1700        40.718563   3.613452    0.099444    0.019922    0.019867    0.019867    0.033012    2.000000    0.000011    0.000000    3.447983    1.000000    0.000000    0.000000    13.724843   13.797285   0.980142    17.576518   17.090061   0.000076    -0.002544   0.594268    18.869269  
[37m[36mINFO[0m[0m 08/28 11:12:42 | 0.981876    0.989316    0.000000    0.983577    0.042824    0.990220    0.981876    0.989316    1.000000    0.960510    1800        43.113772   3.655584    0.115659    0.023585    0.023006    0.023006    0.040334    2.000000    0.000010    0.000000    3.459257    1.000000    0.000000    0.000000    13.942379   14.034288   0.980029    17.914305   17.445918   -0.000162   -0.002584   0.585064    18.784075  
[37m[36mINFO[0m[0m 08/28 11:13:59 | 0.978678    0.982906    0.000000    0.981912    0.049815    0.987775    0.978678    0.982906    1.000000    0.957962    1900        45.508982   3.632457    0.100300    0.020164    0.020023    0.020023    0.039670    2.000000    0.000008    0.000000    3.452817    1.000000    0.000000    0.000000    14.343111   14.393813   0.980515    18.305167   17.798525   -0.000031   -0.002234   0.587968    18.424814  
[37m[36mINFO[0m[0m 08/28 11:15:17 | 0.982409    0.989316    0.000000    0.982579    0.053108    0.990220    0.982409    0.989316    0.997006    0.960510    2000        47.904192   3.637735    0.112224    0.022524    0.022415    0.022415    0.037032    2.000000    0.000008    0.000000    3.451448    1.000000    0.000000    0.000000    14.691489   14.777398   0.980915    18.838838   18.322109   0.000114    -0.002233   0.588204    18.541027  
[37m[36mINFO[0m[0m 08/28 11:16:35 | 0.978145    0.980769    0.000000    0.981878    0.060304    0.990220    0.978145    0.980769    1.000000    0.955414    2100        50.299401   3.626799    0.103678    0.021310    0.020581    0.020581    0.036474    2.000000    0.000009    0.000000    3.450173    1.000000    0.000000    0.000000    14.885724   14.961738   0.981128    19.265660   18.726818   -0.000049   -0.002219   0.597930    18.512201  
[37m[36mINFO[0m[0m 08/28 11:17:52 | 0.981876    0.989316    0.000000    0.981270    0.055180    0.992665    0.981876    0.989316    0.997006    0.954140    2200        52.694611   3.641032    0.109519    0.022328    0.021788    0.021788    0.039477    2.000000    0.000008    0.000000    3.452560    1.000000    0.000000    0.000000    15.479108   15.539342   0.981076    19.873241   19.316596   -0.000085   -0.002191   0.588714    18.437756  
[37m[36mINFO[0m[0m 08/28 11:19:09 | 0.980810    0.978632    0.000000    0.982969    0.049882    0.992665    0.980810    0.978632    0.997006    0.959236    2300        55.089820   3.592713    0.092357    0.018654    0.018417    0.018417    0.029888    2.000000    0.000007    0.000000    3.440580    1.000000    0.000000    0.000000    15.544745   15.615498   0.981208    20.211089   19.630089   -0.000103   -0.002219   0.582082    18.436739  
[37m[36mINFO[0m[0m 08/28 11:20:26 | 0.980810    0.985043    0.000000    0.982120    0.050070    0.992665    0.980810    0.985043    0.997006    0.956688    2400        57.485030   3.609641    0.099676    0.020292    0.019837    0.019837    0.030530    2.000000    0.000007    0.000000    3.448906    1.000000    0.000000    0.000000    15.774144   15.878767   0.981434    20.625558   20.052671   -0.000101   -0.002088   0.585174    18.298301  
[37m[36mINFO[0m[0m 08/28 11:21:44 | 0.984009    0.991453    0.000000    0.978791    0.056641    0.987775    0.984009    0.991453    0.997006    0.951592    2500        59.880240   3.601225    0.088040    0.018597    0.017352    0.017352    0.033263    2.000000    0.000007    0.000000    3.446659    1.000000    0.000000    0.000000    15.851182   15.933173   0.981203    21.124679   20.512567   -0.000025   -0.002029   0.601023    18.389507  
[37m[36mINFO[0m[0m 08/28 11:23:01 | 0.978678    0.974359    0.000000    0.982969    0.050878    0.992665    0.978678    0.974359    0.997006    0.959236    2600        62.275449   3.616711    0.103318    0.021335    0.020485    0.020485    0.035638    2.000000    0.000008    0.000000    3.442117    1.000000    0.000000    0.000000    16.367480   16.477354   0.982070    21.725803   21.094752   0.000062    -0.001847   0.586335    18.132493  
[37m[36mINFO[0m[0m 08/28 11:24:19 | 0.980810    0.985043    0.000000    0.983818    0.046969    0.992665    0.980810    0.985043    0.997006    0.961783    2700        64.670659   3.628343    0.105556    0.021788    0.020933    0.020933    0.037446    2.000000    0.000007    0.000000    3.447895    1.000000    0.000000    0.000000    16.568567   16.658349   0.981716    22.192351   21.555816   -0.000253   -0.002115   0.590563    18.410059  
[37m[36mINFO[0m[0m 08/28 11:25:36 | 0.980277    0.985043    0.000000    0.981270    0.050095    0.992665    0.980277    0.985043    0.997006    0.954140    2800        67.065868   3.648417    0.113265    0.023515    0.022428    0.022428    0.041996    2.000000    0.000008    0.000000    3.451158    1.000000    0.000000    0.000000    17.029212   17.166250   0.982068    22.726685   22.066691   0.000191    -0.001775   0.593541    18.255462  
[37m[36mINFO[0m[0m 08/28 11:26:54 | 0.976013    0.974359    0.000000    0.983818    0.051624    0.992665    0.976013    0.974359    0.997006    0.961783    2900        69.461078   3.617631    0.096618    0.019731    0.019215    0.019215    0.036678    2.000000    0.000006    0.000000    3.447657    1.000000    0.000000    0.000000    17.359314   17.498896   0.981732    22.980285   22.317182   -0.000159   -0.001887   0.590533    18.624203  
[37m[36mINFO[0m[0m 08/28 11:28:12 | 0.976013    0.978632    0.000000    0.983462    0.048653    0.987775    0.976013    0.978632    0.997006    0.965605    3000        71.856287   3.581106    0.068274    0.014174    0.013518    0.013518    0.034822    2.000000    0.000006    0.000000    3.443188    1.000000    0.000000    0.000000    17.473683   17.592306   0.981848    23.289914   22.633851   0.000048    -0.001639   0.590739    18.828073  
[37m[36mINFO[0m[0m 08/28 11:29:30 | 0.976013    0.980769    0.000000    0.983394    0.056515    0.992665    0.976013    0.980769    0.997006    0.960510    3100        74.251497   3.570840    0.073698    0.014174    0.014873    0.014873    0.029946    2.000000    0.000006    0.000000    3.437250    1.000000    0.000000    0.000000    17.685817   17.873578   0.982455    23.792387   23.067695   -0.000069   -0.001666   0.589968    18.630570  
[37m[36mINFO[0m[0m 08/28 11:30:47 | 0.969616    0.976496    0.000000    0.978825    0.064733    0.985330    0.969616    0.976496    0.997006    0.954140    3200        76.646707   3.565885    0.074920    0.014993    0.014974    0.014974    0.028039    2.000000    0.000006    0.000000    3.434888    1.000000    0.000000    0.000000    17.855383   18.039783   0.982176    24.983063   24.250593   -0.000118   -0.001690   0.588603    19.016752  
[37m[36mINFO[0m[0m 08/28 11:32:05 | 0.972814    0.974359    0.000000    0.983428    0.056160    0.990220    0.972814    0.974359    0.997006    0.963057    3300        79.041916   3.564604    0.069384    0.014312    0.013761    0.013761    0.030771    2.000000    0.000006    0.000000    3.433677    1.000000    0.000000    0.000000    18.324782   18.530055   0.982900    25.449533   24.700571   0.000157    -0.001515   0.589096    18.355086  
[37m[36mINFO[0m[0m 08/28 11:33:22 | 0.973348    0.980769    0.000000    0.986090    0.050858    0.992665    0.973348    0.980769    1.000000    0.965605    3400        81.437126   3.588715    0.078545    0.015854    0.015667    0.015667    0.034771    2.000000    0.000004    0.000000    3.440628    1.000000    0.000000    0.000000    18.500131   18.762333   0.982461    25.746356   25.001747   -0.000082   -0.001379   0.588827    18.388152  
[37m[36mINFO[0m[0m 08/28 11:34:39 | 0.974947    0.976496    0.000000    0.982935    0.052268    0.995110    0.974947    0.976496    0.997006    0.956688    3500        83.832335   3.604406    0.086120    0.017382    0.017177    0.017177    0.037478    2.000000    0.000006    0.000000    3.443330    1.000000    0.000000    0.000000    18.702410   18.891569   0.982796    26.355292   25.538095   -0.000159   -0.001734   0.587038    18.587342  
[37m[36mINFO[0m[0m 08/28 11:35:57 | 0.977079    0.978632    0.000000    0.983852    0.049648    0.990220    0.977079    0.978632    0.997006    0.964331    3600        86.227545   3.567741    0.071385    0.014387    0.014244    0.014244    0.029574    2.000000    0.000004    0.000000    3.437208    1.000000    0.000000    0.000000    19.159768   19.355784   0.983410    26.686045   25.883862   -0.000087   -0.001769   0.587453    18.561458  
[37m[36mINFO[0m[0m 08/28 11:37:14 | 0.972281    0.978632    0.000000    0.982969    0.053387    0.992665    0.972281    0.978632    0.997006    0.959236    3700        88.622754   3.574754    0.070199    0.013897    0.014069    0.014069    0.032739    2.000000    0.000005    0.000000    3.439077    1.000000    0.000000    0.000000    19.224626   19.400868   0.982774    27.194706   26.362824   0.000051    -0.001686   0.590003    18.800336  
[37m[36mINFO[0m[0m 08/28 11:38:34 | 0.978145    0.978632    0.000000    0.983531    0.056828    0.982885    0.978145    0.978632    0.997006    0.970701    3800        91.017964   3.567084    0.074568    0.015470    0.014767    0.014767    0.031108    2.000000    0.000006    0.000000    3.430301    1.000000    0.000000    0.000000    19.343231   19.541284   0.982648    28.136188   27.306554   0.000018    -0.001568   0.604944    18.850296  
[37m[36mINFO[0m[0m 08/28 11:39:52 | 0.979744    0.987179    0.000000    0.981878    0.063768    0.990220    0.979744    0.987179    1.000000    0.955414    3900        93.413174   3.590607    0.089303    0.018727    0.017639    0.017639    0.032733    2.000000    0.000004    0.000000    3.435839    1.000000    0.000000    0.000000    19.945415   20.131162   0.983183    28.560851   27.691998   0.000002    -0.001327   0.589648    18.916532  
[37m[36mINFO[0m[0m 08/28 11:41:10 | 0.976546    0.980769    0.000000    0.983428    0.050930    0.990220    0.976546    0.980769    0.997006    0.963057    4000        95.808383   3.580460    0.071779    0.014585    0.014293    0.014293    0.035102    2.000000    0.000004    0.000000    3.438478    1.000000    0.000000    0.000000    20.194487   20.351907   0.983002    28.847447   27.987297   -0.000061   -0.001528   0.598389    18.597180  
[37m[36mINFO[0m[0m 08/28 11:42:29 | 0.979211    0.978632    0.000000    0.981453    0.064232    0.990220    0.979211    0.978632    1.000000    0.954140    4100        98.203593   3.587249    0.077515    0.015688    0.015452    0.015452    0.034865    2.000000    0.000004    0.000000    3.440005    1.000000    0.000000    0.000000    20.525014   20.711060   0.983384    29.379152   28.503845   -0.000054   -0.001676   0.601075    18.816162  
[37m[36mINFO[0m[0m 08/28 11:43:48 | 0.970682    0.980769    0.000000    0.984633    0.057933    0.995110    0.970682    0.980769    0.997006    0.961783    4200        100.598802  3.546213    0.063719    0.012870    0.012707    0.012707    0.025575    2.000000    0.000004    0.000000    3.431343    1.000000    0.000000    0.000000    20.699633   20.836888   0.982876    29.992724   29.121773   0.000057    -0.001540   0.597699    18.926402  
[37m[36mINFO[0m[0m 08/28 11:45:08 | 0.969083    0.976496    0.000000    0.983394    0.064014    0.992665    0.969083    0.976496    0.997006    0.960510    4300        102.994012  3.576224    0.071887    0.015034    0.014207    0.014207    0.032104    2.000000    0.000005    0.000000    3.440130    1.000000    0.000000    0.000000    20.882708   21.015690   0.983264    30.484431   29.561944   -0.000152   -0.001860   0.610523    18.988453  
[37m[36mINFO[0m[0m 08/28 11:46:26 | 0.971748    0.980769    0.000000    0.981661    0.066571    0.995110    0.971748    0.980769    0.997006    0.952866    4400        105.389222  3.576284    0.075745    0.015229    0.015124    0.015124    0.031256    2.000000    0.000004    0.000000    3.438026    1.000000    0.000000    0.000000    21.215716   21.349480   0.983065    30.796056   29.862272   -0.000018   -0.001241   0.589351    19.152181  
[37m[36mINFO[0m[0m 08/28 11:47:43 | 0.975480    0.976496    0.000000    0.983394    0.057168    0.992665    0.975480    0.976496    0.997006    0.960510    4500        107.784431  3.569124    0.072951    0.015118    0.014453    0.014453    0.031784    2.000000    0.000004    0.000000    3.432606    1.000000    0.000000    0.000000    21.277023   21.458634   0.983015    31.290617   30.363582   0.000010    -0.001254   0.589569    18.131611  
[37m[36mINFO[0m[0m 08/28 11:49:01 | 0.979211    0.980769    0.000000    0.983037    0.049439    0.987775    0.979211    0.980769    0.997006    0.964331    4600        110.179641  3.575458    0.080135    0.016900    0.015804    0.015804    0.031744    2.000000    0.000004    0.000000    3.431836    1.000000    0.000000    0.000000    21.902972   22.087777   0.984040    32.094337   31.118363   0.000095    -0.001195   0.591033    18.445362  
[37m[36mINFO[0m[0m 08/28 11:50:19 | 0.977079    0.978632    0.000000    0.982727    0.052803    0.990220    0.977079    0.978632    1.000000    0.957962    4700        112.574850  3.547693    0.062977    0.012737    0.012555    0.012555    0.027283    2.000000    0.000004    0.000000    3.430150    1.000000    0.000000    0.000000    22.098157   22.225493   0.983799    32.349965   31.343405   -0.000087   -0.001289   0.590716    18.678120  
[37m[36mINFO[0m[0m 08/28 11:51:38 | 0.975480    0.974359    0.000000    0.981305    0.063728    0.990220    0.975480    0.974359    0.997006    0.956688    4800        114.970060  3.580670    0.071934    0.014696    0.014305    0.014305    0.035685    2.000000    0.000004    0.000000    3.437366    1.000000    0.000000    0.000000    22.470487   22.615712   0.983527    32.801360   31.785408   0.000017    -0.001534   0.599057    18.916335  
[37m[36mINFO[0m[0m 08/28 11:52:56 | 0.968550    0.976496    0.000000    0.975784    0.078163    0.990220    0.968550    0.976496    0.997006    0.940127    4900        117.365269  3.601252    0.096948    0.021118    0.018952    0.018952    0.033745    2.000000    0.000004    0.000000    3.436815    1.000000    0.000000    0.000000    22.644710   22.859894   0.983293    33.816948   32.784590   -0.000112   -0.001440   0.601236    18.809264  
[37m[36mINFO[0m[0m 08/28 11:54:14 | 0.972281    0.974359    0.000000    0.982544    0.059344    0.992665    0.972281    0.974359    0.997006    0.957962    5000        119.760479  3.564706    0.066186    0.012748    0.013354    0.013354    0.030469    2.000000    0.000004    0.000000    3.437583    1.000000    0.000000    0.000000    22.787890   22.977446   0.982991    34.874347   33.858202   0.000041    -0.001066   0.588713    18.396122  
[37m[36mINFO[0m[0m 08/28 11:54:14 | ---
[37m[36mINFO[0m[0m 08/28 11:54:14 | oracle = 98.774%
[37m[36mINFO[0m[0m 08/28 11:54:14 | iid = 98.507%
[37m[36mINFO[0m[0m 08/28 11:54:14 | last = 97.228%
[37m[36mINFO[0m[0m 08/28 11:54:14 | last (inD) = 98.254%
[37m[36mINFO[0m[0m 08/28 11:54:14 | iid (inD) = 98.609%
[37m[36mINFO[0m[0m 08/28 11:54:14 | 
[37m[36mINFO[0m[0m 08/28 11:54:19 | Testenv name escaping te_photo -> te_photo
[37m[36mINFO[0m[0m 08/28 11:54:19 | Test envs = [2], name = te_photo
[37m[36mINFO[0m[0m 08/28 11:54:19 | Batch sizes for each domain: [32, 32, 0, 32] (total=96)
[37m[36mINFO[0m[0m 08/28 11:54:19 | steps-per-epoch for each domain: 51.22, 58.62, 98.25 -> min = 51.22
[37m[36mINFO[0m[0m 08/28 11:54:40 | # of params = 151206401
[37m[36mINFO[0m[0m 08/28 11:55:01 | test_in     test_out    train_in    train_out   tr_outloss  env0_out    env1_out    env2_in     env2_out    env3_out    step        epoch       total_loss  cipt_base_  cipt_cls_l  cipt_de_lo  cipt_de_or  cipt_de_au  aug_decomp  cipt_ind_l  causal_con  dccl_contr  contrastiv  pre_cl_los  reg_loss    mean_e_nor  mean_e_aug  mean_e_aug  mean_s_nor  mean_s_aug  mean_es_co  mean_e_aug  step_time   eval_time  
[37m[36mINFO[0m[0m 08/28 11:55:01 | 0.414671    0.419162    0.000000    0.359686    1.820164    0.364303    0.416667    0.414671    0.419162    0.298089    0           0.000000    19.583332   13.831740   2.583836    2.811283    2.811283    2.871003    2.000000    0.000554    0.000000    4.792937    0.002000    0.000000    0.000000    6.382214    6.403497    0.928478    6.496861    6.578819    -0.006126   -0.008009   0.563058    19.882225  
[37m[36mINFO[0m[0m 08/28 11:56:08 | 0.997754    1.000000    0.000000    0.974899    0.073478    0.992665    0.995726    0.997754    1.000000    0.936306    100         1.952410    1.585788    0.819550    0.152422    0.165755    0.165755    0.183205    2.000000    0.000822    0.000000    3.974737    0.103000    0.000000    0.000000    8.106756    8.050278    0.948783    11.466393   11.472731   0.010791    0.015765    0.445510    22.488490  
[37m[36mINFO[0m[0m 08/28 11:57:26 | 0.997754    1.000000    0.000000    0.977803    0.060499    0.987775    0.997863    0.997754    1.000000    0.947771    200         3.904820    1.495634    0.238018    0.047130    0.047571    0.047571    0.065571    2.000000    0.000121    0.000000    3.723460    0.303000    0.000000    0.000000    8.348583    8.307847    0.952829    12.839536   12.793509   -0.000703   0.000822    0.593526    18.708822  
[37m[36mINFO[0m[0m 08/28 11:58:46 | 0.998503    1.000000    0.000000    0.978940    0.059344    0.987775    1.000000    0.998503    1.000000    0.949045    300         5.857230    2.168690    0.216006    0.043018    0.043140    0.043140    0.059848    2.000000    0.000086    0.000000    3.645016    0.503000    0.000000    0.000000    8.539968    8.487898    0.956597    13.166251   13.096697   -0.000548   -0.000036   0.616214    18.229257  
[37m[36mINFO[0m[0m 08/28 12:00:02 | 0.997006    1.000000    0.000000    0.981556    0.064237    0.992665    0.997863    0.997006    1.000000    0.954140    400         7.809640    2.858983    0.215913    0.043094    0.043126    0.043126    0.057864    2.000000    0.000063    0.000000    3.596601    0.703000    0.000000    0.000000    8.934414    8.893831    0.962190    13.359107   13.284813   -0.000293   -0.000271   0.578825    18.322884  
[37m[36mINFO[0m[0m 08/28 12:01:18 | 0.998503    1.000000    0.000000    0.978824    0.054666    0.985330    0.995726    0.998503    1.000000    0.955414    500         9.762050    3.524841    0.190581    0.037950    0.038092    0.038092    0.060145    2.000000    0.000053    0.000000    3.559850    0.902980    0.000000    0.000000    9.398906    9.344093    0.965452    13.663688   13.573502   -0.000285   -0.001113   0.582158    17.348742  
[37m[36mINFO[0m[0m 08/28 12:02:35 | 0.993263    1.000000    0.000000    0.977837    0.060463    0.985330    0.997863    0.993263    1.000000    0.950318    600         11.714460   3.828923    0.173479    0.034523    0.034685    0.034685    0.056383    2.000000    0.000043    0.000000    3.542678    1.000000    0.000000    0.000000    9.817987    9.778815    0.968125    14.028006   13.932397   -0.000344   -0.001499   0.592989    17.821999  
[37m[36mINFO[0m[0m 08/28 12:03:51 | 0.997754    1.000000    0.000000    0.979673    0.058306    0.985330    0.995726    0.997754    1.000000    0.957962    700         13.666870   3.825658    0.185329    0.037063    0.037021    0.037021    0.054274    2.000000    0.000036    0.000000    3.531782    1.000000    0.000000    0.000000    10.398941   10.349836   0.971186    14.467308   14.352474   -0.000285   -0.001819   0.587499    17.811694  
[37m[36mINFO[0m[0m 08/28 12:05:09 | 0.996257    1.000000    0.000000    0.975851    0.053468    0.985330    0.995726    0.996257    1.000000    0.946497    800         15.619280   3.786532    0.165125    0.032717    0.033067    0.033067    0.048422    2.000000    0.000028    0.000000    3.524563    1.000000    0.000000    0.000000    10.602047   10.549685   0.972950    14.862080   14.722914   -0.000120   -0.001721   0.595862    17.799770  
[37m[36mINFO[0m[0m 08/28 12:06:26 | 0.991766    0.994012    0.000000    0.981269    0.065916    0.992665    0.995726    0.991766    0.994012    0.955414    900         17.571690   3.788449    0.165439    0.032992    0.033078    0.033078    0.052333    2.000000    0.000027    0.000000    3.518344    1.000000    0.000000    0.000000    10.937028   10.904297   0.973809    15.306107   15.153122   -0.000181   -0.001503   0.590084    18.155480  
[37m[36mINFO[0m[0m 08/28 12:07:44 | 0.995509    0.997006    0.000000    0.983426    0.052518    0.990220    0.995726    0.995509    0.997006    0.964331    1000        19.524100   3.769637    0.156299    0.031434    0.031187    0.031187    0.052198    2.000000    0.000024    0.000000    3.508943    1.000000    0.000000    0.000000    11.353059   11.313789   0.975200    15.719922   15.552565   -0.000229   -0.001423   0.595670    18.016679  
[37m[36mINFO[0m[0m 08/28 12:09:01 | 0.994012    0.994012    0.000000    0.975002    0.069770    0.985330    0.995726    0.994012    0.994012    0.943949    1100        21.476510   3.719729    0.135111    0.026847    0.027042    0.027042    0.042291    2.000000    0.000019    0.000000    3.500036    1.000000    0.000000    0.000000    11.665338   11.638426   0.976321    16.071009   15.892299   -0.000129   -0.001733   0.597323    17.989298  
[37m[36mINFO[0m[0m 08/28 12:10:19 | 0.994760    0.994012    0.000000    0.980282    0.059846    0.992665    0.997863    0.994760    0.994012    0.950318    1200        23.428920   3.725718    0.133185    0.026481    0.026653    0.026653    0.047258    2.000000    0.000018    0.000000    3.498016    1.000000    0.000000    0.000000    11.867560   11.841720   0.976251    16.611111   16.407354   -0.000104   -0.001411   0.595994    17.793719  
[37m[36mINFO[0m[0m 08/28 12:11:37 | 0.986527    0.991018    0.000000    0.978686    0.063819    0.995110    0.995726    0.986527    0.991018    0.945223    1300        25.381330   3.714531    0.131017    0.026160    0.026195    0.026195    0.042715    2.000000    0.000015    0.000000    3.498084    1.000000    0.000000    0.000000    12.161813   12.135312   0.977083    16.954160   16.744465   -0.000130   -0.001551   0.609054    17.753115  
[37m[36mINFO[0m[0m 08/28 12:12:55 | 0.985778    0.988024    0.000000    0.977940    0.065365    0.987775    0.995726    0.985778    0.988024    0.950318    1400        27.333740   3.746378    0.142924    0.028323    0.028630    0.028630    0.050088    2.000000    0.000016    0.000000    3.503279    1.000000    0.000000    0.000000    12.331512   12.291610   0.976976    17.524487   17.296255   -0.000013   -0.001795   0.595827    17.466038  
[37m[36mINFO[0m[0m 08/28 12:14:12 | 0.985030    0.991018    0.000000    0.979214    0.056265    0.987775    0.995726    0.985030    0.991018    0.954140    1500        29.286150   3.757646    0.163712    0.032941    0.032674    0.032674    0.047180    2.000000    0.000015    0.000000    3.499575    1.000000    0.000000    0.000000    12.669974   12.659547   0.977835    18.076859   17.810491   -0.000238   -0.001988   0.594677    17.746577  
[37m[36mINFO[0m[0m 08/28 12:15:29 | 0.989521    0.991018    0.000000    0.977550    0.068775    0.985330    0.995726    0.989521    0.991018    0.951592    1600        31.238560   3.698999    0.113791    0.022716    0.022753    0.022753    0.044648    2.000000    0.000012    0.000000    3.495913    1.000000    0.000000    0.000000    12.911056   12.889296   0.977370    18.521470   18.229142   -0.000057   -0.001744   0.592003    18.020551  
[37m[36mINFO[0m[0m 08/28 12:16:46 | 0.989521    0.988024    0.000000    0.979755    0.057611    0.990220    1.000000    0.989521    0.988024    0.949045    1700        33.190970   3.713125    0.123705    0.024270    0.024845    0.024845    0.045439    2.000000    0.000011    0.000000    3.498542    1.000000    0.000000    0.000000    13.219931   13.203977   0.977965    19.221049   18.928113   -0.000213   -0.002263   0.591218    17.682756  
[37m[36mINFO[0m[0m 08/28 12:18:02 | 0.984281    0.994012    0.000000    0.977413    0.059402    0.985330    0.997863    0.984281    0.994012    0.949045    1800        35.143380   3.685869    0.108381    0.021953    0.021595    0.021595    0.043806    2.000000    0.000010    0.000000    3.489876    1.000000    0.000000    0.000000    13.414426   13.419199   0.978497    19.846844   19.511273   0.000019    -0.001986   0.589883    17.415962  
[37m[36mINFO[0m[0m 08/28 12:19:21 | 0.988024    0.994012    0.000000    0.979351    0.056695    0.987775    0.993590    0.988024    0.994012    0.956688    1900        37.095790   3.654851    0.088695    0.017437    0.017801    0.017801    0.040804    2.000000    0.000011    0.000000    3.484547    1.000000    0.000000    0.000000    13.615705   13.610926   0.978993    20.441631   20.099448   -0.000168   -0.002215   0.606404    17.754172  
[37m[36mINFO[0m[0m 08/28 12:20:37 | 0.994012    0.994012    0.000000    0.976344    0.058055    0.980440    0.995726    0.994012    0.994012    0.952866    2000        39.048200   3.670733    0.106936    0.021656    0.021308    0.021308    0.040283    2.000000    0.000009    0.000000    3.483232    1.000000    0.000000    0.000000    13.942111   13.922228   0.979009    21.035647   20.649171   -0.000184   -0.001888   0.588993    17.719371  
[37m[36mINFO[0m[0m 08/28 12:21:53 | 0.976048    0.979042    0.000000    0.981303    0.054071    0.990220    0.995726    0.976048    0.979042    0.957962    2100        41.000610   3.696048    0.119369    0.024198    0.023780    0.023780    0.045771    2.000000    0.000010    0.000000    3.485138    1.000000    0.000000    0.000000    14.343108   14.331311   0.979599    21.540817   21.138459   0.000017    -0.001627   0.588474    17.200822  
[37m[36mINFO[0m[0m 08/28 12:23:11 | 0.973054    0.967066    0.000000    0.982508    0.059212    0.995110    0.995726    0.973054    0.967066    0.956688    2200        42.953020   3.671060    0.110019    0.022411    0.021893    0.021893    0.038285    2.000000    0.000008    0.000000    3.484471    1.000000    0.000000    0.000000    14.601362   14.582420   0.980062    21.840856   21.447470   -0.000195   -0.001717   0.595255    17.826346  
[37m[36mINFO[0m[0m 08/28 12:24:28 | 0.976796    0.985030    0.000000    0.979995    0.067083    0.992665    0.995726    0.976796    0.985030    0.951592    2300        44.905430   3.652221    0.092075    0.019027    0.018250    0.018250    0.040861    2.000000    0.000010    0.000000    3.478423    1.000000    0.000000    0.000000    14.832610   14.789831   0.979768    22.400271   21.961574   -0.000058   -0.001181   0.592160    17.744482  
[37m[36mINFO[0m[0m 08/28 12:25:45 | 0.983533    0.985030    0.000000    0.978721    0.066669    0.992665    0.995726    0.983533    0.985030    0.947771    2400        46.857840   3.698365    0.119821    0.025267    0.023628    0.023628    0.045694    2.000000    0.000009    0.000000    3.487155    1.000000    0.000000    0.000000    15.156849   15.133100   0.980167    22.889270   22.477686   -0.000099   -0.001518   0.591939    17.739634  
[37m[36mINFO[0m[0m 08/28 12:27:01 | 0.975299    0.973054    0.000000    0.980029    0.059014    0.990220    0.995726    0.975299    0.973054    0.954140    2500        48.810250   3.666014    0.106026    0.021887    0.021027    0.021027    0.040382    2.000000    0.000006    0.000000    3.479223    1.000000    0.000000    0.000000    15.355185   15.372179   0.980262    23.209728   22.770737   -0.000139   -0.001351   0.589416    17.230691  
[37m[36mINFO[0m[0m 08/28 12:28:18 | 0.975299    0.985030    0.000000    0.981269    0.056088    0.992665    0.995726    0.975299    0.985030    0.955414    2600        50.762660   3.650764    0.103404    0.021151    0.020554    0.020554    0.037105    2.000000    0.000007    0.000000    3.473151    1.000000    0.000000    0.000000    15.691884   15.636178   0.980815    23.577269   23.101550   0.000087    -0.001121   0.592972    17.752658  
[37m[36mINFO[0m[0m 08/28 12:29:35 | 0.968563    0.970060    0.000000    0.980063    0.057268    0.987775    0.995726    0.968563    0.970060    0.956688    2700        52.715070   3.667765    0.098845    0.019383    0.019858    0.019858    0.042768    2.000000    0.000006    0.000000    3.483383    1.000000    0.000000    0.000000    15.825600   15.831734   0.980351    24.255876   23.796384   -0.000112   -0.001294   0.593737    17.841803  
[37m[36mINFO[0m[0m 08/28 12:30:53 | 0.969311    0.967066    0.000000    0.980097    0.058307    0.985330    0.995726    0.969311    0.967066    0.959236    2800        54.667480   3.663654    0.103088    0.020718    0.020584    0.020584    0.038499    2.000000    0.000007    0.000000    3.483568    1.000000    0.000000    0.000000    16.081094   16.037554   0.981137    25.271183   24.788376   -0.000079   -0.001480   0.591575    18.192261  
[37m[36mINFO[0m[0m 08/28 12:32:10 | 0.970060    0.973054    0.000000    0.979639    0.069503    0.987775    0.995726    0.970060    0.973054    0.955414    2900        56.619890   3.653227    0.093279    0.018779    0.018616    0.018616    0.043182    2.000000    0.000007    0.000000    3.473585    1.000000    0.000000    0.000000    16.210865   16.244145   0.980874    25.766063   25.248342   -0.000261   -0.001711   0.589987    18.184918  
[37m[36mINFO[0m[0m 08/28 12:33:27 | 0.974551    0.988024    0.000000    0.981762    0.063556    0.987775    0.995726    0.974551    0.988024    0.961783    3000        58.572300   3.646021    0.097906    0.020032    0.019462    0.019462    0.036830    2.000000    0.000005    0.000000    3.474455    1.000000    0.000000    0.000000    16.465039   16.500480   0.980919    26.138953   25.596014   0.000018    -0.001340   0.589027    17.997499  
[37m[36mINFO[0m[0m 08/28 12:34:44 | 0.988024    0.991018    0.000000    0.980385    0.062393    0.985330    0.997863    0.988024    0.991018    0.957962    3100        60.524710   3.620850    0.078418    0.015458    0.015734    0.015734    0.036897    2.000000    0.000005    0.000000    3.468639    1.000000    0.000000    0.000000    16.560915   16.576027   0.980885    26.684749   26.138078   -0.000020   -0.001279   0.595162    17.620548  
[37m[36mINFO[0m[0m 08/28 12:36:01 | 0.976796    0.973054    0.000000    0.979145    0.079639    0.982885    0.997863    0.976796    0.973054    0.956688    3200        62.477120   3.627205    0.079388    0.016049    0.015829    0.015829    0.037503    2.000000    0.000005    0.000000    3.472811    1.000000    0.000000    0.000000    16.699685   16.715730   0.980545    27.439430   26.853075   -0.000127   -0.001337   0.591773    17.896037  
[37m[36mINFO[0m[0m 08/28 12:37:19 | 0.970808    0.976048    0.000000    0.980132    0.060099    0.982885    0.995726    0.970808    0.976048    0.961783    3300        64.429530   3.624206    0.078774    0.016172    0.015644    0.015644    0.037403    2.000000    0.000005    0.000000    3.470625    1.000000    0.000000    0.000000    17.024786   16.997611   0.980925    27.854843   27.286668   -0.000087   -0.001039   0.588697    18.608191  
[37m[36mINFO[0m[0m 08/28 12:38:36 | 0.976048    0.985030    0.000000    0.981625    0.054629    0.987775    0.997863    0.976048    0.985030    0.959236    3400        66.381940   3.652511    0.095994    0.019869    0.019024    0.019024    0.039357    2.000000    0.000005    0.000000    3.477802    1.000000    0.000000    0.000000    17.459501   17.445228   0.981008    28.344610   27.712644   -0.000282   -0.001616   0.590356    18.099138  
[37m[36mINFO[0m[0m 08/28 12:39:52 | 0.961826    0.958084    0.000000    0.974324    0.064801    0.982885    0.993590    0.961826    0.958084    0.946497    3500        68.334350   3.652803    0.097141    0.019994    0.019281    0.019281    0.038488    2.000000    0.000005    0.000000    3.478685    1.000000    0.000000    0.000000    17.607490   17.597703   0.980867    29.231241   28.618393   -0.000064   -0.001559   0.587247    17.647577  
[37m[36mINFO[0m[0m 08/28 12:41:09 | 0.969311    0.973054    0.000000    0.976988    0.080392    0.985330    0.997863    0.969311    0.973054    0.947771    3600        70.286760   3.600697    0.071504    0.014807    0.014169    0.014169    0.033505    2.000000    0.000004    0.000000    3.462184    1.000000    0.000000    0.000000    17.766277   17.744768   0.981607    29.631171   29.019846   -0.000078   -0.001359   0.591759    17.526858  
[37m[36mINFO[0m[0m 08/28 12:42:25 | 0.970808    0.979042    0.000000    0.977974    0.075181    0.985330    0.995726    0.970808    0.979042    0.952866    3700        72.239170   3.630092    0.093267    0.019630    0.018404    0.018404    0.035611    2.000000    0.000004    0.000000    3.465604    1.000000    0.000000    0.000000    18.299953   18.281630   0.981290    29.921088   29.294580   -0.000053   -0.001017   0.591202    17.366180  
[37m[36mINFO[0m[0m 08/28 12:43:43 | 0.970060    0.982036    0.000000    0.980741    0.067577    0.990220    0.997863    0.970060    0.982036    0.954140    3800        74.191580   3.647704    0.097763    0.020592    0.019287    0.019287    0.039474    2.000000    0.000004    0.000000    3.470992    1.000000    0.000000    0.000000    18.573329   18.518688   0.981651    30.271827   29.637677   -0.000071   -0.001224   0.599268    17.360820  
[37m[36mINFO[0m[0m 08/28 12:44:59 | 0.971557    0.979042    0.000000    0.978433    0.068922    0.982885    0.995726    0.971557    0.979042    0.956688    3900        76.143990   3.672476    0.116477    0.027384    0.022263    0.022263    0.040331    2.000000    0.000008    0.000000    3.475337    1.000000    0.000000    0.000000    19.170686   19.145228   0.981828    30.770492   30.114602   -0.000192   -0.001576   0.588881    17.561508  
[37m[36mINFO[0m[0m 08/28 12:46:17 | 0.974551    0.979042    0.000000    0.977974    0.062918    0.985330    0.995726    0.974551    0.979042    0.952866    4000        78.096400   3.656332    0.102248    0.021474    0.020183    0.020183    0.039208    2.000000    0.000008    0.000000    3.475669    1.000000    0.000000    0.000000    19.375971   19.325044   0.981843    31.311255   30.614103   0.000077    -0.001023   0.594132    18.460322  
[37m[36mINFO[0m[0m 08/28 12:47:34 | 0.957335    0.955090    0.000000    0.979214    0.066064    0.987775    0.995726    0.957335    0.955090    0.954140    4100        80.048810   3.644769    0.090621    0.018571    0.018005    0.018005    0.041069    2.000000    0.000006    0.000000    3.472010    1.000000    0.000000    0.000000    19.475610   19.414910   0.982114    31.996159   31.286457   -0.000225   -0.001533   0.588977    17.577540  
[37m[36mINFO[0m[0m 08/28 12:48:51 | 0.958832    0.961078    0.000000    0.979673    0.062638    0.985330    0.995726    0.958832    0.961078    0.957962    4200        82.001220   3.612245    0.073346    0.014537    0.014697    0.014697    0.035489    2.000000    0.000004    0.000000    3.467922    1.000000    0.000000    0.000000    19.592400   19.531376   0.981875    32.936828   32.164400   -0.000115   -0.001247   0.595366    18.033347  
[37m[36mINFO[0m[0m 08/28 12:50:08 | 0.958832    0.958084    0.000000    0.975461    0.073340    0.982885    0.995726    0.958832    0.958084    0.947771    4300        83.953630   3.615313    0.071306    0.014404    0.014221    0.014221    0.035200    2.000000    0.000004    0.000000    3.473607    1.000000    0.000000    0.000000    19.780708   19.758203   0.981381    33.474146   32.740083   -0.000003   -0.001177   0.589993    17.870519  
[37m[36mINFO[0m[0m 08/28 12:51:25 | 0.958084    0.955090    0.000000    0.979639    0.054114    0.987775    0.995726    0.958084    0.955090    0.955414    4400        85.906040   3.593442    0.062498    0.012327    0.012536    0.012536    0.033580    2.000000    0.000005    0.000000    3.463784    1.000000    0.000000    0.000000    19.955422   19.891211   0.981808    34.273572   33.458329   0.000019    -0.000935   0.590766    17.707401  
[37m[36mINFO[0m[0m 08/28 12:52:42 | 0.975299    0.976048    0.000000    0.979248    0.058869    0.985330    0.995726    0.975299    0.976048    0.956688    4500        87.858450   3.645642    0.094195    0.019484    0.018672    0.018672    0.038920    2.000000    0.000005    0.000000    3.473606    1.000000    0.000000    0.000000    20.314390   20.303239   0.982001    35.140625   34.324932   -0.000071   -0.001188   0.596655    17.875405  
[37m[36mINFO[0m[0m 08/28 12:54:00 | 0.970808    0.973054    0.000000    0.974612    0.079598    0.982885    0.995726    0.970808    0.973054    0.945223    4600        89.810860   3.619279    0.077619    0.015578    0.015505    0.015505    0.037457    2.000000    0.000004    0.000000    3.466745    1.000000    0.000000    0.000000    20.597492   20.573179   0.981996    35.699258   34.903925   -0.000036   -0.001225   0.598225    17.921796  
[37m[36mINFO[0m[0m 08/28 12:55:17 | 0.966317    0.967066    0.000000    0.977228    0.085613    0.987775    0.993590    0.966317    0.967066    0.950318    4700        91.763270   3.620764    0.080037    0.015960    0.016013    0.016013    0.034210    2.000000    0.000005    0.000000    3.472307    1.000000    0.000000    0.000000    20.505955   20.487860   0.981400    36.281858   35.484352   -0.000152   -0.001236   0.590265    17.262484  
[37m[36mINFO[0m[0m 08/28 12:56:33 | 0.974551    0.982036    0.000000    0.979707    0.066488    0.982885    0.995726    0.974551    0.982036    0.960510    4800        93.715680   3.607783    0.074280    0.015485    0.014692    0.014692    0.033673    2.000000    0.000005    0.000000    3.466157    1.000000    0.000000    0.000000    20.880660   20.838449   0.982201    37.385095   36.511671   -0.000137   -0.001280   0.588940    17.629561  
[37m[36mINFO[0m[0m 08/28 12:57:50 | 0.973054    0.973054    0.000000    0.978892    0.064693    0.980440    0.995726    0.973054    0.973054    0.960510    4900        95.668090   3.628033    0.081476    0.016535    0.016228    0.016228    0.038142    2.000000    0.000006    0.000000    3.470274    1.000000    0.000000    0.000000    21.292894   21.281522   0.982284    38.136713   37.257417   -0.000096   -0.001324   0.593819    17.792299  
[37m[36mINFO[0m[0m 08/28 12:59:07 | 0.970060    0.967066    0.000000    0.981762    0.062834    0.987775    0.995726    0.970060    0.967066    0.961783    5000        97.620500   3.638887    0.087739    0.018165    0.017387    0.017387    0.042826    2.000000    0.000005    0.000000    3.465496    1.000000    0.000000    0.000000    21.706673   21.704266   0.982406    38.414915   37.470752   -0.000041   -0.001168   0.594218    17.221352  
[37m[36mINFO[0m[0m 08/28 12:59:07 | ---
[37m[36mINFO[0m[0m 08/28 12:59:07 | oracle = 99.775%
[37m[36mINFO[0m[0m 08/28 12:59:07 | iid = 99.551%
[37m[36mINFO[0m[0m 08/28 12:59:07 | last = 97.006%
[37m[36mINFO[0m[0m 08/28 12:59:07 | last (inD) = 98.176%
[37m[36mINFO[0m[0m 08/28 12:59:07 | iid (inD) = 98.343%
[37m[36mINFO[0m[0m 08/28 12:59:07 | 
[37m[36mINFO[0m[0m 08/28 12:59:12 | Testenv name escaping te_sketch -> te_sketch
[37m[36mINFO[0m[0m 08/28 12:59:12 | Test envs = [3], name = te_sketch
[37m[36mINFO[0m[0m 08/28 12:59:12 | Batch sizes for each domain: [32, 32, 32, 0] (total=96)
[37m[36mINFO[0m[0m 08/28 12:59:12 | steps-per-epoch for each domain: 51.22, 58.62, 41.75 -> min = 41.75
[37m[36mINFO[0m[0m 08/28 12:59:35 | # of params = 151206401
[37m[36mINFO[0m[0m 08/28 13:00:00 | test_in     test_out    train_in    train_out   tr_outloss  env0_out    env1_out    env2_out    env3_in     env3_out    step        epoch       total_loss  cipt_base_  cipt_cls_l  cipt_de_lo  cipt_de_or  cipt_de_au  aug_decomp  cipt_ind_l  causal_con  dccl_contr  contrastiv  pre_cl_los  reg_loss    mean_e_nor  mean_e_aug  mean_e_aug  mean_s_nor  mean_s_aug  mean_es_co  mean_e_aug  step_time   eval_time  
[37m[36mINFO[0m[0m 08/28 13:00:00 | 0.080471    0.070064    0.000000    0.317781    1.716249    0.254279    0.294872    0.404192    0.080471    0.070064    0           0.000000    18.413237   13.157260   2.514568    2.658793    2.658793    2.623246    2.000000    0.001504    0.000000    4.742995    0.002000    0.000000    0.000000    6.396160    6.357523    0.910235    6.288793    6.246721    -0.044292   -0.023124   0.666318    24.136086  
[37m[36mINFO[0m[0m 08/28 13:01:12 | 0.886450    0.900637    0.000000    0.993583    0.017267    0.982885    0.997863    1.000000    0.886450    0.900637    100         2.395210    0.982191    0.403113    0.070444    0.082412    0.082412    0.098159    2.000000    0.000604    0.000000    3.802761    0.103000    0.000000    0.000000    7.925497    7.790434    0.932985    10.337246   10.151500   0.005958    0.024653    0.467713    25.669260  
[37m[36mINFO[0m[0m 08/28 13:02:44 | 0.908715    0.924841    0.000000    0.996028    0.011971    0.990220    0.997863    1.000000    0.908715    0.924841    200         4.790419    1.158358    0.028678    0.004929    0.005777    0.005777    0.019857    2.000000    0.000129    0.000000    3.603081    0.303000    0.000000    0.000000    8.268346    8.185807    0.940799    11.495296   11.258329   0.000002    0.012387    0.621265    29.612258  
[37m[36mINFO[0m[0m 08/28 13:04:06 | 0.896628    0.908280    0.000000    0.996843    0.011835    0.992665    0.997863    1.000000    0.896628    0.908280    300         7.185629    1.817229    0.013616    0.002179    0.002764    0.002764    0.017434    2.000000    0.000076    0.000000    3.518650    0.503000    0.000000    0.000000    8.672977    8.628942    0.950415    11.833575   11.572614   -0.000284   0.006153    0.576629    23.890543  
[37m[36mINFO[0m[0m 08/28 13:05:28 | 0.881997    0.887898    0.000000    0.995213    0.013032    0.987775    0.997863    1.000000    0.881997    0.887898    400         9.580838    2.479585    0.009490    0.001214    0.001999    0.001999    0.011669    2.000000    0.000056    0.000000    3.480782    0.703000    0.000000    0.000000    9.056787    9.005369    0.957306    12.198199   11.921249   -0.000332   0.002185    0.577010    24.220833  
[37m[36mINFO[0m[0m 08/28 13:06:50 | 0.900445    0.912102    0.000000    0.995925    0.010641    0.987775    1.000000    1.000000    0.900445    0.912102    500         11.976048   3.147084    0.007525    0.000445    0.001719    0.001719    0.010494    2.000000    0.000041    0.000000    3.453948    0.902980    0.000000    0.000000    9.488434    9.402914    0.963605    12.701161   12.407786   -0.000023   0.001096    0.575312    24.196413  
[37m[36mINFO[0m[0m 08/28 13:08:12 | 0.882316    0.887898    0.000000    0.995213    0.012689    0.987775    0.997863    1.000000    0.882316    0.887898    600         14.371257   3.463356    0.006023    0.000471    0.001349    0.001349    0.011105    2.000000    0.000031    0.000000    3.435124    1.000000    0.000000    0.000000    9.855407    9.755898    0.967404    13.280095   12.927370   -0.000176   -0.000007   0.579259    24.101371  
[37m[36mINFO[0m[0m 08/28 13:09:34 | 0.894720    0.904459    0.000000    0.995110    0.012366    0.985330    1.000000    1.000000    0.894720    0.904459    700         16.766467   3.434386    0.003376    0.000325    0.000731    0.000731    0.007689    2.000000    0.000025    0.000000    3.415631    1.000000    0.000000    0.000000    10.158181   10.018942   0.970038    13.626940   13.249875   -0.000151   -0.000673   0.579604    24.289252  
[37m[36mINFO[0m[0m 08/28 13:10:57 | 0.894084    0.900637    0.000000    0.995110    0.011474    0.985330    1.000000    1.000000    0.894084    0.900637    800         19.161677   3.440944    0.003930    0.000392    0.000857    0.000857    0.009853    2.000000    0.000022    0.000000    3.417308    1.000000    0.000000    0.000000    10.495175   10.348142   0.972921    13.856143   13.476472   -0.000200   -0.000717   0.585137    24.350144  
[37m[36mINFO[0m[0m 08/28 13:12:21 | 0.882634    0.890446    0.000000    0.994398    0.024773    0.985330    0.997863    1.000000    0.882634    0.890446    900         21.556886   3.436517    0.006942    0.001063    0.001446    0.001446    0.009692    2.000000    0.000019    0.000000    3.410190    1.000000    0.000000    0.000000    10.774804   10.642141   0.974137    14.178391   13.786330   -0.000050   -0.000711   0.598390    24.015154  
[37m[36mINFO[0m[0m 08/28 13:13:43 | 0.893766    0.903185    0.000000    0.996843    0.011742    0.992665    0.997863    1.000000    0.893766    0.903185    1000        23.952096   3.437274    0.004948    0.000642    0.001055    0.001055    0.011147    2.000000    0.000017    0.000000    3.410033    1.000000    0.000000    0.000000    11.044487   10.902119   0.974562    14.502039   14.084545   -0.000101   -0.000284   0.591778    23.591170  
[37m[36mINFO[0m[0m 08/28 13:15:06 | 0.908397    0.923567    0.000000    0.996843    0.009634    0.992665    0.997863    1.000000    0.908397    0.923567    1100        26.347305   3.424959    0.003313    0.000250    0.000747    0.000747    0.007852    2.000000    0.000015    0.000000    3.405942    1.000000    0.000000    0.000000    11.244636   11.123974   0.975586    14.875708   14.431909   0.000034    -0.000412   0.598621    22.923994  
[37m[36mINFO[0m[0m 08/28 13:16:29 | 0.901081    0.914650    0.000000    0.996028    0.007965    0.990220    0.997863    1.000000    0.901081    0.914650    1200        28.742515   3.426342    0.002875    0.000193    0.000654    0.000654    0.009891    2.000000    0.000013    0.000000    3.403685    1.000000    0.000000    0.000000    11.478862   11.369116   0.976718    15.272391   14.822801   -0.000001   -0.000495   0.592878    22.952690  
[37m[36mINFO[0m[0m 08/28 13:17:52 | 0.908079    0.915924    0.000000    0.996028    0.006897    0.990220    0.997863    1.000000    0.908079    0.915924    1300        31.137725   3.409793    0.003121    0.000367    0.000673    0.000673    0.005935    2.000000    0.000012    0.000000    3.394802    1.000000    0.000000    0.000000    11.631276   11.506825   0.977384    15.554896   15.062553   -0.000078   -0.000146   0.598513    23.152568  
[37m[36mINFO[0m[0m 08/28 13:19:14 | 0.899491    0.909554    0.000000    0.994398    0.012302    0.985330    0.997863    1.000000    0.899491    0.909554    1400        33.532934   3.412959    0.002826    0.000224    0.000637    0.000637    0.008208    2.000000    0.000011    0.000000    3.393719    1.000000    0.000000    0.000000    11.910290   11.753252   0.978089    15.865872   15.384123   -0.000098   -0.000736   0.587958    23.176175  
[37m[36mINFO[0m[0m 08/28 13:20:36 | 0.889949    0.903185    0.000000    0.995213    0.010787    0.987775    0.997863    1.000000    0.889949    0.903185    1500        35.928144   3.422322    0.004360    0.000242    0.001017    0.001017    0.008894    2.000000    0.000010    0.000000    3.400173    1.000000    0.000000    0.000000    12.085282   11.955398   0.978445    16.316349   15.768437   -0.000026   -0.000757   0.596754    22.659718  
[37m[36mINFO[0m[0m 08/28 13:21:58 | 0.892494    0.900637    0.000000    0.994398    0.016509    0.985330    0.997863    1.000000    0.892494    0.900637    1600        38.323353   3.411724    0.002256    0.000136    0.000518    0.000518    0.007244    2.000000    0.000009    0.000000    3.394980    1.000000    0.000000    0.000000    12.235470   12.147056   0.979241    16.877598   16.333693   -0.000086   -0.001042   0.589468    22.934488  
[37m[36mINFO[0m[0m 08/28 13:23:20 | 0.897901    0.908280    0.000000    0.994398    0.011648    0.985330    0.997863    1.000000    0.897901    0.908280    1700        40.718563   3.411345    0.003256    0.000332    0.000720    0.000720    0.006319    2.000000    0.000009    0.000000    3.395451    1.000000    0.000000    0.000000    12.376837   12.231433   0.979338    17.170791   16.590574   -0.000037   -0.001267   0.589332    22.889456  
[37m[36mINFO[0m[0m 08/28 13:24:43 | 0.889949    0.901911    0.000000    0.995110    0.014917    0.985330    1.000000    1.000000    0.889949    0.901911    1800        43.113772   3.413590    0.003652    0.000186    0.000856    0.000856    0.009316    2.000000    0.000008    0.000000    3.391305    1.000000    0.000000    0.000000    12.637495   12.500030   0.980014    17.785627   17.195655   -0.000109   -0.001015   0.592201    24.029934  
[37m[36mINFO[0m[0m 08/28 13:26:07 | 0.909669    0.922293    0.000000    0.998473    0.007867    0.997555    0.997863    1.000000    0.909669    0.922293    1900        45.508982   3.419246    0.003860    0.000683    0.000785    0.000785    0.010112    2.000000    0.000007    0.000000    3.395162    1.000000    0.000000    0.000000    12.843487   12.678771   0.979511    18.200817   17.548835   -0.000144   -0.001451   0.596866    23.977535  
[37m[36mINFO[0m[0m 08/28 13:27:30 | 0.897265    0.910828    0.000000    0.996028    0.011950    0.990220    0.997863    1.000000    0.897265    0.910828    2000        47.904192   3.415175    0.003818    0.000269    0.000878    0.000878    0.008909    2.000000    0.000008    0.000000    3.393540    1.000000    0.000000    0.000000    13.200740   13.106457   0.980441    18.594567   17.920198   -0.000005   -0.001054   0.598913    23.461426  
[37m[36mINFO[0m[0m 08/28 13:28:55 | 0.916349    0.928662    0.000000    0.996740    0.013596    0.990220    1.000000    1.000000    0.916349    0.928662    2100        50.299401   3.399428    0.001701    0.000127    0.000386    0.000386    0.007079    2.000000    0.000006    0.000000    3.383570    1.000000    0.000000    0.000000    13.459157   13.365474   0.981382    19.052767   18.348861   0.000006    -0.001253   0.609345    23.606700  
[37m[36mINFO[0m[0m 08/28 13:30:18 | 0.882634    0.890446    0.000000    0.995213    0.016360    0.987775    0.997863    1.000000    0.882634    0.890446    2200        52.694611   3.396553    0.002141    0.000294    0.000455    0.000455    0.006655    2.000000    0.000006    0.000000    3.381101    1.000000    0.000000    0.000000    13.682347   13.541029   0.981125    19.273241   18.559253   -0.000105   -0.001476   0.599802    23.217648  
[37m[36mINFO[0m[0m 08/28 13:31:41 | 0.872455    0.881529    0.000000    0.994398    0.021487    0.985330    0.997863    1.000000    0.872455    0.881529    2300        55.089820   3.421844    0.003088    0.000520    0.000636    0.000636    0.010785    2.000000    0.000005    0.000000    3.397186    1.000000    0.000000    0.000000    13.962566   13.866926   0.981229    19.479079   18.781818   -0.000056   -0.001152   0.595221    23.629752  
[37m[36mINFO[0m[0m 08/28 13:33:05 | 0.894084    0.910828    0.000000    0.996131    0.012114    0.992665    0.995726    1.000000    0.894084    0.910828    2400        57.485030   3.410990    0.002958    0.000260    0.000668    0.000668    0.009948    2.000000    0.000005    0.000000    3.388135    1.000000    0.000000    0.000000    14.272198   14.256987   0.981444    19.756090   19.018268   -0.000032   -0.001039   0.594317    24.221431  
[37m[36mINFO[0m[0m 08/28 13:34:30 | 0.893448    0.914650    0.000000    0.995316    0.009192    0.990220    0.995726    1.000000    0.893448    0.914650    2500        59.880240   3.409454    0.004898    0.000676    0.001048    0.001048    0.007654    2.000000    0.000006    0.000000    3.389247    1.000000    0.000000    0.000000    14.441971   14.351627   0.981633    20.252977   19.523459   -0.000132   -0.001238   0.599860    25.025247  
[37m[36mINFO[0m[0m 08/28 13:35:54 | 0.878499    0.892994    0.000000    0.995213    0.014418    0.987775    0.997863    1.000000    0.878499    0.892994    2600        62.275449   3.401079    0.005296    0.000916    0.001089    0.001089    0.006061    2.000000    0.000005    0.000000    3.383660    1.000000    0.000000    0.000000    14.662236   14.458638   0.981724    21.138642   20.337336   -0.000086   -0.001222   0.595239    24.586450  
[37m[36mINFO[0m[0m 08/28 13:37:18 | 0.905216    0.912102    0.000000    0.996843    0.013596    0.992665    0.997863    1.000000    0.905216    0.912102    2700        64.670659   3.420535    0.006030    0.001079    0.001230    0.001230    0.008163    2.000000    0.000006    0.000000    3.398178    1.000000    0.000000    0.000000    15.186776   15.003428   0.982372    21.839400   20.985433   0.000027    -0.000506   0.598802    24.367018  
[37m[36mINFO[0m[0m 08/28 13:38:43 | 0.900445    0.915924    0.000000    0.996028    0.019981    0.990220    0.997863    1.000000    0.900445    0.915924    2800        67.065868   3.407677    0.002727    0.000143    0.000641    0.000641    0.006282    2.000000    0.000004    0.000000    3.392386    1.000000    0.000000    0.000000    15.306307   15.127285   0.982661    22.304283   21.466395   -0.000106   -0.000999   0.600175    24.894764  
[37m[36mINFO[0m[0m 08/28 13:40:07 | 0.897901    0.915924    0.000000    0.994398    0.022866    0.985330    0.997863    1.000000    0.897901    0.915924    2900        69.461078   3.417244    0.002673    0.000242    0.000604    0.000604    0.008247    2.000000    0.000003    0.000000    3.398077    1.000000    0.000000    0.000000    15.590311   15.427316   0.982812    22.880997   21.987456   0.000079    -0.000845   0.599256    24.150081  
[37m[36mINFO[0m[0m 08/28 13:41:32 | 0.909351    0.926115    0.000000    0.995213    0.016392    0.987775    0.997863    1.000000    0.909351    0.926115    3000        71.856287   3.402195    0.001979    0.000131    0.000457    0.000457    0.006549    2.000000    0.000004    0.000000    3.387118    1.000000    0.000000    0.000000    15.791424   15.611279   0.983446    23.365504   22.469310   -0.000098   -0.001179   0.601073    24.000527  
[37m[36mINFO[0m[0m 08/28 13:42:57 | 0.894084    0.900637    0.000000    0.995030    0.022151    0.990220    0.997863    0.997006    0.894084    0.900637    3100        74.251497   3.401163    0.001635    0.000142    0.000369    0.000369    0.006226    2.000000    0.000003    0.000000    3.387077    1.000000    0.000000    0.000000    16.014017   15.838452   0.983437    23.697179   22.760769   -0.000013   -0.001233   0.608836    24.102028  
[37m[36mINFO[0m[0m 08/28 13:44:22 | 0.905852    0.922293    0.000000    0.994501    0.025422    0.987775    0.995726    1.000000    0.905852    0.922293    3200        76.646707   3.400560    0.001577    0.000058    0.000376    0.000376    0.006218    2.000000    0.000003    0.000000    3.386546    1.000000    0.000000    0.000000    16.199487   16.054632   0.983415    24.035186   23.117485   -0.000052   -0.000992   0.601688    24.784553  
[37m[36mINFO[0m[0m 08/28 13:45:45 | 0.878817    0.887898    0.000000    0.993686    0.021074    0.985330    0.995726    1.000000    0.878817    0.887898    3300        79.041916   3.400042    0.003232    0.000769    0.000612    0.000612    0.007153    2.000000    0.000003    0.000000    3.382504    1.000000    0.000000    0.000000    16.532368   16.378469   0.983573    24.392162   23.413525   -0.000010   -0.000908   0.600159    23.509618  
[37m[36mINFO[0m[0m 08/28 13:47:10 | 0.903944    0.922293    0.000000    0.996028    0.016499    0.990220    0.997863    1.000000    0.903944    0.922293    3400        81.437126   3.405707    0.003487    0.000843    0.000657    0.000657    0.007359    2.000000    0.000003    0.000000    3.387502    1.000000    0.000000    0.000000    16.876133   16.723503   0.983378    24.579950   23.614164   -0.000033   -0.001201   0.611092    23.503448  
[37m[36mINFO[0m[0m 08/28 13:48:35 | 0.913804    0.919745    0.000000    0.994501    0.016481    0.987775    0.995726    1.000000    0.913804    0.919745    3500        83.832335   3.406011    0.001996    0.000203    0.000445    0.000445    0.008687    2.000000    0.000003    0.000000    3.386640    1.000000    0.000000    0.000000    17.170775   17.036354   0.984126    24.879051   23.900792   -0.000039   -0.000811   0.610750    23.604436  
[37m[36mINFO[0m[0m 08/28 13:50:01 | 0.901081    0.915924    0.000000    0.995559    0.017343    0.992665    1.000000    0.994012    0.901081    0.915924    3600        86.227545   3.404360    0.001997    0.000149    0.000459    0.000459    0.007637    2.000000    0.000003    0.000000    3.387089    1.000000    0.000000    0.000000    17.246562   17.077516   0.983608    25.308402   24.291061   -0.000025   -0.000945   0.621236    24.112714  
[37m[36mINFO[0m[0m 08/28 13:51:24 | 0.910623    0.918471    0.000000    0.992402    0.023924    0.985330    0.997863    0.994012    0.910623    0.918471    3700        88.622754   3.410777    0.003297    0.000601    0.000668    0.000668    0.008293    2.000000    0.000005    0.000000    3.390893    1.000000    0.000000    0.000000    17.577388   17.380199   0.984223    25.795145   24.779170   0.000005    -0.001046   0.597295    23.746588  
[37m[36mINFO[0m[0m 08/28 13:52:48 | 0.894084    0.910828    0.000000    0.996740    0.017287    0.990220    1.000000    1.000000    0.894084    0.910828    3800        91.017964   3.401943    0.002452    0.000498    0.000485    0.000485    0.008063    2.000000    0.000003    0.000000    3.383364    1.000000    0.000000    0.000000    17.732099   17.614018   0.983608    26.533747   25.461503   0.000017    -0.000978   0.606740    22.876253  
[37m[36mINFO[0m[0m 08/28 13:54:11 | 0.904898    0.921019    0.000000    0.995213    0.017077    0.987775    0.997863    1.000000    0.904898    0.921019    3900        93.413174   3.399272    0.001709    0.000150    0.000387    0.000387    0.006798    2.000000    0.000003    0.000000    3.383967    1.000000    0.000000    0.000000    18.064091   17.954613   0.984265    27.002944   25.893201   -0.000075   -0.000984   0.596729    23.131794  
[37m[36mINFO[0m[0m 08/28 13:55:36 | 0.884224    0.900637    0.000000    0.996028    0.013244    0.990220    0.997863    1.000000    0.884224    0.900637    4000        95.808383   3.402441    0.001391    0.000074    0.000326    0.000326    0.005813    2.000000    0.000002    0.000000    3.389423    1.000000    0.000000    0.000000    18.252048   18.076292   0.984324    27.331576   26.218217   -0.000065   -0.001114   0.616955    23.858347  
[37m[36mINFO[0m[0m 08/28 13:57:02 | 0.893766    0.909554    0.000000    0.996028    0.011437    0.990220    0.997863    1.000000    0.893766    0.909554    4100        98.203593   3.396895    0.001115    0.000042    0.000265    0.000265    0.006065    2.000000    0.000003    0.000000    3.383650    1.000000    0.000000    0.000000    18.420980   18.248708   0.984750    27.700665   26.558765   0.000040    -0.000898   0.622980    23.111234  
[37m[36mINFO[0m[0m 08/28 13:58:27 | 0.912214    0.918471    0.000000    0.995213    0.015437    0.987775    0.997863    1.000000    0.912214    0.918471    4200        100.598802  3.405759    0.002532    0.000143    0.000593    0.000593    0.008248    2.000000    0.000004    0.000000    3.386731    1.000000    0.000000    0.000000    18.731648   18.673640   0.984404    28.074703   26.954232   -0.000087   -0.000747   0.620847    23.457855  
[37m[36mINFO[0m[0m 08/28 13:59:51 | 0.869911    0.886624    0.000000    0.996028    0.018367    0.990220    0.997863    1.000000    0.869911    0.886624    4300        102.994012  3.396606    0.001575    0.000085    0.000370    0.000370    0.007406    2.000000    0.000002    0.000000    3.380218    1.000000    0.000000    0.000000    18.943952   18.794369   0.984902    28.736502   27.535992   -0.000031   -0.001061   0.606777    23.157347  
[37m[36mINFO[0m[0m 08/28 14:01:16 | 0.897265    0.914650    0.000000    0.995213    0.017172    0.987775    0.997863    1.000000    0.897265    0.914650    4400        105.389222  3.401626    0.001962    0.000228    0.000430    0.000430    0.008133    2.000000    0.000002    0.000000    3.383399    1.000000    0.000000    0.000000    19.238119   19.164247   0.984817    29.022351   27.822690   -0.000051   -0.000846   0.604517    23.595521  
[37m[36mINFO[0m[0m 08/28 14:02:38 | 0.889949    0.900637    0.000000    0.996028    0.012701    0.990220    0.997863    1.000000    0.889949    0.900637    4500        107.784431  3.424256    0.009758    0.001258    0.002117    0.002117    0.013653    2.000000    0.000006    0.000000    3.387192    1.000000    0.000000    0.000000    19.628812   19.531856   0.984301    29.774040   28.551560   -0.000113   -0.000906   0.598752    22.675124  
[37m[36mINFO[0m[0m 08/28 14:04:03 | 0.872137    0.880255    0.000000    0.994398    0.023371    0.985330    0.997863    1.000000    0.872137    0.880255    4600        110.179641  3.407750    0.002836    0.000401    0.000605    0.000605    0.007714    2.000000    0.000003    0.000000    3.389487    1.000000    0.000000    0.000000    20.046304   19.978844   0.984897    31.862242   30.556288   -0.000080   -0.001661   0.606982    23.684473  
[37m[36mINFO[0m[0m 08/28 14:05:27 | 0.890267    0.901911    0.000000    0.996028    0.026914    0.990220    0.997863    1.000000    0.890267    0.901911    4700        112.574850  3.395070    0.000855    0.000061    0.000196    0.000196    0.003322    2.000000    0.000002    0.000000    3.387572    1.000000    0.000000    0.000000    20.273382   20.146752   0.985328    32.117579   30.756412   -0.000052   -0.001256   0.611018    23.675606  
[37m[36mINFO[0m[0m 08/28 14:06:52 | 0.911578    0.912102    0.000000    0.994032    0.018114    0.990220    0.997863    0.994012    0.911578    0.912102    4800        114.970060  3.399752    0.002468    0.000093    0.000591    0.000591    0.005187    2.000000    0.000002    0.000000    3.386909    1.000000    0.000000    0.000000    20.448505   20.233896   0.985016    32.528133   31.196530   0.000046    -0.001217   0.605319    23.678807  
[37m[36mINFO[0m[0m 08/28 14:08:16 | 0.877863    0.884076    0.000000    0.996028    0.016723    0.990220    0.997863    1.000000    0.877863    0.884076    4900        117.365269  3.397668    0.002343    0.000665    0.000417    0.000417    0.006235    2.000000    0.000002    0.000000    3.382856    1.000000    0.000000    0.000000    20.938485   20.701827   0.984812    33.253319   31.798557   -0.000042   -0.000999   0.606418    23.678396  
[37m[36mINFO[0m[0m 08/28 14:09:40 | 0.861005    0.870064    0.000000    0.995213    0.029344    0.987775    0.997863    1.000000    0.861005    0.870064    5000        119.760479  3.393450    0.001147    0.000084    0.000264    0.000264    0.006362    2.000000    0.000002    0.000000    3.379579    1.000000    0.000000    0.000000    21.207382   20.967276   0.985189    33.433242   32.049545   0.000044    -0.000947   0.602871    23.685882  
[37m[36mINFO[0m[0m 08/28 14:09:40 | ---
[37m[36mINFO[0m[0m 08/28 14:09:40 | oracle = 91.635%
[37m[36mINFO[0m[0m 08/28 14:09:40 | iid = 90.967%
[37m[36mINFO[0m[0m 08/28 14:09:40 | last = 86.101%
[37m[36mINFO[0m[0m 08/28 14:09:40 | last (inD) = 99.521%
[37m[36mINFO[0m[0m 08/28 14:09:40 | iid (inD) = 99.847%
[37m[36mINFO[0m[0m 08/28 14:09:40 | === Summary ===
[37m[36mINFO[0m[0m 08/28 14:09:40 | Command: train_all.py pacs_b5c1_lr1e3_aug_decomp --dataset PACS --algorithm CIPTDCCL --data_dir /home/hooasia/lgg/data/repro_dccl_data --deterministic --trial_seed 0 --seed 0 --checkpoint_freq 100 --cipt_clip_path /home/hooasia/.cache/clip/ViT-B-16.pt --cipt_beta 4 --cipt_gamma 5 --cipt_k 4 --cipt_prompt_length 16 --cipt_prompt_init a photo of a --cipt_template_mode b5c --cipt_causal_contrastive_weight 1 --cipt_contrastive_warmup_steps 500 --cipt_aug_decomp_weight 0.5 --output_root train_output/PACS_aug_decomp --lr 0.001 --weight_decay 0.0
[37m[36mINFO[0m[0m 08/28 14:09:40 | Unique name: 260828_09-43-25_pacs_b5c1_lr1e3_aug_decomp
[37m[36mINFO[0m[0m 08/28 14:09:40 | Out path: train_output/PACS_aug_decomp/PACS/260828_09-43-25_pacs_b5c1_lr1e3_aug_decomp
[37m[36mINFO[0m[0m 08/28 14:09:40 | Algorithm: CIPTDCCL
[37m[36mINFO[0m[0m 08/28 14:09:40 | Dataset: PACS
+------------+---------+---------+---------+---------+---------+
| Selection  |   env0  |   env1  |   env2  |   env3  |   Avg.  |
+------------+---------+---------+---------+---------+---------+
|   oracle   | 97.071% | 98.774% | 99.775% | 91.635% | 96.814% |
|    iid     | 96.644% | 98.507% | 99.551% | 90.967% | 96.417% |
|    last    | 97.010% | 97.228% | 97.006% | 86.101% | 94.336% |
| last (inD) | 98.655% | 98.254% | 98.176% | 99.521% | 98.652% |
| iid (inD)  | 98.782% | 98.609% | 98.343% | 99.847% | 98.895% |
+------------+---------+---------+---------+---------+---------+
