[37m[36mINFO[0m[0m 07/16 19:54:51 | Command :: train_all.py 2pacs_piccl_residual_gate --dataset PACS --algorithm PICCL --model resnet50 --deterministic --trial_seed 0 --seed 0 --checkpoint_freq 100 --steps 5000 --data_dir /home/hooasia/lgg/data/repro_dccl_data --use_piccl true --piccl_strict_bypass false --output_root train_output/PACS1 --l 1 --l_d 0.05 --l_layer 1 --t 0.1 --t_pre 0.2 --use_piccl true --piccl_fusion_mode residual_gate --piccl_gt_mode keep --piccl_rank 16 --piccl_isr_weight 0.05 --piccl_orth_weight 0.0001 --piccl_residual_scale 0.25 --piccl_gate_bias -2.5 --piccl_gt_mode keep --piccl_basis_receive_task_grad false
Environment:
	Python: 3.10.20
	PyTorch: 2.5.1+cu121
	Torchvision: 0.20.1+cu121
	CUDA: 12.1
	CUDNN: 90100
	NumPy: 2.2.6
	PIL: 12.0.0
Args:
	TN: False
	algorithm: PICCL
	aug: 0
	checkpoint_freq: 100
	configs: []
	data_dir: /home/hooasia/lgg/data/repro_dccl_data
	dataset: PACS
	debug: False
	deterministic: True
	domainnet_auto_source_count: 3
	erm_baseline: weak
	evalmode: fast
	holdout_fraction: 0.2
	l: 1.0
	l_d: 0.05
	l_layer: 1.0
	label_ratio: 1.0
	lamda: 5
	log: False
	mix: 0
	model: resnet50
	model_save: None
	n_layer: 1
	name: 2pacs_piccl_residual_gate
	out_dir: train_output/PACS1/260716_19-54-51_2pacs_piccl_residual_gate
	out_root: train_output/PACS1
	output_root: train_output/PACS1
	pos_mask: False
	prebuild_loader: False
	re_w: False
	sample_d: False
	seed: 0
	show: False
	source_envs: None
	start_epoch: 1000
	steps: 5000
	sup: True
	t: 0.1
	t_pre: 0.2
	target_env: None
	tb_freq: 10
	test_envs: None
	trial_seed: 0
	two_ce: False
	unique_name: 260716_19-54-51_2pacs_piccl_residual_gate
	weak_erm: False
	work_dir: .
HParams:
	data_augmentation: True
	val_augment: False
	resnet18: False
	resnet_dropout: 0.0
	class_balanced: False
	optimizer: adam
	freeze_bn: True
	pretrained: True
	lr: 5e-05
	batch_size: 32
	weight_decay: 0.0
	[36mpiccl_rank: 16
	[0mpiccl_alpha_max: 0.5
	piccl_warmup_ratio: 0.1
	piccl_ramp_ratio: 0.2
	piccl_proto_momentum: 0.99
	piccl_num_interventions: 1
	piccl_ccc_weight: 1.0
	piccl_int_weight: 0.1
	piccl_ref_weight: 1.0
	[36mpiccl_isr_weight: 0.05
	[0m[36mpiccl_orth_weight: 0.0001
	[0mpiccl_eps: 1e-08
	[36mpiccl_gt_mode: keep
	[0m[36mpiccl_basis_receive_task_grad: False
	[0mpiccl_min_valid_domains: 2
	piccl_total_steps: 1
	[36muse_piccl: True
	[0m[36mpiccl_fusion_mode: residual_gate
	[0mpiccl_lr_multiplier: 1.0
	piccl_loss_warmup_ratio: 0.0
	piccl_feature_warmup_ratio: 0.0
	piccl_delayed_start_ratio: 0.0
	[36mpiccl_residual_scale: 0.25
	[0m[36mpiccl_gate_bias: -2.5
	[0mpiccl_connectivity_weight: 1.0
	piccl_diagnostic_interval: 0
	[36mpiccl_strict_bypass: False
	[0mt: 0.1
	t_pre: 0.2
	l: 1
	l_d: 0.01
	l_layer: 1
	n_layer: 1
	sup: True
	two_ce: False
	sample_d: False
	re_w: False
	pos_mask: False
	mix: 0
	aug: 0
	model: resnet50
	label_ratio: 1.0
	TN: False
	lamda: 5
	start_epoch: 1000
	log: False
	swad: LossValley
	swad_kwargs: 
	  n_converge: 3
	  n_tolerance: 6
	  tolerance_ratio: 0.3
	test_batchsize: 128
	indomain_test: False
Dataset:
	[PACS] #envs=4, #classes=7
	env0: art_painting (#2048)
	env1: cartoon (#2344)
	env2: photo (#1670)
	env3: sketch (#3929)

[37m[36mINFO[0m[0m 07/16 19:54:55 | n_steps = 5000
[37m[36mINFO[0m[0m 07/16 19:54:55 | checkpoint_freq = 100
[37m[36mINFO[0m[0m 07/16 19:54:55 | n_steps is updated to 5000 => 5001 for checkpointing
[37m[36mINFO[0m[0m 07/16 19:54:55 | Target test envs = [[0], [1], [2], [3]]
[37m[36mINFO[0m[0m 07/16 19:54:55 | 
[37m[36mINFO[0m[0m 07/16 19:55:00 | Testenv name escaping te_art_painting -> te_art_painting
[37m[36mINFO[0m[0m 07/16 19:55:00 | Test envs = [0], name = te_art_painting
[37m[36mINFO[0m[0m 07/16 19:55:00 | Batch sizes for each domain: [0, 32, 32, 32] (total=96)
[37m[36mINFO[0m[0m 07/16 19:55:00 | steps-per-epoch for each domain: 58.62, 41.75, 98.25 -> min = 41.75
[37m[36mINFO[0m[0m 07/16 19:55:01 | # of params = 53365703
[37m[36mINFO[0m[0m 07/16 19:55:14 | test_in     test_out    train_in    train_out   tr_outloss  env0_in     env0_out    env1_out    env2_out    env3_out    step        epoch       loss        loss_cls    loss_isr    loss_orth   loss_gt     piccl_alph  paired_res  domain_res  valid_doma  basis_orth  response_c  raw_interv  mediator_i  ce_loss     sup_cl_los  pre_cl_los  dccl_total  weighted_l  weighted_l  piccl_feat  residual_s  residual_d  fused_orig  piccl_exec  original_f  piccl_feat  feature_de  feature_de  original_f  gate_mean   gate_std    gate_min    gate_max    backbone_g  piccl_grad  classifier  has_nan_or  param_grou  param_grou  param_grou  param_grou  param_grou  param_grou  param_grou  param_grou  param_grou  step_time   eval_time  
[37m[36mINFO[0m[0m 07/16 19:55:14 | 0.131178    0.178484    0.000000    0.236210    1.887570    0.131178    0.178484    0.226496    0.260479    0.221656    0           0.000000    12.300499   1.940914    0.000000    0.126582    -5.756462   0.000000    0.000000    0.000000    21.000000   0.115786    0.000000    0.918931    0.918931    1.940914    5.304292    5.112845    12.300487   0.000000    0.000013    0.000000    0.250000    0.000000    1.000000    1.000000    24.181402   45.253296   0.000000    0.000000    1.000000    0.075858    0.000000    0.075858    0.075858    10.497466   0.000156    3.423702    0.000000    0.000050    0.000500    0.000005    0.000500    0.000500    0.000005    0.000050    0.000050    0.000050    1.315521    11.056964  
[37m[36mINFO[0m[0m 07/16 19:56:29 | 0.782184    0.779951    0.000000    0.939770    0.187431    0.782184    0.779951    0.918803    0.982036    0.918471    100         2.395210    8.804275    0.323245    0.979846    0.073583    0.298047    0.000000    12.019763   2.866394    21.000000   0.072989    0.020568    0.969032    0.968067    0.323245    3.832460    4.596589    8.755276    0.048992    0.000007    1.000000    0.250000    0.934630    0.999712    1.000000    41.236081   45.264302   0.934630    0.023343    0.999712    0.099824    0.062628    0.014229    0.580866    14.493489   0.017528    2.320281    0.000000    0.000050    0.000500    0.000005    0.000500    0.000500    0.000005    0.000050    0.000050    0.000050    0.583640    11.489423  
[37m[36mINFO[0m[0m 07/16 19:57:44 | 0.812081    0.777506    0.000000    0.959391    0.134065    0.812081    0.777506    0.946581    0.994012    0.937580    200         4.790419    7.989340    0.094051    0.910914    0.078352    -1.420074   0.000000    11.081841   5.686589    21.000000   0.079187    0.089987    0.977601    0.976682    0.094051    3.526368    4.337568    7.943786    0.045546    0.000008    1.000000    0.250000    1.514871    0.999031    1.000000    34.963715   45.281470   1.514871    0.043596    0.999031    0.135753    0.135287    0.003707    0.957553    12.274234   0.017496    0.757959    0.000000    0.000050    0.000500    0.000005    0.000500    0.000500    0.000005    0.000050    0.000050    0.000050    0.588830    11.649862  
[37m[36mINFO[0m[0m 07/16 19:59:00 | 0.811470    0.811736    0.000000    0.949021    0.184546    0.811470    0.811736    0.952991    0.973054    0.921019    300         7.185629    7.782194    0.062914    0.835351    0.265954    -2.234950   0.000000    10.691963   6.778242    21.000000   0.268470    0.165302    0.979657    0.978683    0.062914    3.468636    4.231200    7.740399    0.041768    0.000027    1.000000    0.250000    1.867728    0.998251    1.000000    31.204889   45.298195   1.867728    0.059967    0.998251    0.156245    0.160955    0.003088    0.979989    10.420969   0.016173    0.490778    0.000000    0.000050    0.000500    0.000005    0.000500    0.000500    0.000005    0.000050    0.000050    0.000050    0.585991    11.701830  
[37m[36mINFO[0m[0m 07/16 20:00:15 | 0.860891    0.865526    0.000000    0.958097    0.127864    0.860891    0.865526    0.950855    0.982036    0.941401    400         9.580838    7.632562    0.040850    0.785984    0.477063    -2.706142   0.000000    10.566886   7.384804    21.000000   0.478650    0.214500    0.981545    0.980633    0.040850    3.418290    4.161136    7.593215    0.039299    0.000048    1.000000    0.250000    2.132566    0.997489    1.000000    28.982625   45.312991   2.132566    0.073726    0.997489    0.170019    0.176495    0.002070    0.988783    9.533339    0.014685    0.373773    0.000000    0.000050    0.000500    0.000005    0.000500    0.000500    0.000005    0.000050    0.000050    0.000050    0.585465    11.472677  
[37m[36mINFO[0m[0m 07/16 20:01:31 | 0.883466    0.877751    0.000000    0.973162    0.091286    0.883466    0.877751    0.976496    0.985030    0.957962    500         11.976048   7.546786    0.030946    0.749225    0.598055    -3.026825   0.000000    10.404598   7.697665    21.000000   0.598941    0.251136    0.982374    0.981528    0.030946    3.394730    4.113857    7.509265    0.037461    0.000060    1.000000    0.250000    2.342843    0.996754    1.000000    27.560970   45.324316   2.342843    0.085099    0.996754    0.181402    0.188823    0.001383    0.992595    8.011889    0.013100    0.247765    0.000000    0.000050    0.000500    0.000005    0.000500    0.000500    0.000005    0.000050    0.000050    0.000050    0.587777    11.986191  
[37m[36mINFO[0m[0m 07/16 20:02:48 | 0.864552    0.860636    0.000000    0.965930    0.121611    0.864552    0.860636    0.970085    0.985030    0.942675    600         14.371257   7.478081    0.026437    0.725622    0.664577    -3.330319   0.025250    10.373029   7.811807    21.000000   0.664990    0.274660    0.982422    0.981492    0.026437    3.383758    4.064842    7.441734    0.036281    0.000066    1.000000    0.250000    2.500153    0.996022    1.000000    26.010061   45.336291   2.500153    0.096247    0.996022    0.188340    0.195156    0.001232    0.993838    7.866364    0.012303    0.224778    0.000000    0.000050    0.000500    0.000005    0.000500    0.000500    0.000005    0.000050    0.000050    0.000050    0.589083    12.279542  
[37m[36mINFO[0m[0m 07/16 20:04:04 | 0.798048    0.799511    0.000000    0.952830    0.206112    0.798048    0.799511    0.946581    0.973054    0.938854    700         16.766467   7.443971    0.020872    0.706336    0.680444    -3.476767   0.075250    10.408008   7.910518    21.000000   0.680424    0.293922    0.982397    0.981389    0.020872    3.375627    4.046855    7.408586    0.035317    0.000068    1.000000    0.250000    2.683396    0.995372    1.000000    25.832305   45.345855   2.683396    0.103952    0.995372    0.200500    0.209352    0.000771    0.996470    7.682814    0.011784    0.180214    0.000000    0.000050    0.000500    0.000005    0.000500    0.000500    0.000005    0.000050    0.000050    0.000050    0.588364    13.042884  
[37m[36mINFO[0m[0m 07/16 20:05:21 | 0.879195    0.865526    0.000000    0.963922    0.121510    0.879195    0.865526    0.967949    0.976048    0.947771    800         19.161677   7.465903    0.037736    0.690681    0.660782    -3.603647   0.125250    10.390796   7.941141    21.000000   0.660332    0.309557    0.982264    0.981010    0.037736    3.398225    4.031378    7.431303    0.034534    0.000066    1.000000    0.250000    2.728325    0.995028    1.000000    25.307856   45.348817   2.728325    0.107973    0.995028    0.201458    0.214271    0.000572    0.997580    10.862179   0.014179    0.271587    0.000000    0.000050    0.000500    0.000005    0.000500    0.000500    0.000005    0.000050    0.000050    0.000050    0.589016    12.207910  
[37m[36mINFO[0m[0m 07/16 20:06:37 | 0.843197    0.877751    0.000000    0.970020    0.100575    0.843197    0.877751    0.976496    0.973054    0.960510    900         21.556886   7.383271    0.016569    0.678799    0.597806    -3.843763   0.175250    10.297781   7.990117    21.000000   0.597055    0.321408    0.983493    0.982423    0.016569    3.366780    4.004361    7.349272    0.033940    0.000060    1.000000    0.250000    2.827875    0.994476    1.000000    24.405085   45.357881   2.827875    0.116068    0.994476    0.203708    0.217508    0.000509    0.997361    7.044571    0.010927    0.151831    0.000000    0.000050    0.000500    0.000005    0.000500    0.000500    0.000005    0.000050    0.000050    0.000050    0.588012    12.013696  
[37m[36mINFO[0m[0m 07/16 20:07:53 | 0.865772    0.858191    0.000000    0.977158    0.097300    0.865772    0.858191    0.985043    0.991018    0.955414    1000        23.952096   7.354499    0.015044    0.668480    0.522638    -4.077816   0.225250    10.217561   8.028098    21.000000   0.521901    0.331706    0.983869    0.982704    0.015044    3.358488    3.988269    7.321023    0.033424    0.000052    1.000000    0.250000    2.868185    0.993852    1.000000    23.135549   45.362615   2.868185    0.124055    0.993852    0.203223    0.215490    0.000498    0.997224    6.889744    0.010665    0.131210    0.000000    0.000050    0.000500    0.000005    0.000500    0.000500    0.000005    0.000050    0.000050    0.000050    0.586765    11.632087  
[37m[36mINFO[0m[0m 07/16 20:09:09 | 0.829774    0.838631    0.000000    0.967196    0.113796    0.829774    0.838631    0.976496    0.976048    0.949045    1100        26.347305   7.350300    0.015410    0.659627    0.444935    -4.258641   0.275250    10.223975   8.026635    21.000000   0.444146    0.340548    0.983768    0.982487    0.015410    3.363611    3.980840    7.317274    0.032981    0.000044    1.000000    0.250000    2.924824    0.993539    1.000000    22.945721   45.366860   2.924824    0.127650    0.993539    0.208030    0.220476    0.000422    0.997621    6.539750    0.010400    0.122991    0.000000    0.000050    0.000500    0.000005    0.000500    0.000500    0.000005    0.000050    0.000050    0.000050    0.589446    11.924683  
[37m[36mINFO[0m[0m 07/16 20:10:26 | 0.841977    0.853301    0.000000    0.973736    0.095486    0.841977    0.853301    0.976496    0.988024    0.956688    1200        28.742515   7.292153    0.009082    0.653132    0.372763    -4.424658   0.325250    10.166175   8.056208    21.000000   0.372139    0.347030    0.984746    0.983425    0.009082    3.347896    3.946729    7.259460    0.032657    0.000037    1.000000    0.250000    2.931416    0.993130    1.000000    22.148126   45.367698   2.931416    0.132556    0.993130    0.209193    0.219528    0.000373    0.997531    4.296962    0.009105    0.076946    0.000000    0.000050    0.000500    0.000005    0.000500    0.000500    0.000005    0.000050    0.000050    0.000050    0.592596    12.773250  
[37m[36mINFO[0m[0m 07/16 20:11:42 | 0.758999    0.789731    0.000000    0.967179    0.131501    0.758999    0.789731    0.961538    0.982036    0.957962    1300        31.137725   7.298958    0.013872    0.645740    0.314021    -4.607716   0.375250    10.140588   8.048269    21.000000   0.313429    0.354417    0.984297    0.982667    0.013872    3.353200    3.945645    7.266640    0.032287    0.000031    1.000000    0.250000    2.932402    0.992693    1.000000    21.433931   45.368910   2.932402    0.136981    0.992693    0.209800    0.217794    0.000411    0.997206    6.451964    0.010118    0.103038    0.000000    0.000050    0.000500    0.000005    0.000500    0.000500    0.000005    0.000050    0.000050    0.000050    0.588044    12.352806  
[37m[36mINFO[0m[0m 07/16 20:13:00 | 0.828554    0.855746    0.000000    0.968024    0.108686    0.828554    0.855746    0.976496    0.967066    0.960510    1400        33.532934   7.320834    0.020692    0.636314    0.259065    -4.623503   0.425250    10.285279   8.070957    21.000000   0.258543    0.363840    0.983442    0.981522    0.020692    3.369396    3.945139    7.288992    0.031816    0.000026    1.000000    0.250000    2.925200    0.992756    1.000000    21.820603   45.365664   2.925200    0.134181    0.992756    0.213936    0.226608    0.000210    0.998953    7.843222    0.011399    0.143914    0.000000    0.000050    0.000500    0.000005    0.000500    0.000500    0.000005    0.000050    0.000050    0.000050    0.585696    13.524441  
[37m[36mINFO[0m[0m 07/16 20:14:16 | 0.824893    0.838631    0.000000    0.971166    0.104851    0.824893    0.838631    0.976496    0.979042    0.957962    1500        35.928144   7.273294    0.011630    0.631587    0.210301    -4.807763   0.475250    10.234620   8.062840    21.000000   0.209924    0.368559    0.985492    0.983754    0.011630    3.353952    3.924189    7.241694    0.031579    0.000021    1.000000    0.250000    2.967164    0.992461    1.000000    21.553342   45.369569   2.967164    0.137778    0.992461    0.213209    0.227356    0.000169    0.998909    4.811137    0.009555    0.088771    0.000000    0.000050    0.000500    0.000005    0.000500    0.000500    0.000005    0.000050    0.000050    0.000050    0.583640    13.181744  
[37m[36mINFO[0m[0m 07/16 20:15:33 | 0.856620    0.845966    0.000000    0.971165    0.122839    0.856620    0.845966    0.972222    0.982036    0.959236    1600        38.323353   7.266812    0.011697    0.628253    0.179103    -4.944433   0.500000    10.163583   8.082433    21.000000   0.178810    0.371882    0.984506    0.982435    0.011697    3.354449    3.918680    7.235381    0.031413    0.000018    1.000000    0.250000    3.001941    0.991898    1.000000    20.980684   45.373240   3.001941    0.143169    0.991898    0.215064    0.228026    0.000152    0.998842    6.425718    0.010371    0.093663    0.000000    0.000050    0.000500    0.000005    0.000500    0.000500    0.000005    0.000050    0.000050    0.000050    0.584596    13.410623  
[37m[36mINFO[0m[0m 07/16 20:16:50 | 0.794387    0.787286    0.000000    0.955951    0.202270    0.794387    0.787286    0.946581    0.976048    0.945223    1700        40.718563   7.252330    0.010824    0.621789    0.154099    -5.034862   0.500000    10.258946   8.059913    21.000000   0.153890    0.378344    0.984695    0.982700    0.010824    3.350336    3.910415    7.221226    0.031089    0.000015    1.000000    0.250000    3.009051    0.991739    1.000000    20.796854   45.372116   3.009051    0.144788    0.991739    0.214555    0.229261    0.000125    0.999072    6.049074    0.010183    0.081759    0.000000    0.000050    0.000500    0.000005    0.000500    0.000500    0.000005    0.000050    0.000050    0.000050    0.586780    13.080128  
[37m[36mINFO[0m[0m 07/16 20:18:08 | 0.835876    0.845966    0.000000    0.963063    0.135012    0.835876    0.845966    0.970085    0.970060    0.949045    1800        43.113772   7.248241    0.015748    0.621544    0.137833    -5.188553   0.500000    10.247429   8.035016    21.000000   0.137747    0.378583    0.984191    0.982035    0.015748    3.355091    3.898196    7.217150    0.031077    0.000014    1.000000    0.250000    3.030832    0.991324    1.000000    20.236338   45.372765   3.030832    0.149910    0.991324    0.213466    0.226843    0.000100    0.998900    5.664823    0.010270    0.112976    0.000000    0.000050    0.000500    0.000005    0.000500    0.000500    0.000005    0.000050    0.000050    0.000050    0.593835    13.025884  
[37m[36mINFO[0m[0m 07/16 20:19:24 | 0.883466    0.872861    0.000000    0.973428    0.103036    0.883466    0.872861    0.978632    0.976048    0.965605    1900        45.508982   7.206809    0.004219    0.618386    0.135054    -5.329619   0.500000    10.129544   8.049721    21.000000   0.135025    0.381737    0.985502    0.983515    0.004219    3.338498    3.886456    7.175876    0.030919    0.000014    1.000000    0.250000    3.165040    0.990731    1.000000    20.305748   45.383491   3.165040    0.155962    0.990731    0.222679    0.234582    0.000085    0.999011    3.435315    0.008788    0.039781    0.000000    0.000050    0.000500    0.000005    0.000500    0.000500    0.000005    0.000050    0.000050    0.000050    0.580169    13.022475  
[37m[36mINFO[0m[0m 07/16 20:20:40 | 0.887736    0.899756    0.000000    0.973139    0.099573    0.887736    0.899756    0.972222    0.979042    0.968153    2000        47.904192   7.201680    0.005081    0.616196    0.130993    -5.447247   0.500000    10.195263   8.050205    21.000000   0.130960    0.383922    0.985075    0.982983    0.005081    3.334337    3.885911    7.170857    0.030810    0.000013    1.000000    0.250000    3.238891    0.990140    1.000000    20.032371   45.391123   3.238891    0.161759    0.990140    0.226957    0.237868    0.000087    0.999380    3.782306    0.009317    0.042443    0.000000    0.000050    0.000500    0.000005    0.000500    0.000500    0.000005    0.000050    0.000050    0.000050    0.581723    12.908461  
[37m[36mINFO[0m[0m 07/16 20:21:58 | 0.852349    0.855746    0.000000    0.962357    0.130040    0.852349    0.855746    0.957265    0.982036    0.947771    2100        50.299401   7.208041    0.008906    0.614477    0.128042    -5.547071   0.500000    10.170737   8.080015    21.000000   0.128026    0.385641    0.983824    0.981522    0.008906    3.347426    3.876443    7.177304    0.030724    0.000013    1.000000    0.250000    3.210499    0.989903    1.000000    19.513257   45.390934   3.210499    0.164740    0.989903    0.223726    0.235174    0.000074    0.999259    5.188757    0.009935    0.060528    0.000000    0.000050    0.000500    0.000005    0.000500    0.000500    0.000005    0.000050    0.000050    0.000050    0.592171    12.729603  
[37m[36mINFO[0m[0m 07/16 20:23:14 | 0.849908    0.850856    0.000000    0.968605    0.121715    0.849908    0.850856    0.970085    0.979042    0.956688    2200        52.694611   7.183615    0.004830    0.613156    0.124549    -5.655292   0.500000    10.120670   8.036828    21.000000   0.124493    0.386956    0.985450    0.983372    0.004830    3.337995    3.866673    7.152945    0.030658    0.000012    1.000000    0.250000    3.307082    0.989667    1.000000    20.016085   45.394247   3.307082    0.165350    0.989667    0.232450    0.245005    0.000048    0.999590    3.683053    0.009744    0.039190    0.000000    0.000050    0.000500    0.000005    0.000500    0.000500    0.000005    0.000050    0.000050    0.000050    0.589971    11.901589  
[37m[36mINFO[0m[0m 07/16 20:24:30 | 0.807810    0.804401    0.000000    0.947883    0.183816    0.807810    0.804401    0.946581    0.976048    0.921019    2300        55.089820   7.216277    0.011850    0.611917    0.121829    -5.783952   0.500000    10.112341   8.052127    21.000000   0.121810    0.388194    0.984661    0.982408    0.011850    3.349050    3.882608    7.185669    0.030596    0.000012    1.000000    0.250000    3.313850    0.989078    1.000000    19.224743   45.402352   3.313850    0.172544    0.989078    0.228693    0.239393    0.000049    0.999465    5.333247    0.010653    0.073214    0.000000    0.000050    0.000500    0.000005    0.000500    0.000500    0.000005    0.000050    0.000050    0.000050    0.587044    12.397528  
[37m[36mINFO[0m[0m 07/16 20:25:47 | 0.832215    0.850856    0.000000    0.970161    0.126221    0.832215    0.850856    0.959402    0.988024    0.963057    2400        57.485030   7.234177    0.019530    0.609470    0.111921    -5.764058   0.500000    10.208174   8.092007    21.000000   0.111772    0.390641    0.983714    0.981417    0.019530    3.369239    3.872564    7.203692    0.030474    0.000011    1.000000    0.250000    3.233919    0.989996    1.000000    19.925878   45.390479   3.233919    0.162609    0.989996    0.227379    0.244957    0.000025    0.999657    7.684939    0.011657    0.115458    0.000000    0.000050    0.000500    0.000005    0.000500    0.000500    0.000005    0.000050    0.000050    0.000050    0.588748    12.499265  
[37m[36mINFO[0m[0m 07/16 20:27:04 | 0.854790    0.848411    0.000000    0.969169    0.105968    0.854790    0.848411    0.972222    0.976048    0.959236    2500        59.880240   7.169569    0.006022    0.608398    0.099886    -5.949950   0.500000    10.159430   8.096665    21.000000   0.099801    0.391707    0.985764    0.983871    0.006022    3.335268    3.857348    7.139139    0.030420    0.000010    1.000000    0.250000    3.352837    0.988975    1.000000    19.215305   45.402235   3.352837    0.174569    0.988975    0.225953    0.242316    0.000035    0.999516    3.576674    0.009573    0.044138    0.000000    0.000050    0.000500    0.000005    0.000500    0.000500    0.000005    0.000050    0.000050    0.000050    0.583952    13.236670  
[37m[36mINFO[0m[0m 07/16 20:28:20 | 0.867602    0.855746    0.000000    0.972877    0.110133    0.867602    0.855746    0.978632    0.982036    0.957962    2600        62.275449   7.178083    0.006208    0.607576    0.093604    -6.062640   0.500000    10.158380   8.096259    21.000000   0.093540    0.392528    0.985579    0.983624    0.006208    3.341091    3.861021    7.147695    0.030379    0.000009    1.000000    0.250000    3.401210    0.988647    1.000000    19.152576   45.405618   3.401210    0.177715    0.988647    0.228843    0.244943    0.000036    0.999626    3.585103    0.009555    0.047241    0.000000    0.000050    0.000500    0.000005    0.000500    0.000500    0.000005    0.000050    0.000050    0.000050    0.584520    12.401137  
[37m[36mINFO[0m[0m 07/16 20:29:38 | 0.807810    0.836186    0.000000    0.965742    0.131770    0.807810    0.836186    0.978632    0.958084    0.960510    2700        64.670659   7.157866    0.007384    0.607655    0.086291    -6.196956   0.500000    10.074482   8.113687    21.000000   0.086217    0.392447    0.984928    0.982794    0.007384    3.337944    3.844115    7.127474    0.030383    0.000009    1.000000    0.250000    3.404702    0.987966    1.000000    18.395331   45.409205   3.404702    0.185144    0.987966    0.226211    0.240888    0.000041    0.999452    3.968445    0.009891    0.044019    0.000000    0.000050    0.000500    0.000005    0.000500    0.000500    0.000005    0.000050    0.000050    0.000050    0.586313    13.097153  
[37m[36mINFO[0m[0m 07/16 20:30:55 | 0.822453    0.836186    0.000000    0.966343    0.130139    0.822453    0.836186    0.967949    0.982036    0.949045    2800        67.065868   7.150929    0.005360    0.607298    0.078461    -6.291496   0.500000    10.096882   8.108273    21.000000   0.078373    0.392803    0.985397    0.983373    0.005360    3.334224    3.843887    7.120556    0.030365    0.000008    1.000000    0.250000    3.458540    0.987589    1.000000    18.377855   45.411339   3.458540    0.188626    0.987589    0.228739    0.243152    0.000053    0.999476    3.262463    0.009567    0.033237    0.000000    0.000050    0.000500    0.000005    0.000500    0.000500    0.000005    0.000050    0.000050    0.000050    0.587351    13.095227  
[37m[36mINFO[0m[0m 07/16 20:32:11 | 0.834045    0.833741    0.000000    0.963200    0.126657    0.834045    0.833741    0.967949    0.970060    0.951592    2900        69.461078   7.199715    0.016528    0.603817    0.069740    -6.339040   0.500000    10.136769   8.099777    21.000000   0.069667    0.396286    0.983648    0.981232    0.016528    3.357245    3.859135    7.169517    0.030191    0.000007    1.000000    0.250000    3.397605    0.987819    1.000000    18.405210   45.407537   3.397605    0.184819    0.987819    0.227865    0.244580    0.000034    0.999586    7.200504    0.012159    0.096825    0.000000    0.000050    0.000500    0.000005    0.000500    0.000500    0.000005    0.000050    0.000050    0.000050    0.582975    13.012209  
[37m[36mINFO[0m[0m 07/16 20:33:28 | 0.831605    0.845966    0.000000    0.969314    0.119796    0.831605    0.845966    0.963675    0.985030    0.959236    3000        71.856287   7.226550    0.026005    0.599215    0.063268    -6.322091   0.500000    10.229483   8.140420    21.000000   0.063191    0.400896    0.983860    0.981524    0.026005    3.376412    3.857386    7.196582    0.029961    0.000006    1.000000    0.250000    3.345788    0.988579    1.000000    19.036064   45.397079   3.345788    0.176111    0.988579    0.225510    0.249078    0.000014    0.999810    7.891879    0.012125    0.113025    0.000000    0.000050    0.000500    0.000005    0.000500    0.000500    0.000005    0.000050    0.000050    0.000050    0.587476    12.116202  
[37m[36mINFO[0m[0m 07/16 20:34:44 | 0.824893    0.831296    0.000000    0.961191    0.185686    0.824893    0.831296    0.961538    0.964072    0.957962    3100        74.251497   7.147458    0.007895    0.601922    0.053287    -6.438256   0.500000    10.168322   8.135752    21.000000   0.053179    0.398178    0.985246    0.983273    0.007895    3.344255    3.829589    7.117357    0.030096    0.000005    1.000000    0.250000    3.479237    0.987668    1.000000    18.507949   45.413724   3.479237    0.188084    0.987668    0.223855    0.247063    0.000013    0.999783    4.993770    0.010037    0.052391    0.000000    0.000050    0.000500    0.000005    0.000500    0.000500    0.000005    0.000050    0.000050    0.000050    0.583659    12.346540  
[37m[36mINFO[0m[0m 07/16 20:35:59 | 0.885296    0.889976    0.000000    0.974139    0.101736    0.885296    0.889976    0.976496    0.979042    0.966879    3200        76.646707   7.155529    0.010725    0.603444    0.044110    -6.547966   0.500000    10.170855   8.124340    21.000000   0.044020    0.396656    0.984721    0.982619    0.010725    3.347086    3.833021    7.125352    0.030172    0.000004    1.000000    0.250000    3.460414    0.987375    1.000000    18.187678   45.408800   3.460414    0.190386    0.987375    0.223311    0.245502    0.000012    0.999777    5.148819    0.010356    0.062446    0.000000    0.000050    0.000500    0.000005    0.000500    0.000500    0.000005    0.000050    0.000050    0.000050    0.583129    12.319023  
[37m[36mINFO[0m[0m 07/16 20:37:15 | 0.868822    0.853301    0.000000    0.972303    0.118047    0.868822    0.853301    0.978632    0.979042    0.959236    3300        79.041916   7.149917    0.008094    0.603516    0.035896    -6.634339   0.500000    10.138794   8.088282    21.000000   0.035825    0.396582    0.985359    0.983347    0.008094    3.343552    3.834435    7.119738    0.030176    0.000004    1.000000    0.250000    3.528166    0.987162    1.000000    18.304501   45.416855   3.528166    0.192943    0.987162    0.227260    0.250488    0.000012    0.999735    4.315646    0.010256    0.045904    0.000000    0.000050    0.000500    0.000005    0.000500    0.000500    0.000005    0.000050    0.000050    0.000050    0.583096    12.341350  
[37m[36mINFO[0m[0m 07/16 20:38:31 | 0.879195    0.860636    0.000000    0.978007    0.100274    0.879195    0.860636    0.985043    0.991018    0.957962    3400        81.437126   7.122264    0.003280    0.602699    0.030022    -6.722006   0.500000    10.141001   8.079973    21.000000   0.029980    0.397400    0.986270    0.984488    0.003280    3.330058    3.826008    7.092126    0.030135    0.000003    1.000000    0.250000    3.622273    0.986705    1.000000    18.316322   45.426818   3.622273    0.197817    0.986705    0.230153    0.253144    0.000010    0.999804    2.412491    0.008965    0.023389    0.000000    0.000050    0.000500    0.000005    0.000500    0.000500    0.000005    0.000050    0.000050    0.000050    0.584998    11.989391  
[37m[36mINFO[0m[0m 07/16 20:39:47 | 0.834655    0.848411    0.000000    0.971444    0.114871    0.834655    0.848411    0.980769    0.973054    0.960510    3500        83.832335   7.151336    0.009689    0.602717    0.026433    -6.863124   0.500000    10.161713   8.079722    21.000000   0.026393    0.397381    0.985190    0.983138    0.009689    3.344075    3.836065    7.121198    0.030136    0.000003    1.000000    0.250000    3.572844    0.986164    1.000000    17.655511   45.424404   3.572844    0.202781    0.986164    0.226926    0.247345    0.000014    0.999653    3.917945    0.010604    0.052248    0.000000    0.000050    0.000500    0.000005    0.000500    0.000500    0.000005    0.000050    0.000050    0.000050    0.586740    12.128200  
[37m[36mINFO[0m[0m 07/16 20:41:03 | 0.860281    0.838631    0.000000    0.968906    0.139409    0.860281    0.838631    0.978632    0.979042    0.949045    3600        86.227545   7.131963    0.005014    0.603200    0.021567    -6.863693   0.500000    10.149991   8.062480    21.000000   0.021520    0.396901    0.985949    0.984052    0.005014    3.337598    3.827826    7.101801    0.030160    0.000002    1.000000    0.250000    3.690386    0.986751    1.000000    19.145445   45.442306   3.690386    0.193413    0.986751    0.240439    0.265463    0.000004    0.999896    3.689772    0.010129    0.034890    0.000000    0.000050    0.000500    0.000005    0.000500    0.000500    0.000005    0.000050    0.000050    0.000050    0.585053    12.375432  
[37m[36mINFO[0m[0m 07/16 20:42:20 | 0.837096    0.836186    0.000000    0.961365    0.162273    0.837096    0.836186    0.970085    0.970060    0.943949    3700        88.622754   7.103554    0.002982    0.604619    0.018165    -7.043712   0.500000    10.113872   8.070659    21.000000   0.018137    0.395478    0.986094    0.984327    0.002982    3.327769    3.813007    7.073321    0.030231    0.000002    1.000000    0.250000    3.669001    0.985539    1.000000    17.445585   45.432364   3.669001    0.210431    0.985539    0.227646    0.249214    0.000010    0.999738    2.188179    0.009293    0.020629    0.000000    0.000050    0.000500    0.000005    0.000500    0.000500    0.000005    0.000050    0.000050    0.000050    0.585970    12.608752  
[37m[36mINFO[0m[0m 07/16 20:43:36 | 0.848688    0.865526    0.000000    0.959087    0.174967    0.848688    0.865526    0.957265    0.976048    0.943949    3800        91.017964   7.113769    0.005648    0.602195    0.015350    -7.099242   0.500000    10.189525   8.058134    21.000000   0.015323    0.397900    0.984715    0.982704    0.005648    3.333376    3.815626    7.083658    0.030110    0.000002    1.000000    0.250000    3.661322    0.985497    1.000000    17.483680   45.436095   3.661322    0.209741    0.985497    0.228487    0.250811    0.000009    0.999753    3.876092    0.009927    0.033400    0.000000    0.000050    0.000500    0.000005    0.000500    0.000500    0.000005    0.000050    0.000050    0.000050    0.587531    12.454478  
[37m[36mINFO[0m[0m 07/16 20:44:52 | 0.732154    0.750611    0.000000    0.951945    0.213450    0.732154    0.750611    0.963675    0.943114    0.949045    3900        93.413174   7.125822    0.008523    0.602782    0.012630    -7.129948   0.500000    10.134395   8.063353    21.000000   0.012606    0.397315    0.984186    0.982066    0.008523    3.343074    3.815384    7.095682    0.030139    0.000001    1.000000    0.250000    3.630569    0.985147    1.000000    16.988682   45.430609   3.630569    0.213894    0.985147    0.223383    0.245201    0.000012    0.999620    5.452441    0.010828    0.048213    0.000000    0.000050    0.000500    0.000005    0.000500    0.000500    0.000005    0.000050    0.000050    0.000050    0.588517    11.248072  
[37m[36mINFO[0m[0m 07/16 20:46:07 | 0.772422    0.779951    0.000000    0.953784    0.201863    0.772422    0.779951    0.946581    0.958084    0.956688    4000        95.808383   7.155992    0.014805    0.600101    0.010576    -7.100389   0.500000    10.183309   8.125465    21.000000   0.010556    0.399999    0.984202    0.982029    0.014805    3.358752    3.823434    7.125986    0.030005    0.000001    1.000000    0.250000    3.673376    0.986373    1.000000    18.473672   45.433019   3.673376    0.199215    0.986373    0.234324    0.262972    0.000003    0.999924    7.356877    0.011531    0.072290    0.000000    0.000050    0.000500    0.000005    0.000500    0.000500    0.000005    0.000050    0.000050    0.000050    0.584337    11.491178  
[37m[36mINFO[0m[0m 07/16 20:47:23 | 0.815741    0.841076    0.000000    0.949523    0.229652    0.815741    0.841076    0.935897    0.961078    0.951592    4100        98.203593   7.149699    0.017785    0.601016    0.008716    -7.111061   0.500000    10.258188   8.203844    21.000000   0.008699    0.399083    0.984606    0.982565    0.017785    3.354667    3.818305    7.119647    0.030051    0.000001    1.000000    0.250000    3.658383    0.986084    1.000000    18.067340   45.432460   3.658383    0.202821    0.986084    0.228058    0.258655    0.000002    0.999945    6.378654    0.011372    0.087341    0.000000    0.000050    0.000500    0.000005    0.000500    0.000500    0.000005    0.000050    0.000050    0.000050    0.589282    12.212936  
[37m[36mINFO[0m[0m 07/16 20:48:39 | 0.840146    0.848411    0.000000    0.970006    0.137569    0.840146    0.848411    0.970085    0.973054    0.966879    4200        100.598802  7.124875    0.007806    0.598464    0.007195    -7.282618   0.500000    10.162222   8.239420    21.000000   0.007180    0.401633    0.985496    0.983627    0.007806    3.345683    3.814289    7.094951    0.029923    0.000001    1.000000    0.250000    3.694155    0.985654    1.000000    17.593966   45.435368   3.694155    0.210156    0.985654    0.224509    0.255149    0.000002    0.999894    4.792702    0.010251    0.043979    0.000000    0.000050    0.000500    0.000005    0.000500    0.000500    0.000005    0.000050    0.000050    0.000050    0.587658    11.741385  
[37m[36mINFO[0m[0m 07/16 20:49:56 | 0.800488    0.819071    0.000000    0.963474    0.180000    0.800488    0.819071    0.963675    0.970060    0.956688    4300        102.994012  7.110418    0.008812    0.599599    0.006109    -7.372678   0.500000    10.198807   8.210051    21.000000   0.006101    0.400497    0.985549    0.983714    0.008812    3.337540    3.807813    7.080437    0.029980    0.000001    1.000000    0.250000    3.720210    0.984992    1.000000    17.185582   45.438302   3.720210    0.216604    0.984992    0.223430    0.252217    0.000003    0.999859    4.624149    0.010362    0.049472    0.000000    0.000050    0.000500    0.000005    0.000500    0.000500    0.000005    0.000050    0.000050    0.000050    0.586847    12.643335  
[37m[36mINFO[0m[0m 07/16 20:51:13 | 0.829164    0.845966    0.000000    0.972714    0.117365    0.829164    0.845966    0.972222    0.979042    0.966879    4400        105.389222  7.114455    0.008156    0.601844    0.005040    -7.455582   0.500000    10.176301   8.177596    21.000000   0.005027    0.398252    0.985672    0.983871    0.008156    3.339358    3.811403    7.084362    0.030092    0.000001    1.000000    0.250000    3.742057    0.984871    1.000000    17.228484   45.439533   3.742057    0.217549    0.984871    0.224743    0.252999    0.000003    0.999865    3.791390    0.010069    0.048181    0.000000    0.000050    0.000500    0.000005    0.000500    0.000500    0.000005    0.000050    0.000050    0.000050    0.583764    13.047087  
[37m[36mINFO[0m[0m 07/16 20:52:29 | 0.863331    0.850856    0.000000    0.974849    0.127262    0.863331    0.850856    0.974359    0.982036    0.968153    4500        107.784431  7.101937    0.005514    0.600874    0.004122    -7.507273   0.500000    10.163471   8.158898    21.000000   0.004115    0.399221    0.985997    0.984280    0.005514    3.335870    3.805582    7.071893    0.030044    0.000000    1.000000    0.250000    3.770736    0.984465    1.000000    17.031083   45.442736   3.770736    0.221553    0.984465    0.224748    0.253133    0.000002    0.999829    2.878329    0.009650    0.029217    0.000000    0.000050    0.000500    0.000005    0.000500    0.000500    0.000005    0.000050    0.000050    0.000050    0.585647    12.868556  
[37m[36mINFO[0m[0m 07/16 20:53:46 | 0.832825    0.845966    0.000000    0.968280    0.137499    0.832825    0.845966    0.957265    0.973054    0.974522    4600        110.179641  7.085279    0.002172    0.601913    0.003124    -7.653969   0.500000    10.135749   8.143950    21.000000   0.003113    0.398183    0.985897    0.984178    0.002172    3.331412    3.798139    7.055183    0.030096    0.000000    1.000000    0.250000    3.800300    0.983874    1.000000    16.698909   45.440777   3.800300    0.227652    0.983874    0.225405    0.251872    0.000003    0.999797    2.017287    0.009433    0.014050    0.000000    0.000050    0.000500    0.000005    0.000500    0.000500    0.000005    0.000050    0.000050    0.000050    0.586068    12.499230  
[37m[36mINFO[0m[0m 07/16 20:55:02 | 0.851129    0.850856    0.000000    0.970879    0.136538    0.851129    0.850856    0.974359    0.979042    0.959236    4700        112.574850  7.106064    0.010078    0.600854    0.002322    -7.699354   0.500000    10.096945   8.150238    21.000000   0.002318    0.399242    0.984470    0.982471    0.010078    3.341317    3.801619    7.076021    0.030043    0.000000    1.000000    0.250000    3.743430    0.983855    1.000000    16.526051   45.441261   3.743430    0.226740    0.983855    0.222102    0.249023    0.000003    0.999811    4.485315    0.010712    0.051023    0.000000    0.000050    0.000500    0.000005    0.000500    0.000500    0.000005    0.000050    0.000050    0.000050    0.586322    12.643818  
[37m[36mINFO[0m[0m 07/16 20:56:19 | 0.812691    0.806846    0.000000    0.972584    0.120267    0.812691    0.806846    0.963675    0.991018    0.963057    4800        114.970060  7.113003    0.009522    0.599491    0.002083    -7.660432   0.500000    10.197782   8.162072    21.000000   0.002080    0.400604    0.985200    0.983320    0.009522    3.345481    3.804629    7.083028    0.029975    0.000000    1.000000    0.250000    3.776497    0.983937    1.000000    16.724161   45.450037   3.776497    0.225970    0.983937    0.223799    0.253071    0.000002    0.999898    5.298931    0.011019    0.051557    0.000000    0.000050    0.000500    0.000005    0.000500    0.000500    0.000005    0.000050    0.000050    0.000050    0.585797    12.816385  
[37m[36mINFO[0m[0m 07/16 20:57:36 | 0.865162    0.855746    0.000000    0.975297    0.098070    0.865162    0.855746    0.978632    0.988024    0.959236    4900        117.365269  7.077646    0.004611    0.600339    0.001577    -7.738933   0.500000    10.164912   8.175176    21.000000   0.001572    0.399756    0.985762    0.984037    0.004611    3.334286    3.786122    7.047629    0.030017    0.000000    1.000000    0.250000    3.777484    0.983408    1.000000    16.159108   45.448540   3.777484    0.233889    0.983408    0.218533    0.247072    0.000004    0.999798    2.794478    0.009638    0.023873    0.000000    0.000050    0.000500    0.000005    0.000500    0.000500    0.000005    0.000050    0.000050    0.000050    0.589308    12.776499  
[37m[36mINFO[0m[0m 07/16 20:58:53 | 0.851739    0.836186    0.000000    0.973446    0.132496    0.851739    0.836186    0.970085    0.991018    0.959236    5000        119.760479  7.067932    0.000990    0.600624    0.001326    -7.856454   0.500000    10.081945   8.140663    21.000000   0.001324    0.399471    0.987056    0.985578    0.000990    3.325012    3.790464    7.037901    0.030031    0.000000    1.000000    0.250000    3.849117    0.983228    1.000000    16.402831   45.451532   3.849117    0.234833    0.983228    0.224350    0.252554    0.000004    0.999792    1.428158    0.009104    0.007117    0.000000    0.000050    0.000500    0.000005    0.000500    0.000500    0.000005    0.000050    0.000050    0.000050    0.588578    12.881761  
[37m[36mINFO[0m[0m 07/16 20:58:54 | ---
[37m[33mWARNING[0m[0m 07/16 20:58:54 | Evaluate SWAD ...
[37m[36mINFO[0m[0m 07/16 20:59:07 | 0.914582    0.904645    0.000000    0.983240    0.272631    0.914582    0.904645    0.982906    0.991018    0.975796    [401-5000]  (N=47)
[37m[36mINFO[0m[0m 07/16 20:59:07 | oracle = 88.774%
[37m[36mINFO[0m[0m 07/16 20:59:07 | iid = 87.919%
[37m[36mINFO[0m[0m 07/16 20:59:07 | last = 85.174%
[37m[36mINFO[0m[0m 07/16 20:59:07 | last (inD) = 97.345%
[37m[36mINFO[0m[0m 07/16 20:59:07 | iid (inD) = 97.801%
[37m[36mINFO[0m[0m 07/16 20:59:07 | SWAD = 91.458%
[37m[36mINFO[0m[0m 07/16 20:59:07 | SWAD (inD) = 98.324%
[37m[36mINFO[0m[0m 07/16 20:59:07 | 
[37m[36mINFO[0m[0m 07/16 20:59:11 | Testenv name escaping te_cartoon -> te_cartoon
[37m[36mINFO[0m[0m 07/16 20:59:11 | Test envs = [1], name = te_cartoon
[37m[36mINFO[0m[0m 07/16 20:59:11 | Batch sizes for each domain: [32, 0, 32, 32] (total=96)
[37m[36mINFO[0m[0m 07/16 20:59:11 | steps-per-epoch for each domain: 51.22, 41.75, 98.25 -> min = 41.75
[37m[36mINFO[0m[0m 07/16 20:59:14 | # of params = 53365703
[37m[36mINFO[0m[0m 07/16 20:59:27 | test_in     test_out    train_in    train_out   tr_outloss  env0_out    env1_in     env1_out    env2_out    env3_out    step        epoch       loss        loss_cls    loss_isr    loss_orth   loss_gt     piccl_alph  paired_res  domain_res  valid_doma  basis_orth  response_c  raw_interv  mediator_i  ce_loss     sup_cl_los  pre_cl_los  dccl_total  weighted_l  weighted_l  piccl_feat  residual_s  residual_d  fused_orig  piccl_exec  original_f  piccl_feat  feature_de  feature_de  original_f  gate_mean   gate_std    gate_min    gate_max    backbone_g  piccl_grad  classifier  has_nan_or  param_grou  param_grou  param_grou  param_grou  param_grou  param_grou  param_grou  param_grou  param_grou  step_time   eval_time  
[37m[36mINFO[0m[0m 07/16 20:59:27 | 0.203625    0.190171    0.000000    0.302488    1.855003    0.293399    0.203625    0.190171    0.419162    0.194904    0           0.000000    12.244287   1.996451    0.000000    0.149580    -5.756462   0.000000    0.000000    0.000000    20.000000   0.137917    0.000000    0.913917    0.913917    1.996451    5.277705    5.027680    12.244272   0.000000    0.000015    0.000000    0.250000    0.000000    1.000000    1.000000    25.206272   45.253387   0.000000    0.000000    1.000000    0.075858    0.000000    0.075858    0.075858    14.754700   0.000171    3.896585    0.000000    0.000050    0.000500    0.000005    0.000500    0.000500    0.000005    0.000050    0.000050    0.000050    0.542524    12.901232  
[37m[36mINFO[0m[0m 07/16 21:00:43 | 0.785181    0.807692    0.000000    0.961554    0.122337    0.963325    0.785181    0.807692    0.985030    0.936306    100         2.395210    8.711852    0.278845    0.975036    0.091377    0.539228    0.000000    12.675202   4.074528    20.970000   0.090713    0.025506    0.969314    0.968442    0.278845    3.803206    4.575647    8.663091    0.048752    0.000009    1.000000    0.250000    0.900117    0.999741    1.000000    42.099485   45.264505   0.900117    0.022031    0.999741    0.095266    0.060927    0.014325    0.576792    15.615291   0.016942    1.897847    0.000000    0.000050    0.000500    0.000005    0.000500    0.000500    0.000005    0.000050    0.000050    0.000050    0.585759    11.742892  
[37m[36mINFO[0m[0m 07/16 21:01:59 | 0.760128    0.767094    0.000000    0.961864    0.125906    0.960880    0.760128    0.767094    0.982036    0.942675    200         4.790419    7.958199    0.094238    0.900507    0.108374    -1.466077   0.000000    11.631520   6.099834    21.000000   0.109538    0.100203    0.977619    0.976771    0.094238    3.522079    4.311507    7.913163    0.045025    0.000011    1.000000    0.250000    1.438886    0.999074    1.000000    33.962091   45.281069   1.438886    0.042644    0.999074    0.126480    0.126445    0.002867    0.958720    13.758385   0.017919    0.735506    0.000000    0.000050    0.000500    0.000005    0.000500    0.000500    0.000005    0.000050    0.000050    0.000050    0.581483    12.304336  
[37m[36mINFO[0m[0m 07/16 21:03:15 | 0.816631    0.837607    0.000000    0.960405    0.121945    0.943765    0.816631    0.837607    0.982036    0.955414    300         7.185629    7.779322    0.069578    0.849846    0.267020    -2.212028   0.000000    11.294956   6.961252    21.000000   0.268391    0.150614    0.979798    0.978909    0.069578    3.472243    4.217103    7.736803    0.042492    0.000027    1.000000    0.250000    1.823802    0.998292    1.000000    30.764708   45.296541   1.823802    0.059367    0.998292    0.146609    0.157431    0.001800    0.988052    11.888323   0.016946    0.519985    0.000000    0.000050    0.000500    0.000005    0.000500    0.000500    0.000005    0.000050    0.000050    0.000050    0.584170    12.084144  
[37m[36mINFO[0m[0m 07/16 21:04:31 | 0.785714    0.807692    0.000000    0.967440    0.110659    0.958435    0.785714    0.807692    0.991018    0.952866    400         9.580838    7.631132    0.045319    0.805965    0.354310    -2.647139   0.000000    11.237464   7.337875    21.000000   0.354872    0.194526    0.980901    0.980017    0.045319    3.427517    4.144434    7.590798    0.040298    0.000035    1.000000    0.250000    2.093210    0.997543    1.000000    28.873215   45.309590   2.093210    0.072609    0.997543    0.160522    0.173745    0.001577    0.992631    12.059147   0.015600    0.375457    0.000000    0.000050    0.000500    0.000005    0.000500    0.000500    0.000005    0.000050    0.000050    0.000050    0.588003    12.369425  
[37m[36mINFO[0m[0m 07/16 21:05:47 | 0.801706    0.801282    0.000000    0.945805    0.208679    0.914425    0.801706    0.801282    0.979042    0.943949    500         11.976048   7.512033    0.031325    0.768262    0.410642    -2.907055   0.000000    11.186396   7.533594    21.000000   0.411237    0.232144    0.981677    0.980771    0.031325    3.394881    4.076443    7.473579    0.038413    0.000041    1.000000    0.250000    2.317598    0.996845    1.000000    27.859433   45.322022   2.317598    0.083366    0.996845    0.173216    0.187985    0.001139    0.994383    9.702939    0.013643    0.263386    0.000000    0.000050    0.000500    0.000005    0.000500    0.000500    0.000005    0.000050    0.000050    0.000050    0.587910    12.351126  
[37m[36mINFO[0m[0m 07/16 21:07:04 | 0.783582    0.797009    0.000000    0.972388    0.114946    0.977995    0.783582    0.797009    0.985030    0.954140    600         14.371257   7.479582    0.030154    0.737042    0.464441    -3.199044   0.025250    11.098002   7.632902    21.000000   0.464898    0.263280    0.981889    0.980920    0.030154    3.396883    4.047636    7.442684    0.036852    0.000046    1.000000    0.250000    2.446851    0.996197    1.000000    26.270241   45.330597   2.446851    0.093225    0.996197    0.178098    0.192941    0.000810    0.995028    10.111116   0.013789    0.246371    0.000000    0.000050    0.000500    0.000005    0.000500    0.000500    0.000005    0.000050    0.000050    0.000050    0.587616    12.595912  
[37m[36mINFO[0m[0m 07/16 21:08:21 | 0.786780    0.799145    0.000000    0.959558    0.139148    0.963325    0.786780    0.799145    0.979042    0.936306    700         16.766467   7.418376    0.021130    0.714138    0.495720    -3.451917   0.075250    11.051384   7.690448    21.000000   0.495870    0.286129    0.982987    0.982081    0.021130    3.378660    4.017348    7.382619    0.035707    0.000050    1.000000    0.250000    2.579143    0.995538    1.000000    25.152884   45.338102   2.579143    0.102597    0.995538    0.181932    0.197023    0.000812    0.995786    8.462545    0.012173    0.179767    0.000000    0.000050    0.000500    0.000005    0.000500    0.000500    0.000005    0.000050    0.000050    0.000050    0.585821    13.709075  
[37m[36mINFO[0m[0m 07/16 21:09:38 | 0.771855    0.786325    0.000000    0.956239    0.138053    0.948655    0.771855    0.786325    0.985030    0.935032    800         19.161677   7.387499    0.024808    0.700480    0.495213    -3.748427   0.125250    10.910365   7.686473    21.000000   0.495033    0.299760    0.983734    0.982805    0.024808    3.373642    3.991459    7.352426    0.035024    0.000050    1.000000    0.250000    2.653414    0.994946    1.000000    24.007014   45.343650   2.653414    0.110725    0.994946    0.184583    0.197391    0.000897    0.994286    8.334535    0.012461    0.193266    0.000000    0.000050    0.000500    0.000005    0.000500    0.000500    0.000005    0.000050    0.000050    0.000050    0.579897    13.494776  
[37m[36mINFO[0m[0m 07/16 21:10:54 | 0.807036    0.826923    0.000000    0.970071    0.112167    0.970660    0.807036    0.826923    0.979042    0.960510    900         21.556886   7.380140    0.027477    0.682687    0.468807    -3.762465   0.175250    11.046747   7.704881    21.000000   0.468497    0.317541    0.982128    0.980905    0.027477    3.387270    3.968836    7.345959    0.034134    0.000047    1.000000    0.250000    2.710273    0.994773    1.000000    24.341943   45.345574   2.710273    0.111489    0.994773    0.191041    0.208759    0.000528    0.996904    10.578193   0.012703    0.179558    0.000000    0.000050    0.000500    0.000005    0.000500    0.000500    0.000005    0.000050    0.000050    0.000050    0.576187    13.273893  
[37m[36mINFO[0m[0m 07/16 21:12:11 | 0.776119    0.794872    0.000000    0.964539    0.136664    0.960880    0.776119    0.794872    0.976048    0.956688    1000        23.952096   7.343869    0.018890    0.671376    0.433811    -3.964358   0.225250    11.003436   7.718152    21.000000   0.433431    0.328833    0.983476    0.982319    0.018890    3.372998    3.958012    7.310256    0.033569    0.000043    1.000000    0.250000    2.793358    0.994258    1.000000    23.745257   45.350371   2.793358    0.117758    0.994258    0.193716    0.212198    0.000424    0.997953    8.341458    0.011433    0.150630    0.000000    0.000050    0.000500    0.000005    0.000500    0.000500    0.000005    0.000050    0.000050    0.000050    0.582849    13.164888  
[37m[36mINFO[0m[0m 07/16 21:13:28 | 0.803305    0.831197    0.000000    0.966708    0.131828    0.968215    0.803305    0.831197    0.979042    0.952866    1100        26.347305   7.309062    0.014644    0.660279    0.402026    -4.152816   0.275250    10.972471   7.768920    21.000000   0.401790    0.339914    0.983867    0.982636    0.014644    3.364854    3.938037    7.276007    0.033014    0.000040    1.000000    0.250000    2.806165    0.993792    1.000000    22.522776   45.352408   2.806165    0.124648    0.993792    0.192875    0.209053    0.000430    0.997102    7.407405    0.010853    0.118272    0.000000    0.000050    0.000500    0.000005    0.000500    0.000500    0.000005    0.000050    0.000050    0.000050    0.583075    12.622305  
[37m[36mINFO[0m[0m 07/16 21:14:44 | 0.799574    0.820513    0.000000    0.952464    0.212094    0.943765    0.799574    0.820513    0.976048    0.937580    1200        28.742515   7.258964    0.008817    0.650541    0.384028    -4.352381   0.325250    10.929866   7.847232    21.000000   0.383965    0.349639    0.984677    0.983540    0.008817    3.343466    3.917640    7.226398    0.032527    0.000038    1.000000    0.250000    2.862224    0.993386    1.000000    22.085190   45.359162   2.862224    0.129679    0.993386    0.196801    0.212297    0.000376    0.997419    5.324790    0.009376    0.078132    0.000000    0.000050    0.000500    0.000005    0.000500    0.000500    0.000005    0.000050    0.000050    0.000050    0.582647    12.430099  
[37m[36mINFO[0m[0m 07/16 21:16:01 | 0.728678    0.769231    0.000000    0.958901    0.155134    0.951100    0.728678    0.769231    0.988024    0.937580    1300        31.137725   7.318752    0.029759    0.640173    0.388317    -4.457414   0.375250    11.040343   7.826359    21.000000   0.388439    0.359997    0.982521    0.980703    0.029759    3.380778    3.920742    7.286705    0.032009    0.000039    1.000000    0.250000    2.823706    0.993225    1.000000    21.792271   45.354308   2.823706    0.129675    0.993225    0.198905    0.214872    0.000250    0.998308    10.514748   0.012271    0.179407    0.000000    0.000050    0.000500    0.000005    0.000500    0.000500    0.000005    0.000050    0.000050    0.000050    0.582870    13.320670  
[37m[36mINFO[0m[0m 07/16 21:17:17 | 0.781450    0.816239    0.000000    0.970368    0.105266    0.970660    0.781450    0.816239    0.985030    0.955414    1400        33.532934   7.238230    0.008667    0.635574    0.399779    -4.571172   0.425250    10.921341   7.850474    21.000000   0.399861    0.364583    0.986052    0.984763    0.008667    3.343879    3.899577    7.206412    0.031779    0.000040    1.000000    0.250000    2.905271    0.993048    1.000000    22.065434   45.361893   2.905271    0.131898    0.993048    0.203786    0.222692    0.000162    0.998932    4.794879    0.009134    0.071484    0.000000    0.000050    0.000500    0.000005    0.000500    0.000500    0.000005    0.000050    0.000050    0.000050    0.588136    12.486344  
[37m[36mINFO[0m[0m 07/16 21:18:34 | 0.829424    0.858974    0.000000    0.968130    0.118865    0.968215    0.829424    0.858974    0.982036    0.954140    1500        35.928144   7.214444    0.006123    0.632871    0.404028    -4.804303   0.475250    10.820019   7.868685    21.000000   0.403998    0.367273    0.985416    0.983856    0.006123    3.336593    3.888087    7.182760    0.031644    0.000040    1.000000    0.250000    2.946762    0.992229    1.000000    20.927463   45.363557   2.946762    0.140905    0.992229    0.205357    0.219673    0.000218    0.998533    3.879064    0.008672    0.050241    0.000000    0.000050    0.000500    0.000005    0.000500    0.000500    0.000005    0.000050    0.000050    0.000050    0.583729    13.354777  
[37m[36mINFO[0m[0m 07/16 21:19:52 | 0.782516    0.801282    0.000000    0.956905    0.150527    0.951100    0.782516    0.801282    0.982036    0.937580    1600        38.323353   7.208913    0.009703    0.626745    0.398216    -4.949864   0.500000    10.897824   7.885971    21.000000   0.398176    0.373396    0.984690    0.982857    0.009703    3.347358    3.869973    7.177535    0.031337    0.000040    1.000000    0.250000    2.974490    0.991874    1.000000    20.752400   45.363194   2.974490    0.143379    0.991874    0.209389    0.222404    0.000240    0.998045    5.328955    0.009682    0.072245    0.000000    0.000050    0.000500    0.000005    0.000500    0.000500    0.000005    0.000050    0.000050    0.000050    0.585187    14.055380  
[37m[36mINFO[0m[0m 07/16 21:21:08 | 0.817164    0.841880    0.000000    0.964331    0.134920    0.955990    0.817164    0.841880    0.979042    0.957962    1700        40.718563   7.220283    0.013094    0.622003    0.395200    -5.050704   0.500000    10.916694   7.863303    21.000000   0.395126    0.378132    0.984743    0.982814    0.013094    3.355162    3.871395    7.189144    0.031100    0.000040    1.000000    0.250000    2.994411    0.991667    1.000000    20.649768   45.362136   2.994411    0.145130    0.991667    0.212806    0.225702    0.000210    0.998333    6.766202    0.010750    0.100663    0.000000    0.000050    0.000500    0.000005    0.000500    0.000500    0.000005    0.000050    0.000050    0.000050    0.581462    13.014448  
[37m[36mINFO[0m[0m 07/16 21:22:24 | 0.813966    0.826923    0.000000    0.955804    0.181451    0.958435    0.813966    0.826923    0.979042    0.929936    1800        43.113772   7.228540    0.016869    0.619186    0.379811    -5.130585   0.500000    10.910904   7.836872    21.000000   0.379592    0.380941    0.983370    0.981237    0.016869    3.359682    3.872297    7.197542    0.030959    0.000038    1.000000    0.250000    2.966611    0.991389    1.000000    20.020329   45.363529   2.966611    0.148252    0.991389    0.207759    0.222062    0.000190    0.998474    7.880772    0.011148    0.106013    0.000000    0.000050    0.000500    0.000005    0.000500    0.000500    0.000005    0.000050    0.000050    0.000050    0.590710    11.604846  
[37m[36mINFO[0m[0m 07/16 21:23:40 | 0.790512    0.801282    0.000000    0.961635    0.160944    0.955990    0.790512    0.801282    0.976048    0.952866    1900        45.508982   7.195126    0.014915    0.615389    0.359083    -5.257470   0.500000    10.973212   7.819751    21.000000   0.358894    0.384732    0.983698    0.981716    0.014915    3.352195    3.849786    7.164321    0.030769    0.000036    1.000000    0.250000    3.008122    0.991253    1.000000    20.045354   45.367209   3.008122    0.150278    0.991253    0.208077    0.223432    0.000176    0.998262    7.066897    0.010517    0.086123    0.000000    0.000050    0.000500    0.000005    0.000500    0.000500    0.000005    0.000050    0.000050    0.000050    0.584011    11.663269  
[37m[36mINFO[0m[0m 07/16 21:24:55 | 0.759062    0.794872    0.000000    0.961818    0.132623    0.953545    0.759062    0.794872    0.979042    0.952866    2000        47.904192   7.182422    0.009515    0.614950    0.336953    -5.354995   0.500000    10.951372   7.845689    21.000000   0.336671    0.385168    0.984506    0.982582    0.009515    3.347121    3.848555    7.151641    0.030747    0.000034    1.000000    0.250000    3.083627    0.991046    1.000000    20.289499   45.375314   3.083627    0.152052    0.991046    0.212457    0.230024    0.000121    0.998970    5.760816    0.009723    0.072074    0.000000    0.000050    0.000500    0.000005    0.000500    0.000500    0.000005    0.000050    0.000050    0.000050    0.583631    11.948871  
[37m[36mINFO[0m[0m 07/16 21:26:12 | 0.790512    0.797009    0.000000    0.967809    0.117280    0.960880    0.790512    0.797009    0.982036    0.960510    2100        50.299401   7.172947    0.005269    0.613518    0.300233    -5.457986   0.500000    10.988675   7.860960    21.000000   0.299825    0.386593    0.985471    0.983725    0.005269    3.343973    3.847580    7.142241    0.030676    0.000030    1.000000    0.250000    3.161019    0.990613    1.000000    20.122883   45.382718   3.161019    0.157172    0.990613    0.215695    0.233331    0.000107    0.999203    4.522565    0.008911    0.042625    0.000000    0.000050    0.000500    0.000005    0.000500    0.000500    0.000005    0.000050    0.000050    0.000050    0.581723    13.157891  
[37m[36mINFO[0m[0m 07/16 21:27:28 | 0.807036    0.833333    0.000000    0.964573    0.132377    0.958435    0.807036    0.833333    0.976048    0.959236    2200        52.694611   7.162691    0.011132    0.614224    0.264539    -5.612167   0.500000    10.934265   7.858055    21.000000   0.264186    0.385883    0.984125    0.982119    0.011132    3.342681    3.834263    7.131954    0.030711    0.000026    1.000000    0.250000    3.136952    0.990134    1.000000    19.302123   45.381890   3.136952    0.162598    0.990134    0.213407    0.227718    0.000124    0.998766    5.959412    0.009857    0.073556    0.000000    0.000050    0.000500    0.000005    0.000500    0.000500    0.000005    0.000050    0.000050    0.000050    0.581644    12.251351  
[37m[36mINFO[0m[0m 07/16 21:28:44 | 0.813433    0.814103    0.000000    0.959100    0.183739    0.953545    0.813433    0.814103    0.967066    0.956688    2300        55.089820   7.168547    0.016351    0.613179    0.230125    -5.654466   0.500000    10.922860   7.844020    21.000000   0.229866    0.386929    0.984584    0.982642    0.016351    3.351779    3.826279    7.137865    0.030659    0.000023    1.000000    0.250000    3.151968    0.990364    1.000000    19.779767   45.385854   3.151968    0.159507    0.990364    0.216601    0.235392    0.000073    0.999381    8.037901    0.011062    0.095922    0.000000    0.000050    0.000500    0.000005    0.000500    0.000500    0.000005    0.000050    0.000050    0.000050    0.584195    12.746279  
[37m[36mINFO[0m[0m 07/16 21:30:00 | 0.743070    0.756410    0.000000    0.957767    0.180377    0.948655    0.743070    0.756410    0.973054    0.951592    2400        57.485030   7.154805    0.010894    0.608792    0.211846    -5.729719   0.500000    11.014305   7.861379    21.000000   0.211698    0.391313    0.985138    0.983316    0.010894    3.346345    3.824402    7.124344    0.030440    0.000021    1.000000    0.250000    3.230552    0.989872    1.000000    19.595659   45.389664   3.230552    0.164943    0.989872    0.217711    0.236373    0.000063    0.999431    5.727511    0.009818    0.069679    0.000000    0.000050    0.000500    0.000005    0.000500    0.000500    0.000005    0.000050    0.000050    0.000050    0.583223    12.511586  
[37m[36mINFO[0m[0m 07/16 21:31:17 | 0.737207    0.747863    0.000000    0.949470    0.227085    0.943765    0.737207    0.747863    0.967066    0.937580    2500        59.880240   7.173552    0.013642    0.608602    0.194835    -5.847203   0.500000    11.026376   7.857312    21.000000   0.194634    0.391502    0.984357    0.982295    0.013642    3.357072    3.830861    7.143103    0.030430    0.000019    1.000000    0.250000    3.208804    0.989755    1.000000    19.540920   45.388209   3.208804    0.164511    0.989755    0.217399    0.237885    0.000055    0.999449    7.874059    0.011092    0.081679    0.000000    0.000050    0.000500    0.000005    0.000500    0.000500    0.000005    0.000050    0.000050    0.000050    0.591943    12.504738  
[37m[36mINFO[0m[0m 07/16 21:32:35 | 0.805437    0.824786    0.000000    0.951708    0.238624    0.946210    0.805437    0.824786    0.970060    0.938854    2600        62.275449   7.175011    0.019049    0.608547    0.172702    -5.899714   0.500000    11.047003   7.834322    21.000000   0.172453    0.391556    0.984176    0.982050    0.019049    3.359552    3.824963    7.144567    0.030427    0.000017    1.000000    0.250000    3.247486    0.989760    1.000000    19.832101   45.389860   3.247486    0.164032    0.989760    0.219528    0.242749    0.000043    0.999572    7.814122    0.011326    0.109663    0.000000    0.000050    0.000500    0.000005    0.000500    0.000500    0.000005    0.000050    0.000050    0.000050    0.582216    14.163655  
[37m[36mINFO[0m[0m 07/16 21:33:52 | 0.800107    0.820513    0.000000    0.962840    0.161020    0.960880    0.800107    0.820513    0.976048    0.951592    2700        64.670659   7.137558    0.007691    0.607752    0.149529    -6.018294   0.500000    11.029391   7.821217    21.000000   0.149337    0.392349    0.985486    0.983669    0.007691    3.342208    3.817439    7.107155    0.030388    0.000015    1.000000    0.250000    3.320534    0.989347    1.000000    19.626383   45.397390   3.320534    0.169311    0.989347    0.220136    0.243918    0.000031    0.999765    5.104523    0.009589    0.055978    0.000000    0.000050    0.000500    0.000005    0.000500    0.000500    0.000005    0.000050    0.000050    0.000050    0.582832    13.336033  
[37m[36mINFO[0m[0m 07/16 21:35:09 | 0.810768    0.839744    0.000000    0.969256    0.127621    0.968215    0.810768    0.839744    0.979042    0.960510    2800        67.065868   7.149442    0.013953    0.609400    0.132466    -6.127173   0.500000    10.985451   7.814240    21.000000   0.132275    0.390700    0.984409    0.982455    0.013953    3.355041    3.811236    7.118959    0.030470    0.000013    1.000000    0.250000    3.295219    0.989146    1.000000    19.135501   45.397577   3.295219    0.172506    0.989146    0.217711    0.240954    0.000036    0.999592    7.401926    0.010800    0.079713    0.000000    0.000050    0.000500    0.000005    0.000500    0.000500    0.000005    0.000050    0.000050    0.000050    0.583432    13.306041  
[37m[36mINFO[0m[0m 07/16 21:36:25 | 0.793177    0.822650    0.000000    0.961452    0.182394    0.958435    0.793177    0.822650    0.973054    0.952866    2900        69.461078   7.136942    0.012392    0.610699    0.109056    -6.190522   0.500000    10.977747   7.847582    21.000000   0.108839    0.389401    0.984542    0.982679    0.012392    3.350387    3.805522    7.106396    0.030535    0.000011    1.000000    0.250000    3.335465    0.989195    1.000000    19.471033   45.400011   3.335465    0.171400    0.989195    0.220183    0.245194    0.000020    0.999731    7.339404    0.010229    0.075222    0.000000    0.000050    0.000500    0.000005    0.000500    0.000500    0.000005    0.000050    0.000050    0.000050    0.582962    13.387289  
[37m[36mINFO[0m[0m 07/16 21:37:42 | 0.794776    0.826923    0.000000    0.959844    0.182714    0.941320    0.794776    0.826923    0.970060    0.968153    3000        71.856287   7.113178    0.007835    0.610108    0.093578    -6.305542   0.500000    10.974717   7.879091    21.000000   0.093453    0.389990    0.984739    0.982956    0.007835    3.340036    3.797847    7.082663    0.030505    0.000009    1.000000    0.250000    3.386367    0.988486    1.000000    18.835027   45.405088   3.386367    0.179969    0.988486    0.218041    0.241422    0.000030    0.999632    5.158678    0.009491    0.049114    0.000000    0.000050    0.000500    0.000005    0.000500    0.000500    0.000005    0.000050    0.000050    0.000050    0.583143    13.285571  
[37m[36mINFO[0m[0m 07/16 21:38:58 | 0.766525    0.782051    0.000000    0.958997    0.175389    0.960880    0.766525    0.782051    0.967066    0.949045    3100        74.251497   7.123002    0.012195    0.609816    0.079769    -6.410932   0.500000    10.968705   7.896093    21.000000   0.079608    0.390280    0.984544    0.982617    0.012195    3.346627    3.797791    7.092504    0.030491    0.000008    1.000000    0.250000    3.383220    0.988269    1.000000    18.634833   45.405729   3.383220    0.181857    0.988269    0.219034    0.242485    0.000025    0.999543    6.059753    0.010233    0.062294    0.000000    0.000050    0.000500    0.000005    0.000500    0.000500    0.000005    0.000050    0.000050    0.000050    0.585363    12.482175  
[37m[36mINFO[0m[0m 07/16 21:40:14 | 0.815565    0.814103    0.000000    0.960581    0.201611    0.958435    0.815565    0.814103    0.964072    0.959236    3200        76.646707   7.107353    0.006001    0.608930    0.066428    -6.486462   0.500000    11.016173   7.859650    21.000000   0.066339    0.391167    0.985756    0.984081    0.006001    3.338686    3.797077    7.076900    0.030446    0.000007    1.000000    0.250000    3.450428    0.988474    1.000000    19.176667   45.414808   3.450428    0.180072    0.988474    0.223257    0.249434    0.000016    0.999725    4.386564    0.009174    0.037382    0.000000    0.000050    0.000500    0.000005    0.000500    0.000500    0.000005    0.000050    0.000050    0.000050    0.582464    12.304868  
[37m[36mINFO[0m[0m 07/16 21:41:30 | 0.736141    0.752137    0.000000    0.957940    0.189071    0.955990    0.736141    0.752137    0.970060    0.947771    3300        79.041916   7.106764    0.006858    0.608980    0.057738    -6.617146   0.500000    10.943403   7.876732    21.000000   0.057639    0.391115    0.985368    0.983670    0.006858    3.339984    3.795638    7.076309    0.030449    0.000006    1.000000    0.250000    3.448702    0.987613    1.000000    18.068380   45.418093   3.448702    0.191172    0.987613    0.216249    0.239216    0.000030    0.999470    4.564969    0.009363    0.035802    0.000000    0.000050    0.000500    0.000005    0.000500    0.000500    0.000005    0.000050    0.000050    0.000050    0.583052    12.987349  
[37m[36mINFO[0m[0m 07/16 21:42:47 | 0.791578    0.816239    0.000000    0.953636    0.213388    0.938875    0.791578    0.816239    0.964072    0.957962    3400        81.437126   7.119375    0.010008    0.608494    0.049457    -6.688770   0.500000    10.918325   7.861747    21.000000   0.049404    0.391603    0.984126    0.982196    0.010008    3.344935    3.800890    7.088945    0.030425    0.000005    1.000000    0.250000    3.401417    0.987381    1.000000    17.682354   45.414628   3.401417    0.192490    0.987381    0.213281    0.235992    0.000026    0.999437    6.719592    0.010230    0.056338    0.000000    0.000050    0.000500    0.000005    0.000500    0.000500    0.000005    0.000050    0.000050    0.000050    0.586815    12.454178  
[37m[36mINFO[0m[0m 07/16 21:44:03 | 0.818230    0.826923    0.000000    0.966352    0.156028    0.963325    0.818230    0.826923    0.979042    0.956688    3500        83.832335   7.074392    0.004379    0.609715    0.044366    -6.735561   0.500000    10.940936   7.838349    21.000000   0.044301    0.390381    0.986159    0.984636    0.004379    3.330189    3.776689    7.043901    0.030486    0.000004    1.000000    0.250000    3.521684    0.987517    1.000000    18.454503   45.426363   3.521684    0.191027    0.987517    0.220719    0.247413    0.000017    0.999738    3.516758    0.008886    0.028643    0.000000    0.000050    0.000500    0.000005    0.000500    0.000500    0.000005    0.000050    0.000050    0.000050    0.586050    12.399212  
[37m[36mINFO[0m[0m 07/16 21:45:19 | 0.811301    0.818376    0.000000    0.963817    0.168857    0.960880    0.811301    0.818376    0.970060    0.960510    3600        86.227545   7.091723    0.005537    0.608842    0.037224    -6.831936   0.500000    10.984964   7.850950    21.000000   0.037167    0.391253    0.984734    0.983023    0.005537    3.336403    3.787657    7.061277    0.030442    0.000004    1.000000    0.250000    3.495891    0.986629    1.000000    17.333631   45.424267   3.495891    0.201851    0.986629    0.214377    0.236982    0.000031    0.999390    4.168349    0.009256    0.033256    0.000000    0.000050    0.000500    0.000005    0.000500    0.000500    0.000005    0.000050    0.000050    0.000050    0.582386    12.755717  
[37m[36mINFO[0m[0m 07/16 21:46:36 | 0.765991    0.777778    0.000000    0.960786    0.158621    0.955990    0.765991    0.777778    0.976048    0.950318    3700        88.622754   7.108850    0.016418    0.608977    0.031552    -6.881150   0.500000    10.927248   7.854383    21.000000   0.031481    0.391117    0.983802    0.981813    0.016418    3.348418    3.782373    7.078398    0.030449    0.000003    1.000000    0.250000    3.447094    0.986606    1.000000    17.258801   45.419533   3.447094    0.199844    0.986606    0.213851    0.237114    0.000017    0.999718    7.036770    0.011035    0.077213    0.000000    0.000050    0.000500    0.000005    0.000500    0.000500    0.000005    0.000050    0.000050    0.000050    0.583464    13.351985  
[37m[36mINFO[0m[0m 07/16 21:47:53 | 0.815032    0.824786    0.000000    0.963448    0.173236    0.958435    0.815032    0.824786    0.979042    0.952866    3800        91.017964   7.118971    0.013108    0.608262    0.024923    -6.932103   0.500000    10.969881   7.819333    21.000000   0.024870    0.391835    0.984831    0.983061    0.013108    3.354856    3.789912    7.088555    0.030413    0.000002    1.000000    0.250000    3.438058    0.987062    1.000000    17.612681   45.418813   3.438058    0.195364    0.987062    0.212933    0.239940    0.000015    0.999777    6.073452    0.010538    0.061125    0.000000    0.000050    0.000500    0.000005    0.000500    0.000500    0.000005    0.000050    0.000050    0.000050    0.583610    13.118881  
[37m[36mINFO[0m[0m 07/16 21:49:10 | 0.735608    0.754274    0.000000    0.953614    0.221527    0.951100    0.735608    0.754274    0.967066    0.942675    3900        93.413174   7.075305    0.007559    0.610539    0.019637    -7.038408   0.500000    10.873954   7.840893    21.000000   0.019587    0.389556    0.985547    0.984045    0.007559    3.337919    3.769683    7.044776    0.030527    0.000002    1.000000    0.250000    3.546282    0.986719    1.000000    17.735101   45.426018   3.546282    0.200128    0.986719    0.216295    0.243882    0.000017    0.999727    4.574731    0.009326    0.037421    0.000000    0.000050    0.000500    0.000005    0.000500    0.000500    0.000005    0.000050    0.000050    0.000050    0.584486    13.206496  
[37m[36mINFO[0m[0m 07/16 21:50:26 | 0.739872    0.754274    0.000000    0.945605    0.232076    0.943765    0.739872    0.754274    0.949102    0.943949    4000        95.808383   7.101033    0.014783    0.608939    0.016566    -7.059345   0.500000    11.039205   7.866672    21.000000   0.016542    0.391157    0.983255    0.981353    0.014783    3.349667    3.776727    7.070585    0.030447    0.000002    1.000000    0.250000    3.478650    0.986657    1.000000    17.474891   45.423070   3.478650    0.199402    0.986657    0.214258    0.241930    0.000013    0.999695    7.327426    0.010927    0.068869    0.000000    0.000050    0.000500    0.000005    0.000500    0.000500    0.000005    0.000050    0.000050    0.000050    0.585282    12.114183  
[37m[36mINFO[0m[0m 07/16 21:51:42 | 0.775053    0.777778    0.000000    0.945857    0.246291    0.936430    0.775053    0.777778    0.952096    0.949045    4100        98.203593   7.086234    0.012843    0.608420    0.013525    -7.093676   0.500000    10.993501   7.906415    21.000000   0.013490    0.391677    0.984687    0.982973    0.012843    3.342835    3.771070    7.055812    0.030421    0.000001    1.000000    0.250000    3.535744    0.986416    1.000000    17.518059   45.430019   3.535744    0.202145    0.986416    0.214479    0.244110    0.000007    0.999762    5.691100    0.009831    0.052629    0.000000    0.000050    0.000500    0.000005    0.000500    0.000500    0.000005    0.000050    0.000050    0.000050    0.581694    12.391263  
[37m[36mINFO[0m[0m 07/16 21:52:58 | 0.783582    0.797009    0.000000    0.957882    0.205077    0.951100    0.783582    0.797009    0.976048    0.946497    4200        100.598802  7.088371    0.012762    0.607357    0.010947    -7.216362   0.500000    10.933318   7.885337    21.000000   0.010930    0.392738    0.984727    0.982984    0.012762    3.348170    3.769234    7.058002    0.030368    0.000001    1.000000    0.250000    3.539450    0.986250    1.000000    17.382754   45.429074   3.539450    0.203885    0.986250    0.212965    0.242347    0.000007    0.999780    5.706550    0.010235    0.056929    0.000000    0.000050    0.000500    0.000005    0.000500    0.000500    0.000005    0.000050    0.000050    0.000050    0.580009    12.496297  
[37m[36mINFO[0m[0m 07/16 21:54:14 | 0.796908    0.803419    0.000000    0.965778    0.180612    0.963325    0.796908    0.803419    0.976048    0.957962    4300        102.994012  7.046090    0.001108    0.609873    0.008942    -7.329366   0.500000    10.944940   7.833926    21.000000   0.008920    0.390221    0.986471    0.985154    0.001108    3.324719    3.763062    7.015595    0.030494    0.000001    1.000000    0.250000    3.725926    0.986374    1.000000    18.405888   45.443448   3.725926    0.202625    0.986374    0.226632    0.258228    0.000004    0.999901    1.699101    0.008123    0.010117    0.000000    0.000050    0.000500    0.000005    0.000500    0.000500    0.000005    0.000050    0.000050    0.000050    0.584450    12.672418  
[37m[36mINFO[0m[0m 07/16 21:55:30 | 0.795842    0.814103    0.000000    0.965996    0.170104    0.958435    0.795842    0.814103    0.979042    0.960510    4400        105.389222  7.035690    0.002211    0.610180    0.006723    -7.471558   0.500000    10.890953   7.813621    21.000000   0.006702    0.389913    0.986540    0.985302    0.002211    3.322768    3.754917    7.005180    0.030509    0.000001    1.000000    0.250000    3.712203    0.985317    1.000000    17.219554   45.444407   3.712203    0.215683    0.985317    0.219368    0.247190    0.000008    0.999740    1.895241    0.008366    0.013468    0.000000    0.000050    0.000500    0.000005    0.000500    0.000500    0.000005    0.000050    0.000050    0.000050    0.583156    12.755803  
[37m[36mINFO[0m[0m 07/16 21:56:46 | 0.795309    0.811966    0.000000    0.963333    0.163290    0.955990    0.795309    0.811966    0.976048    0.957962    4500        107.784431  7.047675    0.002619    0.609394    0.005075    -7.578683   0.500000    10.835101   7.838389    21.000000   0.005064    0.390698    0.985776    0.984452    0.002619    3.329141    3.761231    7.017204    0.030470    0.000001    1.000000    0.250000    3.679332    0.984557    1.000000    16.395959   45.444747   3.679332    0.224492    0.984557    0.213792    0.238509    0.000013    0.999563    2.118304    0.008431    0.014022    0.000000    0.000050    0.000500    0.000005    0.000500    0.000500    0.000005    0.000050    0.000050    0.000050    0.584170    12.713014  
[37m[36mINFO[0m[0m 07/16 21:58:03 | 0.772921    0.784188    0.000000    0.952511    0.218276    0.938875    0.772921    0.784188    0.967066    0.951592    4600        110.179641  7.082616    0.009204    0.608205    0.004304    -7.589805   0.500000    10.921052   7.863666    21.000000   0.004297    0.391889    0.983857    0.982243    0.009204    3.346647    3.772253    7.052205    0.030410    0.000000    1.000000    0.250000    3.610022    0.984430    1.000000    16.069593   45.446094   3.610022    0.224797    0.984430    0.210298    0.235716    0.000010    0.999693    5.041200    0.010284    0.040035    0.000000    0.000050    0.000500    0.000005    0.000500    0.000500    0.000005    0.000050    0.000050    0.000050    0.583754    13.630862  
[37m[36mINFO[0m[0m 07/16 21:59:20 | 0.747335    0.771368    0.000000    0.937856    0.298638    0.911980    0.747335    0.771368    0.955090    0.946497    4700        112.574850  7.089898    0.016404    0.608083    0.003704    -7.521110   0.500000    10.974016   7.860684    21.000000   0.003699    0.392012    0.983166    0.981293    0.016404    3.351615    3.766686    7.059494    0.030404    0.000000    1.000000    0.250000    3.601360    0.984938    1.000000    16.681655   45.437653   3.601360    0.215987    0.984938    0.215001    0.243251    0.000004    0.999855    7.749827    0.011369    0.067504    0.000000    0.000050    0.000500    0.000005    0.000500    0.000500    0.000005    0.000050    0.000050    0.000050    0.580811    13.006997  
[37m[36mINFO[0m[0m 07/16 22:00:37 | 0.781450    0.790598    0.000000    0.951064    0.192706    0.931540    0.781450    0.790598    0.970060    0.951592    4800        114.970060  7.042932    0.005040    0.607578    0.002855    -7.572683   0.500000    10.976398   7.878498    21.000000   0.002844    0.392516    0.985282    0.983776    0.005040    3.331465    3.751774    7.012553    0.030379    0.000000    1.000000    0.250000    3.762552    0.985421    1.000000    17.725830   45.452633   3.762552    0.212735    0.985421    0.224184    0.256079    0.000005    0.999834    3.701839    0.009063    0.027074    0.000000    0.000050    0.000500    0.000005    0.000500    0.000500    0.000005    0.000050    0.000050    0.000050    0.591415    12.773748  
[37m[36mINFO[0m[0m 07/16 22:01:54 | 0.805437    0.816239    0.000000    0.962636    0.179698    0.963325    0.805437    0.816239    0.964072    0.960510    4900        117.365269  7.019981    0.001893    0.608001    0.002153    -7.706820   0.500000    10.956391   7.889744    21.000000   0.002149    0.392091    0.985628    0.984234    0.001893    3.323248    3.741508    6.989581    0.030400    0.000000    1.000000    0.250000    3.756143    0.984459    1.000000    16.751183   45.453914   3.756143    0.224426    0.984459    0.217759    0.247151    0.000005    0.999819    2.160870    0.008532    0.011070    0.000000    0.000050    0.000500    0.000005    0.000500    0.000500    0.000005    0.000050    0.000050    0.000050    0.585837    13.467737  
[37m[36mINFO[0m[0m 07/16 22:03:12 | 0.791578    0.820513    0.000000    0.962567    0.155837    0.968215    0.791578    0.820513    0.964072    0.955414    5000        119.760479  7.006189    0.000799    0.608364    0.001710    -7.867392   0.500000    10.866039   7.909857    21.000000   0.001706    0.391728    0.986529    0.985367    0.000799    3.319002    3.734644    6.975771    0.030418    0.000000    1.000000    0.250000    3.774654    0.983548    1.000000    16.097192   45.453081   3.774654    0.234595    0.983548    0.214899    0.241094    0.000006    0.999728    0.885278    0.008168    0.004715    0.000000    0.000050    0.000500    0.000005    0.000500    0.000500    0.000005    0.000050    0.000050    0.000050    0.582803    13.673996  
[37m[36mINFO[0m[0m 07/16 22:03:12 | ---
[37m[33mWARNING[0m[0m 07/16 22:03:12 | Evaluate SWAD ...
[37m[36mINFO[0m[0m 07/16 22:03:26 | 0.834222    0.852564    0.000000    0.976669    0.407954    0.975550    0.834222    0.852564    0.985030    0.969427    [101-5000]  (N=50)
[37m[36mINFO[0m[0m 07/16 22:03:26 | oracle = 82.942%
[37m[36mINFO[0m[0m 07/16 22:03:26 | iid = 78.358%
[37m[36mINFO[0m[0m 07/16 22:03:26 | last = 79.158%
[37m[36mINFO[0m[0m 07/16 22:03:26 | last (inD) = 96.257%
[37m[36mINFO[0m[0m 07/16 22:03:26 | iid (inD) = 97.239%
[37m[36mINFO[0m[0m 07/16 22:03:26 | SWAD = 83.422%
[37m[36mINFO[0m[0m 07/16 22:03:26 | SWAD (inD) = 97.667%
[37m[36mINFO[0m[0m 07/16 22:03:26 | 
[37m[36mINFO[0m[0m 07/16 22:03:31 | Testenv name escaping te_photo -> te_photo
[37m[36mINFO[0m[0m 07/16 22:03:31 | Test envs = [2], name = te_photo
[37m[36mINFO[0m[0m 07/16 22:03:31 | Batch sizes for each domain: [32, 32, 0, 32] (total=96)
[37m[36mINFO[0m[0m 07/16 22:03:31 | steps-per-epoch for each domain: 51.22, 58.62, 98.25 -> min = 51.22
[37m[36mINFO[0m[0m 07/16 22:03:34 | # of params = 53365703
[37m[36mINFO[0m[0m 07/16 22:03:48 | test_in     test_out    train_in    train_out   tr_outloss  env0_out    env1_out    env2_in     env2_out    env3_out    step        epoch       loss        loss_cls    loss_isr    loss_orth   loss_gt     piccl_alph  paired_res  domain_res  valid_doma  basis_orth  response_c  raw_interv  mediator_i  ce_loss     sup_cl_los  pre_cl_los  dccl_total  weighted_l  weighted_l  piccl_feat  residual_s  residual_d  fused_orig  piccl_exec  original_f  piccl_feat  feature_de  feature_de  original_f  gate_mean   gate_std    gate_min    gate_max    backbone_g  piccl_grad  classifier  has_nan_or  param_grou  param_grou  param_grou  param_grou  param_grou  param_grou  param_grou  param_grou  param_grou  step_time   eval_time  
[37m[36mINFO[0m[0m 07/16 22:03:48 | 0.340569    0.329341    0.000000    0.233855    1.915492    0.259169    0.256410    0.340569    0.329341    0.185987    0           0.000000    12.302186   1.999541    0.000000    0.113297    -5.756462   0.000000    0.000000    0.000000    19.000000   0.102994    0.000000    0.898758    0.898758    1.999541    5.246944    5.113254    12.302175   0.000000    0.000011    0.000000    0.250000    0.000000    1.000000    1.000000    24.871250   45.253338   0.000000    0.000000    1.000000    0.075858    0.000000    0.075858    0.075858    8.549348    0.000150    2.751087    0.000000    0.000050    0.000500    0.000005    0.000500    0.000500    0.000005    0.000050    0.000050    0.000050    0.537476    13.534456  
[37m[36mINFO[0m[0m 07/16 22:05:04 | 0.979042    0.973054    0.000000    0.935129    0.176974    0.936430    0.959402    0.979042    0.973054    0.909554    100         1.952410    9.138680    0.378140    0.976735    0.067259    0.896238    0.000000    13.432682   3.368145    21.000000   0.066760    0.023763    0.963244    0.962065    0.378140    3.951732    4.751001    9.089836    0.048837    0.000007    1.000000    0.250000    0.986230    0.999690    1.000000    42.293787   45.265252   0.986230    0.024004    0.999690    0.100125    0.067092    0.014179    0.639370    15.400887   0.017500    2.313460    0.000000    0.000050    0.000500    0.000005    0.000500    0.000500    0.000005    0.000050    0.000050    0.000050    0.579844    12.483547  
[37m[36mINFO[0m[0m 07/16 22:06:20 | 0.970808    0.964072    0.000000    0.957894    0.124975    0.951100    0.978632    0.970808    0.964072    0.943949    200         3.904820    8.268160    0.128734    0.901553    0.078851    -1.012813   0.000000    12.284041   5.358793    21.000000   0.079710    0.099333    0.973096    0.971846    0.128734    3.603449    4.501020    8.223075    0.045078    0.000008    1.000000    0.250000    1.637720    0.998841    1.000000    34.575801   45.283797   1.637720    0.047635    0.998841    0.140695    0.144748    0.003235    0.966485    15.557629   0.019990    1.020734    0.000000    0.000050    0.000500    0.000005    0.000500    0.000500    0.000005    0.000050    0.000050    0.000050    0.584116    12.010883  
[37m[36mINFO[0m[0m 07/16 22:07:34 | 0.983533    0.970060    0.000000    0.941813    0.162586    0.931540    0.942308    0.983533    0.970060    0.951592    300         5.857230    7.996448    0.075318    0.835058    0.218380    -1.744994   0.000000    11.935694   6.262157    21.000000   0.219845    0.165481    0.976133    0.974880    0.075318    3.507184    4.389621    7.954673    0.041753    0.000022    1.000000    0.250000    2.024328    0.998023    1.000000    31.906064   45.299757   2.024328    0.063557    0.998023    0.164400    0.176823    0.001521    0.986155    13.511588   0.017798    0.608224    0.000000    0.000050    0.000500    0.000005    0.000500    0.000500    0.000005    0.000050    0.000050    0.000050    0.583496    11.542043  
[37m[36mINFO[0m[0m 07/16 22:08:51 | 0.981287    0.973054    0.000000    0.958319    0.132348    0.951100    0.978632    0.981287    0.973054    0.945223    400         7.809640    7.834838    0.052202    0.789822    0.331511    -2.248928   0.000000    11.727562   6.687881    21.000000   0.332410    0.210669    0.978180    0.976948    0.052202    3.453650    4.311951    7.795313    0.039491    0.000033    1.000000    0.250000    2.290402    0.997178    1.000000    29.495441   45.315134   2.290402    0.077737    0.997178    0.178566    0.191954    0.001110    0.989752    12.305558   0.016313    0.409583    0.000000    0.000050    0.000500    0.000005    0.000500    0.000500    0.000005    0.000050    0.000050    0.000050    0.583823    12.443256  
[37m[36mINFO[0m[0m 07/16 22:10:06 | 0.972305    0.961078    0.000000    0.954251    0.148589    0.955990    0.961538    0.972305    0.961078    0.945223    500         9.762050    7.769457    0.048123    0.747863    0.419189    -2.728593   0.000000    11.571884   6.869711    21.000000   0.420055    0.252551    0.979314    0.978078    0.048123    3.440689    4.270496    7.732022    0.037393    0.000042    1.000000    0.250000    2.426316    0.996431    1.000000    27.161329   45.326033   2.426316    0.089399    0.996431    0.183561    0.195121    0.000946    0.991213    11.921676   0.015941    0.368543    0.000000    0.000050    0.000500    0.000005    0.000500    0.000500    0.000005    0.000050    0.000050    0.000050    0.582025    11.945702  
[37m[36mINFO[0m[0m 07/16 22:11:22 | 0.976796    0.958084    0.000000    0.954593    0.151483    0.951100    0.957265    0.976796    0.958084    0.955414    600         11.714460   7.705278    0.039048    0.719608    0.497795    -3.004338   0.025250    11.556619   6.940975    21.000000   0.498424    0.280702    0.979503    0.978240    0.039048    3.423008    4.237235    7.669248    0.035980    0.000050    1.000000    0.250000    2.586367    0.995800    1.000000    26.411768   45.334782   2.586367    0.098026    0.995800    0.192637    0.205366    0.000715    0.993764    11.172892   0.014791    0.294216    0.000000    0.000050    0.000500    0.000005    0.000500    0.000500    0.000005    0.000050    0.000050    0.000050    0.584475    12.028854  
[37m[36mINFO[0m[0m 07/16 22:12:37 | 0.973054    0.967066    0.000000    0.957291    0.126515    0.960880    0.959402    0.973054    0.967066    0.951592    700         13.666870   7.637924    0.033909    0.697661    0.539254    -3.234511   0.075250    11.555396   6.995370    21.000000   0.539428    0.302602    0.980472    0.979257    0.033909    3.408159    4.193265    7.602987    0.034883    0.000054    1.000000    0.250000    2.693015    0.995221    1.000000    25.347761   45.342452   2.693015    0.106297    0.995221    0.196089    0.209144    0.000577    0.995820    10.774737   0.014179    0.264445    0.000000    0.000050    0.000500    0.000005    0.000500    0.000500    0.000005    0.000050    0.000050    0.000050    0.588605    11.144434  
[37m[36mINFO[0m[0m 07/16 22:13:53 | 0.965569    0.955090    0.000000    0.955881    0.138254    0.951100    0.963675    0.965569    0.955090    0.952866    800         15.619280   7.592400    0.023864    0.684219    0.530044    -3.542233   0.125250    11.405771   6.993753    21.000000   0.529737    0.316014    0.980439    0.979168    0.023864    3.394637    4.175058    7.558136    0.034211    0.000053    1.000000    0.250000    2.771498    0.994625    1.000000    24.271595   45.349249   2.771498    0.114293    0.994625    0.199251    0.211028    0.000646    0.995663    9.198674    0.013012    0.187223    0.000000    0.000050    0.000500    0.000005    0.000500    0.000500    0.000005    0.000050    0.000050    0.000050    0.583299    11.676576  
[37m[36mINFO[0m[0m 07/16 22:15:09 | 0.982784    0.967066    0.000000    0.961955    0.133848    0.953545    0.974359    0.982784    0.967066    0.957962    900         17.571690   7.545506    0.018056    0.670975    0.488373    -3.718186   0.175250    11.372551   7.020889    21.000000   0.487895    0.329238    0.981287    0.979937    0.018056    3.382392    4.148642    7.511908    0.033549    0.000049    1.000000    0.250000    2.857593    0.994212    1.000000    23.984022   45.354404   2.857593    0.119202    0.994212    0.205888    0.217503    0.000500    0.996802    8.088324    0.011726    0.154870    0.000000    0.000050    0.000500    0.000005    0.000500    0.000500    0.000005    0.000050    0.000050    0.000050    0.587415    11.910600  
[37m[36mINFO[0m[0m 07/16 22:16:25 | 0.982036    0.967066    0.000000    0.963859    0.122266    0.958435    0.970085    0.982036    0.967066    0.963057    1000        19.524100   7.506354    0.015501    0.657973    0.436818    -3.947410   0.225250    11.308875   7.023183    21.000000   0.436211    0.342228    0.982308    0.980957    0.015501    3.368809    4.128576    7.473411    0.032899    0.000044    1.000000    0.250000    2.920501    0.993564    1.000000    22.874170   45.359354   2.920501    0.127743    0.993564    0.209346    0.217283    0.000474    0.996674    6.006227    0.010977    0.116520    0.000000    0.000050    0.000500    0.000005    0.000500    0.000500    0.000005    0.000050    0.000050    0.000050    0.582133    12.413581  
[37m[36mINFO[0m[0m 07/16 22:17:41 | 0.975299    0.958084    0.000000    0.960853    0.149253    0.960880    0.970085    0.975299    0.958084    0.951592    1100        21.476510   7.485661    0.013391    0.648109    0.367021    -4.144864   0.275250    11.265111   7.048388    21.000000   0.366276    0.352082    0.981931    0.980372    0.013391    3.367554    4.113722    7.453219    0.032405    0.000037    1.000000    0.250000    2.954020    0.993053    1.000000    22.071832   45.364320   2.954020    0.133973    0.993053    0.212502    0.217840    0.000467    0.995911    6.396901    0.010682    0.100933    0.000000    0.000050    0.000500    0.000005    0.000500    0.000500    0.000005    0.000050    0.000050    0.000050    0.583944    11.929728  
[37m[36mINFO[0m[0m 07/16 22:18:56 | 0.973802    0.964072    0.000000    0.949087    0.194310    0.941320    0.965812    0.973802    0.964072    0.940127    1200        23.428920   7.488610    0.019107    0.638596    0.295701    -4.226037   0.325250    11.304538   7.056050    21.000000   0.295075    0.361588    0.981592    0.979731    0.019107    3.378745    4.101059    7.456651    0.031930    0.000030    1.000000    0.250000    2.982170    0.992871    1.000000    22.151585   45.363722   2.982170    0.134795    0.992871    0.218591    0.225431    0.000344    0.996889    7.711043    0.011631    0.126520    0.000000    0.000050    0.000500    0.000005    0.000500    0.000500    0.000005    0.000050    0.000050    0.000050    0.580516    11.776726  
[37m[36mINFO[0m[0m 07/16 22:20:12 | 0.963323    0.967066    0.000000    0.961140    0.149831    0.951100    0.974359    0.963323    0.967066    0.957962    1300        25.381330   7.486483    0.021342    0.630765    0.241921    -4.344239   0.375250    11.319612   7.085521    21.000000   0.241432    0.369404    0.981379    0.979243    0.021342    3.384281    4.092740    7.454921    0.031538    0.000024    1.000000    0.250000    2.990528    0.992717    1.000000    22.165984   45.362407   2.990528    0.135096    0.992717    0.223308    0.231537    0.000210    0.998026    8.327926    0.012375    0.146005    0.000000    0.000050    0.000500    0.000005    0.000500    0.000500    0.000005    0.000050    0.000050    0.000050    0.584017    12.749744  
[37m[36mINFO[0m[0m 07/16 22:21:28 | 0.967066    0.961078    0.000000    0.963757    0.154239    0.955990    0.972222    0.967066    0.961078    0.963057    1400        27.333740   7.458307    0.015217    0.623044    0.199387    -4.445185   0.425250    11.350267   7.074437    21.000000   0.199037    0.377115    0.981995    0.979890    0.015217    3.374629    4.081741    7.427135    0.031152    0.000020    1.000000    0.250000    3.059260    0.992559    1.000000    22.376026   45.370803   3.059260    0.136940    0.992559    0.228015    0.238399    0.000176    0.998725    8.484743    0.011842    0.113987    0.000000    0.000050    0.000500    0.000005    0.000500    0.000500    0.000005    0.000050    0.000050    0.000050    0.581902    12.092330  
[37m[36mINFO[0m[0m 07/16 22:22:43 | 0.970060    0.961078    0.000000    0.958065    0.150727    0.948655    0.976496    0.970060    0.961078    0.949045    1500        29.286150   7.485307    0.022987    0.614604    0.165116    -4.588219   0.475250    11.341529   7.076557    21.000000   0.164778    0.385546    0.981354    0.978833    0.022987    3.395010    4.082445    7.454560    0.030730    0.000017    1.000000    0.250000    2.991887    0.992304    1.000000    21.556324   45.362224   2.991887    0.138869    0.992304    0.222874    0.235378    0.000125    0.998847    10.505761   0.013030    0.156334    0.000000    0.000050    0.000500    0.000005    0.000500    0.000500    0.000005    0.000050    0.000050    0.000050    0.581798    11.947113  
[37m[36mINFO[0m[0m 07/16 22:24:00 | 0.964072    0.955090    0.000000    0.966859    0.116413    0.958435    0.982906    0.964072    0.955090    0.959236    1600        31.238560   7.451709    0.019317    0.612054    0.136718    -4.757787   0.500000    11.344927   7.058314    21.000000   0.136495    0.388085    0.981677    0.979201    0.019317    3.380223    4.069130    7.421092    0.030603    0.000014    1.000000    0.250000    3.030692    0.991878    1.000000    21.036534   45.369208   3.030692    0.144265    0.991878    0.221510    0.234115    0.000109    0.998543    8.585848    0.011627    0.121581    0.000000    0.000050    0.000500    0.000005    0.000500    0.000500    0.000005    0.000050    0.000050    0.000050    0.588859    12.441267  
[37m[36mINFO[0m[0m 07/16 22:25:16 | 0.978293    0.961078    0.000000    0.947888    0.191812    0.933985    0.952991    0.978293    0.961078    0.956688    1700        33.190970   7.417595    0.017234    0.610269    0.115347    -4.934650   0.500000    11.202628   7.045987    21.000000   0.115135    0.389861    0.982060    0.979646    0.017234    3.376490    4.042693    7.387070    0.030513    0.000012    1.000000    0.250000    3.016409    0.991620    1.000000    20.437635   45.367030   3.016409    0.147669    0.991620    0.220172    0.231892    0.000090    0.998974    7.131234    0.011726    0.109503    0.000000    0.000050    0.000500    0.000005    0.000500    0.000500    0.000005    0.000050    0.000050    0.000050    0.580872    12.432603  
[37m[36mINFO[0m[0m 07/16 22:26:32 | 0.971557    0.961078    0.000000    0.969016    0.110520    0.965770    0.980769    0.971557    0.961078    0.960510    1800        35.143380   7.361293    0.006459    0.608059    0.096203    -5.058643   0.500000    11.193750   7.036198    21.000000   0.096034    0.392065    0.983565    0.981492    0.006459    3.349453    4.025555    7.330881    0.030403    0.000010    1.000000    0.250000    3.115932    0.991083    1.000000    20.158883   45.374813   3.115932    0.154715    0.991083    0.224482    0.234085    0.000109    0.998384    3.674185    0.009757    0.041808    0.000000    0.000050    0.000500    0.000005    0.000500    0.000500    0.000005    0.000050    0.000050    0.000050    0.583850    13.051014  
[37m[36mINFO[0m[0m 07/16 22:27:48 | 0.972305    0.961078    0.000000    0.955066    0.156137    0.938875    0.965812    0.972305    0.961078    0.960510    1900        37.095790   7.373802    0.008036    0.604566    0.080013    -5.209196   0.500000    11.192171   7.046058    21.000000   0.079846    0.395551    0.982881    0.980583    0.008036    3.358199    4.029423    7.343566    0.030228    0.000008    1.000000    0.250000    3.175129    0.990454    1.000000    19.695209   45.381325   3.175129    0.161277    0.990454    0.226662    0.234498    0.000084    0.998465    5.520001    0.011014    0.061042    0.000000    0.000050    0.000500    0.000005    0.000500    0.000500    0.000005    0.000050    0.000050    0.000050    0.585015    11.482953  
[37m[36mINFO[0m[0m 07/16 22:29:04 | 0.935629    0.916168    0.000000    0.950751    0.200496    0.933985    0.967949    0.935629    0.916168    0.950318    2000        39.048200   7.428160    0.017458    0.602237    0.063707    -5.230485   0.500000    11.235409   7.072510    21.000000   0.063581    0.397876    0.982317    0.979811    0.017458    3.381236    4.051652    7.398042    0.030112    0.000006    1.000000    0.250000    3.219113    0.990551    1.000000    20.484261   45.379880   3.219113    0.157260    0.990551    0.235371    0.246237    0.000045    0.999244    9.157349    0.012924    0.127719    0.000000    0.000050    0.000500    0.000005    0.000500    0.000500    0.000005    0.000050    0.000050    0.000050    0.584179    11.957171  
[37m[36mINFO[0m[0m 07/16 22:30:20 | 0.954341    0.940120    0.000000    0.941587    0.212843    0.938875    0.950855    0.954341    0.940120    0.935032    2100        41.000610   7.418605    0.024904    0.600661    0.054600    -5.305015   0.500000    11.301847   7.084467    21.000000   0.054506    0.399450    0.981124    0.978505    0.024904    3.388395    4.028318    7.388567    0.030033    0.000005    1.000000    0.250000    3.218848    0.990440    1.000000    20.321765   45.381644   3.218848    0.158699    0.990440    0.232191    0.245397    0.000032    0.999245    11.003642   0.013395    0.136580    0.000000    0.000050    0.000500    0.000005    0.000500    0.000500    0.000005    0.000050    0.000050    0.000050    0.585954    11.543440  
[37m[36mINFO[0m[0m 07/16 22:31:34 | 0.967814    0.955090    0.000000    0.964078    0.152955    0.963325    0.972222    0.967814    0.955090    0.956688    2200        42.953020   7.421025    0.030233    0.598380    0.047482    -5.334007   0.500000    11.325347   7.113137    21.000000   0.047459    0.401731    0.981492    0.978939    0.030233    3.391769    4.022440    7.391102    0.029919    0.000005    1.000000    0.250000    3.199190    0.990354    1.000000    20.142751   45.382219   3.199190    0.159069    0.990354    0.225671    0.245029    0.000019    0.999630    9.160414    0.013335    0.140269    0.000000    0.000050    0.000500    0.000005    0.000500    0.000500    0.000005    0.000050    0.000050    0.000050    0.580992    11.490790  
[37m[36mINFO[0m[0m 07/16 22:32:49 | 0.968563    0.955090    0.000000    0.961723    0.163212    0.958435    0.963675    0.968563    0.955090    0.963057    2300        44.905430   7.334798    0.007909    0.598015    0.044043    -5.577576   0.500000    11.220054   7.137154    21.000000   0.043994    0.402089    0.983545    0.981481    0.007909    3.353742    3.999018    7.304893    0.029901    0.000004    1.000000    0.250000    3.313835    0.989646    1.000000    19.573384   45.388792   3.313835    0.169524    0.989646    0.226530    0.243210    0.000020    0.999509    4.547671    0.010427    0.046582    0.000000    0.000050    0.000500    0.000005    0.000500    0.000500    0.000005    0.000050    0.000050    0.000050    0.580701    11.703084  
[37m[36mINFO[0m[0m 07/16 22:34:05 | 0.961078    0.946108    0.000000    0.956798    0.159661    0.955990    0.961538    0.961078    0.946108    0.952866    2400        46.857840   7.332672    0.015074    0.595249    0.040122    -5.739852   0.500000    11.165513   7.165798    21.000000   0.040075    0.404853    0.982881    0.980648    0.015074    3.353489    3.991740    7.302906    0.029762    0.000004    1.000000    0.250000    3.277682    0.988978    1.000000    18.369994   45.392456   3.277682    0.178561    0.988978    0.219842    0.233339    0.000034    0.999121    6.403557    0.011888    0.086582    0.000000    0.000050    0.000500    0.000005    0.000500    0.000500    0.000005    0.000050    0.000050    0.000050    0.588484    11.847543  
[37m[36mINFO[0m[0m 07/16 22:35:21 | 0.964072    0.940120    0.000000    0.939430    0.294500    0.931540    0.952991    0.964072    0.940120    0.933758    2500        48.810250   7.315691    0.006137    0.597259    0.033715    -5.820899   0.500000    11.130924   7.171778    21.000000   0.033654    0.402842    0.983823    0.981800    0.006137    3.352696    3.985201    7.285825    0.029863    0.000003    1.000000    0.250000    3.381600    0.988865    1.000000    18.914510   45.398928   3.381600    0.178855    0.988865    0.228105    0.243289    0.000030    0.999265    4.645088    0.010464    0.039540    0.000000    0.000050    0.000500    0.000005    0.000500    0.000500    0.000005    0.000050    0.000050    0.000050    0.581047    12.647575  
[37m[36mINFO[0m[0m 07/16 22:36:38 | 0.966317    0.958084    0.000000    0.963804    0.134099    0.953545    0.978632    0.966317    0.958084    0.959236    2600        50.762660   7.324774    0.011598    0.597031    0.028781    -5.934215   0.500000    11.196541   7.145850    21.000000   0.028739    0.403069    0.982561    0.980299    0.011598    3.358048    3.984615    7.294919    0.029852    0.000003    1.000000    0.250000    3.410437    0.988506    1.000000    18.816018   45.398303   3.410437    0.181352    0.988506    0.231205    0.245304    0.000024    0.999476    5.713643    0.011872    0.074317    0.000000    0.000050    0.000500    0.000005    0.000500    0.000500    0.000005    0.000050    0.000050    0.000050    0.580448    13.209532  
[37m[36mINFO[0m[0m 07/16 22:37:54 | 0.972305    0.940120    0.000000    0.958223    0.148104    0.955990    0.965812    0.972305    0.940120    0.952866    2700        52.715070   7.306034    0.006848    0.595984    0.025510    -6.078199   0.500000    11.157919   7.117578    21.000000   0.025484    0.404114    0.983795    0.981825    0.006848    3.344967    3.985199    7.276232    0.029799    0.000003    1.000000    0.250000    3.405028    0.988033    1.000000    18.093502   45.399892   3.405028    0.188279    0.988033    0.225574    0.239067    0.000025    0.999374    3.721925    0.010684    0.043160    0.000000    0.000050    0.000500    0.000005    0.000500    0.000500    0.000005    0.000050    0.000050    0.000050    0.584629    12.511170  
[37m[36mINFO[0m[0m 07/16 22:39:11 | 0.976796    0.958084    0.000000    0.971817    0.124996    0.977995    0.980769    0.976796    0.958084    0.956688    2800        54.667480   7.291657    0.002824    0.595630    0.022886    -6.215632   0.500000    11.120174   7.126173    21.000000   0.022861    0.404469    0.984472    0.982677    0.002824    3.338859    3.982346    7.261873    0.029781    0.000002    1.000000    0.250000    3.467353    0.987335    1.000000    17.672004   45.407551   3.467353    0.196282    0.987335    0.226261    0.237903    0.000038    0.999062    2.540322    0.010703    0.023296    0.000000    0.000050    0.000500    0.000005    0.000500    0.000500    0.000005    0.000050    0.000050    0.000050    0.592649    12.790875  
[37m[36mINFO[0m[0m 07/16 22:40:29 | 0.952844    0.940120    0.000000    0.964619    0.150902    0.955990    0.978632    0.952844    0.940120    0.959236    2900        56.619890   7.287940    0.007089    0.597711    0.020040    -6.312552   0.500000    11.061638   7.152734    21.000000   0.020004    0.402385    0.983763    0.981844    0.007089    3.350563    3.963526    7.258053    0.029886    0.000002    1.000000    0.250000    3.506983    0.987104    1.000000    17.754131   45.411589   3.506983    0.197655    0.987104    0.229765    0.241800    0.000036    0.999271    3.967379    0.011548    0.041660    0.000000    0.000050    0.000500    0.000005    0.000500    0.000500    0.000005    0.000050    0.000050    0.000050    0.585488    13.741148  
[37m[36mINFO[0m[0m 07/16 22:41:45 | 0.974551    0.964072    0.000000    0.962517    0.174893    0.953545    0.972222    0.974551    0.964072    0.961783    3000        58.572300   7.282223    0.004804    0.597170    0.016353    -6.368810   0.500000    11.091626   7.128458    21.000000   0.016320    0.402926    0.983608    0.981768    0.004804    3.343601    3.967645    7.252363    0.029858    0.000002    1.000000    0.250000    3.538651    0.986915    1.000000    17.708803   45.413810   3.538651    0.199909    0.986915    0.230983    0.243712    0.000028    0.999272    3.987667    0.011449    0.029569    0.000000    0.000050    0.000500    0.000005    0.000500    0.000500    0.000005    0.000050    0.000050    0.000050    0.580908    13.254107  
[37m[36mINFO[0m[0m 07/16 22:43:02 | 0.944611    0.925150    0.000000    0.959750    0.180679    0.958435    0.967949    0.944611    0.925150    0.952866    3100        60.524710   7.354989    0.023383    0.594746    0.013416    -6.353763   0.500000    11.276175   7.090167    21.000000   0.013386    0.405354    0.981224    0.978742    0.023383    3.381848    3.983557    7.325250    0.029737    0.000001    1.000000    0.250000    3.509124    0.987549    1.000000    18.599007   45.410956   3.509124    0.189546    0.987549    0.236644    0.254284    0.000015    0.999722    10.227172   0.014690    0.114672    0.000000    0.000050    0.000500    0.000005    0.000500    0.000500    0.000005    0.000050    0.000050    0.000050    0.582325    13.216464  
[37m[36mINFO[0m[0m 07/16 22:44:17 | 0.964072    0.943114    0.000000    0.947121    0.231461    0.929095    0.959402    0.964072    0.943114    0.952866    3200        62.477120   7.318650    0.013688    0.590683    0.010418    -6.447882   0.500000    11.192456   7.080029    21.000000   0.010393    0.409416    0.983399    0.981314    0.013688    3.366868    3.973038    7.289115    0.029534    0.000001    1.000000    0.250000    3.486625    0.987345    1.000000    17.894177   45.405834   3.486625    0.195003    0.987345    0.225098    0.245411    0.000014    0.999640    6.387267    0.012120    0.069261    0.000000    0.000050    0.000500    0.000005    0.000500    0.000500    0.000005    0.000050    0.000050    0.000050    0.580246    11.499233  
[37m[36mINFO[0m[0m 07/16 22:45:32 | 0.970808    0.961078    0.000000    0.966893    0.114139    0.955990    0.982906    0.970808    0.961078    0.961783    3300        64.429530   7.317545    0.015312    0.594290    0.008455    -6.499712   0.500000    11.244422   7.099668    21.000000   0.008437    0.405807    0.982310    0.980089    0.015312    3.371065    3.966450    7.287829    0.029715    0.000001    1.000000    0.250000    3.568863    0.987132    1.000000    18.254759   45.416431   3.568863    0.195695    0.987132    0.231673    0.253464    0.000009    0.999821    7.578634    0.012603    0.074088    0.000000    0.000050    0.000500    0.000005    0.000500    0.000500    0.000005    0.000050    0.000050    0.000050    0.580593    11.883946  
[37m[36mINFO[0m[0m 07/16 22:46:47 | 0.968563    0.949102    0.000000    0.960990    0.130925    0.951100    0.970085    0.968563    0.949102    0.961783    3400        66.381940   7.290684    0.012183    0.593775    0.006647    -6.608251   0.500000    11.242218   7.116079    21.000000   0.006634    0.406322    0.982852    0.980846    0.012183    3.359736    3.955157    7.260994    0.029689    0.000001    1.000000    0.250000    3.598195    0.986857    1.000000    18.078262   45.421205   3.598195    0.199205    0.986857    0.230777    0.252343    0.000007    0.999804    5.882755    0.012142    0.066329    0.000000    0.000050    0.000500    0.000005    0.000500    0.000500    0.000005    0.000050    0.000050    0.000050    0.581678    11.773539  
[37m[36mINFO[0m[0m 07/16 22:48:03 | 0.964820    0.949102    0.000000    0.964688    0.161195    0.951100    0.978632    0.964820    0.949102    0.964331    3500        68.334350   7.295227    0.012486    0.594110    0.005622    -6.695194   0.500000    11.181135   7.109731    21.000000   0.005611    0.405987    0.983477    0.981545    0.012486    3.361419    3.958568    7.265521    0.029706    0.000001    1.000000    0.250000    3.610565    0.986535    1.000000    17.779040   45.421886   3.610565    0.203277    0.986535    0.229903    0.251770    0.000007    0.999809    5.485250    0.012273    0.066584    0.000000    0.000050    0.000500    0.000005    0.000500    0.000500    0.000005    0.000050    0.000050    0.000050    0.582490    12.212191  
[37m[36mINFO[0m[0m 07/16 22:49:18 | 0.969311    0.964072    0.000000    0.961243    0.158495    0.953545    0.972222    0.969311    0.964072    0.957962    3600        70.286760   7.271247    0.008437    0.594000    0.004795    -6.804876   0.500000    11.152272   7.125966    21.000000   0.004791    0.406097    0.983737    0.981983    0.008437    3.350864    3.950295    7.241547    0.029700    0.000000    1.000000    0.250000    3.623740    0.985788    1.000000    17.104569   45.421899   3.623740    0.212013    0.985788    0.224759    0.244966    0.000010    0.999600    4.438539    0.011621    0.047233    0.000000    0.000050    0.000500    0.000005    0.000500    0.000500    0.000005    0.000050    0.000050    0.000050    0.581635    11.824603  
[37m[36mINFO[0m[0m 07/16 22:50:33 | 0.970060    0.961078    0.000000    0.969003    0.133416    0.965770    0.974359    0.970060    0.961078    0.966879    3700        72.239170   7.262640    0.002423    0.594592    0.004407    -6.950507   0.500000    11.077311   7.160201    21.000000   0.004401    0.405502    0.984862    0.983426    0.002423    3.342773    3.957219    7.232910    0.029730    0.000000    1.000000    0.250000    3.726863    0.985329    1.000000    17.110894   45.432004   3.726863    0.217862    0.985329    0.228851    0.248882    0.000008    0.999670    2.168087    0.010857    0.019458    0.000000    0.000050    0.000500    0.000005    0.000500    0.000500    0.000005    0.000050    0.000050    0.000050    0.584048    12.079748  
[37m[36mINFO[0m[0m 07/16 22:51:50 | 0.955838    0.955090    0.000000    0.954127    0.191986    0.936430    0.974359    0.955838    0.955090    0.951592    3800        74.191580   7.260855    0.006182    0.593869    0.004049    -7.041035   0.500000    11.129935   7.167056    21.000000   0.004045    0.406224    0.983770    0.982082    0.006182    3.350134    3.945256    7.231161    0.029693    0.000000    1.000000    0.250000    3.753214    0.984715    1.000000    16.779512   45.433693   3.753214    0.223798    0.984715    0.228902    0.247300    0.000010    0.999685    4.070812    0.011814    0.031345    0.000000    0.000050    0.000500    0.000005    0.000500    0.000500    0.000005    0.000050    0.000050    0.000050    0.580603    12.928828  
[37m[36mINFO[0m[0m 07/16 22:53:05 | 0.971557    0.964072    0.000000    0.964078    0.150345    0.963325    0.972222    0.971557    0.964072    0.956688    3900        76.143990   7.261859    0.008137    0.595302    0.003473    -7.023554   0.500000    11.139608   7.153886    21.000000   0.003467    0.404793    0.983130    0.981177    0.008137    3.355887    3.938304    7.232093    0.029765    0.000000    1.000000    0.250000    3.740475    0.985232    1.000000    17.438151   45.430901   3.740475    0.214682    0.985232    0.235429    0.256046    0.000005    0.999908    4.668032    0.012236    0.046107    0.000000    0.000050    0.000500    0.000005    0.000500    0.000500    0.000005    0.000050    0.000050    0.000050    0.580579    12.414879  
[37m[36mINFO[0m[0m 07/16 22:54:22 | 0.973054    0.958084    0.000000    0.952586    0.182401    0.933985    0.965812    0.973054    0.958084    0.957962    4000        78.096400   7.274856    0.009803    0.593216    0.003027    -7.115328   0.500000    11.166137   7.180150    21.000000   0.003023    0.406878    0.983128    0.981266    0.009803    3.359986    3.946559    7.245194    0.029661    0.000000    1.000000    0.250000    3.729579    0.985132    1.000000    17.205386   45.429310   3.729579    0.216865    0.985132    0.231779    0.253571    0.000003    0.999886    5.039657    0.012595    0.049980    0.000000    0.000050    0.000500    0.000005    0.000500    0.000500    0.000005    0.000050    0.000050    0.000050    0.586785    12.253904  
[37m[36mINFO[0m[0m 07/16 22:55:37 | 0.962575    0.958084    0.000000    0.958579    0.209025    0.951100    0.967949    0.962575    0.958084    0.956688    4100        80.048810   7.302044    0.022229    0.594000    0.002631    -7.146429   0.500000    11.189153   7.187643    21.000000   0.002626    0.406096    0.981112    0.978640    0.022229    3.378851    3.942729    7.272344    0.029700    0.000000    1.000000    0.250000    3.616262    0.985088    1.000000    16.763816   45.418807   3.616262    0.216073    0.985088    0.225392    0.248242    0.000004    0.999812    9.671642    0.015215    0.097377    0.000000    0.000050    0.000500    0.000005    0.000500    0.000500    0.000005    0.000050    0.000050    0.000050    0.584750    11.200525  
[37m[36mINFO[0m[0m 07/16 22:56:51 | 0.950599    0.943114    0.000000    0.961990    0.168524    0.951100    0.974359    0.950599    0.943114    0.960510    4200        82.001220   7.256768    0.005497    0.593518    0.002096    -7.171303   0.500000    11.205441   7.202316    21.000000   0.002090    0.406579    0.983475    0.981747    0.005497    3.352587    3.940721    7.227092    0.029676    0.000000    1.000000    0.250000    3.724091    0.985359    1.000000    17.382214   45.427581   3.724091    0.214361    0.985359    0.229296    0.255901    0.000002    0.999937    4.165685    0.011192    0.030691    0.000000    0.000050    0.000500    0.000005    0.000500    0.000500    0.000005    0.000050    0.000050    0.000050    0.580705    11.252935  
[37m[36mINFO[0m[0m 07/16 22:58:07 | 0.956587    0.946108    0.000000    0.958086    0.196930    0.955990    0.967949    0.956587    0.946108    0.950318    4300        83.953630   7.288685    0.016822    0.591303    0.001740    -7.225254   0.500000    11.228023   7.193726    21.000000   0.001739    0.408795    0.981979    0.979825    0.016822    3.368786    3.945765    7.259120    0.029565    0.000000    1.000000    0.250000    3.712033    0.985330    1.000000    17.367235   45.426983   3.712033    0.214201    0.985330    0.229578    0.256023    0.000003    0.999862    8.583061    0.013808    0.092357    0.000000    0.000050    0.000500    0.000005    0.000500    0.000500    0.000005    0.000050    0.000050    0.000050    0.579701    12.647407  
[37m[36mINFO[0m[0m 07/16 22:59:23 | 0.943114    0.895210    0.000000    0.951449    0.204794    0.933985    0.963675    0.943114    0.895210    0.956688    4400        85.906040   7.250842    0.013403    0.592539    0.001553    -7.240657   0.500000    11.211710   7.184027    21.000000   0.001551    0.407556    0.982424    0.980458    0.013403    3.354102    3.926117    7.221216    0.029627    0.000000    1.000000    0.250000    3.756976    0.984819    1.000000    17.070721   45.438368   3.756976    0.220369    0.984819    0.226094    0.253453    0.000002    0.999911    6.768130    0.012741    0.063074    0.000000    0.000050    0.000500    0.000005    0.000500    0.000500    0.000005    0.000050    0.000050    0.000050    0.577713    12.082438  
[37m[36mINFO[0m[0m 07/16 23:00:38 | 0.965569    0.955090    0.000000    0.965304    0.140555    0.955990    0.967949    0.965569    0.955090    0.971975    4500        87.858450   7.230723    0.003215    0.591322    0.001499    -7.388990   0.500000    11.145552   7.227824    21.000000   0.001499    0.408773    0.984976    0.983484    0.003215    3.343026    3.928806    7.201157    0.029566    0.000000    1.000000    0.250000    3.784365    0.984199    1.000000    16.572618   45.437072   3.784365    0.228475    0.984199    0.223306    0.249533    0.000004    0.999874    2.143669    0.010755    0.018183    0.000000    0.000050    0.000500    0.000005    0.000500    0.000500    0.000005    0.000050    0.000050    0.000050    0.581579    12.307295  
[37m[36mINFO[0m[0m 07/16 23:01:54 | 0.923653    0.886228    0.000000    0.943457    0.275279    0.926650    0.950855    0.923653    0.886228    0.952866    4600        89.810860   7.222029    0.003672    0.592050    0.001511    -7.514047   0.500000    11.127236   7.212943    21.000000   0.001512    0.408043    0.984343    0.982939    0.003672    3.344112    3.919783    7.192426    0.029603    0.000000    1.000000    0.250000    3.823829    0.983345    1.000000    15.930794   45.444803   3.823829    0.240106    0.983345    0.220403    0.244333    0.000007    0.999779    3.335050    0.011308    0.020352    0.000000    0.000050    0.000500    0.000005    0.000500    0.000500    0.000005    0.000050    0.000050    0.000050    0.581182    11.888674  
[37m[36mINFO[0m[0m 07/16 23:03:09 | 0.942365    0.916168    0.000000    0.959545    0.196367    0.943765    0.974359    0.942365    0.916168    0.960510    4700        91.763270   7.259739    0.009900    0.591968    0.001474    -7.511497   0.500000    11.185720   7.156023    21.000000   0.001472    0.408127    0.982504    0.980522    0.009900    3.360930    3.934426    7.230141    0.029598    0.000000    1.000000    0.250000    3.817959    0.983696    1.000000    16.469541   45.446036   3.817959    0.232057    0.983696    0.226573    0.253275    0.000003    0.999896    5.756506    0.012685    0.048777    0.000000    0.000050    0.000500    0.000005    0.000500    0.000500    0.000005    0.000050    0.000050    0.000050    0.582653    11.927907  
[37m[36mINFO[0m[0m 07/16 23:04:25 | 0.964072    0.940120    0.000000    0.962298    0.193849    0.958435    0.967949    0.964072    0.940120    0.960510    4800        93.715680   7.232652    0.005009    0.591862    0.001302    -7.590826   0.500000    11.161962   7.157793    21.000000   0.001301    0.408232    0.984350    0.982791    0.005009    3.348103    3.925855    7.203059    0.029593    0.000000    1.000000    0.250000    3.832577    0.984043    1.000000    16.802866   45.442400   3.832577    0.228399    0.984043    0.228914    0.256962    0.000002    0.999933    3.851257    0.012026    0.031529    0.000000    0.000050    0.000500    0.000005    0.000500    0.000500    0.000005    0.000050    0.000050    0.000050    0.587087    12.209343  
[37m[36mINFO[0m[0m 07/16 23:05:41 | 0.930389    0.904192    0.000000    0.953620    0.231709    0.931540    0.970085    0.930389    0.904192    0.959236    4900        95.668090   7.216106    0.009356    0.593670    0.001136    -7.617227   0.500000    11.254202   7.208649    21.000000   0.001134    0.406425    0.983885    0.982260    0.009356    3.345500    3.907739    7.186423    0.029683    0.000000    1.000000    0.250000    3.910387    0.984293    1.000000    17.371539   45.455687   3.910387    0.225339    0.984293    0.234419    0.264451    0.000001    0.999967    6.062051    0.012600    0.052695    0.000000    0.000050    0.000500    0.000005    0.000500    0.000500    0.000005    0.000050    0.000050    0.000050    0.584571    12.258165  
[37m[36mINFO[0m[0m 07/16 23:06:58 | 0.956587    0.943114    0.000000    0.956168    0.196711    0.941320    0.967949    0.956587    0.943114    0.959236    5000        97.620500   7.245236    0.011934    0.591980    0.000946    -7.708791   0.500000    11.191164   7.253993    21.000000   0.000945    0.408113    0.982752    0.980948    0.011934    3.357353    3.923437    7.215637    0.029599    0.000000    1.000000    0.250000    3.874210    0.983385    1.000000    16.395527   45.454079   3.874210    0.236702    0.983385    0.225467    0.254406    0.000002    0.999929    6.832146    0.013354    0.058805    0.000000    0.000050    0.000500    0.000005    0.000500    0.000500    0.000005    0.000050    0.000050    0.000050    0.589251    12.794898  
[37m[36mINFO[0m[0m 07/16 23:06:59 | ---
[37m[33mWARNING[0m[0m 07/16 23:06:59 | Evaluate SWAD ...
[37m[36mINFO[0m[0m 07/16 23:07:12 | 0.984281    0.973054    0.000000    0.976625    0.325228    0.977995    0.978632    0.984281    0.973054    0.973248    [101-4500]  (N=46)
[37m[36mINFO[0m[0m 07/16 23:07:12 | oracle = 97.904%
[37m[36mINFO[0m[0m 07/16 23:07:12 | iid = 97.680%
[37m[36mINFO[0m[0m 07/16 23:07:12 | last = 95.659%
[37m[36mINFO[0m[0m 07/16 23:07:12 | last (inD) = 95.617%
[37m[36mINFO[0m[0m 07/16 23:07:12 | iid (inD) = 97.182%
[37m[36mINFO[0m[0m 07/16 23:07:12 | SWAD = 98.428%
[37m[36mINFO[0m[0m 07/16 23:07:12 | SWAD (inD) = 97.663%
[37m[36mINFO[0m[0m 07/16 23:07:13 | 
[37m[36mINFO[0m[0m 07/16 23:07:17 | Testenv name escaping te_sketch -> te_sketch
[37m[36mINFO[0m[0m 07/16 23:07:17 | Test envs = [3], name = te_sketch
[37m[36mINFO[0m[0m 07/16 23:07:17 | Batch sizes for each domain: [32, 32, 32, 0] (total=96)
[37m[36mINFO[0m[0m 07/16 23:07:17 | steps-per-epoch for each domain: 51.22, 58.62, 41.75 -> min = 41.75
[37m[36mINFO[0m[0m 07/16 23:07:21 | # of params = 53365703
[37m[36mINFO[0m[0m 07/16 23:07:38 | test_in     test_out    train_in    train_out   tr_outloss  env0_out    env1_out    env2_out    env3_in     env3_out    step        epoch       loss        loss_cls    loss_isr    loss_orth   loss_gt     piccl_alph  paired_res  domain_res  valid_doma  basis_orth  response_c  raw_interv  mediator_i  ce_loss     sup_cl_los  pre_cl_los  dccl_total  weighted_l  weighted_l  piccl_feat  residual_s  residual_d  fused_orig  piccl_exec  original_f  piccl_feat  feature_de  feature_de  original_f  gate_mean   gate_std    gate_min    gate_max    backbone_g  piccl_grad  classifier  has_nan_or  param_grou  param_grou  param_grou  param_grou  param_grou  param_grou  param_grou  param_grou  param_grou  step_time   eval_time  
[37m[36mINFO[0m[0m 07/16 23:07:38 | 0.153308    0.145223    0.000000    0.297265    1.952846    0.271394    0.252137    0.368263    0.153308    0.145223    0           0.000000    12.055917   2.007428    0.000000    0.113467    -5.756462   0.000000    0.000000    0.000000    21.000000   0.103214    0.000000    0.902468    0.902468    2.007428    5.098177    5.007865    12.055905   0.000000    0.000011    0.000000    0.250000    0.000000    1.000000    1.000000    26.046446   45.253448   0.000000    0.000000    1.000000    0.075858    0.000000    0.075858    0.075858    8.315198    0.000150    5.372877    0.000000    0.000050    0.000500    0.000005    0.000500    0.000500    0.000005    0.000050    0.000050    0.000050    0.636572    16.334533  
[37m[36mINFO[0m[0m 07/16 23:08:56 | 0.625000    0.633121    0.000000    0.945133    0.176032    0.904645    0.948718    0.982036    0.625000    0.633121    100         2.395210    8.657962    0.282264    0.976602    0.066893    0.157026    0.000000    13.309290   2.309076    21.000000   0.066377    0.023850    0.965189    0.964196    0.282264    3.800800    4.524491    8.609125    0.048830    0.000007    1.000000    0.250000    0.861910    0.999765    1.000000    41.985020   45.264271   0.861910    0.021109    0.999765    0.093303    0.058844    0.014234    0.566176    15.681622   0.017456    1.806511    0.000000    0.000050    0.000500    0.000005    0.000500    0.000500    0.000005    0.000050    0.000050    0.000050    0.582872    15.044687  
[37m[36mINFO[0m[0m 07/16 23:10:15 | 0.758906    0.761783    0.000000    0.954768    0.119428    0.933985    0.957265    0.973054    0.758906    0.761783    200         4.790419    7.914764    0.081156    0.910433    0.068511    -1.512296   0.000000    12.434288   4.417581    21.000000   0.069187    0.090362    0.974409    0.973442    0.081156    3.525679    4.277522    7.869235    0.045522    0.000007    1.000000    0.250000    1.434765    0.999163    1.000000    35.440140   45.279481   1.434765    0.040667    0.999163    0.128856    0.130677    0.003045    0.964844    13.104700   0.017781    0.687952    0.000000    0.000050    0.000500    0.000005    0.000500    0.000500    0.000005    0.000050    0.000050    0.000050    0.584434    14.867602  
[37m[36mINFO[0m[0m 07/16 23:11:33 | 0.768448    0.785987    0.000000    0.964157    0.106500    0.943765    0.963675    0.985030    0.768448    0.785987    300         7.185629    7.653681    0.033366    0.851090    0.207404    -2.311246   0.000000    12.171168   5.295730    21.000000   0.209090    0.149420    0.977115    0.976217    0.033366    3.432905    4.167947    7.611106    0.042554    0.000021    1.000000    0.250000    1.858514    0.998342    1.000000    31.659024   45.296080   1.858514    0.058932    0.998342    0.154911    0.163714    0.002542    0.981511    9.568058    0.013795    0.313366    0.000000    0.000050    0.000500    0.000005    0.000500    0.000500    0.000005    0.000050    0.000050    0.000050    0.587336    13.469759  
[37m[36mINFO[0m[0m 07/16 23:12:50 | 0.759542    0.756688    0.000000    0.960611    0.130044    0.933985    0.965812    0.982036    0.759542    0.756688    400         9.580838    7.536777    0.023850    0.816583    0.337814    -2.785654   0.000000    11.968723   5.722295    21.000000   0.338714    0.183815    0.978086    0.977103    0.023850    3.412331    4.087590    7.495915    0.040829    0.000034    1.000000    0.250000    2.142422    0.997546    1.000000    29.387993   45.311044   2.142422    0.073043    0.997546    0.170853    0.181512    0.002183    0.988433    8.826526    0.012837    0.217459    0.000000    0.000050    0.000500    0.000005    0.000500    0.000500    0.000005    0.000050    0.000050    0.000050    0.585670    13.777504  
[37m[36mINFO[0m[0m 07/16 23:14:08 | 0.773219    0.777070    0.000000    0.963608    0.099954    0.951100    0.963675    0.976048    0.773219    0.777070    500         11.976048   7.517323    0.028780    0.786398    0.408951    -2.966270   0.000000    12.112256   5.931779    21.000000   0.409566    0.213956    0.978627    0.977497    0.028780    3.419000    4.059845    7.477962    0.039320    0.000041    1.000000    0.250000    2.382444    0.996835    1.000000    28.527651   45.324618   2.382444    0.083730    0.996835    0.186430    0.200100    0.001495    0.993676    10.696099   0.013418    0.278615    0.000000    0.000050    0.000500    0.000005    0.000500    0.000500    0.000005    0.000050    0.000050    0.000050    0.584677    14.299436  
[37m[36mINFO[0m[0m 07/16 23:15:26 | 0.808524    0.806369    0.000000    0.968292    0.088103    0.960880    0.967949    0.976048    0.808524    0.806369    600         14.371257   7.425708    0.016221    0.762503    0.460082    -3.315396   0.025250    11.944086   6.062158    21.000000   0.460420    0.237797    0.980035    0.979043    0.016221    3.388812    4.015658    7.387537    0.038125    0.000046    1.000000    0.250000    2.556884    0.996026    1.000000    26.647186   45.337684   2.556884    0.096005    0.996026    0.193396    0.205249    0.001387    0.994147    7.540503    0.010861    0.154121    0.000000    0.000050    0.000500    0.000005    0.000500    0.000500    0.000005    0.000050    0.000050    0.000050    0.586150    13.728846  
[37m[36mINFO[0m[0m 07/16 23:16:44 | 0.790394    0.800000    0.000000    0.971286    0.099209    0.960880    0.967949    0.985030    0.790394    0.800000    700         16.766467   7.352288    0.005994    0.743076    0.479004    -3.629699   0.075250    11.785519   6.124134    21.000000   0.479073    0.257190    0.980922    0.980016    0.005994    3.369695    3.975694    7.315086    0.037154    0.000048    1.000000    0.250000    2.725256    0.995142    1.000000    25.153759   45.349523   2.725256    0.108450    0.995142    0.202095    0.210474    0.001318    0.994495    3.961447    0.008555    0.054726    0.000000    0.000050    0.000500    0.000005    0.000500    0.000500    0.000005    0.000050    0.000050    0.000050    0.586402    14.519937  
[37m[36mINFO[0m[0m 07/16 23:18:03 | 0.803753    0.807643    0.000000    0.969451    0.111294    0.951100    0.972222    0.985030    0.803753    0.807643    800         19.161677   7.329718    0.011486    0.727993    0.476420    -3.826535   0.125250    11.834646   6.105677    21.000000   0.476349    0.272254    0.980626    0.979431    0.011486    3.369990    3.950060    7.293270    0.036400    0.000048    1.000000    0.250000    2.855454    0.994366    1.000000    24.306585   45.360035   2.855454    0.117592    0.994366    0.211686    0.216853    0.001365    0.993929    6.186024    0.010029    0.104123    0.000000    0.000050    0.000500    0.000005    0.000500    0.000500    0.000005    0.000050    0.000050    0.000050    0.584973    14.541917  
[37m[36mINFO[0m[0m 07/16 23:19:22 | 0.704517    0.680255    0.000000    0.953683    0.199050    0.921760    0.972222    0.967066    0.704517    0.680255    900         21.556886   7.347285    0.017619    0.709166    0.479834    -3.890224   0.175250    11.973788   6.106951    21.000000   0.479962    0.291080    0.979094    0.977422    0.017619    3.396030    3.937032    7.311779    0.035458    0.000048    1.000000    0.250000    2.945296    0.993987    1.000000    24.511900   45.368274   2.945296    0.120352    0.993987    0.220755    0.227792    0.000919    0.996984    9.598334    0.012264    0.161261    0.000000    0.000050    0.000500    0.000005    0.000500    0.000500    0.000005    0.000050    0.000050    0.000050    0.584363    15.463234  
[37m[36mINFO[0m[0m 07/16 23:20:41 | 0.795802    0.779618    0.000000    0.957358    0.157945    0.941320    0.948718    0.982036    0.795802    0.779618    1000        23.952096   7.342587    0.022064    0.696260    0.498845    -3.973519   0.225250    11.913797   6.101737    21.000000   0.499100    0.303967    0.980516    0.978877    0.022064    3.394915    3.930480    7.307724    0.034813    0.000050    1.000000    0.250000    2.973099    0.993851    1.000000    24.473500   45.373902   2.973099    0.121816    0.993851    0.222198    0.234169    0.000402    0.998805    8.931539    0.012363    0.159258    0.000000    0.000050    0.000500    0.000005    0.000500    0.000500    0.000005    0.000050    0.000050    0.000050    0.583895    15.052713  
[37m[36mINFO[0m[0m 07/16 23:22:00 | 0.722010    0.724841    0.000000    0.960698    0.171947    0.946210    0.950855    0.985030    0.722010    0.724841    1100        26.347305   7.335927    0.023515    0.683633    0.520881    -4.204362   0.275250    11.826551   6.125572    21.000000   0.521059    0.316573    0.979412    0.977409    0.023515    3.402931    3.917290    7.301693    0.034182    0.000052    1.000000    0.250000    3.037155    0.993127    1.000000    23.345743   45.379199   3.037155    0.130313    0.993127    0.221519    0.232677    0.000338    0.998128    10.159899   0.012302    0.155353    0.000000    0.000050    0.000500    0.000005    0.000500    0.000500    0.000005    0.000050    0.000050    0.000050    0.584625    15.076643  
[37m[36mINFO[0m[0m 07/16 23:23:17 | 0.787214    0.771975    0.000000    0.970141    0.094973    0.943765    0.978632    0.988024    0.787214    0.771975    1200        28.742515   7.268582    0.015029    0.675949    0.540042    -4.290069   0.325250    11.858586   6.157096    21.000000   0.540299    0.324243    0.980690    0.978787    0.015029    3.376210    3.886391    7.234730    0.033797    0.000054    1.000000    0.250000    3.110272    0.992890    1.000000    23.505195   45.385595   3.110272    0.132443    0.992890    0.226689    0.240455    0.000189    0.998887    6.778071    0.010310    0.099388    0.000000    0.000050    0.000500    0.000005    0.000500    0.000500    0.000005    0.000050    0.000050    0.000050    0.585338    13.797167  
[37m[36mINFO[0m[0m 07/16 23:24:36 | 0.766858    0.782166    0.000000    0.960942    0.141098    0.948655    0.955128    0.979042    0.766858    0.782166    1300        31.137725   7.263211    0.016418    0.668319    0.566434    -4.546300   0.375250    11.842921   6.153715    21.000000   0.566608    0.331858    0.980743    0.978671    0.016418    3.377163    3.881621    7.229739    0.033416    0.000057    1.000000    0.250000    3.163630    0.991900    1.000000    21.882658   45.391331   3.163630    0.144648    0.991900    0.225652    0.234982    0.000333    0.998146    7.274384    0.010666    0.119227    0.000000    0.000050    0.000500    0.000005    0.000500    0.000500    0.000005    0.000050    0.000050    0.000050    0.583963    14.887700  
[37m[36mINFO[0m[0m 07/16 23:25:54 | 0.781170    0.785987    0.000000    0.971427    0.104138    0.960880    0.974359    0.979042    0.781170    0.785987    1400        33.532934   7.250593    0.015075    0.663147    0.564828    -4.667166   0.425250    11.814940   6.173532    21.000000   0.564643    0.337011    0.981447    0.979218    0.015075    3.377701    3.871275    7.217379    0.033157    0.000056    1.000000    0.250000    3.184164    0.991500    1.000000    21.558303   45.393310   3.184164    0.147803    0.991500    0.228585    0.237117    0.000355    0.998173    6.786694    0.010743    0.099695    0.000000    0.000050    0.000500    0.000005    0.000500    0.000500    0.000005    0.000050    0.000050    0.000050    0.580927    14.437942  
[37m[36mINFO[0m[0m 07/16 23:27:11 | 0.766539    0.770701    0.000000    0.970775    0.120054    0.965770    0.976496    0.970060    0.766539    0.770701    1500        35.928144   7.215078    0.007529    0.659466    0.539514    -4.766861   0.475250    11.763172   6.218166    21.000000   0.539135    0.340680    0.982109    0.979841    0.007529    3.365373    3.856818    7.182051    0.032973    0.000054    1.000000    0.250000    3.271278    0.991265    1.000000    22.100441   45.398975   3.271278    0.148132    0.991265    0.236764    0.247404    0.000206    0.998815    5.713441    0.009612    0.064143    0.000000    0.000050    0.000500    0.000005    0.000500    0.000500    0.000005    0.000050    0.000050    0.000050    0.584140    13.865782  
[37m[36mINFO[0m[0m 07/16 23:28:30 | 0.753817    0.757962    0.000000    0.961163    0.124937    0.943765    0.963675    0.976048    0.753817    0.757962    1600        38.323353   7.214196    0.007952    0.655803    0.492939    -4.911353   0.500000    11.739799   6.186018    21.000000   0.492497    0.344333    0.981661    0.979210    0.007952    3.370635    3.851883    7.181356    0.032790    0.000049    1.000000    0.250000    3.348753    0.990628    1.000000    21.735456   45.405423   3.348753    0.154248    0.990628    0.240575    0.250074    0.000180    0.998899    5.527531    0.009594    0.065830    0.000000    0.000050    0.000500    0.000005    0.000500    0.000500    0.000005    0.000050    0.000050    0.000050    0.591428    14.027476  
[37m[36mINFO[0m[0m 07/16 23:29:49 | 0.809160    0.807643    0.000000    0.971123    0.098024    0.953545    0.965812    0.994012    0.809160    0.807643    1700        40.718563   7.158793    0.002016    0.655061    0.454605    -5.080456   0.500000    11.693142   6.190350    21.000000   0.454243    0.345067    0.983497    0.981395    0.002016    3.348868    3.825915    7.125994    0.032753    0.000045    1.000000    0.250000    3.416223    0.989949    1.000000    20.903668   45.411856   3.416223    0.163526    0.989949    0.240081    0.247570    0.000256    0.998339    2.109093    0.008224    0.018410    0.000000    0.000050    0.000500    0.000005    0.000500    0.000500    0.000005    0.000050    0.000050    0.000050    0.590608    14.449011  
[37m[36mINFO[0m[0m 07/16 23:31:07 | 0.792939    0.771975    0.000000    0.974356    0.083069    0.955990    0.985043    0.982036    0.792939    0.771975    1800        43.113772   7.173999    0.007070    0.652533    0.415866    -5.242909   0.500000    11.636679   6.213268    21.000000   0.415494    0.347588    0.982211    0.979799    0.007070    3.358945    3.827746    7.141331    0.032627    0.000042    1.000000    0.250000    3.453155    0.988970    1.000000    19.932544   45.419287   3.453155    0.173328    0.988970    0.239233    0.243558    0.000292    0.998031    4.239257    0.009415    0.044075    0.000000    0.000050    0.000500    0.000005    0.000500    0.000500    0.000005    0.000050    0.000050    0.000050    0.587903    14.285980  
[37m[36mINFO[0m[0m 07/16 23:32:26 | 0.826336    0.822930    0.000000    0.970369    0.122290    0.955990    0.970085    0.985030    0.826336    0.822930    1900        45.508982   7.173685    0.010511    0.649726    0.385884    -5.324249   0.500000    11.742041   6.174927    21.000000   0.385641    0.350392    0.981852    0.979224    0.010511    3.365432    3.818460    7.141160    0.032486    0.000039    1.000000    0.250000    3.455380    0.989005    1.000000    20.224754   45.417347   3.455380    0.170989    0.989005    0.242684    0.248830    0.000168    0.998575    5.343380    0.010322    0.070511    0.000000    0.000050    0.000500    0.000005    0.000500    0.000500    0.000005    0.000050    0.000050    0.000050    0.587271    14.839684  
[37m[36mINFO[0m[0m 07/16 23:33:43 | 0.813295    0.782166    0.000000    0.967352    0.128714    0.948655    0.974359    0.979042    0.813295    0.782166    2000        47.904192   7.163163    0.003609    0.647968    0.361424    -5.386453   0.500000    11.756062   6.153534    21.000000   0.361149    0.352148    0.982952    0.980591    0.003609    3.357639    3.823346    7.130729    0.032398    0.000036    1.000000    0.250000    3.570292    0.988993    1.000000    20.940586   45.423600   3.570292    0.170598    0.988993    0.253020    0.260550    0.000117    0.999385    3.402502    0.009073    0.030459    0.000000    0.000050    0.000500    0.000005    0.000500    0.000500    0.000005    0.000050    0.000050    0.000050    0.584020    13.449770  
[37m[36mINFO[0m[0m 07/16 23:35:00 | 0.677799    0.676433    0.000000    0.945277    0.245681    0.921760    0.952991    0.961078    0.677799    0.676433    2100        50.299401   7.198264    0.021223    0.645689    0.329917    -5.488029   0.500000    11.858861   6.147594    21.000000   0.329591    0.354424    0.980349    0.977372    0.021223    3.385280    3.814323    7.165946    0.032284    0.000033    1.000000    0.250000    3.537791    0.988746    1.000000    20.500303   45.426308   3.537791    0.172700    0.988746    0.249466    0.257821    0.000099    0.999290    9.937329    0.012367    0.122643    0.000000    0.000050    0.000500    0.000005    0.000500    0.000500    0.000005    0.000050    0.000050    0.000050    0.582262    13.123158  
[37m[36mINFO[0m[0m 07/16 23:36:17 | 0.771947    0.766879    0.000000    0.966723    0.124115    0.960880    0.972222    0.967066    0.771947    0.766879    2200        52.694611   7.187802    0.016455    0.639852    0.302192    -5.529491   0.500000    11.896430   6.141303    21.000000   0.301966    0.360263    0.981501    0.978870    0.016455    3.381438    3.813182    7.155779    0.031993    0.000030    1.000000    0.250000    3.508996    0.989179    1.000000    20.849664   45.426255   3.508996    0.168720    0.989179    0.243218    0.258300    0.000065    0.999424    7.215019    0.010905    0.092881    0.000000    0.000050    0.000500    0.000005    0.000500    0.000500    0.000005    0.000050    0.000050    0.000050    0.584240    14.050141  
[37m[36mINFO[0m[0m 07/16 23:37:35 | 0.770674    0.769427    0.000000    0.967009    0.120154    0.960880    0.970085    0.970060    0.770674    0.769427    2300        55.089820   7.130477    0.004667    0.641921    0.275867    -5.716225   0.500000    11.808997   6.149071    21.000000   0.275536    0.358189    0.983107    0.980861    0.004667    3.357576    3.793273    7.098354    0.032096    0.000028    1.000000    0.250000    3.592932    0.988474    1.000000    20.252193   45.434717   3.592932    0.177614    0.988474    0.243450    0.256971    0.000064    0.999519    3.451044    0.009022    0.031062    0.000000    0.000050    0.000500    0.000005    0.000500    0.000500    0.000005    0.000050    0.000050    0.000050    0.588411    13.801516  
[37m[36mINFO[0m[0m 07/16 23:38:53 | 0.794211    0.787261    0.000000    0.958676    0.166329    0.938875    0.970085    0.967066    0.794211    0.787261    2400        57.485030   7.121061    0.004288    0.642313    0.244103    -5.830111   0.500000    11.799486   6.136170    21.000000   0.243825    0.357793    0.983070    0.980791    0.004288    3.356125    3.786809    7.088921    0.032116    0.000024    1.000000    0.250000    3.685073    0.987956    1.000000    20.193218   45.444215   3.685073    0.182571    0.987956    0.248571    0.260921    0.000063    0.999513    3.972304    0.009045    0.032394    0.000000    0.000050    0.000500    0.000005    0.000500    0.000500    0.000005    0.000050    0.000050    0.000050    0.588558    13.811750  
[37m[36mINFO[0m[0m 07/16 23:40:11 | 0.821883    0.831847    0.000000    0.964077    0.152267    0.948655    0.961538    0.982036    0.821883    0.831847    2500        59.880240   7.155766    0.014279    0.640965    0.219331    -5.905526   0.500000    11.829242   6.136217    21.000000   0.219114    0.359140    0.980871    0.978168    0.014279    3.374628    3.793844    7.123696    0.032048    0.000022    1.000000    0.250000    3.590083    0.987726    1.000000    19.424275   45.438638   3.590083    0.184960    0.987726    0.241272    0.253772    0.000073    0.999542    7.846907    0.011259    0.090017    0.000000    0.000050    0.000500    0.000005    0.000500    0.000500    0.000005    0.000050    0.000050    0.000050    0.581571    14.750371  
[37m[36mINFO[0m[0m 07/16 23:41:29 | 0.794211    0.800000    0.000000    0.962324    0.178515    0.951100    0.965812    0.970060    0.794211    0.800000    2600        62.275449   7.126081    0.008082    0.639663    0.197430    -5.971418   0.500000    11.889504   6.135319    21.000000   0.197208    0.360443    0.982431    0.980039    0.008082    3.363034    3.782676    7.094078    0.031983    0.000020    1.000000    0.250000    3.735291    0.987836    1.000000    20.432339   45.454755   3.735291    0.183060    0.987836    0.252334    0.267718    0.000051    0.999755    5.638285    0.010125    0.053810    0.000000    0.000050    0.000500    0.000005    0.000500    0.000500    0.000005    0.000050    0.000050    0.000050    0.580873    14.264415  
[37m[36mINFO[0m[0m 07/16 23:42:47 | 0.781807    0.791083    0.000000    0.958249    0.187131    0.938875    0.965812    0.970060    0.781807    0.791083    2700        64.670659   7.139312    0.011864    0.641185    0.171436    -6.052337   0.500000    11.910759   6.157217    21.000000   0.171161    0.358921    0.980930    0.978132    0.011864    3.374146    3.781749    7.107236    0.032059    0.000017    1.000000    0.250000    3.679218    0.987989    1.000000    20.454161   45.447392   3.679218    0.180171    0.987989    0.251179    0.267800    0.000039    0.999799    7.244074    0.010911    0.079470    0.000000    0.000050    0.000500    0.000005    0.000500    0.000500    0.000005    0.000050    0.000050    0.000050    0.586170    14.153110  
[37m[36mINFO[0m[0m 07/16 23:44:05 | 0.774809    0.788535    0.000000    0.964381    0.201005    0.955990    0.970085    0.967066    0.774809    0.788535    2800        67.065868   7.087098    0.005874    0.642855    0.149761    -6.215847   0.500000    11.710958   6.143985    21.000000   0.149579    0.357247    0.983023    0.980838    0.005874    3.347699    3.763526    7.054940    0.032143    0.000015    1.000000    0.250000    3.749018    0.987314    1.000000    19.624904   45.457630   3.749018    0.191285    0.987314    0.246389    0.261301    0.000049    0.999686    3.064886    0.008564    0.035128    0.000000    0.000050    0.000500    0.000005    0.000500    0.000500    0.000005    0.000050    0.000050    0.000050    0.583574    14.532761  
[37m[36mINFO[0m[0m 07/16 23:45:24 | 0.815840    0.831847    0.000000    0.964217    0.135553    0.948655    0.967949    0.976048    0.815840    0.831847    2900        69.461078   7.078891    0.001790    0.643632    0.130223    -6.369596   0.500000    11.707614   6.098742    21.000000   0.130019    0.356468    0.983074    0.980953    0.001790    3.344902    3.763702    7.046697    0.032182    0.000013    1.000000    0.250000    3.808398    0.986420    1.000000    18.862456   45.463581   3.808398    0.202084    0.986420    0.245484    0.257841    0.000084    0.999323    1.994569    0.008408    0.013675    0.000000    0.000050    0.000500    0.000005    0.000500    0.000500    0.000005    0.000050    0.000050    0.000050    0.586586    15.152740  
[37m[36mINFO[0m[0m 07/16 23:45:24 | SWAD valley is dead -> early stop !
[37m[36mINFO[0m[0m 07/16 23:45:24 | ---
[37m[33mWARNING[0m[0m 07/16 23:45:24 | Evaluate SWAD ...
[37m[36mINFO[0m[0m 07/16 23:45:40 | 0.823155    0.816561    0.000000    0.979186    0.229213    0.965770    0.980769    0.991018    0.823155    0.816561    [501-2300]  (N=19)
[37m[36mINFO[0m[0m 07/16 23:45:40 | oracle = 82.188%
[37m[36mINFO[0m[0m 07/16 23:45:40 | iid = 79.294%
[37m[36mINFO[0m[0m 07/16 23:45:40 | last = 81.584%
[37m[36mINFO[0m[0m 07/16 23:45:40 | last (inD) = 96.422%
[37m[36mINFO[0m[0m 07/16 23:45:40 | iid (inD) = 97.436%
[37m[36mINFO[0m[0m 07/16 23:45:40 | SWAD = 82.316%
[37m[36mINFO[0m[0m 07/16 23:45:40 | SWAD (inD) = 97.919%
[37m[36mINFO[0m[0m 07/16 23:45:41 | === Summary ===
[37m[36mINFO[0m[0m 07/16 23:45:41 | Command: train_all.py 2pacs_piccl_residual_gate --dataset PACS --algorithm PICCL --model resnet50 --deterministic --trial_seed 0 --seed 0 --checkpoint_freq 100 --steps 5000 --data_dir /home/hooasia/lgg/data/repro_dccl_data --use_piccl true --piccl_strict_bypass false --output_root train_output/PACS1 --l 1 --l_d 0.05 --l_layer 1 --t 0.1 --t_pre 0.2 --use_piccl true --piccl_fusion_mode residual_gate --piccl_gt_mode keep --piccl_rank 16 --piccl_isr_weight 0.05 --piccl_orth_weight 0.0001 --piccl_residual_scale 0.25 --piccl_gate_bias -2.5 --piccl_gt_mode keep --piccl_basis_receive_task_grad false
[37m[36mINFO[0m[0m 07/16 23:45:41 | Unique name: 260716_19-54-51_2pacs_piccl_residual_gate
[37m[36mINFO[0m[0m 07/16 23:45:41 | Out path: train_output/PACS1/260716_19-54-51_2pacs_piccl_residual_gate
[37m[36mINFO[0m[0m 07/16 23:45:41 | Algorithm: PICCL
[37m[36mINFO[0m[0m 07/16 23:45:41 | Dataset: PACS
+------------+---------+---------+---------+---------+---------+
| Selection  |   env0  |   env1  |   env2  |   env3  |   Avg.  |
+------------+---------+---------+---------+---------+---------+
|   oracle   | 88.774% | 82.942% | 97.904% | 82.188% | 87.952% |
|    iid     | 87.919% | 78.358% | 97.680% | 79.294% | 85.813% |
|    last    | 85.174% | 79.158% | 95.659% | 81.584% | 85.394% |
| last (inD) | 97.345% | 96.257% | 95.617% | 96.422% | 96.410% |
| iid (inD)  | 97.801% | 97.239% | 97.182% | 97.436% | 97.414% |
|    SWAD    | 91.458% | 83.422% | 98.428% | 82.316% | 88.906% |
| SWAD (inD) | 98.324% | 97.667% | 97.663% | 97.919% | 97.893% |
+------------+---------+---------+---------+---------+---------+
