[37m[36mINFO[0m[0m 07/13 22:47:00 | Command :: /home/hooasia/lgg/projects/repro_dccl_3domain/DCCL/DCCL/train_all.py pacs_piccl_candidate_preserve_dccl_seed0 --dataset PACS --algorithm PICCL --model resnet50 --data_dir /home/hooasia/lgg/data/repro_dccl_data --steps 5000 --checkpoint_freq 100 --trial_seed 0 --seed 0 --deterministic --use_piccl true --lr 5e-5 --weight_decay 0.0 --piccl_fusion_mode residual_gate --piccl_gt_mode keep --piccl_rank 16 --piccl_alpha_max 0.25 --piccl_basis_receive_task_grad false --piccl_lr_multiplier 0.5 --piccl_ccc_weight 1.0 --piccl_connectivity_weight 0.5 --piccl_int_weight 0.1 --piccl_ref_weight 1.0 --piccl_isr_weight 0.05 --piccl_orth_weight 0.0001 --piccl_inv_weight 0.01 --piccl_residual_scale 0.25 --piccl_gate_bias -2.5 --piccl_delayed_start_ratio 0.10 --piccl_warmup_ratio 0.05 --piccl_ramp_ratio 0.25 --piccl_loss_warmup_ratio 0.25 --piccl_feature_warmup_ratio 0.30
Environment:
	Python: 3.10.20
	PyTorch: 2.5.1+cu121
	Torchvision: 0.20.1+cu121
	CUDA: 12.1
	CUDNN: 90100
	NumPy: 2.2.6
	PIL: 12.0.0
Args:
	TN: False
	algorithm: PICCL
	aug: 0
	checkpoint_freq: 100
	configs: []
	data_dir: /home/hooasia/lgg/data/repro_dccl_data
	dataset: PACS
	debug: False
	deterministic: True
	domainnet_auto_source_count: 3
	erm_baseline: weak
	evalmode: fast
	holdout_fraction: 0.2
	l: 1
	l_d: 0.05
	l_layer: 1
	label_ratio: 1.0
	lamda: 5
	log: False
	mix: 0
	model: resnet50
	model_save: None
	n_layer: 1
	name: pacs_piccl_candidate_preserve_dccl_seed0
	out_dir: train_output/PACS/260713_22-47-00_pacs_piccl_candidate_preserve_dccl_seed0
	out_root: train_output/PACS
	pos_mask: False
	prebuild_loader: False
	re_w: False
	sample_d: False
	seed: 0
	show: False
	source_envs: None
	start_epoch: 1000
	steps: 5000
	sup: True
	t: 0.1
	t_pre: 0.2
	target_env: None
	tb_freq: 10
	test_envs: None
	trial_seed: 0
	two_ce: False
	unique_name: 260713_22-47-00_pacs_piccl_candidate_preserve_dccl_seed0
	weak_erm: False
	work_dir: .
HParams:
	data_augmentation: True
	val_augment: False
	resnet18: False
	resnet_dropout: 0.0
	class_balanced: False
	optimizer: adam
	freeze_bn: True
	pretrained: True
	[36mlr: 5e-05
	[0mbatch_size: 32
	[36mweight_decay: 0.0
	[0m[36mpiccl_rank: 16
	[0m[36mpiccl_alpha_max: 0.25
	[0m[36mpiccl_warmup_ratio: 0.05
	[0m[36mpiccl_ramp_ratio: 0.25
	[0mpiccl_proto_momentum: 0.99
	piccl_num_interventions: 1
	[36mpiccl_ccc_weight: 1.0
	[0m[36mpiccl_int_weight: 0.1
	[0m[36mpiccl_ref_weight: 1.0
	[0m[36mpiccl_isr_weight: 0.05
	[0m[36mpiccl_orth_weight: 0.0001
	[0m[36mpiccl_inv_weight: 0.01
	[0mpiccl_eps: 1e-08
	[36mpiccl_gt_mode: keep
	[0m[36mpiccl_basis_receive_task_grad: False
	[0mpiccl_min_valid_domains: 2
	piccl_total_steps: 1
	[36muse_piccl: True
	[0m[36mpiccl_fusion_mode: residual_gate
	[0m[36mpiccl_lr_multiplier: 0.5
	[0m[36mpiccl_loss_warmup_ratio: 0.25
	[0m[36mpiccl_feature_warmup_ratio: 0.3
	[0m[36mpiccl_delayed_start_ratio: 0.1
	[0m[36mpiccl_residual_scale: 0.25
	[0m[36mpiccl_gate_bias: -2.5
	[0m[36mpiccl_connectivity_weight: 0.5
	[0mpiccl_diagnostic_interval: 0
	piccl_strict_bypass: False
	t: 0.1
	t_pre: 0.2
	l: 1
	l_d: 0.01
	l_layer: 1
	n_layer: 1
	sup: True
	two_ce: False
	sample_d: False
	re_w: False
	pos_mask: False
	mix: 0
	aug: 0
	model: resnet50
	label_ratio: 1.0
	TN: False
	lamda: 5
	start_epoch: 1000
	log: False
	swad: LossValley
	swad_kwargs: 
	  n_converge: 3
	  n_tolerance: 6
	  tolerance_ratio: 0.3
	test_batchsize: 128
	indomain_test: False
Dataset:
	[PACS] #envs=4, #classes=7
	env0: art_painting (#2048)
	env1: cartoon (#2344)
	env2: photo (#1670)
	env3: sketch (#3929)

[37m[36mINFO[0m[0m 07/13 22:47:04 | n_steps = 5000
[37m[36mINFO[0m[0m 07/13 22:47:04 | checkpoint_freq = 100
[37m[36mINFO[0m[0m 07/13 22:47:04 | n_steps is updated to 5000 => 5001 for checkpointing
[37m[36mINFO[0m[0m 07/13 22:47:04 | Target test envs = [[0], [1], [2], [3]]
[37m[36mINFO[0m[0m 07/13 22:47:04 | 
[37m[36mINFO[0m[0m 07/13 22:47:08 | Testenv name escaping te_art_painting -> te_art_painting
[37m[36mINFO[0m[0m 07/13 22:47:08 | Test envs = [0], name = te_art_painting
[37m[36mINFO[0m[0m 07/13 22:47:08 | Batch sizes for each domain: [0, 32, 32, 32] (total=96)
[37m[36mINFO[0m[0m 07/13 22:47:08 | steps-per-epoch for each domain: 58.62, 41.75, 98.25 -> min = 41.75
[37m[36mINFO[0m[0m 07/13 22:47:10 | # of params = 53365703
[37m[36mINFO[0m[0m 07/13 22:47:21 | test_in     test_out    train_in    train_out   tr_outloss  env0_in     env0_out    env1_out    env2_out    env3_out    step        epoch       loss        loss_cls    loss_ccc    loss_cross  loss_int    loss_ref    loss_isr    loss_orth   loss_inv    loss_gt     piccl_alph  paired_res  domain_res  valid_doma  basis_orth  response_c  raw_interv  mediator_i  ce_loss     sup_cl_los  pre_cl_los  dccl_total  weighted_l  weighted_l  weighted_l  weighted_l  piccl_loss  piccl_feat  residual_s  piccl_loss  connectivi  residual_d  fused_orig  piccl_exec  original_f  piccl_feat  feature_de  feature_de  original_f  gate_mean   gate_std    gate_min    gate_max    backbone_g  piccl_grad  classifier  has_nan_or  param_grou  param_grou  param_grou  param_grou  param_grou  param_grou  param_grou  param_grou  param_grou  step_time   eval_time  
[37m[36mINFO[0m[0m 07/13 22:47:21 | 0.128737    0.180929    0.000000    0.257848    1.832228    0.128737    0.180929    0.222222    0.374251    0.177070    0           0.000000    1.883349    1.940914    7.750206    5.274722    2.035625    5.112845    0.000000    0.126582    0.081069    -5.756462   0.000000    0.000000    0.000000    21.000000   0.126582    0.000000    0.918931    0.918931    1.940914    5.274722    5.112845    12.270917   0.000000    0.000000    0.000000    0.000000    0.000000    0.000000    0.250000    0.000000    0.000000    0.000000    1.000000    1.000000    24.181402   45.253296   0.000000    0.000000    1.000000    0.075858    0.000000    0.075858    0.075858    3.895880    0.000000    3.423702    0.000000    0.000050    0.000500    0.000005    0.000500    0.000500    0.000005    0.000025    0.000025    0.000025    1.167227    10.062575  
[37m[36mINFO[0m[0m 07/13 22:48:18 | 0.808420    0.821516    0.000000    0.947157    0.166084    0.808420    0.821516    0.938034    0.976048    0.927389    100         2.395210    0.358949    0.364695    6.801291    3.846725    1.839956    4.877929    0.992674    0.126582    0.041259    -0.574608   0.000000    12.020360   2.925360    21.000000   0.126582    0.007326    0.958741    0.958741    0.364695    3.846725    4.877929    9.083602    0.000000    0.000000    0.000000    0.000000    0.000000    0.000000    0.250000    0.000000    0.000000    0.000000    1.000000    1.000000    40.064235   45.254248   0.000000    0.000000    1.000000    0.075858    0.000000    0.075858    0.075858    6.866892    0.000000    2.507664    0.000000    0.000050    0.000500    0.000005    0.000500    0.000500    0.000005    0.000025    0.000025    0.000025    0.445439    11.177874  
[37m[36mINFO[0m[0m 07/13 22:49:15 | 0.786455    0.787286    0.000000    0.953562    0.147962    0.786455    0.787286    0.944444    0.985030    0.931210    200         4.790419    0.092615    0.114083    6.491209    3.390186    1.726571    4.796116    0.992422    0.126582    0.036327    -2.146837   0.000000    11.212216   5.463591    21.000000   0.126582    0.007578    0.963673    0.963673    0.114083    3.390186    4.796116    8.278917    0.000000    0.000000    0.000000    0.000000    0.000000    0.000000    0.250000    0.000000    0.000000    0.000000    1.000000    1.000000    33.116483   45.254063   0.000000    0.000000    1.000000    0.075858    0.000000    0.075858    0.075858    5.069073    0.000000    0.934385    0.000000    0.000050    0.000500    0.000005    0.000500    0.000500    0.000005    0.000025    0.000025    0.000025    0.448207    10.335451  
[37m[36mINFO[0m[0m 07/13 22:50:13 | 0.868212    0.855746    0.000000    0.972885    0.081593    0.868212    0.855746    0.972222    0.991018    0.955414    300         7.185629    0.044987    0.072606    6.404668    3.269224    1.777357    4.770055    0.992438    0.126582    0.032747    -2.761910   0.000000    10.855229   6.299207    21.000000   0.126582    0.007562    0.967253    0.967253    0.072606    3.269224    4.770055    8.084266    0.000000    0.000000    0.000000    0.000000    0.000000    0.000000    0.250000    0.000000    0.000000    0.000000    1.000000    1.000000    29.934947   45.253892   0.000000    0.000000    1.000000    0.075858    0.000000    0.075858    0.075858    4.164373    0.000000    0.593225    0.000000    0.000050    0.000500    0.000005    0.000500    0.000500    0.000005    0.000025    0.000025    0.000025    0.447166    10.685518  
[37m[36mINFO[0m[0m 07/13 22:51:11 | 0.788896    0.794621    0.000000    0.956820    0.145605    0.788896    0.794621    0.942308    0.988024    0.940127    400         9.580838    0.033107    0.064558    6.368887    3.218195    1.811265    4.759790    0.992540    0.126582    0.030893    -3.145134   0.000000    10.696696   6.704601    21.000000   0.126582    0.007460    0.969107    0.969107    0.064558    3.218195    4.759790    8.011092    0.000000    0.000000    0.000000    0.000000    0.000000    0.000000    0.250000    0.000000    0.000000    0.000000    1.000000    1.000000    28.251034   45.253771   0.000000    0.000000    1.000000    0.075858    0.000000    0.075858    0.075858    4.418385    0.000000    0.564284    0.000000    0.000050    0.000500    0.000005    0.000500    0.000500    0.000005    0.000025    0.000025    0.000025    0.447712    11.485104  
[37m[36mINFO[0m[0m 07/13 22:52:10 | 0.813911    0.836186    0.000000    0.969754    0.101975    0.813911    0.836186    0.974359    0.982036    0.952866    500         11.976048   0.012354    0.046910    6.331606    3.163531    1.836376    4.749841    0.992694    0.126582    0.029364    -3.455640   0.000000    10.477970   6.849134    21.000000   0.126582    0.007306    0.970636    0.970636    0.046910    3.163531    4.749841    7.925725    0.000000    0.000000    0.000000    0.000000    0.000000    0.000000    0.250000    0.000000    0.000000    0.000000    1.000000    1.000000    26.943019   45.253674   0.000000    0.000000    1.000000    0.075858    0.000000    0.075858    0.075858    3.663674    0.000000    0.443723    0.000000    0.000050    0.000500    0.000005    0.000500    0.000500    0.000005    0.000025    0.000025    0.000025    0.447915    12.186449  
[37m[36mINFO[0m[0m 07/13 22:53:08 | 0.837096    0.841076    0.000000    0.965781    0.120411    0.837096    0.841076    0.970085    0.982036    0.945223    600         14.371257   0.229129    0.036741    5.764070    2.850956    2.032615    4.338591    0.966025    0.086380    0.027652    -3.756115   0.000000    10.280012   6.827736    21.000000   0.085831    0.034771    0.972387    0.972349    0.036741    2.850956    4.338591    7.188728    0.228013    0.001924    0.000000    0.000011    0.040400    0.033667    0.250000    0.040400    0.020200    0.023644    0.999999    1.000000    25.642100   45.269887   0.023644    0.000930    0.999999    0.083197    0.009850    0.054270    0.223180    2.991578    0.000229    0.332042    0.000000    0.000050    0.000500    0.000005    0.000500    0.000500    0.000005    0.000025    0.000025    0.000025    0.446416    11.713227  
[37m[36mINFO[0m[0m 07/13 22:54:06 | 0.854179    0.858191    0.000000    0.969178    0.121732    0.854179    0.858191    0.970085    0.982036    0.955414    700         16.766467   0.661580    0.036253    5.480633    2.749952    2.228807    4.105657    0.867968    0.098151    0.026928    -3.865742   0.000000    10.350214   6.841417    21.000000   0.099015    0.132902    0.973216    0.973072    0.036253    2.749952    4.105657    6.853204    0.658753    0.005198    0.000001    0.000032    0.120400    0.100333    0.250000    0.120400    0.060200    0.108796    0.999991    1.000000    25.259196   45.308983   0.108796    0.004325    0.999991    0.112288    0.047065    0.023831    0.672629    3.990412    0.000918    0.335231    0.000000    0.000050    0.000500    0.000005    0.000500    0.000500    0.000005    0.000025    0.000025    0.000025    0.446700    11.180038  
[37m[36mINFO[0m[0m 07/13 22:55:03 | 0.853569    0.860636    0.000000    0.966641    0.103032    0.853569    0.860636    0.967949    0.988024    0.943949    800         19.161677   1.085421    0.037661    5.392214    2.718856    2.299439    4.030434    0.808086    0.237492    0.026630    -4.090458   0.002550    10.268701   6.888901    21.000000   0.239035    0.192401    0.973666    0.973370    0.037661    2.718856    4.030434    6.746046    1.080525    0.008081    0.000005    0.000053    0.200400    0.167000    0.250000    0.200400    0.100200    0.260114    0.999950    1.000000    24.268962   45.337712   0.260114    0.010736    0.999950    0.143900    0.084824    0.016344    0.893955    4.476241    0.001718    0.323817    0.000000    0.000050    0.000500    0.000005    0.000500    0.000500    0.000005    0.000025    0.000025    0.000025    0.447530    10.639520  
[37m[36mINFO[0m[0m 07/13 22:56:01 | 0.862111    0.863081    0.000000    0.969051    0.100203    0.862111    0.863081    0.970085    0.988024    0.949045    900         21.556886   1.509524    0.035297    5.368379    2.712169    2.342874    3.993423    0.773019    0.367658    0.026015    -4.201444   0.020100    10.303169   6.957774    21.000000   0.368687    0.227297    0.974439    0.973985    0.035297    2.712169    3.993423    6.698874    1.505330    0.010828    0.000010    0.000073    0.280400    0.233667    0.250000    0.280400    0.140200    0.462634    0.999837    1.000000    23.325292   45.360102   0.462634    0.019903    0.999837    0.169527    0.115433    0.011252    0.951931    4.609817    0.002481    0.285773    0.000000    0.000050    0.000500    0.000005    0.000500    0.000500    0.000005    0.000025    0.000025    0.000025    0.448325    11.594968  
[37m[36mINFO[0m[0m 07/13 22:57:00 | 0.843197    0.853301    0.000000    0.967194    0.110046    0.843197    0.853301    0.972222    0.979042    0.950318    1000        23.952096   1.936043    0.035910    5.354021    2.692110    2.372863    3.969872    0.748559    0.446611    0.025202    -4.304720   0.040100    10.304464   7.008458    21.000000   0.447172    0.251690    0.975416    0.974798    0.035910    2.692110    3.969872    6.654844    1.929592    0.013481    0.000016    0.000091    0.360400    0.300333    0.250000    0.360400    0.180200    0.692136    0.999638    1.000000    22.929158   45.381060   0.692136    0.030248    0.999638    0.192027    0.139110    0.007012    0.974866    5.080334    0.003504    0.277491    0.000000    0.000050    0.000500    0.000005    0.000500    0.000500    0.000005    0.000025    0.000025    0.000025    0.447047    11.888101  
[37m[36mINFO[0m[0m 07/13 22:57:58 | 0.831605    0.853301    0.000000    0.954281    0.141290    0.831605    0.853301    0.963675    0.973054    0.926115    1100        26.347305   2.373602    0.037011    5.370711    2.706086    2.388108    3.960262    0.731050    0.483168    0.025012    -4.469387   0.060100    10.274450   7.033249    21.000000   0.483338    0.269180    0.975796    0.974988    0.037011    2.706086    3.960262    6.658665    2.365062    0.016092    0.000021    0.000110    0.440400    0.367000    0.250000    0.440400    0.220200    0.925628    0.999332    1.000000    22.349886   45.393982   0.925628    0.041533    0.999332    0.206867    0.155224    0.005192    0.986579    5.397188    0.004450    0.258168    0.000000    0.000050    0.000500    0.000005    0.000500    0.000500    0.000005    0.000025    0.000025    0.000025    0.447971    11.490617  
[37m[36mINFO[0m[0m 07/13 22:58:56 | 0.801098    0.816626    0.000000    0.956692    0.147219    0.801098    0.816626    0.965812    0.973054    0.931210    1200        28.742515   2.771169    0.025517    5.327925    2.669920    2.384728    3.916561    0.715836    0.482940    0.024164    -4.588352   0.080100    10.267840   7.084230    21.000000   0.482782    0.284379    0.976779    0.975836    0.025517    2.669920    3.916561    6.566116    2.772763    0.018622    0.000025    0.000126    0.520400    0.433667    0.250000    0.520400    0.260200    1.197041    0.998893    1.000000    22.064963   45.410898   1.197041    0.054209    0.998893    0.224766    0.169818    0.004171    0.988824    4.813213    0.005079    0.214899    0.000000    0.000050    0.000500    0.000005    0.000500    0.000500    0.000005    0.000025    0.000025    0.000025    0.448478    11.808453  
[37m[36mINFO[0m[0m 07/13 22:59:55 | 0.869433    0.885086    0.000000    0.969319    0.106241    0.869433    0.885086    0.976496    0.976048    0.955414    1300        31.137725   3.216433    0.029797    5.350380    2.680362    2.380607    3.914852    0.703539    0.450590    0.025017    -4.697982   0.100100    10.222939   7.151502    21.000000   0.450085    0.296664    0.976172    0.974983    0.029797    2.680362    3.914852    6.578031    3.212324    0.021115    0.000027    0.000150    0.600400    0.500333    0.250000    0.600400    0.300200    1.417927    0.998388    1.000000    21.283788   45.420559   1.417927    0.066611    0.998388    0.230585    0.173703    0.003228    0.994143    5.529326    0.006356    0.202151    0.000000    0.000050    0.000500    0.000005    0.000500    0.000500    0.000005    0.000025    0.000025    0.000025    0.448700    12.156024  
[37m[36mINFO[0m[0m 07/13 23:00:54 | 0.851129    0.848411    0.000000    0.968740    0.107437    0.851129    0.848411    0.963675    0.982036    0.960510    1400        33.532934   3.627122    0.019030    5.339809    2.653899    2.374728    3.898804    0.690538    0.403375    0.024361    -4.846848   0.120100    10.232274   7.266574    21.000000   0.403002    0.309644    0.977064    0.975639    0.019030    2.653899    3.898804    6.523264    3.632876    0.023491    0.000027    0.000166    0.680400    0.567000    0.250000    0.680400    0.340200    1.697991    0.997581    1.000000    20.520878   45.432202   1.697991    0.082690    0.997581    0.240337    0.177422    0.002903    0.991141    4.330775    0.006391    0.133505    0.000000    0.000050    0.000500    0.000005    0.000500    0.000500    0.000005    0.000025    0.000025    0.000025    0.447097    12.555619  
[37m[36mINFO[0m[0m 07/13 23:01:54 | 0.815131    0.809291    0.000000    0.966768    0.118653    0.815131    0.809291    0.967949    0.982036    0.950318    1500        35.928144   4.048927    0.015118    5.335932    2.647684    2.318496    3.882212    0.681952    0.364162    0.025439    -4.998457   0.140100    10.276252   7.294929    21.000000   0.363745    0.318212    0.976439    0.974561    0.015118    2.647684    3.882212    6.495029    4.057647    0.025926    0.000028    0.000194    0.760400    0.633667    0.250000    0.760400    0.380200    1.969552    0.996653    1.000000    20.155253   45.439264   1.969552    0.097729    0.996653    0.256967    0.184648    0.002527    0.994415    4.221113    0.007547    0.112972    0.000000    0.000050    0.000500    0.000005    0.000500    0.000500    0.000005    0.000025    0.000025    0.000025    0.448002    12.637449  
[37m[36mINFO[0m[0m 07/13 23:02:53 | 0.810860    0.809291    0.000000    0.957363    0.155729    0.810860    0.809291    0.948718    0.973054    0.950318    1600        38.323353   4.512548    0.024778    5.366429    2.676303    2.266593    3.883122    0.673944    0.318930    0.027138    -5.093821   0.160100    10.236771   7.311384    21.000000   0.318475    0.326209    0.975309    0.972863    0.024778    2.676303    3.883122    6.533265    4.510138    0.028315    0.000027    0.000228    0.840400    0.700333    0.250000    0.840400    0.420200    2.224436    0.995741    1.000000    20.119276   45.447967   2.224436    0.110641    0.995741    0.270892    0.191868    0.002099    0.995775    6.601082    0.010954    0.179561    0.000000    0.000050    0.000500    0.000005    0.000500    0.000500    0.000005    0.000025    0.000025    0.000025    0.448968    12.602457  
[37m[36mINFO[0m[0m 07/13 23:03:52 | 0.830995    0.826406    0.000000    0.972176    0.107979    0.830995    0.826406    0.978632    0.985030    0.952866    1700        40.718563   4.938574    0.020834    5.366017    2.662885    2.244991    3.872902    0.664254    0.282982    0.027904    -5.205610   0.180100    10.302500   7.310919    21.000000   0.282686    0.335892    0.974977    0.972096    0.020834    2.662885    3.872902    6.504565    4.938947    0.030567    0.000026    0.000257    0.920400    0.767000    0.250000    0.920400    0.460200    2.456986    0.994595    1.000000    19.398464   45.454313   2.456986    0.126715    0.994595    0.272940    0.189895    0.001914    0.996263    6.121827    0.011567    0.157800    0.000000    0.000050    0.000500    0.000005    0.000500    0.000500    0.000005    0.000025    0.000025    0.000025    0.448519    12.121957  
[37m[36mINFO[0m[0m 07/13 23:04:50 | 0.793777    0.811736    0.000000    0.958786    0.159429    0.793777    0.811736    0.948718    0.976048    0.951592    1800        43.113772   5.323637    0.022217    5.373953    2.679308    2.161967    3.861288    0.663009    0.250768    0.029217    -5.307565   0.200100    10.273696   7.307291    21.000000   0.250462    0.337122    0.974407    0.970783    0.022217    2.679308    3.861288    6.509738    5.321358    0.032824    0.000025    0.000289    0.990200    0.833667    0.250000    0.990200    0.495100    2.723597    0.993127    1.000000    18.881263   45.459815   2.723597    0.144274    0.993127    0.282778    0.192399    0.001663    0.995743    5.968850    0.013811    0.154034    0.000000    0.000050    0.000500    0.000005    0.000500    0.000500    0.000005    0.000025    0.000025    0.000025    0.449144    10.735332  
[37m[36mINFO[0m[0m 07/13 23:05:48 | 0.838926    0.845966    0.000000    0.973141    0.099142    0.838926    0.845966    0.976496    0.976048    0.966879    1900        45.508982   5.358302    0.016730    5.362867    2.668832    2.017843    3.850900    0.658868    0.225298    0.030070    -5.456150   0.220100    10.127695   7.325015    21.000000   0.225068    0.341251    0.974336    0.969930    0.016730    2.668832    3.850900    6.481900    5.362867    0.032943    0.000023    0.000301    1.000000    0.900333    0.250000    1.000000    0.500000    2.970661    0.991387    1.000000    18.347203   45.460650   2.970661    0.161931    0.991387    0.294720    0.193297    0.001354    0.994208    4.833644    0.014047    0.125870    0.000000    0.000050    0.000500    0.000005    0.000500    0.000500    0.000005    0.000025    0.000025    0.000025    0.448022    11.000639  
[37m[36mINFO[0m[0m 07/13 23:06:45 | 0.855400    0.860636    0.000000    0.968454    0.125290    0.855400    0.860636    0.965812    0.979042    0.960510    2000        47.904192   5.334809    0.009425    5.348600    2.663352    1.790882    3.845104    0.653455    0.206132    0.032619    -5.623535   0.240100    10.139347   7.353732    21.000000   0.205965    0.346652    0.973198    0.967381    0.009425    2.663352    3.845104    6.461646    5.348600    0.032673    0.000021    0.000326    1.000000    0.967000    0.250000    1.000000    0.500000    3.276887    0.988757    1.000000    17.710431   45.466799   3.276887    0.185066    0.988757    0.311558    0.193185    0.001159    0.992027    3.176321    0.014868    0.078180    0.000000    0.000050    0.000500    0.000005    0.000500    0.000500    0.000005    0.000025    0.000025    0.000025    0.447359    10.947777  
[37m[36mINFO[0m[0m 07/13 23:07:43 | 0.882245    0.865526    0.000000    0.975413    0.089307    0.882245    0.865526    0.976496    0.979042    0.970701    2100        50.299401   5.294158    0.003339    5.315629    2.675726    1.512931    3.826473    0.651554    0.189167    0.034329    -5.774973   0.250000    10.047801   7.368938    21.000000   0.189011    0.348547    0.972839    0.965671    0.003339    2.675726    3.826473    6.447788    5.315629    0.032578    0.000019    0.000343    1.000000    1.000000    0.250000    1.000000    0.500000    3.520366    0.986319    1.000000    17.393893   45.471537   3.520366    0.202401    0.986319    0.337637    0.198967    0.001210    0.990440    1.837815    0.014770    0.030946    0.000000    0.000050    0.000500    0.000005    0.000500    0.000500    0.000005    0.000025    0.000025    0.000025    0.448080    11.064511  
[37m[36mINFO[0m[0m 07/13 23:08:41 | 0.873093    0.860636    0.000000    0.977407    0.089571    0.873093    0.860636    0.972222    0.988024    0.971975    2200        52.694611   5.267652    0.002871    5.290918    2.693022    1.247225    3.819684    0.648667    0.175854    0.035773    -5.894581   0.250000    10.000955   7.287333    21.000000   0.175744    0.351427    0.972383    0.964227    0.002871    2.693022    3.819684    6.456631    5.290918    0.032433    0.000018    0.000358    1.000000    1.000000    0.250000    1.000000    0.500000    3.705382    0.984649    1.000000    17.463475   45.479920   3.705382    0.212194    0.984649    0.366086    0.207740    0.001089    0.990845    1.792790    0.017518    0.027324    0.000000    0.000050    0.000500    0.000005    0.000500    0.000500    0.000005    0.000025    0.000025    0.000025    0.448327    11.510326  
[37m[36mINFO[0m[0m 07/13 23:09:39 | 0.868822    0.860636    0.000000    0.976984    0.092868    0.868822    0.860636    0.976496    0.985030    0.969427    2300        55.089820   5.289609    0.005805    5.310827    2.716699    1.135982    3.838879    0.646070    0.168834    0.037930    -5.972241   0.250000    10.038580   7.282373    21.000000   0.168793    0.354020    0.971131    0.962070    0.005805    2.716699    3.838879    6.501660    5.310827    0.032303    0.000017    0.000379    1.000000    1.000000    0.250000    1.000000    0.500000    3.799169    0.983639    1.000000    17.293054   45.488951   3.799169    0.219709    0.983639    0.378770    0.211220    0.001047    0.991260    2.904587    0.020432    0.052932    0.000000    0.000050    0.000500    0.000005    0.000500    0.000500    0.000005    0.000025    0.000025    0.000025    0.447603    11.296086  
[37m[36mINFO[0m[0m 07/13 23:10:37 | 0.878585    0.880196    0.000000    0.973288    0.089903    0.878585    0.880196    0.972222    0.982036    0.965605    2400        57.485030   5.257865    0.004009    5.281935    2.712854    1.058335    3.819674    0.642904    0.165486    0.036955    -6.060966   0.250000    10.006358   7.328118    21.000000   0.165459    0.357181    0.972014    0.963045    0.004009    2.712854    3.819674    6.475928    5.281935    0.032145    0.000017    0.000370    1.000000    1.000000    0.250000    1.000000    0.500000    3.873014    0.982916    1.000000    17.158798   45.497835   3.873014    0.225755    0.982916    0.387299    0.214008    0.000955    0.990308    2.351558    0.020238    0.035918    0.000000    0.000050    0.000500    0.000005    0.000500    0.000500    0.000005    0.000025    0.000025    0.000025    0.446508    11.925030  
[37m[36mINFO[0m[0m 07/13 23:11:36 | 0.873703    0.865526    0.000000    0.970867    0.109433    0.873703    0.865526    0.972222    0.976048    0.964331    2500        59.880240   5.258102    0.007059    5.280509    2.722512    1.012367    3.818016    0.637371    0.163458    0.037913    -6.172937   0.250000    10.031658   7.344125    21.000000   0.163447    0.362710    0.971437    0.962087    0.007059    2.722512    3.818016    6.485858    5.280509    0.031869    0.000016    0.000379    1.000000    1.000000    0.250000    1.000000    0.500000    3.801488    0.982381    1.000000    16.410078   45.500723   3.801488    0.231702    0.982381    0.378543    0.207653    0.001000    0.987577    3.438507    0.022265    0.060682    0.000000    0.000050    0.000500    0.000005    0.000500    0.000500    0.000005    0.000025    0.000025    0.000025    0.446856    11.652352  
[37m[36mINFO[0m[0m 07/13 23:12:34 | 0.837096    0.843521    0.000000    0.972587    0.099363    0.837096    0.843521    0.972222    0.985030    0.960510    2600        62.275449   5.272800    0.008566    5.294571    2.732023    1.021100    3.826449    0.633178    0.162694    0.038845    -6.239981   0.250000    10.036058   7.411343    21.000000   0.162692    0.366900    0.970720    0.961155    0.008566    2.732023    3.826449    6.504638    5.294571    0.031659    0.000016    0.000388    1.000000    1.000000    0.250000    1.000000    0.500000    3.774301    0.982104    1.000000    16.020990   45.504375   3.774301    0.235641    0.982104    0.374342    0.205987    0.000821    0.988291    3.956191    0.022965    0.074550    0.000000    0.000050    0.000500    0.000005    0.000500    0.000500    0.000005    0.000025    0.000025    0.000025    0.447669    11.830386  
[37m[36mINFO[0m[0m 07/13 23:13:33 | 0.856010    0.899756    0.000000    0.976409    0.081640    0.856010    0.899756    0.972222    0.985030    0.971975    2700        64.670659   5.228568    0.003793    5.256182    2.712637    0.946796    3.805184    0.631241    0.163508    0.038547    -6.337146   0.250000    9.960206    7.424400    21.000000   0.163515    0.368834    0.971226    0.961453    0.003793    2.712637    3.805184    6.458243    5.256182    0.031562    0.000016    0.000385    1.000000    1.000000    0.250000    1.000000    0.500000    3.817752    0.981254    1.000000    15.758204   45.509265   3.817752    0.242275    0.981254    0.377177    0.206506    0.000798    0.988404    2.607997    0.021157    0.037509    0.000000    0.000050    0.000500    0.000005    0.000500    0.000500    0.000005    0.000025    0.000025    0.000025    0.447970    12.517137  
[37m[36mINFO[0m[0m 07/13 23:14:32 | 0.860891    0.877751    0.000000    0.977693    0.089278    0.860891    0.877751    0.970085    0.991018    0.971975    2800        67.065868   5.211789    0.001521    5.242997    2.705046    0.844713    3.806002    0.628164    0.163156    0.037988    -6.453350   0.250000    9.964404    7.422489    21.000000   0.163156    0.371906    0.971798    0.962012    0.001521    2.705046    3.806002    6.448036    5.242997    0.031408    0.000016    0.000380    1.000000    1.000000    0.250000    1.000000    0.500000    3.911410    0.980475    1.000000    15.849408   45.515711   3.911410    0.246803    0.980475    0.387510    0.210243    0.000711    0.988579    1.934235    0.021337    0.015931    0.000000    0.000050    0.000500    0.000005    0.000500    0.000500    0.000005    0.000025    0.000025    0.000025    0.448437    12.263624  
[37m[36mINFO[0m[0m 07/13 23:15:30 | 0.865772    0.877751    0.000000    0.974147    0.086110    0.865772    0.877751    0.970085    0.988024    0.964331    2900        69.461078   5.222330    0.005136    5.251123    2.709266    0.825999    3.813890    0.624615    0.163476    0.038513    -6.556185   0.250000    9.942923    7.455979    21.000000   0.163467    0.375452    0.971310    0.961487    0.005136    2.709266    3.813890    6.462731    5.251123    0.031231    0.000016    0.000385    1.000000    1.000000    0.250000    1.000000    0.500000    3.857267    0.980493    1.000000    15.523254   45.517002   3.857267    0.248486    0.980493    0.382088    0.207526    0.000767    0.988163    2.305447    0.022704    0.033419    0.000000    0.000050    0.000500    0.000005    0.000500    0.000500    0.000005    0.000025    0.000025    0.000025    0.449262    11.145844  
[37m[36mINFO[0m[0m 07/13 23:16:28 | 0.846248    0.858191    0.000000    0.973286    0.084535    0.846248    0.858191    0.967949    0.985030    0.966879    3000        71.856287   5.202568    0.001477    5.236100    2.705240    0.780614    3.805419    0.622414    0.161209    0.038344    -6.652998   0.250000    9.938664    7.474926    21.000000   0.161185    0.377651    0.971483    0.961656    0.001477    2.705240    3.805419    6.445606    5.236100    0.031121    0.000016    0.000383    1.000000    1.000000    0.250000    1.000000    0.500000    3.865488    0.980216    1.000000    15.411253   45.519710   3.865488    0.250840    0.980216    0.382669    0.207415    0.000779    0.988361    1.883610    0.022264    0.013146    0.000000    0.000050    0.000500    0.000005    0.000500    0.000500    0.000005    0.000025    0.000025    0.000025    0.449088    10.886384  
[37m[36mINFO[0m[0m 07/13 23:17:26 | 0.867602    0.889976    0.000000    0.976982    0.081958    0.867602    0.889976    0.972222    0.988024    0.970701    3100        74.251497   5.178975    0.001574    5.213500    2.696835    0.758288    3.789254    0.621448    0.158442    0.038960    -6.757673   0.250000    9.939606    7.454002    21.000000   0.158416    0.378614    0.971131    0.961040    0.001574    2.696835    3.789254    6.420086    5.213500    0.031072    0.000016    0.000390    1.000000    1.000000    0.250000    1.000000    0.500000    3.865649    0.979672    1.000000    15.134314   45.523514   3.865649    0.255439    0.979672    0.380871    0.205875    0.000843    0.987904    1.694749    0.022035    0.012940    0.000000    0.000050    0.000500    0.000005    0.000500    0.000500    0.000005    0.000025    0.000025    0.000025    0.448884    10.953753  
[37m[36mINFO[0m[0m 07/13 23:18:24 | 0.889567    0.892421    0.000000    0.976135    0.077931    0.889567    0.892421    0.976496    0.985030    0.966879    3200        76.646707   5.172581    0.000923    5.208943    2.692077    0.722114    3.790694    0.619844    0.157326    0.038821    -6.868070   0.250000    9.924890    7.469133    21.000000   0.157315    0.380217    0.971178    0.961179    0.000923    2.692077    3.790694    6.415012    5.208943    0.030992    0.000016    0.000388    1.000000    1.000000    0.250000    1.000000    0.500000    3.818125    0.979710    1.000000    14.891331   45.524622   3.818125    0.256413    0.979710    0.376535    0.203489    0.000850    0.987295    1.522264    0.021825    0.006608    0.000000    0.000050    0.000500    0.000005    0.000500    0.000500    0.000005    0.000025    0.000025    0.000025    0.448589    11.066504  
[37m[36mINFO[0m[0m 07/13 23:19:21 | 0.887736    0.897311    0.000000    0.974998    0.091727    0.887736    0.897311    0.974359    0.985030    0.965605    3300        79.041916   5.180271    0.001853    5.216690    2.700663    0.701946    3.796164    0.618928    0.154888    0.039607    -6.962970   0.250000    9.892561    7.475517    21.000000   0.154849    0.381131    0.970698    0.960393    0.001853    2.700663    3.796164    6.429050    5.216690    0.030946    0.000015    0.000396    1.000000    1.000000    0.250000    1.000000    0.500000    3.799330    0.979322    1.000000    14.642021   45.526242   3.799330    0.259471    0.979322    0.374483    0.202435    0.000827    0.987154    1.880082    0.022409    0.016274    0.000000    0.000050    0.000500    0.000005    0.000500    0.000500    0.000005    0.000025    0.000025    0.000025    0.447789    11.108062  
[37m[36mINFO[0m[0m 07/13 23:20:19 | 0.868212    0.877751    0.000000    0.972871    0.098382    0.868212    0.877751    0.965812    0.991018    0.961783    3400        81.437126   5.173026    0.001907    5.210143    2.697911    0.689882    3.792199    0.618571    0.149493    0.040473    -7.037171   0.250000    9.914740    7.505182    21.000000   0.149437    0.381487    0.970188    0.959527    0.001907    2.697911    3.792199    6.421645    5.210143    0.030929    0.000015    0.000405    1.000000    1.000000    0.250000    1.000000    0.500000    3.856635    0.978786    1.000000    14.692476   45.529597   3.856635    0.262493    0.978786    0.379709    0.204975    0.000785    0.989073    2.029407    0.022774    0.016309    0.000000    0.000050    0.000500    0.000005    0.000500    0.000500    0.000005    0.000025    0.000025    0.000025    0.447431    11.564819  
[37m[36mINFO[0m[0m 07/13 23:21:18 | 0.825503    0.848411    0.000000    0.960903    0.155320    0.825503    0.848411    0.959402    0.964072    0.959236    3500        83.832335   5.196948    0.005979    5.230720    2.714663    0.695056    3.803883    0.616209    0.144960    0.042089    -7.099615   0.250000    9.999907    7.524337    21.000000   0.144903    0.383847    0.968925    0.957911    0.005979    2.714663    3.803883    6.453528    5.230720    0.030810    0.000014    0.000421    1.000000    1.000000    0.250000    1.000000    0.500000    3.800183    0.978878    1.000000    14.415668   45.531153   3.800183    0.263618    0.978878    0.373262    0.201813    0.000970    0.987510    2.718316    0.023953    0.041287    0.000000    0.000050    0.000500    0.000005    0.000500    0.000500    0.000005    0.000025    0.000025    0.000025    0.448663    11.448721  
[37m[36mINFO[0m[0m 07/13 23:22:16 | 0.841367    0.855746    0.000000    0.966040    0.128759    0.841367    0.855746    0.955128    0.985030    0.957962    3600        86.227545   5.214106    0.010102    5.244119    2.730893    0.758924    3.802780    0.615404    0.137095    0.042412    -7.132274   0.250000    9.951675    7.574700    21.000000   0.137014    0.384652    0.968360    0.957588    0.010102    2.730893    3.802780    6.472452    5.244119    0.030770    0.000014    0.000424    1.000000    1.000000    0.250000    1.000000    0.500000    3.685966    0.979356    1.000000    13.976078   45.530398   3.685966    0.263712    0.979356    0.359433    0.196240    0.000905    0.986284    3.862072    0.026069    0.070779    0.000000    0.000050    0.000500    0.000005    0.000500    0.000500    0.000005    0.000025    0.000025    0.000025    0.448180    11.574933  
[37m[36mINFO[0m[0m 07/13 23:23:15 | 0.804149    0.814181    0.000000    0.964758    0.125438    0.804149    0.814181    0.961538    0.976048    0.956688    3700        88.622754   5.210652    0.010387    5.240730    2.733570    0.804370    3.793508    0.614842    0.130369    0.042813    -7.164836   0.250000    10.031651   7.595065    21.000000   0.130310    0.385213    0.968069    0.957187    0.010387    2.733570    3.793508    6.465817    5.240730    0.030742    0.000013    0.000428    1.000000    1.000000    0.250000    1.000000    0.500000    3.669141    0.979347    1.000000    13.828870   45.533147   3.669141    0.265357    0.979347    0.356681    0.196036    0.000784    0.988105    4.257776    0.025508    0.071227    0.000000    0.000050    0.000500    0.000005    0.000500    0.000500    0.000005    0.000025    0.000025    0.000025    0.447596    12.135652  
[37m[36mINFO[0m[0m 07/13 23:24:13 | 0.761440    0.797066    0.000000    0.957784    0.165099    0.761440    0.797066    0.940171    0.979042    0.954140    3800        91.017964   5.180145    0.004070    5.217549    2.711038    0.740106    3.788020    0.612537    0.124410    0.041961    -7.253295   0.250000    10.042151   7.635528    21.000000   0.124357    0.387517    0.968513    0.958039    0.004070    2.711038    3.788020    6.430594    5.217549    0.030627    0.000012    0.000420    1.000000    1.000000    0.250000    1.000000    0.500000    3.664325    0.979377    1.000000    13.769633   45.534877   3.664325    0.266121    0.979377    0.355873    0.195074    0.000889    0.987270    2.585859    0.023368    0.029742    0.000000    0.000050    0.000500    0.000005    0.000500    0.000500    0.000005    0.000025    0.000025    0.000025    0.447142    12.097871  
[37m[36mINFO[0m[0m 07/13 23:25:11 | 0.878585    0.899756    0.000000    0.971026    0.107230    0.878585    0.899756    0.970085    0.985030    0.957962    3900        93.413174   5.156268    0.000923    5.198211    2.693415    0.690908    3.782413    0.610301    0.118676    0.039997    -7.379367   0.250000    9.986052    7.621080    21.000000   0.118615    0.389752    0.970123    0.960003    0.000923    2.693415    3.782413    6.402957    5.198211    0.030515    0.000012    0.000400    1.000000    1.000000    0.250000    1.000000    0.500000    3.681232    0.979048    1.000000    13.730625   45.536302   3.681232    0.268119    0.979048    0.357792    0.195638    0.000806    0.987321    1.679571    0.022152    0.008616    0.000000    0.000050    0.000500    0.000005    0.000500    0.000500    0.000005    0.000025    0.000025    0.000025    0.447904    10.767047  
[37m[36mINFO[0m[0m 07/13 23:26:09 | 0.871263    0.875306    0.000000    0.966482    0.124061    0.871263    0.875306    0.970085    0.979042    0.950318    4000        95.808383   5.174882    0.006338    5.211810    2.711816    0.671091    3.788793    0.610128    0.111891    0.043020    -7.421308   0.250000    9.923068    7.668855    21.000000   0.111809    0.389923    0.967855    0.956980    0.006338    2.711816    3.788793    6.432733    5.211810    0.030506    0.000011    0.000430    1.000000    1.000000    0.250000    1.000000    0.500000    3.545442    0.979162    1.000000    13.156620   45.535584   3.545442    0.269431    0.979162    0.343790    0.187461    0.001002    0.983036    2.980152    0.024606    0.034838    0.000000    0.000050    0.000500    0.000005    0.000500    0.000500    0.000005    0.000025    0.000025    0.000025    0.449099    10.836882  
[37m[36mINFO[0m[0m 07/13 23:27:06 | 0.874924    0.897311    0.000000    0.973151    0.099878    0.874924    0.897311    0.974359    0.982036    0.963057    4100        98.203593   5.151649    0.001173    5.194916    2.696360    0.664913    3.780245    0.609651    0.104553    0.041422    -7.534688   0.250000    10.010028   7.717470    21.000000   0.104492    0.390400    0.969154    0.958578    0.001173    2.696360    3.780245    6.402430    5.194916    0.030483    0.000010    0.000414    1.000000    1.000000    0.250000    1.000000    0.500000    3.589168    0.978717    1.000000    13.190279   45.537062   3.589168    0.272113    0.978717    0.347434    0.189933    0.000932    0.986723    1.801252    0.022445    0.009892    0.000000    0.000050    0.000500    0.000005    0.000500    0.000500    0.000005    0.000025    0.000025    0.000025    0.448838    10.957581  
[37m[36mINFO[0m[0m 07/13 23:28:04 | 0.866992    0.875306    0.000000    0.969466    0.118303    0.866992    0.875306    0.972222    0.982036    0.954140    4200        100.598802  5.161373    0.004377    5.202228    2.704886    0.644971    3.785288    0.609190    0.098265    0.041186    -7.611324   0.250000    9.944239    7.726532    21.000000   0.098200    0.390860    0.969510    0.958814    0.004377    2.704886    3.785288    6.418438    5.202228    0.030459    0.000010    0.000412    1.000000    1.000000    0.250000    1.000000    0.500000    3.677630    0.978208    1.000000    13.478114   45.537132   3.677630    0.272879    0.978208    0.358882    0.195837    0.000843    0.987126    2.646625    0.024229    0.031684    0.000000    0.000050    0.000500    0.000005    0.000500    0.000500    0.000005    0.000025    0.000025    0.000025    0.448462    11.125585  
[37m[36mINFO[0m[0m 07/13 23:29:02 | 0.857230    0.877751    0.000000    0.974575    0.095545    0.857230    0.877751    0.978632    0.982036    0.963057    4300        102.994012  5.164064    0.004273    5.204858    2.709437    0.692049    3.780935    0.609232    0.092678    0.041632    -7.595394   0.250000    10.028807   7.750558    21.000000   0.092624    0.390818    0.968981    0.958368    0.004273    2.709437    3.780935    6.418691    5.204858    0.030462    0.000009    0.000416    1.000000    1.000000    0.250000    1.000000    0.500000    3.597664    0.978362    1.000000    13.099578   45.538676   3.597664    0.274628    0.978362    0.348343    0.190246    0.000909    0.985157    2.677528    0.023931    0.032975    0.000000    0.000050    0.000500    0.000005    0.000500    0.000500    0.000005    0.000025    0.000025    0.000025    0.447114    11.187978  
[37m[36mINFO[0m[0m 07/13 23:30:00 | 0.882245    0.885086    0.000000    0.975712    0.083327    0.882245    0.885086    0.980769    0.982036    0.964331    4400        105.389222  5.140055    0.000480    5.186445    2.690327    0.607797    3.780502    0.609037    0.086343    0.040595    -7.773589   0.250000    9.967540    7.767921    21.000000   0.086273    0.391012    0.969727    0.959405    0.000480    2.690327    3.780502    6.393573    5.186445    0.030452    0.000009    0.000406    1.000000    1.000000    0.250000    1.000000    0.500000    3.543108    0.978406    1.000000    12.858767   45.537010   3.543108    0.275534    0.978406    0.343657    0.187847    0.000824    0.985766    1.468996    0.022738    0.003224    0.000000    0.000050    0.000500    0.000005    0.000500    0.000500    0.000005    0.000025    0.000025    0.000025    0.447865    11.401334  
[37m[36mINFO[0m[0m 07/13 23:30:58 | 0.849908    0.860636    0.000000    0.974151    0.103341    0.849908    0.860636    0.978632    0.982036    0.961783    4500        107.784431  5.133327    0.000423    5.180961    2.687950    0.602154    3.776771    0.607603    0.080455    0.040153    -7.884722   0.250000    9.939272    7.756953    21.000000   0.080403    0.392445    0.970301    0.959847    0.000423    2.687950    3.776771    6.386297    5.180961    0.030380    0.000008    0.000402    1.000000    1.000000    0.250000    1.000000    0.500000    3.606182    0.977856    1.000000    12.979675   45.539760   3.606182    0.277830    0.977856    0.350579    0.191713    0.000750    0.986614    1.416199    0.022710    0.003184    0.000000    0.000050    0.000500    0.000005    0.000500    0.000500    0.000005    0.000025    0.000025    0.000025    0.448068    11.215904  
[37m[36mINFO[0m[0m 07/13 23:31:56 | 0.874314    0.882641    0.000000    0.972016    0.094958    0.874314    0.882641    0.976496    0.979042    0.960510    4600        110.179641  5.127218    0.000589    5.175719    2.687574    0.589715    3.772960    0.606670    0.074475    0.040448    -7.983480   0.250000    9.971306    7.745406    21.000000   0.074414    0.393379    0.970022    0.959552    0.000589    2.687574    3.772960    6.381288    5.175719    0.030333    0.000007    0.000404    1.000000    1.000000    0.250000    1.000000    0.500000    3.595363    0.977924    1.000000    12.958957   45.539609   3.595363    0.277450    0.977924    0.350205    0.191467    0.000744    0.986340    1.440347    0.022536    0.004283    0.000000    0.000050    0.000500    0.000005    0.000500    0.000500    0.000005    0.000025    0.000025    0.000025    0.448189    11.469847  
[37m[36mINFO[0m[0m 07/13 23:32:55 | 0.872483    0.885086    0.000000    0.973299    0.093874    0.872483    0.885086    0.974359    0.985030    0.960510    4700        112.574850  5.127940    0.002154    5.175821    2.691053    0.581551    3.772139    0.606029    0.068644    0.040281    -8.074601   0.250000    9.876673    7.772322    21.000000   0.068590    0.394020    0.970146    0.959719    0.002154    2.691053    3.772139    6.384600    5.175821    0.030301    0.000007    0.000403    1.000000    1.000000    0.250000    1.000000    0.500000    3.518438    0.977891    1.000000    12.604740   45.538363   3.518438    0.279142    0.977891    0.341690    0.186695    0.000796    0.986120    1.651976    0.023124    0.010913    0.000000    0.000050    0.000500    0.000005    0.000500    0.000500    0.000005    0.000025    0.000025    0.000025    0.447926    11.869648  
[37m[36mINFO[0m[0m 07/13 23:33:53 | 0.874314    0.877751    0.000000    0.968466    0.111064    0.874314    0.877751    0.967949    0.982036    0.955414    4800        114.970060  5.125294    0.001303    5.174877    2.687352    0.568187    3.774382    0.604127    0.063714    0.040718    -8.150550   0.250000    9.939653    7.765228    21.000000   0.063662    0.395921    0.969830    0.959282    0.001303    2.687352    3.774382    6.381531    5.174877    0.030206    0.000006    0.000407    1.000000    1.000000    0.250000    1.000000    0.500000    3.484899    0.977784    1.000000    12.407116   45.541262   3.484899    0.280866    0.977784    0.337237    0.183391    0.000962    0.983630    1.668937    0.023376    0.009767    0.000000    0.000050    0.000500    0.000005    0.000500    0.000500    0.000005    0.000025    0.000025    0.000025    0.446109    11.690699  
[37m[36mINFO[0m[0m 07/13 23:34:52 | 0.866992    0.880196    0.000000    0.972151    0.091964    0.866992    0.880196    0.970085    0.982036    0.964331    4900        117.365269  5.106943    0.000559    5.158032    2.686687    0.555826    3.759106    0.606179    0.057895    0.041268    -8.237586   0.250000    9.933772    7.760491    21.000000   0.057834    0.393868    0.969402    0.958732    0.000559    2.686687    3.759106    6.363977    5.158032    0.030309    0.000006    0.000413    1.000000    1.000000    0.250000    1.000000    0.500000    3.526791    0.977682    1.000000    12.553501   45.542119   3.526791    0.280942    0.977682    0.342161    0.186300    0.000845    0.985089    1.467679    0.023129    0.004544    0.000000    0.000050    0.000500    0.000005    0.000500    0.000500    0.000005    0.000025    0.000025    0.000025    0.448030    12.316404  
[37m[36mINFO[0m[0m 07/13 23:35:50 | 0.876754    0.882641    0.000000    0.970302    0.097689    0.876754    0.882641    0.965812    0.982036    0.963057    5000        119.760479  5.111263    0.000345    5.163725    2.685532    0.539469    3.767012    0.603682    0.052655    0.040739    -8.340341   0.250000    9.897260    7.775128    21.000000   0.052608    0.396365    0.969804    0.959261    0.000345    2.685532    3.767012    6.369486    5.163725    0.030184    0.000005    0.000407    1.000000    1.000000    0.250000    1.000000    0.500000    3.503158    0.977548    1.000000    12.391623   45.543178   3.503158    0.282696    0.977548    0.338965    0.184291    0.000840    0.983972    1.315829    0.022552    0.002061    0.000000    0.000050    0.000500    0.000005    0.000500    0.000500    0.000005    0.000025    0.000025    0.000025    0.448930    10.837846  
[37m[36mINFO[0m[0m 07/13 23:35:50 | ---
[37m[33mWARNING[0m[0m 07/13 23:35:50 | Evaluate SWAD ...
[37m[36mINFO[0m[0m 07/13 23:36:01 | 0.900549    0.907090    0.000000    0.979119    0.229717    0.900549    0.907090    0.978632    0.988024    0.970701    [201-5000]  (N=48)
[37m[36mINFO[0m[0m 07/13 23:36:01 | oracle = 85.601%
[37m[36mINFO[0m[0m 07/13 23:36:01 | iid = 86.089%
[37m[36mINFO[0m[0m 07/13 23:36:01 | last = 87.675%
[37m[36mINFO[0m[0m 07/13 23:36:01 | last (inD) = 97.030%
[37m[36mINFO[0m[0m 07/13 23:36:01 | iid (inD) = 97.769%
[37m[36mINFO[0m[0m 07/13 23:36:01 | SWAD = 90.055%
[37m[36mINFO[0m[0m 07/13 23:36:01 | SWAD (inD) = 97.912%
[37m[36mINFO[0m[0m 07/13 23:36:02 | 
[37m[36mINFO[0m[0m 07/13 23:36:06 | Testenv name escaping te_cartoon -> te_cartoon
[37m[36mINFO[0m[0m 07/13 23:36:06 | Test envs = [1], name = te_cartoon
[37m[36mINFO[0m[0m 07/13 23:36:06 | Batch sizes for each domain: [32, 0, 32, 32] (total=96)
[37m[36mINFO[0m[0m 07/13 23:36:06 | steps-per-epoch for each domain: 51.22, 41.75, 98.25 -> min = 41.75
[37m[36mINFO[0m[0m 07/13 23:36:08 | # of params = 53365703
[37m[36mINFO[0m[0m 07/13 23:36:19 | test_in     test_out    train_in    train_out   tr_outloss  env0_out    env1_in     env1_out    env2_out    env3_out    step        epoch       loss        loss_cls    loss_ccc    loss_cross  loss_int    loss_ref    loss_isr    loss_orth   loss_inv    loss_gt     piccl_alph  paired_res  domain_res  valid_doma  basis_orth  response_c  raw_interv  mediator_i  ce_loss     sup_cl_los  pre_cl_los  dccl_total  weighted_l  weighted_l  weighted_l  weighted_l  piccl_loss  piccl_feat  residual_s  piccl_loss  connectivi  residual_d  fused_orig  piccl_exec  original_f  piccl_feat  feature_de  feature_de  original_f  gate_mean   gate_std    gate_min    gate_max    backbone_g  piccl_grad  classifier  has_nan_or  param_grou  param_grou  param_grou  param_grou  param_grou  param_grou  param_grou  param_grou  param_grou  step_time   eval_time  
[37m[36mINFO[0m[0m 07/13 23:36:19 | 0.220149    0.209402    0.000000    0.325619    1.797083    0.295844    0.220149    0.209402    0.458084    0.222930    0           0.000000    1.938887    1.996451    7.614649    5.173936    1.703699    5.027680    0.000000    0.149580    0.086083    -5.756462   0.000000    0.000000    0.000000    20.000000   0.149580    0.000000    0.913917    0.913917    1.996451    5.173936    5.027680    12.140504   0.000000    0.000000    0.000000    0.000000    0.000000    0.000000    0.250000    0.000000    0.000000    0.000000    1.000000    1.000000    25.206272   45.253387   0.000000    0.000000    1.000000    0.075858    0.000000    0.075858    0.075858    3.823714    0.000000    3.896585    0.000000    0.000050    0.000500    0.000005    0.000500    0.000500    0.000005    0.000025    0.000025    0.000025    0.434644    11.141534  
[37m[36mINFO[0m[0m 07/13 23:37:17 | 0.737207    0.739316    0.000000    0.948584    0.153316    0.938875    0.737207    0.739316    0.982036    0.924841    100         2.395210    0.314538    0.317151    6.739323    3.722238    1.630297    4.878204    0.992186    0.149580    0.045307    -0.261322   0.000000    13.053088   3.956544    20.970000   0.149580    0.007814    0.954693    0.954693    0.317151    3.722238    4.878204    8.914980    0.000000    0.000000    0.000000    0.000000    0.000000    0.000000    0.250000    0.000000    0.000000    0.000000    1.000000    1.000000    40.416135   45.254258   0.000000    0.000000    1.000000    0.075858    0.000000    0.075858    0.075858    6.991422    0.000000    2.078505    0.000000    0.000050    0.000500    0.000005    0.000500    0.000500    0.000005    0.000025    0.000025    0.000025    0.447306    11.434643  
[37m[36mINFO[0m[0m 07/13 23:38:16 | 0.777719    0.786325    0.000000    0.956582    0.128748    0.955990    0.777719    0.786325    0.994012    0.919745    200         4.790419    0.084523    0.105656    6.463866    3.352130    1.574243    4.787800    0.992110    0.149580    0.037050    -2.113217   0.000000    11.749866   5.924591    21.000000   0.149580    0.007890    0.962950    0.962950    0.105656    3.352130    4.787800    8.224454    0.000000    0.000000    0.000000    0.000000    0.000000    0.000000    0.250000    0.000000    0.000000    0.000000    1.000000    1.000000    32.822007   45.254046   0.000000    0.000000    1.000000    0.075858    0.000000    0.075858    0.075858    5.445522    0.000000    0.871623    0.000000    0.000050    0.000500    0.000005    0.000500    0.000500    0.000005    0.000025    0.000025    0.000025    0.447743    11.563820  
[37m[36mINFO[0m[0m 07/13 23:39:14 | 0.756397    0.777778    0.000000    0.964111    0.110602    0.953545    0.756397    0.777778    0.991018    0.947771    300         7.185629    0.057627    0.085246    6.405889    3.268805    1.609577    4.771487    0.992066    0.149580    0.032894    -2.761854   0.000000    11.336487   6.451155    21.000000   0.149580    0.007934    0.967106    0.967106    0.085246    3.268805    4.771487    8.097919    0.000000    0.000000    0.000000    0.000000    0.000000    0.000000    0.250000    0.000000    0.000000    0.000000    1.000000    1.000000    29.389693   45.253857   0.000000    0.000000    1.000000    0.075858    0.000000    0.075858    0.075858    4.738959    0.000000    0.631193    0.000000    0.000050    0.000500    0.000005    0.000500    0.000500    0.000005    0.000025    0.000025    0.000025    0.447738    11.349286  
[37m[36mINFO[0m[0m 07/13 23:40:12 | 0.751599    0.762821    0.000000    0.957306    0.122776    0.943765    0.751599    0.762821    0.988024    0.940127    400         9.580838    0.045085    0.076172    6.377318    3.230917    1.624245    4.761860    0.992164    0.149580    0.032363    -3.108699   0.000000    11.253090   6.655794    21.000000   0.149580    0.007836    0.967637    0.967637    0.076172    3.230917    4.761860    8.037861    0.000000    0.000000    0.000000    0.000000    0.000000    0.000000    0.250000    0.000000    0.000000    0.000000    1.000000    1.000000    27.864168   45.253739   0.000000    0.000000    1.000000    0.075858    0.000000    0.075858    0.075858    5.174435    0.000000    0.617533    0.000000    0.000050    0.000500    0.000005    0.000500    0.000500    0.000005    0.000025    0.000025    0.000025    0.446747    11.656937  
[37m[36mINFO[0m[0m 07/13 23:41:10 | 0.789979    0.826923    0.000000    0.967945    0.094921    0.963325    0.789979    0.826923    0.994012    0.946497    500         11.976048   0.015369    0.049604    6.335645    3.187287    1.639161    4.742001    0.992149    0.149580    0.030161    -3.423425   0.000000    11.090250   6.763601    21.000000   0.149580    0.007851    0.969839    0.969839    0.049604    3.187287    4.742001    7.944658    0.000000    0.000000    0.000000    0.000000    0.000000    0.000000    0.250000    0.000000    0.000000    0.000000    1.000000    1.000000    26.733247   45.253661   0.000000    0.000000    1.000000    0.075858    0.000000    0.075858    0.075858    3.959596    0.000000    0.409418    0.000000    0.000050    0.000500    0.000005    0.000500    0.000500    0.000005    0.000025    0.000025    0.000025    0.447622    11.570289  
[37m[36mINFO[0m[0m 07/13 23:42:08 | 0.785714    0.794872    0.000000    0.965710    0.098946    0.968215    0.785714    0.794872    0.976048    0.952866    600         14.371257   0.227363    0.034298    5.756052    2.858322    1.982345    4.326891    0.956003    0.098509    0.028709    -3.673954   0.000000    10.932032   6.851573    21.000000   0.097692    0.044922    0.971332    0.971291    0.034298    2.858322    4.326891    7.182771    0.227896    0.001897    0.000000    0.000012    0.040400    0.033667    0.250000    0.040400    0.020200    0.023184    0.999999    1.000000    25.571673   45.270683   0.023184    0.000927    0.999999    0.082087    0.008880    0.053426    0.203202    3.285897    0.000252    0.311626    0.000000    0.000050    0.000500    0.000005    0.000500    0.000500    0.000005    0.000025    0.000025    0.000025    0.449751    11.531396  
[37m[36mINFO[0m[0m 07/13 23:43:07 | 0.735608    0.747863    0.000000    0.956515    0.166324    0.948655    0.735608    0.747863    0.982036    0.938854    700         16.766467   0.673763    0.049492    5.465131    2.762140    2.224721    4.084061    0.869426    0.110963    0.027909    -3.816942   0.000000    10.992131   6.845199    21.000000   0.111969    0.131198    0.972240    0.972091    0.049492    2.762140    4.084061    6.857524    0.657191    0.005214    0.000001    0.000033    0.120400    0.100333    0.250000    0.120400    0.060200    0.104259    0.999992    1.000000    24.719233   45.305205   0.104259    0.004203    0.999992    0.106762    0.042645    0.014077    0.731488    4.906443    0.000872    0.373779    0.000000    0.000050    0.000500    0.000005    0.000500    0.000500    0.000005    0.000025    0.000025    0.000025    0.448383    11.951760  
[37m[36mINFO[0m[0m 07/13 23:44:06 | 0.800640    0.809829    0.000000    0.957857    0.160423    0.943765    0.800640    0.809829    0.982036    0.947771    800         19.161677   1.088698    0.044296    5.374300    2.734270    2.301259    4.004806    0.818881    0.209647    0.026719    -3.993822   0.002550    10.906898   6.825632    21.000000   0.210421    0.181612    0.973553    0.973281    0.044296    2.734270    4.004806    6.743434    1.076092    0.008190    0.000004    0.000053    0.200400    0.167000    0.250000    0.200400    0.100200    0.240515    0.999956    1.000000    23.595420   45.331688   0.240515    0.010232    0.999956    0.132187    0.073227    0.008202    0.902811    4.604332    0.001541    0.307197    0.000000    0.000050    0.000500    0.000005    0.000500    0.000500    0.000005    0.000025    0.000025    0.000025    0.448235    12.159707  
[37m[36mINFO[0m[0m 07/13 23:45:05 | 0.709488    0.720085    0.000000    0.956676    0.131432    0.946210    0.709488    0.720085    0.976048    0.947771    900         21.556886   1.474756    0.020685    5.293880    2.672053    2.340217    3.939021    0.780406    0.277789    0.024194    -4.130661   0.020100    10.908700   6.880414    21.000000   0.278454    0.219962    0.976195    0.975806    0.020685    2.672053    3.939021    6.590453    1.484371    0.010930    0.000008    0.000068    0.280400    0.233667    0.250000    0.280400    0.140200    0.439525    0.999858    1.000000    23.771506   45.356554   0.439525    0.018559    0.999858    0.163578    0.106449    0.004719    0.971136    3.677469    0.002020    0.191087    0.000000    0.000050    0.000500    0.000005    0.000500    0.000500    0.000005    0.000025    0.000025    0.000025    0.448729    12.207217  
[37m[36mINFO[0m[0m 07/13 23:46:03 | 0.783049    0.816239    0.000000    0.965168    0.121694    0.958435    0.783049    0.816239    0.988024    0.949045    1000        23.952096   1.905572    0.024088    5.303387    2.681630    2.358048    3.924759    0.753428    0.336563    0.025149    -4.359459   0.040100    10.848308   6.950240    21.000000   0.336955    0.246851    0.975463    0.974851    0.024088    2.681630    3.924759    6.586883    1.911409    0.013567    0.000012    0.000091    0.360400    0.300333    0.250000    0.360400    0.180200    0.658586    0.999658    1.000000    22.299653   45.377530   0.658586    0.029558    0.999658    0.185125    0.125676    0.005007    0.979091    4.463910    0.002889    0.191507    0.000000    0.000050    0.000500    0.000005    0.000500    0.000500    0.000005    0.000025    0.000025    0.000025    0.448509    11.067740  
[37m[36mINFO[0m[0m 07/13 23:47:01 | 0.716418    0.728632    0.000000    0.954380    0.146849    0.938875    0.716418    0.728632    0.979042    0.945223    1100        26.347305   2.330670    0.025615    5.297463    2.673557    2.379908    3.903465    0.731685    0.356623    0.026170    -4.417219   0.060100    10.951807   7.022927    21.000000   0.356706    0.268553    0.974733    0.973830    0.025615    2.673557    3.903465    6.558466    2.332990    0.016106    0.000016    0.000115    0.440400    0.367000    0.250000    0.440400    0.220200    0.925179    0.999324    1.000000    22.090750   45.398666   0.925179    0.041979    0.999324    0.210880    0.149274    0.002957    0.986994    4.859391    0.003949    0.197640    0.000000    0.000050    0.000500    0.000005    0.000500    0.000500    0.000005    0.000025    0.000025    0.000025    0.448066    11.338582  
[37m[36mINFO[0m[0m 07/13 23:47:59 | 0.820896    0.816239    0.000000    0.948562    0.175058    0.938875    0.820896    0.816239    0.973054    0.933758    1200        28.742515   2.764828    0.029615    5.306761    2.684483    2.379923    3.888256    0.714996    0.357519    0.025236    -4.513075   0.080100    10.988086   7.114178    21.000000   0.357455    0.285221    0.975826    0.974764    0.029615    2.684483    3.888256    6.557223    2.761595    0.018599    0.000019    0.000131    0.520400    0.433667    0.250000    0.520400    0.260200    1.165462    0.998918    1.000000    21.629981   45.412104   1.165462    0.053936    0.998918    0.224158    0.161729    0.002095    0.992122    6.076687    0.005370    0.207117    0.000000    0.000050    0.000500    0.000005    0.000500    0.000500    0.000005    0.000025    0.000025    0.000025    0.446071    11.425336  
[37m[36mINFO[0m[0m 07/13 23:48:57 | 0.768657    0.779915    0.000000    0.944231    0.172943    0.907090    0.768657    0.779915    0.988024    0.937580    1300        31.137725   3.237529    0.050418    5.349801    2.730111    2.386532    3.889165    0.699573    0.346316    0.027420    -4.608699   0.100100    11.078756   7.120571    21.000000   0.346199    0.300630    0.974052    0.972580    0.050418    2.730111    3.889165    6.623607    3.212017    0.020995    0.000021    0.000165    0.600400    0.500333    0.250000    0.600400    0.300200    1.364750    0.998426    1.000000    20.886546   45.417099   1.364750    0.065453    0.998426    0.227578    0.165860    0.001505    0.993602    8.591414    0.007887    0.260137    0.000000    0.000050    0.000500    0.000005    0.000500    0.000500    0.000005    0.000025    0.000025    0.000025    0.447657    11.420441  
[37m[36mINFO[0m[0m 07/13 23:49:55 | 0.837420    0.856838    0.000000    0.951615    0.147654    0.943765    0.837420    0.856838    0.976048    0.935032    1400        33.532934   3.649387    0.041617    5.336762    2.696584    2.384588    3.873935    0.688613    0.334713    0.026577    -4.719340   0.120100    11.044960   7.182098    21.000000   0.334582    0.311574    0.975025    0.973423    0.041617    2.696584    3.873935    6.564943    3.631336    0.023423    0.000023    0.000181    0.680400    0.567000    0.250000    0.680400    0.340200    1.594182    0.997856    1.000000    20.655669   45.425590   1.594182    0.077549    0.997856    0.231970    0.170200    0.000918    0.993853    7.899476    0.008857    0.244912    0.000000    0.000050    0.000500    0.000005    0.000500    0.000500    0.000005    0.000025    0.000025    0.000025    0.447227    11.272686  
[37m[36mINFO[0m[0m 07/13 23:50:53 | 0.797974    0.831197    0.000000    0.964836    0.131954    0.960880    0.797974    0.831197    0.982036    0.951592    1500        35.928144   4.054712    0.027650    5.325553    2.672441    2.365544    3.856809    0.678747    0.329806    0.026154    -4.871809   0.140100    10.991187   7.169996    21.000000   0.329850    0.321425    0.975707    0.973846    0.027650    2.672441    3.856809    6.508182    4.049753    0.025803    0.000025    0.000199    0.760400    0.633667    0.250000    0.760400    0.380200    1.845806    0.997052    1.000000    20.212982   45.432147   1.845806    0.091691    0.997052    0.240483    0.173965    0.000747    0.995245    6.531292    0.008782    0.168830    0.000000    0.000050    0.000500    0.000005    0.000500    0.000500    0.000005    0.000025    0.000025    0.000025    0.446973    11.587109  
[37m[36mINFO[0m[0m 07/13 23:51:52 | 0.772388    0.771368    0.000000    0.960198    0.131030    0.938875    0.772388    0.771368    0.985030    0.956688    1600        38.323353   4.488759    0.029257    5.331691    2.682473    2.333883    3.841030    0.668862    0.337577    0.026446    -4.971253   0.160100    11.048647   7.169038    21.000000   0.337700    0.331300    0.975773    0.973554    0.029257    2.682473    3.841030    6.503047    4.480860    0.028103    0.000028    0.000222    0.840400    0.700333    0.250000    0.840400    0.420200    2.110042    0.996296    1.000000    20.548772   45.437191   2.110042    0.102719    0.996296    0.256607    0.184137    0.000832    0.996114    7.550681    0.011067    0.179841    0.000000    0.000050    0.000500    0.000005    0.000500    0.000500    0.000005    0.000025    0.000025    0.000025    0.446115    12.378392  
[37m[36mINFO[0m[0m 07/13 23:52:51 | 0.793710    0.803419    0.000000    0.965939    0.115151    0.973105    0.793710    0.803419    0.982036    0.942675    1700        40.718563   4.908907    0.023139    5.330650    2.667418    2.287399    3.832230    0.660999    0.354290    0.026139    -5.091779   0.180100    11.025578   7.231231    21.000000   0.354488    0.339150    0.976278    0.973861    0.023139    2.667418    3.832230    6.471869    4.905995    0.030417    0.000033    0.000241    0.920400    0.767000    0.250000    0.920400    0.460200    2.273580    0.995328    1.000000    19.184147   45.438910   2.273580    0.118763    0.995328    0.246981    0.174913    0.000838    0.993368    6.486545    0.011522    0.149036    0.000000    0.000050    0.000500    0.000005    0.000500    0.000500    0.000005    0.000025    0.000025    0.000025    0.446811    11.991905  
[37m[36mINFO[0m[0m 07/13 23:53:49 | 0.745203    0.760684    0.000000    0.957664    0.148516    0.955990    0.745203    0.760684    0.973054    0.943949    1800        43.113772   5.297342    0.024831    5.344307    2.677561    2.184937    3.830730    0.657677    0.375734    0.029247    -5.252765   0.200100    10.936007   7.287945    21.000000   0.375925    0.342457    0.974096    0.970753    0.024831    2.677561    3.830730    6.480594    5.292151    0.032561    0.000037    0.000290    0.990200    0.833667    0.250000    0.990200    0.495100    2.520729    0.993812    1.000000    18.377848   45.442051   2.520729    0.137248    0.993812    0.257598    0.174983    0.000870    0.990353    7.826436    0.014510    0.165037    0.000000    0.000050    0.000500    0.000005    0.000500    0.000500    0.000005    0.000025    0.000025    0.000025    0.448074    12.046504  
[37m[36mINFO[0m[0m 07/13 23:54:48 | 0.812900    0.814103    0.000000    0.960510    0.142070    0.955990    0.812900    0.814103    0.979042    0.946497    1900        45.508982   5.325505    0.019262    5.326575    2.670399    2.085674    3.807835    0.652828    0.393237    0.031233    -5.332497   0.220100    11.001693   7.314393    21.000000   0.393438    0.347291    0.972838    0.968767    0.019262    2.670399    3.807835    6.444171    5.326575    0.032641    0.000039    0.000312    1.000000    0.900333    0.250000    1.000000    0.500000    2.752192    0.992493    1.000000    18.098716   45.443814   2.752192    0.152100    0.992493    0.269396    0.178570    0.000859    0.991682    6.492093    0.014039    0.124693    0.000000    0.000050    0.000500    0.000005    0.000500    0.000500    0.000005    0.000025    0.000025    0.000025    0.448029    12.069343  
[37m[36mINFO[0m[0m 07/13 23:55:47 | 0.780917    0.786325    0.000000    0.952245    0.145469    0.929095    0.780917    0.786325    0.976048    0.951592    2000        47.904192   5.309154    0.013153    5.318183    2.673046    1.857598    3.803448    0.649826    0.412101    0.033192    -5.504570   0.240100    10.878493   7.366670    21.000000   0.412248    0.350280    0.972003    0.966808    0.013153    2.673046    3.803448    6.434601    5.318183    0.032491    0.000041    0.000332    1.000000    0.967000    0.250000    1.000000    0.500000    2.979192    0.990340    1.000000    17.240698   45.445704   2.979192    0.172900    0.990340    0.279613    0.177208    0.001156    0.987858    4.362214    0.014467    0.093926    0.000000    0.000050    0.000500    0.000005    0.000500    0.000500    0.000005    0.000025    0.000025    0.000025    0.448534    12.436112  
[37m[36mINFO[0m[0m 07/13 23:56:45 | 0.831557    0.841880    0.000000    0.969256    0.101331    0.968215    0.831557    0.841880    0.979042    0.960510    2100        50.299401   5.296830    0.009019    5.311536    2.694774    1.598046    3.804345    0.647386    0.421457    0.035814    -5.649464   0.250000    10.871305   7.372940    21.000000   0.421505    0.352711    0.970841    0.964186    0.009019    2.694774    3.804345    6.451643    5.311536    0.032369    0.000042    0.000358    1.000000    1.000000    0.250000    1.000000    0.500000    3.202152    0.988172    1.000000    16.867678   45.452705   3.202152    0.189878    0.988172    0.302526    0.181238    0.001567    0.984211    3.563825    0.016445    0.069049    0.000000    0.000050    0.000500    0.000005    0.000500    0.000500    0.000005    0.000025    0.000025    0.000025    0.447705    11.318704  
[37m[36mINFO[0m[0m 07/13 23:57:43 | 0.818763    0.850427    0.000000    0.970678    0.101433    0.968215    0.818763    0.850427    0.982036    0.961783    2200        52.694611   5.254829    0.006269    5.273268    2.696730    1.365859    3.788317    0.646956    0.426893    0.037459    -5.747298   0.250000    10.824259   7.384648    21.000000   0.426937    0.353135    0.970123    0.962541    0.006269    2.696730    3.788317    6.433843    5.273268    0.032348    0.000043    0.000375    1.000000    1.000000    0.250000    1.000000    0.500000    3.390265    0.986781    1.000000    17.072649   45.460804   3.390265    0.198564    0.986781    0.330870    0.192353    0.001646    0.984511    3.090965    0.017768    0.056626    0.000000    0.000050    0.000500    0.000005    0.000500    0.000500    0.000005    0.000025    0.000025    0.000025    0.448198    11.121870  
[37m[36mINFO[0m[0m 07/13 23:58:41 | 0.826759    0.841880    0.000000    0.968348    0.104608    0.963325    0.826759    0.841880    0.985030    0.956688    2300        55.089820   5.213613    0.002762    5.236841    2.692072    1.184033    3.772402    0.646297    0.426104    0.037741    -5.872461   0.250000    10.721178   7.377867    21.000000   0.426063    0.353788    0.970450    0.962259    0.002762    2.692072    3.772402    6.408510    5.236841    0.032315    0.000043    0.000377    1.000000    1.000000    0.250000    1.000000    0.500000    3.596503    0.985210    1.000000    17.180763   45.472591   3.596503    0.209320    0.985210    0.354617    0.201822    0.001381    0.986553    2.206034    0.017827    0.028677    0.000000    0.000050    0.000500    0.000005    0.000500    0.000500    0.000005    0.000025    0.000025    0.000025    0.448969    11.517133  
[37m[36mINFO[0m[0m 07/13 23:59:39 | 0.802239    0.822650    0.000000    0.970012    0.099712    0.965770    0.802239    0.822650    0.985030    0.959236    2400        57.485030   5.204650    0.001909    5.230275    2.705638    1.034837    3.773973    0.640895    0.420955    0.038873    -6.000993   0.250000    10.728273   7.363486    21.000000   0.420909    0.359183    0.970041    0.961127    0.001909    2.705638    3.773973    6.421509    5.230275    0.032045    0.000042    0.000389    1.000000    1.000000    0.250000    1.000000    0.500000    3.642202    0.984092    1.000000    16.784267   45.476258   3.642202    0.217017    0.984092    0.363313    0.203425    0.001495    0.987137    1.831842    0.019405    0.016925    0.000000    0.000050    0.000500    0.000005    0.000500    0.000500    0.000005    0.000025    0.000025    0.000025    0.448024    11.343868  
[37m[36mINFO[0m[0m 07/14 00:00:38 | 0.802239    0.824786    0.000000    0.968050    0.101085    0.963325    0.802239    0.824786    0.979042    0.961783    2500        59.880240   5.195533    0.001638    5.222748    2.701480    0.947870    3.777220    0.637408    0.417264    0.039699    -6.116118   0.250000    10.722468   7.367263    21.000000   0.417217    0.362667    0.969734    0.960301    0.001638    2.701480    3.777220    6.419177    5.222748    0.031870    0.000042    0.000397    1.000000    1.000000    0.250000    1.000000    0.500000    3.685541    0.983139    1.000000    16.450269   45.482527   3.685541    0.224038    0.983139    0.369125    0.204307    0.001661    0.988308    1.654630    0.019685    0.012989    0.000000    0.000050    0.000500    0.000005    0.000500    0.000500    0.000005    0.000025    0.000025    0.000025    0.447969    11.600676  
[37m[36mINFO[0m[0m 07/14 00:01:36 | 0.807036    0.809829    0.000000    0.971286    0.104130    0.965770    0.807036    0.809829    0.985030    0.963057    2600        62.275449   5.182639    0.001519    5.211079    2.706211    0.875278    3.770446    0.635183    0.410165    0.040036    -6.215950   0.250000    10.723084   7.363535    21.000000   0.410067    0.364887    0.969943    0.959964    0.001519    2.706211    3.770446    6.416016    5.211079    0.031759    0.000041    0.000400    1.000000    1.000000    0.250000    1.000000    0.500000    3.798264    0.981902    1.000000    16.451591   45.488442   3.798264    0.230865    0.981902    0.382248    0.209340    0.001630    0.990905    1.856558    0.020389    0.013442    0.000000    0.000050    0.000500    0.000005    0.000500    0.000500    0.000005    0.000025    0.000025    0.000025    0.447607    11.816765  
[37m[36mINFO[0m[0m 07/14 00:02:35 | 0.836354    0.848291    0.000000    0.968624    0.118262    0.963325    0.836354    0.848291    0.982036    0.960510    2700        64.670659   5.179944    0.001422    5.209714    2.707401    0.818734    3.774140    0.631744    0.401285    0.040777    -6.322699   0.250000    10.752581   7.369272    21.000000   0.401209    0.368325    0.969499    0.959223    0.001422    2.707401    3.774140    6.419736    5.209714    0.031587    0.000040    0.000408    1.000000    1.000000    0.250000    1.000000    0.500000    3.791997    0.981479    1.000000    16.148066   45.493287   3.791997    0.234832    0.981479    0.381846    0.207645    0.001930    0.990455    1.813692    0.021441    0.013190    0.000000    0.000050    0.000500    0.000005    0.000500    0.000500    0.000005    0.000025    0.000025    0.000025    0.448166    11.855047  
[37m[36mINFO[0m[0m 07/14 00:03:34 | 0.799041    0.809829    0.000000    0.972491    0.098414    0.970660    0.799041    0.809829    0.985030    0.961783    2800        67.065868   5.181569    0.004647    5.209118    2.719099    0.820880    3.767481    0.630625    0.394211    0.040431    -6.417078   0.250000    10.717273   7.406502    21.000000   0.394126    0.369442    0.969762    0.959569    0.004647    2.719099    3.767481    6.427056    5.209118    0.031531    0.000039    0.000404    1.000000    1.000000    0.250000    1.000000    0.500000    3.740051    0.981380    1.000000    15.796288   45.492337   3.740051    0.236765    0.981380    0.378374    0.205162    0.001950    0.990595    2.968349    0.023063    0.042168    0.000000    0.000050    0.000500    0.000005    0.000500    0.000500    0.000005    0.000025    0.000025    0.000025    0.448654    12.184763  
[37m[36mINFO[0m[0m 07/14 00:04:33 | 0.786247    0.811966    0.000000    0.965630    0.116473    0.963325    0.786247    0.811966    0.973054    0.960510    2900        69.461078   5.181116    0.005688    5.208260    2.719770    0.837752    3.764600    0.629939    0.384104    0.041057    -6.477872   0.250000    10.734121   7.456583    21.000000   0.383996    0.370126    0.969166    0.958943    0.005688    2.719770    3.764600    6.425279    5.208260    0.031497    0.000038    0.000411    1.000000    1.000000    0.250000    1.000000    0.500000    3.703917    0.981402    1.000000    15.489963   45.498811   3.703917    0.239116    0.981402    0.372191    0.204059    0.001627    0.991532    2.960262    0.022858    0.042155    0.000000    0.000050    0.000500    0.000005    0.000500    0.000500    0.000005    0.000025    0.000025    0.000025    0.447935    12.888093  
[37m[36mINFO[0m[0m 07/14 00:05:33 | 0.786780    0.797009    0.000000    0.970564    0.088683    0.965770    0.786780    0.797009    0.979042    0.966879    3000        71.856287   5.159131    0.003169    5.190164    2.707062    0.781796    3.758454    0.626274    0.374382    0.040689    -6.596031   0.250000    10.732478   7.499427    21.000000   0.374299    0.373788    0.969440    0.959311    0.003169    2.707062    3.758454    6.402724    5.190164    0.031314    0.000037    0.000407    1.000000    1.000000    0.250000    1.000000    0.500000    3.624046    0.981267    1.000000    14.920237   45.501649   3.624046    0.242900    0.981267    0.361744    0.197578    0.001717    0.987839    2.438399    0.022520    0.027688    0.000000    0.000050    0.000500    0.000005    0.000500    0.000500    0.000005    0.000025    0.000025    0.000025    0.448224    12.833634  
[37m[36mINFO[0m[0m 07/14 00:06:31 | 0.807036    0.837607    0.000000    0.963402    0.124349    0.951100    0.807036    0.837607    0.976048    0.963057    3100        74.251497   5.151395    0.002053    5.184409    2.707997    0.747717    3.755638    0.625214    0.364488    0.040099    -6.676491   0.250000    10.751373   7.528904    21.000000   0.364372    0.374845    0.970186    0.959901    0.002053    2.707997    3.755638    6.398924    5.184409    0.031261    0.000036    0.000401    1.000000    1.000000    0.250000    1.000000    0.500000    3.757799    0.980373    1.000000    15.242958   45.504912   3.757799    0.246551    0.980373    0.377007    0.204589    0.001399    0.989545    2.136436    0.022148    0.018090    0.000000    0.000050    0.000500    0.000005    0.000500    0.000500    0.000005    0.000025    0.000025    0.000025    0.448241    11.068456  
[37m[36mINFO[0m[0m 07/14 00:07:29 | 0.793710    0.814103    0.000000    0.966123    0.110316    0.958435    0.793710    0.814103    0.973054    0.966879    3200        76.646707   5.154411    0.002622    5.187718    2.708871    0.717098    3.761573    0.624664    0.353215    0.041246    -6.760985   0.250000    10.772794   7.543439    21.000000   0.353115    0.375395    0.969365    0.958754    0.002622    2.708871    3.761573    6.405456    5.187718    0.031233    0.000035    0.000412    1.000000    1.000000    0.250000    1.000000    0.500000    3.692762    0.980185    1.000000    14.814395   45.505367   3.692762    0.249276    0.980185    0.369253    0.200363    0.001541    0.988117    2.377622    0.022739    0.022728    0.000000    0.000050    0.000500    0.000005    0.000500    0.000500    0.000005    0.000025    0.000025    0.000025    0.449042    11.338846  
[37m[36mINFO[0m[0m 07/14 00:08:27 | 0.789979    0.809829    0.000000    0.968406    0.104930    0.968215    0.789979    0.809829    0.979042    0.957962    3300        79.041916   5.161515    0.004742    5.193533    2.716264    0.728336    3.762567    0.622680    0.342666    0.042429    -6.835225   0.250000    10.760008   7.583167    21.000000   0.342556    0.377377    0.968360    0.957571    0.004742    2.716264    3.762567    6.415221    5.193533    0.031134    0.000034    0.000424    1.000000    1.000000    0.250000    1.000000    0.500000    3.670018    0.980222    1.000000    14.642729   45.508128   3.670018    0.250611    0.980222    0.366447    0.199351    0.001379    0.987737    2.569166    0.023165    0.033659    0.000000    0.000050    0.000500    0.000005    0.000500    0.000500    0.000005    0.000025    0.000025    0.000025    0.449117    11.546552  
[37m[36mINFO[0m[0m 07/14 00:09:25 | 0.833689    0.841880    0.000000    0.967018    0.130871    0.965770    0.833689    0.841880    0.976048    0.959236    3400        81.437126   5.145328    0.001541    5.181705    2.701279    0.691171    3.761948    0.621192    0.332554    0.042057    -6.943205   0.250000    10.726313   7.585581    21.000000   0.332453    0.378864    0.968641    0.957944    0.001541    2.701279    3.761948    6.395337    5.181705    0.031060    0.000033    0.000421    1.000000    1.000000    0.250000    1.000000    0.500000    3.675004    0.979921    1.000000    14.541767   45.510723   3.675004    0.252720    0.979921    0.366586    0.200453    0.001393    0.987383    2.000262    0.022467    0.013824    0.000000    0.000050    0.000500    0.000005    0.000500    0.000500    0.000005    0.000025    0.000025    0.000025    0.448960    11.642343  
[37m[36mINFO[0m[0m 07/14 00:10:24 | 0.777719    0.816239    0.000000    0.963285    0.122308    0.941320    0.777719    0.816239    0.988024    0.960510    3500        83.832335   5.129973    0.002564    5.166029    2.704739    0.692802    3.744379    0.622225    0.321294    0.042823    -7.019112   0.250000    10.727800   7.588865    21.000000   0.321167    0.377830    0.968185    0.957177    0.002564    2.704739    3.744379    6.381490    5.166029    0.031111    0.000032    0.000428    1.000000    1.000000    0.250000    1.000000    0.500000    3.682443    0.979603    1.000000    14.439464   45.513616   3.682443    0.255024    0.979603    0.366869    0.200107    0.001388    0.987321    2.402586    0.023144    0.020583    0.000000    0.000050    0.000500    0.000005    0.000500    0.000500    0.000005    0.000025    0.000025    0.000025    0.448379    11.461834  
[37m[36mINFO[0m[0m 07/14 00:11:22 | 0.828891    0.822650    0.000000    0.954463    0.153304    0.951100    0.828891    0.822650    0.967066    0.945223    3600        86.227545   5.212289    0.017056    5.233451    2.762376    0.798462    3.772416    0.620842    0.307488    0.046171    -6.975214   0.250000    10.865735   7.592538    21.000000   0.307364    0.379213    0.965476    0.953829    0.017056    2.762376    3.772416    6.482096    5.233451    0.031042    0.000031    0.000462    1.000000    1.000000    0.250000    1.000000    0.500000    3.533098    0.980251    1.000000    13.893866   45.511776   3.533098    0.254231    0.980251    0.350611    0.192862    0.001645    0.984832    6.166601    0.027958    0.096954    0.000000    0.000050    0.000500    0.000005    0.000500    0.000500    0.000005    0.000025    0.000025    0.000025    0.448646    11.911853  
[37m[36mINFO[0m[0m 07/14 00:12:21 | 0.753731    0.762821    0.000000    0.954070    0.179517    0.941320    0.753731    0.762821    0.982036    0.938854    3700        88.622754   5.221236    0.022344    5.237345    2.766506    0.902445    3.763847    0.620644    0.294973    0.045369    -6.996864   0.250000    10.829183   7.670525    21.000000   0.294829    0.379412    0.965359    0.954631    0.022344    2.766506    3.763847    6.482729    5.237345    0.031032    0.000029    0.000454    1.000000    1.000000    0.250000    1.000000    0.500000    3.371030    0.981511    1.000000    13.466177   45.510343   3.371030    0.250249    0.981511    0.332758    0.184930    0.001821    0.983143    6.893936    0.027183    0.108369    0.000000    0.000050    0.000500    0.000005    0.000500    0.000500    0.000005    0.000025    0.000025    0.000025    0.448958    11.715719  
[37m[36mINFO[0m[0m 07/14 00:13:19 | 0.809701    0.811966    0.000000    0.960532    0.135014    0.943765    0.809701    0.811966    0.976048    0.961783    3800        91.017964   5.181719    0.009102    5.211659    2.738778    0.824984    3.759771    0.619118    0.279493    0.044563    -7.047104   0.250000    10.854900   7.665793    21.000000   0.279344    0.380936    0.966107    0.955437    0.009102    2.738778    3.759771    6.437180    5.211659    0.030956    0.000028    0.000446    1.000000    1.000000    0.250000    1.000000    0.500000    3.408375    0.981094    1.000000    13.440058   45.514069   3.408375    0.253635    0.981094    0.334897    0.186029    0.001551    0.984438    4.452843    0.024208    0.056792    0.000000    0.000050    0.000500    0.000005    0.000500    0.000500    0.000005    0.000025    0.000025    0.000025    0.447905    11.827520  
[37m[36mINFO[0m[0m 07/14 00:14:18 | 0.816098    0.831197    0.000000    0.967086    0.119790    0.960880    0.816098    0.831197    0.976048    0.964331    3900        93.413174   5.130603    0.004095    5.166964    2.706299    0.736376    3.740177    0.618202    0.266053    0.043030    -7.182370   0.250000    10.755376   7.684250    21.000000   0.265916    0.381849    0.967361    0.956970    0.004095    2.706299    3.740177    6.378748    5.166964    0.030910    0.000027    0.000430    1.000000    1.000000    0.250000    1.000000    0.500000    3.402361    0.980767    1.000000    13.266320   45.514906   3.402361    0.256454    0.980767    0.334078    0.185708    0.001472    0.983547    2.583187    0.022378    0.028399    0.000000    0.000050    0.000500    0.000005    0.000500    0.000500    0.000005    0.000025    0.000025    0.000025    0.447463    12.289840  
[37m[36mINFO[0m[0m 07/14 00:15:17 | 0.834222    0.858974    0.000000    0.969932    0.120873    0.960880    0.834222    0.858974    0.982036    0.966879    4000        95.808383   5.119293    0.002877    5.158076    2.703288    0.660349    3.740397    0.617881    0.251724    0.042413    -7.300333   0.250000    10.804252   7.692585    21.000000   0.251583    0.382169    0.968183    0.957587    0.002877    2.703288    3.740397    6.373559    5.158076    0.030894    0.000025    0.000424    1.000000    1.000000    0.250000    1.000000    0.500000    3.492271    0.979955    1.000000    13.418583   45.518463   3.492271    0.260259    0.979955    0.343914    0.190180    0.001388    0.983980    2.281221    0.023078    0.023809    0.000000    0.000050    0.000500    0.000005    0.000500    0.000500    0.000005    0.000025    0.000025    0.000025    0.446756    12.223570  
[37m[36mINFO[0m[0m 07/14 00:16:16 | 0.807036    0.822650    0.000000    0.966891    0.114797    0.965770    0.807036    0.822650    0.982036    0.952866    4100        98.203593   5.112498    0.003130    5.152114    2.701076    0.636529    3.737923    0.616825    0.238352    0.042938    -7.404006   0.250000    10.767669   7.687559    21.000000   0.238218    0.383225    0.967773    0.957062    0.003130    2.701076    3.737923    6.368088    5.152114    0.030841    0.000024    0.000429    1.000000    1.000000    0.250000    1.000000    0.500000    3.426885    0.979979    1.000000    13.126153   45.517865   3.426885    0.261061    0.979979    0.337500    0.187083    0.001274    0.985323    2.312860    0.023156    0.020246    0.000000    0.000050    0.000500    0.000005    0.000500    0.000500    0.000005    0.000025    0.000025    0.000025    0.448196    12.372756  
[37m[36mINFO[0m[0m 07/14 00:17:14 | 0.793710    0.805556    0.000000    0.966925    0.121881    0.963325    0.793710    0.805556    0.982036    0.955414    4200        100.598802  5.106327    0.002330    5.147794    2.696213    0.646550    3.735033    0.615665    0.225297    0.041354    -7.501698   0.250000    10.722189   7.684215    21.000000   0.225170    0.384384    0.968962    0.958646    0.002330    2.696213    3.735033    6.358559    5.147794    0.030783    0.000023    0.000414    1.000000    1.000000    0.250000    1.000000    0.500000    3.422717    0.979923    1.000000    13.090289   45.518006   3.422717    0.261467    0.979923    0.338023    0.187548    0.001351    0.985402    1.991492    0.022557    0.017745    0.000000    0.000050    0.000500    0.000005    0.000500    0.000500    0.000005    0.000025    0.000025    0.000025    0.451845    11.153893  
[37m[36mINFO[0m[0m 07/14 00:18:12 | 0.814499    0.822650    0.000000    0.967809    0.116267    0.960880    0.814499    0.822650    0.982036    0.960510    4300        102.994012  5.099523    0.001221    5.143265    2.691014    0.605978    3.737160    0.615488    0.212388    0.041698    -7.617519   0.250000    10.723306   7.683428    21.000000   0.212262    0.384561    0.968873    0.958302    0.001221    2.691014    3.737160    6.353219    5.143265    0.030774    0.000021    0.000417    1.000000    1.000000    0.250000    1.000000    0.500000    3.453424    0.979378    1.000000    13.052941   45.518920   3.453424    0.264560    0.979378    0.340431    0.188189    0.001386    0.983557    1.665812    0.022255    0.011316    0.000000    0.000050    0.000500    0.000005    0.000500    0.000500    0.000005    0.000025    0.000025    0.000025    0.448293    11.198798  
[37m[36mINFO[0m[0m 07/14 00:19:11 | 0.808635    0.811966    0.000000    0.971710    0.112061    0.965770    0.808635    0.811966    0.985030    0.964331    4400        105.389222  5.083069    0.000753    5.128321    2.685781    0.567987    3.728632    0.614566    0.199044    0.041504    -7.716770   0.250000    10.733131   7.653569    21.000000   0.198905    0.385483    0.968904    0.958496    0.000753    2.685781    3.728632    6.337998    5.128321    0.030728    0.000020    0.000415    1.000000    1.000000    0.250000    1.000000    0.500000    3.423253    0.979505    1.000000    12.890302   45.523251   3.423253    0.265566    0.979505    0.336494    0.185375    0.001452    0.984217    1.572616    0.022413    0.006018    0.000000    0.000050    0.000500    0.000005    0.000500    0.000500    0.000005    0.000025    0.000025    0.000025    0.447834    11.687393  
[37m[36mINFO[0m[0m 07/14 00:20:09 | 0.816631    0.820513    0.000000    0.968060    0.126084    0.953545    0.816631    0.820513    0.985030    0.965605    4500        107.784431  5.103792    0.003250    5.147311    2.702960    0.577313    3.738099    0.613707    0.185361    0.042623    -7.789895   0.250000    10.708259   7.673313    21.000000   0.185228    0.386341    0.968180    0.957377    0.003250    2.702960    3.738099    6.366411    5.147311    0.030685    0.000019    0.000426    1.000000    1.000000    0.250000    1.000000    0.500000    3.400339    0.979202    1.000000    12.722641   45.521445   3.400339    0.267257    0.979202    0.334153    0.184082    0.001554    0.983419    2.239303    0.023373    0.023081    0.000000    0.000050    0.000500    0.000005    0.000500    0.000500    0.000005    0.000025    0.000025    0.000025    0.448536    11.241366  
[37m[36mINFO[0m[0m 07/14 00:21:07 | 0.829957    0.822650    0.000000    0.974580    0.105718    0.973105    0.829957    0.822650    0.985030    0.965605    4600        110.179641  5.109748    0.001791    5.155275    2.701369    0.594945    3.745096    0.614227    0.173179    0.043476    -7.848144   0.250000    10.766349   7.695550    21.000000   0.173066    0.385821    0.967454    0.956524    0.001791    2.701369    3.745096    6.369775    5.155275    0.030711    0.000017    0.000435    1.000000    1.000000    0.250000    1.000000    0.500000    3.384549    0.979306    1.000000    12.647161   45.523577   3.384549    0.267603    0.979306    0.332170    0.183108    0.001443    0.985551    2.005978    0.022825    0.013616    0.000000    0.000050    0.000500    0.000005    0.000500    0.000500    0.000005    0.000025    0.000025    0.000025    0.448618    11.299611  
[37m[36mINFO[0m[0m 07/14 00:22:05 | 0.823561    0.841880    0.000000    0.972767    0.108462    0.970660    0.823561    0.841880    0.982036    0.965605    4700        112.574850  5.097555    0.002102    5.143491    2.701664    0.594433    3.733216    0.613371    0.163098    0.043308    -7.915586   0.250000    10.760156   7.704722    21.000000   0.163009    0.386677    0.967664    0.956692    0.002102    2.701664    3.733216    6.357825    5.143491    0.030669    0.000016    0.000433    1.000000    1.000000    0.250000    1.000000    0.500000    3.425133    0.979061    1.000000    12.775682   45.523278   3.425133    0.268080    0.979061    0.337851    0.186107    0.001330    0.985662    2.102250    0.023112    0.012953    0.000000    0.000050    0.000500    0.000005    0.000500    0.000500    0.000005    0.000025    0.000025    0.000025    0.448605    11.632984  
[37m[36mINFO[0m[0m 07/14 00:23:04 | 0.816098    0.826923    0.000000    0.965571    0.113049    0.958435    0.816098    0.826923    0.979042    0.959236    4800        114.970060  5.076086    0.001341    5.124044    2.683768    0.572222    3.724937    0.610909    0.153093    0.042485    -8.028355   0.250000    10.734773   7.725740    21.000000   0.152982    0.389139    0.968141    0.957515    0.001341    2.683768    3.724937    6.329763    5.124044    0.030545    0.000015    0.000425    1.000000    1.000000    0.250000    1.000000    0.500000    3.331943    0.979236    1.000000    12.365719   45.524656   3.331943    0.269428    0.979236    0.327115    0.180188    0.001434    0.984665    1.589885    0.022486    0.006475    0.000000    0.000050    0.000500    0.000005    0.000500    0.000500    0.000005    0.000025    0.000025    0.000025    0.449309    11.858587  
[37m[36mINFO[0m[0m 07/14 00:24:02 | 0.825160    0.837607    0.000000    0.972916    0.097410    0.970660    0.825160    0.837607    0.985030    0.963057    4900        117.365269  5.062625    0.000394    5.112510    2.682256    0.545957    3.716787    0.611849    0.142104    0.042010    -8.130623   0.250000    10.741221   7.749353    21.000000   0.141992    0.388198    0.968495    0.957990    0.000394    2.682256    3.716787    6.318130    5.112510    0.030592    0.000014    0.000420    1.000000    1.000000    0.250000    1.000000    0.500000    3.333542    0.979161    1.000000    12.340347   45.525230   3.333542    0.270116    0.979161    0.327128    0.180253    0.001539    0.984761    1.404506    0.022265    0.002308    0.000000    0.000050    0.000500    0.000005    0.000500    0.000500    0.000005    0.000025    0.000025    0.000025    0.446879    11.632680  
[37m[36mINFO[0m[0m 07/14 00:25:00 | 0.834755    0.848291    0.000000    0.970322    0.107175    0.963325    0.834755    0.848291    0.982036    0.965605    5000        119.760479  5.055955    0.000336    5.106823    2.679833    0.544642    3.712442    0.611739    0.130485    0.041531    -8.222005   0.250000    10.701228   7.759798    21.000000   0.130369    0.388308    0.968882    0.958469    0.000336    2.679833    3.712442    6.310392    5.106823    0.030587    0.000013    0.000415    1.000000    1.000000    0.250000    1.000000    0.500000    3.323300    0.978997    1.000000    12.245357   45.525351   3.323300    0.271378    0.978997    0.325902    0.179530    0.001410    0.984808    1.336577    0.022037    0.001763    0.000000    0.000050    0.000500    0.000005    0.000500    0.000500    0.000005    0.000025    0.000025    0.000025    0.447015    11.976380  
[37m[36mINFO[0m[0m 07/14 00:25:00 | ---
[37m[33mWARNING[0m[0m 07/14 00:25:01 | Evaluate SWAD ...
[37m[36mINFO[0m[0m 07/14 00:25:13 | 0.837953    0.846154    0.000000    0.976210    0.291192    0.977995    0.837953    0.846154    0.985030    0.965605    [201-5000]  (N=49)
[37m[36mINFO[0m[0m 07/14 00:25:13 | oracle = 83.422%
[37m[36mINFO[0m[0m 07/14 00:25:13 | iid = 82.996%
[37m[36mINFO[0m[0m 07/14 00:25:13 | last = 83.475%
[37m[36mINFO[0m[0m 07/14 00:25:13 | last (inD) = 97.032%
[37m[36mINFO[0m[0m 07/14 00:25:13 | iid (inD) = 97.458%
[37m[36mINFO[0m[0m 07/14 00:25:13 | SWAD = 83.795%
[37m[36mINFO[0m[0m 07/14 00:25:13 | SWAD (inD) = 97.621%
[37m[36mINFO[0m[0m 07/14 00:25:13 | 
[37m[36mINFO[0m[0m 07/14 00:25:18 | Testenv name escaping te_photo -> te_photo
[37m[36mINFO[0m[0m 07/14 00:25:18 | Test envs = [2], name = te_photo
[37m[36mINFO[0m[0m 07/14 00:25:18 | Batch sizes for each domain: [32, 32, 0, 32] (total=96)
[37m[36mINFO[0m[0m 07/14 00:25:18 | steps-per-epoch for each domain: 51.22, 58.62, 98.25 -> min = 51.22
[37m[36mINFO[0m[0m 07/14 00:25:21 | # of params = 53365703
[37m[36mINFO[0m[0m 07/14 00:25:33 | test_in     test_out    train_in    train_out   tr_outloss  env0_out    env1_out    env2_in     env2_out    env3_out    step        epoch       loss        loss_cls    loss_ccc    loss_cross  loss_int    loss_ref    loss_isr    loss_orth   loss_inv    loss_gt     piccl_alph  paired_res  domain_res  valid_doma  basis_orth  response_c  raw_interv  mediator_i  ce_loss     sup_cl_los  pre_cl_los  dccl_total  weighted_l  weighted_l  weighted_l  weighted_l  piccl_loss  piccl_feat  residual_s  piccl_loss  connectivi  residual_d  fused_orig  piccl_exec  original_f  piccl_feat  feature_de  feature_de  original_f  gate_mean   gate_std    gate_min    gate_max    backbone_g  piccl_grad  classifier  has_nan_or  param_grou  param_grou  param_grou  param_grou  param_grou  param_grou  param_grou  param_grou  param_grou  step_time   eval_time  
[37m[36mINFO[0m[0m 07/14 00:25:33 | 0.343563    0.365269    0.000000    0.257805    1.876068    0.310513    0.275641    0.343563    0.365269    0.187261    0           0.000000    1.941977    1.999541    7.680586    5.134664    2.115948    5.113254    0.000000    0.113297    0.101242    -5.756462   0.000000    0.000000    0.000000    19.000000   0.113297    0.000000    0.898758    0.898758    1.999541    5.134664    5.113254    12.189895   0.000000    0.000000    0.000000    0.000000    0.000000    0.000000    0.250000    0.000000    0.000000    0.000000    1.000000    1.000000    24.871250   45.253338   0.000000    0.000000    1.000000    0.075858    0.000000    0.075858    0.075858    3.754322    0.000000    2.751087    0.000000    0.000050    0.000500    0.000005    0.000500    0.000500    0.000005    0.000025    0.000025    0.000025    0.439035    11.825875  
[37m[36mINFO[0m[0m 07/14 00:26:32 | 0.977545    0.958084    0.000000    0.929177    0.199030    0.924205    0.942308    0.977545    0.958084    0.921019    100         1.952410    0.453701    0.451385    6.946090    3.857866    1.731086    5.017157    0.992302    0.113297    0.051791    0.231561    0.000000    13.996978   3.218328    21.000000   0.113297    0.007698    0.948209    0.948209    0.451385    3.857866    5.017157    9.328723    0.000000    0.000000    0.000000    0.000000    0.000000    0.000000    0.250000    0.000000    0.000000    0.000000    1.000000    1.000000    42.108487   45.254265   0.000000    0.000000    1.000000    0.075858    0.000000    0.075858    0.075858    7.690598    0.000000    2.743444    0.000000    0.000050    0.000500    0.000005    0.000500    0.000500    0.000005    0.000025    0.000025    0.000025    0.446557    11.893563  
[37m[36mINFO[0m[0m 07/14 00:27:29 | 0.965569    0.958084    0.000000    0.934369    0.174639    0.938875    0.950855    0.965569    0.958084    0.913376    200         3.904820    0.145256    0.160979    6.622854    3.390318    1.575962    4.927695    0.992291    0.113297    0.044333    -1.572310   0.000000    12.689593   5.271284    21.000000   0.113297    0.007709    0.955667    0.955667    0.160979    3.390318    4.927695    8.463269    0.000000    0.000000    0.000000    0.000000    0.000000    0.000000    0.250000    0.000000    0.000000    0.000000    1.000000    1.000000    33.633279   45.254052   0.000000    0.000000    1.000000    0.075858    0.000000    0.075858    0.075858    6.538264    0.000000    1.197367    0.000000    0.000050    0.000500    0.000005    0.000500    0.000500    0.000005    0.000025    0.000025    0.000025    0.447664    10.056790  
[37m[36mINFO[0m[0m 07/14 00:28:25 | 0.970060    0.952096    0.000000    0.952449    0.151863    0.943765    0.965812    0.970060    0.952096    0.947771    300         5.857230    0.081347    0.103918    6.524803    3.252923    1.623724    4.898342    0.992339    0.113297    0.039687    -2.257125   0.000000    12.212559   6.057132    21.000000   0.113297    0.007661    0.960313    0.960313    0.103918    3.252923    4.898342    8.232612    0.000000    0.000000    0.000000    0.000000    0.000000    0.000000    0.250000    0.000000    0.000000    0.000000    1.000000    1.000000    30.897793   45.253920   0.000000    0.000000    1.000000    0.075858    0.000000    0.075858    0.075858    5.779175    0.000000    0.843605    0.000000    0.000050    0.000500    0.000005    0.000500    0.000500    0.000005    0.000025    0.000025    0.000025    0.447901    10.286371  
[37m[36mINFO[0m[0m 07/14 00:29:22 | 0.963323    0.949102    0.000000    0.947943    0.160253    0.924205    0.980769    0.963323    0.949102    0.938854    400         7.809640    0.049418    0.076619    6.456756    3.159847    1.645832    4.876832    0.992419    0.113297    0.037192    -2.720067   0.000000    11.944882   6.353161    21.000000   0.113297    0.007581    0.962808    0.962808    0.076619    3.159847    4.876832    8.086098    0.000000    0.000000    0.000000    0.000000    0.000000    0.000000    0.250000    0.000000    0.000000    0.000000    1.000000    1.000000    28.883748   45.253793   0.000000    0.000000    1.000000    0.075858    0.000000    0.075858    0.075858    5.029316    0.000000    0.658870    0.000000    0.000050    0.000500    0.000005    0.000500    0.000500    0.000005    0.000025    0.000025    0.000025    0.448281    10.374785  
[37m[36mINFO[0m[0m 07/14 00:30:20 | 0.951347    0.946108    0.000000    0.933013    0.213566    0.924205    0.948718    0.951347    0.946108    0.926115    500         9.762050    0.033071    0.064296    6.425814    3.119263    1.673117    4.866182    0.992515    0.113297    0.033991    -3.122595   0.000000    11.713894   6.458303    21.000000   0.113297    0.007485    0.966010    0.966010    0.064296    3.119263    4.866182    8.018516    0.000000    0.000000    0.000000    0.000000    0.000000    0.000000    0.250000    0.000000    0.000000    0.000000    1.000000    1.000000    27.145498   45.253659   0.000000    0.000000    1.000000    0.075858    0.000000    0.075858    0.075858    4.462663    0.000000    0.521325    0.000000    0.000050    0.000500    0.000005    0.000500    0.000500    0.000005    0.000025    0.000025    0.000025    0.447119    10.871648  
[37m[36mINFO[0m[0m 07/14 00:31:17 | 0.976796    0.961078    0.000000    0.955894    0.152813    0.951100    0.970085    0.976796    0.961078    0.946497    600         11.714460   0.254358    0.049690    5.968984    2.901312    1.884724    4.518327    0.959705    0.079088    0.033478    -3.378058   0.000000    11.661415   6.520267    21.000000   0.078575    0.041194    0.966571    0.966522    0.049690    2.901312    4.518327    7.435550    0.236528    0.001906    0.000000    0.000013    0.040400    0.033667    0.250000    0.040400    0.020200    0.023993    0.999999    1.000000    26.480341   45.270743   0.023993    0.000908    0.999999    0.084256    0.010962    0.055348    0.201448    4.411701    0.000266    0.436800    0.000000    0.000050    0.000500    0.000005    0.000500    0.000500    0.000005    0.000025    0.000025    0.000025    0.448104    10.588542  
[37m[36mINFO[0m[0m 07/14 00:32:15 | 0.961078    0.949102    0.000000    0.951751    0.140689    0.943765    0.970085    0.961078    0.949102    0.941401    700         13.666870   0.692102    0.044148    5.645175    2.777213    2.139740    4.256569    0.863079    0.097675    0.033552    -3.606302   0.000000    11.687387   6.539555    21.000000   0.098641    0.137697    0.966644    0.966448    0.044148    2.777213    4.256569    7.041867    0.678804    0.005171    0.000001    0.000040    0.120400    0.100333    0.250000    0.120400    0.060200    0.111834    0.999990    1.000000    25.101202   45.309276   0.111834    0.004491    0.999990    0.114531    0.047705    0.032571    0.621114    4.825014    0.000947    0.362113    0.000000    0.000050    0.000500    0.000005    0.000500    0.000500    0.000005    0.000025    0.000025    0.000025    0.449004    11.180367  
[37m[36mINFO[0m[0m 07/14 00:33:13 | 0.970808    0.955090    0.000000    0.949347    0.162562    0.951100    0.952991    0.970808    0.955090    0.943949    800         15.619280   1.137399    0.048287    5.584223    2.764059    2.226735    4.199887    0.805238    0.214738    0.031764    -3.786506   0.002550    11.593684   6.546589    21.000000   0.215814    0.195254    0.968621    0.968236    0.048287    2.764059    4.199887    6.974367    1.118856    0.008053    0.000004    0.000064    0.200400    0.167000    0.250000    0.200400    0.100200    0.270351    0.999946    1.000000    24.294449   45.339314   0.270351    0.011171    0.999946    0.148808    0.089225    0.021235    0.911203    5.333992    0.001832    0.383604    0.000000    0.000050    0.000500    0.000005    0.000500    0.000500    0.000005    0.000025    0.000025    0.000025    0.448407    10.745053  
[37m[36mINFO[0m[0m 07/14 00:34:10 | 0.968563    0.967066    0.000000    0.953059    0.153522    0.941320    0.970085    0.968563    0.967066    0.947771    900         17.571690   1.555845    0.035033    5.527133    2.728517    2.288493    4.144481    0.766328    0.313039    0.030901    -3.996387   0.020100    11.442913   6.575210    21.000000   0.313992    0.234035    0.969719    0.969099    0.035033    2.728517    4.144481    6.868067    1.549948    0.010733    0.000009    0.000087    0.280400    0.233667    0.250000    0.280400    0.140200    0.484192    0.999820    1.000000    23.347933   45.363068   0.484192    0.020765    0.999820    0.178826    0.120731    0.012051    0.960725    5.060064    0.002584    0.283913    0.000000    0.000050    0.000500    0.000005    0.000500    0.000500    0.000005    0.000025    0.000025    0.000025    0.449146    10.641563  
[37m[36mINFO[0m[0m 07/14 00:35:07 | 0.964820    0.952096    0.000000    0.956387    0.140146    0.946210    0.970085    0.964820    0.952096    0.952866    1000        19.524100   1.997811    0.037826    5.515455    2.724085    2.306801    4.116375    0.739120    0.399010    0.029823    -4.127046   0.040100    11.390076   6.553464    21.000000   0.399707    0.261160    0.971057    0.970177    0.037826    2.724085    4.116375    6.837015    1.987822    0.013311    0.000014    0.000107    0.360400    0.300333    0.250000    0.360400    0.180200    0.718320    0.999598    1.000000    22.778517   45.382217   0.718320    0.031593    0.999598    0.204996    0.144812    0.008701    0.983076    5.765127    0.003704    0.290675    0.000000    0.000050    0.000500    0.000005    0.000500    0.000500    0.000005    0.000025    0.000025    0.000025    0.448540    10.404002  
[37m[36mINFO[0m[0m 07/14 00:36:05 | 0.954341    0.934132    0.000000    0.945868    0.193403    0.936430    0.950855    0.954341    0.934132    0.950318    1100        21.476510   2.445657    0.042631    5.518039    2.726252    2.333410    4.098770    0.719061    0.445861    0.030616    -4.292095   0.060100    11.375990   6.588072    21.000000   0.446048    0.281177    0.970542    0.969384    0.042631    2.726252    4.098770    6.824732    2.429966    0.015826    0.000020    0.000135    0.440400    0.367000    0.250000    0.440400    0.220200    0.943060    0.999276    1.000000    21.764293   45.399012   0.943060    0.043445    0.999276    0.216886    0.154159    0.010016    0.986747    6.663089    0.004980    0.299234    0.000000    0.000050    0.000500    0.000005    0.000500    0.000500    0.000005    0.000025    0.000025    0.000025    0.448141    11.030473  
[37m[36mINFO[0m[0m 07/14 00:37:03 | 0.959581    0.952096    0.000000    0.954059    0.180729    0.941320    0.974359    0.959581    0.952096    0.946497    1200        23.428920   2.883029    0.040908    5.510914    2.720659    2.367659    4.074721    0.704900    0.445795    0.030167    -4.414141   0.080100    11.317743   6.623856    21.000000   0.445669    0.295310    0.971217    0.969833    0.040908    2.720659    4.074721    6.792147    2.867743    0.018338    0.000023    0.000157    0.520400    0.433667    0.250000    0.520400    0.260200    1.152200    0.998873    1.000000    20.930996   45.408574   1.152200    0.055117    0.998873    0.222208    0.158473    0.007896    0.989123    6.813537    0.006020    0.273914    0.000000    0.000050    0.000500    0.000005    0.000500    0.000500    0.000005    0.000025    0.000025    0.000025    0.449121    10.778864  
[37m[36mINFO[0m[0m 07/14 00:38:00 | 0.964072    0.952096    0.000000    0.954942    0.152371    0.948655    0.972222    0.964072    0.952096    0.943949    1300        25.381330   3.311732    0.033434    5.500668    2.697138    2.362946    4.057487    0.690164    0.422198    0.028482    -4.503141   0.100100    11.370112   6.698017    21.000000   0.421845    0.310026    0.973085    0.971518    0.033434    2.697138    4.057487    6.743027    3.302418    0.020716    0.000025    0.000171    0.600400    0.500333    0.250000    0.600400    0.300200    1.428398    0.998318    1.000000    21.189339   45.419221   1.428398    0.067576    0.998318    0.240997    0.173039    0.004865    0.993632    6.409561    0.007153    0.251250    0.000000    0.000050    0.000500    0.000005    0.000500    0.000500    0.000005    0.000025    0.000025    0.000025    0.448641    10.971444  
[37m[36mINFO[0m[0m 07/14 00:38:58 | 0.968563    0.937126    0.000000    0.956983    0.128321    0.943765    0.967949    0.968563    0.937126    0.959236    1400        27.333740   3.742132    0.026722    5.495220    2.684028    2.338389    4.040886    0.681230    0.378141    0.028519    -4.662316   0.120100    11.313754   6.697080    21.000000   0.377674    0.318945    0.973302    0.971481    0.026722    2.684028    4.040886    6.705013    3.738640    0.023173    0.000026    0.000194    0.680400    0.567000    0.250000    0.680400    0.340200    1.674534    0.997656    1.000000    20.692123   45.428321   1.674534    0.081024    0.997656    0.250407    0.176887    0.004201    0.993462    6.063996    0.007584    0.192126    0.000000    0.000050    0.000500    0.000005    0.000500    0.000500    0.000005    0.000025    0.000025    0.000025    0.447800    11.302026  
[37m[36mINFO[0m[0m 07/14 00:39:56 | 0.956587    0.946108    0.000000    0.944012    0.186704    0.938875    0.959402    0.956587    0.946108    0.933758    1500        29.286150   4.211658    0.033775    5.523453    2.704336    2.316260    4.041493    0.668963    0.333752    0.030696    -4.813368   0.140100    11.304139   6.706768    21.000000   0.333341    0.331199    0.971800    0.969304    0.033775    2.704336    4.041493    6.731470    4.200328    0.025430    0.000025    0.000234    0.760400    0.633667    0.250000    0.760400    0.380200    1.883216    0.996813    1.000000    19.661105   45.434125   1.883216    0.095878    0.996813    0.252698    0.173820    0.005078    0.992096    7.797255    0.010423    0.224334    0.000000    0.000050    0.000500    0.000005    0.000500    0.000500    0.000005    0.000025    0.000025    0.000025    0.448354    11.107358  
[37m[36mINFO[0m[0m 07/14 00:40:54 | 0.949850    0.931138    0.000000    0.938259    0.188574    0.933985    0.950855    0.949850    0.931138    0.929936    1600        31.238560   4.692116    0.045373    5.554077    2.729093    2.279563    4.043555    0.663401    0.290658    0.032945    -4.868025   0.160100    11.410185   6.756226    21.000000   0.290197    0.336754    0.970051    0.967055    0.045373    2.729093    4.043555    6.769341    4.667250    0.027872    0.000024    0.000276    0.840400    0.700333    0.250000    0.840400    0.420200    2.078270    0.996126    1.000000    19.380062   45.438631   2.078270    0.107224    0.996126    0.253802    0.176182    0.005204    0.993081    9.096115    0.013734    0.274695    0.000000    0.000050    0.000500    0.000005    0.000500    0.000500    0.000005    0.000025    0.000025    0.000025    0.448043    11.194245  
[37m[36mINFO[0m[0m 07/14 00:41:52 | 0.964820    0.934132    0.000000    0.961003    0.128430    0.951100    0.976496    0.964820    0.934132    0.955414    1700        33.190970   5.075104    0.025159    5.508081    2.690817    2.216164    4.003082    0.656991    0.247784    0.032084    -5.000821   0.180100    11.308420   6.792377    21.000000   0.247419    0.343151    0.971205    0.967916    0.025159    2.690817    4.003082    6.669050    5.069404    0.030231    0.000023    0.000295    0.920400    0.767000    0.250000    0.920400    0.460200    2.340241    0.995038    1.000000    19.211780   45.443695   2.340241    0.122035    0.995038    0.264431    0.181615    0.004405    0.995501    6.661109    0.012367    0.173205    0.000000    0.000050    0.000500    0.000005    0.000500    0.000500    0.000005    0.000025    0.000025    0.000025    0.448489    11.640243  
[37m[36mINFO[0m[0m 07/14 00:42:51 | 0.973802    0.961078    0.000000    0.952148    0.153568    0.943765    0.957265    0.973802    0.961078    0.955414    1800        35.143380   5.442558    0.019765    5.495806    2.686418    2.065617    3.987390    0.651772    0.215870    0.033967    -5.173992   0.200100    11.283131   6.796305    21.000000   0.215561    0.348357    0.970165    0.966033    0.019765    2.686418    3.987390    6.641833    5.441907    0.032269    0.000021    0.000337    0.990200    0.833667    0.250000    0.990200    0.495100    2.562088    0.993643    1.000000    18.324218   45.450276   2.562088    0.139966    0.993643    0.271036    0.178484    0.005180    0.994021    5.987679    0.013326    0.129409    0.000000    0.000050    0.000500    0.000005    0.000500    0.000500    0.000005    0.000025    0.000025    0.000025    0.448825    11.853305  
[37m[36mINFO[0m[0m 07/14 00:43:50 | 0.963323    0.934132    0.000000    0.966777    0.121039    0.963325    0.976496    0.963323    0.934132    0.960510    1900        37.095790   5.478066    0.009036    5.489341    2.678245    1.900253    3.983063    0.648266    0.186563    0.036242    -5.310535   0.220100    11.286588   6.785616    21.000000   0.186264    0.351849    0.969050    0.963758    0.009036    2.678245    3.983063    6.617239    5.489341    0.032413    0.000019    0.000362    1.000000    0.900333    0.250000    1.000000    0.500000    2.889575    0.991648    1.000000    18.067400   45.458736   2.889575    0.160116    0.991648    0.290570    0.184771    0.005235    0.994201    4.062321    0.012906    0.074877    0.000000    0.000050    0.000500    0.000005    0.000500    0.000500    0.000005    0.000025    0.000025    0.000025    0.447308    11.991589  
[37m[36mINFO[0m[0m 07/14 00:44:48 | 0.967066    0.949102    0.000000    0.962709    0.132130    0.968215    0.959402    0.967066    0.949102    0.960510    2000        39.048200   5.501215    0.012720    5.510342    2.714941    1.627736    3.996698    0.646173    0.157467    0.039523    -5.456772   0.240100    11.181983   6.760581    21.000000   0.157218    0.353929    0.967570    0.960477    0.012720    2.714941    3.996698    6.669792    5.510342    0.032309    0.000016    0.000395    1.000000    0.967000    0.250000    1.000000    0.500000    3.162713    0.989155    1.000000    17.312902   45.463946   3.162713    0.182735    0.989155    0.307639    0.184905    0.006113    0.991585    4.535021    0.016616    0.100473    0.000000    0.000050    0.000500    0.000005    0.000500    0.000500    0.000005    0.000025    0.000025    0.000025    0.450494    11.723442  
[37m[36mINFO[0m[0m 07/14 00:45:47 | 0.967066    0.934132    0.000000    0.964777    0.118899    0.963325    0.967949    0.967066    0.934132    0.963057    2100        41.000610   5.459002    0.009380    5.473067    2.718683    1.433233    3.970402    0.641436    0.137657    0.040135    -5.593162   0.250000    11.178132   6.743388    21.000000   0.137491    0.358661    0.967878    0.959865    0.009380    2.718683    3.970402    6.642533    5.473067    0.032072    0.000014    0.000401    1.000000    1.000000    0.250000    1.000000    0.500000    3.373980    0.987248    1.000000    16.913089   45.474089   3.373980    0.199490    0.987248    0.324348    0.187580    0.004727    0.989010    3.980697    0.018126    0.081515    0.000000    0.000050    0.000500    0.000005    0.000500    0.000500    0.000005    0.000025    0.000025    0.000025    0.447384    12.428330  
[37m[36mINFO[0m[0m 07/14 00:46:46 | 0.973802    0.943114    0.000000    0.962435    0.123025    0.958435    0.965812    0.973802    0.943114    0.963057    2200        42.953020   5.456397    0.014104    5.466877    2.743832    1.301215    3.964840    0.638109    0.122262    0.041510    -5.691725   0.250000    11.154550   6.763120    21.000000   0.122124    0.361980    0.967287    0.958490    0.014104    2.743832    3.964840    6.665858    5.466877    0.031905    0.000012    0.000415    1.000000    1.000000    0.250000    1.000000    0.500000    3.476231    0.986167    1.000000    16.696632   45.484208   3.476231    0.208251    0.986167    0.337774    0.191570    0.004862    0.990910    5.243888    0.021030    0.104270    0.000000    0.000050    0.000500    0.000005    0.000500    0.000500    0.000005    0.000025    0.000025    0.000025    0.447600    12.059012  
[37m[36mINFO[0m[0m 07/14 00:47:44 | 0.973802    0.946108    0.000000    0.969016    0.112705    0.965770    0.980769    0.973802    0.946108    0.960510    2300        44.905430   5.409738    0.004936    5.430465    2.725549    1.162952    3.951395    0.635556    0.106417    0.041193    -5.786286   0.250000    11.093745   6.774130    21.000000   0.106255    0.364529    0.967778    0.958807    0.004936    2.725549    3.951395    6.624017    5.430465    0.031778    0.000011    0.000412    1.000000    1.000000    0.250000    1.000000    0.500000    3.516567    0.985359    1.000000    16.329608   45.490892   3.516567    0.215374    0.985359    0.344200    0.192102    0.004964    0.990997    3.065266    0.018825    0.041970    0.000000    0.000050    0.000500    0.000005    0.000500    0.000500    0.000005    0.000025    0.000025    0.000025    0.449116    10.570354  
[37m[36mINFO[0m[0m 07/14 00:48:41 | 0.971557    0.946108    0.000000    0.968510    0.110396    0.960880    0.976496    0.971557    0.946108    0.968153    2400        46.857840   5.379417    0.004321    5.402270    2.716097    1.034128    3.940809    0.630662    0.094610    0.042008    -5.913715   0.250000    11.056185   6.756293    21.000000   0.094514    0.369419    0.967650    0.957992    0.004321    2.716097    3.940809    6.602090    5.402270    0.031533    0.000009    0.000420    1.000000    1.000000    0.250000    1.000000    0.500000    3.656761    0.984140    1.000000    16.396544   45.499665   3.656761    0.223031    0.984140    0.360984    0.198305    0.004501    0.991906    2.987899    0.020415    0.042342    0.000000    0.000050    0.000500    0.000005    0.000500    0.000500    0.000005    0.000025    0.000025    0.000025    0.448805    10.944792  
[37m[36mINFO[0m[0m 07/14 00:49:39 | 0.976048    0.943114    0.000000    0.965352    0.119386    0.963325    0.972222    0.976048    0.943114    0.960510    2500        48.810250   5.374964    0.003829    5.399599    2.733799    0.927877    3.939912    0.628372    0.085543    0.041681    -6.030695   0.250000    11.003614   6.774613    21.000000   0.085466    0.371704    0.968070    0.958319    0.003829    2.733799    3.939912    6.617232    5.399599    0.031419    0.000009    0.000417    1.000000    1.000000    0.250000    1.000000    0.500000    3.701051    0.983434    1.000000    16.200085   45.505165   3.701051    0.228468    0.983434    0.367050    0.199946    0.004134    0.991680    2.636553    0.020966    0.035021    0.000000    0.000050    0.000500    0.000005    0.000500    0.000500    0.000005    0.000025    0.000025    0.000025    0.448020    11.149516  
[37m[36mINFO[0m[0m 07/14 00:50:37 | 0.977545    0.955090    0.000000    0.965708    0.117422    0.958435    0.974359    0.977545    0.955090    0.964331    2600        50.762660   5.358270    0.003563    5.384464    2.725221    0.860330    3.935820    0.624805    0.079542    0.042570    -6.143117   0.250000    11.076370   6.767446    21.000000   0.079493    0.375268    0.967592    0.957430    0.003563    2.725221    3.935820    6.603173    5.384464    0.031240    0.000008    0.000426    1.000000    1.000000    0.250000    1.000000    0.500000    3.732910    0.982825    1.000000    15.964390   45.511713   3.732910    0.233852    0.982825    0.369799    0.201115    0.003451    0.992072    2.471845    0.021424    0.034210    0.000000    0.000050    0.000500    0.000005    0.000500    0.000500    0.000005    0.000025    0.000025    0.000025    0.447534    11.451004  
[37m[36mINFO[0m[0m 07/14 00:51:35 | 0.965569    0.931138    0.000000    0.965318    0.127938    0.955990    0.974359    0.965569    0.931138    0.965605    2700        52.715070   5.366125    0.004798    5.392116    2.730135    0.842116    3.942837    0.621689    0.075098    0.043665    -6.231794   0.250000    11.092245   6.759167    21.000000   0.075060    0.378382    0.966897    0.956335    0.004798    2.730135    3.942837    6.615452    5.392116    0.031084    0.000008    0.000437    1.000000    1.000000    0.250000    1.000000    0.500000    3.760286    0.982370    1.000000    15.813438   45.516075   3.760286    0.237839    0.982370    0.372000    0.201648    0.002992    0.992626    3.203229    0.022427    0.046252    0.000000    0.000050    0.000500    0.000005    0.000500    0.000500    0.000005    0.000025    0.000025    0.000025    0.447989    11.208218  
[37m[36mINFO[0m[0m 07/14 00:52:33 | 0.977545    0.949102    0.000000    0.964524    0.132788    0.960880    0.965812    0.977545    0.949102    0.966879    2800        54.667480   5.364245    0.004405    5.391695    2.731527    0.813997    3.944532    0.619533    0.071824    0.042964    -6.326885   0.250000    11.064864   6.765688    21.000000   0.071803    0.380535    0.967368    0.957036    0.004405    2.731527    3.944532    6.617196    5.391695    0.030977    0.000007    0.000430    1.000000    1.000000    0.250000    1.000000    0.500000    3.703831    0.982265    1.000000    15.383605   45.519031   3.703831    0.240822    0.982265    0.365845    0.198653    0.002985    0.991481    3.111977    0.022568    0.041988    0.000000    0.000050    0.000500    0.000005    0.000500    0.000500    0.000005    0.000025    0.000025    0.000025    0.448484    11.436210  
[37m[36mINFO[0m[0m 07/14 00:53:31 | 0.972305    0.937126    0.000000    0.965030    0.119236    0.955990    0.972222    0.972305    0.937126    0.966879    2900        56.619890   5.341743    0.005145    5.369407    2.733176    0.796854    3.923134    0.617191    0.070082    0.043005    -6.410484   0.250000    11.011776   6.822859    21.000000   0.070055    0.382875    0.967309    0.956995    0.005145    2.733176    3.923134    6.597349    5.369407    0.030860    0.000007    0.000430    1.000000    1.000000    0.250000    1.000000    0.500000    3.665724    0.982064    1.000000    14.999800   45.522195   3.665724    0.244398    0.982064    0.360588    0.195536    0.003267    0.989788    2.909721    0.022885    0.043998    0.000000    0.000050    0.000500    0.000005    0.000500    0.000500    0.000005    0.000025    0.000025    0.000025    0.447603    11.552026  
[37m[36mINFO[0m[0m 07/14 00:54:30 | 0.962575    0.934132    0.000000    0.962654    0.129108    0.953545    0.970085    0.962575    0.934132    0.964331    3000        58.572300   5.327849    0.001892    5.360051    2.718752    0.741497    3.926525    0.614551    0.066627    0.042633    -6.525471   0.250000    11.004980   6.839234    21.000000   0.066587    0.385513    0.967634    0.957367    0.001892    2.718752    3.926525    6.581915    5.360051    0.030728    0.000007    0.000426    1.000000    1.000000    0.250000    1.000000    0.500000    3.695667    0.981606    1.000000    14.906049   45.526514   3.695667    0.247937    0.981606    0.363167    0.196458    0.003285    0.989828    2.222665    0.022072    0.018833    0.000000    0.000050    0.000500    0.000005    0.000500    0.000500    0.000005    0.000025    0.000025    0.000025    0.449052    11.627585  
[37m[36mINFO[0m[0m 07/14 00:55:28 | 0.971557    0.937126    0.000000    0.955203    0.189358    0.948655    0.961538    0.971557    0.937126    0.955414    3100        60.524710   5.347433    0.006255    5.376106    2.739974    0.746686    3.931450    0.612218    0.062837    0.043852    -6.598355   0.250000    11.070083   6.818477    21.000000   0.062804    0.387844    0.966742    0.956148    0.006255    2.739974    3.931450    6.611695    5.376106    0.030611    0.000006    0.000439    1.000000    1.000000    0.250000    1.000000    0.500000    3.629231    0.981622    1.000000    14.584312   45.526036   3.629231    0.248821    0.981622    0.357623    0.192569    0.003618    0.988054    3.735060    0.024242    0.048362    0.000000    0.000050    0.000500    0.000005    0.000500    0.000500    0.000005    0.000025    0.000025    0.000025    0.447232    11.867107  
[37m[36mINFO[0m[0m 07/14 00:56:27 | 0.976796    0.952096    0.000000    0.965030    0.119820    0.955990    0.972222    0.976796    0.952096    0.966879    3200        62.477120   5.323255    0.002113    5.357170    2.720877    0.707053    3.926027    0.609479    0.059325    0.042921    -6.693810   0.250000    11.013755   6.820003    21.000000   0.059290    0.390580    0.967610    0.957079    0.002113    2.720877    3.926027    6.582078    5.357170    0.030474    0.000006    0.000429    1.000000    1.000000    0.250000    1.000000    0.500000    3.725313    0.981010    1.000000    14.726773   45.530721   3.725313    0.253004    0.981010    0.366466    0.196893    0.003235    0.989844    2.082404    0.022271    0.019154    0.000000    0.000050    0.000500    0.000005    0.000500    0.000500    0.000005    0.000025    0.000025    0.000025    0.448436    11.870055  
[37m[36mINFO[0m[0m 07/14 00:57:26 | 0.973802    0.946108    0.000000    0.966969    0.115365    0.968215    0.965812    0.973802    0.946108    0.966879    3300        64.429530   5.328309    0.005042    5.360278    2.735630    0.702019    3.922261    0.609896    0.055889    0.044246    -6.795332   0.250000    11.037583   6.833899    21.000000   0.055851    0.390163    0.966637    0.955754    0.005042    2.735630    3.922261    6.594979    5.360278    0.030495    0.000006    0.000442    1.000000    1.000000    0.250000    1.000000    0.500000    3.679172    0.980775    1.000000    14.386970   45.531694   3.679172    0.255724    0.980775    0.361293    0.194164    0.003210    0.989550    2.875145    0.023733    0.038318    0.000000    0.000050    0.000500    0.000005    0.000500    0.000500    0.000005    0.000025    0.000025    0.000025    0.449244    11.995817  
[37m[36mINFO[0m[0m 07/14 00:58:23 | 0.980539    0.946108    0.000000    0.967270    0.111583    0.968215    0.974359    0.980539    0.946108    0.959236    3400        66.381940   5.297805    0.001369    5.334329    2.711133    0.675177    3.911245    0.608839    0.051586    0.043630    -6.877654   0.250000    11.006519   6.827919    21.000000   0.051548    0.391218    0.967005    0.956370    0.001369    2.711133    3.911245    6.554970    5.334329    0.030442    0.000005    0.000436    1.000000    1.000000    0.250000    1.000000    0.500000    3.629243    0.980721    1.000000    14.050816   45.534138   3.629243    0.258295    0.980721    0.354233    0.190705    0.003550    0.989104    1.889673    0.022552    0.011800    0.000000    0.000050    0.000500    0.000005    0.000500    0.000500    0.000005    0.000025    0.000025    0.000025    0.448964    10.560789  
[37m[36mINFO[0m[0m 07/14 00:59:21 | 0.966317    0.958084    0.000000    0.959990    0.154116    0.960880    0.963675    0.966317    0.958084    0.955414    3500        68.334350   5.314172    0.003495    5.349575    2.728427    0.665364    3.918825    0.607357    0.048321    0.044336    -6.971354   0.250000    11.002903   6.811850    21.000000   0.048290    0.392699    0.966630    0.955664    0.003495    2.728427    3.918825    6.581033    5.349575    0.030368    0.000005    0.000443    1.000000    1.000000    0.250000    1.000000    0.500000    3.701060    0.980176    1.000000    14.198687   45.537964   3.701060    0.260660    0.980176    0.362123    0.195506    0.002997    0.991146    2.666479    0.023783    0.026166    0.000000    0.000050    0.000500    0.000005    0.000500    0.000500    0.000005    0.000025    0.000025    0.000025    0.447546    10.956151  
[37m[36mINFO[0m[0m 07/14 01:00:19 | 0.964072    0.940120    0.000000    0.965236    0.120469    0.960880    0.967949    0.964072    0.940120    0.966879    3600        70.286760   5.297620    0.001780    5.335803    2.717922    0.644630    3.912379    0.605891    0.045873    0.044167    -7.070323   0.250000    11.022267   6.825536    21.000000   0.045854    0.394164    0.966671    0.955833    0.001780    2.717922    3.912379    6.561377    5.335803    0.030295    0.000005    0.000442    1.000000    1.000000    0.250000    1.000000    0.500000    3.675122    0.980298    1.000000    14.103998   45.537974   3.675122    0.260586    0.980298    0.360493    0.194443    0.003111    0.991306    2.155996    0.023248    0.017743    0.000000    0.000050    0.000500    0.000005    0.000500    0.000500    0.000005    0.000025    0.000025    0.000025    0.448164    10.830938  
[37m[36mINFO[0m[0m 07/14 01:01:16 | 0.967066    0.949102    0.000000    0.963606    0.146775    0.955990    0.967949    0.967066    0.949102    0.966879    3700        72.239170   5.302134    0.001778    5.341376    2.714323    0.604160    3.923798    0.604208    0.043406    0.044179    -7.167615   0.250000    10.950269   6.879097    21.000000   0.043376    0.395847    0.966666    0.955821    0.001778    2.714323    3.923798    6.568224    5.341376    0.030210    0.000004    0.000442    1.000000    1.000000    0.250000    1.000000    0.500000    3.582123    0.980160    1.000000    13.595802   45.538851   3.582123    0.263482    0.980160    0.349265    0.187702    0.003385    0.988737    2.072242    0.023151    0.014106    0.000000    0.000050    0.000500    0.000005    0.000500    0.000500    0.000005    0.000025    0.000025    0.000025    0.448051    10.755847  
[37m[36mINFO[0m[0m 07/14 01:02:14 | 0.970808    0.958084    0.000000    0.958510    0.141702    0.965770    0.965812    0.970808    0.958084    0.943949    3800        74.191580   5.311123    0.004776    5.347650    2.734188    0.654099    3.915146    0.603885    0.040775    0.045664    -7.195732   0.250000    11.038135   6.896361    21.000000   0.040752    0.396168    0.965548    0.954336    0.004776    2.734188    3.915146    6.582152    5.347650    0.030194    0.000004    0.000457    1.000000    1.000000    0.250000    1.000000    0.500000    3.619813    0.979948    1.000000    13.670036   45.541937   3.619813    0.264802    0.979948    0.352835    0.189810    0.003047    0.991934    3.132220    0.024630    0.033654    0.000000    0.000050    0.000500    0.000005    0.000500    0.000500    0.000005    0.000025    0.000025    0.000025    0.447825    11.206499  
[37m[36mINFO[0m[0m 07/14 01:03:12 | 0.955838    0.931138    0.000000    0.959312    0.161190    0.968215    0.959402    0.955838    0.931138    0.950318    3900        76.143990   5.281364    0.002034    5.321706    2.716888    0.620073    3.901255    0.602331    0.038215    0.043992    -7.293626   0.250000    10.969013   6.899112    21.000000   0.038187    0.397722    0.966650    0.956008    0.002034    2.716888    3.901255    6.547241    5.321706    0.030117    0.000004    0.000440    1.000000    1.000000    0.250000    1.000000    0.500000    3.566215    0.980108    1.000000    13.421749   45.541478   3.566215    0.265712    0.980108    0.347029    0.186685    0.003216    0.990484    2.083906    0.023017    0.015352    0.000000    0.000050    0.000500    0.000005    0.000500    0.000500    0.000005    0.000025    0.000025    0.000025    0.448082    11.033700  
[37m[36mINFO[0m[0m 07/14 01:04:10 | 0.957335    0.946108    0.000000    0.963181    0.140526    0.955990    0.967949    0.957335    0.946108    0.965605    4000        78.096400   5.312613    0.005085    5.350439    2.739132    0.656311    3.915242    0.600271    0.035386    0.045938    -7.338755   0.250000    11.038362   6.926303    21.000000   0.035358    0.399782    0.965288    0.954062    0.005085    2.739132    3.915242    6.586071    5.350439    0.030014    0.000004    0.000459    1.000000    1.000000    0.250000    1.000000    0.500000    3.600913    0.979684    1.000000    13.405711   45.545205   3.600913    0.268620    0.979684    0.349537    0.188045    0.002987    0.991306    3.646185    0.025621    0.043441    0.000000    0.000050    0.000500    0.000005    0.000500    0.000500    0.000005    0.000025    0.000025    0.000025    0.446673    12.000169  
[37m[36mINFO[0m[0m 07/14 01:05:08 | 0.942365    0.922156    0.000000    0.937307    0.226579    0.921760    0.955128    0.942365    0.922156    0.935032    4100        80.048810   5.331199    0.014875    5.359340    2.759839    0.709220    3.908498    0.601931    0.032752    0.046805    -7.358355   0.250000    11.047537   6.937230    21.000000   0.032727    0.398121    0.964420    0.953195    0.014875    2.759839    3.908498    6.609629    5.359340    0.030097    0.000003    0.000468    1.000000    1.000000    0.250000    1.000000    0.500000    3.469687    0.980244    1.000000    12.994860   45.542950   3.469687    0.267009    0.980244    0.336352    0.181995    0.003112    0.991063    5.957377    0.027562    0.094468    0.000000    0.000050    0.000500    0.000005    0.000500    0.000500    0.000005    0.000025    0.000025    0.000025    0.446769    11.666670  
[37m[36mINFO[0m[0m 07/14 01:06:07 | 0.949850    0.934132    0.000000    0.950888    0.175090    0.924205    0.967949    0.949850    0.934132    0.960510    4200        82.001220   5.452317    0.044643    5.449316    2.830949    0.864609    3.947380    0.601995    0.030647    0.052092    -7.226625   0.250000    11.135750   6.999791    21.000000   0.030626    0.398059    0.959809    0.947908    0.044643    2.830949    3.947380    6.750707    5.449316    0.030100    0.000003    0.000521    1.000000    1.000000    0.250000    1.000000    0.500000    3.285837    0.981582    1.000000    12.557728   45.539457   3.285837    0.261560    0.981582    0.317951    0.175013    0.002704    0.991853    9.963233    0.034376    0.193772    0.000000    0.000050    0.000500    0.000005    0.000500    0.000500    0.000005    0.000025    0.000025    0.000025    0.448446    12.083006  
[37m[36mINFO[0m[0m 07/14 01:07:06 | 0.959581    0.934132    0.000000    0.952915    0.156185    0.948655    0.950855    0.959581    0.934132    0.959236    4300        83.953630   5.353355    0.016690    5.379654    2.764871    0.757711    3.921447    0.597935    0.028323    0.048438    -7.337268   0.250000    11.061888   7.043284    21.000000   0.028301    0.402118    0.962595    0.951562    0.016690    2.764871    3.921447    6.629635    5.379654    0.029897    0.000003    0.000484    1.000000    1.000000    0.250000    1.000000    0.500000    3.246316    0.981300    1.000000    12.239823   45.537739   3.246316    0.265245    0.981300    0.311624    0.170061    0.003088    0.989637    6.051721    0.026910    0.081581    0.000000    0.000050    0.000500    0.000005    0.000500    0.000500    0.000005    0.000025    0.000025    0.000025    0.448517    12.167632  
[37m[36mINFO[0m[0m 07/14 01:08:04 | 0.965569    0.952096    0.000000    0.966489    0.105111    0.963325    0.974359    0.965569    0.952096    0.961783    4400        85.906040   5.270184    0.002703    5.311917    2.712229    0.652619    3.890541    0.599787    0.026483    0.045504    -7.488355   0.250000    11.001076   7.021329    21.000000   0.026466    0.400264    0.965019    0.954496    0.002703    2.712229    3.890541    6.530589    5.311917    0.029989    0.000003    0.000455    1.000000    1.000000    0.250000    1.000000    0.500000    3.307149    0.980722    1.000000    12.299773   45.542135   3.307149    0.268876    0.980722    0.317343    0.173053    0.002593    0.990735    2.416403    0.023951    0.021054    0.000000    0.000050    0.000500    0.000005    0.000500    0.000500    0.000005    0.000025    0.000025    0.000025    0.449785    10.565757  
[37m[36mINFO[0m[0m 07/14 01:09:02 | 0.961078    0.946108    0.000000    0.959620    0.131884    0.955990    0.957265    0.961078    0.946108    0.965605    4500        87.858450   5.276966    0.002474    5.320158    2.715090    0.620397    3.900573    0.596701    0.024993    0.045063    -7.595343   0.250000    11.034703   7.032879    21.000000   0.024979    0.403350    0.965527    0.954937    0.002474    2.715090    3.900573    6.542184    5.320158    0.029835    0.000002    0.000451    1.000000    1.000000    0.250000    1.000000    0.500000    3.391186    0.980156    1.000000    12.453975   45.546681   3.391186    0.272293    0.980156    0.325253    0.177876    0.002570    0.993264    2.459705    0.023517    0.020068    0.000000    0.000050    0.000500    0.000005    0.000500    0.000500    0.000005    0.000025    0.000025    0.000025    0.447919    11.013335  
[37m[36mINFO[0m[0m 07/14 01:09:59 | 0.965569    0.952096    0.000000    0.967695    0.106557    0.968215    0.974359    0.965569    0.952096    0.960510    4600        89.810860   5.257303    0.001304    5.302653    2.707730    0.586539    3.890134    0.596640    0.023502    0.045272    -7.694145   0.250000    11.033801   7.018665    21.000000   0.023487    0.403409    0.965589    0.954728    0.001304    2.707730    3.890134    6.522227    5.302653    0.029832    0.000002    0.000453    1.000000    1.000000    0.250000    1.000000    0.500000    3.425143    0.979619    1.000000    12.422331   45.549723   3.425143    0.275730    0.979619    0.328175    0.178636    0.002460    0.992932    1.808975    0.022889    0.011226    0.000000    0.000050    0.000500    0.000005    0.000500    0.000500    0.000005    0.000025    0.000025    0.000025    0.449216    10.671900  
[37m[36mINFO[0m[0m 07/14 01:10:57 | 0.965569    0.943114    0.000000    0.968681    0.105847    0.958435    0.974359    0.965569    0.943114    0.973248    4700        91.763270   5.257802    0.001019    5.304581    2.702524    0.544785    3.898841    0.594794    0.022144    0.044196    -7.798253   0.250000    11.020466   6.987251    21.000000   0.022131    0.405255    0.966413    0.955804    0.001019    2.702524    3.898841    6.524401    5.304581    0.029740    0.000002    0.000442    1.000000    1.000000    0.250000    1.000000    0.500000    3.392727    0.979464    1.000000    12.225368   45.551143   3.392727    0.277516    0.979464    0.324560    0.176540    0.002604    0.992022    1.714420    0.023211    0.008563    0.000000    0.000050    0.000500    0.000005    0.000500    0.000500    0.000005    0.000025    0.000025    0.000025    0.449260    10.948501  
[37m[36mINFO[0m[0m 07/14 01:11:54 | 0.965569    0.943114    0.000000    0.962024    0.130241    0.948655    0.974359    0.965569    0.943114    0.963057    4800        93.715680   5.250427    0.000696    5.298645    2.702203    0.542235    3.893320    0.593773    0.020815    0.044075    -7.904553   0.250000    10.983288   6.989827    21.000000   0.020800    0.406275    0.966458    0.955925    0.000696    2.702203    3.893320    6.517174    5.298645    0.029689    0.000002    0.000441    1.000000    1.000000    0.250000    1.000000    0.500000    3.376292    0.979490    1.000000    12.150968   45.552341   3.376292    0.277862    0.979490    0.323390    0.175692    0.002581    0.992004    1.735840    0.023479    0.005225    0.000000    0.000050    0.000500    0.000005    0.000500    0.000500    0.000005    0.000025    0.000025    0.000025    0.449060    10.879958  
[37m[36mINFO[0m[0m 07/14 01:12:52 | 0.967066    0.940120    0.000000    0.972838    0.106468    0.965770    0.980769    0.967066    0.940120    0.971975    4900        95.668090   5.229835    0.001391    5.278002    2.699205    0.541956    3.874204    0.595902    0.019033    0.045285    -7.980704   0.250000    11.015943   6.994163    21.000000   0.019015    0.404146    0.965555    0.954715    0.001391    2.699205    3.874204    6.494992    5.278002    0.029795    0.000002    0.000453    1.000000    1.000000    0.250000    1.000000    0.500000    3.378540    0.979369    1.000000    12.116897   45.553924   3.378540    0.278823    0.979369    0.323212    0.175533    0.002647    0.992794    1.781851    0.023317    0.010014    0.000000    0.000050    0.000500    0.000005    0.000500    0.000500    0.000005    0.000025    0.000025    0.000025    0.448641    11.361126  
[37m[36mINFO[0m[0m 07/14 01:13:50 | 0.969311    0.955090    0.000000    0.963585    0.119667    0.958435    0.974359    0.969311    0.955090    0.957962    5000        97.620500   5.238698    0.000718    5.288735    2.700613    0.517494    3.886679    0.593228    0.017517    0.044097    -8.085968   0.250000    10.970175   7.016115    21.000000   0.017502    0.406820    0.966373    0.955903    0.000718    2.700613    3.886679    6.507151    5.288735    0.029661    0.000002    0.000441    1.000000    1.000000    0.250000    1.000000    0.500000    3.341576    0.979460    1.000000    11.960348   45.553978   3.341576    0.279391    0.979460    0.319347    0.172978    0.002679    0.991909    1.598889    0.023225    0.004944    0.000000    0.000050    0.000500    0.000005    0.000500    0.000500    0.000005    0.000025    0.000025    0.000025    0.447145    11.159478  
[37m[36mINFO[0m[0m 07/14 01:13:50 | ---
[37m[33mWARNING[0m[0m 07/14 01:13:50 | Evaluate SWAD ...
[37m[36mINFO[0m[0m 07/14 01:14:02 | 0.985030    0.964072    0.000000    0.975708    0.266176    0.973105    0.980769    0.985030    0.964072    0.973248    [101-5000]  (N=50)
[37m[36mINFO[0m[0m 07/14 01:14:02 | oracle = 96.856%
[37m[36mINFO[0m[0m 07/14 01:14:02 | iid = 96.707%
[37m[36mINFO[0m[0m 07/14 01:14:02 | last = 96.931%
[37m[36mINFO[0m[0m 07/14 01:14:02 | last (inD) = 96.359%
[37m[36mINFO[0m[0m 07/14 01:14:02 | iid (inD) = 97.284%
[37m[36mINFO[0m[0m 07/14 01:14:02 | SWAD = 98.503%
[37m[36mINFO[0m[0m 07/14 01:14:02 | SWAD (inD) = 97.571%
[37m[36mINFO[0m[0m 07/14 01:14:03 | 
[37m[36mINFO[0m[0m 07/14 01:14:08 | Testenv name escaping te_sketch -> te_sketch
[37m[36mINFO[0m[0m 07/14 01:14:08 | Test envs = [3], name = te_sketch
[37m[36mINFO[0m[0m 07/14 01:14:08 | Batch sizes for each domain: [32, 32, 32, 0] (total=96)
[37m[36mINFO[0m[0m 07/14 01:14:08 | steps-per-epoch for each domain: 51.22, 58.62, 41.75 -> min = 41.75
[37m[36mINFO[0m[0m 07/14 01:14:10 | # of params = 53365703
[37m[36mINFO[0m[0m 07/14 01:14:24 | test_in     test_out    train_in    train_out   tr_outloss  env0_out    env1_out    env2_out    env3_in     env3_out    step        epoch       loss        loss_cls    loss_ccc    loss_cross  loss_int    loss_ref    loss_isr    loss_orth   loss_inv    loss_gt     piccl_alph  paired_res  domain_res  valid_doma  basis_orth  response_c  raw_interv  mediator_i  ce_loss     sup_cl_los  pre_cl_los  dccl_total  weighted_l  weighted_l  weighted_l  weighted_l  piccl_loss  piccl_feat  residual_s  piccl_loss  connectivi  residual_d  fused_orig  piccl_exec  original_f  piccl_feat  feature_de  feature_de  original_f  gate_mean   gate_std    gate_min    gate_max    backbone_g  piccl_grad  classifier  has_nan_or  param_grou  param_grou  param_grou  param_grou  param_grou  param_grou  param_grou  param_grou  param_grou  step_time   eval_time  
[37m[36mINFO[0m[0m 07/14 01:14:24 | 0.126908    0.128662    0.000000    0.335267    1.919051    0.283619    0.267094    0.455090    0.126908    0.128662    0           0.000000    1.949863    2.007428    7.418599    4.821468    1.753269    5.007865    0.000000    0.113467    0.097532    -5.756462   0.000000    0.000000    0.000000    21.000000   0.113467    0.000000    0.902468    0.902468    2.007428    4.821468    5.007865    11.779197   0.000000    0.000000    0.000000    0.000000    0.000000    0.000000    0.250000    0.000000    0.000000    0.000000    1.000000    1.000000    26.046446   45.253448   0.000000    0.000000    1.000000    0.075858    0.000000    0.075858    0.075858    4.306220    0.000000    5.372877    0.000000    0.000050    0.000500    0.000005    0.000500    0.000500    0.000005    0.000025    0.000025    0.000025    0.427857    13.592637  
[37m[36mINFO[0m[0m 07/14 01:15:24 | 0.702290    0.709554    0.000000    0.952997    0.128754    0.929095    0.950855    0.979042    0.702290    0.709554    100         2.395210    0.340108    0.347626    6.655820    3.662987    1.799403    4.824327    0.991651    0.113467    0.047941    -0.751782   0.000000    13.151591   2.354953    21.000000   0.113467    0.008349    0.952059    0.952059    0.347626    3.662987    4.824327    8.827422    0.000000    0.000000    0.000000    0.000000    0.000000    0.000000    0.250000    0.000000    0.000000    0.000000    1.000000    1.000000    39.346127   45.254204   0.000000    0.000000    1.000000    0.075858    0.000000    0.075858    0.075858    6.631005    0.000000    2.067914    0.000000    0.000050    0.000500    0.000005    0.000500    0.000500    0.000005    0.000025    0.000025    0.000025    0.448399    13.394416  
[37m[36mINFO[0m[0m 07/14 01:16:25 | 0.726781    0.733758    0.000000    0.956117    0.125005    0.938875    0.944444    0.985030    0.726781    0.733758    200         4.790419    0.079905    0.102517    6.411725    3.346376    1.669634    4.738537    0.991676    0.113467    0.040817    -2.261182   0.000000    12.476616   4.311460    21.000000   0.113467    0.008324    0.959184    0.959184    0.102517    3.346376    4.738537    8.164818    0.000000    0.000000    0.000000    0.000000    0.000000    0.000000    0.250000    0.000000    0.000000    0.000000    1.000000    1.000000    33.197433   45.254069   0.000000    0.000000    1.000000    0.075858    0.000000    0.075858    0.075858    5.487093    0.000000    0.860820    0.000000    0.000050    0.000500    0.000005    0.000500    0.000500    0.000005    0.000025    0.000025    0.000025    0.447534    13.957818  
[37m[36mINFO[0m[0m 07/14 01:17:25 | 0.792303    0.797452    0.000000    0.957666    0.135024    0.948655    0.942308    0.982036    0.792303    0.797452    300         7.185629    0.037431    0.065445    6.329384    3.232641    1.676316    4.713063    0.991620    0.113467    0.036107    -2.801449   0.000000    12.192354   4.960017    21.000000   0.113467    0.008380    0.963893    0.963893    0.065445    3.232641    4.713063    7.983135    0.000000    0.000000    0.000000    0.000000    0.000000    0.000000    0.250000    0.000000    0.000000    0.000000    1.000000    1.000000    30.187400   45.253918   0.000000    0.000000    1.000000    0.075858    0.000000    0.075858    0.075858    4.902397    0.000000    0.642752    0.000000    0.000050    0.000500    0.000005    0.000500    0.000500    0.000005    0.000025    0.000025    0.000025    0.447858    13.616225  
[37m[36mINFO[0m[0m 07/14 01:18:26 | 0.806298    0.817834    0.000000    0.958459    0.131050    0.943765    0.946581    0.985030    0.806298    0.817834    400         9.580838    0.018834    0.050906    6.288069    3.186805    1.704900    4.694666    0.991654    0.113467    0.034866    -3.207209   0.000000    11.926591   5.248478    21.000000   0.113467    0.008346    0.965134    0.965134    0.050906    3.186805    4.694666    7.900305    0.000000    0.000000    0.000000    0.000000    0.000000    0.000000    0.250000    0.000000    0.000000    0.000000    1.000000    1.000000    28.346028   45.253798   0.000000    0.000000    1.000000    0.075858    0.000000    0.075858    0.075858    4.182253    0.000000    0.461979    0.000000    0.000050    0.000500    0.000005    0.000500    0.000500    0.000005    0.000025    0.000025    0.000025    0.447965    13.633070  
[37m[36mINFO[0m[0m 07/14 01:19:25 | 0.802481    0.792357    0.000000    0.971241    0.100287    0.946210    0.976496    0.991018    0.802481    0.792357    500         11.976048   0.010626    0.045357    6.273468    3.156591    1.709078    4.695173    0.991728    0.113467    0.033577    -3.473088   0.000000    11.922339   5.357269    21.000000   0.113467    0.008272    0.966423    0.966423    0.045357    3.156591    4.695173    7.862390    0.000000    0.000000    0.000000    0.000000    0.000000    0.000000    0.250000    0.000000    0.000000    0.000000    1.000000    1.000000    27.196003   45.253703   0.000000    0.000000    1.000000    0.075858    0.000000    0.075858    0.075858    4.282457    0.000000    0.436279    0.000000    0.000050    0.000500    0.000005    0.000500    0.000500    0.000005    0.000025    0.000025    0.000025    0.448340    12.370557  
[37m[36mINFO[0m[0m 07/14 01:20:25 | 0.782761    0.800000    0.000000    0.971816    0.082761    0.963325    0.970085    0.982036    0.782761    0.800000    600         14.371257   0.209006    0.018937    5.694925    2.827963    1.992160    4.280944    0.964112    0.074996    0.031555    -3.725628   0.000000    11.807018   5.385504    21.000000   0.074384    0.036635    0.968487    0.968445    0.018937    2.827963    4.280944    7.090587    0.225392    0.001921    0.000000    0.000013    0.040400    0.033667    0.250000    0.040400    0.020200    0.023432    0.999999    1.000000    26.757451   45.269808   0.023432    0.000886    0.999999    0.082883    0.010165    0.055763    0.210172    2.601486    0.000195    0.208465    0.000000    0.000050    0.000500    0.000005    0.000500    0.000500    0.000005    0.000025    0.000025    0.000025    0.448109    12.585828  
[37m[36mINFO[0m[0m 07/14 01:21:24 | 0.751908    0.773248    0.000000    0.966088    0.113994    0.938875    0.974359    0.985030    0.751908    0.773248    700         16.766467   0.636039    0.021228    5.395861    2.733782    2.229880    4.028970    0.883020    0.071317    0.030553    -3.977089   0.000000    11.714762   5.334518    21.000000   0.071992    0.117683    0.969626    0.969447    0.021228    2.733782    4.028970    6.744209    0.649250    0.005294    0.000001    0.000037    0.120400    0.100333    0.250000    0.120400    0.060200    0.126478    0.999988    1.000000    25.638697   45.319872   0.126478    0.004942    0.999988    0.123105    0.061779    0.026018    0.798496    3.154013    0.000768    0.209310    0.000000    0.000050    0.000500    0.000005    0.000500    0.000500    0.000005    0.000025    0.000025    0.000025    0.446850    12.955024  
[37m[36mINFO[0m[0m 07/14 01:22:24 | 0.748410    0.742675    0.000000    0.968944    0.099028    0.955990    0.965812    0.985030    0.748410    0.742675    800         19.161677   1.053987    0.022278    5.309224    2.710940    2.305914    3.951368    0.832481    0.184441    0.030696    -4.055454   0.002550    11.825571   5.308570    21.000000   0.185681    0.167953    0.969701    0.969304    0.022278    2.710940    3.951368    6.644031    1.063869    0.008329    0.000004    0.000062    0.200400    0.167000    0.250000    0.200400    0.100200    0.328276    0.999925    1.000000    25.319699   45.360481   0.328276    0.012959    0.999925    0.174195    0.120347    0.013644    0.970908    4.122919    0.001482    0.222180    0.000000    0.000050    0.000500    0.000005    0.000500    0.000500    0.000005    0.000025    0.000025    0.000025    0.447315    12.690322  
[37m[36mINFO[0m[0m 07/14 01:23:23 | 0.753817    0.754140    0.000000    0.955333    0.155449    0.916870    0.970085    0.979042    0.753817    0.754140    900         21.556886   1.486057    0.030068    5.300910    2.728080    2.348888    3.917965    0.800579    0.281106    0.030131    -4.159109   0.020100    11.922368   5.345972    21.000000   0.281752    0.199738    0.970534    0.969869    0.030068    2.728080    3.917965    6.634521    1.486273    0.011215    0.000008    0.000084    0.280400    0.233667    0.250000    0.280400    0.140200    0.565208    0.999776    1.000000    24.692413   45.387247   0.565208    0.022897    0.999776    0.211477    0.153742    0.009162    0.991533    5.602565    0.002485    0.265881    0.000000    0.000050    0.000500    0.000005    0.000500    0.000500    0.000005    0.000025    0.000025    0.000025    0.448414    12.835156  
[37m[36mINFO[0m[0m 07/14 01:24:23 | 0.747455    0.738854    0.000000    0.962404    0.128274    0.946210    0.967949    0.973054    0.747455    0.738854    1000        23.952096   1.927625    0.042690    5.311332    2.732176    2.385827    3.906943    0.776715    0.322375    0.029147    -4.289529   0.040100    11.817766   5.399586    21.000000   0.322621    0.223557    0.971671    0.970853    0.042690    2.732176    3.906943    6.638914    1.913724    0.013990    0.000012    0.000105    0.360400    0.300333    0.250000    0.360400    0.180200    0.776017    0.999550    1.000000    23.020594   45.403477   0.776017    0.033673    0.999550    0.216653    0.161644    0.006587    0.994664    6.421809    0.003737    0.295215    0.000000    0.000050    0.000500    0.000005    0.000500    0.000500    0.000005    0.000025    0.000025    0.000025    0.448427    13.137216  
[37m[36mINFO[0m[0m 07/14 01:25:23 | 0.759224    0.757962    0.000000    0.966705    0.105517    0.953545    0.961538    0.985030    0.759224    0.757962    1100        26.347305   2.328181    0.026726    5.288113    2.705004    2.416504    3.877534    0.757286    0.338089    0.027344    -4.422368   0.060100    11.747855   5.451495    21.000000   0.338164    0.242957    0.973649    0.972656    0.026726    2.705004    3.877534    6.565040    2.328874    0.016669    0.000015    0.000121    0.440400    0.367000    0.250000    0.440400    0.220200    1.046055    0.999200    1.000000    23.368734   45.417735   1.046055    0.044843    0.999200    0.240129    0.182063    0.003872    0.996438    5.763091    0.004198    0.222505    0.000000    0.000050    0.000500    0.000005    0.000500    0.000500    0.000005    0.000025    0.000025    0.000025    0.449361    13.513381  
[37m[36mINFO[0m[0m 07/14 01:26:24 | 0.741094    0.751592    0.000000    0.954891    0.152245    0.926650    0.952991    0.985030    0.741094    0.751592    1200        28.742515   2.761932    0.035073    5.290124    2.714415    2.424661    3.855228    0.741429    0.339728    0.028371    -4.544615   0.080100    11.780193   5.495130    21.000000   0.339757    0.258792    0.972873    0.971629    0.035073    2.714415    3.855228    6.559270    2.752854    0.019285    0.000018    0.000148    0.520400    0.433667    0.250000    0.520400    0.260200    1.261343    0.998756    1.000000    21.964671   45.426647   1.261343    0.057449    0.998756    0.238311    0.179838    0.004159    0.996650    6.667390    0.005610    0.220985    0.000000    0.000050    0.000500    0.000005    0.000500    0.000500    0.000005    0.000025    0.000025    0.000025    0.448074    13.633564  
[37m[36mINFO[0m[0m 07/14 01:27:24 | 0.760496    0.747771    0.000000    0.956170    0.150554    0.926650    0.965812    0.976048    0.760496    0.747771    1300        31.137725   3.178749    0.026190    5.290476    2.698731    2.420348    3.844211    0.725385    0.350568    0.027780    -4.619218   0.100100    11.907403   5.518559    21.000000   0.350741    0.274820    0.973671    0.972220    0.026190    2.698731    3.844211    6.522939    3.176792    0.021771    0.000021    0.000167    0.600400    0.500333    0.250000    0.600400    0.300200    1.526118    0.998206    1.000000    22.000566   45.435549   1.526118    0.069411    0.998206    0.253196    0.191804    0.002648    0.997761    7.095321    0.006689    0.208805    0.000000    0.000050    0.000500    0.000005    0.000500    0.000500    0.000005    0.000025    0.000025    0.000025    0.448519    13.463453  
[37m[36mINFO[0m[0m 07/14 01:28:24 | 0.778626    0.761783    0.000000    0.960589    0.144080    0.926650    0.970085    0.985030    0.778626    0.761783    1400        33.532934   3.597180    0.022197    5.288935    2.686887    2.415538    3.829466    0.714569    0.370801    0.027335    -4.769087   0.120100    11.874488   5.580323    21.000000   0.371018    0.285621    0.974324    0.972665    0.022197    2.686887    3.829466    6.490860    3.598155    0.024307    0.000025    0.000186    0.680400    0.567000    0.250000    0.680400    0.340200    1.787491    0.997544    1.000000    21.804598   45.444252   1.787491    0.082060    0.997544    0.262191    0.194934    0.002445    0.997298    5.941258    0.007073    0.163942    0.000000    0.000050    0.000500    0.000005    0.000500    0.000500    0.000005    0.000025    0.000025    0.000025    0.448755    13.562350  
[37m[36mINFO[0m[0m 07/14 01:29:24 | 0.798346    0.792357    0.000000    0.960649    0.137491    0.931540    0.974359    0.976048    0.798346    0.792357    1500        35.928144   4.027389    0.021342    5.297104    2.687615    2.394087    3.819154    0.703709    0.395900    0.028432    -4.929870   0.140100    11.781783   5.663250    21.000000   0.396167    0.296463    0.973635    0.971568    0.021342    2.687615    3.819154    6.478812    4.028348    0.026752    0.000030    0.000216    0.760400    0.633667    0.250000    0.760400    0.380200    2.024013    0.996670    1.000000    20.821607   45.450202   2.024013    0.097230    0.996670    0.264042    0.192195    0.002531    0.997832    6.631018    0.008454    0.154142    0.000000    0.000050    0.000500    0.000005    0.000500    0.000500    0.000005    0.000025    0.000025    0.000025    0.448659    12.649635  
[37m[36mINFO[0m[0m 07/14 01:30:23 | 0.792939    0.774522    0.000000    0.952080    0.186218    0.924205    0.952991    0.979042    0.792939    0.774522    1600        38.323353   4.457800    0.018321    5.306903    2.681803    2.377412    3.813770    0.694988    0.418070    0.028200    -5.003982   0.160100    11.811988   5.617218    21.000000   0.418325    0.305174    0.974079    0.971800    0.018321    2.681803    3.813770    6.463854    4.460047    0.029200    0.000035    0.000237    0.840400    0.700333    0.250000    0.840400    0.420200    2.286586    0.995923    1.000000    21.223257   45.456678   2.286586    0.108007    0.995923    0.277460    0.201956    0.001749    0.998549    6.503791    0.009200    0.143846    0.000000    0.000050    0.000500    0.000005    0.000500    0.000500    0.000005    0.000025    0.000025    0.000025    0.449240    12.782791  
[37m[36mINFO[0m[0m 07/14 01:31:23 | 0.800254    0.803822    0.000000    0.962587    0.120720    0.943765    0.967949    0.976048    0.800254    0.803822    1700        40.718563   4.844750    0.008824    5.275858    2.656605    2.267858    3.784281    0.688328    0.454762    0.030718    -5.215294   0.180100    11.735167   5.690787    21.000000   0.455155    0.311820    0.972241    0.969282    0.008824    2.656605    3.784281    6.397557    4.856080    0.031674    0.000042    0.000283    0.920400    0.767000    0.250000    0.920400    0.460200    2.472123    0.994435    1.000000    18.993333   45.460104   2.472123    0.130232    0.994435    0.268775    0.186999    0.002607    0.996839    4.240297    0.008938    0.078488    0.000000    0.000050    0.000500    0.000005    0.000500    0.000500    0.000005    0.000025    0.000025    0.000025    0.447955    13.242956  
[37m[36mINFO[0m[0m 07/14 01:32:23 | 0.779898    0.787261    0.000000    0.961692    0.121701    0.946210    0.965812    0.973054    0.779898    0.787261    1800        43.113772   5.264227    0.018703    5.316088    2.702261    2.142205    3.793538    0.681960    0.491402    0.035000    -5.291580   0.200100    11.795883   5.700769    21.000000   0.491716    0.318179    0.969365    0.965001    0.018703    2.702261    3.793538    6.461586    5.264282    0.033763    0.000049    0.000347    0.990200    0.833667    0.250000    0.990200    0.495100    2.765086    0.992867    1.000000    18.938304   45.465184   2.765086    0.146034    0.992867    0.289264    0.192884    0.002232    0.997790    7.251511    0.013695    0.130081    0.000000    0.000050    0.000500    0.000005    0.000500    0.000500    0.000005    0.000025    0.000025    0.000025    0.447328    12.974397  
[37m[36mINFO[0m[0m 07/14 01:33:23 | 0.794211    0.782166    0.000000    0.969576    0.092748    0.960880    0.965812    0.982036    0.794211    0.782166    1900        45.508982   5.260089    0.004810    5.275185    2.676127    1.936842    3.766893    0.681331    0.512582    0.035162    -5.437638   0.220100    11.744287   5.614058    21.000000   0.512725    0.318790    0.970046    0.964838    0.004810    2.676127    3.766893    6.393454    5.275185    0.034067    0.000051    0.000352    1.000000    0.900333    0.250000    1.000000    0.500000    3.128073    0.990934    1.000000    19.032868   45.472343   3.128073    0.164692    0.990934    0.314301    0.199814    0.002749    0.997280    2.832751    0.010684    0.042442    0.000000    0.000050    0.000500    0.000005    0.000500    0.000500    0.000005    0.000025    0.000025    0.000025    0.448267    13.440495  
[37m[36mINFO[0m[0m 07/14 01:34:23 | 0.746183    0.721019    0.000000    0.966662    0.125080    0.955990    0.967949    0.976048    0.746183    0.721019    2000        47.904192   5.283993    0.008191    5.297473    2.718626    1.641636    3.780671    0.678169    0.523074    0.039746    -5.602985   0.240100    11.641808   5.561510    21.000000   0.523114    0.321942    0.967422    0.960254    0.008191    2.718626    3.780671    6.451459    5.297473    0.033908    0.000052    0.000397    1.000000    0.967000    0.250000    1.000000    0.500000    3.389454    0.988367    1.000000    18.016919   45.476196   3.389454    0.188138    0.988367    0.328749    0.195180    0.003187    0.995288    4.505388    0.015356    0.077101    0.000000    0.000050    0.000500    0.000005    0.000500    0.000500    0.000005    0.000025    0.000025    0.000025    0.448391    13.049087  
[37m[36mINFO[0m[0m 07/14 01:35:23 | 0.801527    0.791083    0.000000    0.974341    0.100925    0.965770    0.972222    0.985030    0.801527    0.791083    2100        50.299401   5.246754    0.005262    5.264339    2.727456    1.442866    3.756324    0.675240    0.520830    0.040699    -5.706713   0.250000    11.658226   5.535239    21.000000   0.520782    0.324862    0.967704    0.959301    0.005262    2.727456    3.756324    6.431975    5.264339    0.033762    0.000052    0.000407    1.000000    1.000000    0.250000    1.000000    0.500000    3.687094    0.985851    1.000000    17.722502   45.487759   3.687094    0.208138    0.985851    0.352256    0.200318    0.002482    0.994767    3.061728    0.015874    0.048348    0.000000    0.000050    0.000500    0.000005    0.000500    0.000500    0.000005    0.000025    0.000025    0.000025    0.448456    13.541472  
[37m[36mINFO[0m[0m 07/14 01:36:23 | 0.785941    0.785987    0.000000    0.967558    0.083561    0.953545    0.970085    0.979042    0.785941    0.785987    2200        52.694611   5.216489    0.002511    5.238476    2.735537    1.165001    3.754208    0.670244    0.516625    0.042573    -5.848841   0.250000    11.536142   5.569552    21.000000   0.516549    0.329851    0.967117    0.957427    0.002511    2.735537    3.754208    6.433768    5.238476    0.033512    0.000052    0.000426    1.000000    1.000000    0.250000    1.000000    0.500000    3.791126    0.984010    1.000000    17.218853   45.494133   3.791126    0.220191    0.984010    0.370063    0.202307    0.001858    0.993343    1.941050    0.016879    0.023848    0.000000    0.000050    0.000500    0.000005    0.000500    0.000500    0.000005    0.000025    0.000025    0.000025    0.447632    13.622338  
[37m[36mINFO[0m[0m 07/14 01:37:24 | 0.767494    0.760510    0.000000    0.968395    0.097773    0.963325    0.965812    0.976048    0.767494    0.760510    2300        55.089820   5.197330    0.003072    5.220083    2.742234    1.017786    3.747188    0.666838    0.506044    0.043827    -5.965612   0.250000    11.537025   5.569001    21.000000   0.505928    0.333251    0.966636    0.956173    0.003072    2.742234    3.747188    6.432838    5.220083    0.033342    0.000051    0.000438    1.000000    1.000000    0.250000    1.000000    0.500000    3.916017    0.982632    1.000000    17.029738   45.503038   3.916017    0.229982    0.982632    0.385734    0.205881    0.001637    0.992768    2.192738    0.018673    0.025962    0.000000    0.000050    0.000500    0.000005    0.000500    0.000500    0.000005    0.000025    0.000025    0.000025    0.448027    13.847640  
[37m[36mINFO[0m[0m 07/14 01:38:25 | 0.799300    0.801274    0.000000    0.975502    0.086802    0.973105    0.974359    0.979042    0.799300    0.801274    2400        57.485030   5.170143    0.001112    5.196105    2.737018    0.889260    3.738670    0.665312    0.493617    0.043366    -6.082228   0.250000    11.480560   5.548662    21.000000   0.493500    0.334772    0.967599    0.956634    0.001112    2.737018    3.738670    6.415978    5.196105    0.033266    0.000049    0.000434    1.000000    1.000000    0.250000    1.000000    0.500000    4.020293    0.981212    1.000000    16.861150   45.509915   4.020293    0.238439    0.981212    0.399876    0.210305    0.001624    0.993783    1.536602    0.018601    0.008577    0.000000    0.000050    0.000500    0.000005    0.000500    0.000500    0.000005    0.000025    0.000025    0.000025    0.448052    13.914255  
[37m[36mINFO[0m[0m 07/14 01:39:25 | 0.805025    0.802548    0.000000    0.977925    0.076250    0.973105    0.978632    0.982036    0.805025    0.802548    2500        59.880240   5.164236    0.001672    5.190908    2.737592    0.824593    3.739653    0.661925    0.482875    0.043700    -6.192598   0.250000    11.477189   5.560481    21.000000   0.482764    0.338154    0.967702    0.956300    0.001672    2.737592    3.739653    6.416991    5.190908    0.033096    0.000048    0.000437    1.000000    1.000000    0.250000    1.000000    0.500000    4.097520    0.980288    1.000000    16.785851   45.515331   4.097520    0.244116    0.980288    0.409495    0.213582    0.001380    0.993751    1.726836    0.019767    0.013777    0.000000    0.000050    0.000500    0.000005    0.000500    0.000500    0.000005    0.000025    0.000025    0.000025    0.449163    14.081676  
[37m[36mINFO[0m[0m 07/14 01:40:25 | 0.813613    0.800000    0.000000    0.971001    0.087601    0.960880    0.970085    0.982036    0.813613    0.800000    2600        62.275449   5.149449    0.001258    5.177694    2.735142    0.761639    3.733959    0.658409    0.469140    0.044158    -6.291108   0.250000    11.506948   5.590944    21.000000   0.468979    0.341666    0.967517    0.955842    0.001258    2.735142    3.733959    6.407447    5.177694    0.032920    0.000047    0.000442    1.000000    1.000000    0.250000    1.000000    0.500000    4.112391    0.979534    1.000000    16.412405   45.520327   4.112391    0.250582    0.979534    0.409409    0.212155    0.001467    0.992865    1.613548    0.020245    0.008646    0.000000    0.000050    0.000500    0.000005    0.000500    0.000500    0.000005    0.000025    0.000025    0.000025    0.448728    12.587448  
[37m[36mINFO[0m[0m 07/14 01:41:25 | 0.805980    0.793631    0.000000    0.968719    0.091097    0.960880    0.972222    0.973054    0.805980    0.793631    2700        64.670659   5.140034    0.000872    5.169757    2.731135    0.734022    3.730787    0.656935    0.450975    0.044431    -6.393114   0.250000    11.509656   5.613475    21.000000   0.450798    0.343137    0.967390    0.955569    0.000872    2.731135    3.730787    6.398863    5.169757    0.032847    0.000045    0.000444    1.000000    1.000000    0.250000    1.000000    0.500000    4.132791    0.979187    1.000000    16.333808   45.523845   4.132791    0.253049    0.979187    0.412329    0.213335    0.001505    0.993286    1.533979    0.020246    0.007523    0.000000    0.000050    0.000500    0.000005    0.000500    0.000500    0.000005    0.000025    0.000025    0.000025    0.449228    12.931531  
[37m[36mINFO[0m[0m 07/14 01:42:24 | 0.800573    0.810191    0.000000    0.974444    0.088335    0.968215    0.970085    0.985030    0.800573    0.810191    2800        67.065868   5.125205    0.001122    5.155771    2.729684    0.706620    3.720267    0.656219    0.436686    0.045079    -6.499336   0.250000    11.406763   5.635824    21.000000   0.436550    0.343849    0.967050    0.954921    0.001122    2.729684    3.720267    6.386079    5.155771    0.032811    0.000044    0.000451    1.000000    1.000000    0.250000    1.000000    0.500000    4.133396    0.978562    1.000000    15.988703   45.529321   4.133396    0.258547    0.978562    0.410107    0.211945    0.001484    0.993312    1.782074    0.020799    0.010885    0.000000    0.000050    0.000500    0.000005    0.000500    0.000500    0.000005    0.000025    0.000025    0.000025    0.448032    13.118695  
[37m[36mINFO[0m[0m 07/14 01:43:24 | 0.820293    0.820382    0.000000    0.972425    0.098193    0.960880    0.974359    0.982036    0.820293    0.820382    2900        69.461078   5.137222    0.002265    5.167552    2.739895    0.698197    3.727784    0.654209    0.420880    0.046215    -6.580913   0.250000    11.502048   5.633052    21.000000   0.420699    0.345857    0.966223    0.953785    0.002265    2.739895    3.727784    6.404136    5.167552    0.032710    0.000042    0.000462    1.000000    1.000000    0.250000    1.000000    0.500000    4.148872    0.978366    1.000000    15.967229   45.531299   4.148872    0.259850    0.978366    0.413561    0.214038    0.001253    0.994365    2.321584    0.022167    0.021182    0.000000    0.000050    0.000500    0.000005    0.000500    0.000500    0.000005    0.000025    0.000025    0.000025    0.448124    13.005361  
[37m[36mINFO[0m[0m 07/14 01:44:24 | 0.807888    0.819108    0.000000    0.976946    0.088793    0.963325    0.976496    0.991018    0.807888    0.819108    3000        71.856287   5.134927    0.000894    5.167778    2.736879    0.678877    3.731451    0.651235    0.402525    0.045856    -6.680534   0.250000    11.499933   5.661265    21.000000   0.402346    0.348829    0.966387    0.954144    0.000894    2.736879    3.731451    6.402419    5.167778    0.032562    0.000040    0.000459    1.000000    1.000000    0.250000    1.000000    0.500000    4.118721    0.978392    1.000000    15.748163   45.532822   4.118721    0.261553    0.978392    0.410307    0.212528    0.001186    0.994585    1.797400    0.020802    0.008967    0.000000    0.000050    0.000500    0.000005    0.000500    0.000500    0.000005    0.000025    0.000025    0.000025    0.448405    13.173049  
[37m[36mINFO[0m[0m 07/14 01:45:24 | 0.811387    0.806369    0.000000    0.971530    0.091290    0.963325    0.972222    0.979042    0.811387    0.806369    3100        74.251497   5.126009    0.000702    5.160155    2.736913    0.640736    3.727625    0.649264    0.387247    0.045064    -6.780128   0.250000    11.503092   5.673882    21.000000   0.387107    0.350798    0.967010    0.954936    0.000702    2.736913    3.727625    6.397439    5.160155    0.032463    0.000039    0.000451    1.000000    1.000000    0.250000    1.000000    0.500000    4.100931    0.978132    1.000000    15.523911   45.534849   4.100931    0.264178    0.978132    0.408064    0.211095    0.001154    0.994291    1.541743    0.021183    0.005905    0.000000    0.000050    0.000500    0.000005    0.000500    0.000500    0.000005    0.000025    0.000025    0.000025    0.448384    13.129581  
[37m[36mINFO[0m[0m 07/14 01:46:24 | 0.745547    0.765605    0.000000    0.965215    0.128178    0.948655    0.967949    0.979042    0.745547    0.765605    3200        76.646707   5.130070    0.005459    5.160203    2.743861    0.662297    3.722042    0.647512    0.372537    0.045948    -6.846402   0.250000    11.494454   5.684273    21.000000   0.372399    0.352547    0.966360    0.954052    0.005459    2.743861    3.722042    6.402899    5.160203    0.032376    0.000037    0.000459    1.000000    1.000000    0.250000    1.000000    0.500000    4.074430    0.977810    1.000000    15.200637   45.539174   4.074430    0.268040    0.977810    0.402495    0.209182    0.001141    0.993826    2.968914    0.023643    0.042976    0.000000    0.000050    0.000500    0.000005    0.000500    0.000500    0.000005    0.000025    0.000025    0.000025    0.448355    13.722242  
[37m[36mINFO[0m[0m 07/14 01:47:25 | 0.825700    0.822930    0.000000    0.966617    0.110619    0.941320    0.976496    0.982036    0.825700    0.822930    3300        79.041916   5.136366    0.001938    5.170471    2.736647    0.695164    3.732631    0.645977    0.359121    0.046764    -6.884529   0.250000    11.561659   5.714965    21.000000   0.358990    0.354082    0.965588    0.953236    0.001938    2.736647    3.732631    6.402371    5.170471    0.032299    0.000036    0.000468    1.000000    1.000000    0.250000    1.000000    0.500000    4.021333    0.977967    1.000000    14.953158   45.539474   4.021333    0.268925    0.977967    0.396530    0.207909    0.000986    0.995185    2.326213    0.021771    0.018993    0.000000    0.000050    0.000500    0.000005    0.000500    0.000500    0.000005    0.000025    0.000025    0.000025    0.449178    13.604080  
[37m[36mINFO[0m[0m 07/14 01:48:25 | 0.816794    0.820382    0.000000    0.972425    0.088323    0.960880    0.974359    0.982036    0.816794    0.820382    3400        81.437126   5.108046    0.000418    5.144952    2.727569    0.633566    3.717811    0.646683    0.344834    0.045223    -7.014494   0.250000    11.470498   5.719200    21.000000   0.344667    0.353374    0.966979    0.954777    0.000418    2.727569    3.717811    6.375654    5.144952    0.032334    0.000034    0.000452    1.000000    1.000000    0.250000    1.000000    0.500000    4.080063    0.977330    1.000000    14.994069   45.541327   4.080063    0.272124    0.977330    0.403178    0.209750    0.001036    0.995022    1.414794    0.020853    0.002768    0.000000    0.000050    0.000500    0.000005    0.000500    0.000500    0.000005    0.000025    0.000025    0.000025    0.448612    14.128629  
[37m[36mINFO[0m[0m 07/14 01:49:26 | 0.817748    0.825478    0.000000    0.969451    0.089373    0.951100    0.972222    0.985030    0.817748    0.825478    3500        83.832335   5.092693    0.000537    5.130694    2.723320    0.584968    3.710537    0.645225    0.328365    0.045408    -7.128586   0.250000    11.463220   5.694436    21.000000   0.328210    0.354830    0.966915    0.954592    0.000537    2.723320    3.710537    6.363108    5.130694    0.032261    0.000033    0.000454    1.000000    1.000000    0.250000    1.000000    0.500000    4.083320    0.977075    1.000000    14.904531   45.543568   4.083320    0.273983    0.977075    0.403540    0.210492    0.000922    0.995938    1.520693    0.021341    0.004678    0.000000    0.000050    0.000500    0.000005    0.000500    0.000500    0.000005    0.000025    0.000025    0.000025    0.449820    13.972363  
[37m[36mINFO[0m[0m 07/14 01:50:26 | 0.808206    0.797452    0.000000    0.973343    0.095371    0.965770    0.972222    0.982036    0.808206    0.797452    3600        86.227545   5.101904    0.000473    5.141129    2.728908    0.587617    3.717913    0.642590    0.313110    0.045453    -7.231346   0.250000    11.491468   5.732336    21.000000   0.312953    0.357465    0.966841    0.954547    0.000473    2.728908    3.717913    6.374981    5.141129    0.032130    0.000031    0.000455    1.000000    1.000000    0.250000    1.000000    0.500000    3.996760    0.977116    1.000000    14.500057   45.543226   3.996760    0.275632    0.977116    0.393610    0.205653    0.000897    0.995362    1.379915    0.021048    0.003293    0.000000    0.000050    0.000500    0.000005    0.000500    0.000500    0.000005    0.000025    0.000025    0.000025    0.448129    12.780497  
[37m[36mINFO[0m[0m 07/14 01:51:26 | 0.804389    0.805096    0.000000    0.953991    0.151332    0.929095    0.965812    0.967066    0.804389    0.805096    3700        88.622754   5.131307    0.004645    5.166778    2.746131    0.592230    3.734489    0.644330    0.296437    0.046751    -7.282948   0.250000    11.524654   5.722601    21.000000   0.296274    0.355724    0.965725    0.953250    0.004645    2.746131    3.734489    6.412436    5.166778    0.032216    0.000030    0.000468    1.000000    1.000000    0.250000    1.000000    0.500000    3.970667    0.977243    1.000000    14.373496   45.548124   3.970667    0.276250    0.977243    0.389745    0.204501    0.000953    0.995209    2.801784    0.023226    0.030756    0.000000    0.000050    0.000500    0.000005    0.000500    0.000500    0.000005    0.000025    0.000025    0.000025    0.449599    12.799891  
[37m[36mINFO[0m[0m 07/14 01:52:25 | 0.796756    0.797452    0.000000    0.966986    0.128255    0.953545    0.974359    0.973054    0.796756    0.797452    3800        91.017964   5.176798    0.015343    5.200584    2.784584    0.784966    3.729795    0.644542    0.282053    0.048929    -7.187365   0.250000    11.697986   5.774438    21.000000   0.281914    0.355513    0.963577    0.951071    0.015343    2.784584    3.729795    6.457848    5.200584    0.032227    0.000028    0.000489    1.000000    1.000000    0.250000    1.000000    0.500000    3.836482    0.978236    1.000000    14.027614   45.545578   3.836482    0.273459    0.978236    0.375463    0.200383    0.000955    0.995856    5.724178    0.026534    0.088533    0.000000    0.000050    0.000500    0.000005    0.000500    0.000500    0.000005    0.000025    0.000025    0.000025    0.448921    12.911487  
[37m[36mINFO[0m[0m 07/14 01:53:25 | 0.748410    0.746497    0.000000    0.951218    0.171412    0.924205    0.974359    0.955090    0.748410    0.746497    3900        93.413174   5.227178    0.029015    5.236924    2.817876    0.865766    3.741410    0.644951    0.266733    0.052347    -7.155966   0.250000    11.720944   5.881167    21.000000   0.266584    0.355104    0.960666    0.947653    0.029015    2.817876    3.741410    6.516742    5.236924    0.032248    0.000027    0.000523    1.000000    1.000000    0.250000    1.000000    0.500000    3.726660    0.978896    1.000000    13.786487   45.542029   3.726660    0.270288    0.978896    0.364913    0.196119    0.000996    0.995255    8.122001    0.029368    0.139661    0.000000    0.000050    0.000500    0.000005    0.000500    0.000500    0.000005    0.000025    0.000025    0.000025    0.449228    12.911332  
[37m[36mINFO[0m[0m 07/14 01:54:25 | 0.736959    0.750318    0.000000    0.960020    0.156616    0.943765    0.972222    0.964072    0.736959    0.750318    4000        95.808383   5.158117    0.006012    5.191067    2.766079    0.778731    3.730154    0.644505    0.252345    0.050215    -7.171529   0.250000    11.670114   5.937482    21.000000   0.252201    0.355549    0.962369    0.949785    0.006012    2.766079    3.730154    6.430530    5.191067    0.032225    0.000025    0.000502    1.000000    1.000000    0.250000    1.000000    0.500000    3.802136    0.978317    1.000000    13.871214   45.543930   3.802136    0.274096    0.978317    0.370562    0.200314    0.000892    0.996288    4.451300    0.023381    0.046231    0.000000    0.000050    0.000500    0.000005    0.000500    0.000500    0.000005    0.000025    0.000025    0.000025    0.449323    13.134060  
[37m[36mINFO[0m[0m 07/14 01:55:25 | 0.773855    0.764331    0.000000    0.954219    0.173619    0.941320    0.957265    0.964072    0.773855    0.764331    4100        98.203593   5.141999    0.008705    5.173549    2.758664    0.699257    3.724292    0.643107    0.237468    0.049636    -7.293003   0.250000    11.656715   5.971057    21.000000   0.237318    0.356945    0.962929    0.950364    0.008705    2.758664    3.724292    6.418730    5.173549    0.032155    0.000024    0.000496    1.000000    1.000000    0.250000    1.000000    0.500000    3.772778    0.977963    1.000000    13.540992   45.549704   3.772778    0.278581    0.977963    0.364886    0.197030    0.000930    0.995506    5.102931    0.024675    0.058580    0.000000    0.000050    0.000500    0.000005    0.000500    0.000500    0.000005    0.000025    0.000025    0.000025    0.448523    13.343414  
[37m[36mINFO[0m[0m 07/14 01:56:25 | 0.807570    0.797452    0.000000    0.971427    0.116428    0.960880    0.974359    0.979042    0.807570    0.797452    4200        100.598802  5.122878    0.004358    5.159160    2.747795    0.699809    3.715282    0.643594    0.221770    0.048438    -7.332732   0.250000    11.626617   5.972725    21.000000   0.221600    0.356457    0.963747    0.951562    0.004358    2.747795    3.715282    6.394108    5.159160    0.032180    0.000022    0.000484    1.000000    1.000000    0.250000    1.000000    0.500000    3.758976    0.978004    1.000000    13.438235   45.550729   3.758976    0.279743    0.978004    0.362942    0.197146    0.000911    0.996119    3.092749    0.022099    0.030059    0.000000    0.000050    0.000500    0.000005    0.000500    0.000500    0.000005    0.000025    0.000025    0.000025    0.448726    13.336058  
[37m[36mINFO[0m[0m 07/14 01:57:25 | 0.795165    0.780892    0.000000    0.966434    0.115065    0.943765    0.976496    0.979042    0.795165    0.780892    4300        102.994012  5.098039    0.001609    5.138812    2.729027    0.610147    3.713284    0.643088    0.205438    0.046908    -7.502497   0.250000    11.572876   5.972675    21.000000   0.205281    0.356962    0.965178    0.953092    0.001609    2.729027    3.713284    6.368894    5.138812    0.032154    0.000021    0.000469    1.000000    1.000000    0.250000    1.000000    0.500000    3.840696    0.977288    1.000000    13.584585   45.553375   3.840696    0.282715    0.977288    0.371944    0.200991    0.000809    0.997086    2.088806    0.021751    0.012648    0.000000    0.000050    0.000500    0.000005    0.000500    0.000500    0.000005    0.000025    0.000025    0.000025    0.448601    13.432516  
[37m[36mINFO[0m[0m 07/14 01:58:26 | 0.797710    0.785987    0.000000    0.969165    0.115501    0.951100    0.974359    0.982036    0.797710    0.785987    4400        105.389222  5.095863    0.001242    5.138190    2.730474    0.612731    3.711680    0.641840    0.191085    0.047131    -7.615057   0.250000    11.608765   5.960368    21.000000   0.190963    0.358209    0.965038    0.952869    0.001242    2.730474    3.711680    6.367245    5.138190    0.032092    0.000019    0.000471    1.000000    1.000000    0.250000    1.000000    0.500000    3.833856    0.977118    1.000000    13.488055   45.553494   3.833856    0.284248    0.977118    0.371068    0.199738    0.000827    0.996900    1.753123    0.021698    0.008354    0.000000    0.000050    0.000500    0.000005    0.000500    0.000500    0.000005    0.000025    0.000025    0.000025    0.448125    13.482817  
[37m[36mINFO[0m[0m 07/14 01:59:26 | 0.817748    0.798726    0.000000    0.971324    0.100165    0.958435    0.976496    0.979042    0.817748    0.798726    4500        107.784431  5.069826    0.000477    5.114190    2.716524    0.560552    3.699873    0.640892    0.179315    0.045960    -7.736329   0.250000    11.532756   5.973815    21.000000   0.179190    0.359157    0.966084    0.954040    0.000477    2.716524    3.699873    6.339511    5.114190    0.032045    0.000018    0.000460    1.000000    1.000000    0.250000    1.000000    0.500000    3.831256    0.976642    1.000000    13.337289   45.555010   3.831256    0.287272    0.976642    0.370116    0.198690    0.000824    0.996988    1.344500    0.021096    0.003248    0.000000    0.000050    0.000500    0.000005    0.000500    0.000500    0.000005    0.000025    0.000025    0.000025    0.448851    13.868807  
[37m[36mINFO[0m[0m 07/14 02:00:27 | 0.767812    0.749045    0.000000    0.961570    0.129806    0.953545    0.970085    0.961078    0.767812    0.749045    4600        110.179641  5.063659    0.001488    5.108139    2.719171    0.527199    3.695834    0.640218    0.166197    0.045956    -7.845501   0.250000    11.550335   5.968257    21.000000   0.166069    0.359830    0.966034    0.954044    0.001488    2.719171    3.695834    6.338038    5.108139    0.032011    0.000017    0.000460    1.000000    1.000000    0.250000    1.000000    0.500000    3.773873    0.976682    1.000000    13.089296   45.555294   3.773873    0.288325    0.976682    0.363585    0.195805    0.000856    0.996681    1.712030    0.021501    0.009155    0.000000    0.000050    0.000500    0.000005    0.000500    0.000500    0.000005    0.000025    0.000025    0.000025    0.448096    13.922645  
[37m[36mINFO[0m[0m 07/14 02:01:26 | 0.820611    0.802548    0.000000    0.975986    0.104246    0.960880    0.985043    0.982036    0.820611    0.802548    4700        112.574850  5.077582    0.001245    5.122705    2.723228    0.561934    3.704898    0.639743    0.154984    0.047599    -7.884651   0.250000    11.583359   5.956726    21.000000   0.154879    0.360305    0.964659    0.952401    0.001245    2.723228    3.704898    6.350524    5.122705    0.031987    0.000015    0.000476    1.000000    1.000000    0.250000    1.000000    0.500000    3.688478    0.976995    1.000000    12.803343   45.554147   3.688478    0.288079    0.976995    0.354700    0.191581    0.000854    0.996406    1.867622    0.022199    0.010134    0.000000    0.000050    0.000500    0.000005    0.000500    0.000500    0.000005    0.000025    0.000025    0.000025    0.449110    12.572922  
[37m[36mINFO[0m[0m 07/14 02:02:26 | 0.827926    0.816561    0.000000    0.972139    0.106831    0.960880    0.976496    0.979042    0.827926    0.816561    4800        114.970060  5.055731    0.000425    5.103221    2.715243    0.524228    3.693177    0.638240    0.144211    0.046322    -8.030497   0.250000    11.531402   5.996114    21.000000   0.144105    0.361808    0.965766    0.953678    0.000425    2.715243    3.693177    6.328540    5.103221    0.031912    0.000014    0.000463    1.000000    1.000000    0.250000    1.000000    0.500000    3.696500    0.976722    1.000000    12.772120   45.555070   3.696500    0.289416    0.976722    0.355904    0.191774    0.000876    0.996361    1.375350    0.021282    0.003255    0.000000    0.000050    0.000500    0.000005    0.000500    0.000500    0.000005    0.000025    0.000025    0.000025    0.449006    12.774273  
[37m[36mINFO[0m[0m 07/14 02:03:26 | 0.805344    0.803822    0.000000    0.971713    0.099618    0.960880    0.972222    0.982036    0.805344    0.803822    4900        117.365269  5.062743    0.000325    5.111139    2.717932    0.517158    3.700457    0.637217    0.133527    0.046719    -8.106186   0.250000    11.580799   5.977752    21.000000   0.133416    0.362831    0.965414    0.953281    0.000325    2.717932    3.700457    6.337651    5.111139    0.031861    0.000013    0.000467    1.000000    1.000000    0.250000    1.000000    0.500000    3.700591    0.976589    1.000000    12.724772   45.557417   3.700591    0.290821    0.976589    0.355243    0.191946    0.000834    0.996450    1.351218    0.021616    0.002380    0.000000    0.000050    0.000500    0.000005    0.000500    0.000500    0.000005    0.000025    0.000025    0.000025    0.449020    12.983570  
[37m[36mINFO[0m[0m 07/14 02:04:26 | 0.796756    0.793631    0.000000    0.971690    0.106524    0.953545    0.976496    0.985030    0.796756    0.793631    5000        119.760479  5.060635    0.000841    5.109235    2.719733    0.523779    3.696991    0.637992    0.122451    0.046210    -8.181525   0.250000    11.556984   5.959795    21.000000   0.122339    0.362056    0.965769    0.953790    0.000841    2.719733    3.696991    6.335749    5.109235    0.031900    0.000012    0.000462    1.000000    1.000000    0.250000    1.000000    0.500000    3.659990    0.976551    1.000000    12.537341   45.558017   3.659990    0.291936    0.976551    0.350402    0.189576    0.000845    0.996737    1.422202    0.021575    0.004875    0.000000    0.000050    0.000500    0.000005    0.000500    0.000500    0.000005    0.000025    0.000025    0.000025    0.447075    13.300748  
[37m[36mINFO[0m[0m 07/14 02:04:26 | ---
[37m[33mWARNING[0m[0m 07/14 02:04:26 | Evaluate SWAD ...
[37m[36mINFO[0m[0m 07/14 02:04:39 | 0.821565    0.828025    0.000000    0.981345    0.201587    0.973105    0.982906    0.988024    0.821565    0.828025    [101-5000]  (N=51)
[37m[36mINFO[0m[0m 07/14 02:04:39 | oracle = 81.775%
[37m[36mINFO[0m[0m 07/14 02:04:39 | iid = 80.503%
[37m[36mINFO[0m[0m 07/14 02:04:39 | last = 79.676%
[37m[36mINFO[0m[0m 07/14 02:04:39 | last (inD) = 97.169%
[37m[36mINFO[0m[0m 07/14 02:04:39 | iid (inD) = 97.792%
[37m[36mINFO[0m[0m 07/14 02:04:39 | SWAD = 82.156%
[37m[36mINFO[0m[0m 07/14 02:04:39 | SWAD (inD) = 98.135%
[37m[36mINFO[0m[0m 07/14 02:04:40 | === Summary ===
[37m[36mINFO[0m[0m 07/14 02:04:40 | Command: /home/hooasia/lgg/projects/repro_dccl_3domain/DCCL/DCCL/train_all.py pacs_piccl_candidate_preserve_dccl_seed0 --dataset PACS --algorithm PICCL --model resnet50 --data_dir /home/hooasia/lgg/data/repro_dccl_data --steps 5000 --checkpoint_freq 100 --trial_seed 0 --seed 0 --deterministic --use_piccl true --lr 5e-5 --weight_decay 0.0 --piccl_fusion_mode residual_gate --piccl_gt_mode keep --piccl_rank 16 --piccl_alpha_max 0.25 --piccl_basis_receive_task_grad false --piccl_lr_multiplier 0.5 --piccl_ccc_weight 1.0 --piccl_connectivity_weight 0.5 --piccl_int_weight 0.1 --piccl_ref_weight 1.0 --piccl_isr_weight 0.05 --piccl_orth_weight 0.0001 --piccl_inv_weight 0.01 --piccl_residual_scale 0.25 --piccl_gate_bias -2.5 --piccl_delayed_start_ratio 0.10 --piccl_warmup_ratio 0.05 --piccl_ramp_ratio 0.25 --piccl_loss_warmup_ratio 0.25 --piccl_feature_warmup_ratio 0.30
[37m[36mINFO[0m[0m 07/14 02:04:40 | Unique name: 260713_22-47-00_pacs_piccl_candidate_preserve_dccl_seed0
[37m[36mINFO[0m[0m 07/14 02:04:40 | Out path: train_output/PACS/260713_22-47-00_pacs_piccl_candidate_preserve_dccl_seed0
[37m[36mINFO[0m[0m 07/14 02:04:40 | Algorithm: PICCL
[37m[36mINFO[0m[0m 07/14 02:04:40 | Dataset: PACS
+------------+---------+---------+---------+---------+---------+
| Selection  |   env0  |   env1  |   env2  |   env3  |   Avg.  |
+------------+---------+---------+---------+---------+---------+
|   oracle   | 85.601% | 83.422% | 96.856% | 81.775% | 86.914% |
|    iid     | 86.089% | 82.996% | 96.707% | 80.503% | 86.573% |
|    last    | 87.675% | 83.475% | 96.931% | 79.676% | 86.939% |
| last (inD) | 97.030% | 97.032% | 96.359% | 97.169% | 96.897% |
| iid (inD)  | 97.769% | 97.458% | 97.284% | 97.792% | 97.576% |
|    SWAD    | 90.055% | 83.795% | 98.503% | 82.156% | 88.627% |
| SWAD (inD) | 97.912% | 97.621% | 97.571% | 98.135% | 97.810% |
+------------+---------+---------+---------+---------+---------+
