[37m[36mINFO[0m[0m 07/24 21:07:24 | Command :: train_all.py pacs1 --dataset PACS --algorithm PICCL --model resnet50 --data_dir /home/hooasia/lgg/data/repro_dccl_data --output_root train_output/PACS5 --steps 5000 --checkpoint_freq 100 --seed 0 --trial_seed 0 --deterministic --weight_decay 0.0 --t 0.1 --use_piccl true --piccl_rank 16 --piccl_beta_max 0.25 --piccl_residual_scale 0.25 --piccl_isr_weight 0.05 --piccl_orth_weight 0.001 --piccl_warmup_ratio 0.05 --piccl_ramp_ratio 0.25 --piccl_use_reliable_contrast false
Environment:
	Python: 3.10.20
	PyTorch: 2.5.1+cu121
	Torchvision: 0.20.1+cu121
	CUDA: 12.1
	CUDNN: 90100
	NumPy: 2.2.6
	PIL: 12.0.0
Args:
	TN: False
	algorithm: PICCL
	aug: 0
	checkpoint_freq: 100
	configs: []
	data_dir: /home/hooasia/lgg/data/repro_dccl_data
	dataset: PACS
	debug: False
	deterministic: True
	domainnet_auto_source_count: 3
	erm_baseline: weak
	evalmode: fast
	holdout_fraction: 0.2
	l: 1
	l_d: 0.05
	l_layer: 1
	label_ratio: 1.0
	lamda: 5
	log: False
	mix: 0
	model: resnet50
	model_save: None
	n_layer: 1
	name: pacs1
	out_dir: train_output/PACS5/260724_21-07-24_pacs1
	out_root: train_output/PACS5
	output_root: train_output/PACS5
	pos_mask: False
	prebuild_loader: False
	re_w: False
	sample_d: False
	seed: 0
	selection_key: SWAD
	show: False
	source_envs: None
	start_epoch: 1000
	steps: 5000
	sup: True
	t: 0.1
	t_pre: 0.2
	target_env: None
	tb_freq: 10
	test_envs: None
	trial_seed: 0
	two_ce: False
	unique_name: 260724_21-07-24_pacs1
	weak_erm: False
	work_dir: .
HParams:
	data_augmentation: True
	val_augment: False
	resnet18: False
	resnet_dropout: 0.0
	class_balanced: False
	optimizer: adam
	freeze_bn: True
	pretrained: True
	lr: 5e-05
	batch_size: 32
	[36mweight_decay: 0.0
	[0m[36mpiccl_rank: 16
	[0m[36mpiccl_beta_max: 0.25
	[0m[36mpiccl_isr_weight: 0.05
	[0m[36mpiccl_orth_weight: 0.001
	[0mpiccl_isr_aug_weight: 1.0
	piccl_isr_dom_weight: 0.25
	piccl_warmup_steps: 0
	piccl_ramp_steps: 0
	[36mpiccl_warmup_ratio: 0.05
	[0m[36mpiccl_ramp_ratio: 0.25
	[0mpiccl_min_delta_norm: 0.0001
	piccl_min_domain_samples: 8
	piccl_semantic_threshold: 0.2
	piccl_semantic_min_weight: 0.2
	[36mpiccl_residual_scale: 0.25
	[0mpiccl_strict_bypass: True
	[36muse_piccl: True
	[0m[36mpiccl_use_reliable_contrast: False
	[0mpiccl_reliable_contrast_min_weight: 0.5
	piccl_reliable_contrast_gamma_max: 0.3
	piccl_reliable_contrast_warmup_steps: 0
	piccl_reliable_contrast_ramp_steps: 0
	piccl_reliable_contrast_min_delta_norm: 1e-06
	t: 0.1
	t_pre: 0.2
	l: 1
	l_d: 0.01
	l_layer: 1
	n_layer: 1
	sup: True
	two_ce: False
	sample_d: False
	re_w: False
	pos_mask: False
	mix: 0
	aug: 0
	model: resnet50
	label_ratio: 1.0
	TN: False
	lamda: 5
	start_epoch: 1000
	log: False
	swad: LossValley
	swad_kwargs: 
	  n_converge: 3
	  n_tolerance: 6
	  tolerance_ratio: 0.3
	test_batchsize: 128
	indomain_test: False
Dataset:
	[PACS] #envs=4, #classes=7
	env0: art_painting (#2048)
	env1: cartoon (#2344)
	env2: photo (#1670)
	env3: sketch (#3929)

[37m[36mINFO[0m[0m 07/24 21:07:29 | n_steps = 5000
[37m[36mINFO[0m[0m 07/24 21:07:29 | checkpoint_freq = 100
[37m[36mINFO[0m[0m 07/24 21:07:29 | n_steps is updated to 5000 => 5001 for checkpointing
[37m[36mINFO[0m[0m 07/24 21:07:29 | Target test envs = [[0], [1], [2], [3]]
[37m[36mINFO[0m[0m 07/24 21:07:29 | 
[37m[36mINFO[0m[0m 07/24 21:07:33 | Testenv name escaping te_art_painting -> te_art_painting
[37m[36mINFO[0m[0m 07/24 21:07:33 | Test envs = [0], name = te_art_painting
[37m[36mINFO[0m[0m 07/24 21:07:33 | Batch sizes for each domain: [0, 32, 32, 32] (total=96)
[37m[36mINFO[0m[0m 07/24 21:07:33 | steps-per-epoch for each domain: 58.62, 41.75, 98.25 -> min = 41.75
[37m[36mINFO[0m[0m 07/24 21:07:34 | # of params = 49165255
[37m[36mINFO[0m[0m 07/24 21:07:47 | test_in     test_out    train_in    train_out   tr_outloss  env0_in     env0_out    env1_out    env2_out    env3_out    step        epoch       loss        loss_cls    sup_cl_los  pre_cl_los  reg_loss    loss_isr    loss_isr_a  loss_isr_d  loss_orth   piccl_lamb  piccl_beta  valid_augm  valid_clas  delta_aug_  delta_aug_  delta_dom_  delta_dom_  projection  basis_orth  basis_rank  basis_norm  residual_b  residual_b  piccl_has_  reliable_c  reliable_c  cross_doma  valid_reli  step_time   eval_time  
[37m[36mINFO[0m[0m 07/24 21:07:47 | 0.131178    0.178484    0.000000    0.236210    1.887570    0.131178    0.178484    0.226496    0.260479    0.221656    0           0.000000    12.300487   1.940914    5.304292    5.112845    -5.756462   0.000000    0.000000    0.000000    0.002203    0.000000    0.000000    0.000000    0.000000    0.000000    0.000000    0.000000    0.000000    0.000000    0.002203    16.000000   3.639568    0.000000    0.000000    0.000000    0.000000    0.000000    0.000000    0.000000    1.829583    10.577916  
[37m[36mINFO[0m[0m 07/24 21:08:43 | 0.881025    0.894866    0.000000    0.950197    0.145186    0.881025    0.894866    0.970085    0.976048    0.904459    100         2.395210    8.770340    0.326741    3.839952    4.600411    0.323610    0.992516    0.992516    0.000000    0.002203    0.000000    0.000000    96.000000   0.000000    12.034618   23.645016   0.000000    0.000000    0.007484    0.002203    16.000000   3.639568    0.000000    0.000000    0.000000    0.000000    0.000000    0.000000    0.000000    0.432751    11.047025  
[37m[36mINFO[0m[0m 07/24 21:09:40 | 0.850519    0.860636    0.000000    0.967351    0.103842    0.850519    0.860636    0.965812    0.991018    0.945223    200         4.790419    7.977029    0.101356    3.542189    4.348330    -1.484555   0.992425    0.992425    0.000000    0.002203    0.000000    0.000000    96.000000   0.000000    11.126704   21.808230   0.000000    0.000000    0.007566    0.002203    16.000000   3.639568    0.000000    0.000000    0.000000    0.000000    0.000000    0.000000    0.000000    0.432731    11.261432  
[37m[36mINFO[0m[0m 07/24 21:10:37 | 0.874314    0.872861    0.000000    0.949889    0.147568    0.874314    0.872861    0.944444    0.988024    0.917197    300         7.185629    7.725414    0.057970    3.462466    4.225769    -2.142155   1.115437    0.991852    0.494340    0.002208    0.010200    0.002550    96.000000   10.040000   10.868564   21.884571   4.718277    6.023773    0.008191    0.002209    16.000000   3.638929    3.470000    10.090000   0.000000    0.000000    0.000000    0.000000    0.000000    0.438606    11.333318  
[37m[36mINFO[0m[0m 07/24 21:11:35 | 0.847468    0.841076    0.000000    0.965768    0.104829    0.847468    0.841076    0.963675    0.982036    0.951592    400         9.580838    7.599929    0.037143    3.420988    4.162911    -2.599526   1.217833    0.983630    0.936809    0.002282    0.080400    0.020100    96.000000   21.000000   10.643867   20.212932   8.475519    11.343030   0.016594    0.002283    16.000000   3.632031    7.000000    21.000000   0.000000    0.000000    0.000000    0.000000    0.000000    0.442718    11.636842  
[37m[36mINFO[0m[0m 07/24 21:12:33 | 0.876754    0.882641    0.000000    0.975859    0.079021    0.876754    0.882641    0.976496    0.988024    0.963057    500         11.976048   7.528042    0.031862    3.401145    4.115034    -2.934030   1.167058    0.968517    0.794164    0.002440    0.160400    0.040100    96.000000   21.000000   10.529805   20.418366   8.061962    10.951248   0.031789    0.002442    16.000000   3.622472    7.000000    21.000000   0.000000    0.000000    0.000000    0.000000    0.000000    0.443078    11.727206  
[37m[36mINFO[0m[0m 07/24 21:13:32 | 0.833435    0.831296    0.000000    0.971139    0.106606    0.833435    0.831296    0.963675    0.979042    0.970701    600         14.371257   7.470876    0.027164    3.389720    4.073754    -3.308869   1.110179    0.951845    0.633334    0.002796    0.240400    0.060100    96.000000   21.000000   10.344856   19.837714   8.010615    10.900488   0.048503    0.002800    16.000000   3.604388    7.000000    21.000000   0.000000    0.000000    0.000000    0.000000    0.000000    0.443323    11.989009  
[37m[36mINFO[0m[0m 07/24 21:15:01 | 0.866382    0.870416    0.000000    0.962946    0.114865    0.866382    0.870416    0.967949    0.982036    0.938854    700         16.766467   7.419828    0.021422    3.374349    4.042381    -3.535203   1.063687    0.937011    0.506703    0.003342    0.320400    0.080100    96.000000   21.000000   10.364852   19.588103   8.022922    10.964223   0.063439    0.003348    16.000000   3.579940    7.000000    21.000000   0.000000    0.000000    0.000000    0.000000    0.000000    0.743734    12.391252  
[37m[36mINFO[0m[0m 07/24 21:16:33 | 0.851739    0.853301    0.000000    0.966619    0.130985    0.851739    0.853301    0.967949    0.979042    0.952866    800         19.161677   7.420849    0.027765    3.383882    4.025623    -3.695065   1.025958    0.920888    0.420278    0.003964    0.400400    0.100100    96.000000   21.000000   10.370587   19.543629   8.049339    10.998037   0.079734    0.003971    16.000000   3.554626    7.000000    21.000000   0.000000    0.000000    0.000000    0.000000    0.000000    0.765044    12.678686  
[37m[36mINFO[0m[0m 07/24 21:18:06 | 0.879805    0.887531    0.000000    0.975720    0.090757    0.879805    0.887531    0.974359    0.991018    0.961783    900         21.556886   7.365153    0.014993    3.361341    4.003330    -3.844550   0.996718    0.904531    0.368747    0.004564    0.480400    0.120100    96.000000   21.000000   10.326533   19.449277   8.047712    11.010001   0.095868    0.004570    16.000000   3.531002    7.000000    21.000000   0.000000    0.000000    0.000000    0.000000    0.000000    0.750942    13.171549  
[37m[36mINFO[0m[0m 07/24 21:19:41 | 0.857840    0.860636    0.000000    0.976284    0.088654    0.857840    0.860636    0.976496    0.988024    0.964331    1000        23.952096   7.366637    0.018054    3.369365    3.992827    -4.087936   0.973391    0.888714    0.338709    0.005104    0.560400    0.140100    96.000000   21.000000   10.226667   19.911091   8.066201    11.046125   0.111991    0.005109    16.000000   3.509713    7.000000    21.000000   0.000000    0.000000    0.000000    0.000000    0.000000    0.741284    13.217965  
[37m[36mINFO[0m[0m 07/24 21:21:14 | 0.826113    0.845966    0.000000    0.967067    0.108808    0.826113    0.845966    0.972222    0.985030    0.943949    1100        26.347305   7.329486    0.017570    3.359044    3.964777    -4.248012   0.954948    0.876318    0.314522    0.005594    0.640400    0.160100    96.000000   21.000000   10.318822   19.702694   8.072261    10.954951   0.124261    0.005599    16.000000   3.490350    7.000000    21.000000   0.000000    0.000000    0.000000    0.000000    0.000000    0.721916    14.100589  
[37m[36mINFO[0m[0m 07/24 21:22:47 | 0.862111    0.877751    0.000000    0.968453    0.109737    0.862111    0.877751    0.961538    0.982036    0.961783    1200        28.742515   7.351161    0.020412    3.371596    3.968780    -4.336990   0.936756    0.862179    0.298305    0.006047    0.720400    0.180100    96.000000   21.000000   10.333248   19.732378   8.071111    11.076055   0.138339    0.006052    16.000000   3.472325    7.000000    21.000000   0.000000    0.000000    0.000000    0.000000    0.000000    0.715648    14.273218  
[37m[36mINFO[0m[0m 07/24 21:24:23 | 0.870043    0.865526    0.000000    0.972585    0.091552    0.870043    0.865526    0.967949    0.988024    0.961783    1300        31.137725   7.345146    0.020225    3.371684    3.961050    -4.487240   0.926038    0.853870    0.288675    0.006463    0.800400    0.200100    96.000000   21.000000   10.265722   19.686337   8.060461    11.130144   0.146819    0.006467    16.000000   3.455848    7.000000    21.000000   0.000000    0.000000    0.000000    0.000000    0.000000    0.742141    13.482936  
[37m[36mINFO[0m[0m 07/24 21:25:57 | 0.874314    0.858191    0.000000    0.958798    0.162012    0.874314    0.858191    0.950855    0.979042    0.946497    1400        33.532934   7.312100    0.011819    3.359851    3.945865    -4.582159   0.917356    0.847135    0.280883    0.006832    0.880400    0.220100    96.000000   21.000000   10.309610   19.520502   8.048698    11.043850   0.153412    0.006835    16.000000   3.441039    7.000000    21.000000   0.000000    0.000000    0.000000    0.000000    0.000000    0.723593    14.599715  
[37m[36mINFO[0m[0m 07/24 21:27:34 | 0.824893    0.831296    0.000000    0.966040    0.121052    0.824893    0.831296    0.955128    0.985030    0.957962    1500        35.928144   7.290637    0.011183    3.350871    3.932707    -4.775576   0.908532    0.840550    0.271927    0.007154    0.960400    0.240100    96.000000   21.000000   10.232481   19.234616   8.043034    10.968262   0.159866    0.007157    16.000000   3.427859    7.000000    21.000000   0.000000    0.000000    0.000000    0.000000    0.000000    0.747417    14.463336  
[37m[36mINFO[0m[0m 07/24 21:29:06 | 0.810250    0.833741    0.000000    0.966476    0.143145    0.810250    0.833741    0.957265    0.988024    0.954140    1600        38.323353   7.242274    0.007093    3.336651    3.902745    -4.923649   0.900282    0.834254    0.264112    0.007437    1.000000    0.250000    96.000000   21.000000   10.196171   19.268901   8.068642    10.948577   0.166141    0.007440    16.000000   3.415927    7.000000    21.000000   0.000000    0.000000    0.000000    0.000000    0.000000    0.709941    14.083483  
[37m[36mINFO[0m[0m 07/24 21:30:44 | 0.841977    0.841076    0.000000    0.974023    0.096637    0.841977    0.841076    0.978632    0.988024    0.955414    1700        40.718563   7.249407    0.007819    3.341209    3.906515    -5.082164   0.893559    0.829131    0.257711    0.007672    1.000000    0.250000    96.000000   21.000000   10.241420   19.542566   8.087613    11.167333   0.171283    0.007674    16.000000   3.405482    7.000000    21.000000   0.000000    0.000000    0.000000    0.000000    0.000000    0.746569    15.110730  
[37m[36mINFO[0m[0m 07/24 21:32:14 | 0.845027    0.865526    0.000000    0.966329    0.133054    0.845027    0.865526    0.961538    0.982036    0.955414    1800        43.113772   7.235725    0.005442    3.339272    3.898767    -5.230427   0.890799    0.827746    0.252209    0.007864    1.000000    0.250000    96.000000   21.000000   10.174697   19.193359   8.086141    11.243554   0.172613    0.007866    16.000000   3.396328    7.000000    21.000000   0.000000    0.000000    0.000000    0.000000    0.000000    0.665368    14.539939  
[37m[36mINFO[0m[0m 07/24 21:33:49 | 0.865772    0.855746    0.000000    0.970589    0.119136    0.865772    0.855746    0.967949    0.982036    0.961783    1900        45.508982   7.254113    0.008297    3.354532    3.899466    -5.244404   0.885076    0.823803    0.245090    0.008030    1.000000    0.250000    96.000000   21.000000   10.244793   19.370186   8.099102    11.144609   0.176580    0.008031    16.000000   3.388010    7.000000    21.000000   0.000000    0.000000    0.000000    0.000000    0.000000    0.734670    14.393982  
[37m[36mINFO[0m[0m 07/24 21:35:22 | 0.850519    0.845966    0.000000    0.962200    0.123242    0.850519    0.845966    0.963675    0.970060    0.952866    2000        47.904192   7.269320    0.019651    3.366623    3.892750    -5.361982   0.878160    0.818404    0.239025    0.008169    1.000000    0.250000    96.000000   21.000000   10.277330   19.716492   8.055007    11.187309   0.182306    0.008171    16.000000   3.380470    7.000000    21.000000   0.000000    0.000000    0.000000    0.000000    0.000000    0.714456    14.332731  
[37m[36mINFO[0m[0m 07/24 21:36:56 | 0.790726    0.819071    0.000000    0.964339    0.123775    0.790726    0.819071    0.974359    0.967066    0.951592    2100        50.299401   7.241027    0.011366    3.353276    3.886806    -5.398460   0.871099    0.812760    0.233358    0.008309    1.000000    0.250000    96.000000   21.000000   10.294771   19.505981   8.034903    11.121995   0.187739    0.008310    16.000000   3.372963    7.000000    21.000000   0.000000    0.000000    0.000000    0.000000    0.000000    0.732032    13.237847  
[37m[36mINFO[0m[0m 07/24 21:38:27 | 0.863331    0.877751    0.000000    0.971589    0.109928    0.863331    0.877751    0.972222    0.982036    0.960510    2200        52.694611   7.208243    0.006575    3.340802    3.873094    -5.555763   0.866430    0.809367    0.228252    0.008433    1.000000    0.250000    96.000000   21.000000   10.302768   19.822297   8.040784    11.051287   0.190911    0.008434    16.000000   3.365820    7.000000    21.000000   0.000000    0.000000    0.000000    0.000000    0.000000    0.705189    13.249506  
[37m[36mINFO[0m[0m 07/24 21:40:00 | 0.861501    0.875306    0.000000    0.967335    0.116233    0.861501    0.875306    0.978632    0.973054    0.950318    2300        55.089820   7.207549    0.010808    3.342764    3.867874    -5.715111   0.864905    0.808994    0.223644    0.008544    1.000000    0.250000    96.000000   21.000000   10.229404   19.174480   8.027858    11.017921   0.191591    0.008546    16.000000   3.358963    7.000000    21.000000   0.000000    0.000000    0.000000    0.000000    0.000000    0.725061    13.438285  
[37m[36mINFO[0m[0m 07/24 21:41:33 | 0.854790    0.855746    0.000000    0.970026    0.111715    0.854790    0.855746    0.965812    0.985030    0.959236    2400        57.485030   7.201358    0.007104    3.340031    3.869294    -5.806689   0.859731    0.805193    0.218152    0.008650    1.000000    0.250000    96.000000   21.000000   10.200169   19.255333   8.045249    11.095663   0.195157    0.008651    16.000000   3.352336    7.000000    21.000000   0.000000    0.000000    0.000000    0.000000    0.000000    0.714714    13.831607  
[37m[36mINFO[0m[0m 07/24 21:43:07 | 0.858450    0.860636    0.000000    0.972151    0.106672    0.858450    0.860636    0.970085    0.982036    0.964331    2500        59.880240   7.192239    0.009575    3.345663    3.853480    -5.929198   0.856080    0.803119    0.211845    0.008752    1.000000    0.250000    96.000000   21.000000   10.189958   19.569666   8.019592    11.124076   0.197604    0.008753    16.000000   3.345783    7.000000    21.000000   0.000000    0.000000    0.000000    0.000000    0.000000    0.733156    13.752461  
[37m[36mINFO[0m[0m 07/24 21:44:36 | 0.841367    0.841076    0.000000    0.964915    0.115020    0.841367    0.841076    0.955128    0.988024    0.951592    2600        62.275449   7.168318    0.002172    3.330501    3.853469    -6.049525   0.853259    0.801134    0.208499    0.008845    1.000000    0.250000    96.000000   21.000000   10.168386   19.451398   7.987557    10.922041   0.199106    0.008846    16.000000   3.339542    7.000000    21.000000   0.000000    0.000000    0.000000    0.000000    0.000000    0.662691    13.945521  
[37m[36mINFO[0m[0m 07/24 21:46:06 | 0.865772    0.853301    0.000000    0.972873    0.095023    0.865772    0.853301    0.970085    0.988024    0.960510    2700        64.670659   7.160640    0.003302    3.331173    3.845405    -6.177632   0.850544    0.799352    0.204769    0.008939    1.000000    0.250000    96.000000   21.000000   10.081457   18.896558   7.989013    10.929700   0.200995    0.008940    16.000000   3.333164    7.000000    21.000000   0.000000    0.000000    0.000000    0.000000    0.000000    0.673684    13.779180  
[37m[36mINFO[0m[0m 07/24 21:47:37 | 0.848078    0.841076    0.000000    0.969177    0.128184    0.848078    0.841076    0.965812    0.985030    0.956688    2800        67.065868   7.156909    0.001549    3.329680    3.846260    -6.298253   0.847867    0.798080    0.199146    0.009032    1.000000    0.250000    96.000000   21.000000   10.044012   18.855587   7.962154    10.887651   0.202188    0.009033    16.000000   3.326855    7.000000    21.000000   0.000000    0.000000    0.000000    0.000000    0.000000    0.682026    14.205619  
[37m[36mINFO[0m[0m 07/24 21:49:14 | 0.836486    0.838631    0.000000    0.970153    0.108793    0.836486    0.838631    0.965812    0.979042    0.965605    2900        69.461078   7.131441    0.002778    3.325394    3.825202    -6.412511   0.843670    0.795424    0.192985    0.009118    1.000000    0.250000    96.000000   21.000000   10.061819   19.034478   7.984351    10.838718   0.204756    0.009119    16.000000   3.320705    7.000000    21.000000   0.000000    0.000000    0.000000    0.000000    0.000000    0.742290    14.605935  
[37m[36mINFO[0m[0m 07/24 21:50:49 | 0.846858    0.831296    0.000000    0.972163    0.105338    0.846858    0.831296    0.972222    0.985030    0.959236    3000        71.856287   7.161998    0.003187    3.335544    3.846433    -6.518504   0.840197    0.793444    0.187009    0.009201    1.000000    0.250000    96.000000   21.000000   10.042892   18.970783   8.005856    10.865066   0.206828    0.009202    16.000000   3.314653    7.000000    21.000000   0.000000    0.000000    0.000000    0.000000    0.000000    0.731207    14.329215  
[37m[36mINFO[0m[0m 07/24 21:52:20 | 0.872483    0.872861    0.000000    0.973460    0.121159    0.872483    0.872861    0.976496    0.991018    0.952866    3100        74.251497   7.150734    0.003003    3.330788    3.841334    -6.613569   0.834713    0.789609    0.180417    0.009277    1.000000    0.250000    96.000000   21.000000   10.067066   18.871497   8.015823    10.935239   0.210690    0.009278    16.000000   3.308829    7.000000    21.000000   0.000000    0.000000    0.000000    0.000000    0.000000    0.678653    14.431373  
[37m[36mINFO[0m[0m 07/24 21:53:51 | 0.753508    0.775061    0.000000    0.955342    0.169035    0.753508    0.775061    0.963675    0.943114    0.959236    3200        76.646707   7.158050    0.009590    3.342960    3.830334    -6.637683   0.830679    0.786320    0.177438    0.009353    1.000000    0.250000    96.000000   21.000000   10.160167   19.225570   8.000528    10.868527   0.214012    0.009354    16.000000   3.303047    7.000000    21.000000   0.000000    0.000000    0.000000    0.000000    0.000000    0.680234    14.551189  
[37m[36mINFO[0m[0m 07/24 21:55:22 | 0.831605    0.845966    0.000000    0.972176    0.119915    0.831605    0.845966    0.978632    0.985030    0.952866    3300        79.041916   7.223398    0.026447    3.376637    3.843947    -6.497458   0.826640    0.783280    0.173438    0.009438    1.000000    0.250000    96.000000   21.000000   10.335144   19.977198   8.062252    11.148978   0.217758    0.009439    16.000000   3.297151    7.000000    21.000000   0.000000    0.000000    0.000000    0.000000    0.000000    0.673231    14.481855  
[37m[36mINFO[0m[0m 07/24 21:56:58 | 0.853569    0.858191    0.000000    0.966194    0.124572    0.853569    0.858191    0.967949    0.979042    0.951592    3400        81.437126   7.164308    0.009116    3.348679    3.832227    -6.681839   0.821897    0.779463    0.169736    0.009522    1.000000    0.250000    96.000000   21.000000   10.243886   19.495348   8.070045    11.293178   0.221207    0.009523    16.000000   3.291291    7.000000    21.000000   0.000000    0.000000    0.000000    0.000000    0.000000    0.742938    14.283842  
[37m[36mINFO[0m[0m 07/24 21:58:30 | 0.819402    0.828851    0.000000    0.966883    0.118217    0.819402    0.828851    0.965812    0.973054    0.961783    3500        83.832335   7.168287    0.015842    3.352297    3.826953    -6.771127   0.817913    0.776330    0.166331    0.009617    1.000000    0.250000    96.000000   21.000000   10.214667   19.559453   8.086089    11.236476   0.224477    0.009618    16.000000   3.285075    7.000000    21.000000   0.000000    0.000000    0.000000    0.000000    0.000000    0.716265    13.420877  
[37m[36mINFO[0m[0m 07/24 22:00:04 | 0.848688    0.841076    0.000000    0.963911    0.122776    0.848688    0.841076    0.965812    0.973054    0.952866    3600        86.227545   7.153271    0.010060    3.343740    3.827220    -6.859683   0.816768    0.776069    0.162793    0.009713    1.000000    0.250000    96.000000   21.000000   10.166436   19.142408   8.093833    11.317945   0.224347    0.009714    16.000000   3.278881    7.000000    21.000000   0.000000    0.000000    0.000000    0.000000    0.000000    0.734332    13.365587  
[37m[36mINFO[0m[0m 07/24 22:01:36 | 0.840146    0.855746    0.000000    0.972000    0.110837    0.840146    0.855746    0.965812    0.982036    0.968153    3700        88.622754   7.130248    0.005863    3.335650    3.817604    -6.975301   0.817476    0.777861    0.158461    0.009802    1.000000    0.250000    96.000000   21.000000   10.162452   19.237460   8.090432    11.232254   0.222503    0.009803    16.000000   3.272958    7.000000    21.000000   0.000000    0.000000    0.000000    0.000000    0.000000    0.714326    13.921239  
[37m[36mINFO[0m[0m 07/24 22:03:09 | 0.859671    0.836186    0.000000    0.976697    0.087921    0.859671    0.836186    0.974359    0.985030    0.970701    3800        91.017964   7.133460    0.002844    3.332956    3.828102    -7.107083   0.812388    0.773903    0.153937    0.009882    1.000000    0.250000    96.000000   21.000000   10.111661   19.099322   8.132243    11.281531   0.226311    0.009883    16.000000   3.267273    7.000000    21.000000   0.000000    0.000000    0.000000    0.000000    0.000000    0.712498    14.005543  
[37m[36mINFO[0m[0m 07/24 22:04:43 | 0.861501    0.848411    0.000000    0.975984    0.093051    0.861501    0.848411    0.972222    0.985030    0.970701    3900        93.413174   7.109422    0.002380    3.328096    3.810807    -7.245364   0.811672    0.774101    0.150283    0.009959    1.000000    0.250000    96.000000   21.000000   9.994974    18.623302   8.112009    11.120289   0.226107    0.009960    16.000000   3.261578    7.000000    21.000000   0.000000    0.000000    0.000000    0.000000    0.000000    0.733893    14.046252  
[37m[36mINFO[0m[0m 07/24 22:06:19 | 0.871873    0.855746    0.000000    0.967623    0.104034    0.871873    0.855746    0.980769    0.973054    0.949045    4000        95.808383   7.109214    0.000986    3.324066    3.817194    -7.359600   0.811083    0.774282    0.147206    0.010037    1.000000    0.250000    96.000000   21.000000   9.999415    18.551364   8.088536    11.204090   0.225834    0.010037    16.000000   3.255942    7.000000    21.000000   0.000000    0.000000    0.000000    0.000000    0.000000    0.740366    14.644769  
[37m[36mINFO[0m[0m 07/24 22:07:56 | 0.850519    0.853301    0.000000    0.970442    0.123644    0.850519    0.853301    0.972222    0.976048    0.963057    4100        98.203593   7.117594    0.004773    3.338868    3.807031    -7.348749   0.807986    0.771219    0.147069    0.010113    1.000000    0.250000    96.000000   21.000000   10.091199   19.050644   8.060265    11.199923   0.229159    0.010114    16.000000   3.250445    7.000000    21.000000   0.000000    0.000000    0.000000    0.000000    0.000000    0.747596    14.586223  
[37m[36mINFO[0m[0m 07/24 22:09:27 | 0.849908    0.826406    0.000000    0.966883    0.144066    0.849908    0.826406    0.965812    0.973054    0.961783    4200        100.598802  7.160272    0.014765    3.358019    3.819971    -7.268547   0.803838    0.767711    0.144506    0.010201    1.000000    0.250000    96.000000   21.000000   10.182887   18.903166   8.055537    11.298370   0.232925    0.010202    16.000000   3.244713    7.000000    21.000000   0.000000    0.000000    0.000000    0.000000    0.000000    0.699209    12.992124  
[37m[36mINFO[0m[0m 07/24 22:11:00 | 0.810860    0.819071    0.000000    0.966186    0.127952    0.810860    0.819071    0.974359    0.970060    0.954140    4300        102.994012  7.161594    0.020903    3.356310    3.818017    -7.359257   0.798909    0.763343    0.142263    0.010297    1.000000    0.250000    96.000000   21.000000   10.184869   19.466795   8.100874    11.348648   0.237157    0.010298    16.000000   3.238864    7.000000    21.000000   0.000000    0.000000    0.000000    0.000000    0.000000    0.718720    13.141202  
[37m[36mINFO[0m[0m 07/24 22:12:33 | 0.840146    0.850856    0.000000    0.973575    0.107650    0.840146    0.850856    0.974359    0.982036    0.964331    4400        105.389222  7.164763    0.016226    3.365073    3.817165    -7.347481   0.795271    0.760224    0.140186    0.010385    1.000000    0.250000    96.000000   21.000000   10.279719   20.081836   8.089853    11.315579   0.240174    0.010385    16.000000   3.233363    7.000000    21.000000   0.000000    0.000000    0.000000    0.000000    0.000000    0.726985    13.256695  
[37m[36mINFO[0m[0m 07/24 22:14:06 | 0.862721    0.853301    0.000000    0.969456    0.123997    0.862721    0.853301    0.974359    0.976048    0.957962    4500        107.784431  7.152788    0.012519    3.353834    3.820402    -7.360617   0.792576    0.757845    0.138924    0.010474    1.000000    0.250000    96.000000   21.000000   10.292212   19.803323   8.081544    11.379804   0.242743    0.010475    16.000000   3.227853    7.000000    21.000000   0.000000    0.000000    0.000000    0.000000    0.000000    0.722879    13.387540  
[37m[36mINFO[0m[0m 07/24 22:15:38 | 0.834045    0.853301    0.000000    0.966171    0.138746    0.834045    0.853301    0.963675    0.973054    0.961783    4600        110.179641  7.144817    0.012358    3.353242    3.814561    -7.493821   0.791670    0.756526    0.140575    0.010569    1.000000    0.250000    96.000000   21.000000   10.238549   19.827862   8.111109    11.233819   0.244346    0.010570    16.000000   3.222237    7.000000    21.000000   0.000000    0.000000    0.000000    0.000000    0.000000    0.712753    13.533101  
[37m[36mINFO[0m[0m 07/24 22:17:12 | 0.831605    0.831296    0.000000    0.967319    0.133666    0.831605    0.831296    0.967949    0.976048    0.957962    4700        112.574850  7.105052    0.008592    3.340257    3.792427    -7.568221   0.788948    0.754686    0.137049    0.010660    1.000000    0.250000    96.000000   21.000000   10.244943   19.638225   8.145454    11.120659   0.245967    0.010661    16.000000   3.216740    7.000000    21.000000   0.000000    0.000000    0.000000    0.000000    0.000000    0.732858    13.376851  
[37m[36mINFO[0m[0m 07/24 22:18:46 | 0.863941    0.860636    0.000000    0.969165    0.111885    0.863941    0.860636    0.963675    0.982036    0.961783    4800        114.970060  7.086552    0.003155    3.327838    3.793272    -7.715873   0.788712    0.754553    0.136636    0.010745    1.000000    0.250000    96.000000   21.000000   10.193666   19.607001   8.131974    11.130925   0.245648    0.010746    16.000000   3.211455    7.000000    21.000000   0.000000    0.000000    0.000000    0.000000    0.000000    0.734325    13.504399  
[37m[36mINFO[0m[0m 07/24 22:20:20 | 0.856620    0.858191    0.000000    0.973000    0.110198    0.856620    0.858191    0.970085    0.982036    0.966879    4900        117.365269  7.083972    0.001049    3.328058    3.793914    -7.848434   0.788495    0.754386    0.136437    0.010823    1.000000    0.250000    96.000000   21.000000   10.113806   19.301067   8.099144    11.079915   0.245790    0.010823    16.000000   3.206368    7.000000    21.000000   0.000000    0.000000    0.000000    0.000000    0.000000    0.723271    13.875689  
[37m[36mINFO[0m[0m 07/24 22:21:54 | 0.866992    0.855746    0.000000    0.971728    0.104205    0.866992    0.855746    0.974359    0.979042    0.961783    5000        119.760479  7.091650    0.005479    3.331904    3.794502    -7.948793   0.784842    0.751676    0.132663    0.010902    1.000000    0.250000    96.000000   21.000000   10.074654   18.864903   8.078326    11.034922   0.248601    0.010903    16.000000   3.201276    7.000000    21.000000   0.000000    0.000000    0.000000    0.000000    0.000000    0.730586    13.978265  
[37m[36mINFO[0m[0m 07/24 22:21:54 | ---
[37m[33mWARNING[0m[0m 07/24 22:21:55 | Evaluate SWAD ...
[37m[36mINFO[0m[0m 07/24 22:22:09 | 0.900549    0.885086    0.000000    0.981391    0.066939    0.900549    0.885086    0.978632    0.991018    0.974522    [101-5000]  (N=51)
[37m[36mINFO[0m[0m 07/24 22:22:09 | oracle = 88.103%
[37m[36mINFO[0m[0m 07/24 22:22:09 | iid = 85.967%
[37m[36mINFO[0m[0m 07/24 22:22:09 | last = 86.699%
[37m[36mINFO[0m[0m 07/24 22:22:09 | last (inD) = 97.173%
[37m[36mINFO[0m[0m 07/24 22:22:09 | iid (inD) = 97.670%
[37m[36mINFO[0m[0m 07/24 22:22:09 | SWAD = 90.055%
[37m[36mINFO[0m[0m 07/24 22:22:09 | SWAD (inD) = 98.139%
[37m[36mINFO[0m[0m 07/24 22:22:09 | 
[37m[36mINFO[0m[0m 07/24 22:22:13 | Testenv name escaping te_cartoon -> te_cartoon
[37m[36mINFO[0m[0m 07/24 22:22:13 | Test envs = [1], name = te_cartoon
[37m[36mINFO[0m[0m 07/24 22:22:13 | Batch sizes for each domain: [32, 0, 32, 32] (total=96)
[37m[36mINFO[0m[0m 07/24 22:22:13 | steps-per-epoch for each domain: 51.22, 41.75, 98.25 -> min = 41.75
[37m[36mINFO[0m[0m 07/24 22:22:17 | # of params = 49165255
[37m[36mINFO[0m[0m 07/24 22:22:32 | test_in     test_out    train_in    train_out   tr_outloss  env0_out    env1_in     env1_out    env2_out    env3_out    step        epoch       loss        loss_cls    sup_cl_los  pre_cl_los  reg_loss    loss_isr    loss_isr_a  loss_isr_d  loss_orth   piccl_lamb  piccl_beta  valid_augm  valid_clas  delta_aug_  delta_aug_  delta_dom_  delta_dom_  projection  basis_orth  basis_rank  basis_norm  residual_b  residual_b  piccl_has_  reliable_c  reliable_c  cross_doma  valid_reli  step_time   eval_time  
[37m[36mINFO[0m[0m 07/24 22:22:32 | 0.242537    0.273504    0.000000    0.203026    1.879956    0.119804    0.242537    0.273504    0.308383    0.180892    0           0.000000    12.183765   2.007856    5.189256    5.044218    -5.756462   0.000000    0.000000    0.000000    0.002561    0.000000    0.000000    0.000000    0.000000    0.000000    0.000000    0.000000    0.000000    0.000000    0.002561    16.000000   3.607995    0.000000    0.000000    0.000000    0.000000    0.000000    0.000000    0.000000    0.418943    14.835036  
[37m[36mINFO[0m[0m 07/24 22:24:12 | 0.661514    0.681624    0.000000    0.948837    0.146526    0.951100    0.661514    0.681624    0.982036    0.913376    100         2.395210    8.677270    0.288282    3.810379    4.572938    0.567104    0.992025    0.992025    0.000000    0.002561    0.000000    0.000000    96.000000   0.000000    12.711988   25.722220   0.000000    0.000000    0.007982    0.002561    16.000000   3.607995    0.000000    0.000000    0.000000    0.000000    0.000000    0.000000    0.000000    0.640962    14.083484  
[37m[36mINFO[0m[0m 07/24 22:25:52 | 0.770256    0.803419    0.000000    0.954541    0.129222    0.948655    0.770256    0.803419    0.985030    0.929936    200         4.790419    7.942531    0.104760    3.537990    4.314899    -1.511794   0.991948    0.991948    0.000000    0.002561    0.000000    0.000000    96.000000   0.000000    11.603002   22.841657   0.000000    0.000000    0.008050    0.002561    16.000000   3.607995    0.000000    0.000000    0.000000    0.000000    0.000000    0.000000    0.000000    0.642078    14.481137  
[37m[36mINFO[0m[0m 07/24 22:27:31 | 0.771322    0.792735    0.000000    0.951603    0.149282    0.933985    0.771322    0.792735    0.973054    0.947771    300         7.185629    7.668993    0.053264    3.447009    4.189405    -2.131404   1.111753    0.991303    0.481801    0.002562    0.010200    0.002550    96.000000   10.060000   11.432644   22.556799   4.728441    7.435119    0.008751    0.002562    16.000000   3.607914    3.460000    10.100000   0.000000    0.000000    0.000000    0.000000    0.000000    0.698416    14.274087  
[37m[36mINFO[0m[0m 07/24 22:29:06 | 0.792644    0.797009    0.000000    0.964021    0.119457    0.958435    0.792644    0.797009    0.982036    0.951592    400         9.580838    7.591026    0.046680    3.430457    4.134330    -2.527803   1.207592    0.982088    0.902015    0.002550    0.080400    0.020100    96.000000   21.000000   11.300465   22.429304   8.523031    14.573584   0.018103    0.002550    16.000000   3.610203    7.000000    21.000000   0.000000    0.000000    0.000000    0.000000    0.000000    0.696488    14.163615  
[37m[36mINFO[0m[0m 07/24 22:30:45 | 0.809168    0.841880    0.000000    0.959878    0.128223    0.951100    0.809168    0.841880    0.982036    0.946497    500         11.976048   7.487304    0.032504    3.401902    4.073211    -2.952036   1.150490    0.969231    0.725036    0.002686    0.160400    0.040100    96.000000   21.000000   11.182607   22.040135   7.994948    13.336521   0.031054    0.002689    16.000000   3.602163    7.000000    21.000000   0.000000    0.000000    0.000000    0.000000    0.000000    0.763702    14.084470  
[37m[36mINFO[0m[0m 07/24 22:32:19 | 0.779851    0.788462    0.000000    0.958479    0.146330    0.958435    0.779851    0.788462    0.973054    0.943949    600         14.371257   7.477637    0.037529    3.412352    4.046398    -3.183619   1.098893    0.956416    0.569908    0.003128    0.240400    0.060100    96.000000   21.000000   11.179376   22.451543   7.874557    12.736129   0.043882    0.003134    16.000000   3.580598    7.000000    21.000000   0.000000    0.000000    0.000000    0.000000    0.000000    0.696968    12.784954  
[37m[36mINFO[0m[0m 07/24 22:33:40 | 0.850746    0.882479    0.000000    0.945417    0.194723    0.931540    0.850746    0.882479    0.976048    0.928662    700         16.766467   7.408014    0.029113    3.383323    4.012948    -3.438322   1.062541    0.943605    0.475745    0.003707    0.320400    0.080100    96.000000   21.000000   11.094949   22.058367   7.875096    12.529914   0.056688    0.003713    16.000000   3.558652    7.000000    21.000000   0.000000    0.000000    0.000000    0.000000    0.000000    0.639565    14.059036  
[37m[36mINFO[0m[0m 07/24 22:35:15 | 0.821962    0.865385    0.000000    0.961222    0.131567    0.965770    0.821962    0.865385    0.979042    0.938854    800         19.161677   7.371440    0.021425    3.371412    3.994299    -3.647058   1.037969    0.931848    0.424486    0.004165    0.400400    0.100100    96.000000   21.000000   11.007713   21.820822   7.844340    12.287719   0.068584    0.004168    16.000000   3.541645    7.000000    21.000000   0.000000    0.000000    0.000000    0.000000    0.000000    0.776907    14.634994  
[37m[36mINFO[0m[0m 07/24 22:36:50 | 0.812367    0.835470    0.000000    0.967957    0.092901    0.960880    0.812367    0.835470    0.985030    0.957962    900         21.556886   7.351133    0.019378    3.369505    3.975630    -3.775874   1.015134    0.918437    0.386791    0.004491    0.480400    0.120100    96.000000   21.000000   11.066425   21.809238   7.795571    12.068348   0.082069    0.004494    16.000000   3.526797    7.000000    21.000000   0.000000    0.000000    0.000000    0.000000    0.000000    0.777575    14.675115  
[37m[36mINFO[0m[0m 07/24 22:38:22 | 0.803305    0.820513    0.000000    0.966442    0.096697    0.958435    0.803305    0.820513    0.988024    0.952866    1000        23.952096   7.295541    0.010968    3.351937    3.945248    -4.051379   0.995933    0.906831    0.356405    0.004779    0.560400    0.140100    96.000000   21.000000   10.942512   21.472930   7.853516    12.089529   0.093606    0.004782    16.000000   3.511520    7.000000    21.000000   0.000000    0.000000    0.000000    0.000000    0.000000    0.692407    14.346075  
[37m[36mINFO[0m[0m 07/24 22:39:57 | 0.813433    0.850427    0.000000    0.968738    0.117394    0.965770    0.813433    0.850427    0.985030    0.955414    1100        26.347305   7.284455    0.011125    3.352552    3.931897    -4.237820   0.976334    0.894491    0.327372    0.005079    0.640400    0.160100    96.000000   21.000000   10.974381   21.512257   7.828746    11.889792   0.105945    0.005082    16.000000   3.495230    7.000000    21.000000   0.000000    0.000000    0.000000    0.000000    0.000000    0.730559    14.221294  
[37m[36mINFO[0m[0m 07/24 22:41:29 | 0.819829    0.854701    0.000000    0.960544    0.128762    0.953545    0.819829    0.854701    0.979042    0.949045    1200        28.742515   7.276998    0.013725    3.354439    3.917286    -4.301724   0.959684    0.884230    0.301816    0.005400    0.720400    0.180100    96.000000   21.000000   10.984151   21.442168   7.821866    11.843549   0.116193    0.005403    16.000000   3.478276    7.000000    21.000000   0.000000    0.000000    0.000000    0.000000    0.000000    0.700756    13.527020  
[37m[36mINFO[0m[0m 07/24 22:43:01 | 0.804904    0.839744    0.000000    0.955585    0.147339    0.943765    0.804904    0.839744    0.979042    0.943949    1300        31.137725   7.294071    0.020440    3.368507    3.911678    -4.422324   0.941296    0.871699    0.278389    0.005741    0.800400    0.200100    96.000000   21.000000   11.022620   22.247975   7.805961    11.794000   0.128816    0.005745    16.000000   3.460966    7.000000    21.000000   0.000000    0.000000    0.000000    0.000000    0.000000    0.699491    13.645851  
[37m[36mINFO[0m[0m 07/24 22:44:35 | 0.810768    0.829060    0.000000    0.961784    0.136841    0.955990    0.810768    0.829060    0.979042    0.950318    1400        33.532934   7.280196    0.017140    3.363520    3.904043    -4.539761   0.928880    0.863627    0.261009    0.006091    0.880400    0.220100    96.000000   21.000000   10.958350   21.932626   7.824117    11.866969   0.136811    0.006095    16.000000   3.443770    7.000000    21.000000   0.000000    0.000000    0.000000    0.000000    0.000000    0.727681    13.493437  
[37m[36mINFO[0m[0m 07/24 22:46:07 | 0.835821    0.867521    0.000000    0.965261    0.143087    0.960880    0.835821    0.867521    0.982036    0.952866    1500        35.928144   7.265661    0.011668    3.357219    3.898924    -4.607884   0.914743    0.854281    0.241848    0.006446    0.960400    0.240100    96.000000   21.000000   11.046828   21.717222   7.834060    11.787027   0.146190    0.006450    16.000000   3.426914    7.000000    21.000000   0.000000    0.000000    0.000000    0.000000    0.000000    0.715894    13.869380  
[37m[36mINFO[0m[0m 07/24 22:47:37 | 0.807569    0.826923    0.000000    0.962252    0.155542    0.943765    0.807569    0.826923    0.985030    0.957962    1600        38.323353   7.223312    0.010547    3.343338    3.872584    -4.832904   0.903315    0.846312    0.228010    0.006800    1.000000    0.250000    96.000000   21.000000   10.928357   21.368446   7.816259    11.611217   0.154119    0.006804    16.000000   3.410471    7.000000    21.000000   0.000000    0.000000    0.000000    0.000000    0.000000    0.679031    13.786186  
[37m[36mINFO[0m[0m 07/24 22:49:09 | 0.810768    0.833333    0.000000    0.966798    0.126090    0.963325    0.810768    0.833333    0.988024    0.949045    1700        40.718563   7.182328    0.003517    3.330865    3.853198    -5.003995   0.895628    0.839748    0.223524    0.007140    1.000000    0.250000    96.000000   21.000000   10.964487   21.571560   7.871580    11.741445   0.160550    0.007143    16.000000   3.394960    7.000000    21.000000   0.000000    0.000000    0.000000    0.000000    0.000000    0.682656    13.997176  
[37m[36mINFO[0m[0m 07/24 22:50:40 | 0.796375    0.831197    0.000000    0.958042    0.147716    0.960880    0.796375    0.831197    0.982036    0.931210    1800        43.113772   7.213291    0.011329    3.351215    3.857724    -5.141568   0.888611    0.834140    0.217885    0.007446    1.000000    0.250000    96.000000   21.000000   10.892976   21.884864   7.834786    11.711422   0.166386    0.007449    16.000000   3.381004    7.000000    21.000000   0.000000    0.000000    0.000000    0.000000    0.000000    0.682083    14.048370  
[37m[36mINFO[0m[0m 07/24 22:52:14 | 0.801706    0.826923    0.000000    0.956652    0.162566    0.938875    0.801706    0.826923    0.982036    0.949045    1900        45.508982   7.225414    0.019386    3.362849    3.851103    -5.194270   0.880195    0.828512    0.206730    0.007726    1.000000    0.250000    96.000000   21.000000   11.037177   22.082209   7.775799    11.646821   0.172107    0.007729    16.000000   3.368280    7.000000    21.000000   0.000000    0.000000    0.000000    0.000000    0.000000    0.721360    14.315891  
[37m[36mINFO[0m[0m 07/24 22:53:47 | 0.797441    0.824786    0.000000    0.956528    0.161144    0.946210    0.797441    0.824786    0.973054    0.950318    2000        47.904192   7.225689    0.017206    3.360225    3.857704    -5.324554   0.875827    0.826540    0.197150    0.007987    1.000000    0.250000    96.000000   21.000000   10.958364   21.917342   7.783330    11.706558   0.174031    0.007989    16.000000   3.356314    7.000000    21.000000   0.000000    0.000000    0.000000    0.000000    0.000000    0.699471    14.799554  
[37m[36mINFO[0m[0m 07/24 22:55:21 | 0.812367    0.826923    0.000000    0.966225    0.140336    0.963325    0.812367    0.826923    0.985030    0.950318    2100        50.299401   7.171397    0.004492    3.336629    3.841208    -5.437162   0.868626    0.819779    0.195387    0.008232    1.000000    0.250000    96.000000   21.000000   10.961662   21.908371   7.757580    11.380797   0.180636    0.008234    16.000000   3.344976    7.000000    21.000000   0.000000    0.000000    0.000000    0.000000    0.000000    0.718247    14.840419  
[37m[36mINFO[0m[0m 07/24 22:56:55 | 0.776119    0.797009    0.000000    0.960095    0.155924    0.946210    0.776119    0.797009    0.985030    0.949045    2200        52.694611   7.193648    0.009575    3.346992    3.849615    -5.575172   0.864188    0.816981    0.188825    0.008473    1.000000    0.250000    96.000000   21.000000   10.958161   21.509477   7.826346    11.578300   0.183349    0.008475    16.000000   3.333805    7.000000    21.000000   0.000000    0.000000    0.000000    0.000000    0.000000    0.712956    14.822826  
[37m[36mINFO[0m[0m 07/24 22:58:29 | 0.813966    0.826923    0.000000    0.950996    0.248536    0.936430    0.813966    0.826923    0.970060    0.946497    2300        55.089820   7.179123    0.011602    3.349146    3.831902    -5.634677   0.856192    0.809743    0.185796    0.008701    1.000000    0.250000    96.000000   21.000000   11.040592   21.727136   7.854678    11.714410   0.190633    0.008704    16.000000   3.323118    7.000000    21.000000   0.000000    0.000000    0.000000    0.000000    0.000000    0.724220    14.471264  
[37m[36mINFO[0m[0m 07/24 23:00:02 | 0.796375    0.826923    0.000000    0.964180    0.128164    0.948655    0.796375    0.826923    0.991018    0.952866    2400        57.485030   7.183651    0.013164    3.346852    3.838664    -5.772517   0.853731    0.808623    0.180432    0.008920    1.000000    0.250000    96.000000   21.000000   10.914506   21.196459   7.822734    11.660685   0.191947    0.008922    16.000000   3.312870    7.000000    21.000000   0.000000    0.000000    0.000000    0.000000    0.000000    0.714264    14.620332  
[37m[36mINFO[0m[0m 07/24 23:01:35 | 0.803838    0.820513    0.000000    0.966386    0.121575    0.960880    0.803838    0.820513    0.979042    0.959236    2500        59.880240   7.177976    0.016012    3.352309    3.826339    -5.915945   0.849322    0.803877    0.181781    0.009124    1.000000    0.250000    96.000000   21.000000   10.947245   21.870961   7.817744    11.747209   0.196635    0.009126    16.000000   3.303219    7.000000    21.000000   0.000000    0.000000    0.000000    0.000000    0.000000    0.708519    14.581154  
[37m[36mINFO[0m[0m 07/24 23:03:08 | 0.812367    0.856838    0.000000    0.969597    0.121295    0.955990    0.812367    0.856838    0.991018    0.961783    2600        62.275449   7.209347    0.023859    3.372018    3.830819    -5.965924   0.846013    0.801948    0.176258    0.009311    1.000000    0.250000    96.000000   21.000000   10.952720   21.805241   7.816803    11.886089   0.198701    0.009313    16.000000   3.294172    7.000000    21.000000   0.000000    0.000000    0.000000    0.000000    0.000000    0.706257    13.776292  
[37m[36mINFO[0m[0m 07/24 23:04:40 | 0.816098    0.820513    0.000000    0.956711    0.195767    0.943765    0.816098    0.820513    0.976048    0.950318    2700        64.670659   7.163267    0.015630    3.355399    3.810328    -6.014342   0.840868    0.797785    0.172333    0.009496    1.000000    0.250000    96.000000   21.000000   10.986380   21.609575   7.812878    11.735708   0.202597    0.009498    16.000000   3.285368    7.000000    21.000000   0.000000    0.000000    0.000000    0.000000    0.000000    0.714183    13.774247  
[37m[36mINFO[0m[0m 07/24 23:06:13 | 0.807569    0.863248    0.000000    0.954576    0.195338    0.933985    0.807569    0.863248    0.973054    0.956688    2800        67.065868   7.170221    0.016208    3.356837    3.816527    -6.112773   0.835339    0.792874    0.169860    0.009678    1.000000    0.250000    96.000000   21.000000   10.963227   21.915442   7.826439    11.709275   0.207873    0.009680    16.000000   3.276743    7.000000    21.000000   0.000000    0.000000    0.000000    0.000000    0.000000    0.723607    14.029652  
[37m[36mINFO[0m[0m 07/24 23:07:47 | 0.771855    0.794872    0.000000    0.956562    0.185702    0.943765    0.771855    0.794872    0.973054    0.952866    2900        69.461078   7.146887    0.011345    3.347454    3.808606    -6.203665   0.830179    0.788025    0.168617    0.009868    1.000000    0.250000    96.000000   21.000000   11.046920   22.078825   7.859082    11.796346   0.212282    0.009870    16.000000   3.267947    7.000000    21.000000   0.000000    0.000000    0.000000    0.000000    0.000000    0.726273    13.703616  
[37m[36mINFO[0m[0m 07/24 23:13:18 | 0.818230    0.833333    0.000000    0.952270    0.204886    0.936430    0.818230    0.833333    0.970060    0.950318    3000        71.856287   7.118314    0.009732    3.337031    3.792680    -6.275362   0.832283    0.789735    0.170190    0.010048    1.000000    0.250000    96.000000   21.000000   11.019782   21.592025   7.857902    11.805689   0.210854    0.010050    16.000000   3.259580    7.000000    21.000000   0.000000    0.000000    0.000000    0.000000    0.000000    1.058462    219.140985 
[37m[36mINFO[0m[0m 07/24 23:16:17 | 0.837420    0.865385    0.000000    0.962094    0.170301    0.953545    0.837420    0.865385    0.976048    0.956688    3100        74.251497   7.111931    0.005153    3.330830    3.798875    -6.429536   0.827165    0.785440    0.166902    0.010222    1.000000    0.250000    96.000000   21.000000   10.969313   21.649773   7.866821    11.719733   0.214856    0.010224    16.000000   3.251508    7.000000    21.000000   0.000000    0.000000    0.000000    0.000000    0.000000    1.112216    56.748154  
[37m[36mINFO[0m[0m 07/24 23:18:05 | 0.806503    0.826923    0.000000    0.969494    0.129105    0.963325    0.806503    0.826923    0.991018    0.954140    3200        76.646707   7.089684    0.004398    3.328981    3.780672    -6.560571   0.824545    0.783458    0.164349    0.010391    1.000000    0.250000    96.000000   21.000000   10.908507   21.220306   7.842197    11.593344   0.216845    0.010392    16.000000   3.243672    7.000000    21.000000   0.000000    0.000000    0.000000    0.000000    0.000000    0.811873    16.670786  
[37m[36mINFO[0m[0m 07/24 23:19:46 | 0.834222    0.865385    0.000000    0.966179    0.144204    0.955990    0.834222    0.865385    0.982036    0.960510    3300        79.041916   7.094879    0.005187    3.331075    3.784077    -6.653297   0.821252    0.781673    0.158317    0.010551    1.000000    0.250000    96.000000   21.000000   10.885531   21.551002   7.828073    11.597877   0.218713    0.010553    16.000000   3.236228    7.000000    21.000000   0.000000    0.000000    0.000000    0.000000    0.000000    0.774484    14.834338  
[37m[36mINFO[0m[0m 07/24 23:21:29 | 0.772388    0.799145    0.000000    0.958112    0.202654    0.943765    0.772388    0.799145    0.970060    0.960510    3400        81.437126   7.088845    0.006077    3.331545    3.778016    -6.767213   0.817359    0.779271    0.152350    0.010711    1.000000    0.250000    96.000000   21.000000   10.916725   21.446207   7.849293    11.801606   0.220895    0.010712    16.000000   3.228940    7.000000    21.000000   0.000000    0.000000    0.000000    0.000000    0.000000    0.808490    13.753510  
[37m[36mINFO[0m[0m 07/24 23:23:14 | 0.810235    0.809829    0.000000    0.955322    0.185331    0.941320    0.810235    0.809829    0.973054    0.951592    3500        83.832335   7.170617    0.024241    3.371997    3.800696    -6.704592   0.814377    0.776699    0.150711    0.010872    1.000000    0.250000    96.000000   21.000000   11.053574   21.593113   7.837735    11.956157   0.223727    0.010874    16.000000   3.221722    7.000000    21.000000   0.000000    0.000000    0.000000    0.000000    0.000000    0.808274    14.883252  
[37m[36mINFO[0m[0m 07/24 23:24:58 | 0.791045    0.814103    0.000000    0.960591    0.137740    0.948655    0.791045    0.814103    0.970060    0.963057    3600        86.227545   7.124198    0.011053    3.349099    3.791308    -6.778734   0.810279    0.772257    0.152089    0.011033    1.000000    0.250000    96.000000   21.000000   11.073418   21.835368   7.818956    11.926670   0.228229    0.011035    16.000000   3.214686    7.000000    21.000000   0.000000    0.000000    0.000000    0.000000    0.000000    0.796254    14.186174  
[37m[36mINFO[0m[0m 07/24 23:26:40 | 0.802239    0.814103    0.000000    0.970712    0.124927    0.965770    0.802239    0.814103    0.982036    0.964331    3700        88.622754   7.084167    0.003060    3.330752    3.778619    -6.878777   0.810249    0.772625    0.150498    0.011196    1.000000    0.250000    96.000000   21.000000   10.976104   21.538914   7.837097    11.833103   0.227561    0.011198    16.000000   3.207719    7.000000    21.000000   0.000000    0.000000    0.000000    0.000000    0.000000    0.781275    14.821252  
[37m[36mINFO[0m[0m 07/24 23:28:26 | 0.820896    0.814103    0.000000    0.967809    0.161555    0.960880    0.820896    0.814103    0.982036    0.960510    3800        91.017964   7.082779    0.004594    3.333451    3.774306    -6.997494   0.807837    0.770869    0.147870    0.011344    1.000000    0.250000    96.000000   21.000000   10.997829   21.625997   7.869546    11.906242   0.229334    0.011346    16.000000   3.201294    7.000000    21.000000   0.000000    0.000000    0.000000    0.000000    0.000000    0.816301    15.212176  
[37m[36mINFO[0m[0m 07/24 23:30:07 | 0.789979    0.822650    0.000000    0.964641    0.155884    0.953545    0.789979    0.822650    0.976048    0.964331    3900        93.413174   7.088513    0.004606    3.331103    3.782570    -7.000898   0.804657    0.768356    0.145203    0.011489    1.000000    0.250000    96.000000   21.000000   11.064160   22.192905   7.902143    11.902576   0.231855    0.011490    16.000000   3.195034    7.000000    21.000000   0.000000    0.000000    0.000000    0.000000    0.000000    0.787719    13.832242  
[37m[36mINFO[0m[0m 07/24 23:31:53 | 0.810768    0.822650    0.000000    0.963734    0.182889    0.948655    0.810768    0.822650    0.982036    0.960510    4000        95.808383   7.138581    0.023119    3.364666    3.781247    -7.055122   0.801775    0.766546    0.140916    0.011626    1.000000    0.250000    96.000000   21.000000   11.010890   21.728483   7.869244    11.747539   0.234004    0.011627    16.000000   3.189111    7.000000    21.000000   0.000000    0.000000    0.000000    0.000000    0.000000    0.813392    15.360206  
[37m[36mINFO[0m[0m 07/24 23:33:31 | 0.834222    0.829060    0.000000    0.966420    0.165888    0.958435    0.834222    0.829060    0.979042    0.961783    4100        98.203593   7.072037    0.004204    3.331299    3.768321    -7.173584   0.798765    0.763610    0.140621    0.011760    1.000000    0.250000    96.000000   21.000000   10.958161   21.593684   7.865075    11.578499   0.236636    0.011761    16.000000   3.183304    7.000000    21.000000   0.000000    0.000000    0.000000    0.000000    0.000000    0.757594    13.445437  
[37m[36mINFO[0m[0m 07/24 23:35:12 | 0.805437    0.809829    0.000000    0.968865    0.127129    0.965770    0.805437    0.809829    0.979042    0.961783    4200        100.598802  7.064571    0.003028    3.327534    3.766916    -7.288656   0.799345    0.764798    0.138186    0.011881    1.000000    0.250000    96.000000   21.000000   10.906505   21.466178   7.843495    11.518449   0.235399    0.011882    16.000000   3.177965    7.000000    21.000000   0.000000    0.000000    0.000000    0.000000    0.000000    0.776449    14.364496  
[37m[36mINFO[0m[0m 07/24 23:36:56 | 0.796375    0.814103    0.000000    0.966213    0.149364    0.953545    0.796375    0.814103    0.982036    0.963057    4300        102.994012  7.061446    0.004485    3.330783    3.760457    -7.403796   0.794959    0.760912    0.136190    0.011992    1.000000    0.250000    96.000000   21.000000   10.923441   21.192894   7.837855    11.667287   0.239293    0.011993    16.000000   3.172930    7.000000    21.000000   0.000000    0.000000    0.000000    0.000000    0.000000    0.801754    14.426011  
[37m[36mINFO[0m[0m 07/24 23:38:38 | 0.825693    0.835470    0.000000    0.959614    0.180022    0.948655    0.825693    0.835470    0.976048    0.954140    4400        105.389222  7.057003    0.003618    3.329502    3.758760    -7.458247   0.793863    0.760093    0.135082    0.012097    1.000000    0.250000    96.000000   21.000000   10.914894   21.220244   7.870544    11.786689   0.240127    0.012098    16.000000   3.168077    7.000000    21.000000   0.000000    0.000000    0.000000    0.000000    0.000000    0.796724    14.157997  
[37m[36mINFO[0m[0m 07/24 23:40:20 | 0.764392    0.790598    0.000000    0.959580    0.130924    0.951100    0.764392    0.790598    0.976048    0.951592    4500        107.784431  7.104821    0.018444    3.350728    3.769905    -7.392172   0.793078    0.759398    0.134720    0.012196    1.000000    0.250000    96.000000   21.000000   10.977762   21.462994   7.854635    11.841858   0.240960    0.012197    16.000000   3.163462    7.000000    21.000000   0.000000    0.000000    0.000000    0.000000    0.000000    0.795199    14.148767  
[37m[36mINFO[0m[0m 07/24 23:42:02 | 0.815565    0.831197    0.000000    0.967396    0.151948    0.970660    0.815565    0.831197    0.985030    0.946497    4600        110.179641  7.062171    0.005259    3.334123    3.758191    -7.497214   0.791160    0.757909    0.133006    0.012286    1.000000    0.250000    96.000000   21.000000   10.994890   21.320377   7.871041    11.879522   0.242323    0.012287    16.000000   3.159212    7.000000    21.000000   0.000000    0.000000    0.000000    0.000000    0.000000    0.790785    13.664773  
[37m[36mINFO[0m[0m 07/24 23:43:40 | 0.763859    0.784188    0.000000    0.957214    0.173617    0.929095    0.763859    0.784188    0.982036    0.960510    4700        112.574850  7.070300    0.008365    3.339059    3.759103    -7.571206   0.789442    0.756084    0.133434    0.012370    1.000000    0.250000    96.000000   21.000000   11.001744   21.502390   7.863898    11.940161   0.244204    0.012371    16.000000   3.155221    7.000000    21.000000   0.000000    0.000000    0.000000    0.000000    0.000000    0.762069    13.269464  
[37m[36mINFO[0m[0m 07/24 23:45:21 | 0.806503    0.820513    0.000000    0.951466    0.210248    0.943765    0.806503    0.820513    0.973054    0.937580    4800        114.970060  7.098322    0.012608    3.350517    3.771846    -7.586542   0.784078    0.751066    0.132048    0.012444    1.000000    0.250000    96.000000   21.000000   11.060438   21.369352   7.869532    11.897119   0.249475    0.012445    16.000000   3.151562    7.000000    21.000000   0.000000    0.000000    0.000000    0.000000    0.000000    0.783189    13.403936  
[37m[36mINFO[0m[0m 07/24 23:47:04 | 0.769723    0.784188    0.000000    0.953636    0.173665    0.938875    0.769723    0.784188    0.964072    0.957962    4900        117.365269  7.085397    0.013668    3.348522    3.760302    -7.633557   0.784577    0.751753    0.131297    0.012510    1.000000    0.250000    96.000000   21.000000   10.991575   21.907674   7.841048    11.796055   0.248626    0.012510    16.000000   3.148117    7.000000    21.000000   0.000000    0.000000    0.000000    0.000000    0.000000    0.807040    13.193792  
[37m[36mINFO[0m[0m 07/24 23:48:42 | 0.774520    0.794872    0.000000    0.956586    0.178344    0.951100    0.774520    0.794872    0.967066    0.951592    5000        119.760479  7.057359    0.012630    3.339878    3.742918    -7.728395   0.784066    0.752116    0.127804    0.012572    1.000000    0.250000    96.000000   21.000000   10.966158   21.548989   7.866111    11.791954   0.248287    0.012573    16.000000   3.144807    7.000000    21.000000   0.000000    0.000000    0.000000    0.000000    0.000000    0.748749    13.562422  
[37m[36mINFO[0m[0m 07/24 23:48:42 | ---
[37m[33mWARNING[0m[0m 07/24 23:48:42 | Evaluate SWAD ...
[37m[36mINFO[0m[0m 07/24 23:48:57 | 0.842217    0.865385    0.000000    0.975854    0.085025    0.973105    0.842217    0.865385    0.985030    0.969427    [101-4600]  (N=46)
[37m[36mINFO[0m[0m 07/24 23:48:57 | oracle = 85.075%
[37m[36mINFO[0m[0m 07/24 23:48:57 | iid = 80.224%
[37m[36mINFO[0m[0m 07/24 23:48:57 | last = 77.452%
[37m[36mINFO[0m[0m 07/24 23:48:57 | last (inD) = 95.659%
[37m[36mINFO[0m[0m 07/24 23:48:57 | iid (inD) = 97.071%
[37m[36mINFO[0m[0m 07/24 23:48:57 | SWAD = 84.222%
[37m[36mINFO[0m[0m 07/24 23:48:57 | SWAD (inD) = 97.585%
[37m[36mINFO[0m[0m 07/24 23:48:58 | 
[37m[36mINFO[0m[0m 07/24 23:49:03 | Testenv name escaping te_photo -> te_photo
[37m[36mINFO[0m[0m 07/24 23:49:03 | Test envs = [2], name = te_photo
[37m[36mINFO[0m[0m 07/24 23:49:03 | Batch sizes for each domain: [32, 32, 0, 32] (total=96)
[37m[36mINFO[0m[0m 07/24 23:49:03 | steps-per-epoch for each domain: 51.22, 58.62, 98.25 -> min = 51.22
[37m[36mINFO[0m[0m 07/24 23:49:06 | # of params = 49165255
[37m[36mINFO[0m[0m 07/24 23:49:21 | test_in     test_out    train_in    train_out   tr_outloss  env0_out    env1_out    env2_in     env2_out    env3_out    step        epoch       loss        loss_cls    sup_cl_los  pre_cl_los  reg_loss    loss_isr    loss_isr_a  loss_isr_d  loss_orth   piccl_lamb  piccl_beta  valid_augm  valid_clas  delta_aug_  delta_aug_  delta_dom_  delta_dom_  projection  basis_orth  basis_rank  basis_norm  residual_b  residual_b  piccl_has_  reliable_c  reliable_c  cross_doma  valid_reli  step_time   eval_time  
[37m[36mINFO[0m[0m 07/24 23:49:21 | 0.104042    0.116766    0.000000    0.185340    1.952383    0.220049    0.147436    0.104042    0.116766    0.188535    0           0.000000    12.392203   1.935134    5.353373    5.161262    -5.756462   0.000000    0.000000    0.000000    0.002651    0.000000    0.000000    0.000000    0.000000    0.000000    0.000000    0.000000    0.000000    0.000000    0.002651    16.000000   3.593053    0.000000    0.000000    0.000000    0.000000    0.000000    0.000000    0.000000    0.630584    14.116590  
[37m[36mINFO[0m[0m 07/24 23:50:52 | 0.954341    0.940120    0.000000    0.933485    0.199310    0.921760    0.955128    0.954341    0.940120    0.923567    100         1.952410    9.131577    0.387525    3.974145    4.762001    0.790612    0.991933    0.991933    0.000000    0.002651    0.000000    0.000000    96.000000   0.000000    13.423311   25.803132   0.000000    0.000000    0.008056    0.002651    16.000000   3.593053    0.000000    0.000000    0.000000    0.000000    0.000000    0.000000    0.000000    0.612415    14.292094  
[37m[36mINFO[0m[0m 07/24 23:52:24 | 0.964820    0.952096    0.000000    0.944196    0.179130    0.946210    0.961538    0.964820    0.952096    0.924841    200         3.904820    8.296775    0.157314    3.636930    4.515055    -1.252325   0.991938    0.991938    0.000000    0.002651    0.000000    0.000000    96.000000   0.000000    12.218709   23.391048   0.000000    0.000000    0.008064    0.002651    16.000000   3.593053    0.000000    0.000000    0.000000    0.000000    0.000000    0.000000    0.000000    0.611849    13.968856  
[37m[36mINFO[0m[0m 07/24 23:53:57 | 0.976796    0.979042    0.000000    0.948628    0.163241    0.933985    0.967949    0.976796    0.979042    0.943949    300         5.857230    7.953664    0.073749    3.508854    4.388604    -1.817322   1.111804    0.991274    0.482120    0.002653    0.010200    0.002550    96.000000   10.090000   11.942974   23.340938   4.416637    6.355332    0.008782    0.002653    16.000000   3.592821    3.480000    10.160000   0.000000    0.000000    0.000000    0.000000    0.000000    0.695300    13.710765  
[37m[36mINFO[0m[0m 07/24 23:55:28 | 0.976048    0.961078    0.000000    0.947559    0.155935    0.948655    0.961538    0.976048    0.961078    0.932484    400         7.809640    7.847070    0.061440    3.478476    4.326095    -2.378382   1.209021    0.981562    0.909837    0.002668    0.080400    0.020100    96.000000   21.000000   11.719478   22.539174   7.595784    10.510598   0.018655    0.002668    16.000000   3.592792    7.000000    21.000000   0.000000    0.000000    0.000000    0.000000    0.000000    0.718922    12.360214  
[37m[36mINFO[0m[0m 07/24 23:57:00 | 0.979042    0.970060    0.000000    0.948313    0.165281    0.943765    0.950855    0.979042    0.970060    0.950318    500         9.762050    7.716168    0.034172    3.422042    4.278069    -2.731776   1.149998    0.966331    0.734668    0.002778    0.160400    0.040100    96.000000   21.000000   11.600222   22.202861   7.125091    10.478186   0.033929    0.002780    16.000000   3.587703    7.000000    21.000000   0.000000    0.000000    0.000000    0.000000    0.000000    0.725108    12.360398  
[37m[36mINFO[0m[0m 07/24 23:58:16 | 0.967066    0.958084    0.000000    0.956743    0.149773    0.941320    0.972222    0.967066    0.958084    0.956688    600         11.714460   7.656406    0.029184    3.409515    4.234888    -3.034291   1.096313    0.952356    0.575827    0.003123    0.240400    0.060100    96.000000   21.000000   11.497348   22.451642   7.101653    10.256222   0.047929    0.003128    16.000000   3.570247    7.000000    21.000000   0.000000    0.000000    0.000000    0.000000    0.000000    0.590522    12.042695  
[37m[36mINFO[0m[0m 07/24 23:59:58 | 0.971557    0.961078    0.000000    0.958052    0.152036    0.948655    0.970085    0.971557    0.961078    0.955414    700         13.666870   7.636273    0.035923    3.410730    4.206104    -3.337125   1.054825    0.938728    0.464385    0.003639    0.320400    0.080100    96.000000   21.000000   11.466967   22.345520   7.119190    10.226640   0.061639    0.003645    16.000000   3.548324    7.000000    21.000000   0.000000    0.000000    0.000000    0.000000    0.000000    0.864448    12.880447  
[37m[36mINFO[0m[0m 07/25 00:01:39 | 0.977545    0.961078    0.000000    0.959668    0.148808    0.953545    0.963675    0.977545    0.961078    0.961783    800         15.619280   7.581014    0.023453    3.394414    4.177554    -3.489498   1.023779    0.926409    0.389480    0.004186    0.400400    0.100100    96.000000   21.000000   11.503169   22.481110   7.063274    10.127021   0.073864    0.004191    16.000000   3.526291    7.000000    21.000000   0.000000    0.000000    0.000000    0.000000    0.000000    0.857801    12.295181  
[37m[36mINFO[0m[0m 07/25 00:03:20 | 0.973054    0.961078    0.000000    0.960921    0.133397    0.955990    0.970085    0.973054    0.961078    0.956688    900         17.571690   7.593383    0.031303    3.409299    4.165516    -3.668499   0.997385    0.911728    0.342630    0.004675    0.480400    0.120100    96.000000   21.000000   11.420439   22.105955   7.055603    10.030169   0.088575    0.004679    16.000000   3.505828    7.000000    21.000000   0.000000    0.000000    0.000000    0.000000    0.000000    0.824988    12.787527  
[37m[36mINFO[0m[0m 07/25 00:04:53 | 0.961078    0.964072    0.000000    0.965537    0.112511    0.951100    0.978632    0.961078    0.964072    0.966879    1000        19.524100   7.514704    0.019105    3.378529    4.128783    -3.904291   0.975548    0.898032    0.310062    0.005127    0.560400    0.140100    96.000000   21.000000   11.286653   21.645311   7.058377    10.069191   0.102414    0.005132    16.000000   3.485987    7.000000    21.000000   0.000000    0.000000    0.000000    0.000000    0.000000    0.705171    12.894309  
[37m[36mINFO[0m[0m 07/25 00:06:27 | 0.969311    0.946108    0.000000    0.964400    0.133396    0.960880    0.974359    0.969311    0.946108    0.957962    1100        21.476510   7.499551    0.013673    3.375454    4.120283    -4.035356   0.952511    0.880768    0.286973    0.005572    0.640400    0.160100    96.000000   21.000000   11.343385   21.974331   7.083740    10.255860   0.119540    0.005576    16.000000   3.466191    7.000000    21.000000   0.000000    0.000000    0.000000    0.000000    0.000000    0.696214    12.726231  
[37m[36mINFO[0m[0m 07/25 00:08:09 | 0.967066    0.964072    0.000000    0.961716    0.130616    0.960880    0.976496    0.967066    0.964072    0.947771    1200        23.428920   7.480359    0.019030    3.376846    4.093107    -4.231873   0.935459    0.868262    0.268785    0.006014    0.720400    0.180100    96.000000   21.000000   11.290473   21.979794   7.078113    10.252902   0.132216    0.006019    16.000000   3.446714    7.000000    21.000000   0.000000    0.000000    0.000000    0.000000    0.000000    0.801984    12.619161  
[37m[36mINFO[0m[0m 07/25 00:09:53 | 0.965569    0.949102    0.000000    0.944785    0.183567    0.936430    0.974359    0.965569    0.949102    0.923567    1300        25.381330   7.495896    0.021831    3.385868    4.095230    -4.381331   0.919031    0.855487    0.254176    0.006454    0.800400    0.200100    96.000000   21.000000   11.240096   21.446096   7.096000    10.356790   0.145081    0.006459    16.000000   3.427925    7.000000    21.000000   0.000000    0.000000    0.000000    0.000000    0.000000    0.809541    13.474981  
[37m[36mINFO[0m[0m 07/25 00:11:33 | 0.969311    0.949102    0.000000    0.961716    0.116735    0.960880    0.976496    0.969311    0.949102    0.947771    1400        27.333740   7.461351    0.012818    3.376046    4.077388    -4.477924   0.905853    0.845471    0.241530    0.006876    0.880400    0.220100    96.000000   21.000000   11.344434   21.767309   7.107494    10.238273   0.154894    0.006880    16.000000   3.410248    7.000000    21.000000   0.000000    0.000000    0.000000    0.000000    0.000000    0.778508    13.063994  
[37m[36mINFO[0m[0m 07/25 00:13:13 | 0.962575    0.949102    0.000000    0.955709    0.172107    0.963325    0.963675    0.962575    0.949102    0.940127    1500        29.286150   7.431674    0.009816    3.361281    4.064132    -4.645302   0.893262    0.835072    0.232762    0.007255    0.960400    0.240100    96.000000   21.000000   11.255359   21.787600   7.111080    10.238557   0.165292    0.007259    16.000000   3.394208    7.000000    21.000000   0.000000    0.000000    0.000000    0.000000    0.000000    0.781998    13.733228  
[37m[36mINFO[0m[0m 07/25 00:14:54 | 0.974551    0.940120    0.000000    0.942197    0.213647    0.926650    0.957265    0.974551    0.940120    0.942675    1600        31.238560   7.460093    0.022083    3.376224    4.065110    -4.753218   0.883990    0.828176    0.223254    0.007612    1.000000    0.250000    96.000000   21.000000   11.257940   21.798397   7.101593    10.298989   0.172301    0.007616    16.000000   3.379133    7.000000    21.000000   0.000000    0.000000    0.000000    0.000000    0.000000    0.784795    13.638062  
[37m[36mINFO[0m[0m 07/25 00:16:36 | 0.961078    0.934132    0.000000    0.943231    0.204221    0.943765    0.957265    0.961078    0.934132    0.928662    1700        33.190970   7.449215    0.016587    3.377155    4.059782    -4.811761   0.876005    0.821538    0.217866    0.007909    1.000000    0.250000    96.000000   21.000000   11.400118   22.078229   7.076695    10.391432   0.178932    0.007911    16.000000   3.366299    7.000000    21.000000   0.000000    0.000000    0.000000    0.000000    0.000000    0.808811    11.849243  
[37m[36mINFO[0m[0m 07/25 00:18:15 | 0.958084    0.943114    0.000000    0.958017    0.159614    0.951100    0.970085    0.958084    0.943114    0.952866    1800        35.143380   7.426747    0.016633    3.375412    4.040575    -4.929917   0.868349    0.814433    0.215664    0.008157    1.000000    0.250000    96.000000   21.000000   11.325655   21.865234   7.123658    10.496997   0.186107    0.008159    16.000000   3.355234    7.000000    21.000000   0.000000    0.000000    0.000000    0.000000    0.000000    0.777086    12.875052  
[37m[36mINFO[0m[0m 07/25 00:19:59 | 0.965569    0.934132    0.000000    0.949991    0.197748    0.946210    0.957265    0.965569    0.934132    0.946497    1900        37.095790   7.407418    0.016665    3.370912    4.027883    -5.117514   0.862493    0.809547    0.211783    0.008382    1.000000    0.250000    96.000000   21.000000   11.288908   21.988411   7.141179    10.433647   0.191242    0.008384    16.000000   3.344959    7.000000    21.000000   0.000000    0.000000    0.000000    0.000000    0.000000    0.814837    12.613009  
[37m[36mINFO[0m[0m 07/25 00:21:41 | 0.968563    0.934132    0.000000    0.962024    0.147379    0.958435    0.972222    0.968563    0.934132    0.955414    2000        39.048200   7.389800    0.011232    3.357307    4.030650    -5.223007   0.856654    0.805393    0.205046    0.008586    1.000000    0.250000    96.000000   21.000000   11.228475   21.498155   7.142994    10.357031   0.194974    0.008588    16.000000   3.335329    7.000000    21.000000   0.000000    0.000000    0.000000    0.000000    0.000000    0.785316    15.328611  
[37m[36mINFO[0m[0m 07/25 00:23:25 | 0.977545    0.964072    0.000000    0.958038    0.148950    0.958435    0.961538    0.977545    0.964072    0.954140    2100        41.000610   7.371517    0.011106    3.360343    4.010734    -5.337789   0.854066    0.802943    0.204491    0.008764    1.000000    0.250000    96.000000   21.000000   11.311410   21.969850   7.147660    10.243520   0.197373    0.008766    16.000000   3.326500    7.000000    21.000000   0.000000    0.000000    0.000000    0.000000    0.000000    0.811465    13.145040  
[37m[36mINFO[0m[0m 07/25 00:25:01 | 0.958832    0.937126    0.000000    0.951840    0.208647    0.936430    0.963675    0.958832    0.937126    0.955414    2200        42.953020   7.382547    0.012436    3.361123    4.021044    -5.453818   0.849472    0.799249    0.200891    0.008914    1.000000    0.250000    96.000000   21.000000   11.305566   21.892041   7.131675    10.137198   0.201079    0.008916    16.000000   3.318406    7.000000    21.000000   0.000000    0.000000    0.000000    0.000000    0.000000    0.709617    13.487928  
[37m[36mINFO[0m[0m 07/25 00:26:45 | 0.970060    0.943114    0.000000    0.959428    0.171836    0.951100    0.967949    0.970060    0.943114    0.959236    2300        44.905430   7.400164    0.017564    3.379484    4.016869    -5.590005   0.842774    0.794234    0.194158    0.009052    1.000000    0.250000    96.000000   21.000000   11.239290   21.808824   7.123255    10.215611   0.205953    0.009054    16.000000   3.310690    7.000000    21.000000   0.000000    0.000000    0.000000    0.000000    0.000000    0.810799    13.836987  
[37m[36mINFO[0m[0m 07/25 00:28:24 | 0.969311    0.964072    0.000000    0.961312    0.144185    0.948655    0.972222    0.969311    0.964072    0.963057    2400        46.857840   7.338204    0.007947    3.351437    3.993685    -5.692307   0.840974    0.793852    0.188491    0.009187    1.000000    0.250000    96.000000   21.000000   11.224638   21.473029   7.135338    10.396976   0.206433    0.009188    16.000000   3.303076    7.000000    21.000000   0.000000    0.000000    0.000000    0.000000    0.000000    0.779763    12.016664  
[37m[36mINFO[0m[0m 07/25 00:30:07 | 0.967814    0.964072    0.000000    0.956511    0.152248    0.955990    0.959402    0.967814    0.964072    0.954140    2500        48.810250   7.339996    0.009005    3.353522    3.994296    -5.857651   0.834816    0.788593    0.184891    0.009309    1.000000    0.250000    96.000000   21.000000   11.167535   21.471669   7.154734    10.502570   0.211935    0.009310    16.000000   3.295876    7.000000    21.000000   0.000000    0.000000    0.000000    0.000000    0.000000    0.811425    12.717880  
[37m[36mINFO[0m[0m 07/25 00:31:47 | 0.967814    0.952096    0.000000    0.969831    0.131498    0.958435    0.982906    0.967814    0.952096    0.968153    2600        50.762660   7.335734    0.007303    3.352739    3.993479    -5.932381   0.830531    0.784910    0.182483    0.009433    1.000000    0.250000    96.000000   21.000000   11.253867   22.029353   7.174707    10.466022   0.215650    0.009434    16.000000   3.288643    7.000000    21.000000   0.000000    0.000000    0.000000    0.000000    0.000000    0.784122    12.984137  
[37m[36mINFO[0m[0m 07/25 00:33:32 | 0.971557    0.946108    0.000000    0.962291    0.148342    0.951100    0.982906    0.971557    0.946108    0.952866    2700        52.715070   7.343949    0.012591    3.361094    3.988801    -6.005125   0.830088    0.785776    0.177248    0.009547    1.000000    0.250000    96.000000   21.000000   11.144922   21.449950   7.205867    10.469403   0.214628    0.009548    16.000000   3.281744    7.000000    21.000000   0.000000    0.000000    0.000000    0.000000    0.000000    0.817991    13.420286  
[37m[36mINFO[0m[0m 07/25 00:35:13 | 0.958832    0.940120    0.000000    0.957880    0.161434    0.951100    0.972222    0.958832    0.940120    0.950318    2800        54.667480   7.360385    0.012818    3.363480    4.003879    -6.099757   0.823919    0.780859    0.172240    0.009654    1.000000    0.250000    96.000000   21.000000   11.201091   21.717253   7.208114    10.529325   0.219572    0.009656    16.000000   3.275065    7.000000    21.000000   0.000000    0.000000    0.000000    0.000000    0.000000    0.783921    13.948136  
[37m[36mINFO[0m[0m 07/25 00:36:53 | 0.958084    0.943114    0.000000    0.964530    0.151512    0.953545    0.987179    0.958084    0.943114    0.952866    2900        56.619890   7.313758    0.007208    3.354121    3.973626    -6.211147   0.818084    0.775807    0.169107    0.009768    1.000000    0.250000    96.000000   21.000000   11.187033   21.622285   7.208916    10.521397   0.224550    0.009769    16.000000   3.268242    7.000000    21.000000   0.000000    0.000000    0.000000    0.000000    0.000000    0.782743    12.678540  
[37m[36mINFO[0m[0m 07/25 00:38:30 | 0.969311    0.940120    0.000000    0.956730    0.177562    0.951100    0.963675    0.969311    0.940120    0.955414    3000        58.572300   7.346122    0.018096    3.370777    3.979067    -6.277718   0.818981    0.777275    0.166823    0.009868    1.000000    0.250000    96.000000   21.000000   11.221196   21.694466   7.170578    10.572229   0.223018    0.009869    16.000000   3.261788    7.000000    21.000000   0.000000    0.000000    0.000000    0.000000    0.000000    0.727323    12.920457  
[37m[36mINFO[0m[0m 07/25 00:40:13 | 0.964820    0.955090    0.000000    0.969612    0.133253    0.963325    0.978632    0.964820    0.955090    0.966879    3100        60.524710   7.323654    0.008983    3.357939    3.978978    -6.301023   0.815089    0.773339    0.166999    0.009944    1.000000    0.250000    96.000000   21.000000   11.213949   21.456256   7.174426    10.472461   0.226962    0.009945    16.000000   3.256128    7.000000    21.000000   0.000000    0.000000    0.000000    0.000000    0.000000    0.810728    13.307076  
[37m[36mINFO[0m[0m 07/25 00:41:55 | 0.955090    0.919162    0.000000    0.956031    0.165173    0.941320    0.970085    0.955090    0.919162    0.956688    3200        62.477120   7.313985    0.012088    3.357702    3.967921    -6.437001   0.812657    0.771245    0.165647    0.010041    1.000000    0.250000    96.000000   21.000000   11.239665   21.524492   7.172423    10.450078   0.229224    0.010042    16.000000   3.249920    7.000000    21.000000   0.000000    0.000000    0.000000    0.000000    0.000000    0.782955    14.983698  
[37m[36mINFO[0m[0m 07/25 00:43:36 | 0.959581    0.937126    0.000000    0.963517    0.142282    0.943765    0.978632    0.959581    0.937126    0.968153    3300        64.429530   7.299943    0.008142    3.352151    3.963965    -6.478698   0.809256    0.768907    0.161395    0.010149    1.000000    0.250000    96.000000   21.000000   11.234372   21.512813   7.184916    10.460091   0.231457    0.010150    16.000000   3.243548    7.000000    21.000000   0.000000    0.000000    0.000000    0.000000    0.000000    0.783494    13.894284  
[37m[36mINFO[0m[0m 07/25 00:45:21 | 0.958832    0.916168    0.000000    0.959784    0.162027    0.946210    0.970085    0.958832    0.916168    0.963057    3400        66.381940   7.289915    0.007638    3.351179    3.956509    -6.576788   0.806934    0.767763    0.156681    0.010257    1.000000    0.250000    96.000000   21.000000   11.176523   21.425744   7.212401    10.493895   0.232538    0.010258    16.000000   3.237206    7.000000    21.000000   0.000000    0.000000    0.000000    0.000000    0.000000    0.807228    14.220747  
[37m[36mINFO[0m[0m 07/25 00:47:02 | 0.967066    0.958084    0.000000    0.962551    0.147494    0.951100    0.972222    0.967066    0.958084    0.964331    3500        68.334350   7.309027    0.014232    3.366884    3.954288    -6.659292   0.804100    0.765406    0.154776    0.010355    1.000000    0.250000    96.000000   21.000000   11.162566   21.677291   7.176678    10.528018   0.234866    0.010356    16.000000   3.231208    7.000000    21.000000   0.000000    0.000000    0.000000    0.000000    0.000000    0.777665    14.541941  
[37m[36mINFO[0m[0m 07/25 00:48:42 | 0.949102    0.931138    0.000000    0.948340    0.204507    0.933985    0.965812    0.949102    0.931138    0.945223    3600        70.286760   7.314974    0.017335    3.369543    3.955614    -6.761896   0.801812    0.763166    0.154583    0.010450    1.000000    0.250000    96.000000   21.000000   11.252299   21.871261   7.156010    10.637992   0.237315    0.010451    16.000000   3.225240    7.000000    21.000000   0.000000    0.000000    0.000000    0.000000    0.000000    0.775427    13.661984  
[37m[36mINFO[0m[0m 07/25 00:50:21 | 0.969311    0.949102    0.000000    0.965524    0.134648    0.960880    0.970085    0.969311    0.949102    0.965605    3700        72.239170   7.280151    0.006636    3.354314    3.947531    -6.821847   0.797541    0.758581    0.155837    0.010543    1.000000    0.250000    96.000000   21.000000   11.201697   21.842060   7.158110    10.421983   0.241751    0.010544    16.000000   3.219474    7.000000    21.000000   0.000000    0.000000    0.000000    0.000000    0.000000    0.770752    14.606748  
[37m[36mINFO[0m[0m 07/25 00:51:57 | 0.958832    0.946108    0.000000    0.963079    0.154847    0.953545    0.970085    0.958832    0.946108    0.965605    3800        74.191580   7.276080    0.007764    3.353200    3.944849    -6.949231   0.794951    0.756926    0.152101    0.010637    1.000000    0.250000    96.000000   21.000000   11.212059   21.817279   7.147883    10.362005   0.243514    0.010638    16.000000   3.213732    7.000000    21.000000   0.000000    0.000000    0.000000    0.000000    0.000000    0.723976    12.807479  
[37m[36mINFO[0m[0m 07/25 00:53:34 | 0.964072    0.925150    0.000000    0.958223    0.144979    0.946210    0.967949    0.964072    0.925150    0.960510    3900        76.143990   7.274292    0.010106    3.353112    3.941479    -7.011774   0.794039    0.755959    0.152319    0.010730    1.000000    0.250000    96.000000   21.000000   11.134650   21.588179   7.144695    10.315695   0.244508    0.010730    16.000000   3.208128    7.000000    21.000000   0.000000    0.000000    0.000000    0.000000    0.000000    0.752922    12.064562  
[37m[36mINFO[0m[0m 07/25 00:55:09 | 0.970808    0.961078    0.000000    0.960154    0.138127    0.941320    0.978632    0.970808    0.961078    0.960510    4000        78.096400   7.264300    0.007263    3.351463    3.936514    -7.065941   0.794180    0.756710    0.149880    0.010815    1.000000    0.250000    96.000000   21.000000   11.156270   21.631106   7.184533    10.405487   0.243599    0.010815    16.000000   3.202834    7.000000    21.000000   0.000000    0.000000    0.000000    0.000000    0.000000    0.703377    13.312151  
[37m[36mINFO[0m[0m 07/25 00:56:51 | 0.952844    0.937126    0.000000    0.960579    0.154558    0.951100    0.976496    0.952844    0.937126    0.954140    4100        80.048810   7.295884    0.016185    3.368761    3.942122    -7.070127   0.790123    0.753946    0.144710    0.010891    1.000000    0.250000    96.000000   21.000000   11.187287   21.512339   7.182566    10.421899   0.246175    0.010892    16.000000   3.197904    7.000000    21.000000   0.000000    0.000000    0.000000    0.000000    0.000000    0.808739    12.057871  
[37m[36mINFO[0m[0m 07/25 00:58:32 | 0.959581    0.934132    0.000000    0.960798    0.162707    0.955990    0.978632    0.959581    0.934132    0.947771    4200        82.001220   7.262226    0.007104    3.348914    3.938445    -7.157433   0.786511    0.750749    0.143047    0.010968    1.000000    0.250000    96.000000   21.000000   11.213115   21.534183   7.163119    10.285665   0.249681    0.010969    16.000000   3.193001    7.000000    21.000000   0.000000    0.000000    0.000000    0.000000    0.000000    0.787621    12.357738  
[37m[36mINFO[0m[0m 07/25 01:00:16 | 0.957335    0.952096    0.000000    0.953757    0.176637    0.931540    0.967949    0.957335    0.952096    0.961783    4300        83.953630   7.267675    0.009180    3.354902    3.937179    -7.284947   0.785043    0.749181    0.143450    0.011049    1.000000    0.250000    96.000000   21.000000   11.137548   21.631264   7.147838    10.244622   0.251245    0.011049    16.000000   3.188052    7.000000    21.000000   0.000000    0.000000    0.000000    0.000000    0.000000    0.823152    12.766273  
[37m[36mINFO[0m[0m 07/25 01:01:56 | 0.967066    0.946108    0.000000    0.966078    0.130398    0.973105    0.978632    0.967066    0.946108    0.946497    4400        85.906040   7.255622    0.011312    3.354763    3.923614    -7.326891   0.783835    0.747636    0.144796    0.011136    1.000000    0.250000    96.000000   21.000000   11.202442   21.272653   7.165863    10.340512   0.252784    0.011137    16.000000   3.182943    7.000000    21.000000   0.000000    0.000000    0.000000    0.000000    0.000000    0.780656    12.883043  
[37m[36mINFO[0m[0m 07/25 01:03:37 | 0.947605    0.928144    0.000000    0.944368    0.194349    0.924205    0.963675    0.947605    0.928144    0.945223    4500        87.858450   7.222517    0.002714    3.339511    3.915446    -7.436837   0.784062    0.748300    0.143049    0.011222    1.000000    0.250000    96.000000   21.000000   11.135900   21.337489   7.190664    10.439377   0.251958    0.011223    16.000000   3.177981    7.000000    21.000000   0.000000    0.000000    0.000000    0.000000    0.000000    0.803055    11.202883  
[37m[36mINFO[0m[0m 07/25 01:05:12 | 0.957335    0.937126    0.000000    0.952045    0.176134    0.941320    0.959402    0.957335    0.937126    0.955414    4600        89.810860   7.259770    0.012865    3.354025    3.928942    -7.512407   0.781036    0.746651    0.137537    0.011296    1.000000    0.250000    96.000000   21.000000   11.134058   21.439589   7.170774    10.515697   0.253972    0.011297    16.000000   3.173429    7.000000    21.000000   0.000000    0.000000    0.000000    0.000000    0.000000    0.709400    11.748547  
[37m[36mINFO[0m[0m 07/25 01:06:52 | 0.963323    0.955090    0.000000    0.951182    0.197265    0.941320    0.952991    0.963323    0.955090    0.959236    4700        91.763270   7.219373    0.002249    3.336541    3.917591    -7.586677   0.776947    0.743398    0.134197    0.011373    1.000000    0.250000    96.000000   21.000000   11.088512   21.402326   7.206189    10.699290   0.256810    0.011373    16.000000   3.168830    7.000000    21.000000   0.000000    0.000000    0.000000    0.000000    0.000000    0.783461    13.235624  
[37m[36mINFO[0m[0m 07/25 01:08:36 | 0.967066    0.958084    0.000000    0.953586    0.186611    0.933985    0.970085    0.967066    0.958084    0.956688    4800        93.715680   7.237395    0.004437    3.344300    3.926403    -7.661152   0.777107    0.743510    0.134387    0.011443    1.000000    0.250000    96.000000   21.000000   11.157118   21.537214   7.196670    10.765571   0.256763    0.011444    16.000000   3.164436    7.000000    21.000000   0.000000    0.000000    0.000000    0.000000    0.000000    0.821521    12.116450  
[37m[36mINFO[0m[0m 07/25 01:10:18 | 0.952096    0.949102    0.000000    0.943128    0.258413    0.921760    0.963675    0.952096    0.949102    0.943949    4900        95.668090   7.274467    0.016361    3.368809    3.927026    -7.656927   0.776561    0.743633    0.131713    0.011503    1.000000    0.250000    96.000000   21.000000   11.177380   21.766581   7.200371    10.726942   0.256424    0.011504    16.000000   3.160420    7.000000    21.000000   0.000000    0.000000    0.000000    0.000000    0.000000    0.813500    11.718119  
[37m[36mINFO[0m[0m 07/25 01:11:58 | 0.965569    0.937126    0.000000    0.961668    0.143369    0.953545    0.972222    0.965569    0.937126    0.959236    5000        97.620500   7.265138    0.013639    3.363193    3.925607    -7.589376   0.771631    0.738868    0.131051    0.011566    1.000000    0.250000    96.000000   21.000000   11.207958   21.883691   7.208875    10.779000   0.261370    0.011567    16.000000   3.156335    7.000000    21.000000   0.000000    0.000000    0.000000    0.000000    0.000000    0.787113    12.569885  
[37m[36mINFO[0m[0m 07/25 01:11:59 | ---
[37m[33mWARNING[0m[0m 07/25 01:11:59 | Evaluate SWAD ...
[37m[36mINFO[0m[0m 07/25 01:12:12 | 0.983533    0.970060    0.000000    0.974639    0.091478    0.977995    0.976496    0.983533    0.970060    0.969427    [701-5000]  (N=44)
[37m[36mINFO[0m[0m 07/25 01:12:12 | oracle = 97.680%
[37m[36mINFO[0m[0m 07/25 01:12:12 | iid = 96.781%
[37m[36mINFO[0m[0m 07/25 01:12:12 | last = 96.557%
[37m[36mINFO[0m[0m 07/25 01:12:12 | last (inD) = 96.167%
[37m[36mINFO[0m[0m 07/25 01:12:12 | iid (inD) = 96.983%
[37m[36mINFO[0m[0m 07/25 01:12:12 | SWAD = 98.353%
[37m[36mINFO[0m[0m 07/25 01:12:12 | SWAD (inD) = 97.464%
[37m[36mINFO[0m[0m 07/25 01:12:13 | 
[37m[36mINFO[0m[0m 07/25 01:12:18 | Testenv name escaping te_sketch -> te_sketch
[37m[36mINFO[0m[0m 07/25 01:12:18 | Test envs = [3], name = te_sketch
[37m[36mINFO[0m[0m 07/25 01:12:18 | Batch sizes for each domain: [32, 32, 32, 0] (total=96)
[37m[36mINFO[0m[0m 07/25 01:12:18 | steps-per-epoch for each domain: 51.22, 58.62, 41.75 -> min = 41.75
[37m[36mINFO[0m[0m 07/25 01:12:21 | # of params = 49165255
[37m[36mINFO[0m[0m 07/25 01:12:37 | test_in     test_out    train_in    train_out   tr_outloss  env0_out    env1_out    env2_out    env3_in     env3_out    step        epoch       loss        loss_cls    sup_cl_los  pre_cl_los  reg_loss    loss_isr    loss_isr_a  loss_isr_d  loss_orth   piccl_lamb  piccl_beta  valid_augm  valid_clas  delta_aug_  delta_aug_  delta_dom_  delta_dom_  projection  basis_orth  basis_rank  basis_norm  residual_b  residual_b  piccl_has_  reliable_c  reliable_c  cross_doma  valid_reli  step_time   eval_time  
[37m[36mINFO[0m[0m 07/25 01:12:37 | 0.191794    0.183439    0.000000    0.217597    1.883809    0.176039    0.177350    0.299401    0.191794    0.183439    0           0.000000    11.781932   1.968066    4.920918    4.950513    -5.756462   0.000000    0.000000    0.000000    0.002189    0.000000    0.000000    0.000000    0.000000    0.000000    0.000000    0.000000    0.000000    0.000000    0.002189    16.000000   3.640547    0.000000    0.000000    0.000000    0.000000    0.000000    0.000000    0.000000    0.622078    15.945688  
[37m[36mINFO[0m[0m 07/25 01:14:12 | 0.666349    0.668790    0.000000    0.956847    0.134551    0.946210    0.957265    0.967066    0.666349    0.668790    100         2.395210    8.590133    0.269628    3.794264    4.525830    0.041041    0.992259    0.992259    0.000000    0.002189    0.000000    0.000000    96.000000   0.000000    13.153135   25.712581   0.000000    0.000000    0.007740    0.002189    16.000000   3.640547    0.000000    0.000000    0.000000    0.000000    0.000000    0.000000    0.000000    0.612529    16.396470  
[37m[36mINFO[0m[0m 07/25 01:15:47 | 0.652990    0.650955    0.000000    0.951267    0.150338    0.938875    0.950855    0.964072    0.652990    0.650955    200         4.790419    7.865824    0.081871    3.524693    4.275965    -1.670588   0.992267    0.992267    0.000000    0.002189    0.000000    0.000000    96.000000   0.000000    12.427934   23.935656   0.000000    0.000000    0.007725    0.002189    16.000000   3.640547    0.000000    0.000000    0.000000    0.000000    0.000000    0.000000    0.000000    0.617834    15.492476  
[37m[36mINFO[0m[0m 07/25 01:17:23 | 0.784987    0.782166    0.000000    0.969679    0.095552    0.963325    0.963675    0.982036    0.784987    0.782166    300         7.185629    7.640587    0.037531    3.452508    4.172318    -2.240050   1.112259    0.991810    0.481794    0.002196    0.010200    0.002550    96.000000   10.190000   12.195151   23.014108   4.022521    5.785688    0.008215    0.002196    16.000000   3.639925    3.440000    10.220000   0.000000    0.000000    0.000000    0.000000    0.000000    0.692836    15.997075  
[37m[36mINFO[0m[0m 07/25 01:19:00 | 0.771310    0.774522    0.000000    0.956516    0.146365    0.931540    0.967949    0.970060    0.771310    0.774522    400         9.580838    7.547134    0.033865    3.426791    4.108670    -2.704876   1.211988    0.984664    0.909295    0.002277    0.080400    0.020100    96.000000   21.000000   12.077985   22.979154   6.820774    9.863114    0.015474    0.002279    16.000000   3.633438    7.000000    21.000000   0.000000    0.000000    0.000000    0.000000    0.000000    0.728899    16.164670  
[37m[36mINFO[0m[0m 07/25 01:20:35 | 0.758270    0.747771    0.000000    0.959738    0.140020    0.943765    0.959402    0.976048    0.758270    0.747771    500         11.976048   7.454302    0.025317    3.408739    4.041926    -3.098271   1.161878    0.972799    0.756317    0.002466    0.160400    0.040100    96.000000   21.000000   11.942387   22.596452   6.286338    9.140540    0.027390    0.002469    16.000000   3.622175    7.000000    21.000000   0.000000    0.000000    0.000000    0.000000    0.000000    0.719502    16.086039  
[37m[36mINFO[0m[0m 07/25 01:21:49 | 0.770038    0.768153    0.000000    0.967535    0.113762    0.946210    0.974359    0.982036    0.770038    0.768153    600         14.371257   7.406536    0.016928    3.396978    4.012612    -3.343855   1.120376    0.962031    0.633382    0.002810    0.240400    0.060100    96.000000   21.000000   11.890142   22.309176   6.148880    8.864846    0.038169    0.002814    16.000000   3.605851    7.000000    21.000000   0.000000    0.000000    0.000000    0.000000    0.000000    0.533513    17.112349  
[37m[36mINFO[0m[0m 07/25 01:23:27 | 0.783397    0.782166    0.000000    0.958474    0.140490    0.933985    0.959402    0.982036    0.783397    0.782166    700         16.766467   7.364888    0.016572    3.384927    3.981401    -3.548256   1.090983    0.953494    0.549955    0.003212    0.320400    0.080100    96.000000   21.000000   11.883875   22.042357   6.094199    8.814119    0.046683    0.003216    16.000000   3.589631    7.000000    21.000000   0.000000    0.000000    0.000000    0.000000    0.000000    0.773956    16.761418  
[37m[36mINFO[0m[0m 07/25 01:25:06 | 0.804389    0.826752    0.000000    0.963974    0.114969    0.946210    0.963675    0.982036    0.804389    0.826752    800         19.161677   7.338859    0.015524    3.387170    3.952358    -3.755985   1.067546    0.944782    0.491058    0.003567    0.400400    0.100100    96.000000   21.000000   11.794682   21.980060   6.145978    8.924978    0.055408    0.003571    16.000000   3.575631    7.000000    21.000000   0.000000    0.000000    0.000000    0.000000    0.000000    0.795184    16.647761  
[37m[36mINFO[0m[0m 07/25 01:26:42 | 0.740776    0.754140    0.000000    0.962713    0.125065    0.953545    0.961538    0.973054    0.740776    0.754140    900         21.556886   7.301879    0.009245    3.373622    3.933038    -3.921078   1.048610    0.937135    0.445901    0.003856    0.480400    0.120100    96.000000   21.000000   11.792938   22.419697   6.188984    8.938596    0.063051    0.003859    16.000000   3.563075    7.000000    21.000000   0.000000    0.000000    0.000000    0.000000    0.000000    0.736305    15.815834  
[37m[36mINFO[0m[0m 07/25 01:28:19 | 0.743321    0.742675    0.000000    0.960591    0.129241    0.943765    0.967949    0.970060    0.743321    0.742675    1000        23.952096   7.301383    0.012423    3.378929    3.922159    -4.103455   1.031661    0.928652    0.412035    0.004102    0.560400    0.140100    96.000000   21.000000   11.820157   22.001887   6.150018    8.833087    0.071554    0.004104    16.000000   3.551153    7.000000    21.000000   0.000000    0.000000    0.000000    0.000000    0.000000    0.739336    15.779044  
[37m[36mINFO[0m[0m 07/25 01:29:54 | 0.774173    0.777070    0.000000    0.955465    0.177114    0.943765    0.946581    0.976048    0.774173    0.777070    1100        26.347305   7.284643    0.016233    3.379172    3.898698    -4.199467   1.016095    0.921931    0.376655    0.004329    0.640400    0.160100    96.000000   21.000000   11.907963   22.217617   6.123806    8.788058    0.078306    0.004332    16.000000   3.538831    7.000000    21.000000   0.000000    0.000000    0.000000    0.000000    0.000000    0.717341    16.277774  
[37m[36mINFO[0m[0m 07/25 01:31:29 | 0.808842    0.810191    0.000000    0.961243    0.152653    0.938875    0.965812    0.979042    0.808842    0.810191    1200        28.742515   7.281117    0.017144    3.383233    3.887431    -4.273523   1.000787    0.912364    0.353690    0.004563    0.720400    0.180100    96.000000   21.000000   11.974535   22.488923   6.196573    8.977036    0.087912    0.004566    16.000000   3.525346    7.000000    21.000000   0.000000    0.000000    0.000000    0.000000    0.000000    0.716142    16.003016  
[37m[36mINFO[0m[0m 07/25 01:33:05 | 0.777036    0.789809    0.000000    0.975133    0.092575    0.960880    0.976496    0.988024    0.777036    0.789809    1300        31.137725   7.284883    0.017914    3.389860    3.881726    -4.421743   0.989536    0.906189    0.333389    0.004805    0.800400    0.200100    96.000000   21.000000   11.894475   21.833461   6.231275    9.017408    0.094132    0.004808    16.000000   3.511115    7.000000    21.000000   0.000000    0.000000    0.000000    0.000000    0.000000    0.722055    16.440449  
[37m[36mINFO[0m[0m 07/25 01:34:37 | 0.760496    0.754140    0.000000    0.965155    0.120547    0.943765    0.963675    0.988024    0.760496    0.754140    1400        33.532934   7.220630    0.005972    3.359461    3.858816    -4.665468   0.977638    0.898693    0.315778    0.005057    0.880400    0.220100    96.000000   21.000000   11.784115   21.516003   6.275066    9.003789    0.101540    0.005059    16.000000   3.496424    7.000000    21.000000   0.000000    0.000000    0.000000    0.000000    0.000000    0.668326    16.557958  
[37m[36mINFO[0m[0m 07/25 01:36:14 | 0.808524    0.808917    0.000000    0.964606    0.132972    0.951100    0.963675    0.979042    0.808524    0.808917    1500        35.928144   7.224777    0.008426    3.369730    3.847440    -4.714634   0.964717    0.890765    0.295806    0.005322    0.960400    0.240100    96.000000   21.000000   11.898982   21.452921   6.211459    8.772512    0.109516    0.005325    16.000000   3.481288    7.000000    21.000000   0.000000    0.000000    0.000000    0.000000    0.000000    0.730544    16.634541  
[37m[36mINFO[0m[0m 07/25 01:37:50 | 0.811387    0.801274    0.000000    0.969656    0.105639    0.955990    0.967949    0.985030    0.811387    0.801274    1600        38.323353   7.205498    0.007630    3.362004    3.837122    -4.896068   0.953938    0.883165    0.283092    0.005613    1.000000    0.250000    96.000000   21.000000   11.826353   21.620693   6.203658    8.849462    0.117110    0.005616    16.000000   3.465541    7.000000    21.000000   0.000000    0.000000    0.000000    0.000000    0.000000    0.733183    15.654385  
[37m[36mINFO[0m[0m 07/25 01:39:25 | 0.782761    0.763057    0.000000    0.966823    0.125618    0.946210    0.972222    0.982036    0.782761    0.763057    1700        40.718563   7.201116    0.004199    3.360441    3.839640    -5.041961   0.944979    0.876740    0.272957    0.005905    1.000000    0.250000    96.000000   21.000000   11.791094   21.486259   6.208847    8.854196    0.123492    0.005908    16.000000   3.450056    7.000000    21.000000   0.000000    0.000000    0.000000    0.000000    0.000000    0.716828    16.176014  
[37m[36mINFO[0m[0m 07/25 01:40:59 | 0.796120    0.770701    0.000000    0.971934    0.102149    0.955990    0.980769    0.979042    0.796120    0.770701    1800        43.113772   7.181371    0.005392    3.355876    3.824585    -5.122541   0.934755    0.869274    0.261924    0.006178    1.000000    0.250000    96.000000   21.000000   11.870783   21.757869   6.207843    8.865776    0.130934    0.006181    16.000000   3.435597    7.000000    21.000000   0.000000    0.000000    0.000000    0.000000    0.000000    0.705698    16.194850  
[37m[36mINFO[0m[0m 07/25 01:42:35 | 0.826336    0.797452    0.000000    0.933976    0.220328    0.907090    0.933761    0.961078    0.826336    0.797452    1900        45.508982   7.196889    0.015772    3.372251    3.815159    -5.270741   0.928162    0.863922    0.256958    0.006441    1.000000    0.250000    96.000000   21.000000   11.841271   21.655820   6.143142    8.903219    0.136360    0.006444    16.000000   3.421860    7.000000    21.000000   0.000000    0.000000    0.000000    0.000000    0.000000    0.725991    16.303765  
[37m[36mINFO[0m[0m 07/25 01:44:09 | 0.831107    0.826752    0.000000    0.966579    0.139277    0.943765    0.967949    0.988024    0.831107    0.826752    2000        47.904192   7.229839    0.021804    3.391684    3.822999    -5.255703   0.918031    0.856430    0.246404    0.006690    1.000000    0.250000    96.000000   21.000000   11.923476   21.819339   6.126461    8.918000    0.143856    0.006693    16.000000   3.408949    7.000000    21.000000   0.000000    0.000000    0.000000    0.000000    0.000000    0.699439    16.328305  
[37m[36mINFO[0m[0m 07/25 01:45:45 | 0.779262    0.802548    0.000000    0.969268    0.134043    0.953545    0.972222    0.982036    0.779262    0.802548    2100        50.299401   7.168783    0.004548    3.362350    3.810582    -5.432480   0.912443    0.852338    0.240417    0.006938    1.000000    0.250000    96.000000   21.000000   11.859323   21.989186   6.179761    8.819224    0.147913    0.006940    16.000000   3.396370    7.000000    21.000000   0.000000    0.000000    0.000000    0.000000    0.000000    0.728787    16.149784  
[37m[36mINFO[0m[0m 07/25 01:47:23 | 0.780852    0.783439    0.000000    0.961205    0.167235    0.941320    0.957265    0.985030    0.780852    0.783439    2200        52.694611   7.163020    0.006447    3.361003    3.806094    -5.587990   0.906959    0.848211    0.234992    0.007188    1.000000    0.250000    96.000000   21.000000   11.781754   21.729580   6.204120    8.922949    0.151964    0.007190    16.000000   3.383898    7.000000    21.000000   0.000000    0.000000    0.000000    0.000000    0.000000    0.732330    16.535534  
[37m[36mINFO[0m[0m 07/25 01:49:00 | 0.803435    0.802548    0.000000    0.950773    0.234732    0.916870    0.959402    0.976048    0.803435    0.802548    2300        55.089820   7.143327    0.007378    3.356156    3.791767    -5.695067   0.899378    0.842025    0.229411    0.007429    1.000000    0.250000    96.000000   21.000000   11.835276   21.424746   6.210701    8.926928    0.158220    0.007431    16.000000   3.371922    7.000000    21.000000   0.000000    0.000000    0.000000    0.000000    0.000000    0.729723    16.749464  
[37m[36mINFO[0m[0m 07/25 01:50:38 | 0.781807    0.769427    0.000000    0.971161    0.133905    0.951100    0.974359    0.988024    0.781807    0.769427    2400        57.485030   7.167971    0.013640    3.374520    3.792998    -5.781451   0.892388    0.837762    0.218504    0.007668    1.000000    0.250000    96.000000   21.000000   11.860698   21.827744   6.248822    9.057324    0.162498    0.007671    16.000000   3.360221    7.000000    21.000000   0.000000    0.000000    0.000000    0.000000    0.000000    0.736773    16.566989  
[37m[36mINFO[0m[0m 07/25 01:52:14 | 0.812659    0.800000    0.000000    0.970163    0.117186    0.951100    0.974359    0.985030    0.812659    0.800000    2500        59.880240   7.183199    0.018529    3.385191    3.793360    -5.820303   0.886302    0.832359    0.215769    0.007911    1.000000    0.250000    96.000000   21.000000   11.881214   21.654553   6.238799    8.854970    0.168074    0.007913    16.000000   3.348620    7.000000    21.000000   0.000000    0.000000    0.000000    0.000000    0.000000    0.730352    16.585711  
[37m[36mINFO[0m[0m 07/25 01:53:50 | 0.783079    0.775796    0.000000    0.970449    0.135488    0.951100    0.972222    0.988024    0.783079    0.775796    2600        62.275449   7.119187    0.003337    3.350823    3.780506    -5.958908   0.882041    0.828922    0.212476    0.008141    1.000000    0.250000    96.000000   21.000000   11.865015   21.502791   6.200324    8.779263    0.171236    0.008144    16.000000   3.337614    7.000000    21.000000   0.000000    0.000000    0.000000    0.000000    0.000000    0.719485    16.448205  
[37m[36mINFO[0m[0m 07/25 01:55:26 | 0.771947    0.774522    0.000000    0.965890    0.135442    0.951100    0.961538    0.985030    0.771947    0.774522    2700        64.670659   7.122832    0.006368    3.355517    3.777922    -6.090164   0.878372    0.826448    0.207699    0.008364    1.000000    0.250000    96.000000   21.000000   11.844507   21.881843   6.244504    8.834352    0.173762    0.008366    16.000000   3.327053    7.000000    21.000000   0.000000    0.000000    0.000000    0.000000    0.000000    0.717320    16.485735  
[37m[36mINFO[0m[0m 07/25 01:56:58 | 0.793575    0.789809    0.000000    0.969554    0.104802    0.953545    0.970085    0.985030    0.793575    0.789809    2800        67.065868   7.145574    0.010764    3.369395    3.783504    -6.159731   0.869985    0.820178    0.199228    0.008582    1.000000    0.250000    96.000000   21.000000   11.931835   21.664234   6.257135    9.049389    0.180082    0.008585    16.000000   3.316828    7.000000    21.000000   0.000000    0.000000    0.000000    0.000000    0.000000    0.670215    16.499999  
[37m[36mINFO[0m[0m 07/25 01:58:31 | 0.743003    0.724841    0.000000    0.965604    0.153328    0.951100    0.963675    0.982036    0.743003    0.724841    2900        69.461078   7.142272    0.008922    3.368324    3.783880    -6.222971   0.867340    0.818640    0.194799    0.008803    1.000000    0.250000    96.000000   21.000000   11.939048   21.764707   6.251002    9.202417    0.181682    0.008806    16.000000   3.306638    7.000000    21.000000   0.000000    0.000000    0.000000    0.000000    0.000000    0.708757    15.499780  
[37m[36mINFO[0m[0m 07/25 02:00:05 | 0.782761    0.773248    0.000000    0.967455    0.121355    0.951100    0.972222    0.979042    0.782761    0.773248    3000        71.856287   7.089474    0.003524    3.347865    3.758456    -6.359207   0.864247    0.815995    0.193008    0.009010    1.000000    0.250000    96.000000   21.000000   11.889328   21.484418   6.249056    8.976005    0.184128    0.009012    16.000000   3.297200    7.000000    21.000000   0.000000    0.000000    0.000000    0.000000    0.000000    0.710503    15.739624  
[37m[36mINFO[0m[0m 07/25 02:01:38 | 0.776718    0.783439    0.000000    0.964666    0.130825    0.955990    0.967949    0.970060    0.776718    0.783439    3100        74.251497   7.099349    0.005273    3.356266    3.759504    -6.473558   0.860631    0.813313    0.189274    0.009218    1.000000    0.250000    96.000000   21.000000   11.802139   21.433675   6.223896    8.859104    0.186878    0.009220    16.000000   3.287916    7.000000    21.000000   0.000000    0.000000    0.000000    0.000000    0.000000    0.703428    16.025302  
[37m[36mINFO[0m[0m 07/25 02:03:13 | 0.760496    0.788535    0.000000    0.952978    0.173780    0.938875    0.952991    0.967066    0.760496    0.788535    3200        76.646707   7.114406    0.008962    3.362639    3.765605    -6.568978   0.857597    0.811704    0.183573    0.009421    1.000000    0.250000    96.000000   21.000000   11.804033   21.582272   6.240444    8.968202    0.188568    0.009422    16.000000   3.278939    7.000000    21.000000   0.000000    0.000000    0.000000    0.000000    0.000000    0.718613    15.828266  
[37m[36mINFO[0m[0m 07/25 02:04:49 | 0.789758    0.801274    0.000000    0.969085    0.125019    0.955990    0.972222    0.979042    0.789758    0.801274    3300        79.041916   7.097813    0.003856    3.353711    3.764232    -6.650766   0.850235    0.806111    0.176496    0.009602    1.000000    0.250000    96.000000   21.000000   11.855816   21.706038   6.260779    9.105087    0.194036    0.009604    16.000000   3.270669    7.000000    21.000000   0.000000    0.000000    0.000000    0.000000    0.000000    0.729514    16.042433  
[37m[36mINFO[0m[0m 07/25 02:06:26 | 0.763041    0.773248    0.000000    0.970391    0.120715    0.963325    0.965812    0.982036    0.763041    0.773248    3400        81.437126   7.084154    0.005398    3.352639    3.751493    -6.789248   0.850130    0.806926    0.172818    0.009771    1.000000    0.250000    96.000000   21.000000   11.800352   22.119184   6.274453    9.051823    0.193207    0.009772    16.000000   3.262953    7.000000    21.000000   0.000000    0.000000    0.000000    0.000000    0.000000    0.725930    16.548440  
[37m[36mINFO[0m[0m 07/25 02:08:03 | 0.785623    0.794904    0.000000    0.953301    0.207699    0.936430    0.959402    0.964072    0.785623    0.794904    3500        83.832335   7.093923    0.011340    3.360737    3.747995    -6.847662   0.846343    0.803718    0.170500    0.009929    1.000000    0.250000    96.000000   21.000000   11.771256   21.810395   6.286965    9.054664    0.196486    0.009930    16.000000   3.255616    7.000000    21.000000   0.000000    0.000000    0.000000    0.000000    0.000000    0.728340    17.214961  
[37m[36mINFO[0m[0m 07/25 02:09:39 | 0.763359    0.777070    0.000000    0.952772    0.191588    0.933985    0.957265    0.967066    0.763359    0.777070    3600        86.227545   7.138971    0.022484    3.385158    3.756782    -6.753592   0.841468    0.799812    0.166621    0.010091    1.000000    0.250000    96.000000   21.000000   11.979930   22.216663   6.242370    8.965482    0.200653    0.010093    16.000000   3.248345    7.000000    21.000000   0.000000    0.000000    0.000000    0.000000    0.000000    0.729823    15.205197  
[37m[36mINFO[0m[0m 07/25 02:11:15 | 0.740458    0.747771    0.000000    0.969306    0.141526    0.951100    0.980769    0.976048    0.740458    0.747771    3700        88.622754   7.087305    0.006378    3.354298    3.753014    -6.841375   0.840388    0.798508    0.167520    0.010248    1.000000    0.250000    96.000000   21.000000   11.987413   22.268389   6.273100    8.891315    0.201717    0.010249    16.000000   3.241337    7.000000    21.000000   0.000000    0.000000    0.000000    0.000000    0.000000    0.729466    15.418774  
[37m[36mINFO[0m[0m 07/25 02:12:45 | 0.801845    0.801274    0.000000    0.969165    0.119600    0.951100    0.974359    0.982036    0.801845    0.801274    3800        91.017964   7.069788    0.001255    3.345975    3.750879    -7.033530   0.840080    0.798887    0.164771    0.010384    1.000000    0.250000    96.000000   21.000000   11.843782   21.631777   6.300233    8.944107    0.201217    0.010386    16.000000   3.234949    7.000000    21.000000   0.000000    0.000000    0.000000    0.000000    0.000000    0.659846    15.697369  
[37m[36mINFO[0m[0m 07/25 02:14:16 | 0.764631    0.752866    0.000000    0.952647    0.189200    0.924205    0.963675    0.970060    0.764631    0.752866    3900        93.413174   7.115232    0.014243    3.372670    3.757117    -7.059867   0.835833    0.795936    0.159590    0.010511    1.000000    0.250000    96.000000   21.000000   11.887303   21.600141   6.283659    8.855190    0.204389    0.010512    16.000000   3.228846    7.000000    21.000000   0.000000    0.000000    0.000000    0.000000    0.000000    0.660467    15.710158  
[37m[36mINFO[0m[0m 07/25 02:15:50 | 0.772265    0.768153    0.000000    0.962119    0.129349    0.946210    0.970085    0.970060    0.772265    0.768153    4000        95.808383   7.110683    0.013974    3.373621    3.752602    -7.107348   0.830992    0.792046    0.155786    0.010631    1.000000    0.250000    96.000000   21.000000   11.936557   21.580123   6.339840    9.035862    0.208194    0.010632    16.000000   3.223076    7.000000    21.000000   0.000000    0.000000    0.000000    0.000000    0.000000    0.712442    15.870621  
[37m[36mINFO[0m[0m 07/25 02:17:24 | 0.809478    0.802548    0.000000    0.973747    0.092420    0.958435    0.980769    0.982036    0.809478    0.802548    4100        98.203593   7.106174    0.015419    3.370236    3.750497    -7.154960   0.831226    0.793065    0.152646    0.010741    1.000000    0.250000    96.000000   21.000000   11.849920   21.755727   6.327292    9.375034    0.207352    0.010742    16.000000   3.217684    7.000000    21.000000   0.000000    0.000000    0.000000    0.000000    0.000000    0.716751    15.832941  
[37m[36mINFO[0m[0m 07/25 02:19:02 | 0.794529    0.789809    0.000000    0.971244    0.107445    0.963325    0.974359    0.976048    0.794529    0.789809    4200        100.598802  7.065132    0.003943    3.353693    3.738633    -7.262411   0.829517    0.791262    0.153018    0.010840    1.000000    0.250000    96.000000   21.000000   11.839049   21.773575   6.341777    9.460863    0.208942    0.010841    16.000000   3.212647    7.000000    21.000000   0.000000    0.000000    0.000000    0.000000    0.000000    0.745841    16.207638  
[37m[36mINFO[0m[0m 07/25 02:20:41 | 0.816794    0.808917    0.000000    0.973792    0.087922    0.973105    0.972222    0.976048    0.816794    0.808917    4300        102.994012  7.064521    0.002781    3.355426    3.739101    -7.411863   0.826398    0.788734    0.150653    0.010937    1.000000    0.250000    96.000000   21.000000   11.787924   21.544983   6.349277    9.428395    0.211423    0.010937    16.000000   3.207767    7.000000    21.000000   0.000000    0.000000    0.000000    0.000000    0.000000    0.751952    15.492783  
[37m[36mINFO[0m[0m 07/25 02:22:18 | 0.794529    0.816561    0.000000    0.958189    0.141673    0.933985    0.961538    0.979042    0.794529    0.816561    4400        105.389222  7.057727    0.001929    3.346824    3.742929    -7.526595   0.825988    0.788746    0.148969    0.011025    1.000000    0.250000    96.000000   21.000000   11.833120   21.795139   6.334345    9.444799    0.211388    0.011026    16.000000   3.203090    7.000000    21.000000   0.000000    0.000000    0.000000    0.000000    0.000000    0.743886    15.708329  
[37m[36mINFO[0m[0m 07/25 02:23:54 | 0.768766    0.766879    0.000000    0.966377    0.130786    0.955990    0.970085    0.973054    0.768766    0.766879    4500        107.784431  7.071211    0.005703    3.360286    3.739002    -7.517753   0.827712    0.791170    0.146167    0.011105    1.000000    0.250000    96.000000   21.000000   11.724322   21.304456   6.277315    9.246895    0.209002    0.011106    16.000000   3.198687    7.000000    21.000000   0.000000    0.000000    0.000000    0.000000    0.000000    0.731506    15.459470  
[37m[36mINFO[0m[0m 07/25 02:25:34 | 0.834606    0.838217    0.000000    0.962164    0.127287    0.960880    0.961538    0.964072    0.834606    0.838217    4600        110.179641  7.062309    0.008347    3.354966    3.733036    -7.534707   0.825922    0.789621    0.145205    0.011159    1.000000    0.250000    96.000000   21.000000   11.817477   21.860160   6.237043    9.220620    0.210608    0.011160    16.000000   3.195171    7.000000    21.000000   0.000000    0.000000    0.000000    0.000000    0.000000    0.759309    15.951618  
[37m[36mINFO[0m[0m 07/25 02:27:10 | 0.821883    0.834395    0.000000    0.969085    0.106149    0.955990    0.972222    0.979042    0.821883    0.834395    4700        112.574850  7.032020    0.002448    3.344925    3.719531    -7.605082   0.823094    0.787055    0.144158    0.011219    1.000000    0.250000    96.000000   21.000000   11.808453   21.718363   6.221508    9.171724    0.213041    0.011220    16.000000   3.191578    7.000000    21.000000   0.000000    0.000000    0.000000    0.000000    0.000000    0.713032    17.300518  
[37m[36mINFO[0m[0m 07/25 02:28:48 | 0.752226    0.757962    0.000000    0.945460    0.232074    0.919315    0.952991    0.964072    0.752226    0.757962    4800        114.970060  7.073665    0.011060    3.367883    3.730500    -7.665338   0.817288    0.782436    0.139406    0.011287    1.000000    0.250000    96.000000   21.000000   11.915942   21.312011   6.204710    8.988711    0.217827    0.011288    16.000000   3.187738    7.000000    21.000000   0.000000    0.000000    0.000000    0.000000    0.000000    0.738935    16.421190  
[37m[36mINFO[0m[0m 07/25 02:30:23 | 0.797074    0.788535    0.000000    0.952955    0.190501    0.931540    0.957265    0.970060    0.797074    0.788535    4900        117.365269  7.107795    0.018521    3.385902    3.738606    -7.598345   0.814762    0.779644    0.140468    0.011348    1.000000    0.250000    96.000000   21.000000   11.967195   21.673064   6.200338    9.059091    0.220743    0.011349    16.000000   3.184131    7.000000    21.000000   0.000000    0.000000    0.000000    0.000000    0.000000    0.717078    16.101990  
[37m[36mINFO[0m[0m 07/25 02:31:56 | 0.750636    0.750318    0.000000    0.958961    0.151409    0.938875    0.967949    0.970060    0.750636    0.750318    5000        119.760479  7.043859    0.007382    3.359438    3.712646    -7.638232   0.815274    0.779206    0.144272    0.011407    1.000000    0.250000    96.000000   21.000000   12.011553   22.427393   6.228190    9.002234    0.221024    0.011407    16.000000   3.180687    7.000000    21.000000   0.000000    0.000000    0.000000    0.000000    0.000000    0.703136    15.040353  
[37m[36mINFO[0m[0m 07/25 02:31:56 | ---
[37m[33mWARNING[0m[0m 07/25 02:31:56 | Evaluate SWAD ...
[37m[36mINFO[0m[0m 07/25 02:32:11 | 0.822837    0.833121    0.000000    0.980206    0.081162    0.973105    0.976496    0.991018    0.822837    0.833121    [101-5000]  (N=50)
[37m[36mINFO[0m[0m 07/25 02:32:11 | oracle = 83.461%
[37m[36mINFO[0m[0m 07/25 02:32:11 | iid = 77.704%
[37m[36mINFO[0m[0m 07/25 02:32:11 | last = 75.064%
[37m[36mINFO[0m[0m 07/25 02:32:11 | last (inD) = 95.896%
[37m[36mINFO[0m[0m 07/25 02:32:11 | iid (inD) = 97.513%
[37m[36mINFO[0m[0m 07/25 02:32:11 | SWAD = 82.284%
[37m[36mINFO[0m[0m 07/25 02:32:11 | SWAD (inD) = 98.021%
[37m[36mINFO[0m[0m 07/25 02:32:12 | === Summary ===
[37m[36mINFO[0m[0m 07/25 02:32:12 | Command: train_all.py pacs1 --dataset PACS --algorithm PICCL --model resnet50 --data_dir /home/hooasia/lgg/data/repro_dccl_data --output_root train_output/PACS5 --steps 5000 --checkpoint_freq 100 --seed 0 --trial_seed 0 --deterministic --weight_decay 0.0 --t 0.1 --use_piccl true --piccl_rank 16 --piccl_beta_max 0.25 --piccl_residual_scale 0.25 --piccl_isr_weight 0.05 --piccl_orth_weight 0.001 --piccl_warmup_ratio 0.05 --piccl_ramp_ratio 0.25 --piccl_use_reliable_contrast false
[37m[36mINFO[0m[0m 07/25 02:32:12 | Unique name: 260724_21-07-24_pacs1
[37m[36mINFO[0m[0m 07/25 02:32:12 | Out path: train_output/PACS5/260724_21-07-24_pacs1
[37m[36mINFO[0m[0m 07/25 02:32:12 | Algorithm: PICCL
[37m[36mINFO[0m[0m 07/25 02:32:12 | Dataset: PACS
+------------+---------+---------+---------+---------+---------+
| Selection  |   env0  |   env1  |   env2  |   env3  |   Avg.  |
+------------+---------+---------+---------+---------+---------+
|   oracle   | 88.103% | 85.075% | 97.680% | 83.461% | 88.579% |
|    iid     | 85.967% | 80.224% | 96.781% | 77.704% | 85.169% |
|    last    | 86.699% | 77.452% | 96.557% | 75.064% | 83.943% |
| last (inD) | 97.173% | 95.659% | 96.167% | 95.896% | 96.224% |
| iid (inD)  | 97.670% | 97.071% | 96.983% | 97.513% | 97.309% |
|    SWAD    | 90.055% | 84.222% | 98.353% | 82.284% | 88.728% |
| SWAD (inD) | 98.139% | 97.585% | 97.464% | 98.021% | 97.802% |
+------------+---------+---------+---------+---------+---------+
