[37m[36mINFO[0m[0m 07/18 13:02:16 | Command :: train_all.py 4pacs_piccl_no_dccl --dataset PACS --algorithm PICCL --model resnet50 --deterministic --trial_seed 0 --seed 0 --checkpoint_freq 100 --steps 5000 --data_dir /home/hooasia/lgg/data/repro_dccl_data --use_piccl true --piccl_strict_bypass false --output_root train_output/PACS1 --l 0 --l_layer 0 --l_d 0 --t 0.1 --t_pre 0.2 --use_piccl true --piccl_fusion_mode residual_gate --piccl_gt_mode replace --piccl_rank 16 --piccl_isr_weight 0.05 --piccl_orth_weight 0.0001 --piccl_residual_scale 0.25 --piccl_gate_bias -2.5 --piccl_gt_mode replace --piccl_basis_receive_task_grad false
Environment:
	Python: 3.10.20
	PyTorch: 2.5.1+cu121
	Torchvision: 0.20.1+cu121
	CUDA: 12.1
	CUDNN: 90100
	NumPy: 2.2.6
	PIL: 12.0.0
Args:
	TN: False
	algorithm: PICCL
	aug: 0
	checkpoint_freq: 100
	configs: []
	data_dir: /home/hooasia/lgg/data/repro_dccl_data
	dataset: PACS
	debug: False
	deterministic: True
	domainnet_auto_source_count: 3
	erm_baseline: weak
	evalmode: fast
	holdout_fraction: 0.2
	l: 0.0
	l_d: 0.0
	l_layer: 0.0
	label_ratio: 1.0
	lamda: 5
	log: False
	mix: 0
	model: resnet50
	model_save: None
	n_layer: None
	name: 4pacs_piccl_no_dccl
	out_dir: train_output/PACS1/260718_13-02-16_4pacs_piccl_no_dccl
	out_root: train_output/PACS1
	output_root: train_output/PACS1
	pos_mask: False
	prebuild_loader: False
	re_w: False
	sample_d: False
	seed: 0
	show: False
	source_envs: None
	start_epoch: 1000
	steps: 5000
	sup: True
	t: 0.1
	t_pre: 0.2
	target_env: None
	tb_freq: 10
	test_envs: None
	trial_seed: 0
	two_ce: False
	unique_name: 260718_13-02-16_4pacs_piccl_no_dccl
	weak_erm: False
	work_dir: .
HParams:
	data_augmentation: True
	val_augment: False
	resnet18: False
	resnet_dropout: 0.0
	class_balanced: False
	optimizer: adam
	freeze_bn: True
	pretrained: True
	lr: 5e-05
	batch_size: 32
	weight_decay: 0.0
	[36mpiccl_rank: 16
	[0mpiccl_alpha_max: 0.5
	piccl_warmup_ratio: 0.1
	piccl_ramp_ratio: 0.2
	piccl_proto_momentum: 0.99
	piccl_num_interventions: 1
	piccl_ccc_weight: 1.0
	piccl_int_weight: 0.1
	piccl_ref_weight: 1.0
	[36mpiccl_isr_weight: 0.05
	[0m[36mpiccl_orth_weight: 0.0001
	[0mpiccl_eps: 1e-08
	[36mpiccl_gt_mode: replace
	[0m[36mpiccl_basis_receive_task_grad: False
	[0mpiccl_min_valid_domains: 2
	piccl_total_steps: 1
	[36muse_piccl: True
	[0m[36mpiccl_fusion_mode: residual_gate
	[0mpiccl_lr_multiplier: 1.0
	piccl_loss_warmup_ratio: 0.0
	piccl_feature_warmup_ratio: 0.0
	piccl_delayed_start_ratio: 0.0
	[36mpiccl_residual_scale: 0.25
	[0m[36mpiccl_gate_bias: -2.5
	[0mpiccl_connectivity_weight: 1.0
	piccl_diagnostic_interval: 0
	[36mpiccl_strict_bypass: False
	[0mt: 0.1
	t_pre: 0.2
	l: 0.0
	l_d: 0.0
	l_layer: 0.0
	n_layer: 1
	sup: True
	two_ce: False
	sample_d: False
	re_w: False
	pos_mask: False
	mix: 0
	aug: 0
	model: resnet50
	label_ratio: 1.0
	TN: False
	lamda: 5
	start_epoch: 1000
	log: False
	swad: LossValley
	swad_kwargs: 
	  n_converge: 3
	  n_tolerance: 6
	  tolerance_ratio: 0.3
	test_batchsize: 128
	indomain_test: False
Dataset:
	[PACS] #envs=4, #classes=7
	env0: art_painting (#2048)
	env1: cartoon (#2344)
	env2: photo (#1670)
	env3: sketch (#3929)

[37m[36mINFO[0m[0m 07/18 13:02:20 | n_steps = 5000
[37m[36mINFO[0m[0m 07/18 13:02:20 | checkpoint_freq = 100
[37m[36mINFO[0m[0m 07/18 13:02:20 | n_steps is updated to 5000 => 5001 for checkpointing
[37m[36mINFO[0m[0m 07/18 13:02:20 | Target test envs = [[0], [1], [2], [3]]
[37m[36mINFO[0m[0m 07/18 13:02:20 | 
[37m[36mINFO[0m[0m 07/18 13:02:25 | Testenv name escaping te_art_painting -> te_art_painting
[37m[36mINFO[0m[0m 07/18 13:02:25 | Test envs = [0], name = te_art_painting
[37m[36mINFO[0m[0m 07/18 13:02:25 | Batch sizes for each domain: [0, 32, 32, 32] (total=96)
[37m[36mINFO[0m[0m 07/18 13:02:25 | steps-per-epoch for each domain: 58.62, 41.75, 98.25 -> min = 41.75
[37m[36mINFO[0m[0m 07/18 13:02:26 | # of params = 53365703
[37m[36mINFO[0m[0m 07/18 13:02:38 | test_in     test_out    train_in    train_out   tr_outloss  env0_in     env0_out    env1_out    env2_out    env3_out    step        epoch       loss        loss_cls    loss_isr    loss_orth   loss_gt     piccl_alph  paired_res  domain_res  valid_doma  basis_orth  response_c  raw_interv  mediator_i  ce_loss     sup_cl_los  pre_cl_los  dccl_total  weighted_l  weighted_l  piccl_feat  residual_s  residual_d  fused_orig  piccl_exec  original_f  piccl_feat  feature_de  feature_de  original_f  gate_mean   gate_std    gate_min    gate_max    backbone_g  piccl_grad  classifier  has_nan_or  param_grou  param_grou  param_grou  param_grou  param_grou  param_grou  param_grou  param_grou  param_grou  step_time   eval_time  
[37m[36mINFO[0m[0m 07/18 13:02:38 | 0.128737    0.180929    0.000000    0.257848    1.832228    0.128737    0.180929    0.222222    0.374251    0.177070    0           0.000000    1.940926    1.940914    0.000000    0.126582    0.000000    0.000000    0.000000    0.000000    21.000000   0.115786    0.000000    0.918931    0.918931    1.940914    0.000000    0.000000    1.940914    0.000000    0.000013    0.000000    0.250000    0.000000    1.000000    1.000000    24.181402   45.253296   0.000000    0.000000    1.000000    0.075858    0.000000    0.075858    0.075858    3.895880    0.000156    3.423702    0.000000    0.000050    0.000500    0.000005    0.000500    0.000500    0.000005    0.000050    0.000050    0.000050    0.985989    10.411742  
[37m[36mINFO[0m[0m 07/18 13:03:25 | 0.807810    0.826406    0.000000    0.946871    0.156604    0.807810    0.826406    0.940171    0.973054    0.927389    100         2.395210    0.405157    0.356022    0.982547    0.069102    0.000000    0.000000    17.483085   5.317773    21.000000   0.068437    0.017808    0.963812    0.963108    0.356022    0.000000    0.000000    0.356022    0.049127    0.000007    1.000000    0.250000    1.090710    0.999940    1.000000    70.527377   45.262089   1.090710    0.015626    0.999940    0.084186    0.025235    0.016255    0.304918    8.288193    0.042401    3.675358    0.000000    0.000050    0.000500    0.000005    0.000500    0.000500    0.000005    0.000050    0.000050    0.000050    0.335481    11.534343  
[37m[36mINFO[0m[0m 07/18 13:04:12 | 0.809030    0.809291    0.000000    0.953289    0.145408    0.809030    0.809291    0.952991    0.982036    0.924841    200         4.790419    0.176405    0.130332    0.921321    0.063094    0.000000    0.000000    16.998694   10.561502   21.000000   0.063555    0.079511    0.969045    0.968493    0.130332    0.000000    0.000000    0.130332    0.046066    0.000006    1.000000    0.250000    1.031366    0.999941    1.000000    68.124149   45.267284   1.031366    0.015101    0.999941    0.086994    0.028689    0.012625    0.402065    6.523585    0.021280    1.979976    0.000000    0.000050    0.000500    0.000005    0.000500    0.000500    0.000005    0.000050    0.000050    0.000050    0.339844    11.505169  
[37m[36mINFO[0m[0m 07/18 13:05:00 | 0.842587    0.826406    0.000000    0.966052    0.115264    0.842587    0.826406    0.957265    0.988024    0.952866    300         7.185629    0.132669    0.090246    0.848138    0.155743    0.000000    0.000000    16.716818   12.086733   21.000000   0.157018    0.152603    0.970689    0.970145    0.090246    0.000000    0.000000    0.090246    0.042407    0.000016    1.000000    0.250000    1.073904    0.999933    1.000000    67.828603   45.271450   1.073904    0.015784    0.999933    0.090276    0.032303    0.012914    0.466498    5.289078    0.014051    1.293334    0.000000    0.000050    0.000500    0.000005    0.000500    0.000500    0.000005    0.000050    0.000050    0.000050    0.339969    11.691799  
[37m[36mINFO[0m[0m 07/18 13:05:55 | 0.785845    0.777506    0.000000    0.954814    0.157745    0.785845    0.777506    0.944444    0.976048    0.943949    400         9.580838    0.108676    0.068995    0.793071    0.279005    0.000000    0.000000    16.221977   12.658225   21.000000   0.280061    0.207575    0.972305    0.971777    0.068995    0.000000    0.000000    0.068995    0.039654    0.000028    1.000000    0.250000    1.066991    0.999926    1.000000    66.246734   45.274825   1.066991    0.016087    0.999926    0.092472    0.034474    0.012082    0.510757    4.965174    0.012554    1.140280    0.000000    0.000050    0.000500    0.000005    0.000500    0.000500    0.000005    0.000050    0.000050    0.000050    0.390747    13.625124  
[37m[36mINFO[0m[0m 07/18 13:07:15 | 0.815131    0.819071    0.000000    0.958817    0.159518    0.815131    0.819071    0.970085    0.970060    0.936306    500         11.976048   0.093095    0.056126    0.738652    0.355549    0.000000    0.000000    15.935517   12.116122   21.000000   0.356038    0.261939    0.973571    0.973055    0.056126    0.000000    0.000000    0.056126    0.036933    0.000036    1.000000    0.250000    1.077999    0.999917    1.000000    64.443259   45.277972   1.077999    0.016675    0.999917    0.095444    0.038907    0.009756    0.660478    4.337094    0.010705    0.890367    0.000000    0.000050    0.000500    0.000005    0.000500    0.000500    0.000005    0.000050    0.000050    0.000050    0.596685    12.631817  
[37m[36mINFO[0m[0m 07/18 13:08:35 | 0.830384    0.848411    0.000000    0.970462    0.109328    0.830384    0.848411    0.967949    0.988024    0.955414    600         14.371257   0.079593    0.044831    0.694478    0.386962    0.000000    0.025250    16.104062   12.178794   21.000000   0.387067    0.305975    0.974872    0.974364    0.044831    0.000000    0.000000    0.044831    0.034724    0.000039    1.000000    0.250000    1.255773    0.999906    1.000000    67.487986   45.280758   1.255773    0.018525    0.999906    0.100141    0.047170    0.008498    0.828287    3.902398    0.009203    0.697456    0.000000    0.000050    0.000500    0.000005    0.000500    0.000500    0.000005    0.000050    0.000050    0.000050    0.579469    13.929147  
[37m[36mINFO[0m[0m 07/18 13:10:00 | 0.823673    0.843521    0.000000    0.964332    0.131906    0.823673    0.843521    0.957265    0.979042    0.956688    700         16.766467   0.072035    0.038590    0.668132    0.381410    0.000000    0.075250    16.012716   12.142916   21.000000   0.381217    0.332240    0.974724    0.974192    0.038590    0.000000    0.000000    0.038590    0.033407    0.000038    1.000000    0.250000    1.211200    0.999904    1.000000    65.551373   45.284196   1.211200    0.018345    0.999904    0.101639    0.047470    0.010115    0.829073    3.856228    0.009033    0.671477    0.000000    0.000050    0.000500    0.000005    0.000500    0.000500    0.000005    0.000050    0.000050    0.000050    0.626081    13.046698  
[37m[36mINFO[0m[0m 07/18 13:11:26 | 0.807200    0.831296    0.000000    0.953837    0.132137    0.807200    0.831296    0.967949    0.961078    0.932484    800         19.161677   0.071626    0.039151    0.648802    0.348031    0.000000    0.125250    15.974857   12.295152   21.000000   0.347588    0.351491    0.975910    0.975347    0.039151    0.000000    0.000000    0.039151    0.032440    0.000035    1.000000    0.250000    1.325346    0.999893    1.000000    67.312949   45.286101   1.325346    0.019563    0.999893    0.104876    0.052222    0.009861    0.892598    3.761114    0.008711    0.639920    0.000000    0.000050    0.000500    0.000005    0.000500    0.000500    0.000005    0.000050    0.000050    0.000050    0.640790    13.021045  
[37m[36mINFO[0m[0m 07/18 13:12:53 | 0.782184    0.772616    0.000000    0.955100    0.204711    0.782184    0.772616    0.942308    0.979042    0.943949    900         21.556886   0.062536    0.030626    0.637602    0.298069    0.000000    0.175250    14.935466   11.793794   21.000000   0.297534    0.362660    0.976379    0.975765    0.030626    0.000000    0.000000    0.030626    0.031880    0.000030    1.000000    0.250000    1.168013    0.999881    1.000000    60.316169   45.288555   1.168013    0.019172    0.999881    0.103925    0.050869    0.012995    0.857656    3.201845    0.007900    0.521854    0.000000    0.000050    0.000500    0.000005    0.000500    0.000500    0.000005    0.000050    0.000050    0.000050    0.655421    12.031509  
[37m[36mINFO[0m[0m 07/18 13:14:19 | 0.827944    0.845966    0.000000    0.965494    0.149954    0.827944    0.845966    0.967949    0.982036    0.946497    1000        23.952096   0.063933    0.033066    0.616862    0.247054    0.000000    0.225250    15.139547   12.000282   21.000000   0.246587    0.383373    0.977598    0.976972    0.033066    0.000000    0.000000    0.033066    0.030843    0.000025    1.000000    0.250000    1.323142    0.999866    1.000000    62.663981   45.291214   1.323142    0.020930    0.999866    0.108243    0.059742    0.010441    0.928562    3.347361    0.007647    0.503958    0.000000    0.000050    0.000500    0.000005    0.000500    0.000500    0.000005    0.000050    0.000050    0.000050    0.630920    12.780858  
[37m[36mINFO[0m[0m 07/18 13:15:50 | 0.760220    0.779951    0.000000    0.941774    0.242904    0.760220    0.779951    0.935897    0.976048    0.913376    1100        26.347305   0.059551    0.029605    0.598521    0.202578    0.000000    0.275250    15.487622   12.247263   21.000000   0.202182    0.401690    0.977323    0.976637    0.029605    0.000000    0.000000    0.029605    0.029926    0.000020    1.000000    0.250000    1.395962    0.999858    1.000000    63.742978   45.293210   1.395962    0.021788    0.999858    0.110833    0.064038    0.010201    0.968871    3.562433    0.007889    0.500166    0.000000    0.000050    0.000500    0.000005    0.000500    0.000500    0.000005    0.000050    0.000050    0.000050    0.672368    13.547590  
[37m[36mINFO[0m[0m 07/18 13:17:17 | 0.790726    0.801956    0.000000    0.956786    0.142731    0.790726    0.801956    0.963675    0.955090    0.951592    1200        28.742515   0.068459    0.038502    0.598816    0.169090    0.000000    0.325250    14.638690   12.169335   21.000000   0.168796    0.401382    0.977640    0.976873    0.038502    0.000000    0.000000    0.038502    0.029941    0.000017    1.000000    0.250000    1.305970    0.999842    1.000000    58.956073   45.293168   1.305970    0.022100    0.999842    0.108858    0.061747    0.011191    0.953798    3.521637    0.007755    0.511471    0.000000    0.000050    0.000500    0.000005    0.000500    0.000500    0.000005    0.000050    0.000050    0.000050    0.632192    13.455872  
[37m[36mINFO[0m[0m 07/18 13:18:43 | 0.840146    0.831296    0.000000    0.965910    0.110280    0.840146    0.831296    0.974359    0.973054    0.950318    1300        31.137725   0.051886    0.022395    0.589536    0.142539    0.000000    0.375250    14.743400   11.912172   21.000000   0.142270    0.410648    0.979808    0.979095    0.022395    0.000000    0.000000    0.022395    0.029477    0.000014    1.000000    0.250000    1.528939    0.999820    1.000000    62.213034   45.296037   1.528939    0.024318    0.999820    0.113432    0.070367    0.009637    0.951486    2.614628    0.007357    0.377802    0.000000    0.000050    0.000500    0.000005    0.000500    0.000500    0.000005    0.000050    0.000050    0.000050    0.630111    13.708830  
[37m[36mINFO[0m[0m 07/18 13:20:15 | 0.833435    0.821516    0.000000    0.959639    0.126324    0.833435    0.821516    0.957265    0.970060    0.951592    1400        33.532934   0.055963    0.026384    0.591346    0.116721    0.000000    0.425250    14.682319   11.907436   21.000000   0.116505    0.408839    0.978409    0.977561    0.026384    0.000000    0.000000    0.026384    0.029567    0.000012    1.000000    0.250000    1.393114    0.999815    1.000000    58.933256   45.296734   1.393114    0.023458    0.999815    0.113101    0.070203    0.009636    0.976503    3.011667    0.007690    0.390840    0.000000    0.000050    0.000500    0.000005    0.000500    0.000500    0.000005    0.000050    0.000050    0.000050    0.663609    14.935511  
[37m[36mINFO[0m[0m 07/18 13:21:44 | 0.816962    0.836186    0.000000    0.966492    0.123256    0.816962    0.836186    0.967949    0.985030    0.946497    1500        35.928144   0.051099    0.021504    0.591717    0.098078    0.000000    0.475250    14.398742   10.902685   21.000000   0.097898    0.408459    0.978844    0.977921    0.021504    0.000000    0.000000    0.021504    0.029586    0.000010    1.000000    0.250000    1.357609    0.999798    1.000000    56.742184   45.297571   1.357609    0.023769    0.999798    0.113013    0.073278    0.010337    0.984766    2.535848    0.007309    0.363204    0.000000    0.000050    0.000500    0.000005    0.000500    0.000500    0.000005    0.000050    0.000050    0.000050    0.660708    13.987703  
[37m[36mINFO[0m[0m 07/18 13:23:11 | 0.845638    0.843521    0.000000    0.967906    0.126702    0.845638    0.843521    0.974359    0.979042    0.950318    1600        38.323353   0.052051    0.023197    0.576921    0.079989    0.000000    0.500000    14.690280   10.778074   21.000000   0.079829    0.423252    0.979553    0.978634    0.023197    0.000000    0.000000    0.023197    0.028846    0.000008    1.000000    0.250000    1.532351    0.999774    1.000000    58.971313   45.299429   1.532351    0.025763    0.999774    0.116392    0.081657    0.008460    0.993604    2.898942    0.007590    0.379749    0.000000    0.000050    0.000500    0.000005    0.000500    0.000500    0.000005    0.000050    0.000050    0.000050    0.623476    14.457716  
[37m[36mINFO[0m[0m 07/18 13:24:39 | 0.840146    0.833741    0.000000    0.963639    0.132885    0.840146    0.833741    0.974359    0.970060    0.946497    1700        40.718563   0.047494    0.018522    0.579294    0.066307    0.000000    0.500000    14.553973   10.847033   21.000000   0.066184    0.420881    0.979230    0.978290    0.018522    0.000000    0.000000    0.018522    0.028965    0.000007    1.000000    0.250000    1.516610    0.999767    1.000000    57.860692   45.300752   1.516610    0.026110    0.999767    0.116091    0.080253    0.008949    0.990909    2.404574    0.006942    0.292385    0.000000    0.000050    0.000500    0.000005    0.000500    0.000500    0.000005    0.000050    0.000050    0.000050    0.631182    15.158419  
[37m[36mINFO[0m[0m 07/18 13:26:05 | 0.824893    0.845966    0.000000    0.968619    0.131306    0.824893    0.845966    0.976496    0.979042    0.950318    1800        43.113772   0.043407    0.014527    0.577508    0.054802    0.000000    0.500000    14.249344   10.970141   21.000000   0.054692    0.422659    0.981269    0.980420    0.014527    0.000000    0.000000    0.014527    0.028875    0.000005    1.000000    0.250000    1.518925    0.999766    1.000000    57.682828   45.302310   1.518925    0.026145    0.999766    0.115408    0.079366    0.009077    0.990199    1.920737    0.006582    0.240861    0.000000    0.000050    0.000500    0.000005    0.000500    0.000500    0.000005    0.000050    0.000050    0.000050    0.625030    13.743638  
[37m[36mINFO[0m[0m 07/18 13:27:36 | 0.837706    0.841076    0.000000    0.956373    0.191426    0.837706    0.841076    0.965812    0.958084    0.945223    1900        45.508982   0.057973    0.029283    0.573701    0.044848    0.000000    0.500000    13.986447   10.737913   21.000000   0.044764    0.426465    0.979594    0.978635    0.029283    0.000000    0.000000    0.029283    0.028685    0.000004    1.000000    0.250000    1.458793    0.999750    1.000000    54.790479   45.303356   1.458793    0.026367    0.999750    0.113292    0.077018    0.009324    0.993384    3.104806    0.007487    0.385011    0.000000    0.000050    0.000500    0.000005    0.000500    0.000500    0.000005    0.000050    0.000050    0.000050    0.667775    14.306462  
[37m[36mINFO[0m[0m 07/18 13:29:03 | 0.777303    0.801956    0.000000    0.957950    0.207457    0.777303    0.801956    0.955128    0.976048    0.942675    2000        47.904192   0.044989    0.016757    0.564561    0.037113    0.000000    0.500000    14.315323   10.558719   21.000000   0.037041    0.435619    0.980208    0.979288    0.016757    0.000000    0.000000    0.016757    0.028228    0.000004    1.000000    0.250000    1.558516    0.999754    1.000000    57.547341   45.306683   1.558516    0.026985    0.999754    0.117502    0.085651    0.005907    0.998890    2.355669    0.006670    0.261726    0.000000    0.000050    0.000500    0.000005    0.000500    0.000500    0.000005    0.000050    0.000050    0.000050    0.634770    13.684328  
[37m[36mINFO[0m[0m 07/18 13:30:31 | 0.857840    0.858191    0.000000    0.962085    0.165426    0.857840    0.858191    0.965812    0.979042    0.941401    2100        50.299401   0.053827    0.025390    0.568675    0.031761    0.000000    0.500000    13.598832   10.621812   21.000000   0.031722    0.431486    0.980319    0.979378    0.025390    0.000000    0.000000    0.025390    0.028434    0.000003    1.000000    0.250000    1.351550    0.999750    1.000000    51.861496   45.305492   1.351550    0.025786    0.999750    0.111812    0.077401    0.008404    0.991346    2.749895    0.007087    0.310456    0.000000    0.000050    0.000500    0.000005    0.000500    0.000500    0.000005    0.000050    0.000050    0.000050    0.633142    14.569901  
[37m[36mINFO[0m[0m 07/18 13:31:58 | 0.813911    0.845966    0.000000    0.964508    0.150203    0.813911    0.845966    0.970085    0.982036    0.941401    2200        52.694611   0.047826    0.019671    0.563044    0.027832    0.000000    0.500000    13.560558   10.654961   21.000000   0.027796    0.437105    0.981244    0.980313    0.019671    0.000000    0.000000    0.019671    0.028152    0.000003    1.000000    0.250000    1.409426    0.999733    1.000000    52.436174   45.307029   1.409426    0.026846    0.999733    0.114328    0.084093    0.006330    0.998905    2.469315    0.006630    0.272801    0.000000    0.000050    0.000500    0.000005    0.000500    0.000500    0.000005    0.000050    0.000050    0.000050    0.638535    12.429682  
[37m[36mINFO[0m[0m 07/18 13:33:29 | 0.860281    0.845966    0.000000    0.965061    0.157108    0.860281    0.845966    0.974359    0.973054    0.947771    2300        55.089820   0.045367    0.017179    0.563702    0.024579    0.000000    0.500000    13.493472   10.514507   21.000000   0.024542    0.436441    0.981684    0.980765    0.017179    0.000000    0.000000    0.017179    0.028185    0.000002    1.000000    0.250000    1.436023    0.999724    1.000000    52.366200   45.306676   1.436023    0.027324    0.999724    0.114284    0.083898    0.007389    0.996661    2.233842    0.006439    0.251642    0.000000    0.000050    0.000500    0.000005    0.000500    0.000500    0.000005    0.000050    0.000050    0.000050    0.683185    12.917226  
[37m[36mINFO[0m[0m 07/18 13:35:00 | 0.846248    0.841076    0.000000    0.965762    0.146473    0.846248    0.841076    0.974359    0.970060    0.952866    2400        57.485030   0.053125    0.024756    0.567342    0.020239    0.000000    0.500000    13.371982   10.652917   21.000000   0.020202    0.432795    0.980869    0.979894    0.024756    0.000000    0.000000    0.024756    0.028367    0.000002    1.000000    0.250000    1.415329    0.999713    1.000000    50.962753   45.306311   1.415329    0.027244    0.999713    0.113767    0.082166    0.007214    0.995615    2.773224    0.006852    0.298074    0.000000    0.000050    0.000500    0.000005    0.000500    0.000500    0.000005    0.000050    0.000050    0.000050    0.679835    12.394020  
[37m[36mINFO[0m[0m 07/18 13:36:32 | 0.832825    0.845966    0.000000    0.966047    0.142408    0.832825    0.845966    0.972222    0.973054    0.952866    2500        59.880240   0.044361    0.015788    0.571427    0.017656    0.000000    0.500000    13.237084   10.048832   21.000000   0.017638    0.428706    0.981423    0.980477    0.015788    0.000000    0.000000    0.015788    0.028571    0.000002    1.000000    0.250000    1.368510    0.999723    1.000000    50.381798   45.308450   1.368510    0.026996    0.999723    0.114257    0.085072    0.004257    0.997591    2.026603    0.006235    0.207984    0.000000    0.000050    0.000500    0.000005    0.000500    0.000500    0.000005    0.000050    0.000050    0.000050    0.675155    13.905300  
[37m[36mINFO[0m[0m 07/18 13:37:58 | 0.841367    0.850856    0.000000    0.967893    0.152544    0.841367    0.850856    0.967949    0.979042    0.956688    2600        62.275449   0.042172    0.013657    0.570282    0.015672    0.000000    0.500000    13.195854   10.056604   21.000000   0.015646    0.429855    0.980673    0.979671    0.013657    0.000000    0.000000    0.013657    0.028514    0.000002    1.000000    0.250000    1.339856    0.999710    1.000000    48.714886   45.309238   1.339856    0.027438    0.999710    0.114152    0.087024    0.003004    0.999207    1.766180    0.006024    0.180986    0.000000    0.000050    0.000500    0.000005    0.000500    0.000500    0.000005    0.000050    0.000050    0.000050    0.626384    13.207993  
[37m[36mINFO[0m[0m 07/18 13:39:29 | 0.766321    0.831296    0.000000    0.960784    0.165773    0.766321    0.831296    0.952991    0.979042    0.950318    2700        64.670659   0.044532    0.016686    0.556898    0.012871    0.000000    0.500000    13.604057   10.438442   21.000000   0.012843    0.443234    0.982342    0.981422    0.016686    0.000000    0.000000    0.016686    0.027845    0.000001    1.000000    0.250000    1.616179    0.999689    1.000000    53.966102   45.313020   1.616179    0.029880    0.999689    0.121574    0.099958    0.002245    0.999785    2.100155    0.006423    0.225291    0.000000    0.000050    0.000500    0.000005    0.000500    0.000500    0.000005    0.000050    0.000050    0.000050    0.665105    14.172768  
[37m[36mINFO[0m[0m 07/18 13:40:59 | 0.762660    0.809291    0.000000    0.954387    0.174957    0.762660    0.809291    0.963675    0.958084    0.941401    2800        67.065868   0.054049    0.026548    0.550003    0.010231    0.000000    0.500000    13.498897   10.717339   21.000000   0.010208    0.450142    0.981595    0.980648    0.026548    0.000000    0.000000    0.026548    0.027500    0.000001    1.000000    0.250000    1.511368    0.999671    1.000000    51.005283   45.312309   1.511368    0.029522    0.999671    0.118959    0.097621    0.001995    0.999195    2.909769    0.007434    0.330052    0.000000    0.000050    0.000500    0.000005    0.000500    0.000500    0.000005    0.000050    0.000050    0.000050    0.661556    13.725266  
[37m[36mINFO[0m[0m 07/18 13:42:26 | 0.785845    0.794621    0.000000    0.957228    0.165931    0.785845    0.794621    0.955128    0.970060    0.946497    2900        69.461078   0.049817    0.022225    0.551822    0.008409    0.000000    0.500000    13.335179   10.460107   21.000000   0.008395    0.448322    0.980428    0.979413    0.022225    0.000000    0.000000    0.022225    0.027591    0.000001    1.000000    0.250000    1.415362    0.999672    1.000000    48.704857   45.314010   1.415362    0.028881    0.999672    0.116168    0.093244    0.003888    0.996886    2.863362    0.006958    0.271578    0.000000    0.000050    0.000500    0.000005    0.000500    0.000500    0.000005    0.000050    0.000050    0.000050    0.630517    14.519584  
[37m[36mINFO[0m[0m 07/18 13:43:55 | 0.832215    0.858191    0.000000    0.963189    0.136075    0.832215    0.858191    0.965812    0.967066    0.956688    3000        71.856287   0.046842    0.019378    0.549266    0.007651    0.000000    0.500000    13.305424   10.310797   21.000000   0.007648    0.450870    0.981189    0.980181    0.019378    0.000000    0.000000    0.019378    0.027463    0.000001    1.000000    0.250000    1.500747    0.999658    1.000000    49.247352   45.315192   1.500747    0.030340    0.999658    0.117061    0.096063    0.003502    0.999027    2.337539    0.006636    0.236737    0.000000    0.000050    0.000500    0.000005    0.000500    0.000500    0.000005    0.000050    0.000050    0.000050    0.665581    11.937353  
[37m[36mINFO[0m[0m 07/18 13:45:24 | 0.830384    0.850856    0.000000    0.960622    0.148616    0.830384    0.850856    0.946581    0.976048    0.959236    3100        74.251497   0.040567    0.013574    0.539840    0.007173    0.000000    0.500000    13.785552   10.401143   21.000000   0.007170    0.460293    0.982551    0.981625    0.013574    0.000000    0.000000    0.013574    0.026992    0.000001    1.000000    0.250000    1.681614    0.999656    1.000000    53.217902   45.317840   1.681614    0.031484    0.999656    0.122045    0.105256    0.002286    0.999269    1.872357    0.006090    0.171704    0.000000    0.000050    0.000500    0.000005    0.000500    0.000500    0.000005    0.000050    0.000050    0.000050    0.657419    13.259652  
[37m[36mINFO[0m[0m 07/18 13:46:51 | 0.820012    0.853301    0.000000    0.964363    0.161656    0.820012    0.853301    0.978632    0.973054    0.941401    3200        76.646707   0.044955    0.017887    0.541336    0.007144    0.000000    0.500000    13.543702   10.359312   21.000000   0.007145    0.458793    0.981890    0.980931    0.017887    0.000000    0.000000    0.017887    0.027067    0.000001    1.000000    0.250000    1.612763    0.999643    1.000000    51.091576   45.316707   1.612763    0.031503    0.999643    0.120855    0.104779    0.001885    0.999577    2.219654    0.006494    0.216755    0.000000    0.000050    0.000500    0.000005    0.000500    0.000500    0.000005    0.000050    0.000050    0.000050    0.646385    13.235401  
[37m[36mINFO[0m[0m 07/18 13:48:16 | 0.823673    0.845966    0.000000    0.957929    0.155248    0.823673    0.845966    0.955128    0.967066    0.951592    3300        79.041916   0.057488    0.029458    0.560581    0.007341    0.000000    0.500000    12.908523   10.049201   21.000000   0.007347    0.439557    0.979137    0.978025    0.029458    0.000000    0.000000    0.029458    0.028029    0.000001    1.000000    0.250000    1.204024    0.999655    1.000000    43.443212   45.317014   1.204024    0.027630    0.999655    0.112910    0.088502    0.003302    0.996030    3.045809    0.006930    0.258769    0.000000    0.000050    0.000500    0.000005    0.000500    0.000500    0.000005    0.000050    0.000050    0.000050    0.625637    13.299542  
[37m[36mINFO[0m[0m 07/18 13:49:35 | 0.743746    0.777506    0.000000    0.960083    0.157061    0.743746    0.777506    0.952991    0.982036    0.945223    3400        81.437126   0.045472    0.017543    0.558560    0.007896    0.000000    0.500000    12.952798   9.877194    21.000000   0.007896    0.441585    0.981457    0.980429    0.017543    0.000000    0.000000    0.017543    0.027928    0.000001    1.000000    0.250000    1.404261    0.999621    1.000000    45.514424   45.318174   1.404261    0.030797    0.999621    0.117477    0.099013    0.001541    0.999692    2.099603    0.006292    0.194110    0.000000    0.000050    0.000500    0.000005    0.000500    0.000500    0.000005    0.000050    0.000050    0.000050    0.564553    13.718412  
[37m[36mINFO[0m[0m 07/18 13:50:52 | 0.838316    0.860636    0.000000    0.967331    0.145322    0.838316    0.860636    0.970085    0.979042    0.952866    3500        83.832335   0.038832    0.011335    0.549927    0.007770    0.000000    0.500000    13.123609   10.015926   21.000000   0.007768    0.450210    0.982553    0.981580    0.011335    0.000000    0.000000    0.011335    0.027496    0.000001    1.000000    0.250000    1.457873    0.999633    1.000000    47.147410   45.322252   1.457873    0.030787    0.999633    0.119661    0.103863    0.001444    0.999601    1.553980    0.005929    0.132773    0.000000    0.000050    0.000500    0.000005    0.000500    0.000500    0.000005    0.000050    0.000050    0.000050    0.559418    13.819841  
[37m[36mINFO[0m[0m 07/18 13:52:09 | 0.801708    0.828851    0.000000    0.963929    0.140506    0.801708    0.828851    0.957265    0.988024    0.946497    3600        86.227545   0.036899    0.009777    0.542424    0.007123    0.000000    0.500000    13.462748   10.427966   21.000000   0.007119    0.457705    0.983804    0.982877    0.009777    0.000000    0.000000    0.009777    0.027121    0.000001    1.000000    0.250000    1.716534    0.999613    1.000000    51.247093   45.322225   1.716534    0.033142    0.999613    0.125697    0.115150    0.001080    0.999799    1.272647    0.005884    0.111182    0.000000    0.000050    0.000500    0.000005    0.000500    0.000500    0.000005    0.000050    0.000050    0.000050    0.556554    13.912794  
[37m[36mINFO[0m[0m 07/18 13:53:29 | 0.827944    0.831296    0.000000    0.971452    0.115734    0.827944    0.831296    0.974359    0.982036    0.957962    3700        88.622754   0.035518    0.008593    0.538469    0.007223    0.000000    0.500000    13.444506   10.462561   21.000000   0.007222    0.461657    0.983752    0.982831    0.008593    0.000000    0.000000    0.008593    0.026923    0.000001    1.000000    0.250000    1.554805    0.999639    1.000000    49.410811   45.323317   1.554805    0.031390    0.999639    0.122885    0.110986    0.001274    0.999876    1.264756    0.005667    0.103524    0.000000    0.000050    0.000500    0.000005    0.000500    0.000500    0.000005    0.000050    0.000050    0.000050    0.581759    13.892628  
[37m[36mINFO[0m[0m 07/18 13:54:49 | 0.856010    0.870416    0.000000    0.971305    0.119787    0.856010    0.870416    0.978632    0.976048    0.959236    3800        91.017964   0.040650    0.013048    0.552019    0.006786    0.000000    0.500000    12.940910   10.306747   21.000000   0.006782    0.448103    0.983313    0.982324    0.013048    0.000000    0.000000    0.013048    0.027601    0.000001    1.000000    0.250000    1.454196    0.999617    1.000000    46.352084   45.322360   1.454196    0.031302    0.999617    0.120320    0.106093    0.001540    0.999642    1.494441    0.006069    0.151899    0.000000    0.000050    0.000500    0.000005    0.000500    0.000500    0.000005    0.000050    0.000050    0.000050    0.573580    13.961076  
[37m[36mINFO[0m[0m 07/18 13:56:06 | 0.879195    0.885086    0.000000    0.967032    0.138676    0.879195    0.885086    0.965812    0.976048    0.959236    3900        93.413174   0.036051    0.008600    0.549004    0.006180    0.000000    0.500000    13.026486   10.162877   21.000000   0.006171    0.451114    0.983915    0.982948    0.008600    0.000000    0.000000    0.008600    0.027450    0.000001    1.000000    0.250000    1.632056    0.999595    1.000000    48.458801   45.326183   1.632056    0.033517    0.999595    0.124233    0.113428    0.001249    0.999818    1.327772    0.005815    0.120890    0.000000    0.000050    0.000500    0.000005    0.000500    0.000500    0.000005    0.000050    0.000050    0.000050    0.557256    14.361981  
[37m[36mINFO[0m[0m 07/18 13:57:26 | 0.805369    0.836186    0.000000    0.962073    0.165306    0.805369    0.836186    0.963675    0.976048    0.946497    4000        95.808383   0.038548    0.011472    0.541508    0.005830    0.000000    0.500000    13.203239   10.488633   21.000000   0.005832    0.458619    0.983159    0.982166    0.011472    0.000000    0.000000    0.011472    0.027075    0.000001    1.000000    0.250000    1.768582    0.999568    1.000000    49.484549   45.327466   1.768582    0.035644    0.999568    0.126037    0.117323    0.000751    0.999863    2.016420    0.006251    0.159040    0.000000    0.000050    0.000500    0.000005    0.000500    0.000500    0.000005    0.000050    0.000050    0.000050    0.584576    13.823588  
[37m[36mINFO[0m[0m 07/18 13:58:46 | 0.778523    0.792176    0.000000    0.957391    0.202485    0.778523    0.792176    0.961538    0.973054    0.937580    4100        98.203593   0.046233    0.018272    0.559219    0.006648    0.000000    0.500000    12.670426   9.752244    21.000000   0.006663    0.440923    0.982078    0.981038    0.018272    0.000000    0.000000    0.018272    0.027961    0.000001    1.000000    0.250000    1.261325    0.999601    1.000000    41.805134   45.324361   1.261325    0.030149    0.999601    0.114691    0.096620    0.001581    0.997853    2.108180    0.006520    0.184949    0.000000    0.000050    0.000500    0.000005    0.000500    0.000500    0.000005    0.000050    0.000050    0.000050    0.575545    14.161659  
[37m[36mINFO[0m[0m 07/18 14:00:04 | 0.740085    0.748166    0.000000    0.948970    0.264010    0.740085    0.748166    0.959402    0.946108    0.941401    4200        100.598802  0.045176    0.017567    0.552156    0.008161    0.000000    0.500000    12.816846   9.386784    21.000000   0.008176    0.447985    0.982221    0.981197    0.017567    0.000000    0.000000    0.017567    0.027608    0.000001    1.000000    0.250000    1.443890    0.999573    1.000000    43.416140   45.326187   1.443890    0.033097    0.999573    0.117342    0.105881    0.000805    0.999478    2.453269    0.006566    0.186081    0.000000    0.000050    0.000500    0.000005    0.000500    0.000500    0.000005    0.000050    0.000050    0.000050    0.559409    14.776087  
[37m[36mINFO[0m[0m 07/18 14:01:23 | 0.776693    0.784841    0.000000    0.957218    0.181364    0.776693    0.784841    0.957265    0.964072    0.950318    4300        102.994012  0.044564    0.016978    0.551703    0.009950    0.000000    0.500000    12.843765   9.365760    21.000000   0.009970    0.448440    0.982341    0.981333    0.016978    0.000000    0.000000    0.016978    0.027585    0.000001    1.000000    0.250000    1.412485    0.999561    1.000000    42.667736   45.326190   1.412485    0.032959    0.999561    0.117704    0.106845    0.000889    0.999777    2.105012    0.006514    0.176863    0.000000    0.000050    0.000500    0.000005    0.000500    0.000500    0.000005    0.000050    0.000050    0.000050    0.578413    13.281369  
[37m[36mINFO[0m[0m 07/18 14:02:42 | 0.845027    0.858191    0.000000    0.960492    0.148687    0.845027    0.858191    0.965812    0.964072    0.951592    4400        105.389222  0.047243    0.019715    0.550520    0.011718    0.000000    0.500000    12.805326   9.563667    21.000000   0.011732    0.449623    0.981858    0.980811    0.019715    0.000000    0.000000    0.019715    0.027526    0.000001    1.000000    0.250000    1.309767    0.999568    1.000000    41.241089   45.324945   1.309767    0.031555    0.999568    0.115925    0.103221    0.001012    0.998881    2.297264    0.006665    0.179456    0.000000    0.000050    0.000500    0.000005    0.000500    0.000500    0.000005    0.000050    0.000050    0.000050    0.582083    12.650014  
[37m[36mINFO[0m[0m 07/18 14:04:06 | 0.861501    0.885086    0.000000    0.970889    0.126601    0.861501    0.885086    0.972222    0.985030    0.955414    4500        107.784431  0.036911    0.009370    0.550783    0.013748    0.000000    0.500000    12.666253   9.339129    21.000000   0.013768    0.449349    0.983896    0.982948    0.009370    0.000000    0.000000    0.009370    0.027539    0.000001    1.000000    0.250000    1.241518    0.999594    1.000000    41.525316   45.328258   1.241518    0.029879    0.999594    0.115391    0.104223    0.000890    0.999088    1.291082    0.005850    0.106178    0.000000    0.000050    0.000500    0.000005    0.000500    0.000500    0.000005    0.000050    0.000050    0.000050    0.627053    12.643352  
[37m[36mINFO[0m[0m 07/18 14:05:29 | 0.871873    0.892421    0.000000    0.968317    0.138763    0.871873    0.892421    0.967949    0.979042    0.957962    4600        110.179641  0.051798    0.024418    0.547568    0.014587    0.000000    0.500000    12.719749   9.267085    21.000000   0.014592    0.452573    0.981414    0.980319    0.024418    0.000000    0.000000    0.024418    0.027378    0.000001    1.000000    0.250000    1.376693    0.999546    1.000000    41.286048   45.324226   1.376693    0.033286    0.999546    0.113951    0.103956    0.000886    0.999330    2.737212    0.006826    0.206582    0.000000    0.000050    0.000500    0.000005    0.000500    0.000500    0.000005    0.000050    0.000050    0.000050    0.610586    12.526246  
[37m[36mINFO[0m[0m 07/18 14:06:58 | 0.873093    0.889976    0.000000    0.965770    0.158237    0.873093    0.889976    0.967949    0.979042    0.950318    4700        112.574850  0.035429    0.007953    0.549492    0.014962    0.000000    0.500000    12.600000   9.184545    21.000000   0.014964    0.450641    0.983552    0.982589    0.007953    0.000000    0.000000    0.007953    0.027475    0.000001    1.000000    0.250000    1.386285    0.999570    1.000000    42.525886   45.326121   1.386285    0.032496    0.999570    0.115310    0.108298    0.000539    0.999694    1.239951    0.005680    0.095502    0.000000    0.000050    0.000500    0.000005    0.000500    0.000500    0.000005    0.000050    0.000050    0.000050    0.655396    13.248650  
[37m[36mINFO[0m[0m 07/18 14:08:23 | 0.870043    0.885086    0.000000    0.966333    0.182172    0.870043    0.885086    0.970085    0.976048    0.952866    4800        114.970060  0.028305    0.001562    0.534822    0.015375    0.000000    0.500000    13.250645   9.542144    21.000000   0.015378    0.465299    0.986531    0.985701    0.001562    0.000000    0.000000    0.001562    0.026741    0.000002    1.000000    0.250000    1.861274    0.999551    1.000000    50.376567   45.331919   1.861274    0.036813    0.999551    0.127702    0.131019    0.000306    0.999923    0.373914    0.005257    0.027953    0.000000    0.000050    0.000500    0.000005    0.000500    0.000500    0.000005    0.000050    0.000050    0.000050    0.625768    12.785459  
[37m[36mINFO[0m[0m 07/18 14:09:52 | 0.848078    0.872861    0.000000    0.966899    0.131754    0.848078    0.872861    0.976496    0.970060    0.954140    4900        117.365269  0.045411    0.018600    0.536194    0.014442    0.000000    0.500000    13.116365   10.087832   21.000000   0.014428    0.463935    0.982785    0.981774    0.018600    0.000000    0.000000    0.018600    0.026810    0.000001    1.000000    0.250000    1.664804    0.999521    1.000000    45.996977   45.328131   1.664804    0.035730    0.999521    0.120735    0.119683    0.000329    0.999933    2.470707    0.006679    0.179861    0.000000    0.000050    0.000500    0.000005    0.000500    0.000500    0.000005    0.000050    0.000050    0.000050    0.656659    13.145336  
[37m[36mINFO[0m[0m 07/18 14:11:19 | 0.831605    0.848411    0.000000    0.962924    0.182887    0.831605    0.848411    0.967949    0.973054    0.947771    5000        119.760479  0.038392    0.010710    0.553611    0.014852    0.000000    0.500000    12.361118   9.832229    21.000000   0.014866    0.446512    0.984764    0.983860    0.010710    0.000000    0.000000    0.010710    0.027681    0.000001    1.000000    0.250000    1.259076    0.999578    1.000000    41.271233   45.324689   1.259076    0.030482    0.999578    0.113406    0.105754    0.000662    0.999490    1.548562    0.005993    0.109795    0.000000    0.000050    0.000500    0.000005    0.000500    0.000500    0.000005    0.000050    0.000050    0.000050    0.633514    13.441820  
[37m[36mINFO[0m[0m 07/18 14:11:19 | ---
[37m[33mWARNING[0m[0m 07/18 14:11:19 | Evaluate SWAD ...
[37m[36mINFO[0m[0m 07/18 14:11:33 | 0.899939    0.894866    0.000000    0.979119    0.148733    0.899939    0.894866    0.978632    0.988024    0.970701    [101-5000]  (N=50)
[37m[36mINFO[0m[0m 07/18 14:11:33 | oracle = 87.187%
[37m[36mINFO[0m[0m 07/18 14:11:33 | iid = 82.794%
[37m[36mINFO[0m[0m 07/18 14:11:33 | last = 83.160%
[37m[36mINFO[0m[0m 07/18 14:11:33 | last (inD) = 96.292%
[37m[36mINFO[0m[0m 07/18 14:11:33 | iid (inD) = 97.145%
[37m[36mINFO[0m[0m 07/18 14:11:33 | SWAD = 89.994%
[37m[36mINFO[0m[0m 07/18 14:11:33 | SWAD (inD) = 97.912%
[37m[36mINFO[0m[0m 07/18 14:11:34 | 
[37m[36mINFO[0m[0m 07/18 14:11:38 | Testenv name escaping te_cartoon -> te_cartoon
[37m[36mINFO[0m[0m 07/18 14:11:38 | Test envs = [1], name = te_cartoon
[37m[36mINFO[0m[0m 07/18 14:11:38 | Batch sizes for each domain: [32, 0, 32, 32] (total=96)
[37m[36mINFO[0m[0m 07/18 14:11:38 | steps-per-epoch for each domain: 51.22, 41.75, 98.25 -> min = 41.75
[37m[36mINFO[0m[0m 07/18 14:11:41 | # of params = 53365703
[37m[36mINFO[0m[0m 07/18 14:11:56 | test_in     test_out    train_in    train_out   tr_outloss  env0_out    env1_in     env1_out    env2_out    env3_out    step        epoch       loss        loss_cls    loss_isr    loss_orth   loss_gt     piccl_alph  paired_res  domain_res  valid_doma  basis_orth  response_c  raw_interv  mediator_i  ce_loss     sup_cl_los  pre_cl_los  dccl_total  weighted_l  weighted_l  piccl_feat  residual_s  residual_d  fused_orig  piccl_exec  original_f  piccl_feat  feature_de  feature_de  original_f  gate_mean   gate_std    gate_min    gate_max    backbone_g  piccl_grad  classifier  has_nan_or  param_grou  param_grou  param_grou  param_grou  param_grou  param_grou  param_grou  param_grou  param_grou  step_time   eval_time  
[37m[36mINFO[0m[0m 07/18 14:11:56 | 0.220149    0.209402    0.000000    0.325619    1.797083    0.295844    0.220149    0.209402    0.458084    0.222930    0           0.000000    1.996466    1.996451    0.000000    0.149580    0.000000    0.000000    0.000000    0.000000    20.000000   0.137917    0.000000    0.913917    0.913917    1.996451    0.000000    0.000000    1.996451    0.000000    0.000015    0.000000    0.250000    0.000000    1.000000    1.000000    25.206272   45.253387   0.000000    0.000000    1.000000    0.075858    0.000000    0.075858    0.075858    3.823714    0.000171    3.896585    0.000000    0.000050    0.000500    0.000005    0.000500    0.000500    0.000005    0.000050    0.000050    0.000050    0.678449    14.467769  
[37m[36mINFO[0m[0m 07/18 14:13:14 | 0.696162    0.696581    0.000000    0.945429    0.149963    0.941320    0.696162    0.696581    0.979042    0.915924    100         2.395210    0.377163    0.328130    0.980496    0.084794    0.000000    0.000000    18.970720   6.466558    20.970000   0.084024    0.019910    0.961263    0.960506    0.328130    0.000000    0.000000    0.328130    0.049025    0.000008    1.000000    0.250000    1.208221    0.999939    1.000000    74.248748   45.262516   1.208221    0.016243    0.999939    0.084869    0.027916    0.020852    0.338754    8.672184    0.043467    3.539973    0.000000    0.000050    0.000500    0.000005    0.000500    0.000500    0.000005    0.000050    0.000050    0.000050    0.576413    12.845810  
[37m[36mINFO[0m[0m 07/18 14:14:32 | 0.777719    0.790598    0.000000    0.955114    0.140009    0.948655    0.777719    0.790598    0.988024    0.928662    200         4.790419    0.163424    0.117706    0.914228    0.070928    0.000000    0.000000    18.417611   11.981602   21.000000   0.071335    0.086662    0.968581    0.968036    0.117706    0.000000    0.000000    0.117706    0.045711    0.000007    1.000000    0.250000    1.265363    0.999935    1.000000    74.482662   45.268630   1.265363    0.016912    0.999935    0.089178    0.036005    0.014263    0.499627    6.463543    0.019773    1.802281    0.000000    0.000050    0.000500    0.000005    0.000500    0.000500    0.000005    0.000050    0.000050    0.000050    0.568812    12.955480  
[37m[36mINFO[0m[0m 07/18 14:15:49 | 0.813966    0.835470    0.000000    0.958396    0.121503    0.946210    0.813966    0.835470    0.985030    0.943949    300         7.185629    0.141546    0.099235    0.845916    0.158047    0.000000    0.000000    17.142654   13.551478   21.000000   0.159156    0.154710    0.971050    0.970512    0.099235    0.000000    0.000000    0.099235    0.042296    0.000016    1.000000    0.250000    1.194000    0.999923    1.000000    68.931500   45.273299   1.194000    0.017259    0.999923    0.092020    0.039057    0.014090    0.570748    5.785619    0.013640    1.373288    0.000000    0.000050    0.000500    0.000005    0.000500    0.000500    0.000005    0.000050    0.000050    0.000050    0.570778    12.578974  
[37m[36mINFO[0m[0m 07/18 14:17:06 | 0.794776    0.822650    0.000000    0.964421    0.120171    0.951100    0.794776    0.822650    0.988024    0.954140    400         9.580838    0.107956    0.068375    0.791096    0.255870    0.000000    0.000000    17.115595   13.878471   21.000000   0.256754    0.209507    0.972586    0.972073    0.068375    0.000000    0.000000    0.068375    0.039555    0.000026    1.000000    0.250000    1.273355    0.999914    1.000000    70.159777   45.277207   1.273355    0.018086    0.999914    0.095825    0.044555    0.011600    0.648535    4.937983    0.010596    0.921878    0.000000    0.000050    0.000500    0.000005    0.000500    0.000500    0.000005    0.000050    0.000050    0.000050    0.558622    13.555415  
[37m[36mINFO[0m[0m 07/18 14:18:26 | 0.783049    0.807692    0.000000    0.950420    0.158825    0.929095    0.783049    0.807692    0.982036    0.940127    500         11.976048   0.092551    0.055051    0.749334    0.333610    0.000000    0.000000    16.799869   14.035681   21.000000   0.334225    0.251194    0.974190    0.973699    0.055051    0.000000    0.000000    0.055051    0.037467    0.000033    1.000000    0.250000    1.320345    0.999908    1.000000    70.030456   45.280488   1.320345    0.018773    0.999908    0.098460    0.047412    0.012250    0.664105    4.786897    0.010366    0.866275    0.000000    0.000050    0.000500    0.000005    0.000500    0.000500    0.000005    0.000050    0.000050    0.000050    0.592286    12.504215  
[37m[36mINFO[0m[0m 07/18 14:19:30 | 0.775053    0.788462    0.000000    0.962013    0.126396    0.960880    0.775053    0.788462    0.985030    0.940127    600         14.371257   0.082442    0.047069    0.706686    0.385964    0.000000    0.025250    17.272110   14.367085   21.000000   0.386361    0.293767    0.974755    0.974272    0.047069    0.000000    0.000000    0.047069    0.035334    0.000039    1.000000    0.250000    1.451608    0.999899    1.000000    72.172128   45.284203   1.451608    0.020022    0.999899    0.102671    0.052749    0.010587    0.765767    4.491190    0.010348    0.805412    0.000000    0.000050    0.000500    0.000005    0.000500    0.000500    0.000005    0.000050    0.000050    0.000050    0.466024    13.309744  
[37m[36mINFO[0m[0m 07/18 14:20:48 | 0.785714    0.799145    0.000000    0.960866    0.130649    0.960880    0.785714    0.799145    0.979042    0.942675    700         16.766467   0.077331    0.043255    0.680730    0.400541    0.000000    0.075250    16.460706   14.045456   21.000000   0.400489    0.319627    0.975311    0.974769    0.043255    0.000000    0.000000    0.043255    0.034036    0.000040    1.000000    0.250000    1.474972    0.999877    1.000000    68.486984   45.288107   1.474972    0.021242    0.999877    0.105195    0.057107    0.009658    0.813881    3.925042    0.008200    0.639584    0.000000    0.000050    0.000500    0.000005    0.000500    0.000500    0.000005    0.000050    0.000050    0.000050    0.555249    13.989744  
[37m[36mINFO[0m[0m 07/18 14:22:08 | 0.855011    0.871795    0.000000    0.954495    0.173062    0.941320    0.855011    0.871795    0.982036    0.940127    800         19.161677   0.078215    0.045150    0.660514    0.388799    0.000000    0.125250    16.490764   13.974874   21.000000   0.388544    0.339798    0.975038    0.974447    0.045150    0.000000    0.000000    0.045150    0.033026    0.000039    1.000000    0.250000    1.327850    0.999877    1.000000    64.677805   45.290196   1.327850    0.020412    0.999877    0.106397    0.059123    0.008347    0.880216    4.468137    0.008716    0.671212    0.000000    0.000050    0.000500    0.000005    0.000500    0.000500    0.000005    0.000050    0.000050    0.000050    0.583004    13.887748  
[37m[36mINFO[0m[0m 07/18 14:23:28 | 0.738806    0.764957    0.000000    0.956940    0.161475    0.948655    0.738806    0.764957    0.982036    0.940127    900         21.556886   0.070994    0.038819    0.642800    0.349294    0.000000    0.175250    16.443811   13.389708   21.000000   0.348833    0.357481    0.975960    0.975336    0.038819    0.000000    0.000000    0.038819    0.032140    0.000035    1.000000    0.250000    1.541075    0.999849    1.000000    65.922618   45.293806   1.541075    0.023294    0.999849    0.111769    0.068784    0.007757    0.924710    4.237880    0.008556    0.542195    0.000000    0.000050    0.000500    0.000005    0.000500    0.000500    0.000005    0.000050    0.000050    0.000050    0.583434    14.396954  
[37m[36mINFO[0m[0m 07/18 14:24:46 | 0.761727    0.805556    0.000000    0.947243    0.246238    0.931540    0.761727    0.805556    0.970060    0.940127    1000        23.952096   0.071669    0.040533    0.622110    0.307522    0.000000    0.225250    16.094015   13.569688   21.000000   0.307167    0.378144    0.977026    0.976390    0.040533    0.000000    0.000000    0.040533    0.031105    0.000031    1.000000    0.250000    1.699180    0.999823    1.000000    65.739183   45.296598   1.699180    0.025585    0.999823    0.112778    0.071571    0.007287    0.957870    4.319624    0.008570    0.578238    0.000000    0.000050    0.000500    0.000005    0.000500    0.000500    0.000005    0.000050    0.000050    0.000050    0.563893    13.614459  
[37m[36mINFO[0m[0m 07/18 14:26:09 | 0.783582    0.807692    0.000000    0.961508    0.114809    0.955990    0.783582    0.807692    0.982036    0.946497    1100        26.347305   0.061673    0.030740    0.618132    0.267211    0.000000    0.275250    15.746832   13.312143   21.000000   0.266771    0.382092    0.978029    0.977363    0.030740    0.000000    0.000000    0.030740    0.030907    0.000027    1.000000    0.250000    1.738134    0.999809    1.000000    65.294641   45.299103   1.738134    0.026454    0.999809    0.116307    0.078034    0.006303    0.977550    3.427443    0.007451    0.456165    0.000000    0.000050    0.000500    0.000005    0.000500    0.000500    0.000005    0.000050    0.000050    0.000050    0.614640    13.349803  
[37m[36mINFO[0m[0m 07/18 14:27:32 | 0.778785    0.805556    0.000000    0.965630    0.112888    0.963325    0.778785    0.805556    0.973054    0.960510    1200        28.742515   0.070952    0.040894    0.600726    0.222267    0.000000    0.325250    15.967539   13.722289   21.000000   0.221779    0.399499    0.975884    0.975094    0.040894    0.000000    0.000000    0.040894    0.030036    0.000022    1.000000    0.250000    1.628044    0.999809    1.000000    62.299158   45.301320   1.628044    0.025666    0.999809    0.114942    0.073244    0.007363    0.971674    4.428955    0.008014    0.488744    0.000000    0.000050    0.000500    0.000005    0.000500    0.000500    0.000005    0.000050    0.000050    0.000050    0.601833    13.589437  
[37m[36mINFO[0m[0m 07/18 14:28:56 | 0.723348    0.735043    0.000000    0.956090    0.150874    0.948655    0.723348    0.735043    0.982036    0.937580    1300        31.137725   0.068896    0.039336    0.590828    0.179735    0.000000    0.375250    15.662585   12.869215   21.000000   0.179412    0.409403    0.977542    0.976745    0.039336    0.000000    0.000000    0.039336    0.029541    0.000018    1.000000    0.250000    1.638850    0.999795    1.000000    60.812380   45.303378   1.638850    0.026451    0.999795    0.114184    0.073411    0.007730    0.978117    4.097449    0.008161    0.496118    0.000000    0.000050    0.000500    0.000005    0.000500    0.000500    0.000005    0.000050    0.000050    0.000050    0.618794    12.986124  
[37m[36mINFO[0m[0m 07/18 14:30:25 | 0.806503    0.811966    0.000000    0.958409    0.176312    0.943765    0.806503    0.811966    0.976048    0.955414    1400        33.532934   0.055833    0.026445    0.587452    0.153360    0.000000    0.425250    15.105473   12.743508   21.000000   0.153116    0.412752    0.979738    0.978963    0.026445    0.000000    0.000000    0.026445    0.029373    0.000015    1.000000    0.250000    1.694572    0.999771    1.000000    59.924650   45.303725   1.694572    0.028101    0.999771    0.113452    0.076236    0.007742    0.989603    2.959519    0.006680    0.342315    0.000000    0.000050    0.000500    0.000005    0.000500    0.000500    0.000005    0.000050    0.000050    0.000050    0.666539    12.551205  
[37m[36mINFO[0m[0m 07/18 14:31:56 | 0.764925    0.797009    0.000000    0.955976    0.142211    0.946210    0.764925    0.797009    0.979042    0.942675    1500        35.928144   0.054976    0.026228    0.574704    0.126730    0.000000    0.475250    15.651277   13.001481   21.000000   0.126459    0.425496    0.979129    0.978282    0.026228    0.000000    0.000000    0.026228    0.028735    0.000013    1.000000    0.250000    2.023518    0.999726    1.000000    63.718748   45.305294   2.023518    0.031621    0.999726    0.118998    0.087074    0.005441    0.995677    3.432718    0.007327    0.384217    0.000000    0.000050    0.000500    0.000005    0.000500    0.000500    0.000005    0.000050    0.000050    0.000050    0.668659    13.103528  
[37m[36mINFO[0m[0m 07/18 14:33:24 | 0.736674    0.762821    0.000000    0.950768    0.178866    0.951100    0.736674    0.762821    0.961078    0.940127    1600        38.323353   0.049179    0.020808    0.567214    0.102153    0.000000    0.500000    15.628323   13.389907   21.000000   0.101936    0.432966    0.980643    0.979821    0.020808    0.000000    0.000000    0.020808    0.028361    0.000010    1.000000    0.250000    2.074230    0.999724    1.000000    64.732123   45.306218   2.074230    0.031756    0.999724    0.120526    0.089504    0.005608    0.997626    2.538321    0.006908    0.317439    0.000000    0.000050    0.000500    0.000005    0.000500    0.000500    0.000005    0.000050    0.000050    0.000050    0.643011    13.535319  
[37m[36mINFO[0m[0m 07/18 14:34:55 | 0.797441    0.809829    0.000000    0.970551    0.106571    0.968215    0.797441    0.809829    0.988024    0.955414    1700        40.718563   0.045659    0.017578    0.561444    0.085666    0.000000    0.500000    15.462074   13.754943   21.000000   0.085545    0.438727    0.981250    0.980443    0.017578    0.000000    0.000000    0.017578    0.028072    0.000009    1.000000    0.250000    2.130960    0.999720    1.000000    65.041744   45.308790   2.130960    0.032573    0.999720    0.120495    0.087795    0.005521    0.997132    2.445752    0.006796    0.281300    0.000000    0.000050    0.000500    0.000005    0.000500    0.000500    0.000005    0.000050    0.000050    0.000050    0.675001    13.491434  
[37m[36mINFO[0m[0m 07/18 14:36:27 | 0.776119    0.788462    0.000000    0.950986    0.184874    0.946210    0.776119    0.788462    0.964072    0.942675    1800        43.113772   0.049729    0.021334    0.567753    0.075440    0.000000    0.500000    14.978698   13.756424   21.000000   0.075362    0.432412    0.980670    0.979840    0.021334    0.000000    0.000000    0.021334    0.028388    0.000008    1.000000    0.250000    1.909063    0.999733    1.000000    61.342624   45.308893   1.909063    0.030959    0.999733    0.116962    0.083378    0.005319    0.998208    2.703617    0.006867    0.318069    0.000000    0.000050    0.000500    0.000005    0.000500    0.000500    0.000005    0.000050    0.000050    0.000050    0.679209    13.094708  
[37m[36mINFO[0m[0m 07/18 14:37:59 | 0.796375    0.809829    0.000000    0.967108    0.126940    0.960880    0.796375    0.809829    0.985030    0.955414    1900        45.508982   0.047855    0.020018    0.556600    0.069817    0.000000    0.500000    15.284884   13.784055   21.000000   0.069794    0.443565    0.980919    0.980078    0.020018    0.000000    0.000000    0.020018    0.027830    0.000007    1.000000    0.250000    2.016123    0.999722    1.000000    62.584270   45.310085   2.016123    0.031823    0.999722    0.119657    0.088389    0.004255    0.996644    2.738437    0.007005    0.289517    0.000000    0.000050    0.000500    0.000005    0.000500    0.000500    0.000005    0.000050    0.000050    0.000050    0.680761    13.637468  
[37m[36mINFO[0m[0m 07/18 14:39:32 | 0.820362    0.820513    0.000000    0.949380    0.192230    0.948655    0.820362    0.820513    0.958084    0.941401    2000        47.904192   0.044749    0.016952    0.555812    0.070035    0.000000    0.500000    15.100912   13.034647   21.000000   0.070036    0.444344    0.981227    0.980387    0.016952    0.000000    0.000000    0.016952    0.027791    0.000007    1.000000    0.250000    1.769066    0.999755    1.000000    60.669948   45.312703   1.769066    0.029014    0.999755    0.118797    0.082058    0.005650    0.993199    2.596984    0.006568    0.263986    0.000000    0.000050    0.000500    0.000005    0.000500    0.000500    0.000005    0.000050    0.000050    0.000050    0.680231    14.606598  
[37m[36mINFO[0m[0m 07/18 14:41:00 | 0.814499    0.826923    0.000000    0.959397    0.168995    0.953545    0.814499    0.826923    0.973054    0.951592    2100        50.299401   0.042732    0.015191    0.550682    0.069021    0.000000    0.500000    15.202142   13.098916   21.000000   0.069004    0.449466    0.981781    0.980952    0.015191    0.000000    0.000000    0.015191    0.027534    0.000007    1.000000    0.250000    2.082764    0.999705    1.000000    63.245671   45.313237   2.082764    0.032131    0.999705    0.123124    0.091751    0.005193    0.994037    2.340375    0.006404    0.232538    0.000000    0.000050    0.000500    0.000005    0.000500    0.000500    0.000005    0.000050    0.000050    0.000050    0.637502    14.048665  
[37m[36mINFO[0m[0m 07/18 14:42:28 | 0.794776    0.816239    0.000000    0.967315    0.121640    0.965770    0.794776    0.816239    0.982036    0.954140    2200        52.694611   0.059044    0.031299    0.554756    0.070728    0.000000    0.500000    14.505840   13.655608   21.000000   0.070790    0.445397    0.979300    0.978303    0.031299    0.000000    0.000000    0.031299    0.027738    0.000007    1.000000    0.250000    1.743399    0.999708    1.000000    55.331790   45.312695   1.743399    0.031324    0.999708    0.117252    0.085443    0.005125    0.996116    3.504328    0.007030    0.333169    0.000000    0.000050    0.000500    0.000005    0.000500    0.000500    0.000005    0.000050    0.000050    0.000050    0.636451    13.637693  
[37m[36mINFO[0m[0m 07/18 14:43:55 | 0.821429    0.814103    0.000000    0.961725    0.157288    0.951100    0.821429    0.814103    0.985030    0.949045    2300        55.089820   0.053815    0.026230    0.551540    0.077113    0.000000    0.500000    14.659288   12.926019   21.000000   0.077180    0.448624    0.980403    0.979472    0.026230    0.000000    0.000000    0.026230    0.027577    0.000008    1.000000    0.250000    1.786536    0.999704    1.000000    56.363800   45.315760   1.786536    0.031438    0.999704    0.119516    0.090584    0.005032    0.992588    3.174814    0.007008    0.302305    0.000000    0.000050    0.000500    0.000005    0.000500    0.000500    0.000005    0.000050    0.000050    0.000050    0.638163    12.959202  
[37m[36mINFO[0m[0m 07/18 14:45:27 | 0.789446    0.799145    0.000000    0.954942    0.219271    0.929095    0.789446    0.799145    0.979042    0.956688    2400        57.485030   0.035386    0.008580    0.535948    0.082880    0.000000    0.500000    15.446512   13.008721   21.000000   0.082926    0.464203    0.984202    0.983423    0.008580    0.000000    0.000000    0.008580    0.026797    0.000008    1.000000    0.250000    2.300609    0.999647    1.000000    64.045579   45.319824   2.300609    0.035764    0.999647    0.131362    0.112207    0.002585    0.998094    1.555398    0.006088    0.141799    0.000000    0.000050    0.000500    0.000005    0.000500    0.000500    0.000005    0.000050    0.000050    0.000050    0.686104    12.683819  
[37m[36mINFO[0m[0m 07/18 14:46:58 | 0.826226    0.856838    0.000000    0.962977    0.159130    0.951100    0.826226    0.856838    0.976048    0.961783    2500        59.880240   0.054286    0.026189    0.561754    0.089776    0.000000    0.500000    14.125856   12.460450   21.000000   0.089890    0.438394    0.981235    0.980319    0.026189    0.000000    0.000000    0.026189    0.028088    0.000009    1.000000    0.250000    1.463627    0.999728    1.000000    51.359505   45.317298   1.463627    0.028169    0.999728    0.116243    0.083239    0.005696    0.992467    3.091605    0.007037    0.303942    0.000000    0.000050    0.000500    0.000005    0.000500    0.000500    0.000005    0.000050    0.000050    0.000050    0.669530    13.476971  
[37m[36mINFO[0m[0m 07/18 14:48:28 | 0.788380    0.811966    0.000000    0.958329    0.153196    0.938875    0.788380    0.811966    0.973054    0.963057    2600        62.275449   0.047576    0.019956    0.552213    0.101138    0.000000    0.500000    14.469979   11.568383   21.000000   0.101205    0.447932    0.981936    0.981036    0.019956    0.000000    0.000000    0.019956    0.027611    0.000010    1.000000    0.250000    1.794943    0.999684    1.000000    55.109888   45.317993   1.794943    0.032344    0.999684    0.121049    0.094292    0.004033    0.996494    2.592236    0.006398    0.219086    0.000000    0.000050    0.000500    0.000005    0.000500    0.000500    0.000005    0.000050    0.000050    0.000050    0.655210    13.992927  
[37m[36mINFO[0m[0m 07/18 14:49:51 | 0.762793    0.784188    0.000000    0.958799    0.135657    0.946210    0.762793    0.784188    0.976048    0.954140    2700        64.670659   0.051597    0.024387    0.544003    0.105515    0.000000    0.500000    14.706508   12.193741   21.000000   0.105564    0.456138    0.980950    0.980002    0.024387    0.000000    0.000000    0.024387    0.027200    0.000011    1.000000    0.250000    1.930318    0.999652    1.000000    55.798514   45.317463   1.930318    0.034071    0.999652    0.121655    0.098190    0.002984    0.997903    2.822840    0.006817    0.274068    0.000000    0.000050    0.000500    0.000005    0.000500    0.000500    0.000005    0.000050    0.000050    0.000050    0.602530    13.808769  
[37m[36mINFO[0m[0m 07/18 14:51:15 | 0.729744    0.739316    0.000000    0.954014    0.152992    0.943765    0.729744    0.739316    0.973054    0.945223    2800        67.065868   0.042610    0.015608    0.539825    0.111610    0.000000    0.500000    14.689225   11.725441   21.000000   0.111643    0.460316    0.982776    0.981930    0.015608    0.000000    0.000000    0.015608    0.026991    0.000011    1.000000    0.250000    1.693272    0.999707    1.000000    55.685470   45.319970   1.693272    0.030294    0.999707    0.121470    0.098016    0.004122    0.998261    2.291514    0.006527    0.224167    0.000000    0.000050    0.000500    0.000005    0.000500    0.000500    0.000005    0.000050    0.000050    0.000050    0.613036    14.242940  
[37m[36mINFO[0m[0m 07/18 14:52:33 | 0.786247    0.811966    0.000000    0.952106    0.203169    0.919315    0.786247    0.811966    0.979042    0.957962    2900        69.461078   0.040956    0.013917    0.540551    0.111989    0.000000    0.500000    14.676598   11.472997   21.000000   0.111987    0.459584    0.982730    0.981872    0.013917    0.000000    0.000000    0.013917    0.027028    0.000011    1.000000    0.250000    1.864901    0.999664    1.000000    56.358990   45.322482   1.864901    0.033006    0.999664    0.124563    0.105473    0.003456    0.999700    2.321207    0.006661    0.207570    0.000000    0.000050    0.000500    0.000005    0.000500    0.000500    0.000005    0.000050    0.000050    0.000050    0.561588    13.834253  
[37m[36mINFO[0m[0m 07/18 14:53:54 | 0.776119    0.799145    0.000000    0.957455    0.192194    0.931540    0.776119    0.799145    0.979042    0.961783    3000        71.856287   0.053041    0.025142    0.557756    0.112058    0.000000    0.500000    13.711330   10.965034   21.000000   0.112066    0.442383    0.980974    0.979994    0.025142    0.000000    0.000000    0.025142    0.027888    0.000011    1.000000    0.250000    1.360914    0.999696    1.000000    47.086196   45.321050   1.360914    0.028690    0.999696    0.115823    0.089569    0.006140    0.999395    2.746344    0.006903    0.262468    0.000000    0.000050    0.000500    0.000005    0.000500    0.000500    0.000005    0.000050    0.000050    0.000050    0.583036    14.346173  
[37m[36mINFO[0m[0m 07/18 14:55:14 | 0.801706    0.820513    0.000000    0.956859    0.152417    0.943765    0.801706    0.820513    0.979042    0.947771    3100        74.251497   0.054472    0.026819    0.552836    0.110448    0.000000    0.500000    14.018885   10.798240   21.000000   0.110404    0.447305    0.980699    0.979698    0.026819    0.000000    0.000000    0.026819    0.027642    0.000011    1.000000    0.250000    1.588178    0.999670    1.000000    50.318154   45.324351   1.588178    0.030962    0.999670    0.119455    0.096284    0.002797    0.997289    3.195087    0.007046    0.265213    0.000000    0.000050    0.000500    0.000005    0.000500    0.000500    0.000005    0.000050    0.000050    0.000050    0.559881    16.429723  
[37m[36mINFO[0m[0m 07/18 14:56:33 | 0.773987    0.769231    0.000000    0.952911    0.165056    0.931540    0.773987    0.769231    0.973054    0.954140    3200        76.646707   0.044664    0.016525    0.562572    0.106168    0.000000    0.500000    13.635173   10.522300   21.000000   0.106125    0.437572    0.982527    0.981593    0.016525    0.000000    0.000000    0.016525    0.028129    0.000011    1.000000    0.250000    1.454479    0.999684    1.000000    48.079960   45.323259   1.454479    0.030180    0.999684    0.116635    0.092488    0.001164    0.997497    2.165483    0.006296    0.181763    0.000000    0.000050    0.000500    0.000005    0.000500    0.000500    0.000005    0.000050    0.000050    0.000050    0.570360    14.872837  
[37m[36mINFO[0m[0m 07/18 14:57:52 | 0.813433    0.816239    0.000000    0.957994    0.157659    0.933985    0.813433    0.816239    0.982036    0.957962    3300        79.041916   0.045348    0.017469    0.557374    0.099818    0.000000    0.500000    13.565894   10.388982   21.000000   0.099750    0.442760    0.981866    0.980881    0.017469    0.000000    0.000000    0.017469    0.027869    0.000010    1.000000    0.250000    1.444264    0.999676    1.000000    47.030049   45.322656   1.444264    0.030589    0.999676    0.115991    0.090215    0.001686    0.997869    2.246092    0.006295    0.180570    0.000000    0.000050    0.000500    0.000005    0.000500    0.000500    0.000005    0.000050    0.000050    0.000050    0.559156    14.869748  
[37m[36mINFO[0m[0m 07/18 14:59:11 | 0.813433    0.814103    0.000000    0.965146    0.155592    0.958435    0.813433    0.814103    0.979042    0.957962    3400        81.437126   0.040307    0.012967    0.546610    0.094693    0.000000    0.500000    13.910929   10.182104   21.000000   0.094637    0.453517    0.982919    0.982004    0.012967    0.000000    0.000000    0.012967    0.027330    0.000009    1.000000    0.250000    1.694730    0.999653    1.000000    50.761342   45.327673   1.694730    0.033233    0.999653    0.122352    0.101801    0.001371    0.999109    2.260244    0.006171    0.155069    0.000000    0.000050    0.000500    0.000005    0.000500    0.000500    0.000005    0.000050    0.000050    0.000050    0.560838    14.907519  
[37m[36mINFO[0m[0m 07/18 15:00:29 | 0.829957    0.846154    0.000000    0.955414    0.142581    0.955990    0.829957    0.846154    0.979042    0.931210    3500        83.832335   0.053173    0.025408    0.555132    0.087127    0.000000    0.500000    13.623047   10.175580   21.000000   0.087040    0.445002    0.981878    0.980910    0.025408    0.000000    0.000000    0.025408    0.027757    0.000009    1.000000    0.250000    1.438473    0.999660    1.000000    46.143283   45.328099   1.438473    0.030928    0.999660    0.116464    0.091387    0.001653    0.998203    2.978656    0.006875    0.231426    0.000000    0.000050    0.000500    0.000005    0.000500    0.000500    0.000005    0.000050    0.000050    0.000050    0.569356    13.561940  
[37m[36mINFO[0m[0m 07/18 15:01:46 | 0.768657    0.782051    0.000000    0.962184    0.157743    0.948655    0.768657    0.782051    0.985030    0.952866    3600        86.227545   0.041041    0.013160    0.557466    0.077735    0.000000    0.500000    13.573016   9.812735    21.000000   0.077654    0.442666    0.982396    0.981455    0.013160    0.000000    0.000000    0.013160    0.027873    0.000008    1.000000    0.250000    1.350574    0.999675    1.000000    45.204298   45.329449   1.350574    0.029805    0.999675    0.115085    0.089973    0.000983    0.997355    1.858397    0.006095    0.138825    0.000000    0.000050    0.000500    0.000005    0.000500    0.000500    0.000005    0.000050    0.000050    0.000050    0.551606    13.941392  
[37m[36mINFO[0m[0m 07/18 15:03:03 | 0.744136    0.752137    0.000000    0.954380    0.163754    0.938875    0.744136    0.752137    0.979042    0.945223    3700        88.622754   0.044819    0.017126    0.553722    0.071751    0.000000    0.500000    13.601471   9.959494    21.000000   0.071689    0.446406    0.983402    0.982509    0.017126    0.000000    0.000000    0.017126    0.027686    0.000007    1.000000    0.250000    1.568889    0.999641    1.000000    47.468534   45.328880   1.568889    0.032813    0.999641    0.118883    0.098327    0.001183    0.999042    2.162709    0.006402    0.189306    0.000000    0.000050    0.000500    0.000005    0.000500    0.000500    0.000005    0.000050    0.000050    0.000050    0.558514    14.199884  
[37m[36mINFO[0m[0m 07/18 15:04:22 | 0.784648    0.805556    0.000000    0.957950    0.168753    0.946210    0.784648    0.805556    0.976048    0.951592    3800        91.017964   0.039745    0.012070    0.553374    0.065522    0.000000    0.500000    13.617705   9.857276    21.000000   0.065468    0.446761    0.984059    0.983205    0.012070    0.000000    0.000000    0.012070    0.027669    0.000007    1.000000    0.250000    1.690902    0.999634    1.000000    48.604495   45.330107   1.690902    0.034654    0.999634    0.119870    0.101829    0.001187    0.999652    1.947837    0.006022    0.133176    0.000000    0.000050    0.000500    0.000005    0.000500    0.000500    0.000005    0.000050    0.000050    0.000050    0.572225    13.440128  
[37m[36mINFO[0m[0m 07/18 15:05:41 | 0.729744    0.745726    0.000000    0.947599    0.219910    0.936430    0.729744    0.745726    0.970060    0.936306    3900        93.413174   0.049646    0.021793    0.556946    0.059447    0.000000    0.500000    13.310181   9.944828    21.000000   0.059373    0.443181    0.982257    0.981299    0.021793    0.000000    0.000000    0.021793    0.027847    0.000006    1.000000    0.250000    1.317251    0.999659    1.000000    43.187363   45.327702   1.317251    0.030381    0.999659    0.112323    0.087790    0.002241    0.998646    2.589027    0.006404    0.191580    0.000000    0.000050    0.000500    0.000005    0.000500    0.000500    0.000005    0.000050    0.000050    0.000050    0.577824    13.506724  
[37m[36mINFO[0m[0m 07/18 15:07:07 | 0.779318    0.799145    0.000000    0.953578    0.190936    0.933985    0.779318    0.799145    0.970060    0.956688    4000        95.808383   0.043399    0.015375    0.560375    0.052419    0.000000    0.500000    13.169572   9.637026    21.000000   0.052352    0.439749    0.983009    0.982065    0.015375    0.000000    0.000000    0.015375    0.028019    0.000005    1.000000    0.250000    1.348253    0.999650    1.000000    42.292794   45.326387   1.348253    0.031686    0.999650    0.111150    0.087576    0.001926    0.999183    1.691366    0.006006    0.136872    0.000000    0.000050    0.000500    0.000005    0.000500    0.000500    0.000005    0.000050    0.000050    0.000050    0.625052    14.369965  
[37m[36mINFO[0m[0m 07/18 15:08:30 | 0.724947    0.735043    0.000000    0.922672    0.256715    0.904645    0.724947    0.735043    0.955090    0.908280    4100        98.203593   0.044284    0.017212    0.541360    0.045182    0.000000    0.500000    13.790902   10.056420   21.000000   0.045101    0.458764    0.983914    0.983007    0.017212    0.000000    0.000000    0.017212    0.027068    0.000005    1.000000    0.250000    1.788588    0.999598    1.000000    48.587444   45.331855   1.788588    0.036580    0.999598    0.120549    0.106787    0.001205    0.999881    2.268209    0.006291    0.153297    0.000000    0.000050    0.000500    0.000005    0.000500    0.000500    0.000005    0.000050    0.000050    0.000050    0.601966    13.549582  
[37m[36mINFO[0m[0m 07/18 15:09:58 | 0.792111    0.816239    0.000000    0.941506    0.288918    0.924205    0.792111    0.816239    0.955090    0.945223    4200        100.598802  0.043706    0.016119    0.551654    0.038052    0.000000    0.500000    13.375546   9.973549    21.000000   0.037998    0.448470    0.983584    0.982659    0.016119    0.000000    0.000000    0.016119    0.027583    0.000004    1.000000    0.250000    1.451193    0.999630    1.000000    44.284274   45.331121   1.451193    0.032607    0.999630    0.115005    0.094997    0.001105    0.999443    2.169049    0.006386    0.162694    0.000000    0.000050    0.000500    0.000005    0.000500    0.000500    0.000005    0.000050    0.000050    0.000050    0.647213    14.264264  
[37m[36mINFO[0m[0m 07/18 15:11:24 | 0.814499    0.858974    0.000000    0.945191    0.230421    0.933985    0.814499    0.858974    0.955090    0.946497    4300        102.994012  0.044002    0.016608    0.547822    0.032977    0.000000    0.500000    13.549216   9.900998    21.000000   0.032926    0.452310    0.982387    0.981413    0.016608    0.000000    0.000000    0.016608    0.027391    0.000003    1.000000    0.250000    1.539905    0.999620    1.000000    44.722055   45.332383   1.539905    0.034304    0.999620    0.114604    0.096333    0.000779    0.999634    2.387993    0.006271    0.153466    0.000000    0.000050    0.000500    0.000005    0.000500    0.000500    0.000005    0.000050    0.000050    0.000050    0.616706    14.343631  
[37m[36mINFO[0m[0m 07/18 15:12:51 | 0.808635    0.835470    0.000000    0.947231    0.215292    0.921760    0.808635    0.835470    0.967066    0.952866    4400        105.389222  0.040785    0.013334    0.548951    0.028067    0.000000    0.500000    13.534977   10.167393   21.000000   0.028023    0.451170    0.984279    0.983407    0.013334    0.000000    0.000000    0.013334    0.027448    0.000003    1.000000    0.250000    1.684097    0.999606    1.000000    47.509956   45.334917   1.684097    0.035349    0.999606    0.119752    0.106958    0.000699    0.999661    2.167496    0.006345    0.159401    0.000000    0.000050    0.000500    0.000005    0.000500    0.000500    0.000005    0.000050    0.000050    0.000050    0.647512    12.856934  
[37m[36mINFO[0m[0m 07/18 15:12:51 | SWAD valley is dead -> early stop !
[37m[36mINFO[0m[0m 07/18 15:12:51 | ---
[37m[33mWARNING[0m[0m 07/18 15:12:52 | Evaluate SWAD ...
[37m[36mINFO[0m[0m 07/18 15:13:06 | 0.839019    0.854701    0.000000    0.975005    0.130994    0.973105    0.839019    0.854701    0.985030    0.966879    [101-3800]  (N=38)
[37m[36mINFO[0m[0m 07/18 15:13:06 | oracle = 85.501%
[37m[36mINFO[0m[0m 07/18 15:13:06 | iid = 79.744%
[37m[36mINFO[0m[0m 07/18 15:13:06 | last = 80.864%
[37m[36mINFO[0m[0m 07/18 15:13:06 | last (inD) = 94.723%
[37m[36mINFO[0m[0m 07/18 15:13:06 | iid (inD) = 97.055%
[37m[36mINFO[0m[0m 07/18 15:13:06 | SWAD = 83.902%
[37m[36mINFO[0m[0m 07/18 15:13:06 | SWAD (inD) = 97.500%
[37m[36mINFO[0m[0m 07/18 15:13:07 | 
[37m[36mINFO[0m[0m 07/18 15:13:12 | Testenv name escaping te_photo -> te_photo
[37m[36mINFO[0m[0m 07/18 15:13:12 | Test envs = [2], name = te_photo
[37m[36mINFO[0m[0m 07/18 15:13:12 | Batch sizes for each domain: [32, 32, 0, 32] (total=96)
[37m[36mINFO[0m[0m 07/18 15:13:12 | steps-per-epoch for each domain: 51.22, 58.62, 98.25 -> min = 51.22
[37m[36mINFO[0m[0m 07/18 15:13:14 | # of params = 53365703
[37m[36mINFO[0m[0m 07/18 15:13:28 | test_in     test_out    train_in    train_out   tr_outloss  env0_out    env1_out    env2_in     env2_out    env3_out    step        epoch       loss        loss_cls    loss_isr    loss_orth   loss_gt     piccl_alph  paired_res  domain_res  valid_doma  basis_orth  response_c  raw_interv  mediator_i  ce_loss     sup_cl_los  pre_cl_los  dccl_total  weighted_l  weighted_l  piccl_feat  residual_s  residual_d  fused_orig  piccl_exec  original_f  piccl_feat  feature_de  feature_de  original_f  gate_mean   gate_std    gate_min    gate_max    backbone_g  piccl_grad  classifier  has_nan_or  param_grou  param_grou  param_grou  param_grou  param_grou  param_grou  param_grou  param_grou  param_grou  step_time   eval_time  
[37m[36mINFO[0m[0m 07/18 15:13:28 | 0.133982    0.176647    0.000000    0.198708    1.864332    0.195599    0.215812    0.133982    0.176647    0.184713    0           0.000000    2.018047    2.018035    0.000000    0.113083    0.000000    0.000000    0.000000    0.000000    21.000000   0.102803    0.000000    0.901180    0.901180    2.018035    0.000000    0.000000    2.018035    0.000000    0.000011    0.000000    0.250000    0.000000    1.000000    1.000000    24.666494   45.253326   0.000000    0.000000    1.000000    0.075858    0.000000    0.075858    0.075858    3.660332    0.000149    3.160159    0.000000    0.000050    0.000500    0.000005    0.000500    0.000500    0.000005    0.000050    0.000050    0.000050    0.644846    13.203103  
[37m[36mINFO[0m[0m 07/18 15:14:43 | 0.973054    0.967066    0.000000    0.922562    0.230407    0.929095    0.925214    0.973054    0.967066    0.913376    100         1.952410    0.536665    0.487620    0.980767    0.064714    0.000000    0.000000    17.851773   4.043914    21.000000   0.064193    0.019641    0.951993    0.950863    0.487620    0.000000    0.000000    0.487620    0.049038    0.000006    1.000000    0.250000    0.922084    0.999920    1.000000    59.554812   45.262174   0.922084    0.015757    0.999920    0.084184    0.024635    0.022694    0.260717    9.604558    0.046621    4.211097    0.000000    0.000050    0.000500    0.000005    0.000500    0.000500    0.000005    0.000050    0.000050    0.000050    0.550804    12.877209  
[37m[36mINFO[0m[0m 07/18 15:16:01 | 0.967814    0.961078    0.000000    0.941786    0.173490    0.946210    0.959402    0.967814    0.961078    0.919745    200         3.904820    0.217606    0.171664    0.918708    0.065296    0.000000    0.000000    18.573086   8.977803    21.000000   0.065788    0.082136    0.960085    0.959244    0.171664    0.000000    0.000000    0.171664    0.045935    0.000007    1.000000    0.250000    1.048308    0.999926    1.000000    64.187352   45.269210   1.048308    0.016304    0.999926    0.089473    0.031886    0.013984    0.376793    7.433556    0.023863    2.139946    0.000000    0.000050    0.000500    0.000005    0.000500    0.000500    0.000005    0.000050    0.000050    0.000050    0.566703    13.132216  
[37m[36mINFO[0m[0m 07/18 15:17:18 | 0.976796    0.970060    0.000000    0.956401    0.146678    0.965770    0.972222    0.976796    0.970060    0.931210    300         5.857230    0.151024    0.108284    0.854492    0.160767    0.000000    0.000000    18.572013   11.388295   21.000000   0.161970    0.146083    0.963323    0.962543    0.108284    0.000000    0.000000    0.108284    0.042725    0.000016    1.000000    0.250000    1.183381    0.999916    1.000000    66.416152   45.273898   1.183381    0.017711    0.999916    0.094370    0.038384    0.009654    0.583400    6.220879    0.016568    1.450495    0.000000    0.000050    0.000500    0.000005    0.000500    0.000500    0.000005    0.000050    0.000050    0.000050    0.564065    13.164147  
[37m[36mINFO[0m[0m 07/18 15:18:36 | 0.973054    0.955090    0.000000    0.947778    0.169603    0.953545    0.963675    0.973054    0.955090    0.926115    400         7.809640    0.137544    0.097148    0.807405    0.257432    0.000000    0.000000    18.683679   12.747792   21.000000   0.258044    0.193137    0.964868    0.964115    0.097148    0.000000    0.000000    0.097148    0.040370    0.000026    1.000000    0.250000    1.286202    0.999906    1.000000    67.923658   45.278801   1.286202    0.018735    0.999906    0.098401    0.044909    0.009329    0.729870    6.598736    0.018269    1.498408    0.000000    0.000050    0.000500    0.000005    0.000500    0.000500    0.000005    0.000050    0.000050    0.000050    0.573506    13.654217  
[37m[36mINFO[0m[0m 07/18 15:19:57 | 0.967814    0.961078    0.000000    0.949580    0.160095    0.946210    0.963675    0.967814    0.961078    0.938854    500         9.762050    0.112270    0.073926    0.766301    0.291383    0.000000    0.000000    17.460581   12.352666   21.000000   0.291540    0.234176    0.966777    0.966035    0.073926    0.000000    0.000000    0.073926    0.038315    0.000029    1.000000    0.250000    1.151955    0.999897    1.000000    62.105395   45.283810   1.151955    0.018509    0.999897    0.100456    0.047557    0.010611    0.817460    5.324841    0.011747    1.012057    0.000000    0.000050    0.000500    0.000005    0.000500    0.000500    0.000005    0.000050    0.000050    0.000050    0.596652    13.110994  
[37m[36mINFO[0m[0m 07/18 15:21:20 | 0.973054    0.955090    0.000000    0.956367    0.150012    0.948655    0.976496    0.973054    0.955090    0.943949    600         11.714460   0.089906    0.053394    0.729652    0.296156    0.000000    0.025250    18.074876   12.372290   21.000000   0.296100    0.270759    0.968061    0.967346    0.053394    0.000000    0.000000    0.053394    0.036483    0.000030    1.000000    0.250000    1.336146    0.999884    1.000000    65.710576   45.287652   1.336146    0.020283    0.999884    0.106747    0.058590    0.009363    0.932310    5.050251    0.011414    0.871333    0.000000    0.000050    0.000500    0.000005    0.000500    0.000500    0.000005    0.000050    0.000050    0.000050    0.626393    12.175425  
[37m[36mINFO[0m[0m 07/18 15:22:45 | 0.967814    0.946108    0.000000    0.938478    0.196041    0.929095    0.955128    0.967814    0.946108    0.931210    700         13.666870   0.096842    0.061663    0.703018    0.280057    0.000000    0.075250    17.685010   12.679857   21.000000   0.279808    0.297333    0.968727    0.967958    0.061663    0.000000    0.000000    0.061663    0.035151    0.000028    1.000000    0.250000    1.339502    0.999873    1.000000    64.005314   45.290512   1.339502    0.020871    0.999873    0.108375    0.061568    0.008973    0.942182    5.557401    0.012275    0.999187    0.000000    0.000050    0.000500    0.000005    0.000500    0.000500    0.000005    0.000050    0.000050    0.000050    0.619720    13.344757  
[37m[36mINFO[0m[0m 07/18 15:24:15 | 0.956587    0.934132    0.000000    0.950587    0.160913    0.943765    0.955128    0.956587    0.934132    0.952866    800         15.619280   0.085723    0.051551    0.682962    0.246800    0.000000    0.125250    16.648083   12.371487   21.000000   0.246387    0.317351    0.969523    0.968692    0.051551    0.000000    0.000000    0.051551    0.034148    0.000025    1.000000    0.250000    1.266331    0.999856    1.000000    59.618795   45.294712   1.266331    0.021107    0.999856    0.109388    0.063629    0.008850    0.936120    4.652410    0.009775    0.785635    0.000000    0.000050    0.000500    0.000005    0.000500    0.000500    0.000005    0.000050    0.000050    0.000050    0.667244    12.767456  
[37m[36mINFO[0m[0m 07/18 15:25:41 | 0.976048    0.961078    0.000000    0.952381    0.177479    0.929095    0.970085    0.976048    0.961078    0.957962    900         17.571690   0.076021    0.042968    0.660653    0.204384    0.000000    0.175250    16.738287   12.030619   21.000000   0.204000    0.339640    0.970460    0.969597    0.042968    0.000000    0.000000    0.042968    0.033033    0.000020    1.000000    0.250000    1.379120    0.999841    1.000000    60.579185   45.297556   1.379120    0.022623    0.999841    0.113731    0.068584    0.007839    0.949565    4.424845    0.009031    0.635432    0.000000    0.000050    0.000500    0.000005    0.000500    0.000500    0.000005    0.000050    0.000050    0.000050    0.627783    13.273934  
[37m[36mINFO[0m[0m 07/18 15:27:12 | 0.978293    0.961078    0.000000    0.947970    0.187322    0.938875    0.957265    0.978293    0.961078    0.947771    1000        19.524100   0.082512    0.050244    0.645013    0.172906    0.000000    0.225250    16.535125   11.833606   21.000000   0.172625    0.355264    0.969952    0.969008    0.050244    0.000000    0.000000    0.050244    0.032251    0.000017    1.000000    0.250000    1.336937    0.999825    1.000000    58.089502   45.300773   1.336937    0.022902    0.999825    0.115341    0.073492    0.007422    0.971416    4.934791    0.009179    0.684176    0.000000    0.000050    0.000500    0.000005    0.000500    0.000500    0.000005    0.000050    0.000050    0.000050    0.669494    13.403649  
[37m[36mINFO[0m[0m 07/18 15:28:38 | 0.956587    0.931138    0.000000    0.936410    0.266219    0.943765    0.944444    0.956587    0.931138    0.921019    1100        21.476510   0.071089    0.039501    0.631468    0.147239    0.000000    0.275250    16.151958   11.730709   21.000000   0.147009    0.368778    0.972433    0.971500    0.039501    0.000000    0.000000    0.039501    0.031573    0.000015    1.000000    0.250000    1.363973    0.999811    1.000000    57.616845   45.303782   1.363973    0.023572    0.999811    0.117963    0.078728    0.006448    0.981186    4.200550    0.009274    0.594836    0.000000    0.000050    0.000500    0.000005    0.000500    0.000500    0.000005    0.000050    0.000050    0.000050    0.633692    12.852093  
[37m[36mINFO[0m[0m 07/18 15:30:05 | 0.961826    0.949102    0.000000    0.954333    0.164342    0.941320    0.970085    0.961826    0.949102    0.951592    1200        23.428920   0.057944    0.027394    0.610751    0.123850    0.000000    0.325250    16.580677   11.688142   21.000000   0.123629    0.389480    0.973246    0.972260    0.027394    0.000000    0.000000    0.027394    0.030538    0.000012    1.000000    0.250000    1.587373    0.999784    1.000000    60.468244   45.306070   1.587373    0.026019    0.999784    0.123586    0.088229    0.005462    0.990257    3.045546    0.007630    0.413942    0.000000    0.000050    0.000500    0.000005    0.000500    0.000500    0.000005    0.000050    0.000050    0.000050    0.638783    13.000412  
[37m[36mINFO[0m[0m 07/18 15:31:32 | 0.958832    0.937126    0.000000    0.950648    0.164444    0.951100    0.965812    0.958832    0.937126    0.935032    1300        25.381330   0.070368    0.040104    0.605066    0.105947    0.000000    0.375250    16.256912   11.834449   21.000000   0.105800    0.395131    0.972356    0.971233    0.040104    0.000000    0.000000    0.040104    0.030253    0.000011    1.000000    0.250000    1.541392    0.999768    1.000000    57.894612   45.307222   1.541392    0.026412    0.999768    0.122639    0.087533    0.005133    0.996544    4.179762    0.008591    0.527931    0.000000    0.000050    0.000500    0.000005    0.000500    0.000500    0.000005    0.000050    0.000050    0.000050    0.642749    12.166454  
[37m[36mINFO[0m[0m 07/18 15:32:26 | 0.952096    0.934132    0.000000    0.939725    0.232309    0.938875    0.940171    0.952096    0.934132    0.940127    1400        27.333740   0.056726    0.026788    0.598572    0.093748    0.000000    0.425250    16.422464   11.561600   21.000000   0.093639    0.401617    0.973508    0.972388    0.026788    0.000000    0.000000    0.026788    0.029929    0.000009    1.000000    0.250000    1.574881    0.999765    1.000000    58.687076   45.309704   1.574881    0.026720    0.999765    0.123613    0.088247    0.005365    0.995628    3.237580    0.007956    0.415595    0.000000    0.000050    0.000500    0.000005    0.000500    0.000500    0.000005    0.000050    0.000050    0.000050    0.376980    13.412772  
[37m[36mINFO[0m[0m 07/18 15:33:46 | 0.952844    0.931138    0.000000    0.950196    0.228072    0.941320    0.955128    0.952844    0.931138    0.954140    1500        29.286150   0.063959    0.034148    0.596041    0.082528    0.000000    0.475250    16.052745   11.299864   21.000000   0.082413    0.404135    0.973259    0.972024    0.034148    0.000000    0.000000    0.034148    0.029802    0.000008    1.000000    0.250000    1.555388    0.999741    1.000000    56.398340   45.308417   1.555388    0.027301    0.999741    0.121570    0.087166    0.005566    0.995756    3.852092    0.008404    0.474156    0.000000    0.000050    0.000500    0.000005    0.000500    0.000500    0.000005    0.000050    0.000050    0.000050    0.581482    13.269469  
[37m[36mINFO[0m[0m 07/18 15:35:08 | 0.962575    0.952096    0.000000    0.958819    0.139645    0.963325    0.961538    0.962575    0.952096    0.951592    1600        31.238560   0.061494    0.031915    0.591421    0.070814    0.000000    0.500000    16.054102   11.690258   21.000000   0.070691    0.408749    0.974311    0.973064    0.031915    0.000000    0.000000    0.031915    0.029571    0.000007    1.000000    0.250000    1.783131    0.999698    1.000000    58.479376   45.310253   1.783131    0.030203    0.999698    0.127274    0.101329    0.004230    0.999080    3.880253    0.008355    0.413732    0.000000    0.000050    0.000500    0.000005    0.000500    0.000500    0.000005    0.000050    0.000050    0.000050    0.604031    13.048469  
[37m[36mINFO[0m[0m 07/18 15:36:31 | 0.950599    0.934132    0.000000    0.952004    0.190111    0.946210    0.972222    0.950599    0.934132    0.937580    1700        33.190970   0.053102    0.023362    0.594696    0.058043    0.000000    0.500000    15.830909   11.322526   21.000000   0.057918    0.405463    0.974816    0.973573    0.023362    0.000000    0.000000    0.023362    0.029735    0.000006    1.000000    0.250000    1.670974    0.999703    1.000000    56.842568   45.311788   1.670974    0.029193    0.999703    0.127146    0.098576    0.004918    0.997740    3.106027    0.007445    0.356368    0.000000    0.000050    0.000500    0.000005    0.000500    0.000500    0.000005    0.000050    0.000050    0.000050    0.607189    12.491309  
[37m[36mINFO[0m[0m 07/18 15:37:55 | 0.967066    0.961078    0.000000    0.961770    0.169699    0.965770    0.967949    0.967066    0.961078    0.951592    1800        35.143380   0.055490    0.025465    0.600420    0.047566    0.000000    0.500000    15.286752   10.844400   21.000000   0.047480    0.399740    0.975121    0.973847    0.025465    0.000000    0.000000    0.025465    0.030021    0.000005    1.000000    0.250000    1.522412    0.999699    1.000000    53.306459   45.312542   1.522412    0.028429    0.999699    0.123905    0.094213    0.005716    0.996386    3.032651    0.007796    0.356765    0.000000    0.000050    0.000500    0.000005    0.000500    0.000500    0.000005    0.000050    0.000050    0.000050    0.613141    13.338568  
[37m[36mINFO[0m[0m 07/18 15:39:19 | 0.970060    0.952096    0.000000    0.955134    0.181819    0.953545    0.961538    0.970060    0.952096    0.950318    1900        37.095790   0.060090    0.030572    0.590296    0.038362    0.000000    0.500000    15.560907   10.543279   21.000000   0.038265    0.409862    0.974554    0.973266    0.030572    0.000000    0.000000    0.030572    0.029515    0.000004    1.000000    0.250000    1.515501    0.999707    1.000000    53.301453   45.313832   1.515501    0.028306    0.999707    0.122908    0.091551    0.005725    0.997664    3.782396    0.007999    0.426295    0.000000    0.000050    0.000500    0.000005    0.000500    0.000500    0.000005    0.000050    0.000050    0.000050    0.614414    12.784847  
[37m[36mINFO[0m[0m 07/18 15:40:47 | 0.970060    0.949102    0.000000    0.960086    0.176775    0.955990    0.976496    0.970060    0.949102    0.947771    2000        39.048200   0.054105    0.024784    0.586370    0.030525    0.000000    0.500000    15.274307   10.342828   21.000000   0.030463    0.413789    0.974885    0.973610    0.024784    0.000000    0.000000    0.024784    0.029319    0.000003    1.000000    0.250000    1.429958    0.999711    1.000000    51.614880   45.315699   1.429958    0.027503    0.999711    0.121130    0.087345    0.006739    0.995894    3.217255    0.007386    0.351014    0.000000    0.000050    0.000500    0.000005    0.000500    0.000500    0.000005    0.000050    0.000050    0.000050    0.650743    13.101164  
[37m[36mINFO[0m[0m 07/18 15:42:15 | 0.960329    0.946108    0.000000    0.954161    0.224233    0.963325    0.967949    0.960329    0.946108    0.931210    2100        41.000610   0.050449    0.021389    0.581154    0.024298    0.000000    0.500000    15.484358   10.290788   21.000000   0.024235    0.418994    0.977241    0.976076    0.021389    0.000000    0.000000    0.021389    0.029058    0.000002    1.000000    0.250000    1.624197    0.999696    1.000000    55.405558   45.317684   1.624197    0.029214    0.999696    0.127162    0.098441    0.005838    0.998791    2.944913    0.007247    0.320375    0.000000    0.000050    0.000500    0.000005    0.000500    0.000500    0.000005    0.000050    0.000050    0.000050    0.652258    13.168275  
[37m[36mINFO[0m[0m 07/18 15:43:42 | 0.973054    0.952096    0.000000    0.939923    0.237230    0.926650    0.952991    0.973054    0.952096    0.940127    2200        42.953020   0.047833    0.019315    0.570327    0.018569    0.000000    0.500000    15.603958   10.405390   21.000000   0.018520    0.429814    0.976241    0.975007    0.019315    0.000000    0.000000    0.019315    0.028516    0.000002    1.000000    0.250000    1.639832    0.999683    1.000000    54.769613   45.318344   1.639832    0.029887    0.999683    0.127351    0.099723    0.005458    0.999310    2.932478    0.006789    0.273540    0.000000    0.000050    0.000500    0.000005    0.000500    0.000500    0.000005    0.000050    0.000050    0.000050    0.659940    11.560462  
[37m[36mINFO[0m[0m 07/18 15:45:12 | 0.961826    0.961078    0.000000    0.963825    0.164591    0.960880    0.970085    0.961826    0.961078    0.960510    2300        44.905430   0.053982    0.025209    0.575446    0.014845    0.000000    0.500000    14.806263   9.969214    21.000000   0.014821    0.424701    0.975688    0.974377    0.025209    0.000000    0.000000    0.025209    0.028772    0.000001    1.000000    0.250000    1.346066    0.999690    1.000000    48.668319   45.317889   1.346066    0.027593    0.999690    0.121179    0.088977    0.006018    0.994975    3.239688    0.007230    0.310671    0.000000    0.000050    0.000500    0.000005    0.000500    0.000500    0.000005    0.000050    0.000050    0.000050    0.672180    11.773715  
[37m[36mINFO[0m[0m 07/18 15:46:42 | 0.961078    0.949102    0.000000    0.949381    0.241037    0.938875    0.955128    0.961078    0.949102    0.954140    2400        46.857840   0.047113    0.018435    0.573538    0.012684    0.000000    0.500000    15.048832   9.880990    21.000000   0.012663    0.426608    0.977715    0.976490    0.018435    0.000000    0.000000    0.018435    0.028677    0.000001    1.000000    0.250000    1.578944    0.999667    1.000000    52.894757   45.323052   1.578944    0.029772    0.999667    0.128030    0.103283    0.005235    0.998191    2.832206    0.007194    0.277088    0.000000    0.000050    0.000500    0.000005    0.000500    0.000500    0.000005    0.000050    0.000050    0.000050    0.676459    12.381409  
[37m[36mINFO[0m[0m 07/18 15:48:15 | 0.962575    0.952096    0.000000    0.959305    0.161225    0.951100    0.976496    0.962575    0.952096    0.950318    2500        48.810250   0.056645    0.027948    0.573928    0.011224    0.000000    0.500000    14.673163   9.726972    21.000000   0.011211    0.426210    0.976097    0.974749    0.027948    0.000000    0.000000    0.027948    0.028696    0.000001    1.000000    0.250000    1.385307    0.999654    1.000000    47.750943   45.320583   1.385307    0.028924    0.999654    0.122852    0.095778    0.006246    0.997986    3.444623    0.007315    0.324318    0.000000    0.000050    0.000500    0.000005    0.000500    0.000500    0.000005    0.000050    0.000050    0.000050    0.683373    13.417929  
[37m[36mINFO[0m[0m 07/18 15:49:47 | 0.967066    0.946108    0.000000    0.954483    0.167106    0.931540    0.976496    0.967066    0.946108    0.955414    2600        50.762660   0.054450    0.025658    0.575815    0.009743    0.000000    0.500000    14.435242   9.337188    21.000000   0.009727    0.424324    0.975653    0.974272    0.025658    0.000000    0.000000    0.025658    0.028791    0.000001    1.000000    0.250000    1.356325    0.999647    1.000000    46.657852   45.321859   1.356325    0.028978    0.999647    0.122147    0.094631    0.007195    0.997719    3.389528    0.006929    0.299836    0.000000    0.000050    0.000500    0.000005    0.000500    0.000500    0.000005    0.000050    0.000050    0.000050    0.681525    13.400733  
[37m[36mINFO[0m[0m 07/18 15:51:19 | 0.976796    0.955090    0.000000    0.952689    0.194695    0.936430    0.963675    0.976796    0.955090    0.957962    2700        52.715070   0.042179    0.013866    0.566233    0.008376    0.000000    0.500000    14.875595   9.483300    21.000000   0.008365    0.433901    0.977680    0.976426    0.013866    0.000000    0.000000    0.013866    0.028312    0.000001    1.000000    0.250000    1.569496    0.999635    1.000000    50.734429   45.324083   1.569496    0.030813    0.999635    0.128059    0.107007    0.004412    0.998805    2.081918    0.006054    0.178902    0.000000    0.000050    0.000500    0.000005    0.000500    0.000500    0.000005    0.000050    0.000050    0.000050    0.685924    13.486427  
[37m[36mINFO[0m[0m 07/18 15:52:50 | 0.959581    0.940120    0.000000    0.945929    0.209181    0.924205    0.965812    0.959581    0.940120    0.947771    2800        54.667480   0.058148    0.030047    0.562013    0.007400    0.000000    0.500000    14.736329   9.823752    21.000000   0.007392    0.438115    0.977042    0.975745    0.030047    0.000000    0.000000    0.030047    0.028101    0.000001    1.000000    0.250000    1.479405    0.999632    1.000000    48.383025   45.323156   1.479405    0.030311    0.999632    0.124512    0.101989    0.003838    0.998902    3.433568    0.007409    0.328896    0.000000    0.000050    0.000500    0.000005    0.000500    0.000500    0.000005    0.000050    0.000050    0.000050    0.678041    12.343284  
[37m[36mINFO[0m[0m 07/18 15:54:21 | 0.953593    0.928144    0.000000    0.956305    0.162880    0.941320    0.965812    0.953593    0.928144    0.961783    2900        56.619890   0.047629    0.019572    0.561122    0.006841    0.000000    0.500000    14.591091   9.687664    21.000000   0.006836    0.439012    0.977878    0.976645    0.019572    0.000000    0.000000    0.019572    0.028056    0.000001    1.000000    0.250000    1.437156    0.999643    1.000000    47.948952   45.323005   1.437156    0.029936    0.999643    0.123646    0.100042    0.002742    0.998975    2.468270    0.006357    0.218222    0.000000    0.000050    0.000500    0.000005    0.000500    0.000500    0.000005    0.000050    0.000050    0.000050    0.675281    12.611921  
[37m[36mINFO[0m[0m 07/18 15:55:49 | 0.963323    0.946108    0.000000    0.942779    0.228283    0.933985    0.946581    0.963323    0.946108    0.947771    3000        58.572300   0.042931    0.014521    0.568188    0.006547    0.000000    0.500000    14.398140   9.493210    21.000000   0.006548    0.431939    0.978125    0.976871    0.014521    0.000000    0.000000    0.014521    0.028409    0.000001    1.000000    0.250000    1.389531    0.999643    1.000000    47.121237   45.325745   1.389531    0.029397    0.999643    0.124247    0.100319    0.003673    0.998402    2.135578    0.006384    0.196155    0.000000    0.000050    0.000500    0.000005    0.000500    0.000500    0.000005    0.000050    0.000050    0.000050    0.643649    13.490598  
[37m[36mINFO[0m[0m 07/18 15:57:20 | 0.968563    0.955090    0.000000    0.964654    0.142259    0.953545    0.978632    0.968563    0.955090    0.961783    3100        60.524710   0.047618    0.019093    0.570487    0.006370    0.000000    0.500000    14.418253   9.316652    21.000000   0.006366    0.429640    0.977276    0.976001    0.019093    0.000000    0.000000    0.019093    0.028524    0.000001    1.000000    0.250000    1.365450    0.999636    1.000000    46.131459   45.325666   1.365450    0.029526    0.999636    0.123122    0.099680    0.003062    0.998289    2.551034    0.006423    0.218190    0.000000    0.000050    0.000500    0.000005    0.000500    0.000500    0.000005    0.000050    0.000050    0.000050    0.677272    13.039060  
[37m[36mINFO[0m[0m 07/18 15:58:48 | 0.967066    0.946108    0.000000    0.970407    0.127640    0.968215    0.985043    0.967066    0.946108    0.957962    3200        62.477120   0.045075    0.016887    0.563735    0.006390    0.000000    0.500000    14.407013   9.539207    21.000000   0.006392    0.436391    0.978564    0.977352    0.016887    0.000000    0.000000    0.016887    0.028187    0.000001    1.000000    0.250000    1.501616    0.999613    1.000000    47.613648   45.329174   1.501616    0.031466    0.999613    0.126029    0.106475    0.001709    0.998804    2.377168    0.006242    0.196457    0.000000    0.000050    0.000500    0.000005    0.000500    0.000500    0.000005    0.000050    0.000050    0.000050    0.635124    13.264395  
[37m[36mINFO[0m[0m 07/18 16:00:15 | 0.956587    0.958084    0.000000    0.945895    0.178873    0.926650    0.965812    0.956587    0.958084    0.945223    3300        64.429530   0.050620    0.022768    0.557038    0.006477    0.000000    0.500000    14.665963   9.760197    21.000000   0.006478    0.443100    0.977567    0.976252    0.022768    0.000000    0.000000    0.022768    0.027852    0.000001    1.000000    0.250000    1.543084    0.999586    1.000000    47.267864   45.328938   1.543084    0.032232    0.999586    0.126068    0.107390    0.002289    0.997692    2.889570    0.007077    0.253578    0.000000    0.000050    0.000500    0.000005    0.000500    0.000500    0.000005    0.000050    0.000050    0.000050    0.636624    13.095068  
[37m[36mINFO[0m[0m 07/18 16:01:45 | 0.964820    0.940120    0.000000    0.952826    0.177388    0.926650    0.963675    0.964820    0.940120    0.968153    3400        66.381940   0.047254    0.018900    0.567080    0.006445    0.000000    0.500000    14.225065   9.686633    21.000000   0.006444    0.433052    0.978360    0.977091    0.018900    0.000000    0.000000    0.018900    0.028354    0.000001    1.000000    0.250000    1.418442    0.999601    1.000000    45.819062   45.330186   1.418442    0.030887    0.999601    0.124194    0.104758    0.002242    0.998375    2.916046    0.006717    0.231251    0.000000    0.000050    0.000500    0.000005    0.000500    0.000500    0.000005    0.000050    0.000050    0.000050    0.672834    12.290809  
[37m[36mINFO[0m[0m 07/18 16:03:15 | 0.959581    0.949102    0.000000    0.958202    0.162748    0.948655    0.974359    0.959581    0.949102    0.951592    3500        68.334350   0.052745    0.024563    0.563616    0.006369    0.000000    0.500000    14.086983   9.416320    21.000000   0.006370    0.436521    0.976655    0.975255    0.024563    0.000000    0.000000    0.024563    0.028181    0.000001    1.000000    0.250000    1.299839    0.999585    1.000000    42.649392   45.329881   1.299839    0.030403    0.999585    0.120877    0.099118    0.002245    0.997733    3.133553    0.007212    0.271950    0.000000    0.000050    0.000500    0.000005    0.000500    0.000500    0.000005    0.000050    0.000050    0.000050    0.679157    11.811386  
[37m[36mINFO[0m[0m 07/18 16:04:41 | 0.953593    0.934132    0.000000    0.959901    0.184389    0.948655    0.974359    0.953593    0.934132    0.956688    3600        70.286760   0.044395    0.016786    0.552173    0.006557    0.000000    0.500000    14.767466   9.700787    21.000000   0.006560    0.447961    0.978521    0.977239    0.016786    0.000000    0.000000    0.016786    0.027609    0.000001    1.000000    0.250000    1.666901    0.999557    1.000000    49.020289   45.334185   1.666901    0.033937    0.999557    0.132362    0.121988    0.000488    0.999864    2.520344    0.006738    0.208387    0.000000    0.000050    0.000500    0.000005    0.000500    0.000500    0.000005    0.000050    0.000050    0.000050    0.634047    12.444048  
[37m[36mINFO[0m[0m 07/18 16:06:06 | 0.964072    0.958084    0.000000    0.959168    0.176781    0.941320    0.980769    0.964072    0.958084    0.955414    3700        72.239170   0.054186    0.026031    0.563085    0.006613    0.000000    0.500000    13.988873   9.674886    21.000000   0.006612    0.437047    0.976611    0.975151    0.026031    0.000000    0.000000    0.026031    0.028154    0.000001    1.000000    0.250000    1.338916    0.999542    1.000000    41.531144   45.330938   1.338916    0.032173    0.999542    0.121637    0.103300    0.001107    0.999430    2.911143    0.007061    0.256519    0.000000    0.000050    0.000500    0.000005    0.000500    0.000500    0.000005    0.000050    0.000050    0.000050    0.619220    13.084127  
[37m[36mINFO[0m[0m 07/18 16:07:29 | 0.961826    0.952096    0.000000    0.957154    0.182061    0.960880    0.961538    0.961826    0.952096    0.949045    3800        74.191580   0.044500    0.016541    0.559154    0.006431    0.000000    0.500000    14.084127   9.639052    21.000000   0.006428    0.440969    0.979533    0.978286    0.016541    0.000000    0.000000    0.016541    0.027958    0.000001    1.000000    0.250000    1.474961    0.999566    1.000000    45.102296   45.334603   1.474961    0.032674    0.999566    0.126197    0.112848    0.000478    0.999754    2.449351    0.006451    0.193880    0.000000    0.000050    0.000500    0.000005    0.000500    0.000500    0.000005    0.000050    0.000050    0.000050    0.602649    13.058514  
[37m[36mINFO[0m[0m 07/18 16:08:55 | 0.955090    0.919162    0.000000    0.948251    0.177064    0.921760    0.976496    0.955090    0.919162    0.946497    3900        76.143990   0.051181    0.023437    0.554873    0.006173    0.000000    0.500000    14.148954   9.877495    21.000000   0.006173    0.445245    0.978409    0.977098    0.023437    0.000000    0.000000    0.023437    0.027744    0.000001    1.000000    0.250000    1.491676    0.999532    1.000000    43.916566   45.333014   1.491676    0.033882    0.999532    0.124973    0.111309    0.000595    0.999515    2.554783    0.006629    0.203834    0.000000    0.000050    0.000500    0.000005    0.000500    0.000500    0.000005    0.000050    0.000050    0.000050    0.630895    13.674418  
[37m[36mINFO[0m[0m 07/18 16:10:16 | 0.961826    0.955090    0.000000    0.953436    0.202174    0.943765    0.963675    0.961826    0.955090    0.952866    4000        78.096400   0.042680    0.014382    0.565939    0.006195    0.000000    0.500000    13.903573   9.596040    21.000000   0.006194    0.434185    0.979263    0.978010    0.014382    0.000000    0.000000    0.014382    0.028297    0.000001    1.000000    0.250000    1.439391    0.999536    1.000000    43.545691   45.337269   1.439391    0.032978    0.999536    0.125618    0.112935    0.000817    0.999181    1.819347    0.006136    0.158705    0.000000    0.000050    0.000500    0.000005    0.000500    0.000500    0.000005    0.000050    0.000050    0.000050    0.584718    13.749046  
[37m[36mINFO[0m[0m 07/18 16:11:36 | 0.957335    0.946108    0.000000    0.944608    0.231762    0.907090    0.963675    0.957335    0.946108    0.963057    4100        80.048810   0.043083    0.015021    0.561227    0.006328    0.000000    0.500000    14.075280   9.819755    21.000000   0.006330    0.438893    0.979820    0.978556    0.015021    0.000000    0.000000    0.015021    0.028061    0.000001    1.000000    0.250000    1.506488    0.999528    1.000000    45.035096   45.338091   1.506488    0.033427    0.999528    0.129635    0.120900    0.000316    0.999748    1.927355    0.006011    0.136046    0.000000    0.000050    0.000500    0.000005    0.000500    0.000500    0.000005    0.000050    0.000050    0.000050    0.587839    13.508922  
[37m[36mINFO[0m[0m 07/18 16:12:55 | 0.963323    0.931138    0.000000    0.965606    0.153936    0.955990    0.976496    0.963323    0.931138    0.964331    4200        82.001220   0.051971    0.023936    0.560686    0.006568    0.000000    0.500000    13.813596   9.795721    21.000000   0.006573    0.439448    0.977068    0.975658    0.023936    0.000000    0.000000    0.023936    0.028034    0.000001    1.000000    0.250000    1.342248    0.999471    1.000000    39.982698   45.334681   1.342248    0.033591    0.999471    0.120813    0.108737    0.000752    0.999260    2.472397    0.006577    0.197127    0.000000    0.000050    0.000500    0.000005    0.000500    0.000500    0.000005    0.000050    0.000050    0.000050    0.574831    13.467631  
[37m[36mINFO[0m[0m 07/18 16:14:10 | 0.962575    0.940120    0.000000    0.955928    0.193451    0.948655    0.970085    0.962575    0.940120    0.949045    4300        83.953630   0.044539    0.016580    0.559174    0.006729    0.000000    0.500000    14.143615   10.057579   21.000000   0.006728    0.440959    0.978664    0.977328    0.016580    0.000000    0.000000    0.016580    0.027959    0.000001    1.000000    0.250000    1.583844    0.999456    1.000000    44.488557   45.337214   1.583844    0.035560    0.999456    0.130345    0.127712    0.000441    0.999851    2.198564    0.006562    0.180819    0.000000    0.000050    0.000500    0.000005    0.000500    0.000500    0.000005    0.000050    0.000050    0.000050    0.552639    12.272702  
[37m[36mINFO[0m[0m 07/18 16:15:26 | 0.964072    0.940120    0.000000    0.953436    0.225959    0.943765    0.963675    0.964072    0.940120    0.952866    4400        85.906040   0.045301    0.017758    0.550855    0.006459    0.000000    0.500000    14.302918   10.162283   21.000000   0.006452    0.449277    0.978843    0.977579    0.017758    0.000000    0.000000    0.017758    0.027543    0.000001    1.000000    0.250000    1.582469    0.999473    1.000000    44.894710   45.337820   1.582469    0.035201    0.999473    0.128640    0.126985    0.000490    0.999863    2.460481    0.006414    0.171936    0.000000    0.000050    0.000500    0.000005    0.000500    0.000500    0.000005    0.000050    0.000050    0.000050    0.555291    12.598067  
[37m[36mINFO[0m[0m 07/18 16:16:42 | 0.967066    0.937126    0.000000    0.954483    0.191383    0.931540    0.976496    0.967066    0.937126    0.955414    4500        87.858450   0.039117    0.011626    0.549822    0.005973    0.000000    0.500000    14.155312   10.192575   21.000000   0.005969    0.450310    0.981127    0.979925    0.011626    0.000000    0.000000    0.011626    0.027491    0.000001    1.000000    0.250000    1.658383    0.999479    1.000000    46.042197   45.341625   1.658383    0.035975    0.999479    0.130285    0.128825    0.000231    0.999923    1.679421    0.005997    0.127686    0.000000    0.000050    0.000500    0.000005    0.000500    0.000500    0.000005    0.000050    0.000050    0.000050    0.556943    12.851558  
[37m[36mINFO[0m[0m 07/18 16:17:59 | 0.957335    0.946108    0.000000    0.950059    0.199233    0.931540    0.959402    0.957335    0.946108    0.959236    4600        89.810860   0.046311    0.018734    0.551518    0.005477    0.000000    0.500000    13.924880   9.835110    21.000000   0.005471    0.448610    0.978309    0.976937    0.018734    0.000000    0.000000    0.018734    0.027576    0.000001    1.000000    0.250000    1.445699    0.999473    1.000000    41.575819   45.340187   1.445699    0.034752    0.999473    0.123762    0.117212    0.000323    0.999820    2.778411    0.006524    0.178242    0.000000    0.000050    0.000500    0.000005    0.000500    0.000500    0.000005    0.000050    0.000050    0.000050    0.566890    12.897144  
[37m[36mINFO[0m[0m 07/18 16:19:17 | 0.963323    0.934132    0.000000    0.950566    0.250388    0.926650    0.965812    0.963323    0.934132    0.959236    4700        91.763270   0.041893    0.014366    0.550532    0.004929    0.000000    0.500000    14.068032   9.576420    21.000000   0.004927    0.449600    0.977438    0.975969    0.014366    0.000000    0.000000    0.014366    0.027527    0.000000    1.000000    0.250000    1.508399    0.999446    1.000000    41.248350   45.340820   1.508399    0.036479    0.999446    0.124585    0.119452    0.000154    0.999904    2.116600    0.006017    0.138133    0.000000    0.000050    0.000500    0.000005    0.000500    0.000500    0.000005    0.000050    0.000050    0.000050    0.571734    12.922665  
[37m[36mINFO[0m[0m 07/18 16:20:36 | 0.932635    0.916168    0.000000    0.935615    0.314825    0.929095    0.940171    0.932635    0.916168    0.937580    4800        93.715680   0.046057    0.018642    0.548293    0.004838    0.000000    0.500000    14.037611   9.557424    21.000000   0.004835    0.451833    0.977848    0.976405    0.018642    0.000000    0.000000    0.018642    0.027415    0.000000    1.000000    0.250000    1.598628    0.999409    1.000000    42.153875   45.342319   1.598628    0.037782    0.999409    0.127598    0.123825    0.000220    0.999829    2.778167    0.006927    0.199154    0.000000    0.000050    0.000500    0.000005    0.000500    0.000500    0.000005    0.000050    0.000050    0.000050    0.577650    13.165740  
[37m[36mINFO[0m[0m 07/18 16:21:57 | 0.960329    0.937126    0.000000    0.953285    0.214442    0.943765    0.959402    0.960329    0.937126    0.956688    4900        95.668090   0.043696    0.015875    0.556418    0.004535    0.000000    0.500000    13.723186   9.234539    21.000000   0.004533    0.443711    0.979006    0.977661    0.015875    0.000000    0.000000    0.015875    0.027821    0.000000    1.000000    0.250000    1.522524    0.999437    1.000000    41.461620   45.341692   1.522524    0.036669    0.999437    0.125081    0.121451    0.000175    0.999878    2.534968    0.006458    0.176504    0.000000    0.000050    0.000500    0.000005    0.000500    0.000500    0.000005    0.000050    0.000050    0.000050    0.599421    12.915459  
[37m[36mINFO[0m[0m 07/18 16:23:20 | 0.955838    0.931138    0.000000    0.952319    0.237595    0.941320    0.955128    0.955838    0.931138    0.960510    5000        97.620500   0.033931    0.006588    0.546854    0.004260    0.000000    0.500000    14.100762   9.383533    21.000000   0.004254    0.453267    0.981012    0.979756    0.006588    0.000000    0.000000    0.006588    0.027343    0.000000    1.000000    0.250000    1.701203    0.999435    1.000000    44.986080   45.343189   1.701203    0.037732    0.999435    0.131594    0.135091    0.000125    0.999920    1.131452    0.005590    0.082895    0.000000    0.000050    0.000500    0.000005    0.000500    0.000500    0.000005    0.000050    0.000050    0.000050    0.620036    12.571542  
[37m[36mINFO[0m[0m 07/18 16:23:20 | ---
[37m[33mWARNING[0m[0m 07/18 16:23:21 | Evaluate SWAD ...
[37m[36mINFO[0m[0m 07/18 16:23:34 | 0.982036    0.973054    0.000000    0.974009    0.161897    0.973105    0.980769    0.982036    0.973054    0.968153    [201-4600]  (N=45)
[37m[36mINFO[0m[0m 07/18 16:23:34 | oracle = 97.680%
[37m[36mINFO[0m[0m 07/18 16:23:34 | iid = 96.707%
[37m[36mINFO[0m[0m 07/18 16:23:34 | last = 95.584%
[37m[36mINFO[0m[0m 07/18 16:23:34 | last (inD) = 95.232%
[37m[36mINFO[0m[0m 07/18 16:23:34 | iid (inD) = 97.041%
[37m[36mINFO[0m[0m 07/18 16:23:34 | SWAD = 98.204%
[37m[36mINFO[0m[0m 07/18 16:23:34 | SWAD (inD) = 97.401%
[37m[36mINFO[0m[0m 07/18 16:23:35 | 
[37m[36mINFO[0m[0m 07/18 16:23:39 | Testenv name escaping te_sketch -> te_sketch
[37m[36mINFO[0m[0m 07/18 16:23:39 | Test envs = [3], name = te_sketch
[37m[36mINFO[0m[0m 07/18 16:23:39 | Batch sizes for each domain: [32, 32, 32, 0] (total=96)
[37m[36mINFO[0m[0m 07/18 16:23:39 | steps-per-epoch for each domain: 51.22, 58.62, 41.75 -> min = 41.75
[37m[36mINFO[0m[0m 07/18 16:23:42 | # of params = 53365703
[37m[36mINFO[0m[0m 07/18 16:23:59 | test_in     test_out    train_in    train_out   tr_outloss  env0_out    env1_out    env2_out    env3_in     env3_out    step        epoch       loss        loss_cls    loss_isr    loss_orth   loss_gt     piccl_alph  paired_res  domain_res  valid_doma  basis_orth  response_c  raw_interv  mediator_i  ce_loss     sup_cl_los  pre_cl_los  dccl_total  weighted_l  weighted_l  piccl_feat  residual_s  residual_d  fused_orig  piccl_exec  original_f  piccl_feat  feature_de  feature_de  original_f  gate_mean   gate_std    gate_min    gate_max    backbone_g  piccl_grad  classifier  has_nan_or  param_grou  param_grou  param_grou  param_grou  param_grou  param_grou  param_grou  param_grou  param_grou  step_time   eval_time  
[37m[36mINFO[0m[0m 07/18 16:23:59 | 0.179389    0.184713    0.000000    0.279524    1.825273    0.283619    0.258547    0.296407    0.179389    0.184713    0           0.000000    2.016911    2.016900    0.000000    0.113168    0.000000    0.000000    0.000000    0.000000    21.000000   0.102933    0.000000    0.903808    0.903808    2.016900    0.000000    0.000000    2.016900    0.000000    0.000011    0.000000    0.250000    0.000000    1.000000    1.000000    26.048256   45.253418   0.000000    0.000000    1.000000    0.075858    0.000000    0.075858    0.075858    3.920069    0.000150    4.145192    0.000000    0.000050    0.000500    0.000005    0.000500    0.000500    0.000005    0.000050    0.000050    0.000050    0.673443    16.221277  
[37m[36mINFO[0m[0m 07/18 16:25:18 | 0.652354    0.666242    0.000000    0.936814    0.207481    0.916870    0.914530    0.979042    0.652354    0.666242    100         2.395210    0.369978    0.321001    0.979413    0.062619    0.000000    0.000000    18.783291   4.127367    21.000000   0.062060    0.021012    0.959360    0.958537    0.321001    0.000000    0.000000    0.321001    0.048971    0.000006    1.000000    0.250000    1.186773    0.999934    1.000000    72.487408   45.262408   1.186773    0.016541    0.999934    0.085023    0.029204    0.018785    0.335012    8.177730    0.039613    3.276968    0.000000    0.000050    0.000500    0.000005    0.000500    0.000500    0.000005    0.000050    0.000050    0.000050    0.559110    15.669777  
[37m[36mINFO[0m[0m 07/18 16:26:38 | 0.687977    0.691720    0.000000    0.954574    0.126886    0.946210    0.929487    0.988024    0.687977    0.691720    200         4.790419    0.160851    0.115396    0.908992    0.054588    0.000000    0.000000    18.010660   8.787323    21.000000   0.054872    0.091894    0.965778    0.965139    0.115396    0.000000    0.000000    0.115396    0.045450    0.000005    1.000000    0.250000    1.165571    0.999934    1.000000    70.227521   45.269987   1.165571    0.016535    0.999934    0.089330    0.033961    0.013534    0.446402    6.367764    0.017009    1.558212    0.000000    0.000050    0.000500    0.000005    0.000500    0.000500    0.000005    0.000050    0.000050    0.000050    0.562779    15.699034  
[37m[36mINFO[0m[0m 07/18 16:27:59 | 0.702926    0.737580    0.000000    0.959537    0.120098    0.938875    0.948718    0.991018    0.702926    0.737580    300         7.185629    0.125956    0.084359    0.831693    0.118607    0.000000    0.000000    18.068099   10.581881   21.000000   0.119500    0.169003    0.967937    0.967325    0.084359    0.000000    0.000000    0.084359    0.041585    0.000012    1.000000    0.250000    1.202500    0.999927    1.000000    69.772132   45.275148   1.202500    0.017171    0.999927    0.093030    0.037189    0.012424    0.533086    6.181262    0.014713    1.271423    0.000000    0.000050    0.000500    0.000005    0.000500    0.000500    0.000005    0.000050    0.000050    0.000050    0.576713    16.160889  
[37m[36mINFO[0m[0m 07/18 16:29:19 | 0.635814    0.630573    0.000000    0.948152    0.201332    0.929095    0.942308    0.973054    0.635814    0.630573    400         9.580838    0.097384    0.058556    0.776143    0.208357    0.000000    0.000000    18.550507   11.561502   21.000000   0.209164    0.224430    0.970455    0.969891    0.058556    0.000000    0.000000    0.058556    0.038807    0.000021    1.000000    0.250000    1.504268    0.999912    1.000000    75.237524   45.279669   1.504268    0.019849    0.999912    0.099700    0.047603    0.009176    0.751918    5.462577    0.011731    0.879013    0.000000    0.000050    0.000500    0.000005    0.000500    0.000500    0.000005    0.000050    0.000050    0.000050    0.557462    16.313287  
[37m[36mINFO[0m[0m 07/18 16:30:36 | 0.698791    0.703185    0.000000    0.950205    0.138616    0.933985    0.961538    0.955090    0.698791    0.703185    500         11.976048   0.088154    0.051260    0.737344    0.272689    0.000000    0.000000    18.164338   12.403761   21.000000   0.273186    0.263125    0.970796    0.970200    0.051260    0.000000    0.000000    0.051260    0.036867    0.000027    1.000000    0.250000    1.595113    0.999892    1.000000    73.837420   45.283870   1.595113    0.021253    0.999892    0.102612    0.052798    0.008258    0.855242    4.913800    0.010356    0.801694    0.000000    0.000050    0.000500    0.000005    0.000500    0.000500    0.000005    0.000050    0.000050    0.000050    0.545475    14.690194  
[37m[36mINFO[0m[0m 07/18 16:31:56 | 0.747137    0.747771    0.000000    0.962264    0.134251    0.946210    0.961538    0.979042    0.747137    0.747771    600         14.371257   0.085354    0.049987    0.706727    0.305470    0.000000    0.025250    17.502908   12.532046   21.000000   0.305621    0.293683    0.972650    0.972056    0.049987    0.000000    0.000000    0.049987    0.035336    0.000031    1.000000    0.250000    1.625754    0.999874    1.000000    71.334248   45.288420   1.625754    0.022561    0.999874    0.105577    0.058489    0.008048    0.933073    4.785975    0.009451    0.726055    0.000000    0.000050    0.000500    0.000005    0.000500    0.000500    0.000005    0.000050    0.000050    0.000050    0.574087    14.787961  
[37m[36mINFO[0m[0m 07/18 16:33:16 | 0.702608    0.717197    0.000000    0.956646    0.127205    0.941320    0.946581    0.982036    0.702608    0.717197    700         16.766467   0.072548    0.039041    0.669507    0.314072    0.000000    0.075250    17.611200   12.244480   21.000000   0.314078    0.330873    0.973903    0.973298    0.039041    0.000000    0.000000    0.039041    0.033475    0.000031    1.000000    0.250000    1.872813    0.999843    1.000000    72.811738   45.292733   1.872813    0.025542    0.999843    0.112315    0.071143    0.006778    0.975749    4.111976    0.008963    0.627633    0.000000    0.000050    0.000500    0.000005    0.000500    0.000500    0.000005    0.000050    0.000050    0.000050    0.577940    14.838250  
[37m[36mINFO[0m[0m 07/18 16:34:35 | 0.624682    0.624204    0.000000    0.952346    0.225066    0.933985    0.952991    0.970060    0.624682    0.624204    800         19.161677   0.049773    0.017167    0.651533    0.295982    0.000000    0.125250    18.255365   12.071813   21.000000   0.295681    0.348761    0.976633    0.976066    0.017167    0.000000    0.000000    0.017167    0.032577    0.000030    1.000000    0.250000    2.199262    0.999824    1.000000    78.766126   45.297582   2.199262    0.027650    0.999824    0.122184    0.082923    0.005979    0.976523    2.684976    0.007298    0.345293    0.000000    0.000050    0.000500    0.000005    0.000500    0.000500    0.000005    0.000050    0.000050    0.000050    0.559568    15.066240  
[37m[36mINFO[0m[0m 07/18 16:35:56 | 0.671756    0.684076    0.000000    0.942691    0.197217    0.914425    0.946581    0.967066    0.671756    0.684076    900         21.556886   0.076015    0.044064    0.638481    0.263317    0.000000    0.175250    17.158739   12.216887   21.000000   0.262980    0.361779    0.974155    0.973441    0.044064    0.000000    0.000000    0.044064    0.031924    0.000026    1.000000    0.250000    1.817640    0.999821    1.000000    68.636127   45.300268   1.817640    0.026218    0.999821    0.117698    0.079876    0.004734    0.986445    4.584415    0.008339    0.591375    0.000000    0.000050    0.000500    0.000005    0.000500    0.000500    0.000005    0.000050    0.000050    0.000050    0.575740    15.222570  
[37m[36mINFO[0m[0m 07/18 16:37:15 | 0.711514    0.713376    0.000000    0.945547    0.212400    0.931540    0.938034    0.967066    0.711514    0.713376    1000        23.952096   0.066378    0.034945    0.628204    0.233394    0.000000    0.225250    16.809062   12.648775   21.000000   0.233095    0.372033    0.976101    0.975408    0.034945    0.000000    0.000000    0.034945    0.031410    0.000023    1.000000    0.250000    1.902221    0.999811    1.000000    68.808547   45.303283   1.902221    0.027529    0.999811    0.119303    0.078610    0.006696    0.981710    4.140644    0.007529    0.481784    0.000000    0.000050    0.000500    0.000005    0.000500    0.000500    0.000005    0.000050    0.000050    0.000050    0.559006    15.216570  
[37m[36mINFO[0m[0m 07/18 16:38:36 | 0.731552    0.743949    0.000000    0.958379    0.152259    0.948655    0.944444    0.982036    0.731552    0.743949    1100        26.347305   0.056034    0.025097    0.618337    0.203020    0.000000    0.275250    16.743710   12.036161   21.000000   0.202727    0.381898    0.976082    0.975334    0.025097    0.000000    0.000000    0.025097    0.030917    0.000020    1.000000    0.250000    1.719996    0.999818    1.000000    65.259251   45.305319   1.719996    0.026230    0.999818    0.118789    0.077154    0.006433    0.979888    3.218305    0.006839    0.361924    0.000000    0.000050    0.000500    0.000005    0.000500    0.000500    0.000005    0.000050    0.000050    0.000050    0.574427    15.642558  
[37m[36mINFO[0m[0m 07/18 16:39:55 | 0.750000    0.746497    0.000000    0.961993    0.153235    0.936430    0.976496    0.973054    0.750000    0.746497    1200        28.742515   0.058253    0.027678    0.611145    0.171135    0.000000    0.325250    16.807100   11.022688   21.000000   0.170790    0.389067    0.975776    0.974917    0.027678    0.000000    0.000000    0.027678    0.030557    0.000017    1.000000    0.250000    1.910049    0.999770    1.000000    65.241153   45.308175   1.910049    0.028991    0.999770    0.123986    0.086954    0.004900    0.990966    3.552055    0.007208    0.392454    0.000000    0.000050    0.000500    0.000005    0.000500    0.000500    0.000005    0.000050    0.000050    0.000050    0.563015    15.532417  
[37m[36mINFO[0m[0m 07/18 16:41:16 | 0.769084    0.769427    0.000000    0.967028    0.114033    0.951100    0.967949    0.982036    0.769084    0.769427    1300        31.137725   0.062193    0.032370    0.596181    0.137455    0.000000    0.375250    16.770756   10.794034   21.000000   0.137162    0.404029    0.975938    0.975009    0.032370    0.000000    0.000000    0.032370    0.029809    0.000014    1.000000    0.250000    1.963885    0.999749    1.000000    64.250061   45.310016   1.963885    0.030243    0.999749    0.125547    0.092078    0.004714    0.993350    3.827723    0.007788    0.477520    0.000000    0.000050    0.000500    0.000005    0.000500    0.000500    0.000005    0.000050    0.000050    0.000050    0.571692    15.733851  
[37m[36mINFO[0m[0m 07/18 16:42:37 | 0.761132    0.757962    0.000000    0.958066    0.154558    0.941320    0.965812    0.967066    0.761132    0.757962    1400        33.532934   0.054021    0.024717    0.585846    0.112354    0.000000    0.425250    16.551817   11.299280   21.000000   0.112133    0.414341    0.977893    0.976980    0.024717    0.000000    0.000000    0.024717    0.029292    0.000011    1.000000    0.250000    2.181490    0.999715    1.000000    65.545894   45.312075   2.181490    0.033141    0.999715    0.129303    0.098517    0.004635    0.997049    2.928956    0.006718    0.307560    0.000000    0.000050    0.000500    0.000005    0.000500    0.000500    0.000005    0.000050    0.000050    0.000050    0.579626    14.588900  
[37m[36mINFO[0m[0m 07/18 16:43:58 | 0.678435    0.670064    0.000000    0.952772    0.176130    0.933985    0.957265    0.967066    0.678435    0.670064    1500        35.928144   0.056540    0.026980    0.591009    0.092515    0.000000    0.475250    16.044014   11.216157   21.000000   0.092322    0.409181    0.977923    0.976938    0.026980    0.000000    0.000000    0.026980    0.029550    0.000009    1.000000    0.250000    1.907730    0.999726    1.000000    60.692330   45.312941   1.907730    0.031018    0.999726    0.124372    0.087784    0.006594    0.994142    3.295893    0.007226    0.352874    0.000000    0.000050    0.000500    0.000005    0.000500    0.000500    0.000005    0.000050    0.000050    0.000050    0.588452    13.870285  
[37m[36mINFO[0m[0m 07/18 16:45:02 | 0.735369    0.726115    0.000000    0.953446    0.170593    0.936430    0.950855    0.973054    0.735369    0.726115    1600        38.323353   0.045383    0.016933    0.568841    0.076061    0.000000    0.500000    16.740457   10.714538   21.000000   0.075933    0.431340    0.977666    0.976654    0.016933    0.000000    0.000000    0.016933    0.028442    0.000008    1.000000    0.250000    2.239987    0.999680    1.000000    64.726743   45.314411   2.239987    0.034420    0.999680    0.130328    0.101776    0.004067    0.999097    2.576681    0.006532    0.261409    0.000000    0.000050    0.000500    0.000005    0.000500    0.000500    0.000005    0.000050    0.000050    0.000050    0.437622    15.395955  
[37m[36mINFO[0m[0m 07/18 16:46:18 | 0.747455    0.769427    0.000000    0.969451    0.121708    0.951100    0.972222    0.985030    0.747455    0.769427    1700        40.718563   0.044109    0.016181    0.558426    0.065280    0.000000    0.500000    16.596828   11.305595   21.000000   0.065192    0.441750    0.981016    0.980148    0.016181    0.000000    0.000000    0.016181    0.027921    0.000007    1.000000    0.250000    2.339751    0.999686    1.000000    67.316097   45.315839   2.339751    0.034552    0.999686    0.132175    0.104860    0.003551    0.999127    2.433180    0.006616    0.243218    0.000000    0.000050    0.000500    0.000005    0.000500    0.000500    0.000005    0.000050    0.000050    0.000050    0.543822    15.462866  
[37m[36mINFO[0m[0m 07/18 16:47:38 | 0.719784    0.717197    0.000000    0.970288    0.121884    0.960880    0.967949    0.982036    0.719784    0.717197    1800        43.113772   0.057398    0.029128    0.565281    0.062449    0.000000    0.500000    16.078741   10.909584   21.000000   0.062484    0.434902    0.978975    0.978021    0.029128    0.000000    0.000000    0.029128    0.028264    0.000006    1.000000    0.250000    1.939529    0.999713    1.000000    60.654829   45.315220   1.939529    0.031535    0.999713    0.124164    0.093415    0.004201    0.996415    3.650615    0.007300    0.364228    0.000000    0.000050    0.000500    0.000005    0.000500    0.000500    0.000005    0.000050    0.000050    0.000050    0.571022    15.588841  
[37m[36mINFO[0m[0m 07/18 16:49:02 | 0.780534    0.774522    0.000000    0.965539    0.126502    0.946210    0.974359    0.976048    0.780534    0.774522    1900        45.508982   0.050249    0.022356    0.557709    0.067624    0.000000    0.500000    16.181728   10.590929   21.000000   0.067698    0.442475    0.979455    0.978514    0.022356    0.000000    0.000000    0.022356    0.027885    0.000007    1.000000    0.250000    2.179780    0.999678    1.000000    62.760808   45.319764   2.179780    0.034313    0.999678    0.126482    0.098172    0.004313    0.997642    3.020794    0.006712    0.281349    0.000000    0.000050    0.000500    0.000005    0.000500    0.000500    0.000005    0.000050    0.000050    0.000050    0.606300    15.167557  
[37m[36mINFO[0m[0m 07/18 16:50:26 | 0.704517    0.718471    0.000000    0.959129    0.155835    0.946210    0.955128    0.976048    0.704517    0.718471    2000        47.904192   0.040598    0.013796    0.535883    0.074578    0.000000    0.500000    16.923133   11.023252   21.000000   0.074630    0.464290    0.981171    0.980297    0.013796    0.000000    0.000000    0.013796    0.026794    0.000007    1.000000    0.250000    2.597817    0.999637    1.000000    68.047158   45.322253   2.597817    0.038018    0.999637    0.132452    0.107947    0.002918    0.998542    2.371669    0.006370    0.218689    0.000000    0.000050    0.000500    0.000005    0.000500    0.000500    0.000005    0.000050    0.000050    0.000050    0.593827    15.362949  
[37m[36mINFO[0m[0m 07/18 16:51:50 | 0.776399    0.755414    0.000000    0.965581    0.112522    0.943765    0.967949    0.985030    0.776399    0.755414    2100        50.299401   0.043415    0.017232    0.523502    0.079618    0.000000    0.500000    16.989578   12.089079   21.000000   0.079678    0.476652    0.982021    0.981187    0.017232    0.000000    0.000000    0.017232    0.026175    0.000008    1.000000    0.250000    2.714856    0.999627    1.000000    69.677235   45.322443   2.714856    0.038829    0.999627    0.134705    0.113713    0.001392    0.998883    2.788111    0.006541    0.255281    0.000000    0.000050    0.000500    0.000005    0.000500    0.000500    0.000005    0.000050    0.000050    0.000050    0.600675    15.128230  
[37m[36mINFO[0m[0m 07/18 16:53:15 | 0.778626    0.796178    0.000000    0.956398    0.147458    0.938875    0.957265    0.973054    0.778626    0.796178    2200        52.694611   0.038584    0.012298    0.525535    0.088438    0.000000    0.500000    17.036808   12.267394   21.000000   0.088542    0.474620    0.981461    0.980556    0.012298    0.000000    0.000000    0.012298    0.026277    0.000009    1.000000    0.250000    2.836842    0.999592    1.000000    69.171098   45.323493   2.836842    0.040820    0.999592    0.136807    0.119733    0.001316    0.998756    2.126889    0.006138    0.181647    0.000000    0.000050    0.000500    0.000005    0.000500    0.000500    0.000005    0.000050    0.000050    0.000050    0.603096    15.400256  
[37m[36mINFO[0m[0m 07/18 16:54:40 | 0.736005    0.726115    0.000000    0.964438    0.147657    0.943765    0.976496    0.973054    0.736005    0.726115    2300        55.089820   0.049487    0.022286    0.543823    0.101011    0.000000    0.500000    15.969421   11.947092   21.000000   0.101177    0.456331    0.980099    0.979111    0.022286    0.000000    0.000000    0.022286    0.027191    0.000010    1.000000    0.250000    2.148067    0.999661    1.000000    60.138328   45.322542   2.148067    0.035502    0.999661    0.127425    0.103509    0.002677    0.998110    2.988002    0.006688    0.279667    0.000000    0.000050    0.000500    0.000005    0.000500    0.000500    0.000005    0.000050    0.000050    0.000050    0.608843    15.314034  
[37m[36mINFO[0m[0m 07/18 16:56:06 | 0.760496    0.768153    0.000000    0.960957    0.191683    0.938875    0.967949    0.976048    0.760496    0.768153    2400        57.485030   0.043108    0.015345    0.555025    0.118476    0.000000    0.500000    15.500567   10.485967   21.000000   0.118667    0.445124    0.981412    0.980484    0.015345    0.000000    0.000000    0.015345    0.027751    0.000012    1.000000    0.250000    1.928810    0.999684    1.000000    57.486102   45.322396   1.928810    0.033199    0.999684    0.125312    0.098746    0.001928    0.997235    2.061044    0.005949    0.158576    0.000000    0.000050    0.000500    0.000005    0.000500    0.000500    0.000005    0.000050    0.000050    0.000050    0.607232    15.389817  
[37m[36mINFO[0m[0m 07/18 16:57:36 | 0.738550    0.747771    0.000000    0.951325    0.148915    0.926650    0.957265    0.970060    0.738550    0.747771    2500        59.880240   0.046335    0.019605    0.534310    0.135086    0.000000    0.500000    16.565206   10.449383   21.000000   0.135172    0.465839    0.982513    0.981647    0.019605    0.000000    0.000000    0.019605    0.026715    0.000014    1.000000    0.250000    2.640837    0.999601    1.000000    66.563379   45.326050   2.640837    0.039117    0.999601    0.137140    0.117652    0.001116    0.998855    2.913625    0.006591    0.213105    0.000000    0.000050    0.000500    0.000005    0.000500    0.000500    0.000005    0.000050    0.000050    0.000050    0.644594    15.718661  
[37m[36mINFO[0m[0m 07/18 16:59:03 | 0.827926    0.830573    0.000000    0.975522    0.082282    0.963325    0.972222    0.991018    0.827926    0.830573    2600        62.275449   0.046417    0.018142    0.565207    0.143378    0.000000    0.500000    14.925015   10.122688   21.000000   0.143498    0.434948    0.980558    0.979565    0.018142    0.000000    0.000000    0.018142    0.028260    0.000014    1.000000    0.250000    1.705886    0.999690    1.000000    52.582284   45.326294   1.705886    0.032205    0.999690    0.120747    0.092569    0.002525    0.996779    2.414605    0.006194    0.207333    0.000000    0.000050    0.000500    0.000005    0.000500    0.000500    0.000005    0.000050    0.000050    0.000050    0.640384    13.572150  
[37m[36mINFO[0m[0m 07/18 17:00:29 | 0.745865    0.761783    0.000000    0.949635    0.217488    0.916870    0.952991    0.979042    0.745865    0.761783    2700        64.670659   0.047337    0.019658    0.553274    0.152884    0.000000    0.500000    15.460720   9.731872    21.000000   0.152911    0.446867    0.981008    0.980040    0.019658    0.000000    0.000000    0.019658    0.027664    0.000015    1.000000    0.250000    1.941333    0.999666    1.000000    56.007972   45.327256   1.941333    0.034533    0.999666    0.126036    0.101556    0.001537    0.998639    2.900519    0.006512    0.225999    0.000000    0.000050    0.000500    0.000005    0.000500    0.000500    0.000005    0.000050    0.000050    0.000050    0.623567    13.932238  
[37m[36mINFO[0m[0m 07/18 17:01:59 | 0.756997    0.755414    0.000000    0.957289    0.181595    0.936430    0.974359    0.961078    0.756997    0.755414    2800        67.065868   0.044167    0.016448    0.554098    0.150487    0.000000    0.500000    15.270301   9.523640    21.000000   0.150439    0.446052    0.980819    0.979818    0.016448    0.000000    0.000000    0.016448    0.027705    0.000015    1.000000    0.250000    2.022060    0.999626    1.000000    54.878943   45.329381   2.022060    0.036114    0.999626    0.126898    0.102564    0.002254    0.998220    2.611626    0.006374    0.201488    0.000000    0.000050    0.000500    0.000005    0.000500    0.000500    0.000005    0.000050    0.000050    0.000050    0.663444    13.951272  
[37m[36mINFO[0m[0m 07/18 17:03:27 | 0.795802    0.785987    0.000000    0.960100    0.170040    0.938875    0.974359    0.967066    0.795802    0.785987    2900        69.461078   0.039768    0.012066    0.553732    0.144751    0.000000    0.500000    15.379755   9.537751    21.000000   0.144672    0.446410    0.981106    0.980115    0.012066    0.000000    0.000000    0.012066    0.027687    0.000014    1.000000    0.250000    1.924596    0.999647    1.000000    54.956015   45.330071   1.924596    0.034849    0.999647    0.127225    0.103233    0.001949    0.998701    1.952538    0.006013    0.155488    0.000000    0.000050    0.000500    0.000005    0.000500    0.000500    0.000005    0.000050    0.000050    0.000050    0.630459    14.402243  
[37m[36mINFO[0m[0m 07/18 17:04:54 | 0.794211    0.791083    0.000000    0.951493    0.180789    0.933985    0.944444    0.976048    0.794211    0.791083    3000        71.856287   0.041730    0.014084    0.552659    0.134928    0.000000    0.500000    15.320144   9.689597    21.000000   0.134815    0.447477    0.982228    0.981322    0.014084    0.000000    0.000000    0.014084    0.027633    0.000013    1.000000    0.250000    2.010825    0.999631    1.000000    55.127554   45.329797   2.010825    0.036164    0.999631    0.127216    0.105182    0.001539    0.999221    2.126148    0.006263    0.176098    0.000000    0.000050    0.000500    0.000005    0.000500    0.000500    0.000005    0.000050    0.000050    0.000050    0.631060    14.047740  
[37m[36mINFO[0m[0m 07/18 17:06:26 | 0.783715    0.783439    0.000000    0.956007    0.194817    0.919315    0.963675    0.985030    0.783715    0.783439    3100        74.251497   0.049736    0.022297    0.548528    0.124234    0.000000    0.500000    15.429605   9.582576    21.000000   0.124143    0.451610    0.980321    0.979307    0.022297    0.000000    0.000000    0.022297    0.027426    0.000012    1.000000    0.250000    1.816938    0.999642    1.000000    52.580156   45.327729   1.816938    0.034443    0.999642    0.123926    0.104170    0.000826    0.999501    3.007748    0.006663    0.231942    0.000000    0.000050    0.000500    0.000005    0.000500    0.000500    0.000005    0.000050    0.000050    0.000050    0.666215    14.662360  
[37m[36mINFO[0m[0m 07/18 17:07:57 | 0.768448    0.771975    0.000000    0.945886    0.349352    0.919315    0.957265    0.961078    0.768448    0.771975    3200        76.646707   0.046032    0.018284    0.554732    0.114195    0.000000    0.500000    15.227215   9.480531    21.000000   0.114084    0.445414    0.981752    0.980781    0.018284    0.000000    0.000000    0.018284    0.027737    0.000011    1.000000    0.250000    1.897953    0.999630    1.000000    52.402374   45.330670   1.897953    0.035997    0.999630    0.123862    0.102690    0.001868    0.999107    2.508772    0.006400    0.194759    0.000000    0.000050    0.000500    0.000005    0.000500    0.000500    0.000005    0.000050    0.000050    0.000050    0.667989    14.310442  
[37m[36mINFO[0m[0m 07/18 17:09:25 | 0.776718    0.778344    0.000000    0.947619    0.194041    0.926650    0.955128    0.961078    0.776718    0.778344    3300        79.041916   0.048206    0.020787    0.548170    0.101599    0.000000    0.500000    15.426983   9.740154    21.000000   0.101459    0.451972    0.981415    0.980444    0.020787    0.000000    0.000000    0.020787    0.027409    0.000010    1.000000    0.250000    2.171060    0.999578    1.000000    54.862410   45.330442   2.171060    0.039102    0.999578    0.129256    0.119865    0.000517    0.999804    2.739062    0.007158    0.228092    0.000000    0.000050    0.000500    0.000005    0.000500    0.000500    0.000005    0.000050    0.000050    0.000050    0.633992    14.401347  
[37m[36mINFO[0m[0m 07/18 17:10:58 | 0.804389    0.808917    0.000000    0.959392    0.149672    0.938875    0.957265    0.982036    0.804389    0.808917    3400        81.437126   0.041984    0.014420    0.551091    0.087702    0.000000    0.500000    15.108024   9.894428    21.000000   0.087573    0.449053    0.981020    0.980004    0.014420    0.000000    0.000000    0.014420    0.027555    0.000009    1.000000    0.250000    1.966148    0.999593    1.000000    52.123020   45.334269   1.966148    0.037453    0.999593    0.126165    0.113596    0.000906    0.999409    2.135452    0.006165    0.159786    0.000000    0.000050    0.000500    0.000005    0.000500    0.000500    0.000005    0.000050    0.000050    0.000050    0.673511    15.167557  
[37m[36mINFO[0m[0m 07/18 17:12:31 | 0.762723    0.756688    0.000000    0.963483    0.151798    0.941320    0.970085    0.979042    0.762723    0.756688    3500        83.832335   0.044609    0.016926    0.553519    0.076181    0.000000    0.500000    15.070915   9.237895    21.000000   0.076084    0.446616    0.982390    0.981416    0.016926    0.000000    0.000000    0.016926    0.027676    0.000008    1.000000    0.250000    1.875263    0.999609    1.000000    51.924831   45.335873   1.875263    0.035889    0.999609    0.125662    0.114262    0.000643    0.998848    2.695369    0.006368    0.186058    0.000000    0.000050    0.000500    0.000005    0.000500    0.000500    0.000005    0.000050    0.000050    0.000050    0.672691    15.526422  
[37m[36mINFO[0m[0m 07/18 17:14:01 | 0.754135    0.738854    0.000000    0.949173    0.235662    0.936430    0.938034    0.973054    0.754135    0.738854    3600        86.227545   0.045113    0.017477    0.552570    0.068205    0.000000    0.500000    14.942788   8.979464    21.000000   0.068126    0.447564    0.982084    0.981090    0.017477    0.000000    0.000000    0.017477    0.027629    0.000007    1.000000    0.250000    1.891328    0.999598    1.000000    50.773570   45.335824   1.891328    0.036950    0.999598    0.124102    0.111957    0.001220    0.998953    2.400331    0.006100    0.173477    0.000000    0.000050    0.000500    0.000005    0.000500    0.000500    0.000005    0.000050    0.000050    0.000050    0.633851    15.829567  
[37m[36mINFO[0m[0m 07/18 17:15:34 | 0.698155    0.686624    0.000000    0.945051    0.216152    0.926650    0.959402    0.949102    0.698155    0.686624    3700        88.622754   0.045289    0.018029    0.545072    0.059553    0.000000    0.500000    15.154963   9.196375    21.000000   0.059472    0.455057    0.983640    0.982722    0.018029    0.000000    0.000000    0.018029    0.027254    0.000006    1.000000    0.250000    2.169544    0.999559    1.000000    54.158769   45.338603   2.169544    0.039737    0.999559    0.131317    0.124660    0.000546    0.999520    2.263269    0.006410    0.157147    0.000000    0.000050    0.000500    0.000005    0.000500    0.000500    0.000005    0.000050    0.000050    0.000050    0.669626    15.789911  
[37m[36mINFO[0m[0m 07/18 17:17:07 | 0.790076    0.796178    0.000000    0.960835    0.159985    0.946210    0.972222    0.964072    0.790076    0.796178    3800        91.017964   0.047151    0.019603    0.550859    0.052972    0.000000    0.500000    14.847779   9.428443    21.000000   0.052908    0.449274    0.983282    0.982314    0.019603    0.000000    0.000000    0.019603    0.027543    0.000005    1.000000    0.250000    2.044878    0.999555    1.000000    52.135816   45.339996   2.044878    0.038546    0.999555    0.128003    0.122118    0.000546    0.998801    2.176070    0.006277    0.154507    0.000000    0.000050    0.000500    0.000005    0.000500    0.000500    0.000005    0.000050    0.000050    0.000050    0.673396    15.686943  
[37m[36mINFO[0m[0m 07/18 17:18:36 | 0.809478    0.806369    0.000000    0.962176    0.149215    0.933985    0.976496    0.976048    0.809478    0.806369    3900        93.413174   0.039029    0.011571    0.549078    0.046099    0.000000    0.500000    14.936825   9.809458    21.000000   0.046026    0.451053    0.983948    0.983032    0.011571    0.000000    0.000000    0.011571    0.027454    0.000005    1.000000    0.250000    2.010201    0.999584    1.000000    52.865488   45.340547   2.010201    0.037828    0.999584    0.127656    0.123668    0.000449    0.999530    1.483985    0.005939    0.117116    0.000000    0.000050    0.000500    0.000005    0.000500    0.000500    0.000005    0.000050    0.000050    0.000050    0.636359    14.780368  
[37m[36mINFO[0m[0m 07/18 17:20:09 | 0.823791    0.821656    0.000000    0.949367    0.216450    0.924205    0.965812    0.958084    0.823791    0.821656    4000        95.808383   0.034978    0.007916    0.541169    0.039484    0.000000    0.500000    15.266311   9.890002    21.000000   0.039428    0.458953    0.985502    0.984665    0.007916    0.000000    0.000000    0.007916    0.027058    0.000004    1.000000    0.250000    2.383347    0.999534    1.000000    57.063797   45.339830   2.383347    0.041670    0.999534    0.134316    0.135506    0.000340    0.999886    1.431353    0.005723    0.095379    0.000000    0.000050    0.000500    0.000005    0.000500    0.000500    0.000005    0.000050    0.000050    0.000050    0.674804    14.549886  
[37m[36mINFO[0m[0m 07/18 17:21:36 | 0.750636    0.740127    0.000000    0.968308    0.121535    0.951100    0.980769    0.973054    0.750636    0.740127    4100        98.203593   0.041856    0.014005    0.556959    0.033208    0.000000    0.500000    14.775450   9.583521    21.000000   0.033143    0.443167    0.983499    0.982535    0.014005    0.000000    0.000000    0.014005    0.027848    0.000003    1.000000    0.250000    1.869872    0.999573    1.000000    49.855149   45.336610   1.869872    0.036980    0.999573    0.125687    0.119158    0.001449    0.998865    2.175176    0.006200    0.142984    0.000000    0.000050    0.000500    0.000005    0.000500    0.000500    0.000005    0.000050    0.000050    0.000050    0.628780    14.182112  
[37m[36mINFO[0m[0m 07/18 17:23:03 | 0.746501    0.754140    0.000000    0.945741    0.174972    0.919315    0.965812    0.952096    0.746501    0.754140    4200        100.598802  0.055441    0.026932    0.570126    0.027013    0.000000    0.500000    14.419970   8.926646    21.000000   0.026956    0.430007    0.980896    0.979770    0.026932    0.000000    0.000000    0.026932    0.028506    0.000003    1.000000    0.250000    1.427335    0.999601    1.000000    43.651878   45.338078   1.427335    0.032599    0.999601    0.119956    0.105994    0.001705    0.997755    3.071028    0.006955    0.224644    0.000000    0.000050    0.000500    0.000005    0.000500    0.000500    0.000005    0.000050    0.000050    0.000050    0.623651    15.086815  
[37m[36mINFO[0m[0m 07/18 17:24:30 | 0.781170    0.798726    0.000000    0.967455    0.148811    0.951100    0.972222    0.979042    0.781170    0.798726    4300        102.994012  0.039581    0.010535    0.580873    0.022606    0.000000    0.500000    14.152582   8.471474    21.000000   0.022573    0.419273    0.983889    0.982958    0.010535    0.000000    0.000000    0.010535    0.029044    0.000002    1.000000    0.250000    1.409473    0.999597    1.000000    43.883888   45.340986   1.409473    0.031980    0.999597    0.121098    0.108541    0.001725    0.996509    1.558747    0.005882    0.102454    0.000000    0.000050    0.000500    0.000005    0.000500    0.000500    0.000005    0.000050    0.000050    0.000050    0.616236    15.018142  
[37m[36mINFO[0m[0m 07/18 17:25:56 | 0.804707    0.794904    0.000000    0.969145    0.133108    0.960880    0.976496    0.970060    0.804707    0.794904    4400        105.389222  0.044162    0.015643    0.570328    0.019454    0.000000    0.500000    14.435496   8.249713    21.000000   0.019423    0.429809    0.982513    0.981514    0.015643    0.000000    0.000000    0.015643    0.028516    0.000002    1.000000    0.250000    1.453938    0.999608    1.000000    44.555128   45.342122   1.453938    0.032569    0.999608    0.121325    0.111768    0.000841    0.999504    2.550060    0.006316    0.157879    0.000000    0.000050    0.000500    0.000005    0.000500    0.000500    0.000005    0.000050    0.000050    0.000050    0.605822    15.575042  
[37m[36mINFO[0m[0m 07/18 17:27:20 | 0.771310    0.777070    0.000000    0.961083    0.156425    0.948655    0.961538    0.973054    0.771310    0.777070    4500        107.784431  0.041541    0.012427    0.582237    0.016596    0.000000    0.500000    13.996340   8.127028    21.000000   0.016571    0.417888    0.984796    0.983895    0.012427    0.000000    0.000000    0.012427    0.029112    0.000002    1.000000    0.250000    1.330693    0.999630    1.000000    43.531571   45.341581   1.330693    0.030535    0.999630    0.119465    0.108383    0.001050    0.998224    1.624912    0.005826    0.109898    0.000000    0.000050    0.000500    0.000005    0.000500    0.000500    0.000005    0.000050    0.000050    0.000050    0.595909    15.707904  
[37m[36mINFO[0m[0m 07/18 17:28:43 | 0.816476    0.815287    0.000000    0.947581    0.183262    0.929095    0.946581    0.967066    0.816476    0.815287    4600        110.179641  0.044296    0.015598    0.573937    0.014504    0.000000    0.500000    14.368926   8.216867    21.000000   0.014481    0.426190    0.984451    0.983523    0.015598    0.000000    0.000000    0.015598    0.028697    0.000001    1.000000    0.250000    1.635353    0.999582    1.000000    46.861048   45.344903   1.635353    0.034754    0.999582    0.126567    0.122021    0.001069    0.999630    2.097760    0.006310    0.156310    0.000000    0.000050    0.000500    0.000005    0.000500    0.000500    0.000005    0.000050    0.000050    0.000050    0.577879    15.973406  
[37m[36mINFO[0m[0m 07/18 17:30:07 | 0.805980    0.801274    0.000000    0.968167    0.137110    0.951100    0.974359    0.979042    0.805980    0.801274    4700        112.574850  0.043432    0.014836    0.571888    0.011399    0.000000    0.500000    14.175156   8.426297    21.000000   0.011365    0.428257    0.983719    0.982774    0.014836    0.000000    0.000000    0.014836    0.028594    0.000001    1.000000    0.250000    1.666566    0.999551    1.000000    43.645852   45.345301   1.666566    0.038116    0.999551    0.120183    0.114773    0.000734    0.999955    1.810528    0.006138    0.123435    0.000000    0.000050    0.000500    0.000005    0.000500    0.000500    0.000005    0.000050    0.000050    0.000050    0.590966    16.305111  
[37m[36mINFO[0m[0m 07/18 17:31:24 | 0.754135    0.763057    0.000000    0.963509    0.137969    0.948655    0.950855    0.991018    0.754135    0.763057    4800        114.970060  0.034555    0.006601    0.559067    0.008736    0.000000    0.500000    14.485772   8.994265    21.000000   0.008716    0.441064    0.985996    0.985121    0.006601    0.000000    0.000000    0.006601    0.027953    0.000001    1.000000    0.250000    2.048075    0.999530    1.000000    49.658433   45.348103   2.048075    0.041139    0.999530    0.130003    0.133603    0.000462    0.999986    1.258175    0.005722    0.082193    0.000000    0.000050    0.000500    0.000005    0.000500    0.000500    0.000005    0.000050    0.000050    0.000050    0.546832    14.871216  
[37m[36mINFO[0m[0m 07/18 17:32:40 | 0.714695    0.709554    0.000000    0.957925    0.173332    0.941320    0.959402    0.973054    0.714695    0.709554    4900        117.365269  0.047769    0.019776    0.559853    0.007148    0.000000    0.500000    14.443040   9.356023    21.000000   0.007134    0.440284    0.984063    0.983076    0.019776    0.000000    0.000000    0.019776    0.027993    0.000001    1.000000    0.250000    1.981717    0.999504    1.000000    48.146013   45.347100   1.981717    0.040802    0.999504    0.129229    0.130730    0.000544    0.999784    2.315334    0.006700    0.164515    0.000000    0.000050    0.000500    0.000005    0.000500    0.000500    0.000005    0.000050    0.000050    0.000050    0.543929    15.183555  
[37m[36mINFO[0m[0m 07/18 17:34:01 | 0.774491    0.778344    0.000000    0.961574    0.160264    0.953545    0.955128    0.976048    0.774491    0.778344    5000        119.760479  0.052233    0.023467    0.575305    0.005682    0.000000    0.500000    14.024623   8.895265    21.000000   0.005666    0.424831    0.981481    0.980408    0.023467    0.000000    0.000000    0.023467    0.028765    0.000001    1.000000    0.250000    1.442191    0.999553    1.000000    41.484897   45.345315   1.442191    0.034704    0.999553    0.119680    0.112719    0.000564    0.999204    2.749428    0.006981    0.195311    0.000000    0.000050    0.000500    0.000005    0.000500    0.000500    0.000005    0.000050    0.000050    0.000050    0.579349    15.472106  
[37m[36mINFO[0m[0m 07/18 17:34:01 | ---
[37m[33mWARNING[0m[0m 07/18 17:34:01 | Evaluate SWAD ...
[37m[36mINFO[0m[0m 07/18 17:34:17 | 0.810115    0.826752    0.000000    0.984708    0.128417    0.985330    0.980769    0.988024    0.810115    0.826752    [201-5000]  (N=49)
[37m[36mINFO[0m[0m 07/18 17:34:17 | oracle = 82.793%
[37m[36mINFO[0m[0m 07/18 17:34:17 | iid = 82.793%
[37m[36mINFO[0m[0m 07/18 17:34:17 | last = 77.449%
[37m[36mINFO[0m[0m 07/18 17:34:17 | last (inD) = 96.157%
[37m[36mINFO[0m[0m 07/18 17:34:17 | iid (inD) = 97.552%
[37m[36mINFO[0m[0m 07/18 17:34:17 | SWAD = 81.011%
[37m[36mINFO[0m[0m 07/18 17:34:17 | SWAD (inD) = 98.471%
[37m[36mINFO[0m[0m 07/18 17:34:17 | === Summary ===
[37m[36mINFO[0m[0m 07/18 17:34:17 | Command: train_all.py 4pacs_piccl_no_dccl --dataset PACS --algorithm PICCL --model resnet50 --deterministic --trial_seed 0 --seed 0 --checkpoint_freq 100 --steps 5000 --data_dir /home/hooasia/lgg/data/repro_dccl_data --use_piccl true --piccl_strict_bypass false --output_root train_output/PACS1 --l 0 --l_layer 0 --l_d 0 --t 0.1 --t_pre 0.2 --use_piccl true --piccl_fusion_mode residual_gate --piccl_gt_mode replace --piccl_rank 16 --piccl_isr_weight 0.05 --piccl_orth_weight 0.0001 --piccl_residual_scale 0.25 --piccl_gate_bias -2.5 --piccl_gt_mode replace --piccl_basis_receive_task_grad false
[37m[36mINFO[0m[0m 07/18 17:34:17 | Unique name: 260718_13-02-16_4pacs_piccl_no_dccl
[37m[36mINFO[0m[0m 07/18 17:34:17 | Out path: train_output/PACS1/260718_13-02-16_4pacs_piccl_no_dccl
[37m[36mINFO[0m[0m 07/18 17:34:17 | Algorithm: PICCL
[37m[36mINFO[0m[0m 07/18 17:34:17 | Dataset: PACS
+------------+---------+---------+---------+---------+---------+
| Selection  |   env0  |   env1  |   env2  |   env3  |   Avg.  |
+------------+---------+---------+---------+---------+---------+
|   oracle   | 87.187% | 85.501% | 97.680% | 82.793% | 88.290% |
|    iid     | 82.794% | 79.744% | 96.707% | 82.793% | 85.509% |
|    last    | 83.160% | 80.864% | 95.584% | 77.449% | 84.264% |
| last (inD) | 96.292% | 94.723% | 95.232% | 96.157% | 95.601% |
| iid (inD)  | 97.145% | 97.055% | 97.041% | 97.552% | 97.198% |
|    SWAD    | 89.994% | 83.902% | 98.204% | 81.011% | 88.278% |
| SWAD (inD) | 97.912% | 97.500% | 97.401% | 98.471% | 97.821% |
+------------+---------+---------+---------+---------+---------+
