[37m[36mINFO[0m[0m 08/28 09:43:50 | Command :: train_all.py pacs_b5c1_lr1e3_aug025_decomp --dataset PACS --algorithm CIPTDCCL --data_dir /home/hooasia/lgg/data/repro_dccl_data --deterministic --trial_seed 0 --seed 0 --checkpoint_freq 100 --cipt_clip_path /home/hooasia/.cache/clip/ViT-B-16.pt --cipt_beta 4 --cipt_gamma 5 --cipt_k 4 --cipt_prompt_length 16 --cipt_prompt_init a photo of a --cipt_template_mode b5c --cipt_causal_contrastive_weight 1 --cipt_contrastive_warmup_steps 500 --cipt_aug_decomp_weight 0.25 --output_root train_output/PACS_aug_decomp --lr 0.001 --weight_decay 0.0
Environment:
	Python: 3.10.20
	PyTorch: 2.5.1+cu121
	Torchvision: 0.20.1+cu121
	CUDA: 12.1
	CUDNN: 90100
	NumPy: 2.2.6
	PIL: 12.0.0
Args:
	TN: False
	algorithm: CIPTDCCL
	aug: 0
	checkpoint_freq: 100
	cipt_beta: 4.0
	cipt_clip_backbone: ViT-B/16
	cipt_clip_path: /home/hooasia/.cache/clip/ViT-B-16.pt
	cipt_contrastive_weight: 1.0
	cipt_debug_shapes: False
	cipt_enabled: True
	cipt_gamma: 5.0
	cipt_k: 4
	cipt_prompt_init: a photo of a
	cipt_prompt_length: 16
	cipt_tda_heads: 1
	configs: []
	data_dir: /home/hooasia/lgg/data/repro_dccl_data
	dataset: PACS
	debug: False
	deterministic: True
	domainnet_auto_source_count: 3
	erm_baseline: weak
	evalmode: fast
	holdout_fraction: 0.2
	l: 1
	l_d: None
	l_layer: None
	label_ratio: 1.0
	lamda: 5
	log: False
	mix: 0
	model: resnet50
	model_save: None
	n_layer: 1
	name: pacs_b5c1_lr1e3_aug025_decomp
	out_dir: train_output/PACS_aug_decomp/PACS/260828_09-43-50_pacs_b5c1_lr1e3_aug025_decomp
	out_root: train_output/PACS_aug_decomp/PACS
	output_root: train_output/PACS_aug_decomp
	pos_mask: False
	prebuild_loader: False
	re_w: False
	sample_d: False
	seed: 0
	show: False
	source_envs: None
	start_epoch: 1000
	steps: None
	sup: True
	t: 0.1
	t_pre: 0.2
	target_env: None
	tb_freq: 10
	test_envs: None
	trial_seed: 0
	two_ce: False
	unique_name: 260828_09-43-50_pacs_b5c1_lr1e3_aug025_decomp
	weak_erm: False
	work_dir: .
HParams:
	data_augmentation: True
	val_augment: False
	resnet18: False
	resnet_dropout: 0.0
	class_balanced: False
	optimizer: adam
	cipt_enabled: True
	cipt_clip_backbone: ViT-B/16
	cipt_clip_path: /home/hooasia/.cache/clip/ViT-B-16.pt
	cipt_beta: 4.0
	cipt_gamma: 5.0
	cipt_k: 4
	cipt_prompt_length: 16
	cipt_prompt_init: a photo of a
	[36mcipt_template_mode: b5c
	[0mcipt_tda_heads: 1
	cipt_contrastive_weight: 1.0
	cipt_debug_shapes: False
	freeze_bn: True
	pretrained: True
	[36mlr: 0.001
	[0mbatch_size: 32
	[36mweight_decay: 0.0
	[0mt: 0.1
	t_pre: 0.2
	l: 1
	l_d: 0.01
	l_layer: 1
	n_layer: 1
	sup: True
	two_ce: False
	sample_d: False
	re_w: False
	pos_mask: False
	mix: 0
	aug: 0
	model: resnet50
	label_ratio: 1.0
	TN: False
	lamda: 5
	start_epoch: 1000
	log: False
	swad: None
	swad_kwargs: 
	  n_converge: 3
	  n_tolerance: 6
	  tolerance_ratio: 0.3
	test_batchsize: 128
	indomain_test: False
	cipt_pure: False
	[36mcipt_causal_contrastive_weight: 1
	[0m[36mcipt_contrastive_warmup_steps: 500
	[0m[36mcipt_aug_decomp_weight: 0.25[0m
Dataset:
	[PACS] #envs=4, #classes=7
	env0: art_painting (#2048)
	env1: cartoon (#2344)
	env2: photo (#1670)
	env3: sketch (#3929)

[37m[36mINFO[0m[0m 08/28 09:43:55 | n_steps = 5001
[37m[36mINFO[0m[0m 08/28 09:43:55 | checkpoint_freq = 100
[37m[36mINFO[0m[0m 08/28 09:43:55 | n_steps is updated to 5001 => 5001 for checkpointing
[37m[36mINFO[0m[0m 08/28 09:43:55 | Target test envs = [[0], [1], [2], [3]]
[37m[36mINFO[0m[0m 08/28 09:43:55 | 
[37m[36mINFO[0m[0m 08/28 09:43:59 | Testenv name escaping te_art_painting -> te_art_painting
[37m[36mINFO[0m[0m 08/28 09:43:59 | Test envs = [0], name = te_art_painting
[37m[36mINFO[0m[0m 08/28 09:43:59 | Batch sizes for each domain: [0, 32, 32, 32] (total=96)
[37m[36mINFO[0m[0m 08/28 09:43:59 | steps-per-epoch for each domain: 58.62, 41.75, 98.25 -> min = 41.75
[37m[36mINFO[0m[0m 08/28 09:44:24 | # of params = 151206401
[37m[36mINFO[0m[0m 08/28 09:44:54 | test_in     test_out    train_in    train_out   tr_outloss  env0_in     env0_out    env1_out    env2_out    env3_out    step        epoch       total_loss  cipt_base_  cipt_cls_l  cipt_de_lo  cipt_de_or  cipt_de_au  aug_decomp  cipt_ind_l  causal_con  dccl_contr  contrastiv  pre_cl_los  reg_loss    mean_e_nor  mean_e_aug  mean_e_aug  mean_s_nor  mean_s_aug  mean_es_co  mean_e_aug  step_time   eval_time  
[37m[36mINFO[0m[0m 08/28 09:44:54 | 0.369128    0.334963    0.000000    0.372663    1.640802    0.369128    0.334963    0.440171    0.368263    0.309554    0           0.000000    13.040567   10.851477   2.082317    2.191416    2.191416    2.179617    1.000000    0.000700    0.000000    4.737075    0.002000    0.000000    0.000000    6.475749    6.491936    0.944625    6.610312    6.605876    -0.023554   -0.020749   1.175123    28.960327  
[37m[36mINFO[0m[0m 08/28 09:46:12 | 0.970104    0.982885    0.000000    0.983152    0.051808    0.970104    0.982885    0.997863    1.000000    0.951592    100         2.395210    1.136321    0.607130    0.108534    0.124287    0.124287    0.138536    1.000000    0.000290    0.000000    3.880724    0.103000    0.000000    0.000000    7.887036    7.795877    0.951517    10.604949   10.430594   -0.002961   0.000749    0.568041    20.476404  
[37m[36mINFO[0m[0m 08/28 09:47:30 | 0.973764    0.977995    0.000000    0.974509    0.081082    0.973764    0.977995    0.993590    1.000000    0.929936    200         4.790419    1.379886    0.222437    0.043815    0.044551    0.044551    0.058222    1.000000    0.000084    0.000000    3.634675    0.303000    0.000000    0.000000    8.525983    8.446210    0.958635    11.770816   11.514110   0.000126    0.005054    0.578455    19.971855  
[37m[36mINFO[0m[0m 08/28 09:48:46 | 0.979256    0.975550    0.000000    0.984001    0.050194    0.979256    0.975550    0.997863    1.000000    0.954140    300         7.185629    2.045260    0.202454    0.040259    0.040480    0.040480    0.053100    1.000000    0.000055    0.000000    3.560202    0.503000    0.000000    0.000000    9.083703    9.006284    0.964764    12.099239   11.826712   0.000180    0.004603    0.567620    20.104186  
[37m[36mINFO[0m[0m 08/28 09:50:05 | 0.973764    0.975550    0.000000    0.981878    0.054748    0.973764    0.975550    0.997863    1.000000    0.947771    400         9.580838    2.708337    0.183769    0.036535    0.036760    0.036760    0.051849    1.000000    0.000039    0.000000    3.517742    0.703000    0.000000    0.000000    9.748468    9.663693    0.969175    12.468090   12.161901   0.000262    0.004322    0.584927    20.226036  
[37m[36mINFO[0m[0m 08/28 09:51:22 | 0.977425    0.975550    0.000000    0.984426    0.053474    0.977425    0.975550    0.997863    1.000000    0.955414    500         11.976048   3.367618    0.157399    0.031170    0.031519    0.031519    0.047608    1.000000    0.000030    0.000000    3.502518    0.902980    0.000000    0.000000    10.175628   10.106161   0.972129    12.768799   12.447246   0.000037    0.003521    0.572534    19.912044  
[37m[36mINFO[0m[0m 08/28 09:52:41 | 0.976205    0.975550    0.000000    0.984001    0.046723    0.976205    0.975550    0.997863    1.000000    0.954140    600         14.371257   3.684468    0.156228    0.031094    0.031251    0.031251    0.046582    1.000000    0.000026    0.000000    3.481658    1.000000    0.000000    0.000000    10.831359   10.758892   0.975383    13.145644   12.790633   0.000282    0.003217    0.583039    19.953345  
[37m[36mINFO[0m[0m 08/28 09:53:58 | 0.976205    0.975550    0.000000    0.984426    0.046053    0.976205    0.975550    0.997863    1.000000    0.955414    700         16.766467   3.682483    0.158094    0.031324    0.031667    0.031667    0.046845    1.000000    0.000021    0.000000    3.477544    1.000000    0.000000    0.000000    11.279715   11.192293   0.977223    13.706800   13.312678   0.000106    0.002662    0.578178    19.830584  
[37m[36mINFO[0m[0m 08/28 09:55:16 | 0.975595    0.973105    0.000000    0.983152    0.051210    0.975595    0.973105    0.997863    1.000000    0.951592    800         19.161677   3.691322    0.164991    0.033109    0.032948    0.032948    0.047220    1.000000    0.000018    0.000000    3.479112    1.000000    0.000000    0.000000    11.734580   11.659777   0.977642    14.119127   13.694284   -0.000018   0.002244    0.574173    19.873320  
[37m[36mINFO[0m[0m 08/28 09:56:34 | 0.979866    0.980440    0.000000    0.982303    0.052222    0.979866    0.980440    0.997863    1.000000    0.949045    900         21.556886   3.668760    0.158019    0.032102    0.031458    0.031458    0.043353    1.000000    0.000017    0.000000    3.467388    1.000000    0.000000    0.000000    12.459356   12.397610   0.979621    14.726005   14.270595   0.000334    0.002426    0.581532    19.746222  
[37m[36mINFO[0m[0m 08/28 09:57:51 | 0.977425    0.973105    0.000000    0.986837    0.039584    0.977425    0.973105    1.000000    1.000000    0.960510    1000        23.952096   3.651716    0.142040    0.028638    0.028334    0.028334    0.044202    1.000000    0.000013    0.000000    3.465474    1.000000    0.000000    0.000000    12.756689   12.692081   0.980001    15.059702   14.568486   0.000040    0.001887    0.578447    19.874558  
[37m[36mINFO[0m[0m 08/28 09:59:10 | 0.976205    0.977995    0.000000    0.982303    0.054052    0.976205    0.977995    0.997863    1.000000    0.949045    1100        26.347305   3.628832    0.125572    0.025015    0.025123    0.025123    0.038113    1.000000    0.000013    0.000000    3.465148    1.000000    0.000000    0.000000    13.034484   12.955584   0.980317    15.503071   14.995549   0.000008    0.001843    0.585664    20.081391  
[37m[36mINFO[0m[0m 08/28 10:00:27 | 0.971324    0.973105    0.000000    0.987261    0.040948    0.971324    0.973105    1.000000    1.000000    0.961783    1200        28.742515   3.638108    0.133692    0.026794    0.026710    0.026710    0.041693    1.000000    0.000011    0.000000    3.462722    1.000000    0.000000    0.000000    13.322606   13.242314   0.980971    15.991592   15.440327   0.000093    0.001546    0.572079    19.749361  
[37m[36mINFO[0m[0m 08/28 10:01:44 | 0.976815    0.975550    0.000000    0.984713    0.051268    0.976815    0.975550    1.000000    1.000000    0.954140    1300        31.137725   3.622733    0.125231    0.025407    0.024944    0.024944    0.040796    1.000000    0.000010    0.000000    3.456706    1.000000    0.000000    0.000000    13.624527   13.560526   0.981196    16.403182   15.816047   0.000038    0.001383    0.574383    19.371221  
[37m[36mINFO[0m[0m 08/28 10:03:01 | 0.976205    0.975550    0.000000    0.986837    0.045493    0.976205    0.975550    1.000000    1.000000    0.960510    1400        33.532934   3.600099    0.109175    0.021800    0.021831    0.021831    0.037704    1.000000    0.000010    0.000000    3.453221    1.000000    0.000000    0.000000    14.096263   14.060378   0.982070    16.737152   16.132725   -0.000007   0.001273    0.569144    19.842567  
[37m[36mINFO[0m[0m 08/28 10:04:18 | 0.978035    0.977995    0.000000    0.984850    0.051037    0.978035    0.977995    0.997863    1.000000    0.956688    1500        35.928144   3.561878    0.085066    0.017199    0.016956    0.016956    0.032654    1.000000    0.000008    0.000000    3.444158    1.000000    0.000000    0.000000    14.146748   14.106037   0.982064    17.337234   16.698900   -0.000012   0.001329    0.572742    19.594719  
[37m[36mINFO[0m[0m 08/28 10:05:34 | 0.974985    0.973105    0.000000    0.984289    0.042127    0.974985    0.973105    1.000000    1.000000    0.952866    1600        38.323353   3.578546    0.097234    0.019461    0.019433    0.019433    0.031426    1.000000    0.000008    0.000000    3.449885    1.000000    0.000000    0.000000    14.480821   14.432628   0.982203    17.652393   16.996093   0.000023    0.001298    0.567271    19.866698  
[37m[36mINFO[0m[0m 08/28 10:06:51 | 0.974985    0.970660    0.000000    0.984289    0.047643    0.974985    0.970660    1.000000    1.000000    0.952866    1700        40.718563   3.619028    0.124949    0.025459    0.024862    0.024862    0.041140    1.000000    0.000008    0.000000    3.452940    1.000000    0.000000    0.000000    14.756685   14.677593   0.982540    17.912206   17.228658   0.000085    0.001123    0.571727    19.716734  
[37m[36mINFO[0m[0m 08/28 10:08:08 | 0.976205    0.977995    0.000000    0.981453    0.073933    0.976205    0.977995    0.997863    1.000000    0.946497    1800        43.113772   3.583233    0.096155    0.019499    0.019155    0.019155    0.036592    1.000000    0.000007    0.000000    3.450486    1.000000    0.000000    0.000000    15.016656   14.965545   0.982458    18.304896   17.599378   0.000021    0.001041    0.564979    19.868447  
[37m[36mINFO[0m[0m 08/28 10:09:24 | 0.974375    0.975550    0.000000    0.985563    0.053290    0.974375    0.975550    1.000000    1.000000    0.956688    1900        45.508982   3.582662    0.102969    0.020202    0.020681    0.020681    0.037972    1.000000    0.000009    0.000000    3.441722    1.000000    0.000000    0.000000    15.430117   15.355266   0.983253    19.614747   18.847851   0.000056    0.001035    0.568844    19.785878  
[37m[36mINFO[0m[0m 08/28 10:10:41 | 0.975595    0.977995    0.000000    0.986837    0.053793    0.975595    0.977995    1.000000    1.000000    0.960510    2000        47.904192   3.563873    0.092249    0.019212    0.018252    0.018252    0.032280    1.000000    0.000006    0.000000    3.439344    1.000000    0.000000    0.000000    15.799669   15.752579   0.983421    20.017490   19.251171   -0.000004   0.000871    0.571540    19.642596  
[37m[36mINFO[0m[0m 08/28 10:11:58 | 0.976205    0.977995    0.000000    0.984426    0.048198    0.976205    0.977995    0.997863    1.000000    0.955414    2100        50.299401   3.553192    0.082938    0.017206    0.016426    0.016426    0.032379    1.000000    0.000005    0.000000    3.437875    1.000000    0.000000    0.000000    16.145736   16.069597   0.983636    20.180570   19.387290   -0.000031   0.000972    0.573196    19.836993  
[37m[36mINFO[0m[0m 08/28 10:13:15 | 0.976205    0.973105    0.000000    0.983289    0.051542    0.976205    0.973105    0.995726    1.000000    0.954140    2200        52.694611   3.534044    0.069276    0.013822    0.013857    0.013857    0.030829    1.000000    0.000005    0.000000    3.433938    1.000000    0.000000    0.000000    16.245450   16.168486   0.983322    20.499296   19.695150   0.000118    0.001057    0.573161    19.691863  
[37m[36mINFO[0m[0m 08/28 10:14:33 | 0.976205    0.975550    0.000000    0.985138    0.049592    0.976205    0.975550    1.000000    1.000000    0.955414    2300        55.089820   3.570274    0.090824    0.018920    0.017970    0.017970    0.034852    1.000000    0.000005    0.000000    3.444598    1.000000    0.000000    0.000000    16.538927   16.460795   0.983532    20.991084   20.144339   -0.000107   0.000558    0.575306    19.761197  
[37m[36mINFO[0m[0m 08/28 10:15:49 | 0.975595    0.975550    0.000000    0.987686    0.044607    0.975595    0.975550    1.000000    1.000000    0.963057    2400        57.485030   3.541867    0.076705    0.015753    0.015232    0.015232    0.030642    1.000000    0.000005    0.000000    3.434520    1.000000    0.000000    0.000000    16.964375   16.882339   0.983931    21.473477   20.608728   0.000035    0.000590    0.569452    19.931245  
[37m[36mINFO[0m[0m 08/28 10:17:07 | 0.974375    0.970660    0.000000    0.986837    0.047201    0.974375    0.970660    1.000000    1.000000    0.960510    2500        59.880240   3.556526    0.082910    0.017053    0.016459    0.016459    0.036421    1.000000    0.000004    0.000000    3.437195    1.000000    0.000000    0.000000    17.265588   17.162120   0.983581    22.067345   21.131735   -0.000012   0.000426    0.577251    19.732302  
[37m[36mINFO[0m[0m 08/28 10:18:24 | 0.971934    0.970660    0.000000    0.986124    0.041747    0.971934    0.970660    0.997863    1.000000    0.960510    2600        62.275449   3.528485    0.070473    0.013921    0.014133    0.014133    0.030407    1.000000    0.000004    0.000000    3.427605    1.000000    0.000000    0.000000    17.438763   17.375225   0.983656    22.548016   21.607238   0.000070    0.000554    0.571629    19.842155  
[37m[36mINFO[0m[0m 08/28 10:19:42 | 0.973764    0.973105    0.000000    0.980878    0.056599    0.973764    0.973105    0.993590    1.000000    0.949045    2700        64.670659   3.563565    0.085308    0.017390    0.016975    0.016975    0.037122    1.000000    0.000004    0.000000    3.441134    1.000000    0.000000    0.000000    17.786768   17.719084   0.983991    23.494816   22.512876   0.000080    0.000642    0.584297    19.661807  
[37m[36mINFO[0m[0m 08/28 10:20:59 | 0.974375    0.968215    0.000000    0.986124    0.042518    0.974375    0.968215    0.997863    1.000000    0.960510    2800        67.065868   3.571085    0.088112    0.018237    0.017464    0.017464    0.037997    1.000000    0.000004    0.000000    3.444976    1.000000    0.000000    0.000000    18.151704   18.087593   0.983845    23.977721   22.984634   0.000072    0.000737    0.570849    19.679246  
[37m[36mINFO[0m[0m 08/28 10:22:16 | 0.974375    0.963325    0.000000    0.986124    0.042096    0.974375    0.963325    0.997863    1.000000    0.960510    2900        69.461078   3.545495    0.076813    0.016052    0.015186    0.015186    0.034060    1.000000    0.000003    0.000000    3.434622    1.000000    0.000000    0.000000    18.475680   18.387677   0.984215    24.240034   23.226683   -0.000158   0.000325    0.577758    19.746064  
[37m[36mINFO[0m[0m 08/28 10:23:34 | 0.967053    0.963325    0.000000    0.986549    0.049011    0.967053    0.963325    0.997863    1.000000    0.961783    3000        71.856287   3.555758    0.084317    0.017434    0.016717    0.016717    0.034524    1.000000    0.000003    0.000000    3.436917    1.000000    0.000000    0.000000    18.682353   18.603611   0.983869    24.519786   23.475876   0.000078    0.000524    0.570454    20.216071  
[37m[36mINFO[0m[0m 08/28 10:24:50 | 0.970714    0.968215    0.000000    0.986412    0.045222    0.970714    0.968215    1.000000    1.000000    0.959236    3100        74.251497   3.559327    0.080719    0.017131    0.015893    0.015893    0.036713    1.000000    0.000003    0.000000    3.441895    1.000000    0.000000    0.000000    18.996190   18.925647   0.984334    24.863623   23.787253   0.000053    0.000257    0.567643    19.909392  
[37m[36mINFO[0m[0m 08/28 10:26:09 | 0.971934    0.968215    0.000000    0.985563    0.062015    0.971934    0.968215    1.000000    1.000000    0.956688    3200        76.646707   3.538530    0.074397    0.015415    0.014741    0.014741    0.030853    1.000000    0.000004    0.000000    3.433281    1.000000    0.000000    0.000000    19.320456   19.220176   0.984267    25.224158   24.111917   0.000074    0.000193    0.584574    20.026326  
[37m[36mINFO[0m[0m 08/28 10:27:27 | 0.967053    0.960880    0.000000    0.981878    0.056290    0.967053    0.960880    0.997863    1.000000    0.947771    3300        79.041916   3.561629    0.086813    0.019258    0.016883    0.016883    0.036726    1.000000    0.000004    0.000000    3.438091    1.000000    0.000000    0.000000    19.650355   19.572324   0.984400    26.305290   25.164740   -0.000184   0.000226    0.576961    20.081358  
[37m[36mINFO[0m[0m 08/28 10:28:45 | 0.968273    0.965770    0.000000    0.983140    0.062548    0.968273    0.965770    0.995726    0.997006    0.956688    3400        81.437126   3.544945    0.075478    0.016682    0.014693    0.014693    0.034196    1.000000    0.000005    0.000000    3.435271    1.000000    0.000000    0.000000    20.257969   20.151007   0.984738    26.758787   25.568128   0.000179    0.000561    0.575997    20.852681  
[37m[36mINFO[0m[0m 08/28 10:30:03 | 0.973154    0.965770    0.000000    0.982715    0.051985    0.973154    0.965770    0.995726    0.997006    0.955414    3500        83.832335   3.532487    0.066095    0.013287    0.013198    0.013198    0.031480    1.000000    0.000003    0.000000    3.434912    1.000000    0.000000    0.000000    20.440700   20.337086   0.984813    27.213200   26.032757   -0.000167   0.000109    0.572630    20.390166  
[37m[36mINFO[0m[0m 08/28 10:31:20 | 0.973764    0.965770    0.000000    0.982715    0.062157    0.973764    0.965770    0.995726    0.997006    0.955414    3600        86.227545   3.549907    0.078243    0.016193    0.015508    0.015508    0.034559    1.000000    0.000003    0.000000    3.437106    1.000000    0.000000    0.000000    20.995759   20.870991   0.985289    27.708342   26.508864   0.000112    0.000333    0.572008    20.260705  
[37m[36mINFO[0m[0m 08/28 10:32:38 | 0.973154    0.965770    0.000000    0.985138    0.054664    0.973154    0.965770    1.000000    1.000000    0.955414    3700        88.622754   3.537695    0.067993    0.013948    0.013507    0.013507    0.032543    1.000000    0.000004    0.000000    3.437158    1.000000    0.000000    0.000000    21.143391   20.990562   0.984748    28.330536   27.083271   -0.000025   -0.000010   0.565762    20.512584  
[37m[36mINFO[0m[0m 08/28 10:33:55 | 0.973764    0.968215    0.000000    0.985275    0.052901    0.973764    0.968215    0.997863    1.000000    0.957962    3800        91.017964   3.565920    0.091381    0.019534    0.017958    0.017958    0.035689    1.000000    0.000003    0.000000    3.438850    1.000000    0.000000    0.000000    21.379024   21.278734   0.985035    29.276540   27.978097   -0.000118   -0.000082   0.572851    20.121997  
[37m[36mINFO[0m[0m 08/28 10:35:12 | 0.972544    0.968215    0.000000    0.982440    0.050581    0.972544    0.968215    0.995726    1.000000    0.951592    3900        93.413174   3.533277    0.058020    0.011812    0.011549    0.011549    0.036978    1.000000    0.000003    0.000000    3.438279    1.000000    0.000000    0.000000    21.509705   21.408249   0.984581    29.595584   28.273807   0.000023    -0.000014   0.563476    20.269162  
[37m[36mINFO[0m[0m 08/28 10:36:29 | 0.966443    0.970660    0.000000    0.982440    0.069286    0.966443    0.970660    0.995726    1.000000    0.951592    4000        95.808383   3.524481    0.068104    0.014074    0.013504    0.013504    0.028760    1.000000    0.000003    0.000000    3.427617    1.000000    0.000000    0.000000    21.972854   21.853997   0.985249    30.019785   28.671452   0.000151    0.000242    0.567843    20.305401  
[37m[36mINFO[0m[0m 08/28 10:37:46 | 0.968273    0.963325    0.000000    0.986549    0.045482    0.968273    0.963325    0.997863    1.000000    0.961783    4100        98.203593   3.539264    0.071725    0.014535    0.014294    0.014294    0.034311    1.000000    0.000003    0.000000    3.433228    1.000000    0.000000    0.000000    22.196372   22.050271   0.984602    30.889799   29.487976   -0.000046   0.000108    0.571726    20.346627  
[37m[36mINFO[0m[0m 08/28 10:39:04 | 0.968883    0.965770    0.000000    0.982715    0.059010    0.968883    0.965770    0.995726    0.997006    0.955414    4200        100.598802  3.526458    0.063432    0.012999    0.012605    0.012605    0.029013    1.000000    0.000002    0.000000    3.434013    1.000000    0.000000    0.000000    22.290999   22.130965   0.985183    31.486073   30.056048   0.000045    0.000103    0.576549    20.324169  
[37m[36mINFO[0m[0m 08/28 10:40:22 | 0.970104    0.965770    0.000000    0.985126    0.060255    0.970104    0.965770    0.997863    0.997006    0.960510    4300        102.994012  3.539625    0.076682    0.016598    0.015018    0.015018    0.031955    1.000000    0.000002    0.000000    3.430988    1.000000    0.000000    0.000000    22.755668   22.605081   0.985085    31.791068   30.298646   -0.000022   0.000051    0.571726    20.745745  
[37m[36mINFO[0m[0m 08/28 10:41:40 | 0.968273    0.968215    0.000000    0.985839    0.052889    0.968273    0.968215    1.000000    0.997006    0.960510    4400        105.389222  3.519351    0.066286    0.013841    0.013108    0.013108    0.029593    1.000000    0.000002    0.000000    3.423472    1.000000    0.000000    0.000000    23.199840   23.060721   0.985354    32.095738   30.618970   0.000067    0.000216    0.578989    19.812673  
[37m[36mINFO[0m[0m 08/28 10:42:58 | 0.970714    0.968215    0.000000    0.980168    0.065228    0.970714    0.968215    0.995726    0.997006    0.947771    4500        107.784431  3.534919    0.064299    0.013446    0.012710    0.012710    0.037180    1.000000    0.000003    0.000000    3.433441    1.000000    0.000000    0.000000    23.581711   23.406758   0.985250    32.897312   31.356199   0.000044    0.000130    0.572775    20.325829  
[37m[36mINFO[0m[0m 08/28 10:44:15 | 0.970714    0.965770    0.000000    0.985976    0.048697    0.970714    0.965770    0.997863    0.997006    0.963057    4600        110.179641  3.529069    0.068115    0.014089    0.013504    0.013504    0.032702    1.000000    0.000002    0.000000    3.428252    1.000000    0.000000    0.000000    23.929099   23.825901   0.985206    33.990808   32.416791   -0.000042   0.000128    0.570880    20.537578  
[37m[36mINFO[0m[0m 08/28 10:45:33 | 0.967053    0.968215    0.000000    0.985551    0.048780    0.967053    0.968215    0.997863    0.997006    0.961783    4700        112.574850  3.530016    0.069156    0.013957    0.013797    0.013797    0.030629    1.000000    0.000002    0.000000    3.430231    1.000000    0.000000    0.000000    23.974148   23.834496   0.984974    34.673895   33.059056   -0.000016   0.000177    0.575321    19.755068  
[37m[36mINFO[0m[0m 08/28 10:46:51 | 0.967663    0.963325    0.000000    0.976919    0.078935    0.967663    0.963325    0.995726    1.000000    0.935032    4800        114.970060  3.533564    0.071548    0.015106    0.014108    0.014108    0.032927    1.000000    0.000002    0.000000    3.429089    1.000000    0.000000    0.000000    24.309224   24.175718   0.985677    35.506631   33.822233   0.000051    0.000154    0.575361    20.681448  
[37m[36mINFO[0m[0m 08/28 10:48:09 | 0.969494    0.968215    0.000000    0.982440    0.061781    0.969494    0.968215    0.995726    1.000000    0.951592    4900        117.365269  3.549282    0.072035    0.016717    0.013826    0.013826    0.039203    1.000000    0.000003    0.000000    3.438044    1.000000    0.000000    0.000000    24.882805   24.716133   0.985367    36.075918   34.326425   0.000024    0.000110    0.572132    21.293868  
[37m[36mINFO[0m[0m 08/28 10:49:17 | 0.971324    0.968215    0.000000    0.986974    0.057081    0.971324    0.968215    0.997863    1.000000    0.963057    5000        119.760479  3.530298    0.068339    0.014157    0.013543    0.013543    0.032356    1.000000    0.000002    0.000000    3.429602    1.000000    0.000000    0.000000    25.143179   24.991764   0.985465    36.391037   34.719962   -0.000070   -0.000130   0.491568    18.000256  
[37m[36mINFO[0m[0m 08/28 10:49:17 | ---
[37m[36mINFO[0m[0m 08/28 10:49:17 | oracle = 97.010%
[37m[36mINFO[0m[0m 08/28 10:49:17 | iid = 97.559%
[37m[36mINFO[0m[0m 08/28 10:49:17 | last = 97.132%
[37m[36mINFO[0m[0m 08/28 10:49:17 | last (inD) = 98.697%
[37m[36mINFO[0m[0m 08/28 10:49:17 | iid (inD) = 98.769%
[37m[36mINFO[0m[0m 08/28 10:49:17 | 
[37m[36mINFO[0m[0m 08/28 10:49:21 | Testenv name escaping te_cartoon -> te_cartoon
[37m[36mINFO[0m[0m 08/28 10:49:21 | Test envs = [1], name = te_cartoon
[37m[36mINFO[0m[0m 08/28 10:49:21 | Batch sizes for each domain: [32, 0, 32, 32] (total=96)
[37m[36mINFO[0m[0m 08/28 10:49:21 | steps-per-epoch for each domain: 51.22, 41.75, 98.25 -> min = 41.75
[37m[36mINFO[0m[0m 08/28 10:49:44 | # of params = 151206401
[37m[36mINFO[0m[0m 08/28 10:50:11 | test_in     test_out    train_in    train_out   tr_outloss  env0_out    env1_in     env1_out    env2_out    env3_out    step        epoch       total_loss  cipt_base_  cipt_cls_l  cipt_de_lo  cipt_de_or  cipt_de_au  aug_decomp  cipt_ind_l  causal_con  dccl_contr  contrastiv  pre_cl_los  reg_loss    mean_e_nor  mean_e_aug  mean_e_aug  mean_s_nor  mean_s_aug  mean_es_co  mean_e_aug  step_time   eval_time  
[37m[36mINFO[0m[0m 08/28 10:50:11 | 0.218550    0.222222    0.000000    0.248071    1.855000    0.256724    0.218550    0.222222    0.296407    0.191083    0           0.000000    14.195985   11.868007   2.238969    2.405240    2.405240    2.317973    1.000000    0.001615    0.000000    5.002679    0.002000    0.000000    0.000000    6.163232    6.196944    0.926979    6.399341    6.444818    -0.047598   -0.060707   0.712331    26.818196  
[37m[36mINFO[0m[0m 08/28 10:51:37 | 0.988806    0.991453    0.000000    0.980180    0.062055    0.990220    0.988806    0.991453    1.000000    0.950318    100         2.395210    1.350178    0.783009    0.139074    0.160159    0.160159    0.171829    1.000000    0.000659    0.000000    3.949090    0.103000    0.000000    0.000000    7.412130    7.392710    0.937072    11.373114   11.012232   -0.006515   -0.014162   0.578243    27.769390  
[37m[36mINFO[0m[0m 08/28 10:52:57 | 0.982409    0.985043    0.000000    0.975152    0.065430    0.985330    0.982409    0.985043    1.000000    0.940127    200         4.790419    1.412292    0.243424    0.048095    0.048708    0.048708    0.064516    1.000000    0.000100    0.000000    3.652936    0.303000    0.000000    0.000000    8.249514    8.278003    0.950555    12.720756   12.266951   -0.000294   -0.008533   0.585702    21.179848  
[37m[36mINFO[0m[0m 08/28 10:54:16 | 0.984542    0.989316    0.000000    0.980214    0.050598    0.987775    0.984542    0.989316    1.000000    0.952866    300         7.185629    2.089532    0.231920    0.046266    0.046338    0.046338    0.061372    1.000000    0.000061    0.000000    3.574022    0.503000    0.000000    0.000000    9.001729    9.045652    0.959772    13.094634   12.600046   0.000278    -0.006536   0.583709    20.466260  
[37m[36mINFO[0m[0m 08/28 10:55:35 | 0.985075    0.989316    0.000000    0.981453    0.057016    0.990220    0.985075    0.989316    1.000000    0.954140    400         9.580838    2.746207    0.205054    0.041190    0.040911    0.040911    0.057641    1.000000    0.000044    0.000000    3.533671    0.703000    0.000000    0.000000    9.542055    9.581046    0.966139    13.280334   12.792737   0.000191    -0.005334   0.584025    21.095662  
[37m[36mINFO[0m[0m 08/28 10:56:55 | 0.980810    0.987179    0.000000    0.984748    0.049050    0.997555    0.980810    0.987179    1.000000    0.956688    500         11.976048   3.367530    0.160541    0.031971    0.032096    0.032096    0.045726    1.000000    0.000037    0.000000    3.501783    0.902980    0.000000    0.000000    10.131471   10.147267   0.970335    13.538981   13.012227   0.000217    -0.004420   0.582778    21.048269  
[37m[36mINFO[0m[0m 08/28 10:58:12 | 0.985608    0.989316    0.000000    0.981488    0.058263    0.987775    0.985608    0.989316    1.000000    0.956688    600         14.371257   3.680316    0.149767    0.029852    0.029941    0.029941    0.044378    1.000000    0.000030    0.000000    3.486172    1.000000    0.000000    0.000000    10.521324   10.539798   0.972808    13.773366   13.240789   -0.000026   -0.004242   0.576462    19.912946  
[37m[36mINFO[0m[0m 08/28 10:59:31 | 0.982409    0.991453    0.000000    0.982268    0.051590    0.992665    0.982409    0.991453    1.000000    0.954140    700         16.766467   3.715575    0.180497    0.036141    0.036056    0.036056    0.052259    1.000000    0.000027    0.000000    3.482819    1.000000    0.000000    0.000000    10.865158   10.881263   0.973879    14.026162   13.456010   0.000033    -0.003381   0.594362    19.330176  
[37m[36mINFO[0m[0m 08/28 11:00:50 | 0.984542    0.987179    0.000000    0.981029    0.052903    0.990220    0.984542    0.987179    1.000000    0.952866    800         19.161677   3.663502    0.140612    0.027961    0.028132    0.028132    0.045911    1.000000    0.000025    0.000000    3.476979    1.000000    0.000000    0.000000    11.205583   11.248409   0.975433    14.303370   13.705147   -0.000224   -0.004016   0.598268    19.232250  
[37m[36mINFO[0m[0m 08/28 11:02:08 | 0.986674    0.993590    0.000000    0.983577    0.047701    0.990220    0.986674    0.993590    1.000000    0.960510    900         21.556886   3.637341    0.124510    0.024925    0.024870    0.024870    0.045270    1.000000    0.000021    0.000000    3.467561    1.000000    0.000000    0.000000    11.432197   11.491430   0.976380    14.595470   13.986094   0.000364    -0.002945   0.584226    19.222101  
[37m[36mINFO[0m[0m 08/28 11:03:26 | 0.980810    0.982906    0.000000    0.984816    0.047252    0.992665    0.980810    0.982906    1.000000    0.961783    1000        23.952096   3.626181    0.126317    0.025184    0.025261    0.025261    0.039843    1.000000    0.000018    0.000000    3.460021    1.000000    0.000000    0.000000    11.725602   11.807074   0.977178    15.032816   14.395358   -0.000274   -0.002942   0.588339    19.401433  
[37m[36mINFO[0m[0m 08/28 11:04:43 | 0.981343    0.985043    0.000000    0.983003    0.047019    0.990220    0.981343    0.985043    0.997006    0.961783    1100        26.347305   3.614358    0.115741    0.023028    0.023157    0.023157    0.040113    1.000000    0.000017    0.000000    3.458503    1.000000    0.000000    0.000000    11.990974   12.053512   0.977498    15.349426   14.699014   -0.000015   -0.002790   0.577365    19.329112  
[37m[36mINFO[0m[0m 08/28 11:06:02 | 0.977079    0.982906    0.000000    0.980353    0.058248    0.997555    0.977079    0.982906    0.997006    0.946497    1200        28.742515   3.627397    0.128301    0.025625    0.025649    0.025649    0.041930    1.000000    0.000016    0.000000    3.457166    1.000000    0.000000    0.000000    12.344368   12.418660   0.978391    15.657528   14.978434   0.000024    -0.002657   0.591337    19.475793  
[37m[36mINFO[0m[0m 08/28 11:07:20 | 0.982409    0.991453    0.000000    0.980214    0.057526    0.987775    0.982409    0.991453    1.000000    0.952866    1300        31.137725   3.628004    0.129977    0.027030    0.025719    0.025719    0.041346    1.000000    0.000014    0.000000    3.456681    1.000000    0.000000    0.000000    12.689257   12.747311   0.979298    16.123070   15.406416   0.000177    -0.002597   0.586676    19.746663  
[37m[36mINFO[0m[0m 08/28 11:08:38 | 0.982942    0.991453    0.000000    0.984243    0.043486    0.992665    0.982942    0.991453    0.997006    0.963057    1400        33.532934   3.619529    0.122223    0.025475    0.024166    0.024166    0.039450    1.000000    0.000017    0.000000    3.457856    1.000000    0.000000    0.000000    13.224957   13.283784   0.979737    16.494872   15.749795   -0.000060   -0.002701   0.584592    19.475112  
[37m[36mINFO[0m[0m 08/28 11:09:55 | 0.984542    0.989316    0.000000    0.986515    0.048404    0.992665    0.984542    0.989316    1.000000    0.966879    1500        35.928144   3.588624    0.104372    0.020627    0.020920    0.020920    0.040495    1.000000    0.000013    0.000000    3.443757    1.000000    0.000000    0.000000    13.475720   13.519943   0.980184    16.777658   16.018898   0.000056    -0.002518   0.582133    19.187081  
[37m[36mINFO[0m[0m 08/28 11:11:14 | 0.980810    0.985043    0.000000    0.980282    0.059919    0.982885    0.980810    0.985043    1.000000    0.957962    1600        38.323353   3.585088    0.092298    0.018541    0.018425    0.018425    0.038552    1.000000    0.000012    0.000000    3.454238    1.000000    0.000000    0.000000    13.663874   13.750492   0.980183    17.490153   16.696827   -0.000134   -0.002965   0.586419    19.371363  
[37m[36mINFO[0m[0m 08/28 11:12:31 | 0.984009    0.987179    0.000000    0.986515    0.046149    0.992665    0.984009    0.987179    1.000000    0.966879    1700        40.718563   3.574467    0.095157    0.019205    0.018974    0.018974    0.034577    1.000000    0.000011    0.000000    3.444733    1.000000    0.000000    0.000000    13.812699   13.889426   0.980461    17.840839   16.996722   0.000063    -0.002318   0.578018    19.385616  
[37m[36mINFO[0m[0m 08/28 11:13:48 | 0.980277    0.987179    0.000000    0.984426    0.044843    0.990220    0.980277    0.987179    1.000000    0.963057    1800        43.113772   3.614217    0.114042    0.023427    0.022637    0.022637    0.043545    1.000000    0.000013    0.000000    3.456630    1.000000    0.000000    0.000000    14.045129   14.138221   0.980324    18.156472   17.318609   -0.000176   -0.002458   0.583016    19.153543  
[37m[36mINFO[0m[0m 08/28 11:15:06 | 0.979744    0.985043    0.000000    0.981522    0.049538    0.985330    0.979744    0.985043    1.000000    0.959236    1900        45.508982   3.590716    0.098060    0.019854    0.019540    0.019540    0.042318    1.000000    0.000009    0.000000    3.450338    1.000000    0.000000    0.000000    14.447843   14.505716   0.980792    18.545554   17.661840   -0.000042   -0.002032   0.581849    19.291473  
[37m[36mINFO[0m[0m 08/28 11:16:24 | 0.982942    0.989316    0.000000    0.982762    0.054255    0.987775    0.982942    0.989316    1.000000    0.960510    2000        47.904192   3.597824    0.110150    0.022159    0.021986    0.021986    0.038899    1.000000    0.000009    0.000000    3.448774    1.000000    0.000000    0.000000    14.815894   14.902612   0.981214    18.957352   18.058804   0.000236    -0.001927   0.588774    19.225196  
[37m[36mINFO[0m[0m 08/28 11:17:41 | 0.978678    0.982906    0.000000    0.984816    0.057337    0.992665    0.978678    0.982906    1.000000    0.961783    2100        50.299401   3.591082    0.103869    0.020963    0.020712    0.020712    0.039711    1.000000    0.000012    0.000000    3.447501    1.000000    0.000000    0.000000    14.951468   15.032947   0.981268    19.636579   18.688380   -0.000156   -0.002075   0.582954    19.246727  
[37m[36mINFO[0m[0m 08/28 11:18:58 | 0.981343    0.989316    0.000000    0.980065    0.054799    0.987775    0.981343    0.989316    0.997006    0.955414    2200        52.694611   3.595363    0.105013    0.021375    0.020897    0.020897    0.041137    1.000000    0.000010    0.000000    3.449213    1.000000    0.000000    0.000000    15.542343   15.609211   0.981348    20.552930   19.557167   -0.000018   -0.001760   0.575461    18.967725  
[37m[36mINFO[0m[0m 08/28 11:20:15 | 0.979744    0.980769    0.000000    0.983967    0.051973    0.992665    0.979744    0.980769    1.000000    0.959236    2300        55.089820   3.558427    0.089002    0.017950    0.017753    0.017753    0.031382    1.000000    0.000008    0.000000    3.438043    1.000000    0.000000    0.000000    15.629856   15.699294   0.981469    20.836490   19.805313   -0.000069   -0.002028   0.579035    19.225441  
[37m[36mINFO[0m[0m 08/28 11:21:33 | 0.981343    0.985043    0.000000    0.984392    0.050819    0.992665    0.981343    0.985043    1.000000    0.960510    2400        57.485030   3.578331    0.099687    0.020324    0.019831    0.019831    0.032513    1.000000    0.000007    0.000000    3.446132    1.000000    0.000000    0.000000    15.924013   16.023390   0.981814    21.319511   20.277989   -0.000109   -0.001863   0.588862    19.187952  
[37m[36mINFO[0m[0m 08/28 11:22:50 | 0.983475    0.987179    0.000000    0.979216    0.057079    0.987775    0.983475    0.987179    0.997006    0.952866    2500        59.880240   3.562520    0.083420    0.018210    0.016295    0.016295    0.035165    1.000000    0.000006    0.000000    3.443935    1.000000    0.000000    0.000000    16.010948   16.088534   0.981484    21.551692   20.467606   0.000061    -0.001657   0.579166    19.294916  
[37m[36mINFO[0m[0m 08/28 11:24:08 | 0.980277    0.974359    0.000000    0.982969    0.051476    0.992665    0.980277    0.974359    0.997006    0.959236    2600        62.275449   3.577671    0.100564    0.021218    0.019825    0.019825    0.037235    1.000000    0.000009    0.000000    3.439873    1.000000    0.000000    0.000000    16.508717   16.608088   0.982287    21.836186   20.733632   0.000085    -0.001430   0.578652    19.148645  
[37m[36mINFO[0m[0m 08/28 11:25:26 | 0.981343    0.985043    0.000000    0.983428    0.046148    0.990220    0.981343    0.985043    0.997006    0.963057    2700        64.670659   3.590869    0.104047    0.021871    0.020533    0.020533    0.040706    1.000000    0.000009    0.000000    3.446116    1.000000    0.000000    0.000000    16.750503   16.834992   0.982000    22.123584   21.012982   -0.000162   -0.001802   0.589807    19.132076  
[37m[36mINFO[0m[0m 08/28 11:26:43 | 0.980277    0.985043    0.000000    0.983118    0.050827    0.992665    0.980277    0.985043    1.000000    0.956688    2800        67.065868   3.601920    0.108767    0.022322    0.021598    0.021598    0.044425    1.000000    0.000011    0.000000    3.448728    1.000000    0.000000    0.000000    17.199384   17.335620   0.982313    22.555298   21.415741   0.000142    -0.001659   0.583293    19.198382  
[37m[36mINFO[0m[0m 08/28 11:28:02 | 0.974414    0.976496    0.000000    0.983818    0.052154    0.992665    0.974414    0.976496    0.997006    0.961783    2900        69.461078   3.580053    0.095189    0.019279    0.018968    0.018968    0.039535    1.000000    0.000007    0.000000    3.445329    1.000000    0.000000    0.000000    17.466845   17.583278   0.981844    23.093465   21.920612   -0.000201   -0.001790   0.588245    19.790404  
[37m[36mINFO[0m[0m 08/28 11:29:20 | 0.978145    0.985043    0.000000    0.983462    0.048054    0.987775    0.978145    0.985043    0.997006    0.965605    3000        71.856287   3.542734    0.064352    0.013486    0.012710    0.012710    0.037815    1.000000    0.000005    0.000000    3.440567    1.000000    0.000000    0.000000    17.639488   17.738380   0.982048    23.614938   22.429985   0.000095    -0.001416   0.581683    19.539397  
[37m[36mINFO[0m[0m 08/28 11:30:37 | 0.977079    0.982906    0.000000    0.982969    0.056360    0.992665    0.977079    0.982906    0.997006    0.959236    3100        74.251497   3.536010    0.069356    0.013536    0.013947    0.013947    0.031710    1.000000    0.000007    0.000000    3.434944    1.000000    0.000000    0.000000    17.860570   18.025495   0.982670    24.028727   22.768713   -0.000068   -0.001636   0.580182    19.336677  
[37m[36mINFO[0m[0m 08/28 11:31:54 | 0.968550    0.978632    0.000000    0.978401    0.064811    0.985330    0.968550    0.978632    0.997006    0.952866    3200        76.646707   3.531643    0.069213    0.013923    0.013816    0.013816    0.029950    1.000000    0.000005    0.000000    3.432479    1.000000    0.000000    0.000000    18.065306   18.216159   0.982544    24.685681   23.408586   -0.000102   -0.001614   0.580071    19.255435  
[37m[36mINFO[0m[0m 08/28 11:33:11 | 0.974947    0.976496    0.000000    0.982154    0.060707    0.990220    0.974947    0.976496    0.997006    0.959236    3300        79.041916   3.531092    0.066997    0.013705    0.013315    0.013315    0.033120    1.000000    0.000006    0.000000    3.430976    1.000000    0.000000    0.000000    18.467876   18.636495   0.983122    25.091948   23.788518   0.000186    -0.001217   0.580529    19.093343  
[37m[36mINFO[0m[0m 08/28 11:34:29 | 0.974947    0.980769    0.000000    0.986480    0.052124    0.995110    0.974947    0.980769    1.000000    0.964331    3400        81.437126   3.551348    0.075517    0.015408    0.015022    0.015022    0.037275    1.000000    0.000004    0.000000    3.438556    1.000000    0.000000    0.000000    18.654483   18.882825   0.982578    25.580379   24.262562   -0.000081   -0.001380   0.580737    19.356933  
[37m[36mINFO[0m[0m 08/28 11:35:47 | 0.977079    0.974359    0.000000    0.985207    0.054773    0.995110    0.977079    0.974359    1.000000    0.960510    3500        83.832335   3.568092    0.084899    0.017086    0.016945    0.016945    0.041497    1.000000    0.000006    0.000000    3.441695    1.000000    0.000000    0.000000    18.866562   19.021326   0.982904    26.384137   24.972421   -0.000172   -0.001481   0.583432    19.620661  
[37m[36mINFO[0m[0m 08/28 11:37:04 | 0.976013    0.980769    0.000000    0.983462    0.050942    0.987775    0.976013    0.980769    0.997006    0.965605    3600        86.227545   3.536544    0.069142    0.013949    0.013793    0.013793    0.032003    1.000000    0.000005    0.000000    3.435399    1.000000    0.000000    0.000000    19.416065   19.585922   0.983633    26.904957   25.491336   -0.000022   -0.001371   0.580615    19.145841  
[37m[36mINFO[0m[0m 08/28 11:38:24 | 0.973348    0.978632    0.000000    0.982969    0.053456    0.992665    0.973348    0.978632    0.997006    0.959236    3700        88.622754   3.537692    0.065967    0.013126    0.013204    0.013204    0.035031    1.000000    0.000005    0.000000    3.436694    1.000000    0.000000    0.000000    19.432834   19.581864   0.983047    27.474737   26.011948   0.000006    -0.001452   0.601053    19.434852  
[37m[36mINFO[0m[0m 08/28 11:39:41 | 0.978145    0.974359    0.000000    0.984104    0.059899    0.982885    0.978145    0.974359    1.000000    0.969427    3800        91.017964   3.530133    0.067970    0.014034    0.013477    0.013477    0.034088    1.000000    0.000006    0.000000    3.428075    1.000000    0.000000    0.000000    19.540651   19.723052   0.982920    28.065742   26.596832   0.000075    -0.001178   0.583302    19.357469  
[37m[36mINFO[0m[0m 08/28 11:41:00 | 0.979744    0.982906    0.000000    0.979365    0.069138    0.987775    0.979744    0.982906    1.000000    0.950318    3900        93.413174   3.552327    0.085420    0.017780    0.016905    0.016905    0.033750    1.000000    0.000004    0.000000    3.433157    1.000000    0.000000    0.000000    20.066539   20.234367   0.983356    28.568645   27.042993   -0.000050   -0.001260   0.588759    19.475505  
[37m[36mINFO[0m[0m 08/28 11:42:19 | 0.977079    0.980769    0.000000    0.984001    0.051313    0.990220    0.977079    0.980769    1.000000    0.961783    4000        95.808383   3.544221    0.070046    0.014157    0.013967    0.013967    0.037820    1.000000    0.000004    0.000000    3.436355    1.000000    0.000000    0.000000    20.308670   20.450630   0.983098    29.202601   27.662495   -0.000041   -0.001433   0.597783    19.503495  
[37m[36mINFO[0m[0m 08/28 11:43:38 | 0.979211    0.978632    0.000000    0.983152    0.059885    0.990220    0.979211    0.978632    1.000000    0.959236    4100        98.203593   3.541556    0.067497    0.013595    0.013471    0.013471    0.036773    1.000000    0.000004    0.000000    3.437287    1.000000    0.000000    0.000000    20.581961   20.754019   0.983437    29.819417   28.247237   -0.000044   -0.001365   0.590140    19.701697  
[37m[36mINFO[0m[0m 08/28 11:44:58 | 0.973881    0.980769    0.000000    0.984209    0.056079    0.995110    0.973881    0.980769    0.997006    0.960510    4200        100.598802  3.515542    0.058529    0.011915    0.011649    0.011649    0.028177    1.000000    0.000004    0.000000    3.428836    1.000000    0.000000    0.000000    20.806065   20.936558   0.983157    30.123588   28.556468   0.000006    -0.001173   0.603450    19.726079  
[37m[36mINFO[0m[0m 08/28 11:46:16 | 0.971215    0.976496    0.000000    0.983359    0.069133    0.995110    0.971215    0.976496    0.997006    0.957962    4300        102.994012  3.535193    0.064255    0.012887    0.012837    0.012837    0.033692    1.000000    0.000004    0.000000    3.437245    1.000000    0.000000    0.000000    20.962456   21.104388   0.983438    30.593567   28.957999   -0.000019   -0.001247   0.582128    19.465240  
[37m[36mINFO[0m[0m 08/28 11:47:33 | 0.975480    0.980769    0.000000    0.983784    0.062747    0.995110    0.975480    0.980769    0.997006    0.959236    4400        105.389222  3.555372    0.082272    0.016536    0.016428    0.016428    0.035453    1.000000    0.000005    0.000000    3.437646    1.000000    0.000000    0.000000    21.335302   21.492938   0.983227    31.294585   29.616416   -0.000093   -0.001131   0.582636    18.980973  
[37m[36mINFO[0m[0m 08/28 11:48:51 | 0.978678    0.976496    0.000000    0.983428    0.057729    0.990220    0.978678    0.976496    0.997006    0.963057    4500        107.784431  3.534025    0.068937    0.014251    0.013667    0.013667    0.034325    1.000000    0.000004    0.000000    3.430762    1.000000    0.000000    0.000000    21.404002   21.595888   0.983230    32.049256   30.351472   0.000051    -0.000896   0.583265    19.860835  
[37m[36mINFO[0m[0m 08/28 11:50:09 | 0.979211    0.980769    0.000000    0.984035    0.051132    0.987775    0.979211    0.980769    1.000000    0.964331    4600        110.179641  3.541902    0.077606    0.016837    0.015188    0.015188    0.034175    1.000000    0.000004    0.000000    3.430120    1.000000    0.000000    0.000000    22.059200   22.250774   0.984161    32.513235   30.767996   0.000132    -0.000744   0.580885    19.485138  
[37m[36mINFO[0m[0m 08/28 11:51:28 | 0.976013    0.978632    0.000000    0.983152    0.054594    0.990220    0.976013    0.978632    1.000000    0.959236    4700        112.574850  3.515554    0.058934    0.012165    0.011689    0.011689    0.028968    1.000000    0.000003    0.000000    3.427652    1.000000    0.000000    0.000000    22.235157   22.372409   0.983871    32.957936   31.169963   -0.000124   -0.000989   0.590691    19.684094  
[37m[36mINFO[0m[0m 08/28 11:52:46 | 0.974414    0.974359    0.000000    0.982544    0.058960    0.992665    0.974414    0.974359    0.997006    0.957962    4800        114.970060  3.546052    0.071070    0.015911    0.013786    0.013786    0.039412    1.000000    0.000003    0.000000    3.435570    1.000000    0.000000    0.000000    22.604452   22.747713   0.983589    33.309393   31.496039   0.000042    -0.001073   0.593312    19.175058  
[37m[36mINFO[0m[0m 08/28 11:54:03 | 0.966951    0.974359    0.000000    0.974120    0.079896    0.987775    0.966951    0.974359    0.997006    0.937580    4900        117.365269  3.550908    0.083705    0.020955    0.015683    0.015683    0.033934    1.000000    0.000003    0.000000    3.433269    1.000000    0.000000    0.000000    22.800748   22.980541   0.983409    33.768596   31.932956   -0.000074   -0.001013   0.579921    19.321738  
[37m[36mINFO[0m[0m 08/28 11:55:10 | 0.970682    0.974359    0.000000    0.982935    0.065940    0.995110    0.970682    0.974359    0.997006    0.956688    5000        119.760479  3.529245    0.060993    0.012108    0.012217    0.012217    0.032825    1.000000    0.000003    0.000000    3.435427    1.000000    0.000000    0.000000    23.003244   23.176928   0.983207    34.181154   32.363079   0.000010    -0.001082   0.468210    19.635521  
[37m[36mINFO[0m[0m 08/28 11:55:10 | ---
[37m[36mINFO[0m[0m 08/28 11:55:10 | oracle = 98.667%
[37m[36mINFO[0m[0m 08/28 11:55:10 | iid = 98.454%
[37m[36mINFO[0m[0m 08/28 11:55:10 | last = 97.068%
[37m[36mINFO[0m[0m 08/28 11:55:10 | last (inD) = 98.293%
[37m[36mINFO[0m[0m 08/28 11:55:10 | iid (inD) = 98.651%
[37m[36mINFO[0m[0m 08/28 11:55:10 | 
[37m[36mINFO[0m[0m 08/28 11:55:15 | Testenv name escaping te_photo -> te_photo
[37m[36mINFO[0m[0m 08/28 11:55:15 | Test envs = [2], name = te_photo
[37m[36mINFO[0m[0m 08/28 11:55:15 | Batch sizes for each domain: [32, 32, 0, 32] (total=96)
[37m[36mINFO[0m[0m 08/28 11:55:15 | steps-per-epoch for each domain: 51.22, 58.62, 98.25 -> min = 51.22
[37m[36mINFO[0m[0m 08/28 11:55:36 | # of params = 151206401
[37m[36mINFO[0m[0m 08/28 11:55:56 | test_in     test_out    train_in    train_out   tr_outloss  env0_out    env1_out    env2_in     env2_out    env3_out    step        epoch       total_loss  cipt_base_  cipt_cls_l  cipt_de_lo  cipt_de_or  cipt_de_au  aug_decomp  cipt_ind_l  causal_con  dccl_contr  contrastiv  pre_cl_los  reg_loss    mean_e_nor  mean_e_aug  mean_e_aug  mean_s_nor  mean_s_aug  mean_es_co  mean_e_aug  step_time   eval_time  
[37m[36mINFO[0m[0m 08/28 11:55:56 | 0.407186    0.413174    0.000000    0.348674    1.824946    0.359413    0.397436    0.407186    0.413174    0.289172    0           0.000000    16.712330   13.831740   2.583836    2.811283    2.811283    2.871003    1.000000    0.000554    0.000000    4.792937    0.002000    0.000000    0.000000    6.382214    6.403497    0.928478    6.496861    6.578819    -0.006126   -0.008009   0.628448    19.427913  
[37m[36mINFO[0m[0m 08/28 11:57:15 | 0.997754    1.000000    0.000000    0.975324    0.074582    0.992665    0.995726    0.997754    1.000000    0.937580    100         1.952410    1.417746    0.831634    0.155037    0.168327    0.168327    0.187318    1.000000    0.000657    0.000000    3.966785    0.103000    0.000000    0.000000    8.074749    8.010239    0.948064    11.557874   11.459309   0.008515    0.011232    0.605046    18.722896  
[37m[36mINFO[0m[0m 08/28 11:58:35 | 0.997754    1.000000    0.000000    0.978652    0.060581    0.987775    0.997863    0.997754    1.000000    0.950318    200         3.904820    1.428604    0.237804    0.047091    0.047540    0.047540    0.067619    1.000000    0.000111    0.000000    3.712631    0.303000    0.000000    0.000000    8.349246    8.304176    0.952769    12.963204   12.783204   -0.000696   -0.000556   0.610963    18.380816  
[37m[36mINFO[0m[0m 08/28 11:59:51 | 0.997754    1.000000    0.000000    0.978652    0.058831    0.987775    0.997863    0.997754    1.000000    0.950318    300         5.857230    2.107696    0.216223    0.043129    0.043175    0.043175    0.063023    1.000000    0.000078    0.000000    3.635850    0.503000    0.000000    0.000000    8.569051    8.517073    0.956984    13.287268   13.077547   -0.000595   -0.000765   0.578375    18.178499  
[37m[36mINFO[0m[0m 08/28 12:01:07 | 0.997006    1.000000    0.000000    0.981132    0.066905    0.992665    0.997863    0.997006    1.000000    0.952866    400         7.809640    2.794784    0.213684    0.042622    0.042695    0.042695    0.058830    1.000000    0.000057    0.000000    3.589339    0.703000    0.000000    0.000000    8.985254    8.945175    0.962812    13.485114   13.266486   -0.000280   -0.000634   0.576164    18.833491  
[37m[36mINFO[0m[0m 08/28 12:02:25 | 0.998503    1.000000    0.000000    0.979111    0.054669    0.985330    0.997863    0.998503    1.000000    0.954140    500         9.762050    3.459245    0.188362    0.037526    0.037649    0.037649    0.062048    1.000000    0.000048    0.000000    3.554135    0.902980    0.000000    0.000000    9.456326    9.397015    0.966097    13.783976   13.544926   -0.000312   -0.001135   0.594948    18.425274  
[37m[36mINFO[0m[0m 08/28 12:03:42 | 0.992515    1.000000    0.000000    0.976700    0.063044    0.985330    0.995726    0.992515    1.000000    0.949045    600         11.714460   3.766371    0.170367    0.034206    0.033988    0.033988    0.058176    1.000000    0.000041    0.000000    3.537827    1.000000    0.000000    0.000000    9.882595    9.836325    0.968664    14.095323   13.847428   -0.000231   -0.001239   0.587880    18.052080  
[37m[36mINFO[0m[0m 08/28 12:05:00 | 0.997006    1.000000    0.000000    0.981200    0.059964    0.987775    0.997863    0.997006    1.000000    0.957962    700         13.666870   3.765774    0.182709    0.036511    0.036507    0.036507    0.056228    1.000000    0.000034    0.000000    3.526837    1.000000    0.000000    0.000000    10.501314   10.443216   0.971836    14.381240   14.112414   -0.000349   -0.001477   0.594099    18.282076  
[37m[36mINFO[0m[0m 08/28 12:06:17 | 0.996257    1.000000    0.000000    0.976598    0.054069    0.982885    0.997863    0.996257    1.000000    0.949045    800         15.619280   3.732493    0.162548    0.032087    0.032583    0.032583    0.050087    1.000000    0.000026    0.000000    3.519858    1.000000    0.000000    0.000000    10.687740   10.628669   0.973553    14.890952   14.584795   -0.000087   -0.001288   0.591190    18.067172  
[37m[36mINFO[0m[0m 08/28 12:07:34 | 0.992515    0.997006    0.000000    0.979707    0.066761    0.992665    0.993590    0.992515    0.997006    0.952866    900         17.571690   3.733798    0.165111    0.032841    0.033034    0.033034    0.054475    1.000000    0.000027    0.000000    3.514213    1.000000    0.000000    0.000000    11.033790   10.990459   0.974354    15.320993   14.994634   -0.000163   -0.001055   0.591319    18.092381  
[37m[36mINFO[0m[0m 08/28 12:08:52 | 0.994760    0.997006    0.000000    0.981337    0.053253    0.987775    0.995726    0.994760    0.997006    0.960510    1000        19.524100   3.715616    0.155986    0.031432    0.031110    0.031110    0.054299    1.000000    0.000023    0.000000    3.505330    1.000000    0.000000    0.000000    11.472356   11.418319   0.975746    15.845509   15.493069   -0.000210   -0.001001   0.597606    18.150484  
[37m[36mINFO[0m[0m 08/28 12:10:10 | 0.994760    0.997006    0.000000    0.977344    0.068978    0.990220    0.997863    0.994760    0.997006    0.943949    1100        21.476510   3.670845    0.131216    0.026075    0.026263    0.026263    0.043900    1.000000    0.000018    0.000000    3.495728    1.000000    0.000000    0.000000    11.790978   11.748823   0.976924    16.119614   15.752457   -0.000234   -0.001405   0.597240    18.030227  
[37m[36mINFO[0m[0m 08/28 12:11:29 | 0.995509    0.997006    0.000000    0.982796    0.057794    0.995110    0.997863    0.995509    0.997006    0.955414    1200        23.428920   3.674243    0.131590    0.026102    0.026350    0.026350    0.049010    1.000000    0.000018    0.000000    3.493642    1.000000    0.000000    0.000000    11.970470   11.919580   0.976704    16.769885   16.358063   -0.000042   -0.001020   0.607785    17.903794  
[37m[36mINFO[0m[0m 08/28 12:12:46 | 0.987275    0.991018    0.000000    0.977803    0.064182    0.987775    0.997863    0.987275    0.991018    0.947771    1300        25.381330   3.663727    0.125806    0.025199    0.025135    0.025135    0.043852    1.000000    0.000014    0.000000    3.494069    1.000000    0.000000    0.000000    12.239525   12.192476   0.977427    17.179360   16.750935   -0.000107   -0.001145   0.597965    17.816180  
[37m[36mINFO[0m[0m 08/28 12:14:03 | 0.991766    0.994012    0.000000    0.977940    0.066426    0.987775    0.995726    0.991766    0.994012    0.950318    1400        27.333740   3.691617    0.139302    0.027868    0.027841    0.027841    0.052623    1.000000    0.000014    0.000000    3.499692    1.000000    0.000000    0.000000    12.418755   12.364691   0.977340    17.512055   17.062949   -0.000073   -0.001372   0.590154    17.906737  
[37m[36mINFO[0m[0m 08/28 12:15:21 | 0.988024    0.994012    0.000000    0.979214    0.057300    0.987775    0.995726    0.988024    0.994012    0.954140    1500        29.286150   3.707116    0.161766    0.032252    0.032359    0.032359    0.049158    1.000000    0.000016    0.000000    3.496192    1.000000    0.000000    0.000000    12.773765   12.744839   0.978205    18.083527   17.584709   -0.000142   -0.001269   0.590596    18.076571  
[37m[36mINFO[0m[0m 08/28 12:16:38 | 0.991766    0.994012    0.000000    0.978824    0.066155    0.985330    0.995726    0.991766    0.994012    0.955414    1600        31.238560   3.650288    0.110472    0.022111    0.022076    0.022076    0.047291    1.000000    0.000012    0.000000    3.492526    1.000000    0.000000    0.000000    12.984238   12.947944   0.977649    18.717829   18.176442   -0.000146   -0.001273   0.588958    18.130582  
[37m[36mINFO[0m[0m 08/28 12:17:54 | 0.989521    0.994012    0.000000    0.977276    0.062135    0.985330    1.000000    0.989521    0.994012    0.946497    1700        33.190970   3.658371    0.116389    0.023039    0.023324    0.023324    0.047265    1.000000    0.000011    0.000000    3.494717    1.000000    0.000000    0.000000    13.287957   13.262322   0.978314    19.307672   18.757040   -0.000082   -0.001559   0.586784    17.877796  
[37m[36mINFO[0m[0m 08/28 12:19:12 | 0.988024    0.994012    0.000000    0.979077    0.060350    0.987775    0.997863    0.988024    0.994012    0.951592    1800        35.143380   3.639345    0.106012    0.021571    0.021099    0.021099    0.046555    1.000000    0.000009    0.000000    3.486778    1.000000    0.000000    0.000000    13.494213   13.489695   0.978793    19.795135   19.194989   0.000001    -0.001509   0.601827    17.857358  
[37m[36mINFO[0m[0m 08/28 12:20:29 | 0.994012    0.994012    0.000000    0.979248    0.057712    0.985330    0.995726    0.994012    0.994012    0.956688    1900        37.095790   3.608574    0.084423    0.016081    0.017074    0.017074    0.043365    1.000000    0.000010    0.000000    3.480786    1.000000    0.000000    0.000000    13.644650   13.614067   0.979205    20.778782   20.145825   -0.000182   -0.001687   0.586514    17.790569  
[37m[36mINFO[0m[0m 08/28 12:21:45 | 0.993263    0.994012    0.000000    0.978824    0.058659    0.985330    0.995726    0.993263    0.994012    0.955414    2000        39.048200   3.625822    0.102262    0.020816    0.020351    0.020351    0.043522    1.000000    0.000008    0.000000    3.480037    1.000000    0.000000    0.000000    13.967459   13.935323   0.979150    21.610970   20.914024   -0.000125   -0.001428   0.585615    17.957633  
[37m[36mINFO[0m[0m 08/28 12:23:02 | 0.976796    0.985030    0.000000    0.980522    0.058005    0.985330    0.995726    0.976796    0.985030    0.960510    2100        41.000610   3.644276    0.114457    0.023401    0.022752    0.022752    0.047804    1.000000    0.000009    0.000000    3.482016    1.000000    0.000000    0.000000    14.383176   14.358767   0.979773    21.893727   21.180226   -0.000027   -0.001267   0.593838    17.701902  
[37m[36mINFO[0m[0m 08/28 12:24:19 | 0.977545    0.985030    0.000000    0.982118    0.060663    0.992665    0.995726    0.977545    0.985030    0.957962    2200        42.953020   3.627416    0.106616    0.021976    0.021151    0.021151    0.039862    1.000000    0.000007    0.000000    3.480939    1.000000    0.000000    0.000000    14.656228   14.617600   0.980297    22.121571   21.415431   -0.000135   -0.001148   0.589622    17.944882  
[37m[36mINFO[0m[0m 08/28 12:25:36 | 0.974551    0.982036    0.000000    0.979995    0.069849    0.992665    0.995726    0.974551    0.982036    0.951592    2300        44.905430   3.610302    0.091480    0.019120    0.018079    0.018079    0.043397    1.000000    0.000009    0.000000    3.475425    1.000000    0.000000    0.000000    14.874637   14.813482   0.979946    22.668851   21.910687   0.000055    -0.000644   0.586233    18.210169  
[37m[36mINFO[0m[0m 08/28 12:26:53 | 0.980539    0.988024    0.000000    0.979536    0.068670    0.995110    0.995726    0.980539    0.988024    0.947771    2400        46.857840   3.648649    0.115967    0.024926    0.022750    0.022750    0.048273    1.000000    0.000008    0.000000    3.484409    1.000000    0.000000    0.000000    15.235068   15.187916   0.980298    23.310690   22.566964   -0.000111   -0.001070   0.586866    17.681360  
[37m[36mINFO[0m[0m 08/28 12:28:10 | 0.976796    0.973054    0.000000    0.978365    0.061690    0.987775    0.995726    0.976796    0.973054    0.951592    2500        48.810250   3.616628    0.098741    0.020337    0.019594    0.019594    0.042111    1.000000    0.000006    0.000000    3.475776    1.000000    0.000000    0.000000    15.383739   15.383267   0.980398    23.567161   22.792487   -0.000108   -0.000837   0.590470    17.902809  
[37m[36mINFO[0m[0m 08/28 12:29:27 | 0.977545    0.985030    0.000000    0.980454    0.054837    0.990220    0.995726    0.977545    0.985030    0.955414    2600        50.762660   3.610196    0.100681    0.020489    0.020039    0.020039    0.039576    1.000000    0.000007    0.000000    3.469939    1.000000    0.000000    0.000000    15.727972   15.653540   0.980926    23.916320   23.097520   0.000026    -0.000808   0.587433    18.237245  
[37m[36mINFO[0m[0m 08/28 12:30:43 | 0.976048    0.976048    0.000000    0.980522    0.058829    0.985330    0.995726    0.976048    0.976048    0.960510    2700        52.715070   3.614330    0.089216    0.017756    0.017858    0.017858    0.044614    1.000000    0.000006    0.000000    3.480500    1.000000    0.000000    0.000000    15.836427   15.826947   0.980456    24.586602   23.770789   -0.000095   -0.000931   0.588889    17.909069  
[37m[36mINFO[0m[0m 08/28 12:32:01 | 0.973802    0.982036    0.000000    0.978077    0.058448    0.977995    0.995726    0.973802    0.982036    0.960510    2800        54.667480   3.616670    0.096358    0.019500    0.019206    0.019206    0.040108    1.000000    0.000007    0.000000    3.480204    1.000000    0.000000    0.000000    16.118242   16.066645   0.981281    25.101902   24.260546   -0.000038   -0.001061   0.592011    18.194377  
[37m[36mINFO[0m[0m 08/28 12:33:18 | 0.974551    0.976048    0.000000    0.978687    0.077126    0.985330    0.997863    0.974551    0.976048    0.952866    2900        56.619890   3.606437    0.088934    0.017993    0.017727    0.017727    0.046786    1.000000    0.000007    0.000000    3.470718    1.000000    0.000000    0.000000    16.219513   16.228051   0.981045    25.575965   24.693312   -0.000169   -0.001067   0.590277    17.809928  
[37m[36mINFO[0m[0m 08/28 12:34:35 | 0.978293    0.985030    0.000000    0.981762    0.062987    0.987775    0.995726    0.978293    0.985030    0.961783    3000        58.572300   3.606948    0.095342    0.019687    0.018907    0.018907    0.039807    1.000000    0.000005    0.000000    3.471799    1.000000    0.000000    0.000000    16.533948   16.545397   0.981246    25.949973   25.041530   -0.000041   -0.000931   0.596243    18.055223  
[37m[36mINFO[0m[0m 08/28 12:35:52 | 0.987275    0.994012    0.000000    0.978043    0.063332    0.980440    0.995726    0.987275    0.994012    0.957962    3100        60.524710   3.577546    0.072093    0.013826    0.014561    0.014561    0.039865    1.000000    0.000005    0.000000    3.465589    1.000000    0.000000    0.000000    16.549468   16.549048   0.981048    26.928372   25.982371   -0.000038   -0.000949   0.591367    17.927203  
[37m[36mINFO[0m[0m 08/28 12:37:10 | 0.979042    0.979042    0.000000    0.978721    0.089449    0.982885    0.997863    0.979042    0.979042    0.955414    3200        62.477120   3.583957    0.074274    0.014983    0.014817    0.014817    0.039903    1.000000    0.000005    0.000000    3.469780    1.000000    0.000000    0.000000    16.722073   16.719607   0.980724    27.770688   26.763826   -0.000036   -0.001071   0.584166    18.658168  
[37m[36mINFO[0m[0m 08/28 12:38:27 | 0.974551    0.985030    0.000000    0.980556    0.063093    0.982885    0.995726    0.974551    0.985030    0.963057    3300        64.429530   3.584476    0.076325    0.015505    0.015199    0.015199    0.040382    1.000000    0.000005    0.000000    3.467769    1.000000    0.000000    0.000000    17.019103   16.980618   0.980998    28.102978   27.112295   0.000002    -0.000675   0.590571    18.160276  
[37m[36mINFO[0m[0m 08/28 12:39:44 | 0.981287    0.985030    0.000000    0.979995    0.056117    0.982885    0.997863    0.981287    0.985030    0.959236    3400        66.381940   3.614957    0.095024    0.019917    0.018771    0.018771    0.044191    1.000000    0.000005    0.000000    3.475742    1.000000    0.000000    0.000000    17.514469   17.479574   0.981073    28.689882   27.618594   -0.000296   -0.001091   0.586606    18.055043  
[37m[36mINFO[0m[0m 08/28 12:41:01 | 0.965569    0.964072    0.000000    0.975598    0.068870    0.982885    0.993590    0.965569    0.964072    0.950318    3500        68.334350   3.607846    0.090729    0.018705    0.018000    0.018000    0.041046    1.000000    0.000005    0.000000    3.476070    1.000000    0.000000    0.000000    17.748765   17.722772   0.981140    29.200909   28.154692   0.000008    -0.000761   0.591758    17.865594  
[37m[36mINFO[0m[0m 08/28 12:42:17 | 0.967814    0.973054    0.000000    0.977125    0.081921    0.985330    0.995726    0.967814    0.973054    0.950318    3600        70.286760   3.563090    0.066730    0.013708    0.013250    0.013250    0.036414    1.000000    0.000004    0.000000    3.459946    1.000000    0.000000    0.000000    17.873157   17.842041   0.981738    29.694573   28.633824   -0.000092   -0.000832   0.588544    17.418483  
[37m[36mINFO[0m[0m 08/28 12:43:35 | 0.970060    0.979042    0.000000    0.976769    0.088478    0.980440    0.995726    0.970060    0.979042    0.954140    3700        72.239170   3.588077    0.087214    0.018281    0.017228    0.017228    0.038038    1.000000    0.000004    0.000000    3.462825    1.000000    0.000000    0.000000    18.377316   18.345862   0.981486    30.335939   29.241958   -0.000108   -0.000703   0.598194    17.750663  
[37m[36mINFO[0m[0m 08/28 12:44:51 | 0.970808    0.982036    0.000000    0.980029    0.080427    0.990220    0.995726    0.970808    0.982036    0.954140    3800        74.191580   3.602097    0.092482    0.020091    0.018092    0.018092    0.041556    1.000000    0.000004    0.000000    3.468060    1.000000    0.000000    0.000000    18.608772   18.533489   0.981794    30.692223   29.580578   0.000074    -0.000622   0.585111    17.804143  
[37m[36mINFO[0m[0m 08/28 12:46:08 | 0.977545    0.982036    0.000000    0.977584    0.075052    0.982885    0.995726    0.977545    0.982036    0.954140    3900        76.143990   3.621891    0.107031    0.026434    0.020140    0.020140    0.042157    1.000000    0.000007    0.000000    3.472704    1.000000    0.000000    0.000000    19.205901   19.168992   0.981865    31.172367   30.028571   -0.000112   -0.001074   0.590191    18.122164  
[37m[36mINFO[0m[0m 08/28 12:47:25 | 0.970808    0.979042    0.000000    0.978009    0.069745    0.982885    0.995726    0.970808    0.979042    0.955414    4000        78.096400   3.612927    0.097604    0.020534    0.019257    0.019257    0.042533    1.000000    0.000008    0.000000    3.472790    1.000000    0.000000    0.000000    19.431902   19.358769   0.981909    31.759906   30.569069   0.000048    -0.000492   0.588169    18.091150  
[37m[36mINFO[0m[0m 08/28 12:48:43 | 0.965569    0.964072    0.000000    0.978755    0.073962    0.990220    0.995726    0.965569    0.964072    0.950318    4100        80.048810   3.604785    0.088605    0.018117    0.017614    0.017614    0.045605    1.000000    0.000007    0.000000    3.470574    1.000000    0.000000    0.000000    19.516388   19.453669   0.982035    32.751041   31.515154   0.000013    -0.000934   0.594956    18.171129  
[37m[36mINFO[0m[0m 08/28 12:50:00 | 0.961826    0.958084    0.000000    0.975954    0.067138    0.977995    0.995726    0.961826    0.958084    0.954140    4200        82.001220   3.572349    0.068423    0.013833    0.013643    0.013643    0.038268    1.000000    0.000004    0.000000    3.465658    1.000000    0.000000    0.000000    19.658076   19.595893   0.981960    33.479112   32.176740   -0.000178   -0.000844   0.588581    18.183559  
[37m[36mINFO[0m[0m 08/28 12:51:17 | 0.960329    0.955090    0.000000    0.975036    0.077008    0.982885    0.995726    0.960329    0.955090    0.946497    4300        83.953630   3.574716    0.065030    0.013038    0.012994    0.012994    0.038660    1.000000    0.000003    0.000000    3.471025    1.000000    0.000000    0.000000    19.846355   19.810369   0.981447    33.889194   32.617238   -0.000036   -0.000649   0.589560    17.823349  
[37m[36mINFO[0m[0m 08/28 12:52:34 | 0.956587    0.955090    0.000000    0.979673    0.057042    0.985330    0.995726    0.956587    0.955090    0.957962    4400        85.906040   3.552012    0.055003    0.010850    0.011034    0.011034    0.036304    1.000000    0.000004    0.000000    3.460705    1.000000    0.000000    0.000000    19.986029   19.904916   0.981826    34.699189   33.335773   0.000070    -0.000436   0.595235    17.883961  
[37m[36mINFO[0m[0m 08/28 12:53:52 | 0.968563    0.967066    0.000000    0.978858    0.059595    0.982885    0.995726    0.968563    0.967066    0.957962    4500        87.858450   3.603897    0.089093    0.018050    0.017756    0.017756    0.043539    1.000000    0.000004    0.000000    3.471265    1.000000    0.000000    0.000000    20.372482   20.341088   0.982128    35.431237   34.064000   -0.000034   -0.000336   0.597162    17.854860  
[37m[36mINFO[0m[0m 08/28 12:55:08 | 0.971557    0.970060    0.000000    0.975426    0.083418    0.985330    0.995726    0.971557    0.970060    0.945223    4600        89.810860   3.574547    0.069973    0.014077    0.013970    0.013970    0.040888    1.000000    0.000003    0.000000    3.463686    1.000000    0.000000    0.000000    20.636373   20.585234   0.982108    36.023574   34.661223   -0.000030   -0.000566   0.589200    17.798898  
[37m[36mINFO[0m[0m 08/28 12:56:25 | 0.967814    0.970060    0.000000    0.976413    0.091911    0.985330    0.993590    0.967814    0.970060    0.950318    4700        91.763270   3.576655    0.070602    0.014230    0.014088    0.014088    0.036998    1.000000    0.000004    0.000000    3.469054    1.000000    0.000000    0.000000    20.584187   20.540535   0.981530    36.344504   34.976026   -0.000097   -0.000523   0.585795    17.901976  
[37m[36mINFO[0m[0m 08/28 12:57:42 | 0.977545    0.979042    0.000000    0.979248    0.068359    0.985330    0.995726    0.977545    0.979042    0.956688    4800        93.715680   3.569464    0.070081    0.014671    0.013847    0.013847    0.036111    1.000000    0.000004    0.000000    3.463272    1.000000    0.000000    0.000000    21.009518   20.941888   0.982385    36.872742   35.437310   -0.000045   -0.000361   0.591472    17.756920  
[37m[36mINFO[0m[0m 08/28 12:58:59 | 0.976048    0.985030    0.000000    0.977652    0.068125    0.977995    0.995726    0.976048    0.985030    0.959236    4900        95.668090   3.586278    0.077090    0.015579    0.015370    0.015370    0.041471    1.000000    0.000006    0.000000    3.467717    1.000000    0.000000    0.000000    21.409762   21.357865   0.982437    37.525365   36.072155   -0.000084   -0.000627   0.594580    17.641209  
[37m[36mINFO[0m[0m 08/28 13:00:05 | 0.972305    0.973054    0.000000    0.980063    0.069121    0.987775    0.995726    0.972305    0.973054    0.956688    5000        97.620500   3.594017    0.085355    0.017598    0.016933    0.016933    0.045759    1.000000    0.000005    0.000000    3.462903    1.000000    0.000000    0.000000    21.794469   21.736817   0.982549    38.001624   36.474486   0.000028    -0.000385   0.490649    16.772437  
[37m[36mINFO[0m[0m 08/28 13:00:05 | ---
[37m[36mINFO[0m[0m 08/28 13:00:05 | oracle = 99.775%
[37m[36mINFO[0m[0m 08/28 13:00:05 | iid = 99.551%
[37m[36mINFO[0m[0m 08/28 13:00:05 | last = 97.231%
[37m[36mINFO[0m[0m 08/28 13:00:05 | last (inD) = 98.006%
[37m[36mINFO[0m[0m 08/28 13:00:05 | iid (inD) = 98.280%
[37m[36mINFO[0m[0m 08/28 13:00:05 | 
[37m[36mINFO[0m[0m 08/28 13:00:10 | Testenv name escaping te_sketch -> te_sketch
[37m[36mINFO[0m[0m 08/28 13:00:10 | Test envs = [3], name = te_sketch
[37m[36mINFO[0m[0m 08/28 13:00:10 | Batch sizes for each domain: [32, 32, 32, 0] (total=96)
[37m[36mINFO[0m[0m 08/28 13:00:10 | steps-per-epoch for each domain: 51.22, 58.62, 41.75 -> min = 41.75
[37m[36mINFO[0m[0m 08/28 13:00:30 | # of params = 151206401
[37m[36mINFO[0m[0m 08/28 13:00:57 | test_in     test_out    train_in    train_out   tr_outloss  env0_out    env1_out    env2_out    env3_in     env3_out    step        epoch       total_loss  cipt_base_  cipt_cls_l  cipt_de_lo  cipt_de_or  cipt_de_au  aug_decomp  cipt_ind_l  causal_con  dccl_contr  contrastiv  pre_cl_los  reg_loss    mean_e_nor  mean_e_aug  mean_e_aug  mean_s_nor  mean_s_aug  mean_es_co  mean_e_aug  step_time   eval_time  
[37m[36mINFO[0m[0m 08/28 13:00:57 | 0.080789    0.068790    0.000000    0.318881    1.724751    0.256724    0.292735    0.407186    0.080789    0.068790    0           0.000000    15.789992   13.157260   2.514568    2.658793    2.658793    2.623246    1.000000    0.001504    0.000000    4.742995    0.002000    0.000000    0.000000    6.396160    6.357523    0.910235    6.288793    6.246721    -0.044292   -0.023124   0.653677    26.033500  
[37m[36mINFO[0m[0m 08/28 13:02:23 | 0.877226    0.890446    0.000000    0.992768    0.019183    0.980440    0.997863    1.000000    0.877226    0.890446    100         2.395210    0.904937    0.419633    0.072415    0.086156    0.086156    0.103078    1.000000    0.000519    0.000000    3.799661    0.103000    0.000000    0.000000    7.907785    7.762653    0.931929    10.186128   9.778048    0.004788    0.016769    0.600259    26.137383  
[37m[36mINFO[0m[0m 08/28 13:03:45 | 0.899491    0.910828    0.000000    0.995213    0.012221    0.987775    0.997863    1.000000    0.899491    0.910828    200         4.790419    1.136439    0.027968    0.004785    0.005652    0.005652    0.021391    1.000000    0.000115    0.000000    3.593602    0.303000    0.000000    0.000000    8.288809    8.212108    0.941056    11.344835   10.834893   0.000127    0.006899    0.579873    23.878435  
[37m[36mINFO[0m[0m 08/28 13:05:07 | 0.899491    0.910828    0.000000    0.996028    0.012352    0.990220    0.997863    1.000000    0.899491    0.910828    300         7.185629    1.791002    0.008972    0.001244    0.001846    0.001846    0.017748    1.000000    0.000068    0.000000    3.509733    0.503000    0.000000    0.000000    8.725034    8.682465    0.951597    11.656518   11.116577   -0.000224   0.002410    0.578123    24.183948  
[37m[36mINFO[0m[0m 08/28 13:06:30 | 0.889313    0.886624    0.000000    0.995213    0.012967    0.987775    0.997863    1.000000    0.889313    0.886624    400         9.580838    2.461519    0.007850    0.000770    0.001707    0.001707    0.012279    1.000000    0.000050    0.000000    3.473132    0.703000    0.000000    0.000000    9.114629    9.051567    0.958852    11.965809   11.400991   -0.000213   -0.000259   0.577059    24.553476  
[37m[36mINFO[0m[0m 08/28 13:07:52 | 0.902036    0.910828    0.000000    0.995110    0.012207    0.985330    1.000000    1.000000    0.902036    0.910828    500         11.976048   3.129402    0.005360    0.000317    0.001215    0.001215    0.011015    1.000000    0.000037    0.000000    3.447779    0.902980    0.000000    0.000000    9.536176    9.434927    0.965024    12.449805   11.854891   -0.000017   -0.000764   0.576894    24.406952  
[37m[36mINFO[0m[0m 08/28 13:09:14 | 0.883906    0.886624    0.000000    0.995213    0.014752    0.987775    0.997863    1.000000    0.883906    0.886624    600         14.371257   3.445405    0.004062    0.000398    0.000880    0.000880    0.011404    1.000000    0.000029    0.000000    3.429939    1.000000    0.000000    0.000000    9.908181    9.795152    0.968787    12.770200   12.123600   -0.000141   -0.001283   0.578010    24.174082  
[37m[36mINFO[0m[0m 08/28 13:10:37 | 0.901399    0.909554    0.000000    0.995110    0.012643    0.985330    1.000000    1.000000    0.901399    0.909554    700         16.766467   3.426034    0.005375    0.000387    0.001217    0.001217    0.009040    1.000000    0.000024    0.000000    3.411619    1.000000    0.000000    0.000000    10.198944   10.047383   0.971195    13.071836   12.393320   -0.000077   -0.001477   0.585326    24.763515  
[37m[36mINFO[0m[0m 08/28 13:12:02 | 0.892176    0.896815    0.000000    0.994398    0.012972    0.985330    0.997863    1.000000    0.892176    0.896815    800         19.161677   3.425458    0.003724    0.000279    0.000836    0.000836    0.009376    1.000000    0.000020    0.000000    3.412358    1.000000    0.000000    0.000000    10.482433   10.323114   0.973807    13.555315   12.843327   -0.000181   -0.001359   0.601715    25.219265  
[37m[36mINFO[0m[0m 08/28 13:13:26 | 0.883588    0.890446    0.000000    0.995213    0.019539    0.987775    0.997863    1.000000    0.883588    0.890446    900         21.556886   3.419378    0.003859    0.000581    0.000797    0.000797    0.009451    1.000000    0.000018    0.000000    3.406068    1.000000    0.000000    0.000000    10.731318   10.572603   0.974965    13.812599   13.080049   -0.000024   -0.001187   0.580793    25.382650  
[37m[36mINFO[0m[0m 08/28 13:14:50 | 0.900127    0.903185    0.000000    0.996028    0.012336    0.990220    0.997863    1.000000    0.900127    0.903185    1000        23.952096   3.419333    0.003363    0.000349    0.000734    0.000734    0.010830    1.000000    0.000016    0.000000    3.405140    1.000000    0.000000    0.000000    10.942545   10.791123   0.975565    14.040169   13.279502   -0.000106   -0.000849   0.592246    25.206565  
[37m[36mINFO[0m[0m 08/28 13:16:12 | 0.909987    0.924841    0.000000    0.996028    0.011206    0.990220    0.997863    1.000000    0.909987    0.924841    1100        26.347305   3.411739    0.002712    0.000130    0.000628    0.000628    0.007861    1.000000    0.000014    0.000000    3.401166    1.000000    0.000000    0.000000    11.098622   10.958249   0.976441    14.353836   13.558271   0.000036    -0.000981   0.572230    24.709400  
[37m[36mINFO[0m[0m 08/28 13:17:36 | 0.902036    0.912102    0.000000    0.996028    0.009947    0.990220    0.997863    1.000000    0.902036    0.912102    1200        28.742515   3.412540    0.002485    0.000127    0.000574    0.000574    0.010265    1.000000    0.000012    0.000000    3.399790    1.000000    0.000000    0.000000    11.277444   11.153598   0.977495    14.707674   13.899345   0.000004    -0.001116   0.581675    25.354511  
[37m[36mINFO[0m[0m 08/28 13:18:58 | 0.905852    0.915924    0.000000    0.994398    0.008862    0.985330    0.997863    1.000000    0.905852    0.915924    1300        31.137725   3.398694    0.001959    0.000131    0.000443    0.000443    0.006117    1.000000    0.000011    0.000000    3.390618    1.000000    0.000000    0.000000    11.400685   11.264567   0.978255    14.982575   14.122229   -0.000052   -0.000721   0.572341    24.943489  
[37m[36mINFO[0m[0m 08/28 13:20:21 | 0.895356    0.903185    0.000000    0.994398    0.014971    0.985330    0.997863    1.000000    0.895356    0.903185    1400        33.532934   3.399900    0.002416    0.000145    0.000556    0.000556    0.008017    1.000000    0.000010    0.000000    3.389467    1.000000    0.000000    0.000000    11.634611   11.465476   0.978810    15.243995   14.386928   -0.000058   -0.000830   0.580834    24.879050  
[37m[36mINFO[0m[0m 08/28 13:21:43 | 0.890585    0.904459    0.000000    0.995213    0.012645    0.987775    0.997863    1.000000    0.890585    0.904459    1500        35.928144   3.408991    0.003288    0.000157    0.000771    0.000771    0.009473    1.000000    0.000009    0.000000    3.396230    1.000000    0.000000    0.000000    11.774463   11.633559   0.979130    15.617374   14.685949   -0.000013   -0.000925   0.571153    25.087123  
[37m[36mINFO[0m[0m 08/28 13:23:07 | 0.894084    0.905732    0.000000    0.994398    0.017521    0.985330    0.997863    1.000000    0.894084    0.905732    1600        38.323353   3.402203    0.002899    0.000134    0.000680    0.000680    0.008006    1.000000    0.000009    0.000000    3.391299    1.000000    0.000000    0.000000    11.884760   11.786448   0.979835    16.038810   15.103246   -0.000058   -0.001160   0.574797    26.236440  
[37m[36mINFO[0m[0m 08/28 13:24:30 | 0.911260    0.923567    0.000000    0.995213    0.010995    0.987775    0.997863    1.000000    0.911260    0.923567    1700        40.718563   3.406805    0.004803    0.000833    0.000981    0.000981    0.008789    1.000000    0.000009    0.000000    3.393213    1.000000    0.000000    0.000000    12.025208   11.892570   0.979687    16.498374   15.503532   -0.000043   -0.001158   0.571795    26.152531  
[37m[36mINFO[0m[0m 08/28 13:25:54 | 0.890267    0.903185    0.000000    0.995110    0.014576    0.985330    1.000000    1.000000    0.890267    0.903185    1800        43.113772   3.401622    0.003102    0.000232    0.000709    0.000709    0.010056    1.000000    0.000007    0.000000    3.388463    1.000000    0.000000    0.000000    12.379712   12.272882   0.980674    17.097184   16.071510   -0.000047   -0.001032   0.581380    25.865649  
[37m[36mINFO[0m[0m 08/28 13:27:18 | 0.893448    0.904459    0.000000    0.996843    0.008227    0.992665    0.997863    1.000000    0.893448    0.904459    1900        45.508982   3.403862    0.002141    0.000313    0.000449    0.000449    0.010242    1.000000    0.000006    0.000000    3.391480    1.000000    0.000000    0.000000    12.526365   12.368235   0.980198    17.353985   16.270575   -0.000082   -0.001022   0.581928    25.359334  
[37m[36mINFO[0m[0m 08/28 13:28:42 | 0.891858    0.904459    0.000000    0.995213    0.014277    0.987775    0.997863    1.000000    0.891858    0.904459    2000        47.904192   3.398793    0.001989    0.000191    0.000442    0.000442    0.008350    1.000000    0.000006    0.000000    3.388454    1.000000    0.000000    0.000000    12.714205   12.597809   0.981137    17.592894   16.491592   0.000036    -0.000704   0.591506    25.203267  
[37m[36mINFO[0m[0m 08/28 13:30:05 | 0.909987    0.923567    0.000000    0.996028    0.012349    0.990220    0.997863    1.000000    0.909987    0.923567    2100        50.299401   3.389090    0.001743    0.000117    0.000400    0.000400    0.007440    1.000000    0.000005    0.000000    3.379907    1.000000    0.000000    0.000000    12.914319   12.818336   0.981944    17.886824   16.752225   0.000012    -0.000956   0.582027    24.644908  
[37m[36mINFO[0m[0m 08/28 13:31:28 | 0.882316    0.890446    0.000000    0.994398    0.019299    0.985330    0.997863    1.000000    0.882316    0.890446    2200        52.694611   3.384525    0.001735    0.000077    0.000408    0.000408    0.006303    1.000000    0.000005    0.000000    3.376486    1.000000    0.000000    0.000000    13.062948   12.914409   0.981928    18.168458   17.010516   -0.000086   -0.001198   0.584304    24.493455  
[37m[36mINFO[0m[0m 08/28 13:32:52 | 0.870865    0.878981    0.000000    0.995213    0.023288    0.987775    0.997863    1.000000    0.870865    0.878981    2300        55.089820   3.406181    0.002695    0.000354    0.000580    0.000580    0.011061    1.000000    0.000005    0.000000    3.392425    1.000000    0.000000    0.000000    13.263444   13.152931   0.981817    18.486310   17.325730   -0.000027   -0.000874   0.581103    25.189959  
[37m[36mINFO[0m[0m 08/28 13:34:16 | 0.894084    0.913376    0.000000    0.995316    0.015159    0.990220    0.995726    1.000000    0.894084    0.913376    2400        57.485030   3.396228    0.002643    0.000142    0.000619    0.000619    0.009891    1.000000    0.000005    0.000000    3.383693    1.000000    0.000000    0.000000    13.479149   13.420587   0.981994    18.902203   17.682535   -0.000023   -0.000904   0.589880    25.221241  
[37m[36mINFO[0m[0m 08/28 13:35:40 | 0.893766    0.913376    0.000000    0.995316    0.010207    0.990220    0.995726    1.000000    0.893766    0.913376    2500        59.880240   3.396254    0.003067    0.000408    0.000659    0.000659    0.008241    1.000000    0.000004    0.000000    3.384945    1.000000    0.000000    0.000000    13.605127   13.491516   0.982178    19.373471   18.142321   -0.000055   -0.000931   0.587902    25.845861  
[37m[36mINFO[0m[0m 08/28 13:37:05 | 0.888677    0.899363    0.000000    0.996028    0.014269    0.990220    0.997863    1.000000    0.888677    0.899363    2600        62.275449   3.390795    0.004305    0.000963    0.000831    0.000831    0.006481    1.000000    0.000004    0.000000    3.380009    1.000000    0.000000    0.000000    13.832696   13.642193   0.982327    19.902810   18.604619   -0.000054   -0.000642   0.589237    25.629246  
[37m[36mINFO[0m[0m 08/28 13:38:29 | 0.905216    0.919745    0.000000    0.996028    0.011194    0.990220    0.997863    1.000000    0.905216    0.919745    2700        64.670659   3.410994    0.005470    0.000783    0.001165    0.001165    0.009282    1.000000    0.000005    0.000000    3.396242    1.000000    0.000000    0.000000    14.404650   14.215676   0.982576    20.397334   19.043698   0.000004    -0.000577   0.583380    25.511775  
[37m[36mINFO[0m[0m 08/28 13:39:54 | 0.896947    0.910828    0.000000    0.996028    0.017980    0.990220    0.997863    1.000000    0.896947    0.910828    2800        67.065868   3.397242    0.002310    0.000132    0.000540    0.000540    0.006138    1.000000    0.000004    0.000000    3.388794    1.000000    0.000000    0.000000    14.500716   14.310532   0.983138    21.074892   19.692971   -0.000068   -0.000678   0.590396    25.490059  
[37m[36mINFO[0m[0m 08/28 13:41:18 | 0.901081    0.913376    0.000000    0.995213    0.021542    0.987775    0.997863    1.000000    0.901081    0.913376    2900        69.461078   3.404664    0.002234    0.000159    0.000515    0.000515    0.008843    1.000000    0.000003    0.000000    3.393587    1.000000    0.000000    0.000000    14.757679   14.576149   0.983421    21.509537   20.067708   0.000068    -0.000608   0.589587    25.636917  
[37m[36mINFO[0m[0m 08/28 13:42:43 | 0.910305    0.924841    0.000000    0.996843    0.016702    0.992665    0.997863    1.000000    0.910305    0.924841    3000        71.856287   3.391599    0.001633    0.000068    0.000388    0.000388    0.006493    1.000000    0.000003    0.000000    3.383472    1.000000    0.000000    0.000000    14.898591   14.708289   0.983913    21.971301   20.510197   -0.000046   -0.000768   0.593630    25.631634  
[37m[36mINFO[0m[0m 08/28 13:44:08 | 0.894402    0.907006    0.000000    0.996028    0.018521    0.990220    0.997863    1.000000    0.894402    0.907006    3100        74.251497   3.394087    0.002292    0.000405    0.000468    0.000468    0.007373    1.000000    0.000003    0.000000    3.384422    1.000000    0.000000    0.000000    15.124476   14.960016   0.984019    22.283070   20.773872   -0.000009   -0.000929   0.586677    25.982563  
[37m[36mINFO[0m[0m 08/28 13:45:32 | 0.903626    0.917197    0.000000    0.996028    0.023837    0.990220    0.997863    1.000000    0.903626    0.917197    3200        76.646707   3.391908    0.001445    0.000146    0.000321    0.000321    0.006991    1.000000    0.000003    0.000000    3.383472    1.000000    0.000000    0.000000    15.322758   15.193071   0.983682    22.613687   21.107465   -0.000042   -0.000640   0.587724    25.491861  
[37m[36mINFO[0m[0m 08/28 13:46:58 | 0.892812    0.892994    0.000000    0.995213    0.019841    0.987775    0.997863    1.000000    0.892812    0.892994    3300        79.041916   3.390534    0.002425    0.000368    0.000511    0.000511    0.008709    1.000000    0.000003    0.000000    3.379400    1.000000    0.000000    0.000000    15.593290   15.456674   0.983964    23.033632   21.454250   -0.000010   -0.000430   0.604749    24.946503  
[37m[36mINFO[0m[0m 08/28 13:48:22 | 0.910305    0.926115    0.000000    0.996028    0.017570    0.990220    0.997863    1.000000    0.910305    0.926115    3400        81.437126   3.392973    0.002471    0.000222    0.000559    0.000559    0.007179    1.000000    0.000003    0.000000    3.383323    1.000000    0.000000    0.000000    15.813037   15.660775   0.983971    23.359671   21.772205   0.000015    -0.000521   0.598525    25.003339  
[37m[36mINFO[0m[0m 08/28 13:49:47 | 0.909669    0.919745    0.000000    0.995213    0.020452    0.987775    0.997863    1.000000    0.909669    0.919745    3500        83.832335   3.392480    0.001644    0.000096    0.000384    0.000384    0.008179    1.000000    0.000002    0.000000    3.382657    1.000000    0.000000    0.000000    16.039298   15.869579   0.984587    23.827986   22.203851   -0.000036   -0.000526   0.592997    25.527866  
[37m[36mINFO[0m[0m 08/28 13:51:11 | 0.902036    0.921019    0.000000    0.997555    0.017788    0.992665    1.000000    1.000000    0.902036    0.921019    3600        86.227545   3.392385    0.001331    0.000062    0.000315    0.000315    0.007595    1.000000    0.000002    0.000000    3.383459    1.000000    0.000000    0.000000    16.093954   15.906782   0.984109    24.210297   22.537944   -0.000024   -0.000686   0.583559    25.613457  
[37m[36mINFO[0m[0m 08/28 13:52:36 | 0.909351    0.918471    0.000000    0.996028    0.015475    0.990220    0.997863    1.000000    0.909351    0.918471    3700        88.622754   3.399425    0.002830    0.000762    0.000514    0.000514    0.008680    1.000000    0.000003    0.000000    3.387914    1.000000    0.000000    0.000000    16.450407   16.236542   0.984492    24.569683   22.890914   0.000018    -0.000552   0.595854    24.955072  
[37m[36mINFO[0m[0m 08/28 13:54:00 | 0.899491    0.915924    0.000000    0.995213    0.017551    0.987775    0.997863    1.000000    0.899491    0.915924    3800        91.017964   3.389951    0.001516    0.000107    0.000350    0.000350    0.008213    1.000000    0.000002    0.000000    3.380222    1.000000    0.000000    0.000000    16.556405   16.411629   0.983982    25.091821   23.346784   -0.000002   -0.000566   0.584785    25.370113  
[37m[36mINFO[0m[0m 08/28 13:55:25 | 0.908715    0.923567    0.000000    0.995213    0.015377    0.987775    0.997863    1.000000    0.908715    0.923567    3900        93.413174   3.390940    0.002381    0.000102    0.000567    0.000567    0.007610    1.000000    0.000002    0.000000    3.380949    1.000000    0.000000    0.000000    16.845630   16.704908   0.984742    25.596488   23.801667   -0.000039   -0.000694   0.607008    24.937033  
[37m[36mINFO[0m[0m 08/28 13:56:51 | 0.884542    0.903185    0.000000    0.996028    0.015117    0.990220    0.997863    1.000000    0.884542    0.903185    4000        95.808383   3.395206    0.001791    0.000080    0.000426    0.000426    0.006712    1.000000    0.000002    0.000000    3.386703    1.000000    0.000000    0.000000    16.983519   16.787508   0.984730    26.314812   24.470722   -0.000023   -0.000673   0.607644    24.430258  
[37m[36mINFO[0m[0m 08/28 13:58:16 | 0.897901    0.909554    0.000000    0.996028    0.015364    0.990220    0.997863    1.000000    0.897901    0.909554    4100        98.203593   3.387308    0.000737    0.000027    0.000176    0.000176    0.006137    1.000000    0.000002    0.000000    3.380434    1.000000    0.000000    0.000000    17.105952   16.925394   0.985195    26.637590   24.754447   0.000054    -0.000577   0.603313    24.986156  
[37m[36mINFO[0m[0m 08/28 13:59:40 | 0.905534    0.921019    0.000000    0.996028    0.020162    0.990220    0.997863    1.000000    0.905534    0.921019    4200        100.598802  3.395947    0.003998    0.000133    0.000962    0.000962    0.008671    1.000000    0.000003    0.000000    3.383278    1.000000    0.000000    0.000000    17.338815   17.259897   0.984697    27.123544   25.232919   -0.000109   -0.000653   0.593028    25.115405  
[37m[36mINFO[0m[0m 08/28 14:01:04 | 0.878181    0.892994    0.000000    0.995213    0.020188    0.987775    0.997863    1.000000    0.878181    0.892994    4300        102.994012  3.385306    0.000782    0.000034    0.000185    0.000185    0.007367    1.000000    0.000001    0.000000    3.377157    1.000000    0.000000    0.000000    17.532470   17.331073   0.985255    27.975689   25.960475   -0.000025   -0.000655   0.590125    24.843780  
[37m[36mINFO[0m[0m 08/28 14:02:28 | 0.906170    0.922293    0.000000    0.996843    0.009807    0.992665    0.997863    1.000000    0.906170    0.922293    4400        105.389222  3.392574    0.002556    0.001118    0.000357    0.000357    0.009041    1.000000    0.000002    0.000000    3.380977    1.000000    0.000000    0.000000    17.804564   17.716178   0.985217    28.071172   26.064437   0.000006    -0.000391   0.581924    25.363956  
[37m[36mINFO[0m[0m 08/28 14:03:52 | 0.886768    0.895541    0.000000    0.997658    0.015138    0.995110    0.997863    1.000000    0.886768    0.895541    4500        107.784431  3.404448    0.005577    0.001247    0.001079    0.001079    0.013997    1.000000    0.000003    0.000000    3.384874    1.000000    0.000000    0.000000    18.244636   18.109565   0.984694    28.621062   26.581752   -0.000064   -0.000418   0.593042    24.746204  
[37m[36mINFO[0m[0m 08/28 14:05:17 | 0.906170    0.918471    0.000000    0.995030    0.016523    0.990220    0.997863    0.997006    0.906170    0.918471    4600        110.179641  3.399488    0.003096    0.000744    0.000585    0.000585    0.008795    1.000000    0.000002    0.000000    3.387597    1.000000    0.000000    0.000000    18.782434   18.700059   0.985084    29.595496   27.498442   -0.000001   -0.000588   0.596882    25.100159  
[37m[36mINFO[0m[0m 08/28 14:06:41 | 0.895992    0.907006    0.000000    0.996028    0.023970    0.990220    0.997863    1.000000    0.895992    0.907006    4700        112.574850  3.390112    0.000796    0.000097    0.000173    0.000173    0.004111    1.000000    0.000001    0.000000    3.385205    1.000000    0.000000    0.000000    19.005291   18.864664   0.985561    29.866472   27.709302   0.000008    -0.000375   0.588754    25.039024  
[37m[36mINFO[0m[0m 08/28 14:08:05 | 0.909033    0.917197    0.000000    0.995662    0.016941    0.995110    0.997863    0.994012    0.909033    0.917197    4800        114.970060  3.390892    0.001455    0.000074    0.000344    0.000344    0.005300    1.000000    0.000001    0.000000    3.384136    1.000000    0.000000    0.000000    19.134298   18.907524   0.985294    30.158390   28.019013   0.000020    -0.000521   0.593379    25.199209  
[37m[36mINFO[0m[0m 08/28 14:09:29 | 0.884224    0.898089    0.000000    0.995213    0.021592    0.987775    0.997863    1.000000    0.884224    0.898089    4900        117.365269  3.387562    0.001498    0.000195    0.000324    0.000324    0.006988    1.000000    0.000001    0.000000    3.379077    1.000000    0.000000    0.000000    19.520499   19.284727   0.985396    30.727714   28.469549   0.000003    -0.000130   0.585118    24.819940  
[37m[36mINFO[0m[0m 08/28 14:10:31 | 0.871501    0.880255    0.000000    0.994398    0.024008    0.985330    0.997863    1.000000    0.871501    0.880255    5000        119.760479  3.384982    0.001109    0.000052    0.000263    0.000263    0.007307    1.000000    0.000001    0.000000    3.376566    1.000000    0.000000    0.000000    19.767028   19.502917   0.985600    31.018594   28.812276   -0.000031   -0.000396   0.425175    20.228615  
[37m[36mINFO[0m[0m 08/28 14:10:31 | ---
[37m[36mINFO[0m[0m 08/28 14:10:31 | oracle = 91.031%
[37m[36mINFO[0m[0m 08/28 14:10:31 | iid = 88.677%
[37m[36mINFO[0m[0m 08/28 14:10:31 | last = 87.150%
[37m[36mINFO[0m[0m 08/28 14:10:31 | last (inD) = 99.440%
[37m[36mINFO[0m[0m 08/28 14:10:31 | iid (inD) = 99.766%
[37m[36mINFO[0m[0m 08/28 14:10:32 | === Summary ===
[37m[36mINFO[0m[0m 08/28 14:10:32 | Command: train_all.py pacs_b5c1_lr1e3_aug025_decomp --dataset PACS --algorithm CIPTDCCL --data_dir /home/hooasia/lgg/data/repro_dccl_data --deterministic --trial_seed 0 --seed 0 --checkpoint_freq 100 --cipt_clip_path /home/hooasia/.cache/clip/ViT-B-16.pt --cipt_beta 4 --cipt_gamma 5 --cipt_k 4 --cipt_prompt_length 16 --cipt_prompt_init a photo of a --cipt_template_mode b5c --cipt_causal_contrastive_weight 1 --cipt_contrastive_warmup_steps 500 --cipt_aug_decomp_weight 0.25 --output_root train_output/PACS_aug_decomp --lr 0.001 --weight_decay 0.0
[37m[36mINFO[0m[0m 08/28 14:10:32 | Unique name: 260828_09-43-50_pacs_b5c1_lr1e3_aug025_decomp
[37m[36mINFO[0m[0m 08/28 14:10:32 | Out path: train_output/PACS_aug_decomp/PACS/260828_09-43-50_pacs_b5c1_lr1e3_aug025_decomp
[37m[36mINFO[0m[0m 08/28 14:10:32 | Algorithm: CIPTDCCL
[37m[36mINFO[0m[0m 08/28 14:10:32 | Dataset: PACS
+------------+---------+---------+---------+---------+---------+
| Selection  |   env0  |   env1  |   env2  |   env3  |   Avg.  |
+------------+---------+---------+---------+---------+---------+
|   oracle   | 97.010% | 98.667% | 99.775% | 91.031% | 96.621% |
|    iid     | 97.559% | 98.454% | 99.551% | 88.677% | 96.060% |
|    last    | 97.132% | 97.068% | 97.231% | 87.150% | 94.645% |
| last (inD) | 98.697% | 98.293% | 98.006% | 99.440% | 98.609% |
| iid (inD)  | 98.769% | 98.651% | 98.280% | 99.766% | 98.866% |
+------------+---------+---------+---------+---------+---------+
