[37m[36mINFO[0m[0m 07/18 12:50:24 | Command :: train_all.py 2_2full_pacs_piccl_residual_gate --dataset PACS --algorithm PICCL --model resnet50 --deterministic --trial_seed 0 --seed 0 --checkpoint_freq 100 --steps 5000 --data_dir /home/hooasia/lgg/data/repro_dccl_data --use_piccl true --piccl_strict_bypass false --output_root train_output/PACS1 --l 1 --l_d 0.05 --l_layer 1 --t 0.1 --t_pre 0.2 --use_piccl true --piccl_fusion_mode residual_gate --piccl_gt_mode keep --piccl_rank 16 --piccl_isr_weight 0.05 --piccl_orth_weight 0.0001 --piccl_residual_scale 0.25 --piccl_gate_bias -2.5 --piccl_gt_mode keep --piccl_basis_receive_task_grad true
Environment:
	Python: 3.10.20
	PyTorch: 2.5.1+cu121
	Torchvision: 0.20.1+cu121
	CUDA: 12.1
	CUDNN: 90100
	NumPy: 2.2.6
	PIL: 12.0.0
Args:
	TN: False
	algorithm: PICCL
	aug: 0
	checkpoint_freq: 100
	configs: []
	data_dir: /home/hooasia/lgg/data/repro_dccl_data
	dataset: PACS
	debug: False
	deterministic: True
	domainnet_auto_source_count: 3
	erm_baseline: weak
	evalmode: fast
	holdout_fraction: 0.2
	l: 1.0
	l_d: 0.05
	l_layer: 1.0
	label_ratio: 1.0
	lamda: 5
	log: False
	mix: 0
	model: resnet50
	model_save: None
	n_layer: None
	name: 2_2full_pacs_piccl_residual_gate
	out_dir: train_output/PACS1/260718_12-50-24_2_2full_pacs_piccl_residual_gate
	out_root: train_output/PACS1
	output_root: train_output/PACS1
	pos_mask: False
	prebuild_loader: False
	re_w: False
	sample_d: False
	seed: 0
	show: False
	source_envs: None
	start_epoch: 1000
	steps: 5000
	sup: True
	t: 0.1
	t_pre: 0.2
	target_env: None
	tb_freq: 10
	test_envs: None
	trial_seed: 0
	two_ce: False
	unique_name: 260718_12-50-24_2_2full_pacs_piccl_residual_gate
	weak_erm: False
	work_dir: .
HParams:
	data_augmentation: True
	val_augment: False
	resnet18: False
	resnet_dropout: 0.0
	class_balanced: False
	optimizer: adam
	freeze_bn: True
	pretrained: True
	lr: 5e-05
	batch_size: 32
	weight_decay: 0.0
	[36mpiccl_rank: 16
	[0mpiccl_alpha_max: 0.5
	piccl_warmup_ratio: 0.1
	piccl_ramp_ratio: 0.2
	piccl_proto_momentum: 0.99
	piccl_num_interventions: 1
	piccl_ccc_weight: 1.0
	piccl_int_weight: 0.1
	piccl_ref_weight: 1.0
	[36mpiccl_isr_weight: 0.05
	[0m[36mpiccl_orth_weight: 0.0001
	[0mpiccl_eps: 1e-08
	[36mpiccl_gt_mode: keep
	[0m[36mpiccl_basis_receive_task_grad: True
	[0mpiccl_min_valid_domains: 2
	piccl_total_steps: 1
	[36muse_piccl: True
	[0m[36mpiccl_fusion_mode: residual_gate
	[0mpiccl_lr_multiplier: 1.0
	piccl_loss_warmup_ratio: 0.0
	piccl_feature_warmup_ratio: 0.0
	piccl_delayed_start_ratio: 0.0
	[36mpiccl_residual_scale: 0.25
	[0m[36mpiccl_gate_bias: -2.5
	[0mpiccl_connectivity_weight: 1.0
	piccl_diagnostic_interval: 0
	[36mpiccl_strict_bypass: False
	[0mt: 0.1
	t_pre: 0.2
	l: 1.0
	l_d: 0.05
	l_layer: 1.0
	n_layer: 1
	sup: True
	two_ce: False
	sample_d: False
	re_w: False
	pos_mask: False
	mix: 0
	aug: 0
	model: resnet50
	label_ratio: 1.0
	TN: False
	lamda: 5
	start_epoch: 1000
	log: False
	swad: LossValley
	swad_kwargs: 
	  n_converge: 3
	  n_tolerance: 6
	  tolerance_ratio: 0.3
	test_batchsize: 128
	indomain_test: False
Dataset:
	[PACS] #envs=4, #classes=7
	env0: art_painting (#2048)
	env1: cartoon (#2344)
	env2: photo (#1670)
	env3: sketch (#3929)

[37m[36mINFO[0m[0m 07/18 12:50:29 | n_steps = 5000
[37m[36mINFO[0m[0m 07/18 12:50:29 | checkpoint_freq = 100
[37m[36mINFO[0m[0m 07/18 12:50:29 | n_steps is updated to 5000 => 5001 for checkpointing
[37m[36mINFO[0m[0m 07/18 12:50:29 | Target test envs = [[0], [1], [2], [3]]
[37m[36mINFO[0m[0m 07/18 12:50:29 | 
[37m[36mINFO[0m[0m 07/18 12:50:33 | Testenv name escaping te_art_painting -> te_art_painting
[37m[36mINFO[0m[0m 07/18 12:50:33 | Test envs = [0], name = te_art_painting
[37m[36mINFO[0m[0m 07/18 12:50:33 | Batch sizes for each domain: [0, 32, 32, 32] (total=96)
[37m[36mINFO[0m[0m 07/18 12:50:33 | steps-per-epoch for each domain: 58.62, 41.75, 98.25 -> min = 41.75
[37m[36mINFO[0m[0m 07/18 12:50:35 | # of params = 53365703
[37m[36mINFO[0m[0m 07/18 12:50:46 | test_in     test_out    train_in    train_out   tr_outloss  env0_in     env0_out    env1_out    env2_out    env3_out    step        epoch       loss        loss_cls    loss_isr    loss_orth   loss_gt     piccl_alph  paired_res  domain_res  valid_doma  basis_orth  response_c  raw_interv  mediator_i  ce_loss     sup_cl_los  pre_cl_los  dccl_total  weighted_l  weighted_l  piccl_feat  residual_s  residual_d  fused_orig  piccl_exec  original_f  piccl_feat  feature_de  feature_de  original_f  gate_mean   gate_std    gate_min    gate_max    backbone_g  piccl_grad  classifier  has_nan_or  param_grou  param_grou  param_grou  param_grou  param_grou  param_grou  param_grou  param_grou  param_grou  step_time   eval_time  
[37m[36mINFO[0m[0m 07/18 12:50:46 | 0.131178    0.178484    0.000000    0.236210    1.887570    0.131178    0.178484    0.226496    0.260479    0.221656    0           0.000000    12.070241   1.940914    0.000000    0.126582    -5.756462   0.000000    0.000000    0.000000    21.000000   0.115786    0.000000    0.918931    0.918931    1.940914    5.304292    5.112845    12.070229   0.000000    0.000013    0.000000    0.250000    0.000000    1.000000    1.000000    24.181402   45.253296   0.000000    0.000000    1.000000    0.075858    0.000000    0.075858    0.075858    10.497466   0.000156    3.423702    0.000000    0.000050    0.000500    0.000005    0.000500    0.000500    0.000005    0.000050    0.000050    0.000050    1.133373    10.440105  
[37m[36mINFO[0m[0m 07/18 12:51:43 | 0.824283    0.838631    0.000000    0.954849    0.151924    0.824283    0.838631    0.950855    0.985030    0.928662    100         2.395210    8.648044    0.322195    0.978365    0.074257    -2.586541   0.000000    10.386024   2.557687    21.000000   0.073696    0.022095    0.967174    0.965847    0.322195    3.820500    4.585751    8.599118    0.048918    0.000007    1.000000    0.250000    0.792785    0.999605    1.000000    28.896002   45.275617   0.792785    0.028494    0.999605    0.090764    0.031836    0.024858    0.358302    13.947174   0.025480    1.519615    0.000000    0.000050    0.000500    0.000005    0.000500    0.000500    0.000005    0.000050    0.000050    0.000050    0.445001    10.782060  
[37m[36mINFO[0m[0m 07/18 12:52:43 | 0.825503    0.841076    0.000000    0.960970    0.123416    0.825503    0.841076    0.963675    0.988024    0.931210    200         4.790419    7.843039    0.098434    0.903919    0.091379    -3.296480   0.000000    10.038347   5.400048    21.000000   0.092488    0.097001    0.975245    0.973860    0.098434    3.530691    4.333533    7.797834    0.045196    0.000009    1.000000    0.250000    1.324803    0.998692    1.000000    23.922331   45.307094   1.324803    0.055734    0.998692    0.116822    0.075081    0.009626    0.787133    12.670757   0.024888    0.578805    0.000000    0.000050    0.000500    0.000005    0.000500    0.000500    0.000005    0.000050    0.000050    0.000050    0.465380    10.772809  
[37m[36mINFO[0m[0m 07/18 12:53:40 | 0.835265    0.821516    0.000000    0.961934    0.126395    0.835265    0.821516    0.961538    0.979042    0.945223    300         7.185629    7.612951    0.060279    0.828663    0.307954    -3.640504   0.000000    9.879894    6.604006    21.000000   0.310640    0.171973    0.978067    0.976505    0.060279    3.466511    4.226721    7.571487    0.041433    0.000031    1.000000    0.250000    1.836469    0.997196    1.000000    21.866459   45.333507   1.836469    0.084175    0.997196    0.143930    0.109506    0.005456    0.924767    10.822377   0.022009    0.369631    0.000000    0.000050    0.000500    0.000005    0.000500    0.000500    0.000005    0.000050    0.000050    0.000050    0.446066    10.714817  
[37m[36mINFO[0m[0m 07/18 12:54:38 | 0.881635    0.887531    0.000000    0.969615    0.099669    0.881635    0.887531    0.972222    0.985030    0.951592    400         9.580838    7.446764    0.035878    0.782465    0.527817    -3.899820   0.000000    9.805016    7.197480    21.000000   0.529422    0.217946    0.979013    0.977334    0.035878    3.412168    4.154533    7.407588    0.039123    0.000053    1.000000    0.250000    2.272126    0.995360    1.000000    20.689583   45.356336   2.272126    0.109931    0.995360    0.169514    0.137512    0.003648    0.957722    8.851793    0.019007    0.251727    0.000000    0.000050    0.000500    0.000005    0.000500    0.000500    0.000005    0.000050    0.000050    0.000050    0.446104    10.722648  
[37m[36mINFO[0m[0m 07/18 12:55:38 | 0.832825    0.828851    0.000000    0.963068    0.124968    0.832825    0.828851    0.955128    0.985030    0.949045    500         11.976048   7.374809    0.031525    0.754346    0.642928    -4.096789   0.000000    9.722274    7.461202    21.000000   0.643693    0.245926    0.979956    0.978070    0.031525    3.397897    4.112444    7.337027    0.037717    0.000064    1.000000    0.250000    2.611784    0.993505    1.000000    19.939972   45.374277   2.611784    0.131062    0.993505    0.192452    0.160820    0.002373    0.977581    8.762045    0.018055    0.212712    0.000000    0.000050    0.000500    0.000005    0.000500    0.000500    0.000005    0.000050    0.000050    0.000050    0.466151    11.311481  
[37m[36mINFO[0m[0m 07/18 12:56:37 | 0.881635    0.872861    0.000000    0.970601    0.102068    0.881635    0.872861    0.970085    0.985030    0.956688    600         14.371257   7.295514    0.025529    0.738419    0.685124    -4.287269   0.025250    9.681070    7.530288    21.000000   0.685180    0.261804    0.980097    0.977893    0.025529    3.385058    4.062301    7.258525    0.036921    0.000069    1.000000    0.250000    2.904744    0.991518    1.000000    19.340659   45.389359   2.904744    0.150258    0.991518    0.212718    0.178875    0.002029    0.981466    7.741052    0.017002    0.188663    0.000000    0.000050    0.000500    0.000005    0.000500    0.000500    0.000005    0.000050    0.000050    0.000050    0.452738    11.479928  
[37m[36mINFO[0m[0m 07/18 12:57:36 | 0.811470    0.799511    0.000000    0.950102    0.174066    0.811470    0.799511    0.948718    0.955090    0.946497    700         16.766467   7.257979    0.020213    0.723328    0.666011    -4.421662   0.075250    9.692883    7.549997    21.000000   0.665666    0.276867    0.980225    0.977623    0.020213    3.378152    4.044464    7.221746    0.036166    0.000067    1.000000    0.250000    3.209748    0.989599    1.000000    19.342784   45.406914   3.209748    0.165978    0.989599    0.236420    0.200273    0.001530    0.989100    7.840892    0.018778    0.161937    0.000000    0.000050    0.000500    0.000005    0.000500    0.000500    0.000005    0.000050    0.000050    0.000050    0.452894    11.137976  
[37m[36mINFO[0m[0m 07/18 12:58:34 | 0.807200    0.826406    0.000000    0.964645    0.111657    0.807200    0.826406    0.967949    0.982036    0.943949    800         19.161677   7.265197    0.033574    0.711283    0.625808    -4.548431   0.125250    9.719958    7.566504    21.000000   0.625355    0.288861    0.980919    0.978011    0.033574    3.396747    4.026671    7.229571    0.035564    0.000063    1.000000    0.250000    3.317911    0.988443    1.000000    18.999874   45.412375   3.317911    0.174792    0.988443    0.246741    0.209307    0.001205    0.991390    9.514349    0.027286    0.217699    0.000000    0.000050    0.000500    0.000005    0.000500    0.000500    0.000005    0.000050    0.000050    0.000050    0.448220    11.085188  
[37m[36mINFO[0m[0m 07/18 12:59:31 | 0.883466    0.870416    0.000000    0.975857    0.091461    0.883466    0.870416    0.972222    0.991018    0.964331    900         21.556886   7.148627    0.007265    0.704451    0.579535    -4.732126   0.175250    9.616394    7.584935    21.000000   0.579047    0.295662    0.982345    0.979840    0.007265    3.347529    3.995158    7.113346    0.035223    0.000058    1.000000    0.250000    3.503322    0.986437    1.000000    18.272145   45.426590   3.503322    0.191828    0.986437    0.255646    0.214130    0.001179    0.989928    3.762850    0.016968    0.059435    0.000000    0.000050    0.000500    0.000005    0.000500    0.000500    0.000005    0.000050    0.000050    0.000050    0.447937    10.799362  
[37m[36mINFO[0m[0m 07/18 13:00:29 | 0.865162    0.843521    0.000000    0.969464    0.093988    0.865162    0.843521    0.967949    0.985030    0.955414    1000        23.952096   7.141455    0.013804    0.696856    0.527422    -4.897828   0.225250    9.567338    7.535266    21.000000   0.526923    0.303240    0.982724    0.979768    0.013804    3.353799    3.983848    7.106560    0.034843    0.000053    1.000000    0.250000    3.663140    0.984771    1.000000    18.215380   45.433792   3.663140    0.201183    0.984771    0.273790    0.226539    0.000904    0.993257    5.331596    0.029406    0.092320    0.000000    0.000050    0.000500    0.000005    0.000500    0.000500    0.000005    0.000050    0.000050    0.000050    0.447657    11.194203  
[37m[36mINFO[0m[0m 07/18 13:01:30 | 0.839536    0.855746    0.000000    0.954729    0.140658    0.839536    0.855746    0.967949    0.979042    0.917197    1100        26.347305   7.174008    0.022979    0.691975    0.489328    -4.993206   0.275250    9.673675    7.498178    21.000000   0.489053    0.308094    0.982016    0.978382    0.022979    3.379099    3.986942    7.139360    0.034599    0.000049    1.000000    0.250000    3.810088    0.983592    1.000000    18.396998   45.441026   3.810088    0.207153    0.983592    0.285563    0.237220    0.000775    0.995034    8.549352    0.053092    0.163236    0.000000    0.000050    0.000500    0.000005    0.000500    0.000500    0.000005    0.000050    0.000050    0.000050    0.467026    11.798057  
[37m[36mINFO[0m[0m 07/18 13:02:30 | 0.860891    0.865526    0.000000    0.967615    0.110743    0.860891    0.865526    0.963675    0.985030    0.954140    1200        28.742515   7.129384    0.021663    0.688254    0.463592    -5.090186   0.325250    9.675166    7.442576    21.000000   0.463363    0.311794    0.983036    0.979678    0.021663    3.372112    3.955659    7.094925    0.034413    0.000046    1.000000    0.250000    3.878519    0.982943    1.000000    18.283974   45.447818   3.878519    0.212175    0.982943    0.287803    0.241177    0.000699    0.995231    7.783143    0.060699    0.160272    0.000000    0.000050    0.000500    0.000005    0.000500    0.000500    0.000005    0.000050    0.000050    0.000050    0.450924    12.441950  
[37m[36mINFO[0m[0m 07/18 13:03:30 | 0.861501    0.867971    0.000000    0.968042    0.097519    0.861501    0.867971    0.967949    0.982036    0.954140    1300        31.137725   7.082695    0.012670    0.687505    0.440964    -5.253169   0.375250    9.607874    7.404154    21.000000   0.440709    0.312539    0.983384    0.980090    0.012670    3.355119    3.943145    7.048276    0.034375    0.000044    1.000000    0.250000    4.001135    0.981599    1.000000    18.125078   45.455173   4.001135    0.220780    0.981599    0.295471    0.245866    0.000628    0.995989    5.530949    0.052993    0.099706    0.000000    0.000050    0.000500    0.000005    0.000500    0.000500    0.000005    0.000050    0.000050    0.000050    0.451000    12.636540  
[37m[36mINFO[0m[0m 07/18 13:04:30 | 0.842587    0.828851    0.000000    0.955696    0.143369    0.842587    0.828851    0.970085    0.967066    0.929936    1400        33.532934   7.055239    0.008746    0.685300    0.415919    -5.384791   0.425250    9.576829    7.413199    21.000000   0.415701    0.314737    0.983287    0.979727    0.008746    3.347598    3.933828    7.020932    0.034265    0.000042    1.000000    0.250000    4.118764    0.979594    1.000000    17.713299   45.465761   4.118764    0.232528    0.979594    0.303157    0.248713    0.000629    0.995881    4.296535    0.053881    0.073828    0.000000    0.000050    0.000500    0.000005    0.000500    0.000500    0.000005    0.000050    0.000050    0.000050    0.454770    12.677227  
[37m[36mINFO[0m[0m 07/18 13:05:31 | 0.894448    0.865526    0.000000    0.970190    0.097263    0.894448    0.865526    0.976496    0.985030    0.949045    1500        35.928144   7.031004    0.008035    0.684873    0.397766    -5.527496   0.475250    9.571216    7.379631    21.000000   0.397595    0.315161    0.982915    0.978986    0.008035    3.346704    3.918357    6.996721    0.034244    0.000040    1.000000    0.250000    4.245410    0.978019    1.000000    17.682404   45.473104   4.245410    0.240110    0.978019    0.315273    0.254759    0.000518    0.996719    3.367788    0.055889    0.057642    0.000000    0.000050    0.000500    0.000005    0.000500    0.000500    0.000005    0.000050    0.000050    0.000050    0.452527    14.016945  
[37m[36mINFO[0m[0m 07/18 13:06:32 | 0.865772    0.863081    0.000000    0.977282    0.074570    0.865772    0.863081    0.976496    0.991018    0.964331    1600        38.323353   6.996122    0.002491    0.682216    0.382642    -5.673962   0.500000    9.466466    7.295678    21.000000   0.382503    0.317814    0.983155    0.979004    0.002491    3.334689    3.908492    6.961973    0.034111    0.000038    1.000000    0.250000    4.419450    0.976237    1.000000    17.774225   45.483801   4.419450    0.248667    0.976237    0.330051    0.262792    0.000471    0.997171    2.312142    0.054019    0.026147    0.000000    0.000050    0.000500    0.000005    0.000500    0.000500    0.000005    0.000050    0.000050    0.000050    0.461115    12.927428  
[37m[36mINFO[0m[0m 07/18 13:07:33 | 0.877974    0.845966    0.000000    0.972442    0.098750    0.877974    0.845966    0.980769    0.976048    0.960510    1700        40.718563   6.982815    0.004741    0.681521    0.371263    -5.802345   0.500000    9.487979    7.216741    21.000000   0.371179    0.318510    0.983213    0.978567    0.004741    3.332952    3.901126    6.948702    0.034076    0.000037    1.000000    0.250000    4.544022    0.974454    1.000000    17.750184   45.490305   4.544022    0.256003    0.974454    0.342947    0.269363    0.000398    0.997413    2.919717    0.065256    0.036091    0.000000    0.000050    0.000500    0.000005    0.000500    0.000500    0.000005    0.000050    0.000050    0.000050    0.460663    13.042230  
[37m[36mINFO[0m[0m 07/18 13:08:34 | 0.814521    0.816626    0.000000    0.971875    0.108984    0.814521    0.816626    0.970085    0.985030    0.960510    1800        43.113772   6.986366    0.007096    0.683056    0.363416    -5.865088   0.500000    9.554573    7.186645    21.000000   0.363363    0.316971    0.982687    0.977652    0.007096    3.343980    3.894354    6.952176    0.034153    0.000036    1.000000    0.250000    4.646984    0.974013    1.000000    18.048986   45.500098   4.646984    0.257584    0.974013    0.351344    0.276227    0.000311    0.998383    4.449011    0.087313    0.064349    0.000000    0.000050    0.000500    0.000005    0.000500    0.000500    0.000005    0.000050    0.000050    0.000050    0.460478    12.954204  
[37m[36mINFO[0m[0m 07/18 13:09:34 | 0.801098    0.831296    0.000000    0.965196    0.125042    0.801098    0.831296    0.967949    0.976048    0.951592    1900        45.508982   6.989957    0.010952    0.680363    0.363259    -5.937073   0.500000    9.550290    7.199897    21.000000   0.363305    0.319664    0.983775    0.979135    0.010952    3.350319    3.891485    6.955902    0.034018    0.000036    1.000000    0.250000    4.601367    0.974731    1.000000    17.996322   45.501984   4.601367    0.255778    0.974731    0.346649    0.276593    0.000303    0.998603    5.567691    0.092883    0.080174    0.000000    0.000050    0.000500    0.000005    0.000500    0.000500    0.000005    0.000050    0.000050    0.000050    0.457259    12.265749  
[37m[36mINFO[0m[0m 07/18 13:10:35 | 0.832825    0.821516    0.000000    0.963216    0.140695    0.832825    0.821516    0.955128    0.988024    0.946497    2000        47.904192   6.999311    0.014631    0.678655    0.366288    -6.006186   0.500000    9.652457    7.198628    21.000000   0.366296    0.321369    0.982592    0.977879    0.014631    3.355914    3.895105    6.965341    0.033933    0.000037    1.000000    0.250000    4.507591    0.975602    1.000000    17.910168   45.500448   4.507591    0.251767    0.975602    0.338061    0.275721    0.000264    0.998663    7.017779    0.105885    0.103442    0.000000    0.000050    0.000500    0.000005    0.000500    0.000500    0.000005    0.000050    0.000050    0.000050    0.462271    12.245547  
[37m[36mINFO[0m[0m 07/18 13:11:35 | 0.860891    0.848411    0.000000    0.964476    0.123381    0.860891    0.848411    0.972222    0.967066    0.954140    2100        50.299401   6.989230    0.017090    0.677830    0.363430    -6.105931   0.500000    9.644981    7.230089    21.000000   0.363387    0.322192    0.982513    0.978007    0.017090    3.362171    3.881338    6.955302    0.033891    0.000036    1.000000    0.250000    4.491011    0.975504    1.000000    17.749038   45.503137   4.491011    0.253187    0.975504    0.333961    0.275195    0.000234    0.998719    6.753396    0.102133    0.118464    0.000000    0.000050    0.000500    0.000005    0.000500    0.000500    0.000005    0.000050    0.000050    0.000050    0.454989    12.568007  
[37m[36mINFO[0m[0m 07/18 13:12:34 | 0.823673    0.816626    0.000000    0.968891    0.122078    0.823673    0.816626    0.967949    0.982036    0.956688    2200        52.694611   6.982542    0.018028    0.673108    0.363577    -6.165689   0.500000    9.709392    7.268064    21.000000   0.363575    0.326913    0.983521    0.979114    0.018028    3.361124    3.877982    6.948850    0.033655    0.000036    1.000000    0.250000    4.483817    0.975497    1.000000    17.619425   45.510823   4.483817    0.254741    0.975497    0.326613    0.273890    0.000188    0.998807    6.500752    0.103155    0.112856    0.000000    0.000050    0.000500    0.000005    0.000500    0.000500    0.000005    0.000050    0.000050    0.000050    0.453136    11.392238  
[37m[36mINFO[0m[0m 07/18 13:13:35 | 0.848688    0.860636    0.000000    0.969605    0.112773    0.848688    0.860636    0.974359    0.979042    0.955414    2300        55.089820   6.970299    0.013669    0.673081    0.358020    -6.314015   0.500000    9.667590    7.281696    21.000000   0.357928    0.326939    0.983709    0.979619    0.013669    3.354133    3.884508    6.936609    0.033654    0.000036    1.000000    0.250000    4.490774    0.974600    1.000000    17.113469   45.515022   4.490774    0.262453    0.974600    0.322082    0.270958    0.000184    0.998911    5.464577    0.088720    0.094976    0.000000    0.000050    0.000500    0.000005    0.000500    0.000500    0.000005    0.000050    0.000050    0.000050    0.474556    11.525823  
[37m[36mINFO[0m[0m 07/18 13:14:35 | 0.829164    0.838631    0.000000    0.963513    0.117485    0.829164    0.838631    0.978632    0.973054    0.938854    2400        57.485030   6.932502    0.008049    0.675304    0.350051    -6.419461   0.500000    9.613147    7.238434    21.000000   0.350001    0.324715    0.984164    0.980154    0.008049    3.347869    3.863757    6.898702    0.033765    0.000035    1.000000    0.250000    4.627631    0.973925    1.000000    17.575780   45.514489   4.627631    0.263402    0.973925    0.336832    0.280878    0.000167    0.999078    5.030195    0.081092    0.067960    0.000000    0.000050    0.000500    0.000005    0.000500    0.000500    0.000005    0.000050    0.000050    0.000050    0.458657    11.461442  
[37m[36mINFO[0m[0m 07/18 13:15:34 | 0.857230    0.860636    0.000000    0.969754    0.108715    0.857230    0.860636    0.974359    0.982036    0.952866    2500        59.880240   6.923675    0.010161    0.672388    0.346388    -6.510782   0.500000    9.664480    7.186816    21.000000   0.346350    0.327631    0.984019    0.979799    0.010161    3.345135    3.860264    6.890021    0.033619    0.000035    1.000000    0.250000    4.642409    0.973150    1.000000    17.415458   45.515318   4.642409    0.266654    0.973150    0.338217    0.281200    0.000136    0.999134    4.976906    0.089685    0.076424    0.000000    0.000050    0.000500    0.000005    0.000500    0.000500    0.000005    0.000050    0.000050    0.000050    0.450967    11.948127  
[37m[36mINFO[0m[0m 07/18 13:16:33 | 0.840757    0.836186    0.000000    0.973861    0.096990    0.840757    0.836186    0.972222    0.985030    0.964331    2600        62.275449   6.919265    0.007508    0.669642    0.340117    -6.599699   0.500000    9.678292    7.206977    21.000000   0.340021    0.330377    0.984377    0.980114    0.007508    3.345060    3.863165    6.885749    0.033482    0.000034    1.000000    0.250000    4.691907    0.972522    1.000000    17.311564   45.520789   4.691907    0.271070    0.972522    0.340239    0.283592    0.000139    0.999103    4.493869    0.081919    0.056361    0.000000    0.000050    0.000500    0.000005    0.000500    0.000500    0.000005    0.000050    0.000050    0.000050    0.455666    11.929408  
[37m[36mINFO[0m[0m 07/18 13:17:33 | 0.814521    0.828851    0.000000    0.975712    0.089738    0.814521    0.828851    0.980769    0.982036    0.964331    2700        64.670659   6.878382    0.005686    0.670933    0.329038    -6.756010   0.500000    9.531068    7.144376    21.000000   0.328966    0.329087    0.983993    0.979462    0.005686    3.334761    3.842156    6.844802    0.033547    0.000033    1.000000    0.250000    4.773940    0.970869    1.000000    17.140857   45.526272   4.773940    0.278530    0.970869    0.347172    0.285902    0.000133    0.999170    3.282911    0.070529    0.038591    0.000000    0.000050    0.000500    0.000005    0.000500    0.000500    0.000005    0.000050    0.000050    0.000050    0.455088    12.545525  
[37m[36mINFO[0m[0m 07/18 13:18:34 | 0.840757    0.850856    0.000000    0.971603    0.095994    0.840757    0.850856    0.978632    0.982036    0.954140    2800        67.065868   6.890662    0.008107    0.669265    0.325418    -6.809386   0.500000    9.602395    7.091599    21.000000   0.325410    0.330754    0.984188    0.979473    0.008107    3.341915    3.847613    6.857166    0.033463    0.000033    1.000000    0.250000    4.807566    0.970767    1.000000    17.292870   45.530586   4.807566    0.278053    0.970767    0.351315    0.289183    0.000104    0.999493    5.001052    0.094660    0.065413    0.000000    0.000050    0.000500    0.000005    0.000500    0.000500    0.000005    0.000050    0.000050    0.000050    0.458101    13.115793  
[37m[36mINFO[0m[0m 07/18 13:19:34 | 0.865162    0.858191    0.000000    0.970327    0.102563    0.865162    0.858191    0.974359    0.985030    0.951592    2900        69.461078   6.887378    0.007409    0.667555    0.325235    -6.904587   0.500000    9.599298    7.077806    21.000000   0.325162    0.332463    0.984399    0.979900    0.007409    3.340897    3.850890    6.853967    0.033378    0.000033    1.000000    0.250000    4.806011    0.971293    1.000000    17.457337   45.532777   4.806011    0.275391    0.971293    0.351560    0.291361    0.000079    0.999563    3.894820    0.081206    0.052522    0.000000    0.000050    0.000500    0.000005    0.000500    0.000500    0.000005    0.000050    0.000050    0.000050    0.452804    12.346677  
[37m[36mINFO[0m[0m 07/18 13:20:32 | 0.788896    0.787286    0.000000    0.955362    0.194544    0.788896    0.787286    0.935897    0.976048    0.954140    3000        71.856287   6.882904    0.008823    0.667181    0.317023    -7.026657   0.500000    9.582262    7.030811    21.000000   0.317083    0.332838    0.984175    0.979456    0.008823    3.346215    3.845808    6.849513    0.033359    0.000032    1.000000    0.250000    4.858907    0.970399    1.000000    17.430887   45.533243   4.858907    0.278804    0.970399    0.357208    0.293339    0.000080    0.999504    4.495615    0.095078    0.057078    0.000000    0.000050    0.000500    0.000005    0.000500    0.000500    0.000005    0.000050    0.000050    0.000050    0.457205    10.996792  
[37m[36mINFO[0m[0m 07/18 13:21:31 | 0.875534    0.870416    0.000000    0.972163    0.094320    0.875534    0.870416    0.972222    0.985030    0.959236    3100        74.251497   6.856259    0.006708    0.663403    0.323065    -7.072191   0.500000    9.662808    7.000561    21.000000   0.323035    0.336617    0.985682    0.981603    0.006708    3.340927    3.829032    6.823057    0.033170    0.000032    1.000000    0.250000    4.783089    0.971067    1.000000    17.215630   45.536348   4.783089    0.278012    0.971067    0.346309    0.290319    0.000076    0.999536    4.563151    0.083031    0.053948    0.000000    0.000050    0.000500    0.000005    0.000500    0.000500    0.000005    0.000050    0.000050    0.000050    0.452321    11.723568  
[37m[36mINFO[0m[0m 07/18 13:22:32 | 0.868212    0.863081    0.000000    0.971603    0.106148    0.868212    0.863081    0.978632    0.982036    0.954140    3200        76.646707   6.844329    0.005562    0.667877    0.319164    -7.210785   0.500000    9.592717    6.977328    21.000000   0.319091    0.332142    0.984631    0.980512    0.005562    3.337953    3.827928    6.810903    0.033394    0.000032    1.000000    0.250000    4.853889    0.970703    1.000000    17.408154   45.534428   4.853889    0.278867    0.970703    0.353889    0.294520    0.000065    0.999627    3.685099    0.081687    0.043087    0.000000    0.000050    0.000500    0.000005    0.000500    0.000500    0.000005    0.000050    0.000050    0.000050    0.472304    11.236869  
[37m[36mINFO[0m[0m 07/18 13:23:32 | 0.866382    0.850856    0.000000    0.975434    0.091296    0.866382    0.850856    0.976496    0.988024    0.961783    3300        79.041916   6.876876    0.011209    0.665814    0.319237    -7.213907   0.500000    9.676598    6.981364    21.000000   0.319265    0.334204    0.984248    0.979556    0.011209    3.354298    3.838742    6.843554    0.033291    0.000032    1.000000    0.250000    4.749150    0.970933    1.000000    17.106175   45.532346   4.749150    0.277817    0.970933    0.345058    0.290750    0.000059    0.999593    5.846257    0.112747    0.079627    0.000000    0.000050    0.000500    0.000005    0.000500    0.000500    0.000005    0.000050    0.000050    0.000050    0.456578    11.773012  
[37m[36mINFO[0m[0m 07/18 13:24:32 | 0.865162    0.855746    0.000000    0.964932    0.119677    0.865162    0.855746    0.970085    0.982036    0.942675    3400        81.437126   6.839288    0.007114    0.665795    0.312581    -7.355777   0.500000    9.623157    7.063687    21.000000   0.312479    0.334224    0.984498    0.980265    0.007114    3.339414    3.827228    6.805967    0.033290    0.000031    1.000000    0.250000    4.774352    0.970410    1.000000    16.953973   45.532373   4.774352    0.281656    0.970410    0.344549    0.291238    0.000064    0.999634    4.014750    0.077475    0.054999    0.000000    0.000050    0.000500    0.000005    0.000500    0.000500    0.000005    0.000050    0.000050    0.000050    0.453600    12.668646  
[37m[36mINFO[0m[0m 07/18 13:25:33 | 0.845638    0.828851    0.000000    0.972728    0.117210    0.845638    0.828851    0.978632    0.979042    0.960510    3500        83.832335   6.824804    0.002808    0.664671    0.302499    -7.486571   0.500000    9.625526    7.046523    21.000000   0.302419    0.335346    0.984805    0.980698    0.002808    3.332125    3.830935    6.791540    0.033234    0.000030    1.000000    0.250000    4.915709    0.968956    1.000000    16.983741   45.545035   4.915709    0.289492    0.968956    0.352470    0.295052    0.000062    0.999675    2.268354    0.065179    0.023212    0.000000    0.000050    0.000500    0.000005    0.000500    0.000500    0.000005    0.000050    0.000050    0.000050    0.469733    11.475019  
[37m[36mINFO[0m[0m 07/18 13:26:32 | 0.834655    0.823961    0.000000    0.966183    0.112627    0.834655    0.823961    0.965812    0.976048    0.956688    3600        86.227545   6.828598    0.007331    0.663614    0.299500    -7.567697   0.500000    9.542397    7.019183    21.000000   0.299502    0.336405    0.984830    0.980359    0.007331    3.338913    3.827528    6.795387    0.033181    0.000030    1.000000    0.250000    4.822612    0.968738    1.000000    16.641683   45.536990   4.822612    0.289832    0.968738    0.347189    0.291789    0.000062    0.999554    3.759160    0.090805    0.053120    0.000000    0.000050    0.000500    0.000005    0.000500    0.000500    0.000005    0.000050    0.000050    0.000050    0.455188    11.691181  
[37m[36mINFO[0m[0m 07/18 13:27:33 | 0.835265    0.828851    0.000000    0.967478    0.114253    0.835265    0.828851    0.965812    0.985030    0.951592    3700        88.622754   6.810000    0.005588    0.663452    0.298824    -7.625924   0.500000    9.608684    6.989432    21.000000   0.298804    0.336566    0.984502    0.979858    0.005588    3.336502    3.816004    6.776798    0.033173    0.000030    1.000000    0.250000    4.904080    0.968897    1.000000    17.061338   45.540444   4.904080    0.287480    0.968897    0.355322    0.298460    0.000047    0.999698    4.279039    0.090193    0.044426    0.000000    0.000050    0.000500    0.000005    0.000500    0.000500    0.000005    0.000050    0.000050    0.000050    0.452915    13.339865  
[37m[36mINFO[0m[0m 07/18 13:28:33 | 0.853569    0.843521    0.000000    0.969730    0.110763    0.853569    0.843521    0.970085    0.976048    0.963057    3800        91.017964   6.822770    0.010146    0.660860    0.298727    -7.682826   0.500000    9.699652    6.962944    21.000000   0.298742    0.339156    0.984223    0.979448    0.010146    3.344017    3.819675    6.789697    0.033043    0.000030    1.000000    0.250000    4.849878    0.969477    1.000000    17.001571   45.539624   4.849878    0.285309    0.969477    0.349193    0.297778    0.000037    0.999794    5.794615    0.102086    0.071328    0.000000    0.000050    0.000500    0.000005    0.000500    0.000500    0.000005    0.000050    0.000050    0.000050    0.453781    12.540533  
[37m[36mINFO[0m[0m 07/18 13:29:32 | 0.866382    0.860636    0.000000    0.972161    0.106843    0.866382    0.860636    0.967949    0.988024    0.960510    3900        93.413174   6.794868    0.005845    0.659587    0.296556    -7.794747   0.500000    9.618965    6.901219    21.000000   0.296481    0.340431    0.985128    0.981089    0.005845    3.333149    3.812603    6.761859    0.032979    0.000030    1.000000    0.250000    4.826219    0.969727    1.000000    16.923367   45.539245   4.826219    0.285226    0.969727    0.346134    0.296741    0.000037    0.999799    3.068796    0.074845    0.040295    0.000000    0.000050    0.000500    0.000005    0.000500    0.000500    0.000005    0.000050    0.000050    0.000050    0.454397    11.983664  
[37m[36mINFO[0m[0m 07/18 13:30:33 | 0.826113    0.828851    0.000000    0.967173    0.126322    0.826113    0.828851    0.972222    0.970060    0.959236    4000        95.808383   6.787733    0.004136    0.659186    0.288315    -7.912016   0.500000    9.530244    6.868073    21.000000   0.288268    0.340832    0.984787    0.980417    0.004136    3.332978    3.813231    6.754745    0.032959    0.000029    1.000000    0.250000    4.953342    0.968104    1.000000    16.959143   45.549586   4.953342    0.292139    0.968104    0.353802    0.301030    0.000030    0.999787    3.464307    0.076647    0.034627    0.000000    0.000050    0.000500    0.000005    0.000500    0.000500    0.000005    0.000050    0.000050    0.000050    0.453298    13.620028  
[37m[36mINFO[0m[0m 07/18 13:31:33 | 0.812081    0.811736    0.000000    0.953952    0.194222    0.812081    0.811736    0.965812    0.952096    0.943949    4100        98.203593   6.786209    0.005651    0.659032    0.285795    -7.949778   0.500000    9.684062    6.880705    21.000000   0.285783    0.340986    0.985106    0.980670    0.005651    3.335248    3.809818    6.753229    0.032952    0.000029    1.000000    0.250000    4.933424    0.968342    1.000000    16.924506   45.552992   4.933424    0.291577    0.968342    0.352789    0.301848    0.000021    0.999827    3.669613    0.083210    0.038059    0.000000    0.000050    0.000500    0.000005    0.000500    0.000500    0.000005    0.000050    0.000050    0.000050    0.452647    12.711647  
[37m[36mINFO[0m[0m 07/18 13:32:36 | 0.800488    0.804401    0.000000    0.964036    0.137147    0.800488    0.804401    0.961538    0.970060    0.960510    4200        100.598802  6.807698    0.010438    0.656527    0.288931    -7.981606   0.500000    9.644229    6.943139    21.000000   0.288947    0.343490    0.985778    0.981534    0.010438    3.349079    3.814406    6.774843    0.032826    0.000029    1.000000    0.250000    4.834899    0.968513    1.000000    16.564468   45.545757   4.834899    0.291899    0.968513    0.343052    0.296420    0.000022    0.999759    4.898286    0.101967    0.072756    0.000000    0.000050    0.000500    0.000005    0.000500    0.000500    0.000005    0.000050    0.000050    0.000050    0.471947    12.673535  
[37m[36mINFO[0m[0m 07/18 13:33:36 | 0.863331    0.841076    0.000000    0.973851    0.097399    0.863331    0.841076    0.974359    0.979042    0.968153    4300        102.994012  6.757543    0.002609    0.656846    0.283700    -8.131951   0.500000    9.656018    6.963866    21.000000   0.283610    0.343170    0.985769    0.981853    0.002609    3.325824    3.802837    6.724673    0.032842    0.000028    1.000000    0.250000    4.927967    0.967312    1.000000    16.558630   45.550005   4.927967    0.297666    0.967312    0.347919    0.299434    0.000024    0.999763    1.765094    0.065790    0.018778    0.000000    0.000050    0.000500    0.000005    0.000500    0.000500    0.000005    0.000050    0.000050    0.000050    0.455464    11.756440  
[37m[36mINFO[0m[0m 07/18 13:34:34 | 0.783405    0.782396    0.000000    0.968294    0.137091    0.783405    0.782396    0.963675    0.973054    0.968153    4400        105.389222  6.757078    0.003226    0.658355    0.274188    -8.284061   0.500000    9.582316    6.930417    21.000000   0.274148    0.341663    0.985276    0.980886    0.003226    3.329560    3.805550    6.724133    0.032918    0.000027    1.000000    0.250000    4.947750    0.965456    1.000000    16.205821   45.549042   4.947750    0.305346    0.965456    0.351450    0.299242    0.000025    0.999742    2.277613    0.071732    0.021490    0.000000    0.000050    0.000500    0.000005    0.000500    0.000500    0.000005    0.000050    0.000050    0.000050    0.451556    11.616458  
[37m[36mINFO[0m[0m 07/18 13:35:34 | 0.770592    0.787286    0.000000    0.957224    0.193357    0.770592    0.787286    0.970085    0.955090    0.946497    4500        107.784431  6.832356    0.021570    0.653217    0.287248    -8.137972   0.500000    9.739869    6.969861    21.000000   0.287451    0.346799    0.985034    0.979921    0.021570    3.367149    3.817846    6.799667    0.032661    0.000029    1.000000    0.250000    4.762378    0.967978    1.000000    16.309275   45.536118   4.762378    0.292090    0.967978    0.340743    0.297266    0.000014    0.999788    7.965654    0.148098    0.122770    0.000000    0.000050    0.000500    0.000005    0.000500    0.000500    0.000005    0.000050    0.000050    0.000050    0.454812    12.268520  
[37m[36mINFO[0m[0m 07/18 13:36:36 | 0.856620    0.836186    0.000000    0.971313    0.108585    0.856620    0.836186    0.972222    0.985030    0.956688    4600        110.179641  6.779423    0.010467    0.651854    0.293476    -8.281130   0.500000    9.743750    6.998500    21.000000   0.293439    0.348164    0.985719    0.981509    0.010467    3.346181    3.804209    6.746801    0.032593    0.000029    1.000000    0.250000    4.843002    0.968392    1.000000    16.563285   45.547985   4.843002    0.292652    0.968392    0.339483    0.301244    0.000009    0.999871    4.536899    0.092292    0.067895    0.000000    0.000050    0.000500    0.000005    0.000500    0.000500    0.000005    0.000050    0.000050    0.000050    0.472648    12.746917  
[37m[36mINFO[0m[0m 07/18 13:37:36 | 0.857230    0.843521    0.000000    0.972575    0.096275    0.857230    0.843521    0.970085    0.982036    0.965605    4700        112.574850  6.748125    0.006257    0.652976    0.289032    -8.424094   0.500000    9.607399    6.993614    21.000000   0.288977    0.347040    0.986254    0.982374    0.006257    3.331956    3.798439    6.715447    0.032649    0.000029    1.000000    0.250000    4.897278    0.967717    1.000000    16.524310   45.545468   4.897278    0.296428    0.967717    0.343120    0.302434    0.000009    0.999894    2.789349    0.075938    0.037367    0.000000    0.000050    0.000500    0.000005    0.000500    0.000500    0.000005    0.000050    0.000050    0.000050    0.451117    11.987207  
[37m[36mINFO[0m[0m 07/18 13:38:35 | 0.825503    0.826406    0.000000    0.965312    0.135880    0.825503    0.826406    0.965812    0.967066    0.963057    4800        114.970060  6.740036    0.004188    0.651082    0.281927    -8.571094   0.500000    9.629454    6.940745    21.000000   0.281882    0.348934    0.986048    0.982043    0.004188    3.332538    3.799283    6.707454    0.032554    0.000028    1.000000    0.250000    4.888709    0.966757    1.000000    16.310241   45.542118   4.888709    0.299765    0.966757    0.344207    0.302170    0.000010    0.999898    2.424741    0.076795    0.026545    0.000000    0.000050    0.000500    0.000005    0.000500    0.000500    0.000005    0.000050    0.000050    0.000050    0.454855    12.182209  
[37m[36mINFO[0m[0m 07/18 13:39:35 | 0.856010    0.843521    0.000000    0.973428    0.093117    0.856010    0.843521    0.978632    0.976048    0.965605    4900        117.365269  6.732494    0.006342    0.652000    0.280734    -8.600680   0.500000    9.675765    6.925164    21.000000   0.280723    0.348016    0.985562    0.981416    0.006342    3.336770    3.786788    6.699866    0.032600    0.000028    1.000000    0.250000    4.850310    0.967130    1.000000    16.241896   45.541226   4.850310    0.298711    0.967130    0.340884    0.300788    0.000010    0.999882    2.667956    0.075600    0.031770    0.000000    0.000050    0.000500    0.000005    0.000500    0.000500    0.000005    0.000050    0.000050    0.000050    0.452807    12.972289  
[37m[36mINFO[0m[0m 07/18 13:40:37 | 0.850519    0.841076    0.000000    0.973988    0.101966    0.850519    0.841076    0.972222    0.979042    0.970701    5000        119.760479  6.708122    0.000834    0.652043    0.273526    -8.769258   0.500000    9.580093    6.891186    21.000000   0.273408    0.347973    0.985939    0.981995    0.000834    3.323841    3.789280    6.675492    0.032602    0.000027    1.000000    0.250000    4.975455    0.966047    1.000000    16.400724   45.545284   4.975455    0.303414    0.966047    0.349215    0.305257    0.000012    0.999842    1.080805    0.060087    0.009827    0.000000    0.000050    0.000500    0.000005    0.000500    0.000500    0.000005    0.000050    0.000050    0.000050    0.469182    12.187816  
[37m[36mINFO[0m[0m 07/18 13:40:38 | ---
[37m[33mWARNING[0m[0m 07/18 13:40:38 | Evaluate SWAD ...
[37m[36mINFO[0m[0m 07/18 13:40:51 | 0.917023    0.889976    0.000000    0.981393    0.209650    0.917023    0.889976    0.982906    0.988024    0.973248    [201-5000]  (N=49)
[37m[36mINFO[0m[0m 07/18 13:40:51 | oracle = 88.164%
[37m[36mINFO[0m[0m 07/18 13:40:51 | iid = 86.577%
[37m[36mINFO[0m[0m 07/18 13:40:51 | last = 85.052%
[37m[36mINFO[0m[0m 07/18 13:40:51 | last (inD) = 97.399%
[37m[36mINFO[0m[0m 07/18 13:40:51 | iid (inD) = 97.728%
[37m[36mINFO[0m[0m 07/18 13:40:51 | SWAD = 91.702%
[37m[36mINFO[0m[0m 07/18 13:40:51 | SWAD (inD) = 98.139%
[37m[36mINFO[0m[0m 07/18 13:40:51 | 
[37m[36mINFO[0m[0m 07/18 13:40:55 | Testenv name escaping te_cartoon -> te_cartoon
[37m[36mINFO[0m[0m 07/18 13:40:55 | Test envs = [1], name = te_cartoon
[37m[36mINFO[0m[0m 07/18 13:40:55 | Batch sizes for each domain: [32, 0, 32, 32] (total=96)
[37m[36mINFO[0m[0m 07/18 13:40:55 | steps-per-epoch for each domain: 51.22, 41.75, 98.25 -> min = 41.75
[37m[36mINFO[0m[0m 07/18 13:40:58 | # of params = 53365703
[37m[36mINFO[0m[0m 07/18 13:41:12 | test_in     test_out    train_in    train_out   tr_outloss  env0_out    env1_in     env1_out    env2_out    env3_out    step        epoch       loss        loss_cls    loss_isr    loss_orth   loss_gt     piccl_alph  paired_res  domain_res  valid_doma  basis_orth  response_c  raw_interv  mediator_i  ce_loss     sup_cl_los  pre_cl_los  dccl_total  weighted_l  weighted_l  piccl_feat  residual_s  residual_d  fused_orig  piccl_exec  original_f  piccl_feat  feature_de  feature_de  original_f  gate_mean   gate_std    gate_min    gate_max    backbone_g  piccl_grad  classifier  has_nan_or  param_grou  param_grou  param_grou  param_grou  param_grou  param_grou  param_grou  param_grou  param_grou  step_time   eval_time  
[37m[36mINFO[0m[0m 07/18 13:41:12 | 0.203625    0.190171    0.000000    0.302488    1.855003    0.293399    0.203625    0.190171    0.419162    0.194904    0           0.000000    12.014030   1.996451    0.000000    0.149580    -5.756462   0.000000    0.000000    0.000000    20.000000   0.137917    0.000000    0.913917    0.913917    1.996451    5.277705    5.027680    12.014014   0.000000    0.000015    0.000000    0.250000    0.000000    1.000000    1.000000    25.206272   45.253387   0.000000    0.000000    1.000000    0.075858    0.000000    0.075858    0.075858    14.754700   0.000171    3.896585    0.000000    0.000050    0.000500    0.000005    0.000500    0.000500    0.000005    0.000050    0.000050    0.000050    0.443865    13.205161  
[37m[36mINFO[0m[0m 07/18 13:42:10 | 0.748934    0.797009    0.000000    0.954265    0.133237    0.948655    0.748934    0.797009    0.988024    0.926115    100         2.395210    8.594246    0.297636    0.972666    0.093152    -2.475660   0.000000    11.105605   3.602244    20.970000   0.092527    0.027933    0.966592    0.965319    0.297636    3.801701    4.570049    8.545603    0.048633    0.000009    1.000000    0.250000    0.773657    0.999630    1.000000    29.214072   45.276143   0.773657    0.027481    0.999630    0.088506    0.030938    0.023960    0.390947    15.234391   0.024915    1.436298    0.000000    0.000050    0.000500    0.000005    0.000500    0.000500    0.000005    0.000050    0.000050    0.000050    0.450883    11.524514  
[37m[36mINFO[0m[0m 07/18 13:43:10 | 0.751599    0.747863    0.000000    0.957993    0.122530    0.946210    0.751599    0.747863    0.994012    0.933758    200         4.790419    7.810348    0.094974    0.895874    0.123907    -3.242884   0.000000    10.666611   5.826688    21.000000   0.125304    0.104830    0.974732    0.973379    0.094974    3.524413    4.308299    7.765542    0.044794    0.000012    1.000000    0.250000    1.328979    0.998672    1.000000    23.665256   45.309140   1.328979    0.056506    0.998672    0.112877    0.071607    0.007720    0.811811    14.064365   0.025822    0.547979    0.000000    0.000050    0.000500    0.000005    0.000500    0.000500    0.000005    0.000050    0.000050    0.000050    0.455282    12.102675  
[37m[36mINFO[0m[0m 07/18 13:44:09 | 0.819296    0.833333    0.000000    0.963652    0.105862    0.955990    0.819296    0.833333    0.991018    0.943949    300         7.185629    7.626472    0.069929    0.845237    0.293013    -3.565313   0.000000    10.593688   6.747704    21.000000   0.294353    0.155233    0.977533    0.976012    0.069929    3.477786    4.214732    7.584181    0.042262    0.000029    1.000000    0.250000    1.835067    0.997183    1.000000    21.790229   45.333709   1.835067    0.084335    0.997183    0.137442    0.106478    0.004348    0.926274    12.021403   0.024405    0.395185    0.000000    0.000050    0.000500    0.000005    0.000500    0.000500    0.000005    0.000050    0.000050    0.000050    0.452236    11.729158  
[37m[36mINFO[0m[0m 07/18 13:45:07 | 0.761194    0.764957    0.000000    0.969860    0.109190    0.958435    0.761194    0.764957    0.997006    0.954140    400         9.580838    7.483360    0.052193    0.801627    0.383102    -3.822420   0.000000    10.542992   7.114262    21.000000   0.383786    0.198829    0.978717    0.977019    0.052193    3.437368    4.144799    7.443240    0.040081    0.000038    1.000000    0.250000    2.237319    0.995511    1.000000    20.776186   45.353888   2.237319    0.107788    0.995511    0.159255    0.132388    0.002448    0.966667    11.727861   0.022932    0.339281    0.000000    0.000050    0.000500    0.000005    0.000500    0.000500    0.000005    0.000050    0.000050    0.000050    0.450480    11.805104  
[37m[36mINFO[0m[0m 07/18 13:46:06 | 0.779851    0.797009    0.000000    0.963860    0.127893    0.960880    0.779851    0.797009    0.988024    0.942675    500         11.976048   7.332852    0.028573    0.768598    0.453826    -4.015011   0.000000    10.498344   7.267541    21.000000   0.454538    0.231746    0.979482    0.977623    0.028573    3.393709    4.072845    7.294377    0.038430    0.000045    1.000000    0.250000    2.600441    0.993716    1.000000    20.321846   45.372112   2.600441    0.128007    0.993716    0.182977    0.156823    0.002092    0.981904    9.090601    0.018071    0.192550    0.000000    0.000050    0.000500    0.000005    0.000500    0.000500    0.000005    0.000050    0.000050    0.000050    0.455949    11.590054  
[37m[36mINFO[0m[0m 07/18 13:47:09 | 0.822495    0.837607    0.000000    0.970275    0.086739    0.968215    0.822495    0.837607    0.991018    0.951592    600         14.371257   7.266527    0.019700    0.743098    0.510239    -4.230113   0.025250    10.402423   7.320577    21.000000   0.510615    0.257171    0.979965    0.977834    0.019700    3.380580    4.040546    7.229321    0.037155    0.000051    1.000000    0.250000    2.879064    0.991709    1.000000    19.448146   45.387922   2.879064    0.148141    0.991709    0.202806    0.172942    0.001817    0.983627    7.679445    0.016136    0.149364    0.000000    0.000050    0.000500    0.000005    0.000500    0.000500    0.000005    0.000050    0.000050    0.000050    0.473784    12.375211  
[37m[36mINFO[0m[0m 07/18 13:48:09 | 0.797441    0.805556    0.000000    0.958672    0.131199    0.946210    0.797441    0.805556    0.982036    0.947771    700         16.766467   7.234533    0.022970    0.725539    0.527498    -4.373821   0.075250    10.416604   7.319633    21.000000   0.527502    0.274674    0.980680    0.978293    0.022970    3.377698    4.016226    7.198203    0.036277    0.000053    1.000000    0.250000    3.128109    0.989970    1.000000    19.210259   45.401220   3.128109    0.162913    0.989970    0.221454    0.190614    0.001403    0.990383    8.148583    0.018059    0.163413    0.000000    0.000050    0.000500    0.000005    0.000500    0.000500    0.000005    0.000050    0.000050    0.000050    0.458297    12.372236  
[37m[36mINFO[0m[0m 07/18 13:49:09 | 0.819829    0.814103    0.000000    0.963572    0.119732    0.951100    0.819829    0.814103    0.988024    0.951592    800         19.161677   7.202271    0.025157    0.713735    0.515220    -4.535012   0.125250    10.348671   7.314385    21.000000   0.514939    0.286432    0.980525    0.977688    0.025157    3.376903    3.991223    7.166532    0.035687    0.000052    1.000000    0.250000    3.319764    0.988236    1.000000    18.836889   45.410374   3.319764    0.176265    0.988236    0.236316    0.202266    0.001087    0.991477    8.237916    0.022852    0.165604    0.000000    0.000050    0.000500    0.000005    0.000500    0.000500    0.000005    0.000050    0.000050    0.000050    0.452551    12.445431  
[37m[36mINFO[0m[0m 07/18 13:50:09 | 0.791578    0.814103    0.000000    0.967657    0.096332    0.953545    0.791578    0.814103    0.994012    0.955414    900         21.556886   7.137323    0.016156    0.702127    0.482693    -4.678518   0.175250    10.377731   7.309730    21.000000   0.482362    0.298003    0.981469    0.978630    0.016156    3.362428    3.957511    7.102168    0.035106    0.000048    1.000000    0.250000    3.521094    0.986713    1.000000    18.901963   45.420026   3.521094    0.186310    0.986713    0.251798    0.216056    0.000846    0.993249    6.985100    0.022770    0.113890    0.000000    0.000050    0.000500    0.000005    0.000500    0.000500    0.000005    0.000050    0.000050    0.000050    0.454480    12.655435  
[37m[36mINFO[0m[0m 07/18 13:51:11 | 0.794776    0.797009    0.000000    0.965075    0.114221    0.955990    0.794776    0.797009    0.994012    0.945223    1000        23.952096   7.149560    0.020553    0.695791    0.455582    -4.791220   0.225250    10.421775   7.298717    21.000000   0.455383    0.304312    0.981674    0.978397    0.020553    3.376594    3.957139    7.114725    0.034790    0.000046    1.000000    0.250000    3.694382    0.985136    1.000000    18.822166   45.430751   3.694382    0.196434    0.985136    0.265361    0.228261    0.000619    0.995426    8.356800    0.033970    0.135835    0.000000    0.000050    0.000500    0.000005    0.000500    0.000500    0.000005    0.000050    0.000050    0.000050    0.472897    11.706198  
[37m[36mINFO[0m[0m 07/18 13:52:10 | 0.807036    0.824786    0.000000    0.963792    0.116644    0.953545    0.807036    0.824786    0.976048    0.961783    1100        26.347305   7.079007    0.008976    0.690509    0.434204    -4.953497   0.275250    10.341135   7.279552    21.000000   0.433976    0.309578    0.982070    0.978935    0.008976    3.352176    3.930961    7.044438    0.034525    0.000043    1.000000    0.250000    3.816623    0.983405    1.000000    18.299424   45.439502   3.816623    0.208592    0.983405    0.271160    0.232130    0.000613    0.995181    4.893748    0.029471    0.069064    0.000000    0.000050    0.000500    0.000005    0.000500    0.000500    0.000005    0.000050    0.000050    0.000050    0.450755    12.061612  
[37m[36mINFO[0m[0m 07/18 13:53:09 | 0.811834    0.824786    0.000000    0.967257    0.101295    0.960880    0.811834    0.824786    0.988024    0.952866    1200        28.742515   7.038960    0.005088    0.686450    0.413776    -5.098944   0.325250    10.302351   7.260045    21.000000   0.413630    0.313624    0.982011    0.978599    0.005088    3.339980    3.914476    7.004597    0.034322    0.000041    1.000000    0.250000    4.062747    0.981610    1.000000    18.650445   45.450096   4.062747    0.217882    0.981610    0.292844    0.246953    0.000463    0.996196    4.335167    0.033141    0.050708    0.000000    0.000050    0.000500    0.000005    0.000500    0.000500    0.000005    0.000050    0.000050    0.000050    0.453317    11.973389  
[37m[36mINFO[0m[0m 07/18 13:54:09 | 0.765991    0.788462    0.000000    0.965387    0.101622    0.973105    0.765991    0.788462    0.988024    0.935032    1300        31.137725   7.028848    0.008054    0.681706    0.404274    -5.245460   0.375250    10.297980   7.190544    21.000000   0.404217    0.318355    0.981797    0.977713    0.008054    3.344919    3.904023    6.994723    0.034085    0.000040    1.000000    0.250000    4.220540    0.979456    1.000000    18.428061   45.460711   4.220540    0.229040    0.979456    0.306544    0.254407    0.000418    0.996503    5.056917    0.048424    0.067336    0.000000    0.000050    0.000500    0.000005    0.000500    0.000500    0.000005    0.000050    0.000050    0.000050    0.455539    12.646452  
[37m[36mINFO[0m[0m 07/18 13:55:11 | 0.807036    0.814103    0.000000    0.957684    0.157295    0.936430    0.807036    0.814103    0.985030    0.951592    1400        33.532934   7.071441    0.022173    0.680684    0.402160    -5.294799   0.425250    10.371725   7.181204    21.000000   0.402202    0.319366    0.981961    0.977761    0.022173    3.369733    3.910200    7.037366    0.034034    0.000040    1.000000    0.250000    4.216363    0.979811    1.000000    18.659272   45.466114   4.216363    0.226036    0.979811    0.310470    0.259494    0.000338    0.997396    9.407589    0.079562    0.143209    0.000000    0.000050    0.000500    0.000005    0.000500    0.000500    0.000005    0.000050    0.000050    0.000050    0.469177    12.061347  
[37m[36mINFO[0m[0m 07/18 13:56:12 | 0.810235    0.841880    0.000000    0.963804    0.138196    0.963325    0.810235    0.841880    0.979042    0.949045    1500        35.928144   7.059447    0.020454    0.676953    0.408627    -5.343228   0.475250    10.469166   7.195344    21.000000   0.408621    0.323083    0.982312    0.978516    0.020454    3.371393    3.900873    7.025558    0.033848    0.000041    1.000000    0.250000    4.169494    0.979977    1.000000    18.297541   45.472142   4.169494    0.227948    0.979977    0.296995    0.256534    0.000259    0.997961    9.268733    0.075806    0.127615    0.000000    0.000050    0.000500    0.000005    0.000500    0.000500    0.000005    0.000050    0.000050    0.000050    0.462043    12.596756  
[37m[36mINFO[0m[0m 07/18 13:57:12 | 0.769723    0.784188    0.000000    0.962011    0.116856    0.941320    0.769723    0.784188    0.988024    0.956688    1600        38.323353   7.009844    0.015128    0.675239    0.405046    -5.484326   0.500000    10.479087   7.237984    21.000000   0.404995    0.324796    0.982645    0.978911    0.015128    3.359968    3.875162    6.976042    0.033762    0.000041    1.000000    0.250000    4.271927    0.978538    1.000000    17.987169   45.479798   4.271927    0.237596    0.978538    0.300679    0.257557    0.000259    0.997558    7.764923    0.080593    0.111360    0.000000    0.000050    0.000500    0.000005    0.000500    0.000500    0.000005    0.000050    0.000050    0.000050    0.458871    12.215321  
[37m[36mINFO[0m[0m 07/18 13:58:13 | 0.805970    0.811966    0.000000    0.976656    0.093158    0.977995    0.805970    0.811966    0.994012    0.957962    1700        40.718563   6.964006    0.005272    0.672408    0.398133    -5.634702   0.500000    10.430427   7.220559    21.000000   0.398050    0.327623    0.983192    0.979650    0.005272    3.341689    3.865120    6.930346    0.033620    0.000040    1.000000    0.250000    4.362575    0.976505    1.000000    17.480789   45.486769   4.362575    0.249591    0.976505    0.306104    0.258855    0.000255    0.997472    4.110196    0.051531    0.042634    0.000000    0.000050    0.000500    0.000005    0.000500    0.000500    0.000005    0.000050    0.000050    0.000050    0.452818    13.242453  
[37m[36mINFO[0m[0m 07/18 13:59:13 | 0.752665    0.767094    0.000000    0.954485    0.146807    0.951100    0.752665    0.767094    0.976048    0.936306    1800        43.113772   6.950256    0.006582    0.672796    0.387217    -5.798422   0.500000    10.285499   7.150390    21.000000   0.387145    0.327236    0.983141    0.979116    0.006582    3.339143    3.860773    6.916577    0.033640    0.000039    1.000000    0.250000    4.570224    0.974337    1.000000    17.688736   45.495494   4.570224    0.258384    0.974337    0.325780    0.270047    0.000194    0.998110    3.828439    0.060892    0.049724    0.000000    0.000050    0.000500    0.000005    0.000500    0.000500    0.000005    0.000050    0.000050    0.000050    0.454690    12.675202  
[37m[36mINFO[0m[0m 07/18 14:00:16 | 0.811834    0.818376    0.000000    0.963665    0.123556    0.953545    0.811834    0.818376    0.982036    0.955414    1900        45.508982   6.942512    0.010910    0.671553    0.386139    -5.858534   0.500000    10.398158   7.082190    21.000000   0.386120    0.328477    0.983240    0.979128    0.010910    3.343808    3.847106    6.908896    0.033578    0.000039    1.000000    0.250000    4.571633    0.974919    1.000000    17.982041   45.496374   4.571633    0.254316    0.974919    0.329665    0.274574    0.000161    0.998471    5.267422    0.072211    0.070482    0.000000    0.000050    0.000500    0.000005    0.000500    0.000500    0.000005    0.000050    0.000050    0.000050    0.465187    13.429268  
[37m[36mINFO[0m[0m 07/18 14:01:16 | 0.768124    0.788462    0.000000    0.962150    0.141385    0.951100    0.768124    0.788462    0.985030    0.950318    2000        47.904192   6.953221    0.013484    0.669105    0.381740    -5.959538   0.500000    10.418685   7.077170    21.000000   0.381725    0.330924    0.982940    0.978455    0.013484    3.352499    3.851722    6.919727    0.033455    0.000038    1.000000    0.250000    4.599625    0.973698    1.000000    17.612299   45.500906   4.599625    0.261212    0.973698    0.329544    0.274099    0.000185    0.998143    6.969304    0.085070    0.093799    0.000000    0.000050    0.000500    0.000005    0.000500    0.000500    0.000005    0.000050    0.000050    0.000050    0.454975    13.103615  
[37m[36mINFO[0m[0m 07/18 14:02:17 | 0.806503    0.824786    0.000000    0.959075    0.142312    0.946210    0.806503    0.824786    0.973054    0.957962    2100        50.299401   6.995369    0.022940    0.667735    0.384989    -5.997681   0.500000    10.568379   7.099731    21.000000   0.385032    0.332289    0.982872    0.978401    0.022940    3.377183    3.861704    6.961943    0.033387    0.000038    1.000000    0.250000    4.558856    0.974790    1.000000    17.915976   45.501153   4.558856    0.254609    0.974790    0.326354    0.277032    0.000118    0.998930    9.693639    0.108767    0.141361    0.000000    0.000050    0.000500    0.000005    0.000500    0.000500    0.000005    0.000050    0.000050    0.000050    0.455002    13.035127  
[37m[36mINFO[0m[0m 07/18 14:03:18 | 0.821429    0.839744    0.000000    0.965215    0.129354    0.953545    0.821429    0.839744    0.979042    0.963057    2200        52.694611   6.965929    0.024735    0.667342    0.387454    -6.078407   0.500000    10.550740   7.092264    21.000000   0.387430    0.332684    0.983832    0.980037    0.024735    3.366190    3.845518    6.932523    0.033367    0.000039    1.000000    0.250000    4.466620    0.976391    1.000000    18.056063   45.502340   4.466620    0.247570    0.976391    0.317302    0.276629    0.000085    0.999313    8.529799    0.098134    0.151889    0.000000    0.000050    0.000500    0.000005    0.000500    0.000500    0.000005    0.000050    0.000050    0.000050    0.460663    13.038976  
[37m[36mINFO[0m[0m 07/18 14:04:18 | 0.801706    0.814103    0.000000    0.960658    0.123896    0.955990    0.801706    0.814103    0.982036    0.943949    2300        55.089820   6.863259    0.002653    0.667502    0.376769    -6.257974   0.500000    10.372521   7.090438    21.000000   0.376635    0.332522    0.984953    0.981757    0.002653    3.324670    3.815423    6.829847    0.033375    0.000038    1.000000    0.250000    4.669300    0.973270    1.000000    17.521043   45.513268   4.669300    0.266546    0.973270    0.324196    0.277739    0.000090    0.998996    2.510259    0.042507    0.020935    0.000000    0.000050    0.000500    0.000005    0.000500    0.000500    0.000005    0.000050    0.000050    0.000050    0.459806    11.614429  
[37m[36mINFO[0m[0m 07/18 14:05:17 | 0.761727    0.782051    0.000000    0.968807    0.123069    0.960880    0.761727    0.782051    0.985030    0.960510    2400        57.485030   6.919199    0.014945    0.663365    0.374326    -6.333615   0.500000    10.473249   7.083617    21.000000   0.374382    0.336657    0.983502    0.979132    0.014945    3.359028    3.828702    6.885994    0.033168    0.000037    1.000000    0.250000    4.607917    0.973117    1.000000    17.407504   45.506148   4.607917    0.264824    0.973117    0.326163    0.279031    0.000080    0.999056    8.054233    0.098170    0.106960    0.000000    0.000050    0.000500    0.000005    0.000500    0.000500    0.000005    0.000050    0.000050    0.000050    0.451295    12.262325  
[37m[36mINFO[0m[0m 07/18 14:06:17 | 0.819296    0.833333    0.000000    0.967809    0.126869    0.960880    0.819296    0.833333    0.982036    0.960510    2500        59.880240   6.892615    0.010720    0.662079    0.372434    -6.444353   0.500000    10.467120   7.083971    21.000000   0.372381    0.337943    0.984007    0.980047    0.010720    3.345259    3.825713    6.859474    0.033104    0.000037    1.000000    0.250000    4.697744    0.972224    1.000000    17.351803   45.516393   4.697744    0.270856    0.972224    0.327713    0.281232    0.000086    0.998994    5.593899    0.075615    0.074098    0.000000    0.000050    0.000500    0.000005    0.000500    0.000500    0.000005    0.000050    0.000050    0.000050    0.453748    12.116167  
[37m[36mINFO[0m[0m 07/18 14:07:19 | 0.780917    0.786325    0.000000    0.959190    0.138513    0.948655    0.780917    0.786325    0.976048    0.952866    2600        62.275449   6.880829    0.011287    0.660368    0.369273    -6.526560   0.500000    10.486743   7.061560    21.000000   0.369223    0.339655    0.984512    0.980568    0.011287    3.344669    3.818145    6.847773    0.033018    0.000037    1.000000    0.250000    4.663317    0.972686    1.000000    17.431948   45.512208   4.663317    0.267556    0.972686    0.328503    0.282681    0.000081    0.999159    4.877932    0.072415    0.064576    0.000000    0.000050    0.000500    0.000005    0.000500    0.000500    0.000005    0.000050    0.000050    0.000050    0.469733    11.965876  
[37m[36mINFO[0m[0m 07/18 14:08:18 | 0.821429    0.833333    0.000000    0.966179    0.111998    0.955990    0.821429    0.833333    0.982036    0.960510    2700        64.670659   6.849494    0.004079    0.657465    0.362760    -6.681984   0.500000    10.450559   7.040054    21.000000   0.362686    0.342557    0.985113    0.981350    0.004079    3.333189    3.813415    6.816584    0.032873    0.000036    1.000000    0.250000    4.763878    0.970617    1.000000    17.039783   45.520855   4.763878    0.279620    0.970617    0.331082    0.282109    0.000093    0.998844    2.794805    0.054892    0.029025    0.000000    0.000050    0.000500    0.000005    0.000500    0.000500    0.000005    0.000050    0.000050    0.000050    0.450961    12.645502  
[37m[36mINFO[0m[0m 07/18 14:09:18 | 0.819829    0.844017    0.000000    0.976691    0.088765    0.975550    0.819829    0.844017    0.994012    0.960510    2800        67.065868   6.818207    0.001457    0.659657    0.352959    -6.831630   0.500000    10.328581   6.993032    21.000000   0.352844    0.340364    0.985224    0.981400    0.001457    3.325600    3.799713    6.785189    0.032983    0.000035    1.000000    0.250000    4.876274    0.968948    1.000000    17.074882   45.521267   4.876274    0.285608    0.968948    0.343703    0.288074    0.000084    0.998922    1.099472    0.045413    0.010852    0.000000    0.000050    0.000500    0.000005    0.000500    0.000500    0.000005    0.000050    0.000050    0.000050    0.452550    12.632571  
[37m[36mINFO[0m[0m 07/18 14:10:18 | 0.796375    0.839744    0.000000    0.964375    0.122164    0.943765    0.796375    0.839744    0.985030    0.964331    2900        69.461078   6.811570    0.002793    0.661603    0.343550    -6.934578   0.500000    10.300964   6.933995    21.000000   0.343492    0.338419    0.984540    0.980283    0.002793    3.326447    3.795945    6.778455    0.033080    0.000034    1.000000    0.250000    4.952310    0.968318    1.000000    17.279365   45.523614   4.952310    0.286634    0.968318    0.354571    0.293886    0.000072    0.999189    2.399284    0.057121    0.021492    0.000000    0.000050    0.000500    0.000005    0.000500    0.000500    0.000005    0.000050    0.000050    0.000050    0.453977    12.666563  
[37m[36mINFO[0m[0m 07/18 14:11:22 | 0.795842    0.848291    0.000000    0.968692    0.123278    0.958435    0.795842    0.848291    0.982036    0.965605    3000        71.856287   6.819136    0.005757    0.659528    0.341914    -6.996836   0.500000    10.356574   6.924317    21.000000   0.341912    0.340494    0.984134    0.979515    0.005757    3.335127    3.795083    6.786125    0.032976    0.000034    1.000000    0.250000    4.889283    0.968170    1.000000    16.990418   45.522663   4.889283    0.287786    0.968170    0.349948    0.291948    0.000065    0.999242    4.304699    0.073638    0.044133    0.000000    0.000050    0.000500    0.000005    0.000500    0.000500    0.000005    0.000050    0.000050    0.000050    0.468875    14.199608  
[37m[36mINFO[0m[0m 07/18 14:12:21 | 0.691898    0.724359    0.000000    0.955046    0.164560    0.941320    0.691898    0.724359    0.976048    0.947771    3100        74.251497   6.818266    0.007197    0.657981    0.339038    -7.047644   0.500000    10.428118   6.961389    21.000000   0.339009    0.342041    0.984495    0.979874    0.007197    3.335811    3.794707    6.785333    0.032899    0.000034    1.000000    0.250000    4.963477    0.968435    1.000000    17.374197   45.530406   4.963477    0.285730    0.968435    0.354341    0.297703    0.000047    0.999546    5.641972    0.080698    0.058178    0.000000    0.000050    0.000500    0.000005    0.000500    0.000500    0.000005    0.000050    0.000050    0.000050    0.453032    11.554497  
[37m[36mINFO[0m[0m 07/18 14:13:21 | 0.779318    0.805556    0.000000    0.958202    0.166028    0.938875    0.779318    0.805556    0.979042    0.956688    3200        76.646707   6.861615    0.018051    0.656124    0.345028    -7.076541   0.500000    10.544710   6.954360    21.000000   0.345134    0.343895    0.984342    0.979468    0.018051    3.358919    3.805632    6.828775    0.032806    0.000035    1.000000    0.250000    4.858114    0.969964    1.000000    17.479931   45.530265   4.858114    0.278024    0.969964    0.346262    0.296875    0.000046    0.999620    7.418547    0.111479    0.104585    0.000000    0.000050    0.000500    0.000005    0.000500    0.000500    0.000005    0.000050    0.000050    0.000050    0.453079    11.842508  
[37m[36mINFO[0m[0m 07/18 14:14:20 | 0.802239    0.807692    0.000000    0.962301    0.141318    0.958435    0.802239    0.807692    0.973054    0.955414    3300        79.041916   6.870927    0.021453    0.653158    0.351580    -7.130191   0.500000    10.575990   7.005178    21.000000   0.351638    0.346862    0.984998    0.980498    0.021453    3.366284    3.807006    6.838234    0.032658    0.000035    1.000000    0.250000    4.779676    0.970999    1.000000    17.417503   45.527324   4.779676    0.274664    0.970999    0.335936    0.294929    0.000042    0.999610    8.579894    0.119760    0.124160    0.000000    0.000050    0.000500    0.000005    0.000500    0.000500    0.000005    0.000050    0.000050    0.000050    0.452646    11.804022  
[37m[36mINFO[0m[0m 07/18 14:15:22 | 0.792644    0.816239    0.000000    0.957284    0.140143    0.943765    0.792644    0.816239    0.979042    0.949045    3400        81.437126   6.839840    0.011722    0.651770    0.352352    -7.211695   0.500000    10.560718   7.039993    21.000000   0.352322    0.348249    0.985144    0.980940    0.011722    3.353095    3.802984    6.807217    0.032589    0.000035    1.000000    0.250000    4.836312    0.970794    1.000000    17.494358   45.537941   4.836312    0.276516    0.970794    0.335024    0.297537    0.000026    0.999762    7.395557    0.097171    0.085308    0.000000    0.000050    0.000500    0.000005    0.000500    0.000500    0.000005    0.000050    0.000050    0.000050    0.470201    12.297332  
[37m[36mINFO[0m[0m 07/18 14:16:21 | 0.826226    0.837607    0.000000    0.966545    0.131662    0.951100    0.826226    0.837607    0.988024    0.960510    3500        83.832335   6.778420    0.004930    0.652447    0.345169    -7.359036   0.500000    10.491611   7.024030    21.000000   0.345044    0.347571    0.985974    0.982408    0.004930    3.332052    3.776733    6.745763    0.032622    0.000035    1.000000    0.250000    4.894256    0.970030    1.000000    17.329415   45.540824   4.894256    0.282488    0.970030    0.336495    0.297594    0.000029    0.999734    4.043315    0.065657    0.042342    0.000000    0.000050    0.000500    0.000005    0.000500    0.000500    0.000005    0.000050    0.000050    0.000050    0.451494    12.124058  
[37m[36mINFO[0m[0m 07/18 14:17:22 | 0.811301    0.835470    0.000000    0.971435    0.098004    0.965770    0.811301    0.835470    0.988024    0.960510    3600        86.227545   6.776133    0.002702    0.652697    0.334445    -7.499063   0.500000    10.469018   6.953167    21.000000   0.334342    0.347321    0.985618    0.981751    0.002702    3.330682    3.785034    6.743465    0.032635    0.000033    1.000000    0.250000    4.969110    0.967910    1.000000    17.038705   45.542617   4.969110    0.291699    0.967910    0.343289    0.298856    0.000034    0.999641    2.253684    0.058589    0.024184    0.000000    0.000050    0.000500    0.000005    0.000500    0.000500    0.000005    0.000050    0.000050    0.000050    0.458464    12.617474  
[37m[36mINFO[0m[0m 07/18 14:18:25 | 0.750533    0.750000    0.000000    0.945774    0.209235    0.924205    0.750533    0.750000    0.964072    0.949045    3700        88.622754   6.822581    0.024276    0.654181    0.328806    -7.584737   0.500000    10.377686   6.889776    21.000000   0.328903    0.345837    0.984576    0.979979    0.024276    3.359678    3.785122    6.789839    0.032709    0.000033    1.000000    0.250000    4.834697    0.967454    1.000000    16.499456   45.530023   4.834697    0.293013    0.967454    0.337740    0.293389    0.000037    0.999596    6.899902    0.117643    0.110534    0.000000    0.000050    0.000500    0.000005    0.000500    0.000500    0.000005    0.000050    0.000050    0.000050    0.474303    13.213623  
[37m[36mINFO[0m[0m 07/18 14:19:25 | 0.805970    0.809829    0.000000    0.965754    0.148359    0.955990    0.805970    0.809829    0.982036    0.959236    3800        91.017964   6.846833    0.022982    0.650299    0.345504    -7.487061   0.500000    10.636149   6.961824    21.000000   0.345566    0.349716    0.985587    0.981754    0.022982    3.369308    3.796347    6.814284    0.032515    0.000035    1.000000    0.250000    4.715569    0.972038    1.000000    17.465993   45.529426   4.715569    0.270339    0.972038    0.326334    0.297258    0.000015    0.999855    9.540950    0.108598    0.127825    0.000000    0.000050    0.000500    0.000005    0.000500    0.000500    0.000005    0.000050    0.000050    0.000050    0.457508    12.416300  
[37m[36mINFO[0m[0m 07/18 14:20:25 | 0.787313    0.803419    0.000000    0.950859    0.180795    0.946210    0.787313    0.803419    0.970060    0.936306    3900        93.413174   6.758468    0.005311    0.651291    0.337990    -7.647625   0.500000    10.468365   7.029027    21.000000   0.337847    0.348727    0.985601    0.982452    0.005311    3.334690    3.768250    6.725869    0.032565    0.000034    1.000000    0.250000    4.762812    0.970012    1.000000    16.590114   45.533828   4.762812    0.287172    0.970012    0.317926    0.290064    0.000026    0.999665    3.502868    0.056367    0.034100    0.000000    0.000050    0.000500    0.000005    0.000500    0.000500    0.000005    0.000050    0.000050    0.000050    0.452876    12.780981  
[37m[36mINFO[0m[0m 07/18 14:21:26 | 0.821429    0.839744    0.000000    0.967877    0.117344    0.955990    0.821429    0.839744    0.982036    0.965605    4000        95.808383   6.729411    0.000790    0.652348    0.323822    -7.799173   0.500000    10.497278   7.013950    21.000000   0.323679    0.347669    0.985674    0.982535    0.000790    3.321022    3.764908    6.696761    0.032617    0.000032    1.000000    0.250000    4.976300    0.967975    1.000000    16.891869   45.543640   4.976300    0.294718    0.967975    0.335889    0.300093    0.000023    0.999706    1.413518    0.043282    0.008635    0.000000    0.000050    0.000500    0.000005    0.000500    0.000500    0.000005    0.000050    0.000050    0.000050    0.454647    12.903095  
[37m[36mINFO[0m[0m 07/18 14:22:27 | 0.818763    0.822650    0.000000    0.958019    0.149173    0.941320    0.818763    0.822650    0.976048    0.956688    4100        98.203593   6.740377    0.005858    0.651379    0.313615    -7.901581   0.500000    10.439061   6.952894    21.000000   0.313555    0.348638    0.984867    0.980932    0.005858    3.332497    3.764501    6.707777    0.032569    0.000031    1.000000    0.250000    4.902539    0.966658    1.000000    16.384320   45.532561   4.902539    0.299293    0.966658    0.334642    0.296646    0.000030    0.999597    3.471051    0.068512    0.039549    0.000000    0.000050    0.000500    0.000005    0.000500    0.000500    0.000005    0.000050    0.000050    0.000050    0.456899    13.791405  
[37m[36mINFO[0m[0m 07/18 14:23:30 | 0.825693    0.852564    0.000000    0.959363    0.154536    0.955990    0.825693    0.852564    0.973054    0.949045    4200        100.598802  6.758793    0.010719    0.648462    0.312541    -7.947561   0.500000    10.464278   6.905514    21.000000   0.312584    0.351556    0.985017    0.980509    0.010719    3.345960    3.767038    6.726339    0.032423    0.000031    1.000000    0.250000    4.934602    0.967009    1.000000    16.673314   45.537904   4.934602    0.296038    0.967009    0.339157    0.301154    0.000020    0.999737    5.985454    0.105122    0.078808    0.000000    0.000050    0.000500    0.000005    0.000500    0.000500    0.000005    0.000050    0.000050    0.000050    0.470965    13.161342  
[37m[36mINFO[0m[0m 07/18 14:24:31 | 0.828891    0.829060    0.000000    0.960923    0.156467    0.946210    0.828891    0.829060    0.976048    0.960510    4300        102.994012  6.744049    0.007042    0.648228    0.313964    -7.993434   0.500000    10.519569   6.933884    21.000000   0.313923    0.351788    0.986093    0.982349    0.007042    3.336281    3.767955    6.711606    0.032411    0.000031    1.000000    0.250000    4.961549    0.967976    1.000000    16.972488   45.540334   4.961549    0.292403    0.967976    0.339273    0.304058    0.000016    0.999842    4.133744    0.071463    0.044514    0.000000    0.000050    0.000500    0.000005    0.000500    0.000500    0.000005    0.000050    0.000050    0.000050    0.449952    13.810570  
[37m[36mINFO[0m[0m 07/18 14:25:30 | 0.752665    0.769231    0.000000    0.960108    0.159210    0.943765    0.752665    0.769231    0.976048    0.960510    4400        105.389222  6.718895    0.005791    0.647492    0.305117    -8.127681   0.500000    10.487121   6.884434    21.000000   0.305013    0.352523    0.985832    0.982095    0.005791    3.329355    3.757727    6.686489    0.032375    0.000031    1.000000    0.250000    4.979219    0.966823    1.000000    16.747409   45.542183   4.979219    0.297460    0.966823    0.339832    0.303399    0.000015    0.999839    3.344283    0.061577    0.034093    0.000000    0.000050    0.000500    0.000005    0.000500    0.000500    0.000005    0.000050    0.000050    0.000050    0.455014    11.796607  
[37m[36mINFO[0m[0m 07/18 14:26:32 | 0.793710    0.792735    0.000000    0.961989    0.160469    0.941320    0.793710    0.792735    0.979042    0.965605    4500        107.784431  6.722242    0.002693    0.647015    0.298169    -8.192045   0.500000    10.460805   6.888855    21.000000   0.298111    0.353002    0.986157    0.982454    0.002693    3.333632    3.763139    6.689862    0.032351    0.000030    1.000000    0.250000    5.064714    0.965953    1.000000    16.759028   45.553908   5.064714    0.302275    0.965953    0.343040    0.305914    0.000015    0.999879    2.871421    0.063399    0.021791    0.000000    0.000050    0.000500    0.000005    0.000500    0.000500    0.000005    0.000050    0.000050    0.000050    0.474008    11.766419  
[37m[36mINFO[0m[0m 07/18 14:27:32 | 0.794776    0.816239    0.000000    0.949400    0.221092    0.929095    0.794776    0.816239    0.970060    0.949045    4600        110.179641  6.753579    0.010875    0.647235    0.294872    -8.254030   0.500000    10.495917   6.853344    21.000000   0.294946    0.352781    0.984621    0.980080    0.010875    3.349103    3.773911    6.721188    0.032362    0.000029    1.000000    0.250000    4.939624    0.966329    1.000000    16.528460   45.533641   4.939624    0.299246    0.966329    0.341003    0.303759    0.000016    0.999793    5.632763    0.104787    0.066898    0.000000    0.000050    0.000500    0.000005    0.000500    0.000500    0.000005    0.000050    0.000050    0.000050    0.450618    12.676103  
[37m[36mINFO[0m[0m 07/18 14:27:32 | SWAD valley is dead -> early stop !
[37m[36mINFO[0m[0m 07/18 14:27:32 | ---
[37m[33mWARNING[0m[0m 07/18 14:27:32 | Evaluate SWAD ...
[37m[36mINFO[0m[0m 07/18 14:27:44 | 0.833156    0.854701    0.000000    0.977540    0.274050    0.975550    0.833156    0.854701    0.994012    0.963057    [101-4000]  (N=40)
[37m[36mINFO[0m[0m 07/18 14:27:44 | oracle = 82.569%
[37m[36mINFO[0m[0m 07/18 14:27:44 | iid = 81.983%
[37m[36mINFO[0m[0m 07/18 14:27:44 | last = 79.478%
[37m[36mINFO[0m[0m 07/18 14:27:44 | last (inD) = 94.940%
[37m[36mINFO[0m[0m 07/18 14:27:44 | iid (inD) = 97.669%
[37m[36mINFO[0m[0m 07/18 14:27:44 | SWAD = 83.316%
[37m[36mINFO[0m[0m 07/18 14:27:44 | SWAD (inD) = 97.754%
[37m[36mINFO[0m[0m 07/18 14:27:45 | 
[37m[36mINFO[0m[0m 07/18 14:27:50 | Testenv name escaping te_photo -> te_photo
[37m[36mINFO[0m[0m 07/18 14:27:50 | Test envs = [2], name = te_photo
[37m[36mINFO[0m[0m 07/18 14:27:50 | Batch sizes for each domain: [32, 32, 0, 32] (total=96)
[37m[36mINFO[0m[0m 07/18 14:27:50 | steps-per-epoch for each domain: 51.22, 58.62, 98.25 -> min = 51.22
[37m[36mINFO[0m[0m 07/18 14:27:52 | # of params = 53365703
[37m[36mINFO[0m[0m 07/18 14:28:04 | test_in     test_out    train_in    train_out   tr_outloss  env0_out    env1_out    env2_in     env2_out    env3_out    step        epoch       loss        loss_cls    loss_isr    loss_orth   loss_gt     piccl_alph  paired_res  domain_res  valid_doma  basis_orth  response_c  raw_interv  mediator_i  ce_loss     sup_cl_los  pre_cl_los  dccl_total  weighted_l  weighted_l  piccl_feat  residual_s  residual_d  fused_orig  piccl_exec  original_f  piccl_feat  feature_de  feature_de  original_f  gate_mean   gate_std    gate_min    gate_max    backbone_g  piccl_grad  classifier  has_nan_or  param_grou  param_grou  param_grou  param_grou  param_grou  param_grou  param_grou  param_grou  param_grou  step_time   eval_time  
[37m[36mINFO[0m[0m 07/18 14:28:04 | 0.244012    0.272455    0.000000    0.215912    1.943930    0.239609    0.209402    0.244012    0.272455    0.198726    0           0.000000    11.931118   1.964606    0.000000    0.119462    -5.756462   0.000000    0.000000    0.000000    19.000000   0.108982    0.000000    0.900769    0.900769    1.964606    5.168181    5.086141    11.931106   0.000000    0.000012    0.000000    0.250000    0.000000    1.000000    1.000000    24.550381   45.253307   0.000000    0.000000    1.000000    0.075858    0.000000    0.075858    0.075858    9.999225    0.000153    2.798120    0.000000    0.000050    0.000500    0.000005    0.000500    0.000500    0.000005    0.000050    0.000050    0.000050    0.442437    11.968445  
[37m[36mINFO[0m[0m 07/18 14:29:03 | 0.975299    0.979042    0.000000    0.928671    0.222725    0.919315    0.938034    0.975299    0.979042    0.928662    100         1.952410    9.054088    0.402548    0.976687    0.070781    -2.458385   0.000000    11.433150   3.126049    20.980000   0.070236    0.023824    0.960230    0.958534    0.402548    3.971831    4.753788    9.005247    0.048834    0.000007    1.000000    0.250000    0.797297    0.999580    1.000000    28.204264   45.275279   0.797297    0.029253    0.999580    0.090483    0.031621    0.024713    0.345369    15.807204   0.028402    1.642490    0.000000    0.000050    0.000500    0.000005    0.000500    0.000500    0.000005    0.000050    0.000050    0.000050    0.454748    11.781296  
[37m[36mINFO[0m[0m 07/18 14:30:05 | 0.979790    0.979042    0.000000    0.949361    0.153866    0.941320    0.961538    0.979790    0.979042    0.945223    200         3.904820    8.153678    0.137372    0.897462    0.067928    -3.122434   0.000000    11.144423   5.087635    21.000000   0.068562    0.103490    0.970616    0.968850    0.137372    3.616079    4.511468    8.108798    0.044873    0.000007    1.000000    0.250000    1.272536    0.998735    1.000000    23.217551   45.304404   1.272536    0.054999    0.998735    0.113906    0.069866    0.009188    0.766239    15.740716   0.028698    0.742332    0.000000    0.000050    0.000500    0.000005    0.000500    0.000500    0.000005    0.000050    0.000050    0.000050    0.467165    11.553161  
[37m[36mINFO[0m[0m 07/18 14:31:04 | 0.982036    0.976048    0.000000    0.940772    0.180556    0.936430    0.950855    0.982036    0.976048    0.935032    300         5.857230    7.851950    0.076288    0.818423    0.221850    -3.462699   0.000000    11.038070   6.026000    21.000000   0.223972    0.182224    0.973904    0.971905    0.076288    3.512327    4.395527    7.811006    0.040921    0.000022    1.000000    0.250000    1.768694    0.997279    1.000000    21.432956   45.329257   1.768694    0.082782    0.997279    0.140292    0.105085    0.005503    0.914229    14.188641   0.026186    0.448353    0.000000    0.000050    0.000500    0.000005    0.000500    0.000500    0.000005    0.000050    0.000050    0.000050    0.458293    11.600906  
[37m[36mINFO[0m[0m 07/18 14:32:04 | 0.969311    0.973054    0.000000    0.938293    0.190215    0.921760    0.952991    0.969311    0.973054    0.940127    400         7.809640    7.679551    0.046894    0.771223    0.412923    -3.726229   0.000000    10.971559   6.444846    21.000000   0.414432    0.229170    0.976736    0.974635    0.046894    3.456776    4.323591    7.640948    0.038561    0.000041    1.000000    0.250000    2.210574    0.995439    1.000000    20.323544   45.351313   2.210574    0.108873    0.995439    0.166087    0.134271    0.004698    0.953770    10.714945   0.021365    0.276297    0.000000    0.000050    0.000500    0.000005    0.000500    0.000500    0.000005    0.000050    0.000050    0.000050    0.454472    12.406900  
[37m[36mINFO[0m[0m 07/18 14:33:04 | 0.976796    0.979042    0.000000    0.961579    0.121860    0.960880    0.978632    0.976796    0.979042    0.945223    500         9.762050    7.606821    0.045216    0.744852    0.524544    -3.936696   0.000000    10.874243   6.610153    21.000000   0.525361    0.255445    0.977410    0.974933    0.045216    3.445241    4.275903    7.569526    0.037243    0.000052    1.000000    0.250000    2.546936    0.993627    1.000000    19.705822   45.368432   2.546936    0.129272    0.993627    0.188845    0.158161    0.003404    0.974352    12.033986   0.022244    0.288696    0.000000    0.000050    0.000500    0.000005    0.000500    0.000500    0.000005    0.000050    0.000050    0.000050    0.451210    12.194232  
[37m[36mINFO[0m[0m 07/18 14:34:05 | 0.978293    0.970060    0.000000    0.958168    0.123945    0.960880    0.972222    0.978293    0.970060    0.941401    600         11.714460   7.501469    0.029697    0.724309    0.588167    -4.126006   0.025250    10.860189   6.681802    21.000000   0.588599    0.275939    0.979007    0.976457    0.029697    3.414353    4.227445    7.465194    0.036215    0.000059    1.000000    0.250000    2.781448    0.991911    1.000000    19.034032   45.381412   2.781448    0.146197    0.991911    0.205712    0.174120    0.003072    0.979719    9.991127    0.018739    0.196682    0.000000    0.000050    0.000500    0.000005    0.000500    0.000500    0.000005    0.000050    0.000050    0.000050    0.470594    10.874896  
[37m[36mINFO[0m[0m 07/18 14:35:03 | 0.965569    0.961078    0.000000    0.955791    0.136949    0.948655    0.972222    0.965569    0.961078    0.946497    700         13.666870   7.424342    0.024354    0.707571    0.611710    -4.318314   0.075250    10.781973   6.707459    21.000000   0.611751    0.292634    0.979891    0.977111    0.024354    3.392535    4.187929    7.388902    0.035379    0.000061    1.000000    0.250000    3.018342    0.989898    1.000000    18.439520   45.393607   3.018342    0.163742    0.989898    0.222897    0.188127    0.002620    0.985289    8.556933    0.018536    0.156945    0.000000    0.000050    0.000500    0.000005    0.000500    0.000500    0.000005    0.000050    0.000050    0.000050    0.452927    11.218918  
[37m[36mINFO[0m[0m 07/18 14:36:02 | 0.971557    0.973054    0.000000    0.961476    0.106871    0.958435    0.980769    0.971557    0.973054    0.945223    800         15.619280   7.420638    0.029219    0.696089    0.594904    -4.461452   0.125250    10.785640   6.727233    21.000000   0.594587    0.304061    0.980074    0.976851    0.029219    3.404967    4.174662    7.385775    0.034804    0.000059    1.000000    0.250000    3.192538    0.988328    1.000000    18.159385   45.403674   3.192538    0.175877    0.988328    0.236624    0.199830    0.002277    0.987912    10.149722   0.026071    0.196334    0.000000    0.000050    0.000500    0.000005    0.000500    0.000500    0.000005    0.000050    0.000050    0.000050    0.452394    11.356532  
[37m[36mINFO[0m[0m 07/18 14:37:01 | 0.978293    0.973054    0.000000    0.961291    0.126904    0.970660    0.974359    0.978293    0.973054    0.938854    900         17.571690   7.343846    0.015126    0.687974    0.560881    -4.612941   0.175250    10.843026   6.726827    21.000000   0.560495    0.312140    0.980806    0.977383    0.015126    3.376788    4.148124    7.309391    0.034399    0.000056    1.000000    0.250000    3.437507    0.986175    1.000000    18.014417   45.415139   3.437507    0.190872    0.986175    0.254873    0.213843    0.001816    0.991850    7.465313    0.025935    0.109142    0.000000    0.000050    0.000500    0.000005    0.000500    0.000500    0.000005    0.000050    0.000050    0.000050    0.455584    11.672416  
[37m[36mINFO[0m[0m 07/18 14:38:03 | 0.976796    0.967066    0.000000    0.954627    0.174219    0.948655    0.957265    0.976796    0.967066    0.957962    1000        19.524100   7.339439    0.021734    0.683459    0.518154    -4.741333   0.225250    10.763955   6.668389    21.000000   0.517786    0.316631    0.980852    0.977057    0.021734    3.384140    4.136407    7.305214    0.034173    0.000052    1.000000    0.250000    3.588487    0.985020    1.000000    18.177564   45.421454   3.588487    0.197494    0.985020    0.270145    0.226081    0.001396    0.993758    9.669344    0.042055    0.158168    0.000000    0.000050    0.000500    0.000005    0.000500    0.000500    0.000005    0.000050    0.000050    0.000050    0.471953    12.168970  
[37m[36mINFO[0m[0m 07/18 14:39:02 | 0.945359    0.934132    0.000000    0.949888    0.165428    0.933985    0.961538    0.945359    0.934132    0.954140    1100        21.476510   7.306980    0.019085    0.678955    0.489768    -4.873343   0.275250    10.821144   6.663957    21.000000   0.489529    0.321113    0.981119    0.977122    0.019085    3.384342    4.113223    7.272983    0.033948    0.000049    1.000000    0.250000    3.755874    0.983224    1.000000    17.894944   45.435759   3.755874    0.209957    0.983224    0.278365    0.232771    0.001220    0.994904    8.835374    0.048196    0.136167    0.000000    0.000050    0.000500    0.000005    0.000500    0.000500    0.000005    0.000050    0.000050    0.000050    0.452514    11.600787  
[37m[36mINFO[0m[0m 07/18 14:40:01 | 0.970808    0.970060    0.000000    0.957291    0.134397    0.951100    0.961538    0.970808    0.970060    0.959236    1200        23.428920   7.313362    0.020566    0.675092    0.470207    -4.982504   0.325250    10.798097   6.646883    21.000000   0.470010    0.324959    0.981708    0.977888    0.020566    3.390603    4.117517    7.279560    0.033755    0.000047    1.000000    0.250000    3.836095    0.982661    1.000000    17.965274   45.441798   3.836095    0.213596    0.982661    0.283573    0.239875    0.000994    0.996649    8.218931    0.058974    0.145603    0.000000    0.000050    0.000500    0.000005    0.000500    0.000500    0.000005    0.000050    0.000050    0.000050    0.455949    11.756238  
[37m[36mINFO[0m[0m 07/18 14:41:04 | 0.960329    0.949102    0.000000    0.944101    0.220464    0.951100    0.948718    0.960329    0.949102    0.932484    1300        25.381330   7.258262    0.013299    0.673834    0.449583    -5.127163   0.375250    10.763650   6.638761    21.000000   0.449424    0.326213    0.982592    0.978833    0.013299    3.371430    4.096154    7.224525    0.033692    0.000045    1.000000    0.250000    3.948745    0.980371    1.000000    17.208058   45.453093   3.948745    0.229536    0.980371    0.284998    0.239236    0.000949    0.996362    7.266746    0.061302    0.103050    0.000000    0.000050    0.000500    0.000005    0.000500    0.000500    0.000005    0.000050    0.000050    0.000050    0.473297    12.548745  
[37m[36mINFO[0m[0m 07/18 14:42:03 | 0.973802    0.961078    0.000000    0.961544    0.136252    0.943765    0.982906    0.973802    0.961078    0.957962    1400        27.333740   7.233734    0.018021    0.671952    0.434891    -5.260769   0.425250    10.749750   6.665537    21.000000   0.434729    0.328087    0.982150    0.977950    0.018021    3.371555    4.073556    7.200093    0.033598    0.000043    1.000000    0.250000    4.070622    0.979078    1.000000    17.260647   45.459740   4.070622    0.235884    0.979078    0.294215    0.245951    0.000931    0.996848    7.060830    0.074803    0.118352    0.000000    0.000050    0.000500    0.000005    0.000500    0.000500    0.000005    0.000050    0.000050    0.000050    0.457635    11.858607  
[37m[36mINFO[0m[0m 07/18 14:43:02 | 0.976796    0.973054    0.000000    0.964298    0.133531    0.968215    0.974359    0.976796    0.973054    0.950318    1500        29.286150   7.201670    0.011848    0.670859    0.426038    -5.359642   0.475250    10.745570   6.671060    21.000000   0.426022    0.329174    0.982359    0.977921    0.011848    3.364562    4.059656    7.168085    0.033543    0.000043    1.000000    0.250000    4.195776    0.977629    1.000000    17.233314   45.465563   4.195776    0.243503    0.977629    0.303039    0.251587    0.000904    0.996983    6.402305    0.082886    0.088020    0.000000    0.000050    0.000500    0.000005    0.000500    0.000500    0.000005    0.000050    0.000050    0.000050    0.453330    10.860114  
[37m[36mINFO[0m[0m 07/18 14:44:01 | 0.971557    0.958084    0.000000    0.958914    0.133885    0.948655    0.976496    0.971557    0.958084    0.951592    1600        31.238560   7.156372    0.007445    0.669028    0.419840    -5.513520   0.500000    10.722659   6.658387    21.000000   0.419759    0.331002    0.983014    0.978491    0.007445    3.354377    4.036734    7.122879    0.033451    0.000042    1.000000    0.250000    4.287536    0.975617    1.000000    16.832230   45.473869   4.287536    0.254755    0.975617    0.307713    0.253071    0.000885    0.997085    5.107935    0.076757    0.058533    0.000000    0.000050    0.000500    0.000005    0.000500    0.000500    0.000005    0.000050    0.000050    0.000050    0.454174    11.923351  
[37m[36mINFO[0m[0m 07/18 14:45:00 | 0.969311    0.949102    0.000000    0.958106    0.148089    0.953545    0.961538    0.969311    0.949102    0.959236    1700        33.190970   7.177589    0.013478    0.668149    0.413570    -5.618184   0.500000    10.677266   6.620262    21.000000   0.413511    0.331883    0.983033    0.978260    0.013478    3.367110    4.044461    7.144140    0.033407    0.000041    1.000000    0.250000    4.380228    0.975099    1.000000    17.083745   45.477847   4.380228    0.256453    0.975099    0.318131    0.260718    0.000750    0.997440    6.941461    0.102708    0.100674    0.000000    0.000050    0.000500    0.000005    0.000500    0.000500    0.000005    0.000050    0.000050    0.000050    0.451989    11.684567  
[37m[36mINFO[0m[0m 07/18 14:45:59 | 0.952096    0.937126    0.000000    0.954586    0.173765    0.933985    0.974359    0.952096    0.937126    0.955414    1800        35.143380   7.180904    0.017426    0.667510    0.411334    -5.693100   0.500000    10.731269   6.599858    21.000000   0.411304    0.332516    0.983090    0.978375    0.017426    3.376887    4.037829    7.147487    0.033376    0.000041    1.000000    0.250000    4.373516    0.975657    1.000000    17.240370   45.480627   4.373516    0.253769    0.975657    0.317940    0.264298    0.000659    0.997799    8.335664    0.114278    0.118239    0.000000    0.000050    0.000500    0.000005    0.000500    0.000500    0.000005    0.000050    0.000050    0.000050    0.453150    11.306758  
[37m[36mINFO[0m[0m 07/18 14:46:59 | 0.967814    0.964072    0.000000    0.959805    0.132851    0.963325    0.959402    0.967814    0.964072    0.956688    1900        37.095790   7.176534    0.014328    0.666880    0.409311    -5.807511   0.500000    10.774787   6.598677    21.000000   0.409286    0.333143    0.982373    0.977797    0.014328    3.375692    4.043506    7.143149    0.033344    0.000041    1.000000    0.250000    4.432557    0.974816    1.000000    17.024621   45.489428   4.432557    0.260420    0.974816    0.315941    0.264567    0.000601    0.998036    7.228668    0.102705    0.099374    0.000000    0.000050    0.000500    0.000005    0.000500    0.000500    0.000005    0.000050    0.000050    0.000050    0.451528    13.151425  
[37m[36mINFO[0m[0m 07/18 14:47:58 | 0.967814    0.964072    0.000000    0.962222    0.135440    0.965770    0.980769    0.967814    0.964072    0.940127    2000        39.048200   7.138379    0.011076    0.664372    0.400987    -5.918815   0.500000    10.694146   6.588818    21.000000   0.400909    0.335654    0.983105    0.978583    0.011076    3.362444    4.027541    7.105120    0.033219    0.000040    1.000000    0.250000    4.476748    0.973642    1.000000    16.782419   45.494571   4.476748    0.266783    0.973642    0.319070    0.266578    0.000523    0.998502    5.631514    0.088399    0.073506    0.000000    0.000050    0.000500    0.000005    0.000500    0.000500    0.000005    0.000050    0.000050    0.000050    0.452635    11.699690  
[37m[36mINFO[0m[0m 07/18 14:48:59 | 0.975299    0.970060    0.000000    0.961216    0.129157    0.963325    0.957265    0.975299    0.970060    0.963057    2100        41.000610   7.097063    0.005822    0.666483    0.391278    -6.058375   0.500000    10.616902   6.587907    21.000000   0.391129    0.333540    0.983391    0.978982    0.005822    3.347917    4.012881    7.063700    0.033324    0.000039    1.000000    0.250000    4.561035    0.972682    1.000000    16.800133   45.497406   4.561035    0.271539    0.972682    0.325875    0.271228    0.000464    0.998249    3.110516    0.072178    0.039023    0.000000    0.000050    0.000500    0.000005    0.000500    0.000500    0.000005    0.000050    0.000050    0.000050    0.468979    11.630974  
[37m[36mINFO[0m[0m 07/18 14:50:00 | 0.979042    0.961078    0.000000    0.964215    0.121556    0.963325    0.970085    0.979042    0.961078    0.959236    2200        42.953020   7.077567    0.003356    0.665873    0.379395    -6.188327   0.500000    10.588671   6.566837    21.000000   0.379303    0.334150    0.983590    0.978905    0.003356    3.345704    4.004592    7.044235    0.033294    0.000038    1.000000    0.250000    4.697406    0.970793    1.000000    16.739866   45.506893   4.697406    0.280633    0.970793    0.335730    0.276505    0.000473    0.998341    2.963371    0.081084    0.034352    0.000000    0.000050    0.000500    0.000005    0.000500    0.000500    0.000005    0.000050    0.000050    0.000050    0.451103    13.780228  
[37m[36mINFO[0m[0m 07/18 14:50:59 | 0.968563    0.964072    0.000000    0.965489    0.130631    0.963325    0.970085    0.968563    0.964072    0.963057    2300        44.905430   7.049494    0.003143    0.664803    0.369218    -6.318642   0.500000    10.562725   6.549890    21.000000   0.369136    0.335222    0.983040    0.978112    0.003143    3.339151    3.989855    7.016217    0.033240    0.000037    1.000000    0.250000    4.722108    0.969763    1.000000    16.545663   45.507107   4.722108    0.285411    0.969763    0.338985    0.277972    0.000475    0.998447    2.988319    0.086812    0.029645    0.000000    0.000050    0.000500    0.000005    0.000500    0.000500    0.000005    0.000050    0.000050    0.000050    0.451336    11.881710  
[37m[36mINFO[0m[0m 07/18 14:51:59 | 0.964820    0.961078    0.000000    0.960654    0.179146    0.963325    0.959402    0.964820    0.961078    0.959236    2400        46.857840   7.088949    0.012549    0.664030    0.370058    -6.386475   0.500000    10.584325   6.513609    21.000000   0.370184    0.335996    0.982797    0.977186    0.012549    3.358722    4.003763    7.055711    0.033201    0.000037    1.000000    0.250000    4.751089    0.970350    1.000000    16.942070   45.507760   4.751089    0.280457    0.970350    0.345200    0.285261    0.000352    0.998914    6.478610    0.127993    0.089393    0.000000    0.000050    0.000500    0.000005    0.000500    0.000500    0.000005    0.000050    0.000050    0.000050    0.457581    12.721915  
[37m[36mINFO[0m[0m 07/18 14:53:00 | 0.955090    0.946108    0.000000    0.946977    0.173579    0.931540    0.974359    0.955090    0.946108    0.935032    2500        48.810250   7.129300    0.020617    0.660817    0.380658    -6.425690   0.500000    10.675164   6.535097    21.000000   0.380788    0.339204    0.982824    0.977401    0.020617    3.380358    4.016531    7.096221    0.033041    0.000038    1.000000    0.250000    4.673683    0.971332    1.000000    16.839585   45.510739   4.673683    0.277629    0.971332    0.333737    0.282858    0.000289    0.999126    8.598166    0.139086    0.117030    0.000000    0.000050    0.000500    0.000005    0.000500    0.000500    0.000005    0.000050    0.000050    0.000050    0.454226    12.833939  
[37m[36mINFO[0m[0m 07/18 14:54:00 | 0.966317    0.943114    0.000000    0.954723    0.181579    0.943765    0.970085    0.966317    0.943114    0.950318    2600        50.762660   7.103288    0.019040    0.660071    0.390184    -6.444885   0.500000    10.759244   6.590187    21.000000   0.390164    0.339949    0.983200    0.978112    0.019040    3.375994    3.997456    7.070245    0.033004    0.000039    1.000000    0.250000    4.647037    0.971392    1.000000    16.642120   45.514897   4.647037    0.279421    0.971392    0.323727    0.280589    0.000254    0.999225    9.219386    0.133121    0.126966    0.000000    0.000050    0.000500    0.000005    0.000500    0.000500    0.000005    0.000050    0.000050    0.000050    0.451445    12.812997  
[37m[36mINFO[0m[0m 07/18 14:55:01 | 0.952844    0.952096    0.000000    0.942128    0.243043    0.911980    0.961538    0.952844    0.952096    0.952866    2700        52.715070   7.097735    0.022796    0.655880    0.393078    -6.534298   0.500000    10.833783   6.624034    21.000000   0.393114    0.344140    0.983417    0.978268    0.022796    3.379513    3.989307    7.064902    0.032794    0.000039    1.000000    0.250000    4.615373    0.971943    1.000000    16.840831   45.507642   4.615373    0.274406    0.971943    0.324304    0.283864    0.000194    0.999492    9.934464    0.132398    0.128794    0.000000    0.000050    0.000500    0.000005    0.000500    0.000500    0.000005    0.000050    0.000050    0.000050    0.453092    14.369083  
[37m[36mINFO[0m[0m 07/18 14:56:00 | 0.961078    0.952096    0.000000    0.952107    0.157009    0.938875    0.972222    0.961078    0.952096    0.945223    2800        54.667480   7.102572    0.024203    0.657422    0.392048    -6.624616   0.500000    10.777989   6.626144    21.000000   0.392052    0.342597    0.983246    0.978257    0.024203    3.390847    3.985843    7.069662    0.032871    0.000039    1.000000    0.250000    4.558930    0.972688    1.000000    16.752752   45.505820   4.558930    0.272215    0.972688    0.317066    0.280840    0.000175    0.999375    10.405967   0.140654    0.154711    0.000000    0.000050    0.000500    0.000005    0.000500    0.000500    0.000005    0.000050    0.000050    0.000050    0.454635    11.328057  
[37m[36mINFO[0m[0m 07/18 14:57:02 | 0.958832    0.946108    0.000000    0.958305    0.143300    0.951100    0.972222    0.958832    0.946108    0.951592    2900        56.619890   7.048395    0.015282    0.655030    0.387952    -6.749421   0.500000    10.771653   6.657043    21.000000   0.387826    0.344988    0.984431    0.980216    0.015282    3.361795    3.975998    7.015604    0.032751    0.000039    1.000000    0.250000    4.632385    0.971451    1.000000    16.419498   45.518741   4.632385    0.282200    0.971451    0.313994    0.279122    0.000190    0.999291    6.381138    0.101270    0.091737    0.000000    0.000050    0.000500    0.000005    0.000500    0.000500    0.000005    0.000050    0.000050    0.000050    0.471446    11.739231  
[37m[36mINFO[0m[0m 07/18 14:58:01 | 0.963323    0.949102    0.000000    0.961723    0.147932    0.958435    0.963675    0.963323    0.949102    0.963057    3000        58.572300   6.997022    0.007364    0.652714    0.374347    -6.884683   0.500000    10.793083   6.629730    21.000000   0.374221    0.347305    0.984675    0.980490    0.007364    3.346197    3.955022    6.964349    0.032636    0.000037    1.000000    0.250000    4.713690    0.969847    1.000000    16.285014   45.516628   4.713690    0.289525    0.969847    0.321572    0.282576    0.000208    0.999137    4.481166    0.083653    0.057207    0.000000    0.000050    0.000500    0.000005    0.000500    0.000500    0.000005    0.000050    0.000050    0.000050    0.452674    11.647313  
[37m[36mINFO[0m[0m 07/18 14:59:00 | 0.970060    0.955090    0.000000    0.962140    0.132917    0.960880    0.976496    0.970060    0.955090    0.949045    3100        60.524710   7.005071    0.005741    0.653587    0.363949    -6.993600   0.500000    10.761174   6.628233    21.000000   0.363914    0.346431    0.984167    0.979562    0.005741    3.350769    3.965525    6.972355    0.032679    0.000036    1.000000    0.250000    4.784052    0.968180    1.000000    16.059397   45.522156   4.784052    0.297978    0.968180    0.326197    0.284150    0.000206    0.999180    4.118989    0.089867    0.042155    0.000000    0.000050    0.000500    0.000005    0.000500    0.000500    0.000005    0.000050    0.000050    0.000050    0.453443    11.807836  
[37m[36mINFO[0m[0m 07/18 15:00:01 | 0.977545    0.961078    0.000000    0.963346    0.125338    0.955990    0.978632    0.977545    0.961078    0.955414    3200        62.477120   6.990664    0.003539    0.653182    0.358861    -7.095642   0.500000    10.664582   6.624295    21.000000   0.358769    0.346837    0.983990    0.979318    0.003539    3.342499    3.966713    6.957969    0.032659    0.000036    1.000000    0.250000    4.820606    0.967768    1.000000    16.078828   45.525459   4.820606    0.299834    0.967768    0.329068    0.286960    0.000158    0.999430    3.091954    0.087918    0.028925    0.000000    0.000050    0.000500    0.000005    0.000500    0.000500    0.000005    0.000050    0.000050    0.000050    0.473032    11.629720  
[37m[36mINFO[0m[0m 07/18 15:01:00 | 0.966317    0.955090    0.000000    0.955209    0.160064    0.941320    0.982906    0.966317    0.955090    0.941401    3300        64.429530   6.967796    0.002220    0.652585    0.349519    -7.223536   0.500000    10.703511   6.585129    21.000000   0.349421    0.347434    0.983822    0.978886    0.002220    3.345243    3.948845    6.935132    0.032629    0.000035    1.000000    0.250000    4.876186    0.966170    1.000000    15.860502   45.528781   4.876186    0.307536    0.966170    0.331888    0.287398    0.000211    0.999159    2.941679    0.078241    0.022163    0.000000    0.000050    0.000500    0.000005    0.000500    0.000500    0.000005    0.000050    0.000050    0.000050    0.451990    11.622554  
[37m[36mINFO[0m[0m 07/18 15:01:59 | 0.962575    0.934132    0.000000    0.967215    0.142335    0.963325    0.982906    0.962575    0.934132    0.955414    3400        66.381940   7.005206    0.011040    0.651889    0.349428    -7.277471   0.500000    10.696062   6.569138    21.000000   0.349480    0.348129    0.983379    0.977889    0.011040    3.361754    3.963656    6.972576    0.032594    0.000035    1.000000    0.250000    4.845733    0.966673    1.000000    16.037200   45.521650   4.845733    0.302245    0.966673    0.334703    0.290657    0.000157    0.999380    5.847184    0.118055    0.071729    0.000000    0.000050    0.000500    0.000005    0.000500    0.000500    0.000005    0.000050    0.000050    0.000050    0.454167    11.966040  
[37m[36mINFO[0m[0m 07/18 15:02:59 | 0.964072    0.934132    0.000000    0.961359    0.131333    0.955990    0.976496    0.964072    0.934132    0.951592    3500        68.334350   6.988621    0.007549    0.650519    0.348712    -7.351161   0.500000    10.698556   6.547434    21.000000   0.348681    0.349499    0.984516    0.979500    0.007549    3.358692    3.957378    6.956060    0.032526    0.000035    1.000000    0.250000    4.904461    0.967237    1.000000    16.368783   45.526305   4.904461    0.299853    0.967237    0.337923    0.295358    0.000129    0.999466    5.487374    0.111465    0.056794    0.000000    0.000050    0.000500    0.000005    0.000500    0.000500    0.000005    0.000050    0.000050    0.000050    0.455344    12.548153  
[37m[36mINFO[0m[0m 07/18 15:04:03 | 0.951347    0.928144    0.000000    0.945984    0.192707    0.929095    0.957265    0.951347    0.928144    0.951592    3600        70.286760   6.988952    0.012739    0.649604    0.348788    -7.435160   0.500000    10.741840   6.547483    21.000000   0.348838    0.350413    0.984024    0.978730    0.012739    3.357040    3.958415    6.956437    0.032480    0.000035    1.000000    0.250000    4.868493    0.966526    1.000000    15.966249   45.526808   4.868493    0.305074    0.966526    0.333186    0.291733    0.000142    0.999320    5.523174    0.118076    0.078004    0.000000    0.000050    0.000500    0.000005    0.000500    0.000500    0.000005    0.000050    0.000050    0.000050    0.473190    13.384878  
[37m[36mINFO[0m[0m 07/18 15:05:03 | 0.969311    0.946108    0.000000    0.965845    0.120063    0.958435    0.972222    0.969311    0.946108    0.966879    3700        72.239170   6.950962    0.006048    0.647416    0.348087    -7.512650   0.500000    10.736810   6.547932    21.000000   0.348041    0.352602    0.984814    0.980085    0.006048    3.347494    3.940647    6.918556    0.032371    0.000035    1.000000    0.250000    4.893701    0.966650    1.000000    16.066225   45.529187   4.893701    0.304633    0.966650    0.334637    0.294433    0.000099    0.999673    4.322093    0.098195    0.044893    0.000000    0.000050    0.000500    0.000005    0.000500    0.000500    0.000005    0.000050    0.000050    0.000050    0.459190    12.402549  
[37m[36mINFO[0m[0m 07/18 15:06:04 | 0.958832    0.952096    0.000000    0.958503    0.162575    0.938875    0.985043    0.958832    0.952096    0.951592    3800        74.191580   7.005452    0.017696    0.648638    0.353063    -7.559570   0.500000    10.745308   6.555949    21.000000   0.353251    0.351380    0.983123    0.977550    0.017696    3.376973    3.956295    6.972985    0.032432    0.000035    1.000000    0.250000    4.774219    0.967678    1.000000    16.066655   45.517837   4.774219    0.297400    0.967678    0.330815    0.293810    0.000093    0.999599    8.729677    0.147597    0.101081    0.000000    0.000050    0.000500    0.000005    0.000500    0.000500    0.000005    0.000050    0.000050    0.000050    0.463332    12.293288  
[37m[36mINFO[0m[0m 07/18 15:07:05 | 0.969311    0.952096    0.000000    0.959819    0.159258    0.953545    0.967949    0.969311    0.952096    0.957962    3900        76.143990   6.980576    0.018966    0.646628    0.366471    -7.584328   0.500000    10.802204   6.541260    21.000000   0.366449    0.353389    0.983831    0.978851    0.018966    3.364899    3.943560    6.948208    0.032331    0.000037    1.000000    0.250000    4.785734    0.968598    1.000000    16.213690   45.527354   4.785734    0.295328    0.968598    0.323260    0.293792    0.000058    0.999777    7.766184    0.135052    0.113990    0.000000    0.000050    0.000500    0.000005    0.000500    0.000500    0.000005    0.000050    0.000050    0.000050    0.457388    13.205218  
[37m[36mINFO[0m[0m 07/18 15:08:05 | 0.965569    0.961078    0.000000    0.957867    0.151937    0.941320    0.967949    0.965569    0.961078    0.964331    4000        78.096400   6.948462    0.006747    0.647184    0.358846    -7.730383   0.500000    10.777861   6.552962    21.000000   0.358768    0.352832    0.983650    0.978969    0.006747    3.350580    3.945259    6.916067    0.032359    0.000036    1.000000    0.250000    4.834451    0.966983    1.000000    15.822695   45.531292   4.834451    0.305650    0.966983    0.321620    0.291733    0.000074    0.999754    4.436199    0.096181    0.049722    0.000000    0.000050    0.000500    0.000005    0.000500    0.000500    0.000005    0.000050    0.000050    0.000050    0.455547    12.256119  
[37m[36mINFO[0m[0m 07/18 15:09:04 | 0.969311    0.955090    0.000000    0.957613    0.166751    0.948655    0.963675    0.969311    0.955090    0.960510    4100        80.048810   6.940568    0.006994    0.645907    0.353032    -7.815568   0.500000    10.775183   6.548083    21.000000   0.352969    0.354109    0.983828    0.979056    0.006994    3.349828    3.942193    6.908237    0.032295    0.000035    1.000000    0.250000    4.833576    0.967227    1.000000    15.949866   45.526892   4.833576    0.303166    0.967227    0.325224    0.294903    0.000070    0.999738    4.912383    0.106694    0.047631    0.000000    0.000050    0.000500    0.000005    0.000500    0.000500    0.000005    0.000050    0.000050    0.000050    0.453747    11.348783  
[37m[36mINFO[0m[0m 07/18 15:10:03 | 0.964820    0.949102    0.000000    0.954148    0.162318    0.933985    0.967949    0.964820    0.949102    0.960510    4200        82.001220   6.956765    0.011361    0.647186    0.350179    -7.893347   0.500000    10.741182   6.550466    21.000000   0.350148    0.352831    0.983318    0.978266    0.011361    3.359642    3.948035    6.924370    0.032359    0.000035    1.000000    0.250000    4.833418    0.967230    1.000000    15.920996   45.532792   4.833418    0.303637    0.967230    0.323969    0.294997    0.000056    0.999773    6.231055    0.110312    0.069281    0.000000    0.000050    0.000500    0.000005    0.000500    0.000500    0.000005    0.000050    0.000050    0.000050    0.454939    11.752668  
[37m[36mINFO[0m[0m 07/18 15:11:04 | 0.969311    0.958084    0.000000    0.943656    0.217216    0.933985    0.959402    0.969311    0.958084    0.937580    4300        83.953630   6.913127    0.004522    0.645622    0.338183    -7.980823   0.500000    10.786369   6.548737    21.000000   0.338078    0.354395    0.983916    0.979137    0.004522    3.346252    3.929080    6.880813    0.032281    0.000034    1.000000    0.250000    4.951508    0.966585    1.000000    16.091840   45.542770   4.951508    0.307825    0.966585    0.328823    0.298978    0.000057    0.999792    3.953846    0.092243    0.033482    0.000000    0.000050    0.000500    0.000005    0.000500    0.000500    0.000005    0.000050    0.000050    0.000050    0.471761    11.460588  
[37m[36mINFO[0m[0m 07/18 15:12:03 | 0.948353    0.937126    0.000000    0.945066    0.203100    0.933985    0.957265    0.948353    0.937126    0.943949    4400        85.906040   6.950267    0.016948    0.644911    0.342597    -8.022216   0.500000    10.735599   6.541698    21.000000   0.342675    0.355106    0.982228    0.976826    0.016948    3.365180    3.936969    6.917987    0.032246    0.000034    1.000000    0.250000    4.707422    0.966997    1.000000    15.367647   45.522360   4.707422    0.306355    0.966997    0.311916    0.287690    0.000067    0.999753    6.965338    0.130792    0.090090    0.000000    0.000050    0.000500    0.000005    0.000500    0.000500    0.000005    0.000050    0.000050    0.000050    0.453203    11.799023  
[37m[36mINFO[0m[0m 07/18 15:13:03 | 0.974551    0.976048    0.000000    0.961038    0.127131    0.948655    0.976496    0.974551    0.976048    0.957962    4500        87.858450   6.898308    0.005029    0.643599    0.337163    -8.158148   0.500000    10.696676   6.547937    21.000000   0.337006    0.356417    0.983009    0.978308    0.005029    3.342566    3.926407    6.866094    0.032180    0.000034    1.000000    0.250000    4.833927    0.966419    1.000000    15.650229   45.531578   4.833927    0.308915    0.966419    0.317787    0.292838    0.000054    0.999831    2.692921    0.080705    0.029661    0.000000    0.000050    0.000500    0.000005    0.000500    0.000500    0.000005    0.000050    0.000050    0.000050    0.454340    12.378020  
[37m[36mINFO[0m[0m 07/18 15:14:03 | 0.977545    0.976048    0.000000    0.965400    0.121534    0.951100    0.980769    0.977545    0.976048    0.964331    4600        89.810860   6.863443    0.000513    0.645912    0.321141    -8.319318   0.500000    10.586008   6.525434    21.000000   0.320994    0.354105    0.982892    0.978218    0.000513    3.328526    3.918042    6.831115    0.032296    0.000032    1.000000    0.250000    4.888305    0.964202    1.000000    15.278545   45.531616   4.888305    0.319978    0.964202    0.321693    0.292747    0.000065    0.999774    0.855451    0.070265    0.004837    0.000000    0.000050    0.000500    0.000005    0.000500    0.000500    0.000005    0.000050    0.000050    0.000050    0.453624    12.470196  
[37m[36mINFO[0m[0m 07/18 15:15:06 | 0.972305    0.967066    0.000000    0.953346    0.162916    0.931540    0.974359    0.972305    0.967066    0.954140    4700        91.763270   6.898447    0.005815    0.644279    0.312669    -8.371979   0.500000    10.653774   6.526963    21.000000   0.312691    0.355738    0.981792    0.976358    0.005815    3.348095    3.930891    6.866202    0.032214    0.000031    1.000000    0.250000    4.889530    0.963930    1.000000    15.284352   45.530240   4.889530    0.320002    0.963930    0.325162    0.294796    0.000066    0.999772    3.635720    0.100117    0.037605    0.000000    0.000050    0.000500    0.000005    0.000500    0.000500    0.000005    0.000050    0.000050    0.000050    0.470376    12.944362  
[37m[36mINFO[0m[0m 07/18 15:16:07 | 0.944611    0.922156    0.000000    0.948272    0.180642    0.929095    0.967949    0.944611    0.922156    0.947771    4800        93.715680   6.919017    0.015197    0.641374    0.314737    -8.414245   0.500000    10.664540   6.532206    21.000000   0.314842    0.358643    0.982281    0.976648    0.015197    3.361009    3.931423    6.886917    0.032069    0.000031    1.000000    0.250000    4.842321    0.964366    1.000000    15.300114   45.525238   4.842321    0.316521    0.964366    0.323388    0.294860    0.000055    0.999795    5.631154    0.135094    0.071654    0.000000    0.000050    0.000500    0.000005    0.000500    0.000500    0.000005    0.000050    0.000050    0.000050    0.456430    12.697881  
[37m[36mINFO[0m[0m 07/18 15:17:05 | 0.947605    0.937126    0.000000    0.946388    0.222666    0.921760    0.965812    0.947605    0.937126    0.951592    4900        95.668090   6.930278    0.019322    0.639797    0.333910    -8.316671   0.500000    10.814426   6.545348    21.000000   0.334001    0.360218    0.983806    0.978904    0.019322    3.372312    3.922455    6.898255    0.031990    0.000033    1.000000    0.250000    4.741992    0.968334    1.000000    15.978025   45.521411   4.741992    0.296889    0.968334    0.317376    0.297786    0.000025    0.999923    9.434854    0.141574    0.119020    0.000000    0.000050    0.000500    0.000005    0.000500    0.000500    0.000005    0.000050    0.000050    0.000050    0.454243    11.126737  
[37m[36mINFO[0m[0m 07/18 15:18:04 | 0.950599    0.949102    0.000000    0.947881    0.192473    0.926650    0.967949    0.950599    0.949102    0.949045    5000        97.620500   6.891334    0.008174    0.638209    0.329194    -8.444580   0.500000    10.777165   6.532549    21.000000   0.329061    0.361806    0.984326    0.980004    0.008174    3.355724    3.917721    6.859390    0.031910    0.000033    1.000000    0.250000    4.809983    0.966722    1.000000    15.626220   45.526721   4.809983    0.307962    0.966722    0.314950    0.295861    0.000033    0.999869    5.474990    0.104321    0.057572    0.000000    0.000050    0.000500    0.000005    0.000500    0.000500    0.000005    0.000050    0.000050    0.000050    0.452441    11.271728  
[37m[36mINFO[0m[0m 07/18 15:18:04 | ---
[37m[33mWARNING[0m[0m 07/18 15:18:04 | Evaluate SWAD ...
[37m[36mINFO[0m[0m 07/18 15:18:16 | 0.985030    0.979042    0.000000    0.970886    0.314525    0.973105    0.976496    0.985030    0.979042    0.963057    [101-5000]  (N=51)
[37m[36mINFO[0m[0m 07/18 15:18:16 | oracle = 97.530%
[37m[36mINFO[0m[0m 07/18 15:18:16 | iid = 96.257%
[37m[36mINFO[0m[0m 07/18 15:18:16 | last = 95.060%
[37m[36mINFO[0m[0m 07/18 15:18:16 | last (inD) = 94.788%
[37m[36mINFO[0m[0m 07/18 15:18:16 | iid (inD) = 96.722%
[37m[36mINFO[0m[0m 07/18 15:18:16 | SWAD = 98.503%
[37m[36mINFO[0m[0m 07/18 15:18:16 | SWAD (inD) = 97.089%
[37m[36mINFO[0m[0m 07/18 15:18:17 | 
[37m[36mINFO[0m[0m 07/18 15:18:21 | Testenv name escaping te_sketch -> te_sketch
[37m[36mINFO[0m[0m 07/18 15:18:21 | Test envs = [3], name = te_sketch
[37m[36mINFO[0m[0m 07/18 15:18:21 | Batch sizes for each domain: [32, 32, 32, 0] (total=96)
[37m[36mINFO[0m[0m 07/18 15:18:21 | steps-per-epoch for each domain: 51.22, 58.62, 41.75 -> min = 41.75
[37m[36mINFO[0m[0m 07/18 15:18:23 | # of params = 53365703
[37m[36mINFO[0m[0m 07/18 15:18:38 | test_in     test_out    train_in    train_out   tr_outloss  env0_out    env1_out    env2_out    env3_in     env3_out    step        epoch       loss        loss_cls    loss_isr    loss_orth   loss_gt     piccl_alph  paired_res  domain_res  valid_doma  basis_orth  response_c  raw_interv  mediator_i  ce_loss     sup_cl_los  pre_cl_los  dccl_total  weighted_l  weighted_l  piccl_feat  residual_s  residual_d  fused_orig  piccl_exec  original_f  piccl_feat  feature_de  feature_de  original_f  gate_mean   gate_std    gate_min    gate_max    backbone_g  piccl_grad  classifier  has_nan_or  param_grou  param_grou  param_grou  param_grou  param_grou  param_grou  param_grou  param_grou  param_grou  step_time   eval_time  
[37m[36mINFO[0m[0m 07/18 15:18:38 | 0.041031    0.039490    0.000000    0.211858    1.862691    0.212714    0.177350    0.245509    0.041031    0.039490    0           0.000000    11.974020   1.969995    0.000000    0.107627    -5.756462   0.000000    0.000000    0.000000    21.000000   0.097856    0.000000    0.898346    0.898346    1.969995    5.198189    5.093648    11.974010   0.000000    0.000011    0.000000    0.250000    0.000000    1.000000    1.000000    25.692711   45.253387   0.000000    0.000000    1.000000    0.075858    0.000000    0.075858    0.075858    8.996534    0.000144    4.040576    0.000000    0.000050    0.000500    0.000005    0.000500    0.000500    0.000005    0.000050    0.000050    0.000050    0.450560    14.068652  
[37m[36mINFO[0m[0m 07/18 15:19:39 | 0.704198    0.687898    0.000000    0.967173    0.126341    0.951100    0.959402    0.991018    0.704198    0.687898    100         2.395210    8.526780    0.282127    0.977174    0.066603    -2.593125   0.000000    11.788977   1.966179    21.000000   0.066224    0.023292    0.963201    0.961781    0.282127    3.800401    4.525043    8.477915    0.048859    0.000007    1.000000    0.250000    0.766468    0.999644    1.000000    29.717417   45.273925   0.766468    0.026839    0.999644    0.088069    0.032280    0.025286    0.375302    15.916725   0.026436    1.400661    0.000000    0.000050    0.000500    0.000005    0.000500    0.000500    0.000005    0.000050    0.000050    0.000050    0.450984    14.019026  
[37m[36mINFO[0m[0m 07/18 15:20:40 | 0.719784    0.705732    0.000000    0.962953    0.115326    0.938875    0.967949    0.982036    0.719784    0.705732    200         4.790419    7.762519    0.080531    0.905914    0.096571    -3.332586   0.000000    11.337375   4.177866    21.000000   0.097702    0.094934    0.971583    0.970099    0.080531    3.525455    4.277858    7.717214    0.045296    0.000010    1.000000    0.250000    1.300069    0.998790    1.000000    24.590488   45.302779   1.300069    0.053168    0.998790    0.114063    0.074976    0.009650    0.799760    12.621114   0.023699    0.507919    0.000000    0.000050    0.000500    0.000005    0.000500    0.000500    0.000005    0.000050    0.000050    0.000050    0.454120    14.145672  
[37m[36mINFO[0m[0m 07/18 15:21:41 | 0.684478    0.691720    0.000000    0.959415    0.132017    0.946210    0.952991    0.979042    0.684478    0.691720    300         7.185629    7.520107    0.040761    0.846773    0.277846    -3.631980   0.000000    11.306199   5.159148    21.000000   0.279776    0.153673    0.973767    0.971913    0.040761    3.454037    4.164541    7.477740    0.042339    0.000028    1.000000    0.250000    1.906756    0.997109    1.000000    22.646097   45.329631   1.906756    0.084328    0.997109    0.147333    0.118166    0.006656    0.931483    10.616736   0.020993    0.298264    0.000000    0.000050    0.000500    0.000005    0.000500    0.000500    0.000005    0.000050    0.000050    0.000050    0.452784    13.658787  
[37m[36mINFO[0m[0m 07/18 15:22:43 | 0.728372    0.735032    0.000000    0.960002    0.120439    0.936430    0.961538    0.982036    0.728372    0.735032    400         9.580838    7.386777    0.027812    0.815740    0.411289    -3.872649   0.000000    11.249495   5.538967    21.000000   0.412042    0.184560    0.974862    0.972681    0.027812    3.417919    4.093850    7.345949    0.040787    0.000041    1.000000    0.250000    2.422663    0.995093    1.000000    21.877051   45.353040   2.422663    0.110920    0.995093    0.179826    0.154405    0.004377    0.965556    9.349201    0.018405    0.226707    0.000000    0.000050    0.000500    0.000005    0.000500    0.000500    0.000005    0.000050    0.000050    0.000050    0.450539    15.132956  
[37m[36mINFO[0m[0m 07/18 15:23:45 | 0.722328    0.729936    0.000000    0.972749    0.090227    0.958435    0.980769    0.979042    0.722328    0.729936    500         11.976048   7.334606    0.026286    0.793464    0.456699    -4.068596   0.000000    11.220931   5.657579    21.000000   0.456949    0.206808    0.975547    0.972947    0.026286    3.411819    4.060211    7.294887    0.039673    0.000046    1.000000    0.250000    2.820659    0.992909    1.000000    21.052959   45.371739   2.820659    0.134095    0.992909    0.206021    0.179821    0.003675    0.978010    8.961041    0.017502    0.188345    0.000000    0.000050    0.000500    0.000005    0.000500    0.000500    0.000005    0.000050    0.000050    0.000050    0.452119    14.326605  
[37m[36mINFO[0m[0m 07/18 15:24:49 | 0.715967    0.729936    0.000000    0.959167    0.141177    0.943765    0.963675    0.970060    0.715967    0.729936    600         14.371257   7.232276    0.012334    0.776297    0.467134    -4.256760   0.025250    11.229788   5.684932    21.000000   0.467090    0.223957    0.976889    0.974056    0.012334    3.385977    4.007942    7.193415    0.038815    0.000047    1.000000    0.250000    3.222509    0.990516    1.000000    20.787132   45.389393   3.222509    0.155098    0.990516    0.235728    0.205958    0.002902    0.984088    6.174454    0.013682    0.106450    0.000000    0.000050    0.000500    0.000005    0.000500    0.000500    0.000005    0.000050    0.000050    0.000050    0.471802    14.252076  
[37m[36mINFO[0m[0m 07/18 15:25:51 | 0.807888    0.801274    0.000000    0.969877    0.090728    0.951100    0.976496    0.982036    0.807888    0.801274    700         16.766467   7.187892    0.012245    0.758196    0.455610    -4.422841   0.075250    11.173937   5.640515    21.000000   0.455468    0.242030    0.977190    0.973918    0.012245    3.381400    3.977434    7.149937    0.037910    0.000046    1.000000    0.250000    3.473758    0.988433    1.000000    20.198918   45.405177   3.473758    0.172037    0.988433    0.255022    0.220060    0.002465    0.986032    6.291966    0.015352    0.108725    0.000000    0.000050    0.000500    0.000005    0.000500    0.000500    0.000005    0.000050    0.000050    0.000050    0.457183    13.344553  
[37m[36mINFO[0m[0m 07/18 15:26:52 | 0.676209    0.689172    0.000000    0.960855    0.133015    0.936430    0.970085    0.976048    0.676209    0.689172    800         19.161677   7.136077    0.007914    0.745452    0.436537    -4.614253   0.125250    10.985536   5.627228    21.000000   0.436293    0.254733    0.977319    0.973516    0.007914    3.376551    3.945008    7.098761    0.037273    0.000044    1.000000    0.250000    3.784155    0.986133    1.000000    20.232164   45.419291   3.784155    0.187109    0.986133    0.281351    0.239846    0.001998    0.989403    5.705241    0.018250    0.080921    0.000000    0.000050    0.000500    0.000005    0.000500    0.000500    0.000005    0.000050    0.000050    0.000050    0.457675    13.293689  
[37m[36mINFO[0m[0m 07/18 15:27:54 | 0.717557    0.712102    0.000000    0.967798    0.102398    0.938875    0.976496    0.988024    0.717557    0.712102    900         21.556886   7.115324    0.010762    0.734595    0.410922    -4.690501   0.175250    11.118778   5.569607    21.000000   0.410691    0.265544    0.976819    0.972530    0.010762    3.377663    3.924654    7.078553    0.036730    0.000041    1.000000    0.250000    3.946215    0.984653    1.000000    20.048557   45.433283   3.946215    0.196895    0.984653    0.294928    0.250348    0.001516    0.992627    6.377700    0.024291    0.096221    0.000000    0.000050    0.000500    0.000005    0.000500    0.000500    0.000005    0.000050    0.000050    0.000050    0.458937    13.259484  
[37m[36mINFO[0m[0m 07/18 15:28:54 | 0.763359    0.745223    0.000000    0.965604    0.115104    0.951100    0.963675    0.982036    0.763359    0.745223    1000        23.952096   7.129076    0.016506    0.725407    0.394726    -4.807562   0.225250    11.171496   5.551688    21.000000   0.394629    0.274699    0.977896    0.973430    0.016506    3.391528    3.925111    7.092766    0.036270    0.000039    1.000000    0.250000    4.022062    0.983560    1.000000    19.733105   45.443135   4.022062    0.203905    0.983560    0.299543    0.254995    0.001351    0.993042    7.984539    0.035911    0.128401    0.000000    0.000050    0.000500    0.000005    0.000500    0.000500    0.000005    0.000050    0.000050    0.000050    0.452788    13.469485  
[37m[36mINFO[0m[0m 07/18 15:29:55 | 0.695611    0.696815    0.000000    0.968879    0.107986    0.951100    0.976496    0.979042    0.695611    0.696815    1100        26.347305   7.066472    0.008176    0.718068    0.385908    -4.937569   0.275250    11.206481   5.560744    21.000000   0.385812    0.282018    0.978986    0.974538    0.008176    3.373355    3.895878    7.030530    0.035903    0.000039    1.000000    0.250000    4.253636    0.981600    1.000000    19.701223   45.457737   4.253636    0.215946    0.981600    0.313428    0.265821    0.001094    0.995708    5.697706    0.033789    0.071466    0.000000    0.000050    0.000500    0.000005    0.000500    0.000500    0.000005    0.000050    0.000050    0.000050    0.450372    14.114633  
[37m[36mINFO[0m[0m 07/18 15:30:59 | 0.748092    0.764331    0.000000    0.966294    0.120829    0.943765    0.970085    0.985030    0.748092    0.764331    1200        28.742515   7.037808    0.005435    0.715555    0.376676    -5.096184   0.325250    11.104131   5.545490    21.000000   0.376585    0.284516    0.979119    0.974141    0.005435    3.367564    3.883804    7.001993    0.035778    0.000038    1.000000    0.250000    4.426976    0.979406    1.000000    19.468788   45.467367   4.426976    0.227466    0.979406    0.327988    0.273521    0.000952    0.996133    4.308832    0.038933    0.049363    0.000000    0.000050    0.000500    0.000005    0.000500    0.000500    0.000005    0.000050    0.000050    0.000050    0.473884    13.392729  
[37m[36mINFO[0m[0m 07/18 15:32:00 | 0.770992    0.793631    0.000000    0.972586    0.088147    0.951100    0.978632    0.988024    0.770992    0.793631    1300        31.137725   6.997678    0.004218    0.712217    0.368137    -5.252633   0.375250    10.994375   5.501829    21.000000   0.368044    0.287842    0.979299    0.974221    0.004218    3.357476    3.862969    6.962030    0.035611    0.000037    1.000000    0.250000    4.605789    0.977763    1.000000    19.493865   45.481387   4.605789    0.236293    0.977763    0.340248    0.280678    0.000735    0.996711    3.251077    0.041374    0.038313    0.000000    0.000050    0.000500    0.000005    0.000500    0.000500    0.000005    0.000050    0.000050    0.000050    0.454516    14.126553  
[37m[36mINFO[0m[0m 07/18 15:33:02 | 0.745865    0.756688    0.000000    0.963136    0.122637    0.936430    0.967949    0.985030    0.745865    0.756688    1400        33.532934   6.987149    0.006577    0.710876    0.357451    -5.396206   0.425250    10.959782   5.431195    21.000000   0.357420    0.289178    0.978542    0.972725    0.006577    3.358422    3.856381    6.951570    0.035544    0.000036    1.000000    0.250000    4.789108    0.975550    1.000000    19.404245   45.493153   4.789108    0.246836    0.975550    0.353372    0.287456    0.000724    0.996512    4.185112    0.061491    0.053616    0.000000    0.000050    0.000500    0.000005    0.000500    0.000500    0.000005    0.000050    0.000050    0.000050    0.454641    13.767310  
[37m[36mINFO[0m[0m 07/18 15:34:03 | 0.783079    0.791083    0.000000    0.959651    0.118839    0.931540    0.974359    0.973054    0.783079    0.791083    1500        35.928144   6.999711    0.009506    0.706878    0.360528    -5.428880   0.475250    11.141804   5.409300    21.000000   0.360573    0.293161    0.979055    0.973399    0.009506    3.373597    3.852672    6.964331    0.035344    0.000036    1.000000    0.250000    4.771633    0.976241    1.000000    19.644417   45.501279   4.771633    0.242992    0.976241    0.349897    0.290653    0.000497    0.998214    6.877065    0.085375    0.095643    0.000000    0.000050    0.000500    0.000005    0.000500    0.000500    0.000005    0.000050    0.000050    0.000050    0.453852    13.958827  
[37m[36mINFO[0m[0m 07/18 15:35:07 | 0.721056    0.708280    0.000000    0.945841    0.231102    0.904645    0.965812    0.967066    0.721056    0.708280    1600        38.323353   6.979263    0.013242    0.706675    0.361001    -5.549695   0.500000    11.070234   5.451035    21.000000   0.360996    0.293360    0.979698    0.974210    0.013242    3.370268    3.837869    6.943894    0.035334    0.000036    1.000000    0.250000    4.802125    0.974970    1.000000    19.078814   45.511688   4.802125    0.251829    0.974970    0.346600    0.289412    0.000544    0.997930    6.718976    0.082996    0.095991    0.000000    0.000050    0.000500    0.000005    0.000500    0.000500    0.000005    0.000050    0.000050    0.000050    0.471993    13.642182  
[37m[36mINFO[0m[0m 07/18 15:36:08 | 0.781489    0.775796    0.000000    0.972014    0.085050    0.951100    0.982906    0.982036    0.781489    0.775796    1700        40.718563   6.997172    0.015526    0.700504    0.367180    -5.544358   0.500000    11.353538   5.491285    21.000000   0.367230    0.299526    0.980544    0.975541    0.015526    3.379419    3.844382    6.962110    0.035025    0.000037    1.000000    0.250000    4.777357    0.976493    1.000000    19.715827   45.516399   4.777357    0.242487    0.976493    0.347285    0.296395    0.000349    0.998990    8.232524    0.093958    0.118136    0.000000    0.000050    0.000500    0.000005    0.000500    0.000500    0.000005    0.000050    0.000050    0.000050    0.457791    13.194505  
[37m[36mINFO[0m[0m 07/18 15:37:08 | 0.758270    0.769427    0.000000    0.973137    0.111108    0.960880    0.976496    0.982036    0.758270    0.769427    1800        43.113772   6.966026    0.011228    0.699678    0.365025    -5.715365   0.500000    11.282371   5.508505    21.000000   0.365005    0.300351    0.979960    0.974678    0.011228    3.375640    3.829905    6.931005    0.034984    0.000037    1.000000    0.250000    4.825737    0.974307    1.000000    18.794277   45.524244   4.825737    0.256961    0.974307    0.343405    0.292244    0.000404    0.998555    7.234260    0.083923    0.089415    0.000000    0.000050    0.000500    0.000005    0.000500    0.000500    0.000005    0.000050    0.000050    0.000050    0.452546    13.170162  
[37m[36mINFO[0m[0m 07/18 15:38:09 | 0.771947    0.779618    0.000000    0.963791    0.141094    0.948655    0.963675    0.979042    0.771947    0.779618    1900        45.508982   6.959918    0.011108    0.698183    0.363576    -5.805515   0.500000    11.297254   5.525240    21.000000   0.363540    0.301844    0.980776    0.975580    0.011108    3.378548    3.825593    6.924972    0.034909    0.000036    1.000000    0.250000    4.907734    0.973297    1.000000    18.702198   45.532942   4.907734    0.262568    0.973297    0.345923    0.295024    0.000331    0.998899    7.000104    0.086128    0.088535    0.000000    0.000050    0.000500    0.000005    0.000500    0.000500    0.000005    0.000050    0.000050    0.000050    0.454903    13.352121  
[37m[36mINFO[0m[0m 07/18 15:39:13 | 0.731234    0.721019    0.000000    0.962016    0.102208    0.943765    0.972222    0.970060    0.731234    0.721019    2000        47.904192   6.976263    0.022034    0.694787    0.363546    -5.886684   0.500000    11.340308   5.526117    21.000000   0.363561    0.305239    0.980569    0.975310    0.022034    3.388704    3.825084    6.941487    0.034739    0.000036    1.000000    0.250000    4.782433    0.973436    1.000000    18.205201   45.530182   4.782433    0.262918    0.973436    0.335805    0.289660    0.000340    0.998938    7.798611    0.099417    0.126242    0.000000    0.000050    0.000500    0.000005    0.000500    0.000500    0.000005    0.000050    0.000050    0.000050    0.467674    13.912389  
[37m[36mINFO[0m[0m 07/18 15:40:14 | 0.816158    0.805096    0.000000    0.972383    0.096489    0.963325    0.980769    0.973054    0.816158    0.805096    2100        50.299401   6.911846    0.005930    0.696019    0.357621    -6.058502   0.500000    11.213031   5.555032    21.000000   0.357531    0.304003    0.981599    0.976746    0.005930    3.361985    3.812019    6.877009    0.034801    0.000036    1.000000    0.250000    4.973367    0.971519    1.000000    18.311982   45.537388   4.973367    0.271880    0.971519    0.346714    0.297112    0.000290    0.998825    3.205703    0.058770    0.041190    0.000000    0.000050    0.000500    0.000005    0.000500    0.000500    0.000005    0.000050    0.000050    0.000050    0.457800    13.429165  
[37m[36mINFO[0m[0m 07/18 15:41:15 | 0.803435    0.798726    0.000000    0.975765    0.080435    0.965770    0.976496    0.985030    0.803435    0.798726    2200        52.694611   6.869107    0.001200    0.696273    0.349716    -6.197049   0.500000    11.195372   5.487513    21.000000   0.349607    0.303751    0.981793    0.976985    0.001200    3.347411    3.795498    6.834258    0.034814    0.000035    1.000000    0.250000    5.135973    0.969658    1.000000    18.265456   45.547185   5.135973    0.281306    0.969658    0.357991    0.302528    0.000255    0.998963    1.760319    0.047476    0.014138    0.000000    0.000050    0.000500    0.000005    0.000500    0.000500    0.000005    0.000050    0.000050    0.000050    0.452726    13.545218  
[37m[36mINFO[0m[0m 07/18 15:42:17 | 0.786578    0.787261    0.000000    0.975846    0.073603    0.960880    0.978632    0.988024    0.786578    0.787261    2300        55.089820   6.859667    0.000840    0.698348    0.340379    -6.356341   0.500000    11.026678   5.401921    21.000000   0.340297    0.301676    0.980818    0.975279    0.000840    3.350211    3.791481    6.824715    0.034917    0.000034    1.000000    0.250000    5.265588    0.967847    1.000000    18.301323   45.549949   5.265588    0.287744    0.967847    0.372303    0.308580    0.000233    0.998843    1.241513    0.049410    0.008691    0.000000    0.000050    0.000500    0.000005    0.000500    0.000500    0.000005    0.000050    0.000050    0.000050    0.451687    14.796721  
[37m[36mINFO[0m[0m 07/18 15:43:18 | 0.764631    0.760510    0.000000    0.968107    0.126203    0.946210    0.970085    0.988024    0.764631    0.760510    2400        57.485030   6.862104    0.004888    0.699024    0.331916    -6.479791   0.500000    10.953101   5.295989    21.000000   0.331883    0.301000    0.980211    0.973944    0.004888    3.353841    3.792380    6.827120    0.034951    0.000033    1.000000    0.250000    5.377774    0.966887    1.000000    18.625010   45.551850   5.377774    0.288786    0.966887    0.386348    0.315778    0.000170    0.999128    2.454825    0.073326    0.038640    0.000000    0.000050    0.000500    0.000005    0.000500    0.000500    0.000005    0.000050    0.000050    0.000050    0.451101    14.136792  
[37m[36mINFO[0m[0m 07/18 15:44:19 | 0.800573    0.791083    0.000000    0.972387    0.085653    0.963325    0.965812    0.988024    0.800573    0.791083    2500        59.880240   6.853636    0.001577    0.694558    0.333277    -6.542995   0.500000    11.060865   5.251754    21.000000   0.333277    0.305467    0.981641    0.975877    0.001577    3.353735    3.790713    6.818875    0.034728    0.000033    1.000000    0.250000    5.412345    0.967329    1.000000    18.842451   45.561046   5.412345    0.287328    0.967329    0.387098    0.318441    0.000145    0.999313    2.459969    0.062483    0.018827    0.000000    0.000050    0.000500    0.000005    0.000500    0.000500    0.000005    0.000050    0.000050    0.000050    0.452518    13.932481  
[37m[36mINFO[0m[0m 07/18 15:45:22 | 0.790394    0.791083    0.000000    0.980104    0.072847    0.970660    0.978632    0.991018    0.790394    0.791083    2600        62.275449   6.820117    0.000235    0.695041    0.328071    -6.706992   0.500000    10.960769   5.243821    21.000000   0.327969    0.304983    0.981254    0.975192    0.000235    3.345767    3.774680    6.785332    0.034752    0.000033    1.000000    0.250000    5.479948    0.965578    1.000000    18.598935   45.564451   5.479948    0.294724    0.965578    0.393039    0.319331    0.000148    0.999219    0.611055    0.047637    0.002764    0.000000    0.000050    0.000500    0.000005    0.000500    0.000500    0.000005    0.000050    0.000050    0.000050    0.460743    14.993484  
[37m[36mINFO[0m[0m 07/18 15:46:24 | 0.773219    0.782166    0.000000    0.965722    0.114693    0.943765    0.974359    0.979042    0.773219    0.782166    2700        64.670659   6.815038    0.003461    0.697357    0.319953    -6.830549   0.500000    10.890056   5.170081    21.000000   0.319946    0.302667    0.980438    0.973487    0.003461    3.346683    3.771522    6.780138    0.034868    0.000032    1.000000    0.250000    5.545024    0.964482    1.000000    18.654255   45.566142   5.545024    0.297266    0.964482    0.402598    0.322927    0.000134    0.999366    2.320158    0.078489    0.026302    0.000000    0.000050    0.000500    0.000005    0.000500    0.000500    0.000005    0.000050    0.000050    0.000050    0.450603    14.419314  
[37m[36mINFO[0m[0m 07/18 15:47:26 | 0.722964    0.736306    0.000000    0.962485    0.144958    0.941320    0.970085    0.976048    0.722964    0.736306    2800        67.065868   6.860115    0.014184    0.692802    0.330829    -6.779552   0.500000    11.149848   5.179033    21.000000   0.331005    0.307218    0.981215    0.974840    0.014184    3.371596    3.778639    6.825442    0.034640    0.000033    1.000000    0.250000    5.325317    0.967914    1.000000    18.817349   45.566728   5.325317    0.283090    0.967914    0.385190    0.320342    0.000103    0.999557    7.231475    0.125373    0.103046    0.000000    0.000050    0.000500    0.000005    0.000500    0.000500    0.000005    0.000050    0.000050    0.000050    0.454968    14.578727  
[37m[36mINFO[0m[0m 07/18 15:48:28 | 0.785305    0.770701    0.000000    0.969694    0.097239    0.953545    0.976496    0.979042    0.785305    0.770701    2900        69.461078   6.833015    0.007815    0.689113    0.339231    -6.846459   0.500000    11.264461   5.245829    21.000000   0.339169    0.310906    0.981910    0.976636    0.007815    3.358940    3.774094    6.798525    0.034456    0.000034    1.000000    0.250000    5.287510    0.969505    1.000000    19.039098   45.573947   5.287510    0.277996    0.969505    0.374855    0.320537    0.000075    0.999701    4.335145    0.083610    0.059940    0.000000    0.000050    0.000500    0.000005    0.000500    0.000500    0.000005    0.000050    0.000050    0.000050    0.454384    13.987269  
[37m[36mINFO[0m[0m 07/18 15:49:28 | 0.758906    0.749045    0.000000    0.964445    0.102159    0.960880    0.959402    0.973054    0.758906    0.749045    3000        71.856287   6.838922    0.011683    0.689554    0.331796    -6.946886   0.500000    11.238430   5.293061    21.000000   0.331784    0.310466    0.981936    0.976234    0.011683    3.367849    3.772223    6.804411    0.034478    0.000033    1.000000    0.250000    5.199674    0.967912    1.000000    18.188703   45.565734   5.199674    0.286043    0.967912    0.367549    0.314830    0.000079    0.999637    6.387148    0.097340    0.083720    0.000000    0.000050    0.000500    0.000005    0.000500    0.000500    0.000005    0.000050    0.000050    0.000050    0.450393    13.338310  
[37m[36mINFO[0m[0m 07/18 15:50:29 | 0.806616    0.794904    0.000000    0.950678    0.160329    0.931540    0.944444    0.976048    0.806616    0.794904    3100        74.251497   6.857833    0.016990    0.686377    0.332670    -6.991064   0.500000    11.357879   5.347139    21.000000   0.332691    0.313641    0.981384    0.975518    0.016990    3.377584    3.778461    6.823481    0.034319    0.000033    1.000000    0.250000    5.111517    0.968862    1.000000    18.106783   45.566061   5.111517    0.282379    0.968862    0.360203    0.312822    0.000069    0.999637    8.582492    0.119388    0.106516    0.000000    0.000050    0.000500    0.000005    0.000500    0.000500    0.000005    0.000050    0.000050    0.000050    0.455333    13.481943  
[37m[36mINFO[0m[0m 07/18 15:51:30 | 0.730280    0.736306    0.000000    0.956908    0.152888    0.951100    0.961538    0.958084    0.730280    0.736306    3200        76.646707   6.821968    0.010854    0.688494    0.332875    -7.038562   0.500000    11.317202   5.358436    21.000000   0.332855    0.311524    0.982453    0.977263    0.010854    3.368764    3.759821    6.787510    0.034425    0.000033    1.000000    0.250000    5.270366    0.969559    1.000000    18.918935   45.580050   5.270366    0.278792    0.969559    0.369026    0.321685    0.000049    0.999767    6.541900    0.092403    0.076832    0.000000    0.000050    0.000500    0.000005    0.000500    0.000500    0.000005    0.000050    0.000050    0.000050    0.454275    13.944851  
[37m[36mINFO[0m[0m 07/18 15:52:34 | 0.682888    0.700637    0.000000    0.952163    0.209777    0.936430    0.952991    0.967066    0.682888    0.700637    3300        79.041916   6.819390    0.008661    0.685872    0.331661    -7.136555   0.500000    11.348289   5.346825    21.000000   0.331618    0.314146    0.982215    0.977036    0.008661    3.365039    3.768191    6.785063    0.034294    0.000033    1.000000    0.250000    5.205082    0.968899    1.000000    18.371654   45.578354   5.205082    0.283447    0.968899    0.360633    0.316883    0.000047    0.999801    5.819669    0.083962    0.065562    0.000000    0.000050    0.000500    0.000005    0.000500    0.000500    0.000005    0.000050    0.000050    0.000050    0.467567    13.837462  
[37m[36mINFO[0m[0m 07/18 15:53:36 | 0.789440    0.788535    0.000000    0.949673    0.194823    0.914425    0.961538    0.973054    0.789440    0.788535    3400        81.437126   6.844746    0.024264    0.685302    0.327475    -7.220977   0.500000    11.375773   5.357516    21.000000   0.327532    0.314716    0.982048    0.976482    0.024264    3.382780    3.764454    6.810448    0.034265    0.000033    1.000000    0.250000    5.190211    0.968024    1.000000    17.927025   45.585448   5.190211    0.289530    0.968024    0.356919    0.314235    0.000053    0.999797    8.201240    0.128664    0.141236    0.000000    0.000050    0.000500    0.000005    0.000500    0.000500    0.000005    0.000050    0.000050    0.000050    0.459110    13.583687  
[37m[36mINFO[0m[0m 07/18 15:54:37 | 0.729962    0.715924    0.000000    0.951935    0.176732    0.924205    0.961538    0.970060    0.729962    0.715924    3500        83.832335   6.835378    0.017213    0.682237    0.332635    -7.242876   0.500000    11.455430   5.404588    21.000000   0.332588    0.317781    0.982570    0.977652    0.017213    3.381998    3.764166    6.801233    0.034112    0.000033    1.000000    0.250000    5.169688    0.970084    1.000000    18.513761   45.589537   5.169688    0.279456    0.970084    0.352449    0.317743    0.000034    0.999885    7.058623    0.095289    0.098363    0.000000    0.000050    0.000500    0.000005    0.000500    0.000500    0.000005    0.000050    0.000050    0.000050    0.454465    13.912365  
[37m[36mINFO[0m[0m 07/18 15:55:39 | 0.798664    0.791083    0.000000    0.963322    0.113839    0.951100    0.965812    0.973054    0.798664    0.791083    3600        86.227545   6.798729    0.006040    0.685267    0.327193    -7.367466   0.500000    11.329253   5.356299    21.000000   0.327141    0.314750    0.981390    0.976098    0.006040    3.360611    3.766155    6.764433    0.034263    0.000033    1.000000    0.250000    5.273963    0.968662    1.000000    18.474372   45.586471   5.273963    0.285726    0.968662    0.361040    0.321716    0.000036    0.999876    4.893735    0.074230    0.046853    0.000000    0.000050    0.000500    0.000005    0.000500    0.000500    0.000005    0.000050    0.000050    0.000050    0.451808    14.780268  
[37m[36mINFO[0m[0m 07/18 15:56:42 | 0.790712    0.773248    0.000000    0.965745    0.134865    0.951100    0.970085    0.976048    0.790712    0.773248    3700        88.622754   6.757586    0.002098    0.683806    0.319211    -7.514932   0.500000    11.301524   5.296266    21.000000   0.319115    0.316211    0.982731    0.977918    0.002098    3.347026    3.749986    6.723363    0.034190    0.000032    1.000000    0.250000    5.313365    0.966871    1.000000    17.932836   45.588512   5.313365    0.296338    0.966871    0.361595    0.319467    0.000054    0.999834    2.423734    0.055907    0.018835    0.000000    0.000050    0.000500    0.000005    0.000500    0.000500    0.000005    0.000050    0.000050    0.000050    0.473100    12.954259  
[37m[36mINFO[0m[0m 07/18 15:57:43 | 0.771947    0.761783    0.000000    0.968822    0.109091    0.963325    0.970085    0.973054    0.771947    0.761783    3800        91.017964   6.721833    0.000602    0.687405    0.309382    -7.667779   0.500000    11.178288   5.249096    21.000000   0.309288    0.312612    0.982553    0.977616    0.000602    3.338283    3.731936    6.687432    0.034370    0.000031    1.000000    0.250000    5.375417    0.964776    1.000000    17.597717   45.587949   5.375417    0.305509    0.964776    0.367357    0.320263    0.000060    0.999816    1.062439    0.046829    0.006625    0.000000    0.000050    0.000500    0.000005    0.000500    0.000500    0.000005    0.000050    0.000050    0.000050    0.459570    13.121528  
[37m[36mINFO[0m[0m 07/18 15:58:44 | 0.796120    0.782166    0.000000    0.967888    0.096350    0.968215    0.959402    0.976048    0.796120    0.782166    3900        93.413174   6.714389    0.000731    0.687123    0.300258    -7.794636   0.500000    11.130190   5.198802    21.000000   0.300160    0.312894    0.982321    0.976963    0.000731    3.337558    3.731446    6.680003    0.034356    0.000030    1.000000    0.250000    5.484912    0.963642    1.000000    17.815520   45.591601   5.484912    0.307914    0.963642    0.378662    0.325834    0.000050    0.999864    1.153684    0.052021    0.009121    0.000000    0.000050    0.000500    0.000005    0.000500    0.000500    0.000005    0.000050    0.000050    0.000050    0.457020    13.593172  
[37m[36mINFO[0m[0m 07/18 15:59:45 | 0.766858    0.750318    0.000000    0.969290    0.090252    0.960880    0.967949    0.979042    0.766858    0.750318    4000        95.808383   6.713653    0.000138    0.686503    0.290614    -7.930014   0.500000    11.089914   5.144118    21.000000   0.290522    0.313514    0.982204    0.976687    0.000138    3.341195    3.734466    6.679299    0.034325    0.000029    1.000000    0.250000    5.542450    0.962216    1.000000    17.665960   45.592661   5.542450    0.313777    0.962216    0.383933    0.326970    0.000056    0.999829    0.462232    0.050683    0.001628    0.000000    0.000050    0.000500    0.000005    0.000500    0.000500    0.000005    0.000050    0.000050    0.000050    0.452167    13.319425  
[37m[36mINFO[0m[0m 07/18 16:00:46 | 0.798028    0.782166    0.000000    0.963139    0.118112    0.953545    0.965812    0.970060    0.798028    0.782166    4100        98.203593   6.716567    0.000892    0.686951    0.282550    -8.040768   0.500000    11.020881   5.086260    21.000000   0.282503    0.313066    0.981150    0.974979    0.000892    3.345140    3.738197    6.682191    0.034348    0.000028    1.000000    0.250000    5.552269    0.961521    1.000000    17.679962   45.588874   5.552269    0.314083    0.961521    0.388770    0.328978    0.000052    0.999850    1.293240    0.065318    0.006790    0.000000    0.000050    0.000500    0.000005    0.000500    0.000500    0.000005    0.000050    0.000050    0.000050    0.453552    13.382144  
[37m[36mINFO[0m[0m 07/18 16:01:49 | 0.773537    0.771975    0.000000    0.955217    0.169190    0.941320    0.957265    0.967066    0.773537    0.771975    4200        100.598802  6.725075    0.003731    0.686932    0.281053    -8.063009   0.500000    11.100672   5.083266    21.000000   0.281066    0.313084    0.981561    0.975126    0.003731    3.353047    3.737073    6.690701    0.034347    0.000028    1.000000    0.250000    5.610794    0.962524    1.000000    18.278023   45.594051   5.610794    0.307102    0.962524    0.395475    0.335279    0.000038    0.999904    3.177815    0.081961    0.029870    0.000000    0.000050    0.000500    0.000005    0.000500    0.000500    0.000005    0.000050    0.000050    0.000050    0.472512    13.996705  
[37m[36mINFO[0m[0m 07/18 16:02:50 | 0.740458    0.728662    0.000000    0.967718    0.120518    0.943765    0.974359    0.985030    0.740458    0.728662    4300        102.994012  6.710417    0.004003    0.684564    0.281428    -8.154057   0.500000    11.138908   5.064468    21.000000   0.281415    0.315453    0.981564    0.975241    0.004003    3.348736    3.731124    6.676161    0.034228    0.000028    1.000000    0.250000    5.615367    0.963129    1.000000    18.427754   45.598100   5.615367    0.304841    0.963129    0.394985    0.336623    0.000028    0.999924    3.041046    0.080827    0.031350    0.000000    0.000050    0.000500    0.000005    0.000500    0.000500    0.000005    0.000050    0.000050    0.000050    0.451041    13.620029  
[37m[36mINFO[0m[0m 07/18 16:03:51 | 0.817112    0.797452    0.000000    0.967477    0.103807    0.958435    0.967949    0.976048    0.817112    0.797452    4400        105.389222  6.716561    0.002036    0.681598    0.279112    -8.214439   0.500000    11.178293   5.065053    21.000000   0.279047    0.318419    0.982605    0.976950    0.002036    3.352015    3.739124    6.682453    0.034080    0.000028    1.000000    0.250000    5.544811    0.963374    1.000000    18.106493   45.597497   5.544811    0.306352    0.963374    0.386987    0.332932    0.000026    0.999920    2.131777    0.069568    0.016542    0.000000    0.000050    0.000500    0.000005    0.000500    0.000500    0.000005    0.000050    0.000050    0.000050    0.454538    13.792323  
[37m[36mINFO[0m[0m 07/18 16:04:55 | 0.778626    0.761783    0.000000    0.969165    0.102291    0.951100    0.974359    0.982036    0.778626    0.761783    4500        107.784431  6.700644    0.000527    0.682961    0.271511    -8.367481   0.500000    11.079564   5.077858    21.000000   0.271447    0.317057    0.982317    0.976356    0.000527    3.349459    3.734857    6.666468    0.034148    0.000027    1.000000    0.250000    5.613063    0.961558    1.000000    17.944795   45.599944   5.613063    0.312827    0.961558    0.392053    0.334229    0.000026    0.999910    1.334686    0.062608    0.006710    0.000000    0.000050    0.000500    0.000005    0.000500    0.000500    0.000005    0.000050    0.000050    0.000050    0.472549    13.738163  
[37m[36mINFO[0m[0m 07/18 16:05:56 | 0.767812    0.765605    0.000000    0.956927    0.147467    0.941320    0.959402    0.970060    0.767812    0.765605    4600        110.179641  6.692771    0.002403    0.680973    0.266679    -8.460112   0.500000    11.125946   5.031242    21.000000   0.266665    0.319045    0.981545    0.975176    0.002403    3.349567    3.729731    6.658696    0.034049    0.000027    1.000000    0.250000    5.674224    0.961435    1.000000    18.167417   45.605747   5.674224    0.312371    0.961435    0.398859    0.337881    0.000024    0.999930    2.083325    0.077684    0.022840    0.000000    0.000050    0.000500    0.000005    0.000500    0.000500    0.000005    0.000050    0.000050    0.000050    0.456079    13.799511  
[37m[36mINFO[0m[0m 07/18 16:06:58 | 0.761132    0.760510    0.000000    0.967660    0.105709    0.955990    0.967949    0.979042    0.761132    0.760510    4700        112.574850  6.676320    0.001052    0.680378    0.264979    -8.519438   0.500000    11.160022   5.005631    21.000000   0.264929    0.319640    0.982607    0.976492    0.001052    3.345610    3.721585    6.642275    0.034019    0.000026    1.000000    0.250000    5.665287    0.961255    1.000000    18.072278   45.607836   5.665287    0.313516    0.961255    0.396223    0.337167    0.000021    0.999928    1.550113    0.066961    0.009840    0.000000    0.000050    0.000500    0.000005    0.000500    0.000500    0.000005    0.000050    0.000050    0.000050    0.458057    14.055436  
[37m[36mINFO[0m[0m 07/18 16:08:00 | 0.722964    0.736306    0.000000    0.957742    0.151151    0.943765    0.959402    0.970060    0.722964    0.736306    4800        114.970060  6.692651    0.003978    0.682143    0.258896    -8.626554   0.500000    11.031335   4.974513    21.000000   0.258878    0.317873    0.981856    0.975299    0.003978    3.355156    3.730712    6.658518    0.034107    0.000026    1.000000    0.250000    5.622003    0.961297    1.000000    18.011563   45.601677   5.622003    0.312163    0.961297    0.397172    0.337002    0.000019    0.999938    2.817319    0.083367    0.024820    0.000000    0.000050    0.000500    0.000005    0.000500    0.000500    0.000005    0.000050    0.000050    0.000050    0.452516    14.274789  
[37m[36mINFO[0m[0m 07/18 16:09:02 | 0.763995    0.778344    0.000000    0.955987    0.152189    0.929095    0.965812    0.973054    0.763995    0.778344    4900        117.365269  6.813157    0.027885    0.678532    0.269245    -8.285504   0.500000    11.302318   4.998787    21.000000   0.269464    0.321483    0.980835    0.973376    0.027885    3.407419    3.758174    6.779203    0.033927    0.000027    1.000000    0.250000    5.331390    0.965419    1.000000    18.233525   45.591052   5.331390    0.292706    0.965419    0.380833    0.333878    0.000008    0.999968    11.470246   0.189093    0.162596    0.000000    0.000050    0.000500    0.000005    0.000500    0.000500    0.000005    0.000050    0.000050    0.000050    0.451463    15.286260  
[37m[36mINFO[0m[0m 07/18 16:10:04 | 0.689249    0.680255    0.000000    0.947478    0.209645    0.926650    0.948718    0.967066    0.689249    0.680255    5000        119.760479  6.737826    0.016518    0.675060    0.281591    -8.379615   0.500000    11.467163   5.141947    21.000000   0.281534    0.324956    0.983176    0.978013    0.016518    3.374983    3.731525    6.704045    0.033753    0.000028    1.000000    0.250000    5.146420    0.967962    1.000000    17.827837   45.599820   5.146420    0.288819    0.967962    0.350030    0.323042    0.000010    0.999964    7.392965    0.107342    0.090721    0.000000    0.000050    0.000500    0.000005    0.000500    0.000500    0.000005    0.000050    0.000050    0.000050    0.451974    14.255533  
[37m[36mINFO[0m[0m 07/18 16:10:04 | ---
[37m[33mWARNING[0m[0m 07/18 16:10:04 | Evaluate SWAD ...
[37m[36mINFO[0m[0m 07/18 16:10:18 | 0.808206    0.802548    0.000000    0.977578    0.238299    0.968215    0.976496    0.988024    0.808206    0.802548    [101-4900]  (N=50)
[37m[36mINFO[0m[0m 07/18 16:10:18 | oracle = 81.616%
[37m[36mINFO[0m[0m 07/18 16:10:18 | iid = 79.039%
[37m[36mINFO[0m[0m 07/18 16:10:18 | last = 68.925%
[37m[36mINFO[0m[0m 07/18 16:10:18 | last (inD) = 94.748%
[37m[36mINFO[0m[0m 07/18 16:10:18 | iid (inD) = 98.010%
[37m[36mINFO[0m[0m 07/18 16:10:18 | SWAD = 80.821%
[37m[36mINFO[0m[0m 07/18 16:10:18 | SWAD (inD) = 97.758%
[37m[36mINFO[0m[0m 07/18 16:10:19 | === Summary ===
[37m[36mINFO[0m[0m 07/18 16:10:19 | Command: train_all.py 2_2full_pacs_piccl_residual_gate --dataset PACS --algorithm PICCL --model resnet50 --deterministic --trial_seed 0 --seed 0 --checkpoint_freq 100 --steps 5000 --data_dir /home/hooasia/lgg/data/repro_dccl_data --use_piccl true --piccl_strict_bypass false --output_root train_output/PACS1 --l 1 --l_d 0.05 --l_layer 1 --t 0.1 --t_pre 0.2 --use_piccl true --piccl_fusion_mode residual_gate --piccl_gt_mode keep --piccl_rank 16 --piccl_isr_weight 0.05 --piccl_orth_weight 0.0001 --piccl_residual_scale 0.25 --piccl_gate_bias -2.5 --piccl_gt_mode keep --piccl_basis_receive_task_grad true
[37m[36mINFO[0m[0m 07/18 16:10:19 | Unique name: 260718_12-50-24_2_2full_pacs_piccl_residual_gate
[37m[36mINFO[0m[0m 07/18 16:10:19 | Out path: train_output/PACS1/260718_12-50-24_2_2full_pacs_piccl_residual_gate
[37m[36mINFO[0m[0m 07/18 16:10:19 | Algorithm: PICCL
[37m[36mINFO[0m[0m 07/18 16:10:19 | Dataset: PACS
+------------+---------+---------+---------+---------+---------+
| Selection  |   env0  |   env1  |   env2  |   env3  |   Avg.  |
+------------+---------+---------+---------+---------+---------+
|   oracle   | 88.164% | 82.569% | 97.530% | 81.616% | 87.470% |
|    iid     | 86.577% | 81.983% | 96.257% | 79.039% | 85.964% |
|    last    | 85.052% | 79.478% | 95.060% | 68.925% | 82.129% |
| last (inD) | 97.399% | 94.940% | 94.788% | 94.748% | 95.469% |
| iid (inD)  | 97.728% | 97.669% | 96.722% | 98.010% | 97.532% |
|    SWAD    | 91.702% | 83.316% | 98.503% | 80.821% | 88.585% |
| SWAD (inD) | 98.139% | 97.754% | 97.089% | 97.758% | 97.685% |
+------------+---------+---------+---------+---------+---------+
