[37m[36mINFO[0m[0m 08/31 19:57:20 | Command :: train_all.py vlcs_b5c1_lr1e3_official_align --dataset VLCS --algorithm CIPTDCCL --data_dir /home/hooasia/lgg/data/repro_dccl_data --deterministic --trial_seed 0 --seed 0 --checkpoint_freq 100 --cipt_clip_path /home/hooasia/.cache/clip/ViT-B-16.pt --cipt_beta 4 --cipt_gamma 5 --cipt_k 4 --cipt_prompt_length 16 --cipt_prompt_init a photo of a --cipt_template_mode b5c --cipt_causal_contrastive_weight 1 --cipt_contrastive_warmup_steps 500 --cipt_aug_decomp_weight 0.5 --lr 1e-3 --output_root train_output/VLCS_official_align --weight_decay 0.0
Environment:
	Python: 3.10.20
	PyTorch: 2.5.1+cu121
	Torchvision: 0.20.1+cu121
	CUDA: 12.1
	CUDNN: 90100
	NumPy: 2.2.6
	PIL: 12.0.0
Args:
	TN: False
	algorithm: CIPTDCCL
	aug: 0
	checkpoint_freq: 100
	cipt_beta: 4.0
	cipt_clip_backbone: ViT-B/16
	cipt_clip_path: /home/hooasia/.cache/clip/ViT-B-16.pt
	cipt_contrastive_weight: 1.0
	cipt_debug_shapes: False
	cipt_enabled: True
	cipt_gamma: 5.0
	cipt_k: 4
	cipt_prompt_init: a photo of a
	cipt_prompt_length: 16
	cipt_tda_heads: 1
	configs: []
	data_dir: /home/hooasia/lgg/data/repro_dccl_data
	dataset: VLCS
	debug: False
	deterministic: True
	domainnet_auto_source_count: 3
	erm_baseline: weak
	evalmode: fast
	holdout_fraction: 0.2
	l: 1
	l_d: None
	l_layer: None
	label_ratio: 1.0
	lamda: 5
	log: False
	mix: 0
	model: resnet50
	model_save: None
	n_layer: 1
	name: vlcs_b5c1_lr1e3_official_align
	out_dir: train_output/VLCS_official_align/VLCS/260831_19-57-20_vlcs_b5c1_lr1e3_official_align
	out_root: train_output/VLCS_official_align/VLCS
	output_root: train_output/VLCS_official_align
	pos_mask: False
	prebuild_loader: False
	re_w: False
	sample_d: False
	seed: 0
	show: False
	source_envs: None
	start_epoch: 1000
	steps: None
	sup: True
	t: 0.1
	t_pre: 0.2
	target_env: None
	tb_freq: 10
	test_envs: None
	trial_seed: 0
	two_ce: False
	unique_name: 260831_19-57-20_vlcs_b5c1_lr1e3_official_align
	weak_erm: False
	work_dir: .
HParams:
	data_augmentation: True
	val_augment: False
	resnet18: False
	resnet_dropout: 0.0
	class_balanced: False
	optimizer: adam
	cipt_enabled: True
	cipt_clip_backbone: ViT-B/16
	cipt_clip_path: /home/hooasia/.cache/clip/ViT-B-16.pt
	cipt_beta: 4.0
	cipt_gamma: 5.0
	cipt_k: 4
	cipt_prompt_length: 16
	cipt_prompt_init: a photo of a
	[36mcipt_template_mode: b5c
	[0mcipt_tda_heads: 1
	cipt_contrastive_weight: 1.0
	cipt_debug_shapes: False
	freeze_bn: True
	pretrained: True
	[36mlr: 0.001
	[0mbatch_size: 32
	[36mweight_decay: 0.0
	[0mt: 0.1
	t_pre: 0.2
	l: 1
	l_d: 0.05
	l_layer: 1
	n_layer: 1
	sup: True
	two_ce: False
	sample_d: False
	re_w: False
	pos_mask: False
	mix: 0
	aug: 0
	model: resnet50
	label_ratio: 1.0
	TN: False
	lamda: 5
	start_epoch: 1000
	log: False
	swad: None
	swad_kwargs: 
	  n_converge: 3
	  n_tolerance: 6
	  tolerance_ratio: 0.3
	test_batchsize: 128
	indomain_test: False
	cipt_pure: False
	[36mcipt_causal_contrastive_weight: 1
	[0m[36mcipt_contrastive_warmup_steps: 500
	[0m[36mcipt_aug_decomp_weight: 0.5[0m
Dataset:
	[VLCS] #envs=4, #classes=5
	env0: CALTECH (#1415)
	env1: LABELME (#2656)
	env2: PASCAL (#3376)
	env3: SUN (#3282)

[37m[36mINFO[0m[0m 08/31 20:02:24 | n_steps = 5001
[37m[36mINFO[0m[0m 08/31 20:02:24 | checkpoint_freq = 100
[37m[36mINFO[0m[0m 08/31 20:02:24 | n_steps is updated to 5001 => 5001 for checkpointing
[37m[36mINFO[0m[0m 08/31 20:02:24 | Target test envs = [[0], [1], [2], [3]]
[37m[36mINFO[0m[0m 08/31 20:02:24 | 
[37m[36mINFO[0m[0m 08/31 20:03:39 | Testenv name escaping te_CALTECH -> te_CALTECH
[37m[36mINFO[0m[0m 08/31 20:03:39 | Test envs = [0], name = te_CALTECH
[37m[36mINFO[0m[0m 08/31 20:03:39 | Batch sizes for each domain: [0, 32, 32, 32] (total=96)
[37m[36mINFO[0m[0m 08/31 20:03:39 | steps-per-epoch for each domain: 66.41, 84.41, 82.06 -> min = 66.41
[37m[36mINFO[0m[0m 08/31 20:03:58 | # of params = 151206401
[37m[36mINFO[0m[0m 08/31 20:06:24 | test_in     test_out    train_in    train_out   tr_outloss  env0_in     env0_out    env1_out    env2_out    env3_out    step        epoch       total_loss  cipt_base_  cipt_cls_l  cipt_de_lo  cipt_de_or  cipt_de_au  aug_decomp  cipt_ind_l  causal_con  dccl_contr  contrastiv  pre_cl_los  reg_loss    mean_e_nor  mean_e_aug  mean_e_aug  mean_s_nor  mean_s_aug  mean_es_co  mean_e_aug  step_time   eval_time  
[37m[36mINFO[0m[0m 08/31 20:06:24 | 0.816254    0.809187    0.000000    0.635214    0.994064    0.816254    0.809187    0.740113    0.653333    0.512195    0           0.000000    12.170659   9.337330    1.193284    1.411012    1.411012    1.411358    2.000000    0.500000    0.000000    5.306592    0.002000    0.000000    0.000000    1.000000    1.000000    0.924073    1.000000    1.000000    1.000000    1.000000    1.428403    144.025898 
[37m[36mINFO[0m[0m 08/31 20:10:03 | 0.962898    0.961131    0.000000    0.840959    0.410569    0.962898    0.961131    0.798493    0.884444    0.839939    100         1.505882    3.911817    2.483731    0.452960    0.442299    0.442299    0.461863    2.000000    0.052315    0.000000    4.950165    0.103000    0.000000    0.000000    1.344509    1.314215    0.951835    1.570115    1.536519    0.121832    0.156729    1.668162    51.849589  
[37m[36mINFO[0m[0m 08/31 20:12:39 | 0.991166    0.985866    0.000000    0.857990    0.390598    0.991166    0.985866    0.813559    0.903704    0.856707    200         3.011765    4.025855    1.802750    0.368370    0.356281    0.356281    0.382054    2.000000    0.001852    0.000000    4.822241    0.303000    0.000000    0.000000    1.422939    1.388059    0.957399    1.811231    1.770907    -0.000399   0.024056    0.832003    73.429409  
[37m[36mINFO[0m[0m 08/31 20:14:53 | 0.962014    0.954064    0.000000    0.863346    0.395094    0.962014    0.954064    0.811676    0.915556    0.862805    300         4.517647    4.883941    1.739782    0.352833    0.345284    0.345284    0.374188    2.000000    0.001163    0.000000    4.765645    0.503000    0.000000    0.000000    1.477596    1.439211    0.960889    1.910677    1.870142    -0.000660   0.015236    0.875006    46.381914  
[37m[36mINFO[0m[0m 08/31 20:17:06 | 0.925795    0.939929    0.000000    0.850427    0.392077    0.925795    0.939929    0.798493    0.903704    0.849085    400         6.023529    5.707406    1.669493    0.338985    0.331693    0.331693    0.361697    2.000000    0.000747    0.000000    4.717136    0.703000    0.000000    0.000000    1.525944    1.487044    0.963885    1.993538    1.952429    -0.000605   0.009889    0.849701    47.863410  
[37m[36mINFO[0m[0m 08/31 20:19:16 | 0.895760    0.876325    0.000000    0.856871    0.408027    0.895760    0.876325    0.796610    0.908148    0.865854    500         7.529412    6.557829    1.624254    0.330647    0.322742    0.322742    0.355758    2.000000    0.000528    0.000000    4.677008    0.902980    0.000000    0.000000    1.551955    1.513076    0.965398    2.040340    1.996062    0.000089    0.007240    0.827161    47.193290  
[37m[36mINFO[0m[0m 08/31 20:21:26 | 0.954064    0.950530    0.000000    0.849221    0.409286    0.954064    0.950530    0.789077    0.914074    0.844512    600         9.035294    7.010984    1.637629    0.341079    0.323634    0.323634    0.358666    2.000000    0.000403    0.000000    4.656022    1.000000    0.000000    0.000000    1.593853    1.558595    0.966905    2.106357    2.060889    -0.000429   0.002208    0.830180    46.893509  
[37m[36mINFO[0m[0m 08/31 20:23:39 | 0.847173    0.819788    0.000000    0.842457    0.438761    0.847173    0.819788    0.783427    0.893333    0.850610    700         10.541176   6.912298    1.552615    0.325765    0.306344    0.306344    0.353947    2.000000    0.000295    0.000000    4.651789    1.000000    0.000000    0.000000    1.634462    1.597010    0.968427    2.159824    2.113467    -0.000133   0.000145    0.848393    47.881439  
[37m[36mINFO[0m[0m 08/31 20:25:49 | 0.968198    0.968198    0.000000    0.848675    0.408882    0.968198    0.968198    0.817326    0.893333    0.835366    800         12.047059   6.781617    1.493401    0.304778    0.296857    0.296857    0.335208    2.000000    0.000239    0.000000    4.617801    1.000000    0.000000    0.000000    1.656027    1.619942    0.969098    2.213668    2.167255    -0.000018   -0.001259   0.831533    47.577868  
[37m[36mINFO[0m[0m 08/31 20:28:02 | 0.919611    0.901060    0.000000    0.854766    0.389701    0.919611    0.901060    0.804143    0.912593    0.847561    900         13.552941   6.899464    1.559309    0.318927    0.309869    0.309869    0.351459    2.000000    0.000182    0.000000    4.637236    1.000000    0.000000    0.000000    1.705932    1.668113    0.970324    2.283052    2.233880    -0.000065   -0.001893   0.829266    49.526416  
[37m[36mINFO[0m[0m 08/31 20:30:15 | 0.963781    0.968198    0.000000    0.844774    0.423854    0.963781    0.968198    0.811676    0.891852    0.830793    1000        15.058824   6.707678    1.427605    0.294734    0.283028    0.283028    0.330944    2.000000    0.000152    0.000000    4.618186    1.000000    0.000000    0.000000    1.719433    1.682071    0.970559    2.343071    2.294475    -0.000271   -0.002330   0.837745    48.929425  
[37m[36mINFO[0m[0m 08/31 20:32:25 | 0.953180    0.954064    0.000000    0.854956    0.399419    0.953180    0.954064    0.813559    0.902222    0.849085    1100        16.564706   6.805312    1.511984    0.313723    0.299410    0.299410    0.339800    2.000000    0.000124    0.000000    4.613729    1.000000    0.000000    0.000000    1.768729    1.730210    0.971825    2.400308    2.347588    -0.000670   -0.003871   0.826738    47.643882  
[37m[36mINFO[0m[0m 08/31 20:34:36 | 0.917845    0.897527    0.000000    0.857022    0.391578    0.917845    0.897527    0.815443    0.911111    0.844512    1200        18.070588   6.693851    1.431090    0.296612    0.283478    0.283478    0.331091    2.000000    0.000113    0.000000    4.600580    1.000000    0.000000    0.000000    1.787171    1.754316    0.971757    2.452499    2.400330    0.000120    -0.003902   0.829258    48.013333  
[37m[36mINFO[0m[0m 08/31 20:36:47 | 0.836572    0.823322    0.000000    0.844431    0.417484    0.836572    0.823322    0.790960    0.896296    0.846037    1300        19.576471   6.719295    1.448556    0.299105    0.287248    0.287248    0.331215    2.000000    0.000092    0.000000    4.608310    1.000000    0.000000    0.000000    1.799809    1.761511    0.972326    2.558291    2.505194    -0.000486   -0.004964   0.830408    48.205594  
[37m[36mINFO[0m[0m 08/31 20:38:58 | 0.928445    0.918728    0.000000    0.843341    0.443608    0.928445    0.918728    0.806026    0.897778    0.826220    1400        21.082353   6.808294    1.500900    0.309516    0.297746    0.297746    0.348674    2.000000    0.000080    0.000000    4.610045    1.000000    0.000000    0.000000    1.849164    1.818728    0.973359    2.625444    2.571358    -0.000464   -0.005144   0.847669    46.526045  
[37m[36mINFO[0m[0m 08/31 20:41:09 | 0.924912    0.915194    0.000000    0.851027    0.398186    0.924912    0.915194    0.800377    0.906667    0.846037    1500        22.588235   6.758974    1.457020    0.297032    0.289908    0.289908    0.340409    2.000000    0.000071    0.000000    4.621135    1.000000    0.000000    0.000000    1.853124    1.829668    0.973425    2.666862    2.612092    -0.000026   -0.004589   0.839092    46.974151  
[37m[36mINFO[0m[0m 08/31 20:43:20 | 0.935512    0.929329    0.000000    0.851066    0.426159    0.935512    0.929329    0.822976    0.893333    0.836890    1600        24.094118   6.683765    1.424504    0.294331    0.282457    0.282457    0.335888    2.000000    0.000069    0.000000    4.587484    1.000000    0.000000    0.000000    1.890145    1.863200    0.973725    2.739348    2.685843    -0.000362   -0.004638   0.835829    47.121966  
[37m[36mINFO[0m[0m 08/31 20:45:34 | 0.920495    0.911661    0.000000    0.851625    0.409815    0.920495    0.911661    0.809793    0.906667    0.838415    1700        25.600000   6.724102    1.442345    0.298458    0.285899    0.285899    0.339021    2.000000    0.000058    0.000000    4.603714    1.000000    0.000000    0.000000    1.907854    1.876182    0.973576    2.829379    2.769839    -0.000363   -0.004377   0.851444    48.422209  
[37m[36mINFO[0m[0m 08/31 20:47:46 | 0.879859    0.844523    0.000000    0.857530    0.418038    0.879859    0.844523    0.815443    0.911111    0.846037    1800        27.105882   6.659522    1.388250    0.287064    0.275233    0.275233    0.332869    2.000000    0.000051    0.000000    4.605532    1.000000    0.000000    0.000000    1.953287    1.928920    0.974384    2.886748    2.830798    -0.000088   -0.004853   0.826672    49.443325  
[37m[36mINFO[0m[0m 08/31 20:49:57 | 0.900177    0.872792    0.000000    0.857246    0.421940    0.900177    0.872792    0.826742    0.909630    0.835366    1900        28.611765   6.759509    1.463130    0.300179    0.290678    0.290678    0.340371    2.000000    0.000048    0.000000    4.615637    1.000000    0.000000    0.000000    1.970551    1.947864    0.974240    2.942031    2.883733    -0.000376   -0.004588   0.824347    48.594310  
[37m[36mINFO[0m[0m 08/31 20:52:11 | 0.795936    0.770318    0.000000    0.840020    0.440421    0.795936    0.770318    0.792844    0.891852    0.835366    2000        30.117647   6.587318    1.364760    0.277544    0.271749    0.271749    0.319980    2.000000    0.000044    0.000000    4.582598    1.000000    0.000000    0.000000    1.996078    1.975732    0.975019    3.035960    2.974175    -0.000186   -0.004165   0.851838    48.842042  
[37m[36mINFO[0m[0m 08/31 20:54:21 | 0.895760    0.869258    0.000000    0.847032    0.420036    0.895760    0.869258    0.807910    0.896296    0.836890    2100        31.623529   6.623940    1.379098    0.280231    0.274663    0.274663    0.329779    2.000000    0.000043    0.000000    4.585283    1.000000    0.000000    0.000000    2.002163    1.988105    0.974249    3.153027    3.089747    -0.000297   -0.004581   0.825006    47.511156  
[37m[36mINFO[0m[0m 08/31 20:56:31 | 0.886926    0.858657    0.000000    0.850488    0.427007    0.886926    0.858657    0.815443    0.903704    0.832317    2200        33.129412   6.638878    1.382560    0.281366    0.275253    0.275253    0.331476    2.000000    0.000037    0.000000    4.593368    1.000000    0.000000    0.000000    2.022207    2.002692    0.974413    3.235002    3.170951    -0.000438   -0.003750   0.828565    46.779396  
[37m[36mINFO[0m[0m 08/31 20:58:44 | 0.890459    0.872792    0.000000    0.852013    0.414702    0.890459    0.872792    0.807910    0.906667    0.841463    2300        34.635294   6.566331    1.352897    0.279627    0.268273    0.268273    0.320919    2.000000    0.000035    0.000000    4.571595    1.000000    0.000000    0.000000    2.046250    2.029329    0.974365    3.279420    3.216220    0.000271    -0.003258   0.850111    48.284816  
[37m[36mINFO[0m[0m 08/31 21:00:54 | 0.901060    0.872792    0.000000    0.847858    0.414506    0.901060    0.872792    0.798493    0.906667    0.838415    2400        36.141176   6.629163    1.379517    0.281002    0.274592    0.274592    0.328979    2.000000    0.000029    0.000000    4.591688    1.000000    0.000000    0.000000    2.098497    2.082674    0.975498    3.338071    3.274230    -0.000487   -0.003618   0.825629    47.158854  
[37m[36mINFO[0m[0m 08/31 21:03:05 | 0.933746    0.936396    0.000000    0.847629    0.501496    0.933746    0.936396    0.824859    0.893333    0.824695    2500        37.647059   6.505428    1.295947    0.265191    0.257650    0.257650    0.319884    2.000000    0.000031    0.000000    4.569714    1.000000    0.000000    0.000000    2.096242    2.076641    0.975329    3.407655    3.341746    0.000053    -0.002638   0.837433    47.387144  
[37m[36mINFO[0m[0m 08/31 21:05:19 | 0.877208    0.872792    0.000000    0.849621    0.437691    0.877208    0.872792    0.809793    0.903704    0.835366    2600        39.152941   6.577880    1.343395    0.274770    0.267122    0.267122    0.323247    2.000000    0.000028    0.000000    4.587990    1.000000    0.000000    0.000000    2.122864    2.103816    0.975073    3.478956    3.409377    -0.000232   -0.002662   0.842619    49.776764  
[37m[36mINFO[0m[0m 08/31 21:07:32 | 0.864841    0.844523    0.000000    0.844791    0.442162    0.864841    0.844523    0.789077    0.899259    0.846037    2700        40.658824   6.577409    1.353538    0.274170    0.269811    0.269811    0.323590    2.000000    0.000025    0.000000    4.576692    1.000000    0.000000    0.000000    2.145709    2.135097    0.975558    3.550397    3.478445    -0.000513   -0.003111   0.836319    48.940163  
[37m[36mINFO[0m[0m 08/31 21:09:36 | 0.878975    0.883392    0.000000    0.837792    0.448705    0.878975    0.883392    0.789077    0.887407    0.836890    2800        42.164706   6.533004    1.327379    0.273573    0.263420    0.263420    0.320502    2.000000    0.000025    0.000000    4.564621    1.000000    0.000000    0.000000    2.166878    2.153700    0.975589    3.630886    3.562711    -0.000269   -0.002926   0.759525    48.470218  
[37m[36mINFO[0m[0m 08/31 21:11:46 | 0.901060    0.876325    0.000000    0.853564    0.439645    0.901060    0.876325    0.822976    0.897778    0.839939    2900        43.670588   6.577543    1.342461    0.276734    0.266403    0.266403    0.328734    2.000000    0.000023    0.000000    4.577613    1.000000    0.000000    0.000000    2.194805    2.192974    0.976141    3.708180    3.637401    -0.000092   -0.002650   0.824378    47.606392  
[37m[36mINFO[0m[0m 08/31 21:13:57 | 0.924028    0.908127    0.000000    0.856259    0.431579    0.924028    0.908127    0.819209    0.909630    0.839939    3000        45.176471   6.465314    1.285984    0.265105    0.255187    0.255187    0.305436    2.000000    0.000026    0.000000    4.568459    1.000000    0.000000    0.000000    2.198769    2.203808    0.975759    3.743154    3.675303    -0.000172   -0.002411   0.831435    47.386168  
[37m[36mINFO[0m[0m 08/31 21:16:06 | 0.783569    0.773852    0.000000    0.833186    0.462194    0.783569    0.773852    0.779661    0.881481    0.838415    3100        46.682353   6.603195    1.364112    0.281051    0.270737    0.270737    0.327172    2.000000    0.000023    0.000000    4.584738    1.000000    0.000000    0.000000    2.251887    2.253108    0.976577    3.823879    3.754238    0.000003    -0.002504   0.827272    46.804331  
[37m[36mINFO[0m[0m 08/31 21:18:20 | 0.864841    0.848057    0.000000    0.845687    0.448618    0.864841    0.848057    0.794727    0.896296    0.846037    3200        48.188235   6.523541    1.311712    0.272540    0.259767    0.259767    0.314634    2.000000    0.000021    0.000000    4.582561    1.000000    0.000000    0.000000    2.259523    2.262033    0.976456    3.922820    3.855763    -0.000261   -0.002792   0.869825    46.368133  
[37m[36mINFO[0m[0m 08/31 21:20:30 | 0.909894    0.901060    0.000000    0.845839    0.437462    0.909894    0.901060    0.806026    0.902222    0.829268    3300        49.694118   6.546969    1.326168    0.270656    0.263852    0.263852    0.324243    2.000000    0.000020    0.000000    4.572314    1.000000    0.000000    0.000000    2.270186    2.262695    0.975908    3.984356    3.910669    -0.000039   -0.002355   0.824826    47.995442  
[37m[36mINFO[0m[0m 08/31 21:22:41 | 0.901943    0.886926    0.000000    0.846752    0.443092    0.901943    0.886926    0.789077    0.906667    0.844512    3400        51.200000   6.594267    1.350045    0.274254    0.268924    0.268924    0.330408    2.000000    0.000019    0.000000    4.583406    1.000000    0.000000    0.000000    2.310055    2.312288    0.976731    4.091060    4.022452    -0.000212   -0.002490   0.833580    47.931238  
[37m[36mINFO[0m[0m 08/31 21:24:56 | 0.896643    0.865724    0.000000    0.850308    0.424946    0.896643    0.865724    0.796610    0.903704    0.850610    3500        52.705882   6.531726    1.325167    0.273456    0.262904    0.262904    0.314430    2.000000    0.000019    0.000000    4.577698    1.000000    0.000000    0.000000    2.296366    2.303586    0.976437    4.205118    4.134794    -0.000036   -0.002017   0.855884    49.001121  
[37m[36mINFO[0m[0m 08/31 21:27:07 | 0.858657    0.826855    0.000000    0.849674    0.429413    0.858657    0.826855    0.800377    0.888889    0.859756    3600        54.211765   6.575203    1.333696    0.276173    0.264359    0.264359    0.328971    2.000000    0.000017    0.000000    4.583566    1.000000    0.000000    0.000000    2.306903    2.307735    0.975714    4.266147    4.191257    -0.000303   -0.002232   0.825699    48.338570  
[37m[36mINFO[0m[0m 08/31 21:29:19 | 0.914311    0.904594    0.000000    0.852535    0.443415    0.914311    0.904594    0.815443    0.902222    0.839939    3700        55.717647   6.595712    1.359510    0.276740    0.270672    0.270672    0.326821    2.000000    0.000016    0.000000    4.582559    1.000000    0.000000    0.000000    2.377034    2.376557    0.977121    4.332014    4.255966    -0.000163   -0.001814   0.833815    48.380102  
[37m[36mINFO[0m[0m 08/31 21:31:30 | 0.818021    0.802120    0.000000    0.842652    0.447128    0.818021    0.802120    0.794727    0.894815    0.838415    3800        57.223529   6.520669    1.319241    0.267487    0.262919    0.262919    0.315969    2.000000    0.000016    0.000000    4.569490    1.000000    0.000000    0.000000    2.364960    2.356384    0.976289    4.400077    4.318910    -0.000223   -0.001585   0.828413    47.880858  
[37m[36mINFO[0m[0m 08/31 21:33:41 | 0.856890    0.819788    0.000000    0.837438    0.461853    0.856890    0.819788    0.785311    0.899259    0.827744    3900        58.729412   6.431840    1.271235    0.256927    0.253560    0.253560    0.305045    2.000000    0.000013    0.000000    4.550515    1.000000    0.000000    0.000000    2.376868    2.374860    0.976446    4.507505    4.433691    0.000016    -0.001438   0.849661    46.270873  
[37m[36mINFO[0m[0m 08/31 21:35:51 | 0.821555    0.798587    0.000000    0.845193    0.450375    0.821555    0.798587    0.794727    0.894815    0.846037    4000        60.235294   6.577300    1.345572    0.277224    0.267071    0.267071    0.325362    2.000000    0.000013    0.000000    4.581003    1.000000    0.000000    0.000000    2.395750    2.386955    0.976191    4.583482    4.499088    -0.000125   -0.001329   0.836075    46.775254  
[37m[36mINFO[0m[0m 08/31 21:38:04 | 0.937279    0.922261    0.000000    0.846704    0.469225    0.937279    0.922261    0.826742    0.896296    0.817073    4100        61.741176   6.524265    1.293571    0.262619    0.257721    0.257721    0.328892    2.000000    0.000014    0.000000    4.572911    1.000000    0.000000    0.000000    2.441173    2.443134    0.977220    4.647840    4.569972    -0.000026   -0.001538   0.831803    50.069821  
[37m[36mINFO[0m[0m 08/31 21:40:24 | 0.866608    0.837456    0.000000    0.843665    0.442086    0.866608    0.837456    0.817326    0.885926    0.827744    4200        63.247059   6.529625    1.313979    0.265412    0.262125    0.262125    0.318816    2.000000    0.000013    0.000000    4.578015    1.000000    0.000000    0.000000    2.470431    2.479566    0.977373    4.694823    4.621041    0.000018    -0.001241   0.854837    54.167528  
[37m[36mINFO[0m[0m 08/31 21:42:44 | 0.931095    0.908127    0.000000    0.844928    0.491537    0.931095    0.908127    0.807910    0.903704    0.823171    4300        64.752941   6.543090    1.313213    0.265341    0.261952    0.261952    0.324184    2.000000    0.000013    0.000000    4.581510    1.000000    0.000000    0.000000    2.479310    2.482552    0.976775    4.769560    4.687373    -0.000191   -0.001663   0.895002    50.191802  
[37m[36mINFO[0m[0m 08/31 21:44:59 | 0.886926    0.855124    0.000000    0.840019    0.431670    0.886926    0.855124    0.800377    0.888889    0.830793    4400        66.258824   6.486885    1.278313    0.260685    0.254388    0.254388    0.316114    2.000000    0.000015    0.000000    4.576343    1.000000    0.000000    0.000000    2.443895    2.452575    0.975768    4.867334    4.785510    -0.000270   -0.001942   0.834418    50.902640  
[37m[36mINFO[0m[0m 08/31 21:48:00 | 0.825972    0.791519    0.000000    0.848020    0.449028    0.825972    0.791519    0.807910    0.899259    0.836890    4500        67.764706   6.603130    1.362812    0.277375    0.271343    0.271343    0.326696    2.000000    0.000013    0.000000    4.586926    1.000000    0.000000    0.000000    2.531018    2.537724    0.977691    4.917349    4.832849    -0.000162   -0.001822   1.325545    48.544513  
[37m[36mINFO[0m[0m 08/31 21:50:13 | 0.863958    0.826855    0.000000    0.846285    0.457040    0.863958    0.826855    0.804143    0.896296    0.838415    4600        69.270588   6.531644    1.304682    0.264366    0.260065    0.260065    0.324102    2.000000    0.000011    0.000000    4.578757    1.000000    0.000000    0.000000    2.522309    2.532101    0.976841    4.990918    4.912712    -0.000120   -0.001476   0.847513    48.156456  
[37m[36mINFO[0m[0m 08/31 21:52:24 | 0.901943    0.869258    0.000000    0.852851    0.467338    0.901943    0.869258    0.821092    0.906667    0.830793    4700        70.776471   6.539109    1.308219    0.263078    0.261271    0.261271    0.325961    2.000000    0.000011    0.000000    4.578969    1.000000    0.000000    0.000000    2.540548    2.547346    0.977038    5.183901    5.098101    -0.000072   -0.001390   0.831611    47.770926  
[37m[36mINFO[0m[0m 08/31 21:54:36 | 0.769435    0.745583    0.000000    0.842850    0.467751    0.769435    0.745583    0.790960    0.902222    0.835366    4800        72.282353   6.562229    1.320638    0.270143    0.262610    0.262610    0.324988    2.000000    0.000011    0.000000    4.591615    1.000000    0.000000    0.000000    2.516245    2.528447    0.976292    5.250640    5.164271    -0.000365   -0.001804   0.837019    48.577093  
[37m[36mINFO[0m[0m 08/31 21:56:48 | 0.850707    0.823322    0.000000    0.854671    0.443497    0.850707    0.823322    0.824859    0.900741    0.838415    4900        73.788235   6.590889    1.334393    0.269311    0.266254    0.266254    0.334512    2.000000    0.000013    0.000000    4.587473    1.000000    0.000000    0.000000    2.560545    2.583402    0.976817    5.325207    5.245835    0.000283    -0.001311   0.824503    49.292123  
[37m[36mINFO[0m[0m 08/31 21:59:03 | 0.944346    0.939929    0.000000    0.843877    0.470200    0.944346    0.939929    0.813559    0.891852    0.826220    5000        75.294118   6.549496    1.315511    0.270781    0.261166    0.261166    0.325674    2.000000    0.000014    0.000000    4.582637    1.000000    0.000000    0.000000    2.583333    2.604349    0.976896    5.387625    5.302806    -0.000158   -0.001528   0.856204    49.290257  
[37m[36mINFO[0m[0m 08/31 21:59:03 | ---
[37m[36mINFO[0m[0m 08/31 21:59:03 | oracle = 99.117%
[37m[36mINFO[0m[0m 08/31 21:59:03 | iid = 96.201%
[37m[36mINFO[0m[0m 08/31 21:59:03 | last = 94.435%
[37m[36mINFO[0m[0m 08/31 21:59:03 | last (inD) = 84.388%
[37m[36mINFO[0m[0m 08/31 21:59:03 | iid (inD) = 86.335%
[37m[36mINFO[0m[0m 08/31 21:59:03 | 
[37m[36mINFO[0m[0m 08/31 22:00:19 | Testenv name escaping te_LABELME -> te_LABELME
[37m[36mINFO[0m[0m 08/31 22:00:19 | Test envs = [1], name = te_LABELME
[37m[36mINFO[0m[0m 08/31 22:00:19 | Batch sizes for each domain: [32, 0, 32, 32] (total=96)
[37m[36mINFO[0m[0m 08/31 22:00:19 | steps-per-epoch for each domain: 35.38, 84.41, 82.06 -> min = 35.38
[37m[36mINFO[0m[0m 08/31 22:00:42 | # of params = 151206401
[37m[36mINFO[0m[0m 08/31 22:02:20 | test_in     test_out    train_in    train_out   tr_outloss  env0_out    env1_in     env1_out    env2_out    env3_out    step        epoch       total_loss  cipt_base_  cipt_cls_l  cipt_de_lo  cipt_de_or  cipt_de_au  aug_decomp  cipt_ind_l  causal_con  dccl_contr  contrastiv  pre_cl_los  reg_loss    mean_e_nor  mean_e_aug  mean_e_aug  mean_s_nor  mean_s_aug  mean_es_co  mean_e_aug  step_time   eval_time  
[37m[36mINFO[0m[0m 08/31 22:02:20 | 0.540706    0.561205    0.000000    0.649550    1.106411    0.802120    0.540706    0.561205    0.730370    0.416159    0           0.000000    14.972672   11.193399   0.793036    1.975091    1.975091    1.884346    2.000000    0.500000    0.000000    5.290231    0.002000    0.000000    0.000000    1.000000    1.000000    0.923708    1.000000    1.000000    1.000000    1.000000    0.872457    96.577857  
[37m[36mINFO[0m[0m 08/31 22:05:04 | 0.613176    0.593220    0.000000    0.921732    0.234657    0.992933    0.613176    0.593220    0.915556    0.856707    100         2.826855    2.532721    1.546529    0.254690    0.245561    0.245561    0.255566    2.000000    0.061919    0.000000    4.683488    0.103000    0.000000    0.000000    1.296050    1.277923    0.947441    1.448302    1.434947    0.164949    0.191882    0.828807    81.120793  
[37m[36mINFO[0m[0m 08/31 22:07:51 | 0.662588    0.653484    0.000000    0.925987    0.225114    0.996466    0.662588    0.653484    0.912593    0.868902    200         5.653710    2.568735    0.837471    0.166915    0.164611    0.164611    0.184181    2.000000    0.002422    0.000000    4.504641    0.303000    0.000000    0.000000    1.359159    1.332674    0.953248    1.641146    1.622249    0.001452    0.029017    0.826090    85.077770  
[37m[36mINFO[0m[0m 08/31 22:10:40 | 0.712471    0.711864    0.000000    0.917724    0.229720    0.992933    0.712471    0.711864    0.909630    0.850610    300         8.480565    3.399140    0.813780    0.165509    0.160130    0.160130    0.179376    2.000000    0.001550    0.000000    4.427558    0.503000    0.000000    0.000000    1.400078    1.374673    0.956458    1.703835    1.687318    0.001696    0.022616    0.857116    82.959236  
[37m[36mINFO[0m[0m 08/31 22:13:30 | 0.677176    0.687382    0.000000    0.923256    0.219275    0.992933    0.677176    0.687382    0.915556    0.861280    400         11.307420   4.134812    0.732582    0.150755    0.144158    0.144158    0.166100    2.000000    0.001039    0.000000    4.368198    0.703000    0.000000    0.000000    1.446959    1.419105    0.959433    1.761728    1.745232    -0.000228   0.015882    0.828381    87.197043  
[37m[36mINFO[0m[0m 08/31 22:17:26 | 0.640471    0.627119    0.000000    0.929340    0.212792    0.992933    0.640471    0.627119    0.917037    0.878049    500         14.134276   4.904112    0.677667    0.140030    0.133491    0.133491    0.157010    2.000000    0.000735    0.000000    4.332107    0.902980    0.000000    0.000000    1.495814    1.470215    0.962858    1.811033    1.796227    -0.000175   0.010573    0.815564    154.059414 
[37m[36mINFO[0m[0m 08/31 22:20:09 | 0.625412    0.608286    0.000000    0.924914    0.218917    0.996466    0.625412    0.608286    0.918519    0.859756    600         16.961131   5.350677    0.702325    0.144600    0.138812    0.138812    0.164607    2.000000    0.000496    0.000000    4.319138    1.000000    0.000000    0.000000    1.562805    1.536896    0.966177    1.858985    1.846778    0.000260    0.006614    0.827636    80.969902  
[37m[36mINFO[0m[0m 08/31 22:23:02 | 0.683294    0.691149    0.000000    0.924477    0.235147    0.996466    0.683294    0.691149    0.911111    0.865854    700         19.787986   5.235950    0.630797    0.131104    0.124460    0.124460    0.155055    2.000000    0.000370    0.000000    4.295044    1.000000    0.000000    0.000000    1.595155    1.562330    0.966487    1.901585    1.888737    0.000176    0.005455    0.853193    86.793660  
[37m[36mINFO[0m[0m 08/31 22:25:43 | 0.663059    0.668550    0.000000    0.923912    0.223915    0.996466    0.663059    0.668550    0.917037    0.858232    800         22.614841   5.238097    0.628845    0.128462    0.124725    0.124725    0.158139    2.000000    0.000297    0.000000    4.292974    1.000000    0.000000    0.000000    1.616432    1.596856    0.968301    1.927832    1.917707    -0.000463   0.001592    0.835437    78.271122  
[37m[36mINFO[0m[0m 08/31 22:28:32 | 0.640471    0.640301    0.000000    0.927440    0.230096    0.996466    0.640471    0.640301    0.920000    0.865854    900         25.441696   5.250210    0.656008    0.136119    0.129652    0.129652    0.158039    2.000000    0.000256    0.000000    4.278125    1.000000    0.000000    0.000000    1.655937    1.635129    0.969187    1.967012    1.955088    0.000291    0.001977    0.841187    83.960801  
[37m[36mINFO[0m[0m 08/31 22:31:30 | 0.635765    0.638418    0.000000    0.926092    0.247834    1.000000    0.635765    0.638418    0.918519    0.859756    1000        28.268551   5.178869    0.600115    0.122941    0.119044    0.119044    0.154724    2.000000    0.000199    0.000000    4.269306    1.000000    0.000000    0.000000    1.689230    1.673473    0.970238    2.017858    2.009072    -0.000166   0.000050    0.854821    92.460817  
[37m[36mINFO[0m[0m 08/31 22:34:18 | 0.639529    0.638418    0.000000    0.926975    0.234484    0.996466    0.639529    0.638418    0.915556    0.868902    1100        31.095406   5.266197    0.656547    0.135784    0.129952    0.129952    0.158743    2.000000    0.000191    0.000000    4.292164    1.000000    0.000000    0.000000    1.707351    1.690716    0.970644    2.061832    2.048327    -0.000511   -0.000105   0.829739    85.476808  
[37m[36mINFO[0m[0m 08/31 22:36:59 | 0.656941    0.659134    0.000000    0.923955    0.217199    0.996466    0.656941    0.659134    0.912593    0.862805    1200        33.922261   5.235494    0.633061    0.134357    0.124480    0.124480    0.156887    2.000000    0.000157    0.000000    4.288658    1.000000    0.000000    0.000000    1.749170    1.729188    0.971233    2.112144    2.101061    -0.001004   -0.001161   0.824201    78.326458  
[37m[36mINFO[0m[0m 08/31 22:39:40 | 0.638588    0.630885    0.000000    0.924914    0.238474    0.996466    0.638588    0.630885    0.918519    0.859756    1300        36.749117   5.140932    0.586577    0.125567    0.115086    0.115086    0.146482    2.000000    0.000133    0.000000    4.261392    1.000000    0.000000    0.000000    1.789709    1.772056    0.972602    2.165291    2.156905    0.000602    0.000241    0.819650    79.339266  
[37m[36mINFO[0m[0m 08/31 22:42:22 | 0.647059    0.644068    0.000000    0.930607    0.228619    1.000000    0.647059    0.644068    0.924444    0.867378    1400        39.575972   5.100787    0.555383    0.115594    0.109799    0.109799    0.144183    2.000000    0.000119    0.000000    4.257037    1.000000    0.000000    0.000000    1.814063    1.794710    0.972415    2.200378    2.189185    -0.000948   -0.001119   0.852341    77.055017  
[37m[36mINFO[0m[0m 08/31 22:45:03 | 0.624941    0.619586    0.000000    0.923418    0.224785    0.996466    0.624941    0.619586    0.915556    0.858232    1500        42.402827   5.148192    0.582817    0.124049    0.114572    0.114572    0.152472    2.000000    0.000096    0.000000    4.260430    1.000000    0.000000    0.000000    1.845586    1.832865    0.973005    2.261724    2.250426    -0.000649   -0.001587   0.827408    78.076012  
[37m[36mINFO[0m[0m 08/31 22:47:53 | 0.614118    0.596987    0.000000    0.918380    0.256856    0.996466    0.614118    0.596987    0.911111    0.847561    1600        45.229682   5.129503    0.577676    0.121302    0.113976    0.113976    0.145773    2.000000    0.000094    0.000000    4.260283    1.000000    0.000000    0.000000    1.881860    1.871674    0.973940    2.312502    2.304851    -0.000328   -0.001523   0.822504    87.268516  
[37m[36mINFO[0m[0m 08/31 22:50:34 | 0.649412    0.647834    0.000000    0.922416    0.241317    0.996466    0.649412    0.647834    0.914074    0.856707    1700        48.056537   5.072824    0.529743    0.110700    0.104659    0.104659    0.143900    2.000000    0.000082    0.000000    4.255282    1.000000    0.000000    0.000000    1.897859    1.894810    0.974408    2.358997    2.350154    0.000303    -0.001318   0.846997    76.506597  
[37m[36mINFO[0m[0m 08/31 22:53:15 | 0.651765    0.657250    0.000000    0.914923    0.252440    0.996466    0.651765    0.657250    0.900741    0.847561    1800        50.883392   5.131118    0.575000    0.122474    0.113039    0.113039    0.146025    2.000000    0.000074    0.000000    4.264068    1.000000    0.000000    0.000000    1.920798    1.916323    0.974850    2.426711    2.415955    -0.000495   -0.002159   0.833024    77.540617  
[37m[36mINFO[0m[0m 08/31 22:55:56 | 0.661176    0.666667    0.000000    0.924624    0.247650    1.000000    0.661176    0.666667    0.912593    0.861280    1900        53.710247   5.058679    0.521726    0.110773    0.102662    0.102662    0.143575    2.000000    0.000061    0.000000    4.249802    1.000000    0.000000    0.000000    1.955928    1.951988    0.975000    2.475175    2.467887    -0.000895   -0.002428   0.826075    78.926022  
[37m[36mINFO[0m[0m 08/31 22:58:39 | 0.670588    0.668550    0.000000    0.923594    0.250381    1.000000    0.670588    0.668550    0.914074    0.856707    2000        56.537102   5.088271    0.533875    0.109299    0.106065    0.106065    0.146845    2.000000    0.000063    0.000000    4.260705    1.000000    0.000000    0.000000    1.977211    1.980050    0.975342    2.553423    2.548565    -0.000521   -0.002940   0.852847    76.736859  
[37m[36mINFO[0m[0m 08/31 23:01:23 | 0.639059    0.649718    0.000000    0.929458    0.264203    0.996466    0.639059    0.649718    0.921481    0.870427    2100        59.363958   5.028555    0.514420    0.109852    0.101070    0.101070    0.137760    2.000000    0.000057    0.000000    4.238614    1.000000    0.000000    0.000000    2.004797    1.999793    0.975398    2.629740    2.623140    -0.000582   -0.003184   0.832672    81.063139  
[37m[36mINFO[0m[0m 08/31 23:04:05 | 0.636706    0.634652    0.000000    0.925598    0.252074    1.000000    0.636706    0.634652    0.917037    0.859756    2200        62.190813   5.072308    0.543729    0.114939    0.107130    0.107130    0.145531    2.000000    0.000054    0.000000    4.237516    1.000000    0.000000    0.000000    2.047415    2.043108    0.975851    2.662725    2.657073    -0.000545   -0.002724   0.833423    78.828965  
[37m[36mINFO[0m[0m 08/31 23:06:47 | 0.599529    0.585687    0.000000    0.929083    0.249715    1.000000    0.599529    0.585687    0.924444    0.862805    2300        65.017668   5.018968    0.511871    0.103900    0.101931    0.101931    0.134592    2.000000    0.000049    0.000000    4.237914    1.000000    0.000000    0.000000    2.060150    2.057996    0.975648    2.704545    2.701985    -0.000131   -0.002004   0.851944    77.128139  
[37m[36mINFO[0m[0m 08/31 23:09:29 | 0.629176    0.613936    0.000000    0.925118    0.254577    1.000000    0.629176    0.613936    0.914074    0.861280    2400        67.844523   5.046002    0.514428    0.108015    0.101549    0.101549    0.143930    2.000000    0.000044    0.000000    4.243715    1.000000    0.000000    0.000000    2.075695    2.080803    0.975968    2.803635    2.796012    -0.000785   -0.003220   0.840419    77.383010  
[37m[36mINFO[0m[0m 08/31 23:12:06 | 0.641412    0.642185    0.000000    0.924116    0.252631    1.000000    0.641412    0.642185    0.912593    0.859756    2500        70.671378   5.008208    0.500024    0.104092    0.098927    0.098927    0.134503    2.000000    0.000045    0.000000    4.239177    1.000000    0.000000    0.000000    2.107580    2.115895    0.976543    2.901504    2.897951    -0.000404   -0.002535   0.826674    74.631243  
[37m[36mINFO[0m[0m 08/31 23:14:49 | 0.652706    0.651601    0.000000    0.928632    0.259673    1.000000    0.652706    0.651601    0.918519    0.867378    2600        73.498233   4.941841    0.467421    0.099170    0.092018    0.092018    0.127997    2.000000    0.000036    0.000000    4.218426    1.000000    0.000000    0.000000    2.122167    2.127539    0.976363    2.972209    2.969294    -0.000116   -0.001655   0.846413    77.658237  
[37m[36mINFO[0m[0m 08/31 23:17:31 | 0.666824    0.670433    0.000000    0.919586    0.280036    1.000000    0.666824    0.670433    0.908148    0.850610    2700        76.325088   5.051160    0.519055    0.111420    0.101870    0.101870    0.142602    2.000000    0.000031    0.000000    4.246900    1.000000    0.000000    0.000000    2.150564    2.162905    0.976698    2.994518    2.991996    -0.000353   -0.001803   0.827301    79.777483  
[37m[36mINFO[0m[0m 08/31 23:20:09 | 0.634824    0.629002    0.000000    0.926120    0.253695    1.000000    0.634824    0.629002    0.915556    0.862805    2800        79.151943   5.073807    0.523742    0.107874    0.103923    0.103923    0.146829    2.000000    0.000036    0.000000    4.256406    1.000000    0.000000    0.000000    2.186097    2.194823    0.977490    3.056320    3.049948    -0.000636   -0.002076   0.825135    75.263619  
[37m[36mINFO[0m[0m 08/31 23:22:50 | 0.600000    0.589454    0.000000    0.926557    0.272479    1.000000    0.600000    0.589454    0.922963    0.856707    2900        81.978799   5.056124    0.519958    0.106961    0.103211    0.103211    0.147321    2.000000    0.000031    0.000000    4.241524    1.000000    0.000000    0.000000    2.225138    2.244172    0.977474    3.110051    3.105477    -0.000506   -0.002221   0.843518    76.705280  
[37m[36mINFO[0m[0m 08/31 23:25:30 | 0.633882    0.638418    0.000000    0.922084    0.255454    1.000000    0.633882    0.638418    0.912593    0.853659    3000        84.805654   5.053154    0.513985    0.105109    0.102183    0.102183    0.145158    2.000000    0.000029    0.000000    4.248853    1.000000    0.000000    0.000000    2.239083    2.257833    0.977049    3.144767    3.144679    0.000176    -0.001506   0.830575    77.310820  
[37m[36mINFO[0m[0m 08/31 23:28:12 | 0.658824    0.662900    0.000000    0.925090    0.249188    1.000000    0.658824    0.662900    0.917037    0.858232    3100        87.632509   5.020506    0.506366    0.104309    0.100471    0.100471    0.139680    2.000000    0.000035    0.000000    4.234778    1.000000    0.000000    0.000000    2.271161    2.292659    0.977133    3.214043    3.215182    -0.000823   -0.002117   0.845194    77.077542  
[37m[36mINFO[0m[0m 08/31 23:30:53 | 0.631529    0.638418    0.000000    0.919035    0.283417    1.000000    0.631529    0.638418    0.912593    0.844512    3200        90.459364   4.987481    0.472175    0.095588    0.094114    0.094114    0.134216    2.000000    0.000026    0.000000    4.246874    1.000000    0.000000    0.000000    2.288656    2.308454    0.978084    3.329195    3.330810    0.000043    -0.001572   0.828163    77.845500  
[37m[36mINFO[0m[0m 08/31 23:33:31 | 0.654588    0.659134    0.000000    0.918541    0.265302    1.000000    0.654588    0.659134    0.911111    0.844512    3300        93.286219   5.031125    0.501542    0.103236    0.099543    0.099543    0.143819    2.000000    0.000027    0.000000    4.241944    1.000000    0.000000    0.000000    2.318304    2.341300    0.978143    3.447111    3.451372    -0.000751   -0.002355   0.828651    75.222516  
[37m[36mINFO[0m[0m 08/31 23:36:11 | 0.604706    0.585687    0.000000    0.915796    0.316711    0.996466    0.604706    0.585687    0.915556    0.835366    3400        96.113074   5.035638    0.487830    0.099268    0.097110    0.097110    0.143216    2.000000    0.000024    0.000000    4.261377    1.000000    0.000000    0.000000    2.345121    2.375134    0.978403    3.499438    3.503545    -0.000117   -0.001857   0.844839    75.593682  
[37m[36mINFO[0m[0m 08/31 23:38:50 | 0.616000    0.602637    0.000000    0.918090    0.266827    1.000000    0.616000    0.602637    0.905185    0.849085    3500        98.939929   5.089763    0.538307    0.111839    0.106586    0.106586    0.151537    2.000000    0.000025    0.000000    4.248382    1.000000    0.000000    0.000000    2.354079    2.383576    0.978133    3.541207    3.544869    -0.000096   -0.001314   0.824264    77.106769  
[37m[36mINFO[0m[0m 08/31 23:41:27 | 0.658353    0.664783    0.000000    0.916723    0.296375    1.000000    0.658353    0.664783    0.888889    0.861280    3600        101.766784  4.984051    0.472657    0.101224    0.092827    0.092827    0.136950    2.000000    0.000025    0.000000    4.237494    1.000000    0.000000    0.000000    2.369198    2.390700    0.977798    3.583936    3.585130    -0.000162   -0.000852   0.824393    73.905795  
[37m[36mINFO[0m[0m 08/31 23:44:09 | 0.634824    0.625235    0.000000    0.919643    0.261882    1.000000    0.634824    0.625235    0.902222    0.856707    3700        104.593640  4.938400    0.453711    0.094404    0.089796    0.089796    0.136577    2.000000    0.000025    0.000000    4.211535    1.000000    0.000000    0.000000    2.428785    2.445488    0.978803    3.629992    3.636537    0.000116    -0.000740   0.858624    75.957605  
[37m[36mINFO[0m[0m 08/31 23:46:47 | 0.638118    0.647834    0.000000    0.925161    0.278565    1.000000    0.638118    0.647834    0.909630    0.865854    3800        107.420495  4.959076    0.455898    0.096789    0.089744    0.089744    0.133504    2.000000    0.000027    0.000000    4.236170    1.000000    0.000000    0.000000    2.403833    2.426218    0.977817    3.671888    3.682265    -0.000239   -0.001135   0.826050    75.628844  
[37m[36mINFO[0m[0m 08/31 23:49:20 | 0.632000    0.630885    0.000000    0.925090    0.300285    1.000000    0.632000    0.630885    0.917037    0.858232    3900        110.247350  4.997029    0.481887    0.099258    0.095631    0.095631    0.139656    2.000000    0.000021    0.000000    4.235830    1.000000    0.000000    0.000000    2.457297    2.478542    0.978781    3.755718    3.759787    -0.000081   -0.001434   0.782551    75.052482  
[37m[36mINFO[0m[0m 08/31 23:52:03 | 0.615059    0.600753    0.000000    0.921039    0.253344    1.000000    0.615059    0.600753    0.915556    0.847561    4000        113.074205  4.972375    0.474134    0.097678    0.094091    0.094091    0.136370    2.000000    0.000019    0.000000    4.225502    1.000000    0.000000    0.000000    2.473126    2.488306    0.978327    3.860591    3.876336    -0.000584   -0.001818   0.883102    74.607133  
[37m[36mINFO[0m[0m 08/31 23:54:53 | 0.624941    0.613936    0.000000    0.922112    0.263474    1.000000    0.624941    0.613936    0.909630    0.856707    4100        115.901060  5.013905    0.495885    0.104482    0.097825    0.097825    0.141982    2.000000    0.000021    0.000000    4.234057    1.000000    0.000000    0.000000    2.509632    2.524852    0.978713    3.917877    3.923646    -0.000325   -0.001587   0.940419    75.285545  
[37m[36mINFO[0m[0m 08/31 23:57:13 | 0.646118    0.645951    0.000000    0.923086    0.265836    1.000000    0.646118    0.645951    0.914074    0.855183    4200        118.727915  4.960121    0.459103    0.094025    0.091249    0.091249    0.134775    2.000000    0.000016    0.000000    4.231468    1.000000    0.000000    0.000000    2.524762    2.550289    0.978858    3.974780    3.983642    -0.000115   -0.001427   0.554453    84.297115  
[37m[36mINFO[0m[0m 08/31 23:59:23 | 0.615059    0.606403    0.000000    0.916623    0.247368    1.000000    0.615059    0.606403    0.899259    0.850610    4300        121.554770  5.028302    0.505234    0.106630    0.099630    0.099630    0.142777    2.000000    0.000016    0.000000    4.237515    1.000000    0.000000    0.000000    2.550973    2.588529    0.979113    4.064110    4.073668    -0.000184   -0.001647   0.572563    73.108814  
[37m[36mINFO[0m[0m 09/01 00:01:36 | 0.646118    0.644068    0.000000    0.923171    0.276336    1.000000    0.646118    0.644068    0.905185    0.864329    4400        124.381625  4.999460    0.477043    0.099945    0.094255    0.094255    0.142250    2.000000    0.000015    0.000000    4.237918    1.000000    0.000000    0.000000    2.575205    2.611569    0.978978    4.127267    4.136283    -0.000243   -0.001275   0.567902    76.471776  
[37m[36mINFO[0m[0m 09/01 00:04:41 | 0.634353    0.632768    0.000000    0.923171    0.249493    1.000000    0.634353    0.632768    0.905185    0.864329    4500        127.208481  4.920206    0.446004    0.091956    0.088488    0.088488    0.129828    2.000000    0.000019    0.000000    4.214545    1.000000    0.000000    0.000000    2.583126    2.619540    0.979030    4.156123    4.165510    -0.000423   -0.001656   0.656960    119.022156 
[37m[36mINFO[0m[0m 09/01 00:07:16 | 0.627294    0.629002    0.000000    0.925147    0.248365    1.000000    0.627294    0.629002    0.911111    0.864329    4600        130.035336  4.950351    0.459953    0.095136    0.091180    0.091180    0.131273    2.000000    0.000020    0.000000    4.227852    1.000000    0.000000    0.000000    2.631210    2.662258    0.979597    4.202119    4.215092    0.000212    -0.000858   0.790952    76.119961  
[37m[36mINFO[0m[0m 09/01 00:09:58 | 0.635294    0.634652    0.000000    0.924610    0.260622    1.000000    0.635294    0.634652    0.914074    0.859756    4700        132.862191  5.034489    0.510821    0.103899    0.101711    0.101711    0.142728    2.000000    0.000015    0.000000    4.238213    1.000000    0.000000    0.000000    2.657798    2.695659    0.980175    4.271857    4.288623    -0.000009   -0.001056   0.794125    81.947170  
[37m[36mINFO[0m[0m 09/01 00:12:32 | 0.599529    0.585687    0.000000    0.917117    0.268076    1.000000    0.599529    0.585687    0.900741    0.850610    4800        135.689046  5.009903    0.485691    0.101318    0.096075    0.096075    0.143466    2.000000    0.000014    0.000000    4.237281    1.000000    0.000000    0.000000    2.684999    2.716986    0.979578    4.338282    4.349886    -0.000372   -0.001219   0.797988    74.596377  
[37m[36mINFO[0m[0m 09/01 00:15:15 | 0.640471    0.640301    0.000000    0.909101    0.301608    1.000000    0.640471    0.640301    0.888889    0.838415    4900        138.515901  4.981019    0.476498    0.099220    0.094301    0.094301    0.135756    2.000000    0.000015    0.000000    4.233009    1.000000    0.000000    0.000000    2.685062    2.719847    0.979609    4.390556    4.403108    -0.000019   -0.000855   0.823842    80.995309  
[37m[36mINFO[0m[0m 09/01 00:17:55 | 0.635294    0.629002    0.000000    0.922055    0.289818    1.000000    0.635294    0.629002    0.915556    0.850610    5000        141.342756  4.974309    0.463222    0.095838    0.091826    0.091826    0.137428    2.000000    0.000016    0.000000    4.236230    1.000000    0.000000    0.000000    2.692313    2.725824    0.979361    4.476119    4.489343    -0.000286   -0.001018   0.788102    80.410759  
[37m[36mINFO[0m[0m 09/01 00:17:55 | ---
[37m[36mINFO[0m[0m 09/01 00:17:55 | oracle = 71.247%
[37m[36mINFO[0m[0m 09/01 00:17:55 | iid = 64.706%
[37m[36mINFO[0m[0m 09/01 00:17:55 | last = 63.529%
[37m[36mINFO[0m[0m 09/01 00:17:55 | last (inD) = 92.206%
[37m[36mINFO[0m[0m 09/01 00:17:55 | iid (inD) = 93.061%
[37m[36mINFO[0m[0m 09/01 00:17:55 | 
[37m[36mINFO[0m[0m 09/01 00:19:04 | Testenv name escaping te_PASCAL -> te_PASCAL
[37m[36mINFO[0m[0m 09/01 00:19:04 | Test envs = [2], name = te_PASCAL
[37m[36mINFO[0m[0m 09/01 00:19:04 | Batch sizes for each domain: [32, 32, 0, 32] (total=96)
[37m[36mINFO[0m[0m 09/01 00:19:04 | steps-per-epoch for each domain: 35.38, 66.41, 82.06 -> min = 35.38
[37m[36mINFO[0m[0m 09/01 00:19:25 | # of params = 151206401
[37m[36mINFO[0m[0m 09/01 00:20:19 | test_in     test_out    train_in    train_out   tr_outloss  env0_out    env1_out    env2_in     env2_out    env3_out    step        epoch       total_loss  cipt_base_  cipt_cls_l  cipt_de_lo  cipt_de_or  cipt_de_au  aug_decomp  cipt_ind_l  causal_con  dccl_contr  contrastiv  pre_cl_los  reg_loss    mean_e_nor  mean_e_aug  mean_e_aug  mean_s_nor  mean_s_aug  mean_es_co  mean_e_aug  step_time   eval_time  
[37m[36mINFO[0m[0m 09/01 00:20:19 | 0.593854    0.591111    0.000000    0.581751    1.273849    0.717314    0.570621    0.593854    0.591111    0.457317    0           0.000000    13.670183   10.383120   1.257396    1.656430    1.656430    1.638220    2.000000    0.500000    0.000000    5.312153    0.002000    0.000000    0.000000    1.000000    1.000000    0.914573    1.000000    1.000000    1.000000    1.000000    0.838086    53.235633  
[37m[36mINFO[0m[0m 09/01 00:22:37 | 0.867827    0.887407    0.000000    0.881361    0.323050    1.000000    0.804143    0.867827    0.887407    0.839939    100         2.826855    3.406974    2.151409    0.375355    0.366140    0.366140    0.377768    2.000000    0.062299    0.000000    4.908003    0.103000    0.000000    0.000000    1.341455    1.312150    0.948374    1.536927    1.519192    0.172235    0.212895    0.810877    57.289264  
[37m[36mINFO[0m[0m 09/01 00:24:51 | 0.859682    0.877037    0.000000    0.883740    0.317396    0.996466    0.804143    0.859682    0.877037    0.850610    200         5.653710    3.332426    1.320052    0.263808    0.261557    0.261557    0.286733    2.000000    0.002003    0.000000    4.757204    0.303000    0.000000    0.000000    1.414169    1.381261    0.954890    1.777023    1.750303    0.002516    0.040610    0.806914    53.146346  
[37m[36mINFO[0m[0m 09/01 00:27:12 | 0.855239    0.853333    0.000000    0.876177    0.327262    0.996466    0.789077    0.855239    0.853333    0.842988    300         8.480565    4.176683    1.277410    0.257085    0.253486    0.253486    0.276290    2.000000    0.001276    0.000000    4.665812    0.503000    0.000000    0.000000    1.431507    1.398863    0.957141    1.846341    1.819218    -0.000551   0.028672    0.807014    60.412203  
[37m[36mINFO[0m[0m 09/01 00:30:27 | 0.839319    0.842963    0.000000    0.881749    0.344619    1.000000    0.802260    0.839319    0.842963    0.842988    400         11.307420   5.013510    1.222347    0.249376    0.242176    0.242176    0.272471    2.000000    0.000854    0.000000    4.618977    0.703000    0.000000    0.000000    1.476560    1.446649    0.961102    1.911989    1.888287    0.001153    0.021426    1.164651    78.077057  
[37m[36mINFO[0m[0m 09/01 00:32:46 | 0.814883    0.804444    0.000000    0.879645    0.316014    0.996466    0.811676    0.814883    0.804444    0.830793    500         14.134276   5.920053    1.239860    0.255068    0.245441    0.245441    0.275562    2.000000    0.000606    0.000000    4.573432    0.902980    0.000000    0.000000    1.504656    1.475160    0.963334    1.969165    1.943514    -0.000526   0.015039    0.814190    57.374024  
[37m[36mINFO[0m[0m 09/01 00:35:02 | 0.833025    0.822222    0.000000    0.886238    0.326335    0.992933    0.806026    0.833025    0.822222    0.859756    600         16.961131   6.175341    1.121694    0.230767    0.222176    0.222176    0.253438    2.000000    0.000444    0.000000    4.546770    1.000000    0.000000    0.000000    1.534974    1.507637    0.965282    2.008292    1.983651    0.000127    0.011616    0.830577    53.679375  
[37m[36mINFO[0m[0m 09/01 00:37:15 | 0.843391    0.835556    0.000000    0.877462    0.327974    0.996466    0.785311    0.843391    0.835556    0.850610    700         19.787986   6.201514    1.148871    0.238274    0.227222    0.227222    0.254408    2.000000    0.000342    0.000000    4.543827    1.000000    0.000000    0.000000    1.567981    1.539061    0.966665    2.043666    2.019416    -0.000446   0.008537    0.801862    52.197846  
[37m[36mINFO[0m[0m 09/01 00:39:27 | 0.829322    0.829630    0.000000    0.878927    0.341653    0.996466    0.800377    0.829322    0.829630    0.839939    800         22.614841   6.182299    1.134162    0.232069    0.225174    0.225174    0.256986    2.000000    0.000279    0.000000    4.534164    1.000000    0.000000    0.000000    1.608204    1.584927    0.968376    2.073581    2.049833    0.000446    0.007865    0.802197    52.059456  
[37m[36mINFO[0m[0m 09/01 00:41:40 | 0.824509    0.829630    0.000000    0.869440    0.358337    0.992933    0.781544    0.824509    0.829630    0.833841    900         25.441696   6.146612    1.111184    0.232235    0.219449    0.219449    0.251299    2.000000    0.000231    0.000000    4.532830    1.000000    0.000000    0.000000    1.627378    1.600707    0.969000    2.102877    2.076003    -0.000175   0.006148    0.807899    51.923843  
[37m[36mINFO[0m[0m 09/01 00:43:55 | 0.830803    0.826667    0.000000    0.864131    0.394088    0.996466    0.783427    0.830803    0.826667    0.812500    1000        28.268551   6.136835    1.102047    0.231033    0.217502    0.217502    0.249989    2.000000    0.000201    0.000000    4.534812    1.000000    0.000000    0.000000    1.646177    1.621391    0.969510    2.146242    2.120094    -0.000075   0.005357    0.797824    54.783963  
[37m[36mINFO[0m[0m 09/01 00:46:39 | 0.835616    0.826667    0.000000    0.885253    0.356637    0.992933    0.830508    0.835616    0.826667    0.832317    1100        31.095406   6.095332    1.068946    0.222450    0.211417    0.211417    0.250024    2.000000    0.000166    0.000000    4.526337    1.000000    0.000000    0.000000    1.665350    1.641020    0.970188    2.204992    2.177902    -0.000836   0.003474    0.943294    70.103395  
[37m[36mINFO[0m[0m 09/01 00:48:53 | 0.835616    0.835556    0.000000    0.877672    0.352859    0.996466    0.796610    0.835616    0.835556    0.839939    1200        33.922261   6.062947    1.063000    0.216587    0.211426    0.211426    0.244693    2.000000    0.000142    0.000000    4.510561    1.000000    0.000000    0.000000    1.691417    1.670046    0.970380    2.271149    2.240898    -0.000422   0.003136    0.795398    54.099780  
[37m[36mINFO[0m[0m 09/01 00:51:10 | 0.820437    0.810370    0.000000    0.876985    0.373850    0.996466    0.809793    0.820437    0.810370    0.824695    1300        36.749117   6.030782    1.039957    0.211091    0.207065    0.207065    0.241550    2.000000    0.000121    0.000000    4.507725    1.000000    0.000000    0.000000    1.685384    1.663443    0.970239    2.344946    2.316613    0.000064    0.003909    0.793514    57.836992  
[37m[36mINFO[0m[0m 09/01 00:53:25 | 0.853017    0.863704    0.000000    0.872070    0.378185    0.992933    0.790960    0.853017    0.863704    0.832317    1400        39.575972   6.090999    1.076472    0.220876    0.213758    0.213758    0.249852    2.000000    0.000113    0.000000    4.514823    1.000000    0.000000    0.000000    1.714454    1.701127    0.970649    2.410468    2.384217    -0.000418   0.001614    0.821266    52.995188  
[37m[36mINFO[0m[0m 09/01 00:55:38 | 0.825250    0.811852    0.000000    0.882485    0.348796    0.996466    0.832392    0.825250    0.811852    0.818598    1500        42.402827   6.045820    1.045771    0.221225    0.206015    0.206015    0.244782    2.000000    0.000097    0.000000    4.510485    1.000000    0.000000    0.000000    1.748875    1.735793    0.971618    2.448822    2.420389    -0.000363   0.001812    0.799154    52.946281  
[37m[36mINFO[0m[0m 09/01 00:57:51 | 0.818215    0.819259    0.000000    0.878031    0.355217    0.996466    0.802260    0.818215    0.819259    0.835366    1600        45.229682   5.910279    0.972601    0.202405    0.192438    0.192438    0.229102    2.000000    0.000088    0.000000    4.479474    1.000000    0.000000    0.000000    1.754410    1.739490    0.971468    2.478156    2.447563    0.000135    0.002820    0.799952    53.205243  
[37m[36mINFO[0m[0m 09/01 01:00:06 | 0.805998    0.791111    0.000000    0.878108    0.338736    0.992933    0.806026    0.805998    0.791111    0.835366    1700        48.056537   5.980785    1.007165    0.206518    0.200061    0.200061    0.238928    2.000000    0.000081    0.000000    4.495765    1.000000    0.000000    0.000000    1.794257    1.780714    0.972591    2.538322    2.507309    -0.000687   0.001300    0.815370    52.877989  
[37m[36mINFO[0m[0m 09/01 01:02:18 | 0.840059    0.832593    0.000000    0.884338    0.361871    0.996466    0.813559    0.840059    0.832593    0.842988    1800        50.883392   6.049243    1.042580    0.214648    0.206891    0.206891    0.248858    2.000000    0.000073    0.000000    4.508945    1.000000    0.000000    0.000000    1.839853    1.825675    0.973540    2.576184    2.542437    -0.000124   0.002012    0.794799    52.995852  
[37m[36mINFO[0m[0m 09/01 01:04:31 | 0.797112    0.788148    0.000000    0.878031    0.375366    0.996466    0.802260    0.797112    0.788148    0.835366    1900        53.710247   6.001788    1.015005    0.208276    0.201597    0.201597    0.244581    2.000000    0.000068    0.000000    4.497622    1.000000    0.000000    0.000000    1.861531    1.854834    0.973830    2.626852    2.595990    -0.000460   0.001081    0.802985    52.447250  
[37m[36mINFO[0m[0m 09/01 01:06:44 | 0.839689    0.834074    0.000000    0.886059    0.341971    0.992933    0.819209    0.839689    0.834074    0.846037    2000        56.537102   6.031666    1.034733    0.214821    0.204906    0.204906    0.244375    2.000000    0.000058    0.000000    4.508183    1.000000    0.000000    0.000000    1.875455    1.869856    0.974069    2.683509    2.651937    -0.000036   0.001586    0.804866    52.155141  
[37m[36mINFO[0m[0m 09/01 01:08:56 | 0.797112    0.779259    0.000000    0.861530    0.375219    0.996466    0.766478    0.797112    0.779259    0.821646    2100        59.363958   5.912669    0.965552    0.198185    0.191763    0.191763    0.229868    2.000000    0.000063    0.000000    4.487380    1.000000    0.000000    0.000000    1.877982    1.870358    0.973707    2.735412    2.701539    -0.000085   0.001487    0.808745    51.753500  
[37m[36mINFO[0m[0m 09/01 01:11:09 | 0.806738    0.816296    0.000000    0.881020    0.361464    0.996466    0.817326    0.806738    0.816296    0.829268    2200        62.190813   5.931936    0.966085    0.202319    0.190878    0.190878    0.239601    2.000000    0.000051    0.000000    4.486649    1.000000    0.000000    0.000000    1.903370    1.893802    0.974421    2.829109    2.799849    -0.000356   0.000800    0.790747    53.818339  
[37m[36mINFO[0m[0m 09/01 01:13:27 | 0.773417    0.754074    0.000000    0.861830    0.431316    0.996466    0.787194    0.773417    0.754074    0.801829    2300        65.017668   5.964165    0.991468    0.210301    0.195229    0.195229    0.240494    2.000000    0.000050    0.000000    4.491711    1.000000    0.000000    0.000000    1.912992    1.912036    0.974103    2.937183    2.902196    -0.000452   0.000226    0.791357    58.243859  
[37m[36mINFO[0m[0m 09/01 01:15:42 | 0.804147    0.805926    0.000000    0.879944    0.381317    0.996466    0.800377    0.804147    0.805926    0.842988    2400        67.844523   5.999002    1.004900    0.221429    0.195812    0.195812    0.244746    2.000000    0.000045    0.000000    4.504610    1.000000    0.000000    0.000000    1.974102    1.975300    0.975054    3.016666    2.981687    -0.000118   0.000252    0.833497    52.293431  
[37m[36mINFO[0m[0m 09/01 01:17:55 | 0.827101    0.838519    0.000000    0.880021    0.341619    0.992933    0.804143    0.827101    0.838519    0.842988    2500        70.671378   5.909810    0.961761    0.198864    0.190676    0.190676    0.233054    2.000000    0.000039    0.000000    4.481942    1.000000    0.000000    0.000000    1.985869    1.988056    0.975086    3.047493    3.013189    -0.000500   0.000279    0.789497    53.299954  
[37m[36mINFO[0m[0m 09/01 01:19:45 | 0.819326    0.823704    0.000000    0.882305    0.387017    0.996466    0.813559    0.819326    0.823704    0.836890    2600        73.498233   5.908739    0.945926    0.197502    0.187060    0.187060    0.236044    2.000000    0.000037    0.000000    4.490724    1.000000    0.000000    0.000000    2.011097    2.018489    0.975202    3.082428    3.051223    -0.000290   0.000664    0.640348    45.999308  
[37m[36mINFO[0m[0m 09/01 01:21:28 | 0.798223    0.794074    0.000000    0.873278    0.380849    0.996466    0.783427    0.798223    0.794074    0.839939    2700        76.325088   5.880069    0.933940    0.189375    0.186097    0.186097    0.230251    2.000000    0.000036    0.000000    4.485628    1.000000    0.000000    0.000000    2.010371    2.022228    0.974626    3.135252    3.103958    0.000148    0.000714    0.564180    46.726687  
[37m[36mINFO[0m[0m 09/01 01:23:11 | 0.767494    0.739259    0.000000    0.873189    0.379817    0.996466    0.806026    0.767494    0.739259    0.817073    2800        79.151943   5.942476    0.969403    0.199119    0.192531    0.192531    0.239133    2.000000    0.000033    0.000000    4.494806    1.000000    0.000000    0.000000    2.047929    2.051657    0.975750    3.185892    3.150404    -0.000341   0.000270    0.558598    46.934428  
[37m[36mINFO[0m[0m 09/01 01:24:54 | 0.805998    0.805926    0.000000    0.875520    0.371277    0.996466    0.794727    0.805998    0.805926    0.835366    2900        81.978799   5.933983    0.970856    0.202727    0.191995    0.191995    0.235950    2.000000    0.000030    0.000000    4.491227    1.000000    0.000000    0.000000    2.087929    2.093095    0.976532    3.223145    3.190810    -0.000247   0.000279    0.563270    46.911503  
[37m[36mINFO[0m[0m 09/01 01:26:36 | 0.799334    0.786667    0.000000    0.877104    0.359542    0.996466    0.811676    0.799334    0.786667    0.823171    3000        84.805654   5.934475    0.966014    0.200201    0.191416    0.191416    0.239873    2.000000    0.000030    0.000000    4.488715    1.000000    0.000000    0.000000    2.079499    2.090585    0.975724    3.270195    3.237958    -0.000271   0.000312    0.566345    45.322666  
[37m[36mINFO[0m[0m 09/01 01:28:18 | 0.783784    0.760000    0.000000    0.866523    0.434197    0.996466    0.789077    0.783784    0.760000    0.814024    3100        87.632509   5.890947    0.941661    0.191584    0.187488    0.187488    0.232007    2.000000    0.000025    0.000000    4.485272    1.000000    0.000000    0.000000    2.114062    2.121619    0.975837    3.357872    3.323766    0.000108    0.000408    0.564582    45.596002  
[37m[36mINFO[0m[0m 09/01 01:30:00 | 0.816735    0.822222    0.000000    0.873876    0.372037    0.996466    0.792844    0.816735    0.822222    0.832317    3200        90.459364   5.910902    0.957019    0.201277    0.188903    0.188903    0.233882    2.000000    0.000026    0.000000    4.486119    1.000000    0.000000    0.000000    2.111821    2.126538    0.976000    3.466358    3.434218    -0.000357   -0.000453   0.559863    45.647249  
[37m[36mINFO[0m[0m 09/01 01:31:43 | 0.809330    0.808889    0.000000    0.882395    0.364148    0.996466    0.822976    0.809330    0.808889    0.827744    3300        93.286219   5.859927    0.916935    0.190004    0.181701    0.181701    0.229512    2.000000    0.000025    0.000000    4.483967    1.000000    0.000000    0.000000    2.114862    2.134820    0.975346    3.565694    3.527882    -0.000399   -0.000229   0.555462    47.697909  
[37m[36mINFO[0m[0m 09/01 01:33:25 | 0.820437    0.837037    0.000000    0.875908    0.394922    0.996466    0.792844    0.820437    0.837037    0.838415    3400        96.113074   5.983892    0.978839    0.203830    0.193724    0.193724    0.249500    2.000000    0.000022    0.000000    4.506052    1.000000    0.000000    0.000000    2.168913    2.191565    0.976203    3.605237    3.566825    -0.000221   -0.000035   0.558942    46.264749  
[37m[36mINFO[0m[0m 09/01 01:35:07 | 0.811181    0.801481    0.000000    0.883680    0.378985    0.996466    0.819209    0.811181    0.801481    0.835366    3500        98.939929   5.978026    0.988931    0.201435    0.196834    0.196834    0.241489    2.000000    0.000032    0.000000    4.506118    1.000000    0.000000    0.000000    2.168636    2.193304    0.975919    3.787844    3.750526    -0.000105   -0.000120   0.561314    46.069463  
[37m[36mINFO[0m[0m 09/01 01:36:49 | 0.813402    0.798519    0.000000    0.877361    0.372197    0.992933    0.802260    0.813402    0.798519    0.836890    3600        101.766784  5.939198    0.964166    0.198308    0.191434    0.191434    0.240126    2.000000    0.000024    0.000000    4.494780    1.000000    0.000000    0.000000    2.177639    2.199096    0.975486    4.096904    4.061027    -0.000285   -0.000320   0.565772    45.414469  
[37m[36mINFO[0m[0m 09/01 01:38:31 | 0.798223    0.795556    0.000000    0.862337    0.403501    0.996466    0.755179    0.798223    0.795556    0.835366    3700        104.593640  5.857040    0.900788    0.185667    0.178752    0.178752    0.230000    2.000000    0.000022    0.000000    4.496252    1.000000    0.000000    0.000000    2.174729    2.200584    0.975380    4.127190    4.085607    -0.000328   -0.000499   0.563945    45.290964  
[37m[36mINFO[0m[0m 09/01 01:40:12 | 0.803036    0.801481    0.000000    0.877224    0.358739    0.996466    0.813559    0.803036    0.801481    0.821646    3800        107.420495  5.945713    0.970118    0.203819    0.191551    0.191551    0.241050    2.000000    0.000019    0.000000    4.493494    1.000000    0.000000    0.000000    2.230321    2.255692    0.976636    4.166217    4.124825    0.000303    0.000093    0.564552    45.008703  
[37m[36mINFO[0m[0m 09/01 01:41:54 | 0.810441    0.813333    0.000000    0.870229    0.373674    0.996466    0.783427    0.810441    0.813333    0.830793    3900        110.247350  5.920738    0.946778    0.199407    0.186820    0.186820    0.241081    2.000000    0.000018    0.000000    4.491798    1.000000    0.000000    0.000000    2.240677    2.264678    0.976403    4.182567    4.148109    -0.000157   -0.000178   0.558843    45.433543  
[37m[36mINFO[0m[0m 09/01 01:43:38 | 0.797482    0.801481    0.000000    0.864430    0.370099    0.996466    0.772128    0.797482    0.801481    0.824695    4000        113.074205  5.942780    0.974046    0.206589    0.191845    0.191845    0.237559    2.000000    0.000016    0.000000    4.493616    1.000000    0.000000    0.000000    2.285828    2.312848    0.976903    4.213965    4.173999    -0.000300   -0.000415   0.561902    48.063677  
[37m[36mINFO[0m[0m 09/01 01:45:20 | 0.804517    0.795556    0.000000    0.867927    0.369955    0.996466    0.787194    0.804517    0.795556    0.820122    4100        115.901060  5.862761    0.904390    0.189197    0.178774    0.178774    0.232947    2.000000    0.000019    0.000000    4.492477    1.000000    0.000000    0.000000    2.294606    2.319816    0.976864    4.248316    4.205308    0.000341    0.000160    0.558330    46.311838  
[37m[36mINFO[0m[0m 09/01 01:47:02 | 0.801185    0.795556    0.000000    0.882425    0.390737    0.996466    0.815443    0.801185    0.795556    0.835366    4200        118.727915  5.805128    0.886640    0.183237    0.175829    0.175829    0.220726    2.000000    0.000017    0.000000    4.477037    1.000000    0.000000    0.000000    2.292528    2.316698    0.976252    4.277473    4.235931    -0.000103   0.000201    0.560387    45.504907  
[37m[36mINFO[0m[0m 09/01 01:49:21 | 0.804517    0.800000    0.000000    0.875460    0.402124    0.996466    0.809793    0.804517    0.800000    0.820122    4300        121.554770  5.913207    0.941662    0.191973    0.187400    0.187400    0.239001    2.000000    0.000018    0.000000    4.493543    1.000000    0.000000    0.000000    2.310706    2.334163    0.976462    4.305230    4.267922    -0.000026   0.000135    0.571919    82.144714  
[37m[36mINFO[0m[0m 09/01 01:51:46 | 0.811551    0.807407    0.000000    0.878898    0.385695    0.996466    0.807910    0.811551    0.807407    0.832317    4400        124.381625  5.903438    0.944835    0.197599    0.186789    0.186789    0.229335    2.000000    0.000016    0.000000    4.499934    1.000000    0.000000    0.000000    2.360841    2.380783    0.977364    4.350144    4.310543    -0.000212   -0.000186   0.672945    77.935091  
[37m[36mINFO[0m[0m 09/01 01:53:30 | 0.802666    0.811852    0.000000    0.875490    0.409080    0.996466    0.802260    0.802666    0.811852    0.827744    4500        127.208481  5.831950    0.879607    0.180211    0.174832    0.174832    0.232215    2.000000    0.000014    0.000000    4.487913    1.000000    0.000000    0.000000    2.369072    2.394276    0.976933    4.378326    4.339453    -0.000025   0.000204    0.568090    46.683067  
[37m[36mINFO[0m[0m 09/01 01:55:21 | 0.811181    0.810370    0.000000    0.871724    0.401669    0.996466    0.790960    0.811181    0.810370    0.827744    4600        130.035336  5.801970    0.872829    0.179715    0.173261    0.173261    0.227454    2.000000    0.000014    0.000000    4.474232    1.000000    0.000000    0.000000    2.361228    2.395165    0.976525    4.447013    4.405596    -0.000169   0.000024    0.567706    54.170111  
[37m[36mINFO[0m[0m 09/01 01:57:15 | 0.798963    0.797037    0.000000    0.883920    0.382302    0.996466    0.822976    0.798963    0.797037    0.832317    4700        132.862191  5.802426    0.870765    0.179065    0.172908    0.172908    0.225555    2.000000    0.000014    0.000000    4.480552    1.000000    0.000000    0.000000    2.369511    2.399344    0.976701    4.501604    4.463340    0.000016    0.000039    0.550321    58.962182  
[37m[36mINFO[0m[0m 09/01 01:59:03 | 0.789708    0.776296    0.000000    0.872830    0.368204    0.996466    0.800377    0.789708    0.776296    0.821646    4800        135.689046  5.786318    0.865368    0.177891    0.171852    0.171852    0.223566    2.000000    0.000014    0.000000    4.473818    1.000000    0.000000    0.000000    2.380435    2.412107    0.976408    4.569072    4.524258    -0.000069   0.000308    0.552756    53.105993  
[37m[36mINFO[0m[0m 09/01 02:00:45 | 0.805998    0.816296    0.000000    0.883292    0.383215    0.996466    0.821092    0.805998    0.816296    0.832317    4900        138.515901  5.938180    0.956826    0.204469    0.188072    0.188072    0.241832    2.000000    0.000013    0.000000    4.497691    1.000000    0.000000    0.000000    2.455598    2.492252    0.977529    4.627112    4.584177    0.000014    0.000321    0.561733    45.767187  
[37m[36mINFO[0m[0m 09/01 02:02:30 | 0.810811    0.814815    0.000000    0.881020    0.381647    0.996466    0.817326    0.810811    0.814815    0.829268    5000        141.342756  5.807596    0.893827    0.187554    0.176551    0.176551    0.222585    2.000000    0.000014    0.000000    4.468598    1.000000    0.000000    0.000000    2.436936    2.483904    0.976806    4.658733    4.620437    -0.000024   0.000044    0.569547    47.828540  
[37m[36mINFO[0m[0m 09/01 02:02:30 | ---
[37m[36mINFO[0m[0m 09/01 02:02:30 | oracle = 86.783%
[37m[36mINFO[0m[0m 09/01 02:02:30 | iid = 83.302%
[37m[36mINFO[0m[0m 09/01 02:02:30 | last = 81.081%
[37m[36mINFO[0m[0m 09/01 02:02:30 | last (inD) = 88.102%
[37m[36mINFO[0m[0m 09/01 02:02:30 | iid (inD) = 88.624%
[37m[36mINFO[0m[0m 09/01 02:02:31 | 
[37m[36mINFO[0m[0m 09/01 02:03:42 | Testenv name escaping te_SUN -> te_SUN
[37m[36mINFO[0m[0m 09/01 02:03:42 | Test envs = [3], name = te_SUN
[37m[36mINFO[0m[0m 09/01 02:03:42 | Batch sizes for each domain: [32, 32, 32, 0] (total=96)
[37m[36mINFO[0m[0m 09/01 02:03:42 | steps-per-epoch for each domain: 35.38, 66.41, 84.41 -> min = 35.38
[37m[36mINFO[0m[0m 09/01 02:04:01 | # of params = 151206401
[37m[36mINFO[0m[0m 09/01 02:04:50 | test_in     test_out    train_in    train_out   tr_outloss  env0_out    env1_out    env2_out    env3_in     env3_out    step        epoch       total_loss  cipt_base_  cipt_cls_l  cipt_de_lo  cipt_de_or  cipt_de_au  aug_decomp  cipt_ind_l  causal_con  dccl_contr  contrastiv  pre_cl_los  reg_loss    mean_e_nor  mean_e_aug  mean_e_aug  mean_s_nor  mean_s_aug  mean_es_co  mean_e_aug  step_time   eval_time  
[37m[36mINFO[0m[0m 09/01 02:04:50 | 0.471059    0.469512    0.000000    0.733023    0.864257    0.770318    0.725047    0.703704    0.471059    0.469512    0           0.000000    13.323257   10.103642   1.068769    1.633718    1.633718    1.604448    2.000000    0.500000    0.000000    5.359849    0.002000    0.000000    0.000000    1.000000    1.000000    0.929854    1.000000    1.000000    1.000000    1.000000    0.553783    47.950314  
[37m[36mINFO[0m[0m 09/01 02:06:39 | 0.746382    0.756098    0.000000    0.897502    0.280966    1.000000    0.794727    0.897778    0.746382    0.756098    100         2.826855    3.057168    1.895760    0.336056    0.321900    0.321900    0.336121    2.000000    0.054421    0.000000    4.802913    0.103000    0.000000    0.000000    1.369438    1.345444    0.953707    1.519523    1.488183    0.134355    0.162480    0.561020    53.431804  
[37m[36mINFO[0m[0m 09/01 02:08:24 | 0.796649    0.794207    0.000000    0.892331    0.286157    0.996466    0.787194    0.893333    0.796649    0.794207    200         5.653710    3.182338    1.244309    0.251393    0.246257    0.246257    0.262147    2.000000    0.001577    0.000000    4.673479    0.303000    0.000000    0.000000    1.471562    1.445841    0.960166    1.737436    1.699561    -0.002069   0.018637    0.549395    50.212059  
[37m[36mINFO[0m[0m 09/01 02:10:08 | 0.768850    0.759146    0.000000    0.903871    0.262902    1.000000    0.807910    0.903704    0.768850    0.759146    300         8.480565    3.955133    1.153663    0.236496    0.228063    0.228063    0.248671    2.000000    0.000983    0.000000    4.582923    0.503000    0.000000    0.000000    1.535921    1.507575    0.963748    1.795891    1.759929    -0.000353   0.012550    0.558491    47.591722  
[37m[36mINFO[0m[0m 09/01 02:11:51 | 0.769231    0.766768    0.000000    0.906826    0.265860    1.000000    0.828625    0.891852    0.769231    0.766768    400         11.307420   4.805585    1.126498    0.235665    0.221920    0.221920    0.245678    2.000000    0.000631    0.000000    4.535095    0.703000    0.000000    0.000000    1.585935    1.557135    0.966825    1.846686    1.813009    -0.000944   0.006669    0.575254    45.800835  
[37m[36mINFO[0m[0m 09/01 02:13:39 | 0.778751    0.766768    0.000000    0.902524    0.264233    1.000000    0.809793    0.897778    0.778751    0.766768    500         14.134276   5.606474    1.068012    0.221453    0.211022    0.211022    0.236516    2.000000    0.000494    0.000000    4.502589    0.902980    0.000000    0.000000    1.620954    1.595493    0.968609    1.884145    1.852766    0.000126    0.003614    0.572609    50.384981  
[37m[36mINFO[0m[0m 09/01 02:15:26 | 0.790937    0.778963    0.000000    0.899688    0.279061    0.996466    0.800377    0.902222    0.790937    0.778963    600         16.961131   5.919599    0.987228    0.201695    0.195969    0.195969    0.225673    2.000000    0.000332    0.000000    4.481026    1.000000    0.000000    0.000000    1.647043    1.620284    0.969672    1.909825    1.878180    -0.000357   0.001383    0.557102    50.911337  
[37m[36mINFO[0m[0m 09/01 02:17:15 | 0.789794    0.774390    0.000000    0.900239    0.266930    1.000000    0.798493    0.902222    0.789794    0.774390    700         19.787986   5.939285    1.009462    0.207712    0.200119    0.200119    0.233660    2.000000    0.000255    0.000000    4.462504    1.000000    0.000000    0.000000    1.666239    1.641226    0.970466    1.941433    1.910859    -0.000517   -0.000346   0.551844    54.172820  
[37m[36mINFO[0m[0m 09/01 02:18:57 | 0.775704    0.759146    0.000000    0.901706    0.279631    0.996466    0.807910    0.900741    0.775704    0.759146    800         22.614841   5.891756    0.986275    0.203451    0.195381    0.195381    0.226194    2.000000    0.000260    0.000000    4.453094    1.000000    0.000000    0.000000    1.712234    1.691159    0.971417    1.978849    1.947806    0.000290    -0.001235   0.557457    45.886181  
[37m[36mINFO[0m[0m 09/01 02:20:40 | 0.741051    0.736280    0.000000    0.901042    0.269237    1.000000    0.809793    0.893333    0.741051    0.736280    900         25.441696   5.927437    0.998497    0.210309    0.196821    0.196821    0.230191    2.000000    0.000181    0.000000    4.468559    1.000000    0.000000    0.000000    1.734502    1.716208    0.972322    2.046638    2.015720    -0.000698   -0.002147   0.569388    46.689545  
[37m[36mINFO[0m[0m 09/01 02:22:29 | 0.715918    0.705793    0.000000    0.893721    0.302194    0.996466    0.792844    0.891852    0.715918    0.705793    1000        28.268551   5.835975    0.944069    0.198847    0.186122    0.186122    0.224312    2.000000    0.000147    0.000000    4.443281    1.000000    0.000000    0.000000    1.760679    1.744253    0.972567    2.106377    2.074774    -0.000355   -0.002518   0.568985    51.610949  
[37m[36mINFO[0m[0m 09/01 02:24:21 | 0.761234    0.759146    0.000000    0.902107    0.281553    0.996466    0.813559    0.896296    0.761234    0.759146    1100        31.095406   5.829524    0.940404    0.195840    0.185981    0.185981    0.223575    2.000000    0.000128    0.000000    4.441971    1.000000    0.000000    0.000000    1.797848    1.784806    0.973128    2.159130    2.128332    -0.001085   -0.003910   0.550774    56.819952  
[37m[36mINFO[0m[0m 09/01 02:26:04 | 0.757426    0.753049    0.000000    0.895830    0.311147    0.996466    0.794727    0.896296    0.757426    0.753049    1200        33.922261   5.748527    0.888617    0.184312    0.175941    0.175941    0.214368    2.000000    0.000108    0.000000    4.431175    1.000000    0.000000    0.000000    1.802268    1.793195    0.973121    2.239666    2.207136    0.000276    -0.003079   0.557706    47.143697  
[37m[36mINFO[0m[0m 09/01 02:27:46 | 0.765042    0.757622    0.000000    0.888113    0.313221    0.996466    0.783427    0.884444    0.765042    0.757622    1300        36.749117   5.823360    0.934791    0.193439    0.185221    0.185221    0.227217    2.000000    0.000093    0.000000    4.434136    1.000000    0.000000    0.000000    1.835673    1.829422    0.973623    2.287354    2.254123    -0.000691   -0.004364   0.567626    45.949647  
[37m[36mINFO[0m[0m 09/01 02:29:31 | 0.723915    0.727134    0.000000    0.888515    0.308269    0.996466    0.789077    0.880000    0.723915    0.727134    1400        39.575972   5.800085    0.924594    0.194497    0.182405    0.182405    0.220825    2.000000    0.000095    0.000000    4.433841    1.000000    0.000000    0.000000    1.855746    1.854331    0.973852    2.350611    2.317893    -0.001150   -0.005280   0.573247    47.543345  
[37m[36mINFO[0m[0m 09/01 02:31:18 | 0.730769    0.719512    0.000000    0.892986    0.327498    0.992933    0.806026    0.880000    0.730769    0.719512    1500        42.402827   5.755149    0.885234    0.181940    0.175731    0.175731    0.219421    2.000000    0.000074    0.000000    4.431072    1.000000    0.000000    0.000000    1.893166    1.884886    0.974275    2.443000    2.407445    0.000231    -0.003602   0.557611    51.068377  
[37m[36mINFO[0m[0m 09/01 02:33:06 | 0.775704    0.769817    0.000000    0.894468    0.306272    0.992933    0.806026    0.884444    0.775704    0.769817    1600        45.229682   5.769182    0.899372    0.187290    0.177941    0.177941    0.221205    2.000000    0.000064    0.000000    4.427400    1.000000    0.000000    0.000000    1.912057    1.913578    0.974810    2.512154    2.479491    -0.000174   -0.004504   0.551079    52.384502  
[37m[36mINFO[0m[0m 09/01 02:34:49 | 0.774562    0.775915    0.000000    0.894934    0.312855    0.996466    0.789077    0.899259    0.774562    0.775915    1700        48.056537   5.711772    0.870151    0.180311    0.172390    0.172390    0.216124    2.000000    0.000056    0.000000    4.409372    1.000000    0.000000    0.000000    1.933112    1.936809    0.974733    2.571237    2.539272    -0.000762   -0.004710   0.562070    46.533069  
[37m[36mINFO[0m[0m 09/01 02:36:32 | 0.737243    0.730183    0.000000    0.906100    0.303903    0.996466    0.821092    0.900741    0.737243    0.730183    1800        50.883392   5.762885    0.891154    0.189234    0.175411    0.175411    0.222571    2.000000    0.000055    0.000000    4.426589    1.000000    0.000000    0.000000    1.956888    1.956835    0.974404    2.605690    2.568636    -0.000078   -0.003116   0.572046    46.736215  
[37m[36mINFO[0m[0m 09/01 02:38:19 | 0.736101    0.740854    0.000000    0.909732    0.296141    0.996466    0.830508    0.902222    0.736101    0.740854    1900        53.710247   5.647855    0.818699    0.168221    0.162557    0.162557    0.211909    2.000000    0.000050    0.000000    4.405337    1.000000    0.000000    0.000000    1.974440    1.979226    0.974708    2.647787    2.612634    -0.000854   -0.004360   0.567754    49.889546  
[37m[36mINFO[0m[0m 09/01 02:40:10 | 0.741813    0.731707    0.000000    0.895646    0.320905    0.996466    0.806026    0.884444    0.741813    0.731707    2000        56.537102   5.694272    0.851755    0.176450    0.168771    0.168771    0.209512    2.000000    0.000044    0.000000    4.423493    1.000000    0.000000    0.000000    1.998072    2.010654    0.975572    2.735394    2.701321    0.000712    -0.002686   0.549731    56.050013  
[37m[36mINFO[0m[0m 09/01 02:41:54 | 0.750190    0.743902    0.000000    0.893001    0.329024    0.996466    0.796610    0.885926    0.750190    0.743902    2100        59.363958   5.660165    0.818053    0.168671    0.162286    0.162286    0.207522    2.000000    0.000048    0.000000    4.427069    1.000000    0.000000    0.000000    1.993001    2.008103    0.974456    2.829273    2.794370    -0.001057   -0.004200   0.558074    48.359723  
[37m[36mINFO[0m[0m 09/01 02:43:37 | 0.749429    0.746951    0.000000    0.894792    0.298405    0.996466    0.807910    0.880000    0.749429    0.746951    2200        62.190813   5.672950    0.842799    0.180891    0.165430    0.165430    0.207207    2.000000    0.000037    0.000000    4.415736    1.000000    0.000000    0.000000    2.042339    2.053643    0.975718    2.941042    2.906129    -0.000766   -0.003546   0.562786    45.907065  
[37m[36mINFO[0m[0m 09/01 02:45:22 | 0.707921    0.724085    0.000000    0.885248    0.358603    1.000000    0.789077    0.866667    0.707921    0.724085    2300        65.017668   5.639139    0.812982    0.172452    0.160086    0.160086    0.209200    2.000000    0.000037    0.000000    4.407759    1.000000    0.000000    0.000000    2.076382    2.090360    0.976113    3.019868    2.982105    0.000370    -0.002513   0.572242    48.399531  
[37m[36mINFO[0m[0m 09/01 02:47:09 | 0.701066    0.710366    0.000000    0.888324    0.313453    0.992933    0.789077    0.882963    0.701066    0.710366    2400        67.844523   5.693107    0.840328    0.174576    0.166397    0.166397    0.216407    2.000000    0.000033    0.000000    4.419965    1.000000    0.000000    0.000000    2.099237    2.117583    0.976023    3.048862    3.012003    -0.000862   -0.003412   0.558599    50.594671  
[37m[36mINFO[0m[0m 09/01 02:48:58 | 0.751333    0.754573    0.000000    0.896550    0.316168    0.996466    0.790960    0.902222    0.751333    0.754573    2500        70.671378   5.707823    0.851780    0.182115    0.167376    0.167376    0.214804    2.000000    0.000032    0.000000    4.426434    1.000000    0.000000    0.000000    2.151065    2.162607    0.976743    3.113489    3.078575    -0.000037   -0.001965   0.551172    53.981959  
[37m[36mINFO[0m[0m 09/01 02:50:40 | 0.715156    0.717988    0.000000    0.876721    0.368169    0.996466    0.755179    0.878519    0.715156    0.717988    2600        73.498233   5.698411    0.846834    0.179496    0.166795    0.166795    0.216691    2.000000    0.000032    0.000000    4.418195    1.000000    0.000000    0.000000    2.153910    2.165620    0.976482    3.220354    3.183318    0.000154    -0.001633   0.559866    45.805429  
[37m[36mINFO[0m[0m 09/01 02:52:23 | 0.721249    0.725610    0.000000    0.897713    0.302708    0.996466    0.800377    0.896296    0.721249    0.725610    2700        76.325088   5.614731    0.819054    0.174354    0.161139    0.161139    0.203982    2.000000    0.000029    0.000000    4.387712    1.000000    0.000000    0.000000    2.185546    2.197553    0.976723    3.298191    3.263312    -0.000356   -0.001992   0.573039    45.606934  
[37m[36mINFO[0m[0m 09/01 02:54:12 | 0.752856    0.736280    0.000000    0.892733    0.329338    0.996466    0.792844    0.888889    0.752856    0.736280    2800        79.151943   5.653102    0.805504    0.170648    0.158681    0.158681    0.213438    2.000000    0.000027    0.000000    4.420723    1.000000    0.000000    0.000000    2.209475    2.224903    0.976809    3.366687    3.329846    -0.000302   -0.002124   0.575136    51.757409  
[37m[36mINFO[0m[0m 09/01 02:56:05 | 0.746002    0.745427    0.000000    0.892507    0.312587    0.996466    0.796610    0.884444    0.746002    0.745427    2900        81.978799   5.598193    0.758461    0.157477    0.150205    0.150205    0.212076    2.000000    0.000033    0.000000    4.415580    1.000000    0.000000    0.000000    2.194066    2.218762    0.975788    3.488925    3.452814    -0.000397   -0.002517   0.551136    58.242941  
[37m[36mINFO[0m[0m 09/01 02:57:49 | 0.730388    0.739329    0.000000    0.887485    0.331511    0.996466    0.781544    0.884444    0.730388    0.739329    3000        84.805654   5.640407    0.811374    0.170803    0.160115    0.160115    0.207141    2.000000    0.000022    0.000000    4.414750    1.000000    0.000000    0.000000    2.263992    2.284623    0.977325    3.574153    3.537481    -0.000036   -0.001927   0.556107    48.220862  
[37m[36mINFO[0m[0m 09/01 02:59:32 | 0.735720    0.740854    0.000000    0.896098    0.306995    0.996466    0.798493    0.893333    0.735720    0.740854    3100        87.632509   5.601761    0.769954    0.160005    0.152457    0.152457    0.208995    2.000000    0.000024    0.000000    4.413817    1.000000    0.000000    0.000000    2.257011    2.284077    0.976744    3.615080    3.583894    -0.000551   -0.002504   0.566887    45.958793  
[37m[36mINFO[0m[0m 09/01 03:01:17 | 0.717441    0.717988    0.000000    0.895872    0.341143    0.996466    0.802260    0.888889    0.717441    0.717988    3200        90.459364   5.624308    0.793724    0.161389    0.158058    0.158058    0.209887    2.000000    0.000021    0.000000    4.410810    1.000000    0.000000    0.000000    2.263965    2.294889    0.976329    3.744536    3.711157    0.000141    -0.001866   0.575397    47.102833  
[37m[36mINFO[0m[0m 09/01 03:03:03 | 0.734196    0.719512    0.000000    0.889990    0.327784    0.992933    0.777778    0.899259    0.734196    0.719512    3300        93.286219   5.594621    0.784016    0.165594    0.154582    0.154582    0.199462    2.000000    0.000019    0.000000    4.411682    1.000000    0.000000    0.000000    2.296665    2.325268    0.976762    3.825171    3.786049    -0.000116   -0.001390   0.562169    50.617621  
[37m[36mINFO[0m[0m 09/01 03:04:51 | 0.744097    0.725610    0.000000    0.895548    0.306863    0.992933    0.800377    0.893333    0.744097    0.725610    3400        96.113074   5.668229    0.823232    0.170501    0.163160    0.163160    0.214012    2.000000    0.000018    0.000000    4.416974    1.000000    0.000000    0.000000    2.308281    2.337975    0.977054    3.880071    3.842523    -0.000157   -0.001396   0.550180    52.190011  
[37m[36mINFO[0m[0m 09/01 03:06:32 | 0.746382    0.728659    0.000000    0.899674    0.316412    0.992933    0.809793    0.896296    0.746382    0.728659    3500        98.939929   5.604482    0.783239    0.161396    0.155439    0.155439    0.208532    2.000000    0.000017    0.000000    4.404180    1.000000    0.000000    0.000000    2.327814    2.352928    0.976823    3.982162    3.944045    -0.000445   -0.001315   0.558466    45.569568  
[37m[36mINFO[0m[0m 09/01 03:08:16 | 0.739528    0.731707    0.000000    0.895110    0.327643    0.996466    0.798493    0.890370    0.739528    0.731707    3600        101.766784  5.615800    0.774830    0.162280    0.153117    0.153117    0.209390    2.000000    0.000016    0.000000    4.422190    1.000000    0.000000    0.000000    2.345948    2.375674    0.976862    4.048419    4.014325    0.000457    -0.000453   0.569640    46.497101  
[37m[36mINFO[0m[0m 09/01 03:10:04 | 0.716299    0.719512    0.000000    0.899448    0.339812    0.992933    0.813559    0.891852    0.716299    0.719512    3700        104.593640  5.593179    0.779517    0.168414    0.152754    0.152754    0.209495    2.000000    0.000018    0.000000    4.394670    1.000000    0.000000    0.000000    2.367519    2.404831    0.976920    4.062989    4.029941    -0.000319   -0.001041   0.563527    51.506547  
[37m[36mINFO[0m[0m 09/01 03:11:53 | 0.732292    0.730183    0.000000    0.898419    0.325493    0.992933    0.806026    0.896296    0.732292    0.730183    3800        107.420495  5.648674    0.789457    0.164245    0.156283    0.156283    0.215969    2.000000    0.000016    0.000000    4.427280    1.000000    0.000000    0.000000    2.394730    2.434494    0.977185    4.098609    4.063999    -0.000053   -0.000568   0.550633    54.270139  
[37m[36mINFO[0m[0m 09/01 03:13:37 | 0.733435    0.727134    0.000000    0.895434    0.323645    1.000000    0.800377    0.885926    0.733435    0.727134    3900        110.247350  5.651320    0.799360    0.166197    0.158270    0.158270    0.218520    2.000000    0.000016    0.000000    4.414920    1.000000    0.000000    0.000000    2.399298    2.433011    0.976827    4.152837    4.116500    -0.000107   -0.000432   0.559529    47.757132  
[37m[36mINFO[0m[0m 09/01 03:15:21 | 0.696497    0.717988    0.000000    0.897487    0.342532    0.996466    0.804143    0.891852    0.696497    0.717988    4000        113.074205  5.606966    0.776369    0.163533    0.153192    0.153192    0.209558    2.000000    0.000013    0.000000    4.411480    1.000000    0.000000    0.000000    2.420255    2.455225    0.976872    4.248046    4.206359    -0.000360   -0.000618   0.572060    46.671531  
[37m[36mINFO[0m[0m 09/01 03:17:09 | 0.709444    0.707317    0.000000    0.897889    0.307052    0.996466    0.809793    0.887407    0.709444    0.707317    4100        115.901060  5.600739    0.774232    0.157837    0.154079    0.154079    0.208349    2.000000    0.000015    0.000000    4.409809    1.000000    0.000000    0.000000    2.435665    2.475939    0.977037    4.350243    4.314342    0.000126    -0.000472   0.571657    50.864422  
[37m[36mINFO[0m[0m 09/01 03:18:58 | 0.715918    0.717988    0.000000    0.896859    0.330698    0.996466    0.802260    0.891852    0.715918    0.717988    4200        118.727915  5.601878    0.779158    0.160746    0.154585    0.154585    0.204373    2.000000    0.000014    0.000000    4.413974    1.000000    0.000000    0.000000    2.465760    2.514663    0.977526    4.437375    4.399568    0.000089    -0.000453   0.559530    53.175456  
[37m[36mINFO[0m[0m 09/01 03:20:44 | 0.747144    0.737805    0.000000    0.895512    0.346424    0.996466    0.804143    0.885926    0.747144    0.737805    4300        121.554770  5.625767    0.783781    0.166773    0.154233    0.154233    0.213594    2.000000    0.000015    0.000000    4.414798    1.000000    0.000000    0.000000    2.505809    2.555687    0.977748    4.473771    4.438163    -0.000314   -0.000697   0.549928    50.991008  
[37m[36mINFO[0m[0m 09/01 03:22:26 | 0.745621    0.736280    0.000000    0.886955    0.311426    1.000000    0.785311    0.875556    0.745621    0.736280    4400        124.381625  5.578729    0.760330    0.162179    0.149522    0.149522    0.204503    2.000000    0.000012    0.000000    4.409394    1.000000    0.000000    0.000000    2.505182    2.556700    0.977214    4.501081    4.466518    0.000094    -0.000447   0.560145    45.936423  
[37m[36mINFO[0m[0m 09/01 03:24:10 | 0.712871    0.719512    0.000000    0.896514    0.357270    1.000000    0.794727    0.894815    0.712871    0.719512    4500        127.208481  5.606177    0.781889    0.161430    0.155096    0.155096    0.205963    2.000000    0.000015    0.000000    4.412361    1.000000    0.000000    0.000000    2.536100    2.593785    0.977586    4.558546    4.525981    -0.000084   -0.000260   0.572796    46.926104  
[37m[36mINFO[0m[0m 09/01 03:25:57 | 0.685453    0.690549    0.000000    0.888289    0.354897    0.996466    0.792844    0.875556    0.685453    0.690549    4600        130.035336  5.582506    0.743355    0.153660    0.147409    0.147409    0.207934    2.000000    0.000012    0.000000    4.423283    1.000000    0.000000    0.000000    2.545222    2.596124    0.977468    4.624135    4.592497    0.000129    0.000139    0.562635    50.472753  
[37m[36mINFO[0m[0m 09/01 03:27:47 | 0.725819    0.722561    0.000000    0.880839    0.386176    0.996466    0.785311    0.860741    0.725819    0.722561    4700        132.862191  5.558250    0.745187    0.155367    0.147442    0.147442    0.202819    2.000000    0.000011    0.000000    4.407426    1.000000    0.000000    0.000000    2.549086    2.607880    0.977269    4.717086    4.679953    -0.000083   -0.000064   0.549075    55.794458  
[37m[36mINFO[0m[0m 09/01 03:29:30 | 0.765423    0.762195    0.000000    0.890588    0.330574    1.000000    0.794727    0.877037    0.765423    0.762195    4800        135.689046  5.687719    0.825823    0.168299    0.164366    0.164366    0.216102    2.000000    0.000012    0.000000    4.429691    1.000000    0.000000    0.000000    2.575546    2.644827    0.977618    4.864069    4.823753    -0.000193   -0.000140   0.558472    47.047443  
[37m[36mINFO[0m[0m 09/01 03:31:14 | 0.710586    0.705793    0.000000    0.892641    0.370027    0.996466    0.798493    0.882963    0.710586    0.705793    4900        138.515901  5.550023    0.739993    0.153967    0.146493    0.146493    0.201027    2.000000    0.000011    0.000000    4.407975    1.000000    0.000000    0.000000    2.576832    2.644982    0.977228    5.024361    4.992339    0.000105    0.000470    0.578200    45.967706  
[37m[36mINFO[0m[0m 09/01 03:33:05 | 0.767708    0.775915    0.000000    0.889538    0.344398    0.992933    0.785311    0.890370    0.767708    0.775915    5000        141.342756  5.524107    0.717261    0.151502    0.141427    0.141427    0.201760    2.000000    0.000010    0.000000    4.403326    1.000000    0.000000    0.000000    2.589671    2.655041    0.976738    5.093731    5.057319    -0.000045   0.000226    0.571743    53.139243  
[37m[36mINFO[0m[0m 09/01 03:33:05 | ---
[37m[36mINFO[0m[0m 09/01 03:33:05 | oracle = 79.665%
[37m[36mINFO[0m[0m 09/01 03:33:05 | iid = 73.610%
[37m[36mINFO[0m[0m 09/01 03:33:05 | last = 76.771%
[37m[36mINFO[0m[0m 09/01 03:33:05 | last (inD) = 88.954%
[37m[36mINFO[0m[0m 09/01 03:33:05 | iid (inD) = 90.973%
[37m[36mINFO[0m[0m 09/01 03:33:05 | === Summary ===
[37m[36mINFO[0m[0m 09/01 03:33:05 | Command: train_all.py vlcs_b5c1_lr1e3_official_align --dataset VLCS --algorithm CIPTDCCL --data_dir /home/hooasia/lgg/data/repro_dccl_data --deterministic --trial_seed 0 --seed 0 --checkpoint_freq 100 --cipt_clip_path /home/hooasia/.cache/clip/ViT-B-16.pt --cipt_beta 4 --cipt_gamma 5 --cipt_k 4 --cipt_prompt_length 16 --cipt_prompt_init a photo of a --cipt_template_mode b5c --cipt_causal_contrastive_weight 1 --cipt_contrastive_warmup_steps 500 --cipt_aug_decomp_weight 0.5 --lr 1e-3 --output_root train_output/VLCS_official_align --weight_decay 0.0
[37m[36mINFO[0m[0m 09/01 03:33:05 | Unique name: 260831_19-57-20_vlcs_b5c1_lr1e3_official_align
[37m[36mINFO[0m[0m 09/01 03:33:05 | Out path: train_output/VLCS_official_align/VLCS/260831_19-57-20_vlcs_b5c1_lr1e3_official_align
[37m[36mINFO[0m[0m 09/01 03:33:05 | Algorithm: CIPTDCCL
[37m[36mINFO[0m[0m 09/01 03:33:05 | Dataset: VLCS
+------------+---------+---------+---------+---------+---------+
| Selection  |   env0  |   env1  |   env2  |   env3  |   Avg.  |
+------------+---------+---------+---------+---------+---------+
|   oracle   | 99.117% | 71.247% | 86.783% | 79.665% | 84.203% |
|    iid     | 96.201% | 64.706% | 83.302% | 73.610% | 79.455% |
|    last    | 94.435% | 63.529% | 81.081% | 76.771% | 78.954% |
| last (inD) | 84.388% | 92.206% | 88.102% | 88.954% | 88.412% |
| iid (inD)  | 86.335% | 93.061% | 88.624% | 90.973% | 89.748% |
+------------+---------+---------+---------+---------+---------+
